url	ns	type	id	code	name	description	appCount
https://zapier.com/Search/FindManyRows	zapier.com.ai	Search	FindManyRows	find_many_rows	find_many_rows	Find up to 500 rows based on a column and value as line items.	1
https://zapier.com/Search/FindWorksheet	zapier.com.ai	Search	FindWorksheet	find_worksheet	find_worksheet	Finds a worksheet by title.	1
https://zapier.com/Search/GetDataRange	zapier.com.ai	Search	GetDataRange	get_data_range	get_data_range	Get data from a specific range in a Google Spreadsheet using A1 notation (e.g., "A1:D10", "B2:E5").	1
https://zapier.com/Search/GetManyRows	zapier.com.ai	Search	GetManyRows	get_many_rows	get_many_rows	Return up to 1,500 rows as a single JSON value or as line items.	1
https://zapier.com/Search/GetRowById	zapier.com.ai	Search	GetRowById	get_row_by_id	get_row_by_id	Get a specific spreadsheet row by its row number (ID). Row 1 is typically the header row.	1
https://zapier.com/Search/GetSpreadsheetById	zapier.com.ai	Search	GetSpreadsheetById	get_spreadsheet_by_id	get_spreadsheet_by_id	Get a specific Google Spreadsheet by its ID. Returns the raw spreadsheet data from the Google Sheets API.	1
https://zapier.com/Search/LookupRow	zapier.com.ai	Search	LookupRow	lookup_row	lookup_row	Find a specific spreadsheet row based on a column and value. If found, it returns the entire row.	1
https://zapier.com/Search/Attachment	zapier.com.ai	Search	Attachment	attachment	attachment	Retrieves a specific Gmail message attachment by Filename.	1
https://zapier.com/Search/Message	zapier.com.ai	Search	Message	message	message	Finds an email message.	1
https://zapier.com/Search/GetConversation	zapier.com.ai	Search	GetConversation	get_conversation	get_conversation	Retrieves information about a conversation (e.g., public channel, private channel, DM, or group DM).	1
https://zapier.com/Search/GetConversationMembers	zapier.com.ai	Search	GetConversationMembers	get_conversation_members	get_conversation_members	Returns a list of User IDs representing the members of a conversation (e.g., public channel, private channel, DM, or group DM).	1
https://zapier.com/Search/GetMessage	zapier.com.ai	Search	GetMessage	get_message	get_message	Gets a particular Slack message using its IDs.	1
https://zapier.com/Search/GetMessagePermalink	zapier.com.ai	Search	GetMessagePermalink	get_message_permalink	get_message_permalink	Gets the permalink for a particular Slack message.	1
https://zapier.com/Search/GetMessageReactions	zapier.com.ai	Search	GetMessageReactions	get_message_reactions	get_message_reactions	Returns a Message and its list of Reactions.	1
https://zapier.com/Search/UserByEmail	zapier.com.ai	Search	UserByEmail	user_by_email	user_by_email	Finds a user by matching against their email instead of their username.	1
https://zapier.com/Search/UserById	zapier.com.ai	Search	UserById	user_by_id	user_by_id	Finds a user by their ID.	1
https://zapier.com/Search/UserByName	zapier.com.ai	Search	UserByName	user_by_name	user_by_name	Finds a user by matching against their real name instead of their username.	1
https://zapier.com/Search/UserByUsername	zapier.com.ai	Search	UserByUsername	user_by_username	user_by_username	Finds a user by their username.	1
https://zapier.com/Search/Event	zapier.com.ai	Search	Event	event	event	Finds an event in your calendar.	1
https://zapier.com/Search/EventById	zapier.com.ai	Search	EventById	event_by_id	event_by_id	Finds a specific event by its ID in your calendar.	1
https://zapier.com/Search/EventV2	zapier.com.ai	Search	EventV2	event_v2	event_v2	Finds events in your calendar. Returns up to 25 matching events.	1
https://zapier.com/Search/FindBusyPeriods	zapier.com.ai	Search	FindBusyPeriods	find_busy_periods	find_busy_periods	Finds busy time periods in your calendar for a specific timeframe.	1
https://zapier.com/Search/FindCalendars	zapier.com.ai	Search	FindCalendars	find_calendars	find_calendars	Get comprehensive list of calendars accessible to the user with their properties and access levels. Returns up to 250 matching calendars.	1
https://zapier.com/Search/FindMultipleEvents	zapier.com.ai	Search	FindMultipleEvents	find_multiple_events	find_multiple_events	Finds multiple events in your calendar as line items. Useful for agent workflows that need to process multiple events at once.	1
https://zapier.com/Search/GetCalendarInfo	zapier.com.ai	Search	GetCalendarInfo	get_calendar_info	get_calendar_info	Retrieve calendar properties including timezone, access permissions, default settings, and metadata.	1
https://zapier.com/Search/FileOrFolderById	zapier.com.ai	Search	FileOrFolderById	file_or_folder_by_id	file_or_folder_by_id	Get a file or folder by its ID.	1
https://zapier.com/Search/FilePermissions	zapier.com.ai	Search	FilePermissions	file_permissions	file_permissions	List all users who have access to a file.	1
https://zapier.com/Search/FileV2	zapier.com.ai	Search	FileV2	file_v2	file_v2	Search for a specific file by name.	1
https://zapier.com/Search/FindMultipleFiles	zapier.com.ai	Search	FindMultipleFiles	find_multiple_files	find_multiple_files	Search for multiple files by name or within a specific folder.	1
https://zapier.com/Search/FolderV2	zapier.com.ai	Search	FolderV2	folder_v2	folder_v2	Search for a specific folder by name.	1
https://zapier.com/Search/BlockChildren	zapier.com.ai	Search	BlockChildren	block_children	block_children	Retrieves the children of a block, with any text content rendered as Markdown.	1
https://zapier.com/Search/Comments	zapier.com.ai	Search	Comments	comments	comments	Retrieves a list of un-resolved comments from a Page as line-items.	1
https://zapier.com/Search/CommentsV2	zapier.com.ai	Search	CommentsV2	comments_v2	comments_v2	Retrieves comments from a Page.	1
https://zapier.com/Search/DatabaseItem	zapier.com.ai	Search	DatabaseItem	database_item	database_item	Searches for items in a data source by its properties.	1
https://zapier.com/Search/GetBlock	zapier.com.ai	Search	GetBlock	get_block	get_block	Retrieves a block by ID.	1
https://zapier.com/Search/GetBlockChildren	zapier.com.ai	Search	GetBlockChildren	get_block_children	get_block_children	Retrieves child blocks of a parent block or page with support for pagination.	1
https://zapier.com/Search/GetPageAndChildren	zapier.com.ai	Search	GetPageAndChildren	get_page_and_children	get_page_and_children	Retrieves a page by its ID and all of its block children.	1
https://zapier.com/Search/GetPageOrDatabaseItemById	zapier.com.ai	Search	GetPageOrDatabaseItemById	get_page_or_database_item_by_id	get_page_or_database_item_by_id	Retrieves a specific page or data source item from Notion using its ID.	1
https://zapier.com/Search/PageByTitle	zapier.com.ai	Search	PageByTitle	page_by_title	page_by_title	Searches for a page by title.	1
https://zapier.com/Search/PageProperty	zapier.com.ai	Search	PageProperty	page_property	page_property	Retrieves a specific property value from a Notion page.	1
https://zapier.com/Search/QueryDatabaseAdvanced	zapier.com.ai	Search	QueryDatabaseAdvanced	query_database_advanced	query_database_advanced	Query a Notion data source with advanced filtering and sorting using JSON. Supports complex logic like AND/OR conditions, multiple sorts, and all Notion filter types.	1
https://zapier.com/Search/UserDetails	zapier.com.ai	Search	UserDetails	user_details	user_details	Retrieves user information by ID.	1
https://zapier.com/Search/User	zapier.com.ai	Search	User	user	user	Finds information about a specific user.	1
https://zapier.com/Search/CommonCrmObjectsearch	zapier.com.ai	Search	CommonCrmObjectsearch	common_crm_objectsearch	common_crm_objectSearch	Finds CRM objects by searching with filters	1
https://zapier.com/Search/Companysearch	zapier.com.ai	Search	Companysearch	companysearch	companySearch	Finds a company by searching. Deprecated, please switch to "Find Company" search for the most reliable experience with your Zap.	1
https://zapier.com/Search/CompanyCrmsearch	zapier.com.ai	Search	CompanyCrmsearch	company_crmsearch	company_crmSearch	Finds a company by searching.	1
https://zapier.com/Search/Contactsearch	zapier.com.ai	Search	Contactsearch	contactsearch	contactSearch	Finds a contact by searching.	1
https://zapier.com/Search/CustomObjectsearch	zapier.com.ai	Search	CustomObjectsearch	custom_objectsearch	custom_objectSearch	Finds a custom object by searching.	1
https://zapier.com/Search/Dealsearch	zapier.com.ai	Search	Dealsearch	dealsearch	dealSearch	Finds a deal by searching. Deprecated, please switch to "Find Deal" search for the most reliable experience with your Zap.	1
https://zapier.com/Search/DealCrmsearch	zapier.com.ai	Search	DealCrmsearch	deal_crmsearch	deal_crmSearch	Finds a deal by searching.	1
https://zapier.com/Search/FindAssociations	zapier.com.ai	Search	FindAssociations	find_associations	find_associations	Find associations between objects.	1
https://zapier.com/Search/FindContact	zapier.com.ai	Search	FindContact	find_contact	find_contact	Finds an existing contact.	1
https://zapier.com/Search/FindOwnerByEmail	zapier.com.ai	Search	FindOwnerByEmail	find_owner_by_email	find_owner_by_email	Gets an existing owner by email.	1
https://zapier.com/Search/FindPipelineStage	zapier.com.ai	Search	FindPipelineStage	find_pipeline_stage	find_pipeline_stage	Finds and retrieves CRM object pipeline stage details.	1
https://zapier.com/Search/GetDealById	zapier.com.ai	Search	GetDealById	get_deal_by_id	get_deal_by_id	Gets an existing deal by ID.	1
https://zapier.com/Search/GetOwnerById	zapier.com.ai	Search	GetOwnerById	get_owner_by_id	get_owner_by_id	Gets an existing owner by ID.	1
https://zapier.com/Search/LineItemCrmsearch	zapier.com.ai	Search	LineItemCrmsearch	line_item_crmsearch	line_item_crmSearch	Finds a line_item by searching.	1
https://zapier.com/Search/ProductCrmsearch	zapier.com.ai	Search	ProductCrmsearch	product_crmsearch	product_crmSearch	Finds a product by searching.	1
https://zapier.com/Search/Ticketsearch	zapier.com.ai	Search	Ticketsearch	ticketsearch	ticketSearch	Finds a ticket by searching.	1
https://zapier.com/Search/Campaignsearch	zapier.com.ai	Search	Campaignsearch	campaignsearch	campaignSearch	Finds an existing campaign.	1
https://zapier.com/Search/FindCustomer	zapier.com.ai	Search	FindCustomer	find_customer	find_customer	Finds a customer by an email address.	1
https://zapier.com/Search/FindTag	zapier.com.ai	Search	FindTag	find_tag	find_tag	Find a tag.	1
https://zapier.com/Search/Membersearch	zapier.com.ai	Search	Membersearch	membersearch	memberSearch	Searches for a new subscriber on your MailChimp audience.	1
https://zapier.com/Search/FindCalendarEvent	zapier.com.ai	Search	FindCalendarEvent	find_calendar_event	find_calendar_event	Finds Calendar Events in your calendar.	1
https://zapier.com/Search/FindEmail	zapier.com.ai	Search	FindEmail	find_email	find_email	Finds emails based on name.	1
https://zapier.com/Search/FindEmailsInFolder	zapier.com.ai	Search	FindEmailsInFolder	find_emails_in_folder	find_emails_in_folder	Searches for emails within a specific folder rather than across all mailboxes.	1
https://zapier.com/Search/FindGroupCalendarEvents	zapier.com.ai	Search	FindGroupCalendarEvents	find_group_calendar_events	find_group_calendar_events	Finds calendar events in a Microsoft 365 group calendar.	1
https://zapier.com/Search/GetCalendarEventsInDateRange	zapier.com.ai	Search	GetCalendarEventsInDateRange	get_calendar_events_in_date_range	get_calendar_events_in_date_range	Retrieves calendar events within a specific date range for reporting and automation.	1
https://zapier.com/Search/FindCompany	zapier.com.ai	Search	FindCompany	find_company	find_company	Finds an existing company.	1
https://zapier.com/Search/FindDeal	zapier.com.ai	Search	FindDeal	find_deal	find_deal	Finds an existing Deal.	1
https://zapier.com/Search/FindAssistant	zapier.com.ai	Search	FindAssistant	find_assistant	find_assistant	Finds an assistant by name.	1
https://zapier.com/Search/FindFile	zapier.com.ai	Search	FindFile	find_file	find_file	Finds a file by filename.	1
https://zapier.com/Search/SearchEmbeddings	zapier.com.ai	Search	SearchEmbeddings	search_embeddings	search_embeddings	This best matches a query string (like "big animal") to a list of document strings (like "mouse", "cat", "buffalo", and "blue whale").	1
https://zapier.com/Search/SearchEmbeddingsV2	zapier.com.ai	Search	SearchEmbeddingsV2	search_embeddings_v2	search_embeddings_v2	This best matches a query string (like "big animal") to a list of document strings (like "mouse", "cat", "buffalo", and "blue whale").	1
https://zapier.com/Search/AccountBalance	zapier.com.ai	Search	AccountBalance	account_balance	account_balance	Finds the account balance for your stripe account	1
https://zapier.com/Search/FindAccount	zapier.com.ai	Search	FindAccount	find_account	find_account	Finds a Stripe account by its ID.	1
https://zapier.com/Search/FindCharge	zapier.com.ai	Search	FindCharge	find_charge	find_charge	Finds an existing charge by its Stripe ID.	1
https://zapier.com/Search/FindInvoice	zapier.com.ai	Search	FindInvoice	find_invoice	find_invoice	Finds an existing invoice by its Stripe ID.	1
https://zapier.com/Search/FindPayment	zapier.com.ai	Search	FindPayment	find_payment	find_payment	Finds an existing payment intent by its Stripe ID.	1
https://zapier.com/Search/FindSubscription	zapier.com.ai	Search	FindSubscription	find_subscription	find_subscription	Finds an existing subscription.	1
https://zapier.com/Search/LookupResponses	zapier.com.ai	Search	LookupResponses	lookup_responses	lookup_responses	Looks up responses for a given criteria.	1
https://zapier.com/Search/Findmanyrecords	zapier.com.ai	Search	Findmanyrecords	findmanyrecords	findManyRecords	Return up to 100 records as line items.	1
https://zapier.com/Search/Findrecord	zapier.com.ai	Search	Findrecord	findrecord	findRecord	Find a record in a table.	1
https://zapier.com/Search/Findrecordbyid	zapier.com.ai	Search	Findrecordbyid	findrecordbyid	findRecordById	Find a specific record using its unique ID.	1
https://zapier.com/Search/Findtable	zapier.com.ai	Search	Findtable	findtable	findTable	Find tables by searching for a keyword in table name or description.	1
https://zapier.com/Search/Findtablebyid	zapier.com.ai	Search	Findtablebyid	findtablebyid	findTableById	Find a specific table using its unique ID.	1
https://zapier.com/Search/FindBase	zapier.com.ai	Search	FindBase	find_base	find_base	Find bases by searching for a keyword in the base name. Only works with 5000 or fewer bases in the account.	1
https://zapier.com/Search/GetBaseSchema	zapier.com.ai	Search	GetBaseSchema	get_base_schema	get_base_schema	Retrieve the complete schema for a base, including all tables and their field definitions.	1
https://zapier.com/Search/FindEvent	zapier.com.ai	Search	FindEvent	find_event	find_event	Finds an event based on UUID.	1
https://zapier.com/Search/FindUser	zapier.com.ai	Search	FindUser	find_user	find_user	Searches for a User by name or email.	1
https://zapier.com/Search/ActionById	zapier.com.ai	Search	ActionById	action_by_id	action_by_id	Finds a specific Trello action using its ID. This provides direct access to action details for agentic use cases.	1
https://zapier.com/Search/BoardById	zapier.com.ai	Search	BoardById	board_by_id	board_by_id	Finds a specific board using its ID. This provides direct access to board details for agentic use cases.	1
https://zapier.com/Search/BoardLabel	zapier.com.ai	Search	BoardLabel	board_label	board_label	Finds a label on a particular board by name.	1
https://zapier.com/Search/BoardList	zapier.com.ai	Search	BoardList	board_list	board_list	Finds a list on a particular board by name.	1
https://zapier.com/Search/CardAttachmentsById	zapier.com.ai	Search	CardAttachmentsById	card_attachments_by_id	card_attachments_by_id	Finds all attachments for a specific card using its ID. This provides direct access to card attachments for agentic use cases, improving performance by separating attachment fetching from the main card search.	1
https://zapier.com/Search/CardById	zapier.com.ai	Search	CardById	card_by_id	card_by_id	Finds a specific card using its ID. This provides direct access to card details with comments for agentic use cases, without the overhead of attachment processing.	1
https://zapier.com/Search/Checklist	zapier.com.ai	Search	Checklist	checklist	checklist	Finds a checklist on a particular board or card by name.	1
https://zapier.com/Search/ChecklistById	zapier.com.ai	Search	ChecklistById	checklist_by_id	checklist_by_id	Finds a specific checklist using its ID. This provides direct access to checklist details for agentic use cases.	1
https://zapier.com/Search/ChecklistItem	zapier.com.ai	Search	ChecklistItem	checklist_item	checklist_item	Finds a checklist item on a particular checklist by name.	1
https://zapier.com/Search/ChecklistItemById	zapier.com.ai	Search	ChecklistItemById	checklist_item_by_id	checklist_item_by_id	Finds a specific checklist item using its checklist ID and checklist item ID. This provides direct access to checklist item details for agentic use cases.	1
https://zapier.com/Search/LabelById	zapier.com.ai	Search	LabelById	label_by_id	label_by_id	Finds a specific label using its ID. This provides direct access to label details for agentic use cases.	1
https://zapier.com/Search/ListById	zapier.com.ai	Search	ListById	list_by_id	list_by_id	Finds a specific list using its ID. This provides direct access to list details for agentic use cases.	1
https://zapier.com/Search/MemberById	zapier.com.ai	Search	MemberById	member_by_id	member_by_id	Finds a specific member using their ID. This provides direct access to member details for agentic use cases.	1
https://zapier.com/Search/OrganizationBoard	zapier.com.ai	Search	OrganizationBoard	organization_board	organization_board	Finds a board in your Trello organization by name.	1
https://zapier.com/Search/OrganizationById	zapier.com.ai	Search	OrganizationById	organization_by_id	organization_by_id	Finds a specific organization using its ID. This provides direct access to organization details for agentic use cases.	1
https://zapier.com/Search/OrganizationCard	zapier.com.ai	Search	OrganizationCard	organization_card	organization_card	Finds a card in your Trello organization by name, given a specified board and list. Does not search archived cards.	1
https://zapier.com/Search/OrganizationCardCustomQuery	zapier.com.ai	Search	OrganizationCardCustomQuery	organization_card_custom_query	organization_card_custom_query	Search for cards using a custom Trello query string.	1
https://zapier.com/Search/OrganizationCardV2	zapier.com.ai	Search	OrganizationCardV2	organization_card_v2	organization_card_v2	Search for cards using structured search fields.	1
https://zapier.com/Search/OrganizationMember	zapier.com.ai	Search	OrganizationMember	organization_member	organization_member	Finds a member in your Trello organization by name.	1
https://zapier.com/Search/FindChannel	zapier.com.ai	Search	FindChannel	find_channel	find_channel	Find an existing channel by name.	1
https://zapier.com/Search/Document	zapier.com.ai	Search	Document	document	document	Search for a specific document by name.	1
https://zapier.com/Search/GetDocumentContent	zapier.com.ai	Search	GetDocumentContent	get_document_content	get_document_content	Retrieves the full content and metadata of a Google Doc by ID.	1
https://zapier.com/Search/FindRecord	zapier.com.ai	Search	FindRecord	find_record	find_record	Finds records based on a search value.	1
https://zapier.com/Search/FindRecords	zapier.com.ai	Search	FindRecords	find_records	find_records	Finds records based on a search value. Returns up to 1000 records.	1
https://zapier.com/Search/FindTable	zapier.com.ai	Search	FindTable	find_table	find_table	Finds a table based on an exact match.	1
https://zapier.com/Search/GetSummaryFormulaValues	zapier.com.ai	Search	GetSummaryFormulaValues	get_summary_formula_values	get_summary_formula_values	Gets all calculated Summary Formula values for a Table.	1
https://zapier.com/Search/CustomSoqlQuery	zapier.com.ai	Search	CustomSoqlQuery	custom_soql_query	custom_soql_query	Execute custom SOQL SELECT queries with support for full query control and guided aggregate functions (COUNT, SUM, AVG, MAX, MIN).	1
https://zapier.com/Search/FindChildRecords	zapier.com.ai	Search	FindChildRecords	find_child_records	find_child_records	Finds Child Records for a given Parent ID, and returns the Child records as line-items.	1
https://zapier.com/Search/FindChildRecordsV2	zapier.com.ai	Search	FindChildRecordsV2	find_child_records_v2	find_child_records_v2	Finds Child Records for a given Parent ID.	1
https://zapier.com/Search/FindRecordsByQuery	zapier.com.ai	Search	FindRecordsByQuery	find_records_by_query	find_records_by_query	Finds one or more records of a Salesforce object using a Salesforce Object Query (SOQL) WHERE clause (with line item support).	1
https://zapier.com/Search/FindRecordsByQueryV2	zapier.com.ai	Search	FindRecordsByQueryV2	find_records_by_query_v2	find_records_by_query_v2	Finds records of a Salesforce object using a Salesforce Object Query (SOQL) WHERE clause.	1
https://zapier.com/Search/FindRecordsV2	zapier.com.ai	Search	FindRecordsV2	find_records_v2	find_records_v2	Finds records of a specified Salesforce object by a field and value you choose (with line-item support).	1
https://zapier.com/Search/FindRecordByQuery	zapier.com.ai	Search	FindRecordByQuery	find_record_by_query	find_record_by_query	Finds a record of a Salesforce object using a Salesforce Object Query (SOQL) WHERE clause.	1
https://zapier.com/Search/GetRecordAttachments	zapier.com.ai	Search	GetRecordAttachments	get_record_attachments	get_record_attachments	Gets all notes and attachments for a record.	1
https://zapier.com/Search/FindItem	zapier.com.ai	Search	FindItem	find_item	find_item	Find an Item in a Collection.	1
https://zapier.com/Search/FindLiveItem	zapier.com.ai	Search	FindLiveItem	find_live_item	find_live_item	Find a Live Item in a Collection.	1
https://zapier.com/Search/FindAllTasksFromProject	zapier.com.ai	Search	FindAllTasksFromProject	find_all_tasks_from_project	find_all_tasks_from_project	Searches for all tasks in a specific project with optional filters. Returns tasks as line items, up to 500 tasks.	1
https://zapier.com/Search/FindAllTasksFromProjectV2	zapier.com.ai	Search	FindAllTasksFromProjectV2	find_all_tasks_from_project_v2	find_all_tasks_from_project_v2	Searches for all tasks in a specific project with optional filters. Returns tasks as line items, up to 500 tasks.	1
https://zapier.com/Search/FindProject	zapier.com.ai	Search	FindProject	find_project	find_project	Finds an existing project.	1
https://zapier.com/Search/FindProjectV2	zapier.com.ai	Search	FindProjectV2	find_project_v2	find_project_v2	Finds an existing project with enhanced filtering and search capabilities.	1
https://zapier.com/Search/FindSection	zapier.com.ai	Search	FindSection	find_section	find_section	Finds an existing section within a workspace project.	1
https://zapier.com/Search/FindTask2	zapier.com.ai	Search	FindTask2	find_task_2	find_task_2	Finds an existing task within a workspace project(s).	1
https://zapier.com/Search/FindTaskAttachments	zapier.com.ai	Search	FindTaskAttachments	find_task_attachments	find_task_attachments	Finds all attachments for a specific task by its ID.	1
https://zapier.com/Search/FindTaskComments	zapier.com.ai	Search	FindTaskComments	find_task_comments	find_task_comments	Finds comments for a specific task.	1
https://zapier.com/Search/FindTaskId	zapier.com.ai	Search	FindTaskId	find_task_id	find_task_id	Finds an existing task by its ID.	1
https://zapier.com/Search/FindTaskInWorkspace	zapier.com.ai	Search	FindTaskInWorkspace	find_task_in_workspace	find_task_in_workspace	Finds a task in a workspace. Supports custom fields. Available only to premium Asana users.	1
https://zapier.com/Search/FindTaskInWorkspaceV2	zapier.com.ai	Search	FindTaskInWorkspaceV2	find_task_in_workspace_v2	find_task_in_workspace_v2	Searches for tasks in a workspace using Asana's search API. Returns multiple results as returned by the API. Supports custom fields and advanced filtering. Available only to premium Asana users.	1
https://zapier.com/Search/FindTaskV3	zapier.com.ai	Search	FindTaskV3	find_task_v3	find_task_v3	Finds an existing task within a workspace project(s).	1
https://zapier.com/Search/FindUserV2	zapier.com.ai	Search	FindUserV2	find_user_v2	find_user_v2	Finds an existing user of your Asana account with enhanced search capabilities.	1
https://zapier.com/Search/FindItems	zapier.com.ai	Search	FindItems	find_items	find_items	Find items that match a specific value in a column	1
https://zapier.com/Search/FindItemsByColumnValue	zapier.com.ai	Search	FindItemsByColumnValue	find_items_by_column_value	find_items_by_column_value	Find all items that match a specific value in a selected column	1
https://zapier.com/Search/FindItemByColumnValue	zapier.com.ai	Search	FindItemByColumnValue	find_item_by_column_value	find_item_by_column_value	The column that you want to search for a specific value	1
https://zapier.com/Search/FindSubitems	zapier.com.ai	Search	FindSubitems	find_subitems	find_subitems	Finds the subitems of a specific item on the board	1
https://zapier.com/Search/FindUserByName	zapier.com.ai	Search	FindUserByName	find_user_by_name	find_user_by_name	Search for a user by name using exact matching	1
https://zapier.com/Search/GetBoardValues	zapier.com.ai	Search	GetBoardValues	get_board_values	get_board_values	Returns the data for a all columns in the specific board	1
https://zapier.com/Search/GetColumnValues	zapier.com.ai	Search	GetColumnValues	get_column_values	get_column_values	Returns the data for a specific column in the board	1
https://zapier.com/Search/GetFileValue	zapier.com.ai	Search	GetFileValue	get_file_value	get_file_value	Returns the data for a specific file column in the board	1
https://zapier.com/Search/GetGroupName	zapier.com.ai	Search	GetGroupName	get_group_name	get_group_name	Returns the group name for a specific board	1
https://zapier.com/Search/GetSubitemValues	zapier.com.ai	Search	GetSubitemValues	get_subitem_values	get_subitem_values	Returns the subitems for a specific item in the board	1
https://zapier.com/Search/GetUserDetails	zapier.com.ai	Search	GetUserDetails	get_user_details	get_user_details	Returns the details for a specific user	1
https://zapier.com/Search/FindContactTask	zapier.com.ai	Search	FindContactTask	find_contact_task	find_contact_task	Finds a contact task.	1
https://zapier.com/Search/FindDealOwner	zapier.com.ai	Search	FindDealOwner	find_deal_owner	find_deal_owner	Looks for a Deal and if found, returns the User that owns the Deal	1
https://zapier.com/Search/FindDealTask	zapier.com.ai	Search	FindDealTask	find_deal_task	find_deal_task	Finds a deal task.	1
https://zapier.com/Search/Whatsapptemplatesearch	zapier.com.ai	Search	Whatsapptemplatesearch	whatsapptemplatesearch	whatsappTemplateSearch	Search for a WhatsApp Template to use.	1
https://zapier.com/Search/Customfields	zapier.com.ai	Search	Customfields	customfields	customFields	View the Custom Fields available on tasks in a specific Team / Space / Folder / List.	1
https://zapier.com/Search/Findtask	zapier.com.ai	Search	Findtask	findtask	findTask	Find the most recent task created in Workspace/Space/Folder/List.	1
https://zapier.com/Search/Findtaskarray	zapier.com.ai	Search	Findtaskarray	findtaskarray	findTaskArray	Finds a list of all tasks created in Workspace/Space/Folder/List. Supports Custom Fields.	1
https://zapier.com/Search/Findtaskbyid	zapier.com.ai	Search	Findtaskbyid	findtaskbyid	findTaskById	Find an existing task by its ID.	1
https://zapier.com/Search/Finduser	zapier.com.ai	Search	Finduser	finduser	findUser	Find an existing user by their name or their email.	1
https://zapier.com/Search/Searchdocs	zapier.com.ai	Search	Searchdocs	searchdocs	searchDocs	Search for documents by location.	1
https://zapier.com/Search/Customer	zapier.com.ai	Search	Customer	customer	customer	Finds a customer by name or email.	1
https://zapier.com/Search/FindCustomerV2	zapier.com.ai	Search	FindCustomerV2	find_customer_v2	find_customer_v2	Finds customers by email or a search query across multiple fields.	1
https://zapier.com/Search/FindOrder	zapier.com.ai	Search	FindOrder	find_order	find_order	Finds an existing order.	1
https://zapier.com/Search/FindOrderV2	zapier.com.ai	Search	FindOrderV2	find_order_v2	find_order_v2	Finds an existing order.	1
https://zapier.com/Search/GetFulfillmentOrdersByOrderId	zapier.com.ai	Search	GetFulfillmentOrdersByOrderId	get_fulfillment_orders_by_order_id	get_fulfillment_orders_by_order_id	Gets all fulfillment orders for a given order ID.	1
https://zapier.com/Search/GetOrderById	zapier.com.ai	Search	GetOrderById	get_order_by_id	get_order_by_id	Looks up an existing order by ID.	1
https://zapier.com/Search/GetOrderByIdV2	zapier.com.ai	Search	GetOrderByIdV2	get_order_by_id_v2	get_order_by_id_v2	Looks up an existing order by ID.	1
https://zapier.com/Search/Metafields	zapier.com.ai	Search	Metafields	metafields	metafields	Searches for Metafields data for a given resource (example order Metafields).	1
https://zapier.com/Search/MetafieldsV2	zapier.com.ai	Search	MetafieldsV2	metafields_v2	metafields_v2	Searches for Metafields data for a given resource (example order Metafields).	1
https://zapier.com/Search/OrderTransactions	zapier.com.ai	Search	OrderTransactions	order_transactions	order_transactions	Finds the Transactions associated to an Order.	1
https://zapier.com/Search/Products	zapier.com.ai	Search	Products	products	products	Finds multiple Products by IDs. Returned as line items.	1
https://zapier.com/Search/ProductsByTitleLineItems	zapier.com.ai	Search	ProductsByTitleLineItems	products_by_title_line_items	products_by_title_line_items	Finds a list of products by searching the titles.	1
https://zapier.com/Search/ProductsByTitleLineItemsV2	zapier.com.ai	Search	ProductsByTitleLineItemsV2	products_by_title_line_items_v2	products_by_title_line_items_v2	Finds products by searching the titles. Returns individual products.	1
https://zapier.com/Search/ProductsV2	zapier.com.ai	Search	ProductsV2	products_v2	products_v2	Finds products by IDs. Returns individual products.	1
https://zapier.com/Search/ProductByTitleV2	zapier.com.ai	Search	ProductByTitleV2	product_by_title_v2	product_by_title_v2	Finds a product by a title search.	1
https://zapier.com/Search/ProductByTitleV3	zapier.com.ai	Search	ProductByTitleV3	product_by_title_v3	product_by_title_v3	Finds products by handle. Titles can also be used if handles are not customized.	1
https://zapier.com/Search/ProductVariantsByTitleLineItems	zapier.com.ai	Search	ProductVariantsByTitleLineItems	product_variants_by_title_line_items	product_variants_by_title_line_items	Finds a list of product variants by searching the titles.	1
https://zapier.com/Search/ProductVariantsByTitleLineItemsV2	zapier.com.ai	Search	ProductVariantsByTitleLineItemsV2	product_variants_by_title_line_items_v2	product_variants_by_title_line_items_v2	Finds product variants by searching the titles. Returns individual product variants.	1
https://zapier.com/Search/ProductVariantBySku	zapier.com.ai	Search	ProductVariantBySku	product_variant_by_sku	product_variant_by_sku	Finds a product variant by a SKU search.	1
https://zapier.com/Search/ProductVariantByTitle	zapier.com.ai	Search	ProductVariantByTitle	product_variant_by_title	product_variant_by_title	Finds a product variant by a title search.	1
https://zapier.com/Search/ProductVariantByTitleV2	zapier.com.ai	Search	ProductVariantByTitleV2	product_variant_by_title_v2	product_variant_by_title_v2	Finds product variants by a title search.	1
https://zapier.com/Search/FindCampaignById	zapier.com.ai	Search	FindCampaignById	find_campaign_by_id	find_campaign_by_id	Finds a Google Ads Campaign whose id matches the provided input.	1
https://zapier.com/Search/FindCampaignByName	zapier.com.ai	Search	FindCampaignByName	find_campaign_by_name	find_campaign_by_name	Finds a Google Ads Campaign whose names matches the provided input.	1
https://zapier.com/Search/FindCustomerList	zapier.com.ai	Search	FindCustomerList	find_customer_list	find_customer_list	Finds a customer list by name.	1
https://zapier.com/Search/Activity	zapier.com.ai	Search	Activity	activity	activity	Finds an activity by subject.	1
https://zapier.com/Search/ActivityV2	zapier.com.ai	Search	ActivityV2	activity_v2	activity_v2	Finds an activity by subject.	1
https://zapier.com/Search/ActivityV3	zapier.com.ai	Search	ActivityV3	activity_v3	activity_v3	Finds activities by subject, owner, and other criteria. Returns multiple results.	1
https://zapier.com/Search/Deal	zapier.com.ai	Search	Deal	deal	deal	Finds a deal by any field.	1
https://zapier.com/Search/Deals	zapier.com.ai	Search	Deals	deals	deals	Enter a keyword or phrase as a static value or as a dynamic value ([mapped field](https://docs.zapier.com/platform/publish/integration-checks-reference#d008-invalid-markdown-link))	1
https://zapier.com/Search/DealsByPerson	zapier.com.ai	Search	DealsByPerson	deals_by_person	deals_by_person	Finds multiple Deals associated with a Person (with line item support). 	1
https://zapier.com/Search/DealsByPersonV2	zapier.com.ai	Search	DealsByPersonV2	deals_by_person_v2	deals_by_person_v2	Finds multiple Deals associated with a Person with enhanced data (with line item support).	1
https://zapier.com/Search/DealsByPersonV3	zapier.com.ai	Search	DealsByPersonV3	deals_by_person_v3	deals_by_person_v3	Finds deals associated with a person with enhanced data.	1
https://zapier.com/Search/DealsV2	zapier.com.ai	Search	DealsV2	deals_v2	deals_v2	Enter a keyword or phrase as a static value or as a dynamic value ([mapped field](https://help.zapier.com/hc/en-us/articles/8496343026701-Send-data-between-steps-by-mapping-fields))	1
https://zapier.com/Search/DealV2	zapier.com.ai	Search	DealV2	deal_v2	deal_v2	Finds a deal by any field.	1
https://zapier.com/Search/DealV3	zapier.com.ai	Search	DealV3	deal_v3	deal_v3	Finds deals by any field.	1
https://zapier.com/Search/GetOrganization	zapier.com.ai	Search	GetOrganization	get_organization	get_organization	Retrieves detailed organization data with optional related entities. Supports line items for processing multiple organizations.	1
https://zapier.com/Search/Lead	zapier.com.ai	Search	Lead	lead	lead	Finds a lead by title or field value.	1
https://zapier.com/Search/Leads	zapier.com.ai	Search	Leads	leads	leads	Finds multiple leads based on your search criteria, only returns the Lead IDs.	1
https://zapier.com/Search/Leadsv2	zapier.com.ai	Search	Leadsv2	leadsv2	leadsV2	Finds leads based on your search criteria.	1
https://zapier.com/Search/Note	zapier.com.ai	Search	Note	note	note	Retrieves a specific note by its ID.	1
https://zapier.com/Search/Notes	zapier.com.ai	Search	Notes	notes	notes	Finds notes by Deal, Lead, Person, User, or Organization, up to 500 notes.	1
https://zapier.com/Search/Notesv2	zapier.com.ai	Search	Notesv2	notesv2	notesV2	Finds notes by Deal, Lead, Person, User, or Organization.	1
https://zapier.com/Search/Organization	zapier.com.ai	Search	Organization	organization	organization	Finds an organization.	1
https://zapier.com/Search/OrganizationV2	zapier.com.ai	Search	OrganizationV2	organization_v2	organization_v2	Finds an organization.	1
https://zapier.com/Search/OrganizationV3	zapier.com.ai	Search	OrganizationV3	organization_v3	organization_v3	Finds organizations by ID or field search.	1
https://zapier.com/Search/Person	zapier.com.ai	Search	Person	person	person	Finds a person.	1
https://zapier.com/Search/Personv2	zapier.com.ai	Search	Personv2	personv2	personV2	Finds a person.	1
https://zapier.com/Search/PersonV3	zapier.com.ai	Search	PersonV3	person_v3	person_v3	Finds persons by ID or field search.	1
https://zapier.com/Search/Product	zapier.com.ai	Search	Product	product	product	Finds a product by name.	1
https://zapier.com/Search/Productsv2	zapier.com.ai	Search	Productsv2	productsv2	productsV2	Finds a product or products by name, ID, or product code (with line item support).	1
https://zapier.com/Search/Productv2	zapier.com.ai	Search	Productv2	productv2	productV2	Finds a product by name.	1
https://zapier.com/Search/Productv3	zapier.com.ai	Search	Productv3	productv3	productV3	Finds products by name, ID, or product code.	1
https://zapier.com/Search/Project	zapier.com.ai	Search	Project	project	project	Retrieves a specific project by its ID.	1
https://zapier.com/Search/Projects	zapier.com.ai	Search	Projects	projects	projects	Finds a project or projects by title or other fields.	1
https://zapier.com/Search/ProjectV2	zapier.com.ai	Search	ProjectV2	project_v2	project_v2	Finds a project or projects by title or other fields.	1
https://zapier.com/Search/ProjectV3	zapier.com.ai	Search	ProjectV3	project_v3	project_v3	Finds multiple projects by title, description, notes, or custom fields.	1
https://zapier.com/Search/SearchTask	zapier.com.ai	Search	SearchTask	search_task	search_task	Find tasks by title, description, or other criteria.	1
https://zapier.com/Search/UserV2	zapier.com.ai	Search	UserV2	user_v2	user_v2	Find users by name, email, or ID.	1
https://zapier.com/Search/FindMeeting	zapier.com.ai	Search	FindMeeting	find_meeting	find_meeting	Finds a find meeting/webinar based on id or topic name.	1
https://zapier.com/Search/FindMeetingParticipants	zapier.com.ai	Search	FindMeetingParticipants	find_meeting_participants	find_meeting_participants	Find participants for a given meeting or webinar. Returns individual participant records.	1
https://zapier.com/Search/FindRecordingAndDownload	zapier.com.ai	Search	FindRecordingAndDownload	find_recording_and_download	find_recording_and_download	Finds a recording and downloads it.	1
https://zapier.com/Search/GetSummary	zapier.com.ai	Search	GetSummary	get_summary	get_summary	Get a meeting summary based on id.	1
https://zapier.com/Search/RetrieveMeetingParticipants	zapier.com.ai	Search	RetrieveMeetingParticipants	retrieve_meeting_participants	retrieve_meeting_participants	Retrieve the list of participants (as line items) for a given meeting or webinar, up to 3000 participants.	1
https://zapier.com/Search/FindRow	zapier.com.ai	Search	FindRow	find_row	find_row	Finds a row by a column and value. Returns the entire row if one is found.	1
https://zapier.com/Search/FindRows	zapier.com.ai	Search	FindRows	find_rows	find_rows	Finds any rows that match a specific value in a given column.	1
https://zapier.com/Search/GetCellsInRange	zapier.com.ai	Search	GetCellsInRange	get_cells_in_range	get_cells_in_range	Returns the contents of a range of cells.	1
https://zapier.com/Search/GetRow	zapier.com.ai	Search	GetRow	get_row	get_row	Returns the contents of a Row based on its ID.	1
https://zapier.com/Search/GetWorksheet	zapier.com.ai	Search	GetWorksheet	get_worksheet	get_worksheet	Returns a Worksheet metadata based on its ID.	1
https://zapier.com/Search/FindVideo	zapier.com.ai	Search	FindVideo	find_video	find_video	Search for videos on YouTube using various criteria like keywords, channel, date range, and more.	1
https://zapier.com/Search/GetReport	zapier.com.ai	Search	GetReport	get_report	get_report	Creates a report on specified data from your owned and managed channels.	1
https://zapier.com/Search/Contact	zapier.com.ai	Search	Contact	contact	contact	Finds a contact by name, email, or phone number.	1
https://zapier.com/Search/FindTask	zapier.com.ai	Search	FindTask	find_task	find_task	Searches for an incomplete task.	1
https://zapier.com/Search/GetTasksByList	zapier.com.ai	Search	GetTasksByList	get_tasks_by_list	get_tasks_by_list	List all tasks by task list, results will be in a line-item format.	1
https://zapier.com/Search/SearchSubscriberByEmail	zapier.com.ai	Search	SearchSubscriberByEmail	search_subscriber_by_email	search_subscriber_by_email	Find a Subscriber by email address	1
https://zapier.com/Search/FindGroup	zapier.com.ai	Search	FindGroup	find_group	find_group	Search for a group by name	1
https://zapier.com/Search/FindSubscriber	zapier.com.ai	Search	FindSubscriber	find_subscriber	find_subscriber	Search for a subscriber by email or name	1
https://zapier.com/Search/Subscribersearch	zapier.com.ai	Search	Subscribersearch	subscribersearch	subscriberSearch	Finds an existing confirmed subscriber by email.	1
https://zapier.com/Search/SearchCollaborators	zapier.com.ai	Search	SearchCollaborators	search_collaborators	search_collaborators	Searches for a user who is connected/shared with your account.	1
https://zapier.com/Search/Campaign	zapier.com.ai	Search	Campaign	campaign	campaign	Find a campaign by name.	1
https://zapier.com/Search/List	zapier.com.ai	Search	List	list	list	Find a list by name.	1
https://zapier.com/Search/Segment	zapier.com.ai	Search	Segment	segment	segment	Find a segment by name.	1
https://zapier.com/Search/SubscriberV3	zapier.com.ai	Search	SubscriberV3	subscriber_v3	subscriber_v3	Finds a Profile by email address or phone number. Optionally, provide a list to search within.	1
https://zapier.com/Search/Tag	zapier.com.ai	Search	Tag	tag	tag	Find a tag by name.	1
https://zapier.com/Search/GetAllValues	zapier.com.ai	Search	GetAllValues	get_all_values	get_all_values	Get all values stored.	1
https://zapier.com/Search/GetChildValue	zapier.com.ai	Search	GetChildValue	get_child_value	get_child_value	Get a child value stored at a defined key. Optionally, create a new child value if none has been stored.	1
https://zapier.com/Search/GetListValues	zapier.com.ai	Search	GetListValues	get_list_values	get_list_values	Get all values from a list and format their output as one value.	1
https://zapier.com/Search/GetMultipleValues	zapier.com.ai	Search	GetMultipleValues	get_multiple_values	get_multiple_values	Get multiple values stored at defined keys.	1
https://zapier.com/Search/GetOrSetChildValue	zapier.com.ai	Search	GetOrSetChildValue	get_or_set_child_value	get_or_set_child_value	Get a child value stored at a defined key.	1
https://zapier.com/Search/GetSecret	zapier.com.ai	Search	GetSecret	get_secret	get_secret	Get your Store secret as a value for use in a Code step. *This is an advanced action that will expose your secret. Use at your own risk.*.	1
https://zapier.com/Search/GetValue	zapier.com.ai	Search	GetValue	get_value	get_value	Get a value stored at a defined key.	1
https://zapier.com/Search/Account	zapier.com.ai	Search	Account	account	account	Find an account by name.	1
https://zapier.com/Search/Attachments	zapier.com.ai	Search	Attachments	attachments	attachments	Get attachments from a record.	1
https://zapier.com/Search/CustomerV2	zapier.com.ai	Search	CustomerV2	customer_v2	customer_v2	Find a customer by name or email address.	1
https://zapier.com/Search/Estimate	zapier.com.ai	Search	Estimate	estimate	estimate	Finds an estimate.	1
https://zapier.com/Search/FindClassV0	zapier.com.ai	Search	FindClassV0	find_class_v0	find_class_v0	Finds a class based on name or ID.	1
https://zapier.com/Search/FindCustomerByQuery	zapier.com.ai	Search	FindCustomerByQuery	find_customer_by_query	find_customer_by_query	Finds customers using custom SQL-like WHERE clause syntax for advanced querying.	1
https://zapier.com/Search/FindEmployeeV0	zapier.com.ai	Search	FindEmployeeV0	find_employee_v0	find_employee_v0	Finds an employee based on display name or ID.	1
https://zapier.com/Search/FindPaymentV0	zapier.com.ai	Search	FindPaymentV0	find_payment_v0	find_payment_v0	Finds a payment based on Id.	1
https://zapier.com/Search/FindProducts	zapier.com.ai	Search	FindProducts	find_products	find_products	Find products by names (with line item support)	1
https://zapier.com/Search/FindPurchaseExpense	zapier.com.ai	Search	FindPurchaseExpense	find_purchase_expense	find_purchase_expense	Find a purchase/expense transaction by various criteria such as vendor, date, amount, or document number.	1
https://zapier.com/Search/FindSalesReceiptV0	zapier.com.ai	Search	FindSalesReceiptV0	find_sales_receipt_v0	find_sales_receipt_v0	Finds a sales receipt by ID.	1
https://zapier.com/Search/FindSalesReceiptV2	zapier.com.ai	Search	FindSalesReceiptV2	find_sales_receipt_v2	find_sales_receipt_v2	Finds a sales receipt by ID, Customer Name or Sales Receipt Number.	1
https://zapier.com/Search/Invoice	zapier.com.ai	Search	Invoice	invoice	invoice	Find an invoice using either Invoice Number, Invoice ID or Invoice Date or Due Date.	1
https://zapier.com/Search/Vendor	zapier.com.ai	Search	Vendor	vendor	vendor	Find a vendor by name.	1
https://zapier.com/Search/AdvancedSearch	zapier.com.ai	Search	AdvancedSearch	advanced_search	advanced_search	Search for files and folders using advanced filters like file type, category, and content matching.	1
https://zapier.com/Search/Directory	zapier.com.ai	Search	Directory	directory	directory	Finds a folder by name. Make sure the number of files/folders in the watched folder does not exceed 6000.	1
https://zapier.com/Search/File	zapier.com.ai	Search	File	file	file	Search for a specific file by name. Make sure the number of files/folders in the watched folder does not exceed 6000.	1
https://zapier.com/Search/FileContents	zapier.com.ai	Search	FileContents	file_contents	file_contents	Searches for files in a folder that match a search term in the contents or name. Requires a Dropbox Business account.	1
https://zapier.com/Search/FindSharedLinks	zapier.com.ai	Search	FindSharedLinks	find_shared_links	find_shared_links	Find existing shared links for files or folders in your Dropbox.	1
https://zapier.com/Search/ListFolderContents	zapier.com.ai	Search	ListFolderContents	list_folder_contents	list_folder_contents	Lists all files and folders within a specific Dropbox folder. Make sure the number of files/folders in the watched folder does not exceed 6000.	1
https://zapier.com/Search/Appointmentfind	zapier.com.ai	Search	Appointmentfind	appointmentfind	appointmentFind	Finds an existing appointment by appointment ID.	1
https://zapier.com/Search/Appointmentsfind	zapier.com.ai	Search	Appointmentsfind	appointmentsfind	appointmentsFind	Find existing appointments from client info.	1
https://zapier.com/Search/Component	zapier.com.ai	Search	Component	component	component	Searches for a component by name.	1
https://zapier.com/Search/Issue	zapier.com.ai	Search	Issue	issue	issue	Searches for an issue by summary or key.	1
https://zapier.com/Search/IssuesByFilter	zapier.com.ai	Search	IssuesByFilter	issues_by_filter	issues_by_filter	Executes a saved Jira filter and returns the filtered issues for automated reporting and monitoring workflows.	1
https://zapier.com/Search/IssuesJql	zapier.com.ai	Search	IssuesJql	issues_jql	issues_jql	Searches for multiple issues using JQL.	1
https://zapier.com/Search/IssueJql	zapier.com.ai	Search	IssueJql	issue_jql	issue_jql	Searches for issues using JQL.	1
https://zapier.com/Search/IssueKey	zapier.com.ai	Search	IssueKey	issue_key	issue_key	Searches for an issue by key.	1
https://zapier.com/Search/JiraFilter	zapier.com.ai	Search	JiraFilter	jira_filter	jira_filter	Search for saved Jira filters by name or owner.	1
https://zapier.com/Search/Sprint	zapier.com.ai	Search	Sprint	sprint	sprint	Retrieves detailed information about a specific sprint including dates, goals, and state.	1
https://zapier.com/Search/Leadsearch	zapier.com.ai	Search	Leadsearch	leadsearch	leadSearch	Finds a lead by email address.	1
https://zapier.com/Search/SearchModuleEntry	zapier.com.ai	Search	SearchModuleEntry	search_module_entry	search_module_entry	Finds an entry in a module	1
https://zapier.com/Search/SearchModuleEntryMultiple	zapier.com.ai	Search	SearchModuleEntryMultiple	search_module_entry_multiple	search_module_entry_multiple	Finds multiple entries in a module (with line item support)	1
https://zapier.com/Search/Couponsearch	zapier.com.ai	Search	Couponsearch	couponsearch	couponSearch	Finds a Coupon by searching.	1
https://zapier.com/Search/Customersearch	zapier.com.ai	Search	Customersearch	customersearch	customerSearch	Finds a Customer by searching.	1
https://zapier.com/Search/Membershipplansearch	zapier.com.ai	Search	Membershipplansearch	membershipplansearch	membershipPlanSearch	Finds a Membership Plan by searching.	1
https://zapier.com/Search/Ordernotesearch	zapier.com.ai	Search	Ordernotesearch	ordernotesearch	orderNoteSearch	Finds an Order Note by searching.	1
https://zapier.com/Search/Ordersearch	zapier.com.ai	Search	Ordersearch	ordersearch	orderSearch	Finds an Order by searching.	1
https://zapier.com/Search/Productsearch	zapier.com.ai	Search	Productsearch	productsearch	productSearch	Finds a Product or Variation by searching.	1
https://zapier.com/Search/Subscriptionnotesearch	zapier.com.ai	Search	Subscriptionnotesearch	subscriptionnotesearch	subscriptionNoteSearch	Finds a Subscription Note by searching.	1
https://zapier.com/Search/Subscriptionsearch	zapier.com.ai	Search	Subscriptionsearch	subscriptionsearch	subscriptionSearch	Finds a Subscription by searching.	1
https://zapier.com/Search/Usermembershipsearch	zapier.com.ai	Search	Usermembershipsearch	usermembershipsearch	userMembershipSearch	Finds a User Membership by searching.	1
https://zapier.com/Search/CreditNoteSearch	zapier.com.ai	Search	CreditNoteSearch	credit_note_search	credit_note_search	Finds a credit note by number or reference and retrieves its PDF.	1
https://zapier.com/Search/FindEmployee	zapier.com.ai	Search	FindEmployee	find_employee	find_employee	Finds an employee based on email.	1
https://zapier.com/Search/FindInvoiceById	zapier.com.ai	Search	FindInvoiceById	find_invoice_by_id	find_invoice_by_id	Find a specific invoice using its unique Invoice ID.	1
https://zapier.com/Search/FindPurchaseOrder	zapier.com.ai	Search	FindPurchaseOrder	find_purchase_order	find_purchase_order	Finds a Purchase Order	1
https://zapier.com/Search/FindQuote	zapier.com.ai	Search	FindQuote	find_quote	find_quote	Finds quotes by contact ID.	1
https://zapier.com/Search/InvoiceHistory	zapier.com.ai	Search	InvoiceHistory	invoice_history	invoice_history	Returns a list of History Records for a given Invoice ID.	1
https://zapier.com/Search/InvoiceV2	zapier.com.ai	Search	InvoiceV2	invoice_v2	invoice_v2	Finds an invoice by number or reference.	1
https://zapier.com/Search/Item	zapier.com.ai	Search	Item	item	item	Finds an item by name or code.	1
https://zapier.com/Search/Payment	zapier.com.ai	Search	Payment	payment	payment	Finds a payment by ID or reference.	1
https://zapier.com/Search/CustomerById	zapier.com.ai	Search	CustomerById	customer_by_id	customer_by_id	Finds a customer based on their unique Square ID.	1
https://zapier.com/Search/FindAppointmentServices	zapier.com.ai	Search	FindAppointmentServices	find_appointment_services	find_appointment_services	Finds a service.	1
https://zapier.com/Search/Order	zapier.com.ai	Search	Order	order	order	Finds an order based on customer, fulfillment status, or order state.	1
https://zapier.com/Search/CurrentWeather	zapier.com.ai	Search	CurrentWeather	current_weather	current_weather	Gets the current weather conditions for a location.	1
https://zapier.com/Search/TomorrowForecast	zapier.com.ai	Search	TomorrowForecast	tomorrow_forecast	tomorrow_forecast	Gets tomorrow's forecasted weather conditions for a location.	1
https://zapier.com/Search/GetChannel	zapier.com.ai	Search	GetChannel	get_channel	get_channel	Finds a channel by its ID within a specified team and returns the channel details.	1
https://zapier.com/Search/GetChannelMessage	zapier.com.ai	Search	GetChannelMessage	get_channel_message	get_channel_message	Finds a channel message by its ID within a specified team and channel and returns the message details including any attachments.	1
https://zapier.com/Search/GetChat	zapier.com.ai	Search	GetChat	get_chat	get_chat	Finds a chat by its ID and returns the chat details including the member list.	1
https://zapier.com/Search/GetChatMessage	zapier.com.ai	Search	GetChatMessage	get_chat_message	get_chat_message	Finds a chat message by its ID within a specified chat and returns the message details including any attachments.	1
https://zapier.com/Search/SearchMember	zapier.com.ai	Search	SearchMember	search_member	search_member	Finds a team member by name or email.	1
https://zapier.com/Search/SearchPublicChannel	zapier.com.ai	Search	SearchPublicChannel	search_public_channel	search_public_channel	Finds public channels by name within a team.	1
https://zapier.com/Search/Charge	zapier.com.ai	Search	Charge	charge	charge	Finds an existing charge by its Stripe ID.	1
https://zapier.com/Search/Post	zapier.com.ai	Search	Post	post	post	Finds a post.	1
https://zapier.com/Search/SearchUser	zapier.com.ai	Search	SearchUser	search_user	search_user	Finds a user with a default user role. Does not search users with custom roles created by plugins.	1
https://zapier.com/Search/Agent	zapier.com.ai	Search	Agent	agent	agent	Finds an existing agent.	1
https://zapier.com/Search/AllComments	zapier.com.ai	Search	AllComments	all_comments	all_comments	Finds all comments on a ticket.	1
https://zapier.com/Search/FindTickets	zapier.com.ai	Search	FindTickets	find_tickets	find_tickets	Finds an existing ticket. With line item support for multiple tickets resulting from a query.	1
https://zapier.com/Search/FindTicketsV2	zapier.com.ai	Search	FindTicketsV2	find_tickets_v2	find_tickets_v2	Finds existing tickets. Returns multiple results as individual items.	1
https://zapier.com/Search/Group	zapier.com.ai	Search	Group	group	group	Finds an existing group.	1
https://zapier.com/Search/LatestComment	zapier.com.ai	Search	LatestComment	latest_comment	latest_comment	Finds the latest comment on a ticket.	1
https://zapier.com/Search/Ticket	zapier.com.ai	Search	Ticket	ticket	ticket	Finds an existing ticket.	1
https://zapier.com/Search/LookupList	zapier.com.ai	Search	LookupList	lookup_list	lookup_list	Searches for a list with a specified name.	1
https://zapier.com/Search/LookupTask	zapier.com.ai	Search	LookupTask	lookup_task	lookup_task	Searches a list for a task.	1
https://zapier.com/Search/FindConsumer	zapier.com.ai	Search	FindConsumer	find_consumer	find_consumer	Finds the user by email.	1
https://zapier.com/Search/FindConsumers	zapier.com.ai	Search	FindConsumers	find_consumers	find_consumers	Finds users for the Interface matching the query.	1
https://zapier.com/Search/App	zapier.com.ai	Search	App	app	app	Searches for a public App on Zapier	1
https://zapier.com/Search/Zap	zapier.com.ai	Search	Zap	zap	zap	Searches for a Zap in your account.	1
https://zapier.com/Search/FindActivity	zapier.com.ai	Search	FindActivity	find_activity	find_activity	Finds one of your activities based on the ID or Name. Useful for getting activity updates as well as kudos and segment information.	1
https://zapier.com/Search/OrderById	zapier.com.ai	Search	OrderById	order_by_id	order_by_id	Finds a order by ID.	1
https://zapier.com/Search/UserByCuf	zapier.com.ai	Search	UserByCuf	user_by_cuf	user_by_cuf	Finds a user by custom field.	1
https://zapier.com/Search/FindDocument	zapier.com.ai	Search	FindDocument	find_document	find_document	Find a document by name, status, and other parameters.	1
https://zapier.com/Search/GetAttachments	zapier.com.ai	Search	GetAttachments	get_attachments	get_attachments	Get files attached to a document.	1
https://zapier.com/Search/GetDocumentById	zapier.com.ai	Search	GetDocumentById	get_document_by_id	get_document_by_id	Get detailed data about a document.	1
https://zapier.com/Search/FindEnvelopeCustomFields	zapier.com.ai	Search	FindEnvelopeCustomFields	find_envelope_custom_fields	find_envelope_custom_fields	Retrieves custom fields (text and list fields) for a specific envelope by ID. Use this search when you need to fetch custom field data without triggering hydration timeouts in your trigger steps.	1
https://zapier.com/Search/FindEnvelopeDocumentsList	zapier.com.ai	Search	FindEnvelopeDocumentsList	find_envelope_documents_list	find_envelope_documents_list	Retrieves a list of documents associated with an envelope by ID, with downloadable file URLs. Use this search when you need to fetch document metadata and download links without triggering hydration timeouts in your trigger steps.	1
https://zapier.com/Search/FindEnvelopeFormData	zapier.com.ai	Search	FindEnvelopeFormData	find_envelope_form_data	find_envelope_form_data	Retrieves form field data for a specific envelope by ID. Use this search when you need to fetch form data without triggering hydration timeouts in your trigger steps. Note: The "Allow sender to download form data" setting must be enabled in DocuSign (https://admin.docusign.com/sending-settings).	1
https://zapier.com/Search/FindEnvelopeInfo	zapier.com.ai	Search	FindEnvelopeInfo	find_envelope_info	find_envelope_info	Retrieves metadata and timing information for a specific envelope by ID, including email subject/message, timestamps, and status. Use this search when you need to fetch envelope information without triggering hydration timeouts in your trigger steps.	1
https://zapier.com/Search/FindEnvelopeRecipients	zapier.com.ai	Search	FindEnvelopeRecipients	find_envelope_recipients	find_envelope_recipients	Retrieves all recipients (signers, agents, editors, carbon copies, etc.) for a specific envelope by ID. Use this search when you need to fetch recipient data without triggering hydration timeouts in your trigger steps.	1
https://zapier.com/Search/IamFindMaestroWorkflow	zapier.com.ai	Search	IamFindMaestroWorkflow	iam_find_maestro_workflow	iam_find_maestro_workflow	Finds Maestro workflows that match the search criteria. Only available for Docusign IAM Plans.	1
https://zapier.com/Search/IamFindNavigatorAgreement	zapier.com.ai	Search	IamFindNavigatorAgreement	iam_find_navigator_agreement	iam_find_navigator_agreement	Finds Navigator agreements that match the search criteria. Only available for Docusign IAM Plans.	1
https://zapier.com/Search/IamFindWorkflowInstance	zapier.com.ai	Search	IamFindWorkflowInstance	iam_find_workflow_instance	iam_find_workflow_instance	Finds Maestro workflow instances for a specific workflow. Only available for Docusign IAM Plans.	1
https://zapier.com/Search/NumberOfLeads	zapier.com.ai	Search	NumberOfLeads	number_of_leads	number_of_leads	Find the total number of leads in a given query.	1
https://zapier.com/Search/SearchCall	zapier.com.ai	Search	SearchCall	search_call	search_call	Find an existing call.	1
https://zapier.com/Search/SearchConnectedAccount	zapier.com.ai	Search	SearchConnectedAccount	search_connected_account	search_connected_account	Find a Connected Account you can use to send emails.	1
https://zapier.com/Search/SearchContact	zapier.com.ai	Search	SearchContact	search_contact	search_contact	Finds an existing contact.	1
https://zapier.com/Search/SearchContactsV2	zapier.com.ai	Search	SearchContactsV2	search_contacts_v2	search_contacts_v2	Find existing Contacts.	1
https://zapier.com/Search/SearchCustomActivity	zapier.com.ai	Search	SearchCustomActivity	search_custom_activity	search_custom_activity	Finds an existing Custom Activity.	1
https://zapier.com/Search/SearchCustomObject	zapier.com.ai	Search	SearchCustomObject	search_custom_object	search_custom_object	Finds an existing Custom Object.	1
https://zapier.com/Search/SearchCustomObjects	zapier.com.ai	Search	SearchCustomObjects	search_custom_objects	search_custom_objects	Find an existing Custom Objects.	1
https://zapier.com/Search/SearchGroup	zapier.com.ai	Search	SearchGroup	search_group	search_group	Find an existing Group.	1
https://zapier.com/Search/SearchLeadV3	zapier.com.ai	Search	SearchLeadV3	search_lead_v3	search_lead_v3	Find an existing lead.	1
https://zapier.com/Search/SearchLeadV4	zapier.com.ai	Search	SearchLeadV4	search_lead_v4	search_lead_v4	Find an existing lead.	1
https://zapier.com/Search/SearchLeadV5	zapier.com.ai	Search	SearchLeadV5	search_lead_v5	search_lead_v5	Find an existing lead.	1
https://zapier.com/Search/SearchLeadV6	zapier.com.ai	Search	SearchLeadV6	search_lead_v6	search_lead_v6	Find an existing lead.	1
https://zapier.com/Search/SearchMeetings	zapier.com.ai	Search	SearchMeetings	search_meetings	search_meetings	Find existing Meetings.	1
https://zapier.com/Search/SearchNote	zapier.com.ai	Search	SearchNote	search_note	search_note	Find an existing note.	1
https://zapier.com/Search/SearchNoteV2	zapier.com.ai	Search	SearchNoteV2	search_note_v2	search_note_v2	Find an existing note.	1
https://zapier.com/Search/SearchOpportunity	zapier.com.ai	Search	SearchOpportunity	search_opportunity	search_opportunity	Find an existing opportunity.	1
https://zapier.com/Search/SearchOpportunityV2	zapier.com.ai	Search	SearchOpportunityV2	search_opportunity_v2	search_opportunity_v2	Find an existing opportunity.	1
https://zapier.com/Search/SearchOpportunityV3	zapier.com.ai	Search	SearchOpportunityV3	search_opportunity_v3	search_opportunity_v3	Find an existing Opportunity.	1
https://zapier.com/Search/SearchSequenceSubscription	zapier.com.ai	Search	SearchSequenceSubscription	search_sequence_subscription	search_sequence_subscription	Find an existing workflow subscription.	1
https://zapier.com/Search/SearchUserV2	zapier.com.ai	Search	SearchUserV2	search_user_v2	search_user_v2	Find an existing Close user.	1
https://zapier.com/Search/SearchWhatsappMessages	zapier.com.ai	Search	SearchWhatsappMessages	search_whatsapp_messages	search_whatsapp_messages	Find existing WhatsApp Messages.	1
https://zapier.com/Search/Eventsearch	zapier.com.ai	Search	Eventsearch	eventsearch	eventSearch	Finds an event within an organization.	1
https://zapier.com/Search/FindAttendee	zapier.com.ai	Search	FindAttendee	find_attendee	find_attendee	Finds an attendee by Attendee Id.	1
https://zapier.com/Search/FindCompanyV2	zapier.com.ai	Search	FindCompanyV2	find_company_v2	find_company_v2	Finds an existing company.	1
https://zapier.com/Search/FindConversation	zapier.com.ai	Search	FindConversation	find_conversation	find_conversation	Search for conversations using various criteria.	1
https://zapier.com/Search/FindLead	zapier.com.ai	Search	FindLead	find_lead	find_lead	Finds an existing Lead.	1
https://zapier.com/Search/FindTicket	zapier.com.ai	Search	FindTicket	find_ticket	find_ticket	Search for tickets using various criteria.	1
https://zapier.com/Search/RetrieveConversation	zapier.com.ai	Search	RetrieveConversation	retrieve_conversation	retrieve_conversation	Retrieves a specific conversation by ID, including conversation parts.	1
https://zapier.com/Search/GetCallRecordings	zapier.com.ai	Search	GetCallRecordings	get_call_recordings	get_call_recordings	Retrieve a list of recordings associated with a specific call. The results are sorted chronologically, with the oldest recording segment appearing first in the list.	1
https://zapier.com/Search/GetCallSummary	zapier.com.ai	Search	GetCallSummary	get_call_summary	get_call_summary	Retrieve an AI-generated summary of a specific call identified by its unique call ID. Call summaries are only available on Quo Business plan or higher.	1
https://zapier.com/Search/GetCallTranscription	zapier.com.ai	Search	GetCallTranscription	get_call_transcription	get_call_transcription	Retrieve a detailed transcript of a specific call identified by its unique call ID. Call transcripts are only available on Quo Business plan and higher.	1
https://zapier.com/Search/ListCalls	zapier.com.ai	Search	ListCalls	list_calls	list_calls	Fetch a paginated list of calls associated with a specific Quo number and another number.	1
https://zapier.com/Search/ListConversations	zapier.com.ai	Search	ListConversations	list_conversations	list_conversations	Fetch a paginated list of conversations of Quo conversations. Can be filtered by user and/or phone numbers. Defaults to all conversations in the Quo organization. Results are returned in descending order based on the most recent conversation.	1
https://zapier.com/Search/ListMessages	zapier.com.ai	Search	ListMessages	list_messages	list_messages	Retrieve a chronological list of messages exchanged between your Quo number and specified participants, with support for filtering and pagination.	1
https://zapier.com/Search/PoneNumbers	zapier.com.ai	Search	PoneNumbers	pone_numbers	pone_numbers	Retrieve the list of phone numbers and users associated with your Quo workspace.	1
https://zapier.com/Search/FindMember	zapier.com.ai	Search	FindMember	find_member	find_member	Find a member using email	1
https://zapier.com/Search/HasMemberTag	zapier.com.ai	Search	HasMemberTag	has_member_tag	has_member_tag	Verify that a member has a specific member tag assigned to them on your community.	1
https://zapier.com/Search/IsMemberInSpace	zapier.com.ai	Search	IsMemberInSpace	is_member_in_space	is_member_in_space	Verify that a member belongs to a specific space on your community.	1
https://zapier.com/Search/IsMemberInSpaceGroup	zapier.com.ai	Search	IsMemberInSpaceGroup	is_member_in_space_group	is_member_in_space_group	Verify that a member belongs to a specific space group on your community.	1
https://zapier.com/Search/UsersList	zapier.com.ai	Search	UsersList	users_list	users_list	Triggers when searching for users in Thinkific by ID or email.	1
https://zapier.com/Search/FindAd	zapier.com.ai	Search	FindAd	find_ad	find_ad	Find Ad based on name.	1
https://zapier.com/Search/Drivebyid	zapier.com.ai	Search	Drivebyid	drivebyid	driveById	Find a specific drive using its unique ID.	1
https://zapier.com/Search/Filebyid	zapier.com.ai	Search	Filebyid	filebyid	fileById	Find a specific file or folder using its unique ID.	1
https://zapier.com/Search/Folder	zapier.com.ai	Search	Folder	folder	folder	Search for folders in OneDrive by name and metadata.	1
https://zapier.com/Search/FindContactProfile	zapier.com.ai	Search	FindContactProfile	find_contact_profile	find_contact_profile	Find a Contact Profile by exact match Email.	1
https://zapier.com/Search/GetDocument	zapier.com.ai	Search	GetDocument	get_document	get_document	Gets an entry document.	1
https://zapier.com/Search/GetEntry	zapier.com.ai	Search	GetEntry	get_entry	get_entry	Gets a specified entry.	1
https://zapier.com/Search/GetFormEntries	zapier.com.ai	Search	GetFormEntries	get_form_entries	get_form_entries	Retrieves entries from a form using a specific entry view via OData.	1
https://zapier.com/Search/Branch	zapier.com.ai	Search	Branch	branch	branch	Finds a branch in a GitHub repository by name, or lists all branches.	1
https://zapier.com/Search/Members	zapier.com.ai	Search	Members	members	members	Finds a specific members.	1
https://zapier.com/Search/RepositoryV2	zapier.com.ai	Search	RepositoryV2	repository_v2	repository_v2	Find a specific repository	1
https://zapier.com/Search/RepoIssue	zapier.com.ai	Search	RepoIssue	repo_issue	repo_issue	Finds a specific repo issue.	1
https://zapier.com/Search/RepoPull	zapier.com.ai	Search	RepoPull	repo_pull	repo_pull	Finds a specific repo pull.	1
https://zapier.com/Search/SoldProductsearch	zapier.com.ai	Search	SoldProductsearch	sold_productsearch	sold_productSearch	Finds an existing product or service by name.	1
https://zapier.com/Search/Client	zapier.com.ai	Search	Client	client	client	Finds a client by name.	1
https://zapier.com/Search/Task	zapier.com.ai	Search	Task	task	task	Finds a task by name.	1
https://zapier.com/Search/TimeEntry	zapier.com.ai	Search	TimeEntry	time_entry	time_entry	Finds a time entry by description.	1
https://zapier.com/Search/Clientsearch	zapier.com.ai	Search	Clientsearch	clientsearch	clientSearch	Finds the client that aligns most closely with the search criteria.	1
https://zapier.com/Search/FindAttachment	zapier.com.ai	Search	FindAttachment	find_attachment	FIND_ATTACHMENT	Find an attachment by row ID.	1
https://zapier.com/Search/FindSheetRow	zapier.com.ai	Search	FindSheetRow	find_sheet_row	FIND_SHEET_ROW	Find Sheet Row	1
https://zapier.com/Search/ClicksendSearchlists	zapier.com.ai	Search	ClicksendSearchlists	clicksend_searchlists	clicksend_searchlists	Search for a contact list based on name.	1
https://zapier.com/Search/ClicksendSearchContactByEmail	zapier.com.ai	Search	ClicksendSearchContactByEmail	clicksend_search_contact_by_email	clicksend_search_contact_by_email	Find a contact in a contact list based on email address.	1
https://zapier.com/Search/ClicksendSearchContactByPhone	zapier.com.ai	Search	ClicksendSearchContactByPhone	clicksend_search_contact_by_phone	clicksend_search_contact_by_phone	Find a contact in a contact list based on phone number.	1
https://zapier.com/Search/Digest	zapier.com.ai	Search	Digest	digest	digest	Looks up a digest, and returns its current content.	1
https://zapier.com/Search/FolderContents	zapier.com.ai	Search	FolderContents	folder_contents	folder_contents	Retrieves all files and subfolders within a specified SharePoint folder with optional detailed metadata.	1
https://zapier.com/Search/SiteInformation	zapier.com.ai	Search	SiteInformation	site_information	site_information	Retrieves basic site metadata including ID, title, description, and URL.	1
https://zapier.com/Search/FindRecentMeeting	zapier.com.ai	Search	FindRecentMeeting	find_recent_meeting	find_recent_meeting	Gets the most recent user meeting	1
https://zapier.com/Search/GetMeeting	zapier.com.ai	Search	GetMeeting	get_meeting	get_meeting	Finds a specific user meeting	1
https://zapier.com/Search/SearchMeeting	zapier.com.ai	Search	SearchMeeting	search_meeting	search_meeting	Searches a Meeting based on provided parameters.	1
https://zapier.com/Search/Findcontact	zapier.com.ai	Search	Findcontact	findcontact	findContact	Find a Contact.	1
https://zapier.com/Search/FindPresentation	zapier.com.ai	Search	FindPresentation	find_presentation	find_presentation	Finds an existing presentation.	1
https://zapier.com/Search/Listallautomationjourneys	zapier.com.ai	Search	Listallautomationjourneys	listallautomationjourneys	listAllAutomationJourneys	Returns a list of all automation journeys for a specific automation. This will include the status of the journey, the start time, and the completion time.	1
https://zapier.com/Search/Listallautomations	zapier.com.ai	Search	Listallautomations	listallautomations	listAllAutomations	Returns a list of all automations.	1
https://zapier.com/Search/Listallcustomfields	zapier.com.ai	Search	Listallcustomfields	listallcustomfields	listAllCustomFields	Returns a list of custom fields.	1
https://zapier.com/Search/Listsegmentmembers	zapier.com.ai	Search	Listsegmentmembers	listsegmentmembers	listSegmentMembers	Return a list of members from a specific segment.	1
https://zapier.com/Search/Publicationsget	zapier.com.ai	Search	Publicationsget	publicationsget	Publicationsget	Returns a list of publications with their publication IDs.	1
https://zapier.com/Search/Publicationspublicationidemailblastsget	zapier.com.ai	Search	Publicationspublicationidemailblastsget	publicationspublicationidemailblastsget	PublicationsPublicationIdEmailBlastsget	Returns a list of email blasts.	1
https://zapier.com/Search/Publicationspublicationidpostsget	zapier.com.ai	Search	Publicationspublicationidpostsget	publicationspublicationidpostsget	PublicationsPublicationIdPostsget	Returns a list of posts for a particular publication.	1
https://zapier.com/Search/Publicationspublicationidreferralprogramget	zapier.com.ai	Search	Publicationspublicationidreferralprogramget	publicationspublicationidreferralprogramget	PublicationsPublicationIdReferralProgramget	Retrieve details about the publication's referral program, including milestones and rewards.	1
https://zapier.com/Search/Publicationspublicationidsegmentsget	zapier.com.ai	Search	Publicationspublicationidsegmentsget	publicationspublicationidsegmentsget	PublicationsPublicationIdSegmentsget	Return a list of segments from a publication.	1
https://zapier.com/Search/Publicationspublicationidsubscriptionsget	zapier.com.ai	Search	Publicationspublicationidsubscriptionsget	publicationspublicationidsubscriptionsget	PublicationsPublicationIdSubscriptionsget	Retrieve all subscriptions belonging to a specific publication.	1
https://zapier.com/Search/Viewautomation	zapier.com.ai	Search	Viewautomation	viewautomation	viewAutomation	Views the details of a single automation.	1
https://zapier.com/Search/Viewautomationjourney	zapier.com.ai	Search	Viewautomationjourney	viewautomationjourney	viewAutomationJourney	Views the details of a single automation journey.	1
https://zapier.com/Search/Viewcustomfield	zapier.com.ai	Search	Viewcustomfield	viewcustomfield	viewCustomField	Views the details of a single custom field.	1
https://zapier.com/Search/Viewpost	zapier.com.ai	Search	Viewpost	viewpost	viewPost	View the details of a single post.	1
https://zapier.com/Search/Viewpublication	zapier.com.ai	Search	Viewpublication	viewpublication	viewPublication	Retrieve the details of a single publication.	1
https://zapier.com/Search/Viewsegment	zapier.com.ai	Search	Viewsegment	viewsegment	viewSegment	Shows the details of a single segment.	1
https://zapier.com/Search/Viewsubscriberbysubscriberemail	zapier.com.ai	Search	Viewsubscriberbysubscriberemail	viewsubscriberbysubscriberemail	viewSubscriberBySubscriberEmail	Shows the details of a single subscriber using their email address.	1
https://zapier.com/Search/Viewsubscriberbysubscriptionid	zapier.com.ai	Search	Viewsubscriberbysubscriptionid	viewsubscriberbysubscriptionid	viewSubscriberBySubscriptionID	Shows the details of a single subscriber.	1
https://zapier.com/Search/StudentSearch	zapier.com.ai	Search	StudentSearch	student_search	student_search	Find a given student through their email address.	1
https://zapier.com/Search/Findclient	zapier.com.ai	Search	Findclient	findclient	findClient	Locate a client by email.	1
https://zapier.com/Search/Entry	zapier.com.ai	Search	Entry	entry	entry	Find a form submission by a field and its value.	1
https://zapier.com/Search/FindCollector	zapier.com.ai	Search	FindCollector	find_collector	find_collector	Find a collector for one of your surveys.	1
https://zapier.com/Search/FindContacts	zapier.com.ai	Search	FindContacts	find_contacts	find_contacts	Find one of your address book contacts.	1
https://zapier.com/Search/FindSurvey	zapier.com.ai	Search	FindSurvey	find_survey	find_survey	Find one of your surveys.	1
https://zapier.com/Search/SearchAuthorizedPayment	zapier.com.ai	Search	SearchAuthorizedPayment	search_authorized_payment	search_authorized_payment	Search for an authorized payment by ID.	1
https://zapier.com/Search/SearchCapturedPayment	zapier.com.ai	Search	SearchCapturedPayment	search_captured_payment	search_captured_payment	Search for a captured payment by ID.	1
https://zapier.com/Search/SearchInvoice	zapier.com.ai	Search	SearchInvoice	search_invoice	search_invoice	Search for an invoice by ID.	1
https://zapier.com/Search/SearchOrder	zapier.com.ai	Search	SearchOrder	search_order	search_order	Search for an order by ID.	1
https://zapier.com/Search/SearchPlan	zapier.com.ai	Search	SearchPlan	search_plan	search_plan	Search for a plan by ID.	1
https://zapier.com/Search/SearchProduct	zapier.com.ai	Search	SearchProduct	search_product	search_product	Search for a product by ID.	1
https://zapier.com/Search/SearchRefund	zapier.com.ai	Search	SearchRefund	search_refund	search_refund	Search for a refund by ID.	1
https://zapier.com/Search/SearchSubscription	zapier.com.ai	Search	SearchSubscription	search_subscription	search_subscription	Search for a billing subscription by ID.	1
https://zapier.com/Search/FindTicketById	zapier.com.ai	Search	FindTicketById	find_ticket_by_id	find_ticket_by_id	Find a ticket by ID.	1
https://zapier.com/Search/FindTodo	zapier.com.ai	Search	FindTodo	find_todo	find_todo	Finds an existing to-do in a to-do list.	1
https://zapier.com/Search/TodoList	zapier.com.ai	Search	TodoList	todo_list	todo_list	Finds a to-do list by name.	1
https://zapier.com/Search/SearchContactByEmailOrId	zapier.com.ai	Search	SearchContactByEmailOrId	search_contact_by_email_or_id	search_contact_by_email_or_id	Search for contacts using the Contact's ID or email address without creating a new contact if it doesn't exist yet.	1
https://zapier.com/Search/UpsertContactByEmail	zapier.com.ai	Search	UpsertContactByEmail	upsert_contact_by_email	upsert_contact_by_email	Finds and updates an existing Contact or Creates one by email address.
      For existing Contacts, it only updates present fields that have non-empty values so you won't
      empty existing data. Currently, a contact is always created if missing, Zapier's checkbox
      "Create ClickFunnels Contact if it doesn't exist yet?" is ignored when checked off. If you
      would like a contact not to be created, you can use an additional "Search Contacts by Email or ID" 
      search step to:	1
https://zapier.com/Search/FindCampaign	zapier.com.ai	Search	FindCampaign	find_campaign	find_campaign	Finds an existing list.	1
https://zapier.com/Search/Row	zapier.com.ai	Search	Row	row	row	Finds a row in a table via a lookup column.	1
https://zapier.com/Search/RowsCustomQuery	zapier.com.ai	Search	RowsCustomQuery	rows_custom_query	rows_custom_query	Finds multiple rows in a table via a custom query you control.	1
https://zapier.com/Search/RowCustomQuery	zapier.com.ai	Search	RowCustomQuery	row_custom_query	row_custom_query	Finds a row in a table via a custom query you control.	1
https://zapier.com/Search/FindBill	zapier.com.ai	Search	FindBill	find_bill	find_bill	Finds a Bill by Client ID, Matter ID or Invoice number.	1
https://zapier.com/Search/FindCompanyContact	zapier.com.ai	Search	FindCompanyContact	find_company_contact	find_company_contact	Find a company contact by ID, name, title, email address, address, phone number, web site, instant messenger, custom fields, related matter name, or company name matching a given string.	1
https://zapier.com/Search/FindContactByCustomField	zapier.com.ai	Search	FindContactByCustomField	find_contact_by_custom_field	find_contact_by_custom_field	Find newest contact by custom field.	1
https://zapier.com/Search/FindMatter	zapier.com.ai	Search	FindMatter	find_matter	find_matter	Find a matter by number, display number, description, or client name.	1
https://zapier.com/Search/FindMatterByContactEmail	zapier.com.ai	Search	FindMatterByContactEmail	find_matter_by_contact_email	find_matter_by_contact_email	Find newest matter by client email.	1
https://zapier.com/Search/FindMatterByCustomField	zapier.com.ai	Search	FindMatterByCustomField	find_matter_by_custom_field	find_matter_by_custom_field	Find newest matter by custom field.	1
https://zapier.com/Search/FindPersonContact	zapier.com.ai	Search	FindPersonContact	find_person_contact	find_person_contact	Find a person contact by ID, name, title, email address, address, phone number, web site, instant messenger, custom fields, related matter name, or company name matching a given string.	1
https://zapier.com/Search/FindListEntry	zapier.com.ai	Search	FindListEntry	find_list_entry	find_list_entry	Finds entries in a list by list attributes. This will return the entries and their parent record data if 1 or more matches exist. If no matches are found, this will return an empty array.	1
https://zapier.com/Search/ListByName	zapier.com.ai	Search	ListByName	list_by_name	list_by_name	Find a list by name.	1
https://zapier.com/Search/Bark	zapier.com.ai	Search	Bark	bark	bark	Retrieve the latest details on a Bark by its ID.	1
https://zapier.com/Search/CreditBalance	zapier.com.ai	Search	CreditBalance	credit_balance	credit_balance	Returns the number of credits you have available	1
https://zapier.com/Search/PurchasedBark	zapier.com.ai	Search	PurchasedBark	purchased_bark	purchased_bark	Retrieve latest details on a Bark that you have purchased, including customer contact details.	1
https://zapier.com/Search/SearchBarks	zapier.com.ai	Search	SearchBarks	search_barks	search_barks	Search for active Barks, optionally filtering by category, location and request age.	1
https://zapier.com/Search/FindEpisode	zapier.com.ai	Search	FindEpisode	find_episode	find_episode	Get Spotify catalog information for a single show episode.	1
https://zapier.com/Search/FindTopTracks	zapier.com.ai	Search	FindTopTracks	find_top_tracks	find_top_tracks	Get Spotify catalog information about an artist's top track, by market. 	1
https://zapier.com/Search/FindTrack	zapier.com.ai	Search	FindTrack	find_track	find_track	Get Spotify catalog information for a single track.	1
https://zapier.com/Search/GetTracks	zapier.com.ai	Search	GetTracks	get_tracks	get_tracks	Get a list of the current user’s saved shows as array of line items. Maximum of 50 shows. 	1
https://zapier.com/Search/SearchItem	zapier.com.ai	Search	SearchItem	search_item	search_item	Get Spotify catalog information about an album, artist, playlist, track, show or episode that match a keyword string.	1
https://zapier.com/Search/CompanySearch	zapier.com.ai	Search	CompanySearch	company_search	company_search	Finds an existing company.	1
https://zapier.com/Search/ContactSearch	zapier.com.ai	Search	ContactSearch	contact_search	contact_search	Finds an existing contact.	1
https://zapier.com/Search/LeadSearch	zapier.com.ai	Search	LeadSearch	lead_search	lead_search	Finds an existing lead.	1
https://zapier.com/Search/LinksSearch	zapier.com.ai	Search	LinksSearch	links_search	links_search	Search for related Kommo profiles of different types.	1
https://zapier.com/Search/NoteSearch	zapier.com.ai	Search	NoteSearch	note_search	note_search	Finds an existing note.	1
https://zapier.com/Search/TaskSearch	zapier.com.ai	Search	TaskSearch	task_search	task_search	Finds an existing task.	1
https://zapier.com/Search/RowsCustomQueryV2	zapier.com.ai	Search	RowsCustomQueryV2	rows_custom_query_v2	rows_custom_query_v2	Finds multiple rows in a table via a custom query you control.	1
https://zapier.com/Search/Author	zapier.com.ai	Search	Author	author	author	Search for an author by email address or slug.	1
https://zapier.com/Search/Member	zapier.com.ai	Search	Member	member	member	Search for a member by email address.	1
https://zapier.com/Search/Subscriber	zapier.com.ai	Search	Subscriber	subscriber	subscriber	Search for a subscriber by email address. (Subscribers feature is deprecated and is replaced by [members](https://ghost.org/docs/members/zapier/) in Ghost 3.0 or later)	1
https://zapier.com/Search/FindClient	zapier.com.ai	Search	FindClient	find_client	find_client	Finds a client by name on a specified workspace.	1
https://zapier.com/Search/FindRunningTimeEntry	zapier.com.ai	Search	FindRunningTimeEntry	find_running_time_entry	find_running_time_entry	Finds a currently running time entry on a specified workspace.	1
https://zapier.com/Search/FindTimeEntry	zapier.com.ai	Search	FindTimeEntry	find_time_entry	find_time_entry	Finds a time entry by description, start datetime or end datetime.	1
https://zapier.com/Search/Firebasequery	zapier.com.ai	Search	Firebasequery	firebasequery	firebaseQuery	Finds a child object using a custom query that you provide.	1
https://zapier.com/Search/Firestorequery	zapier.com.ai	Search	Firestorequery	firestorequery	firestoreQuery	Finds a document using a [Structured Query](https://cloud.google.com/firestore/docs/reference/rest/v1beta1/StructuredQuery)
      within a collection.	1
https://zapier.com/Search/Findrow	zapier.com.ai	Search	Findrow	findrow	findRow	Find a row by specifying a table, a WHERE clause, an optional ORDER BY.	1
https://zapier.com/Search/Findrows	zapier.com.ai	Search	Findrows	findrows	findRows	Find row(s) by specifying a table, a WHERE clause, an optional ORDER BY, and a LIMIT.	1
https://zapier.com/Search/Getrowsforjobcompleted	zapier.com.ai	Search	Getrowsforjobcompleted	getrowsforjobcompleted	getRowsForJobCompleted	Gets batch of rows from completed jobs in BigQuery	1
https://zapier.com/Search/Query	zapier.com.ai	Search	Query	query	query	Runs a SQL query against a table in BigQuery.	1
https://zapier.com/Search/DetailedReport	zapier.com.ai	Search	DetailedReport	detailed_report	detailed_report	Returns time entries for detailed report according to the given filters.	1
https://zapier.com/Search/FindTimeEntries	zapier.com.ai	Search	FindTimeEntries	find_time_entries	find_time_entries	Returns a report of time entries	1
https://zapier.com/Search/GetGroups	zapier.com.ai	Search	GetGroups	get_groups	get_groups	Returns a list of in the organization	1
https://zapier.com/Search/GetProjectMembers	zapier.com.ai	Search	GetProjectMembers	get_project_members	get_project_members	List all projects users for a given workspace	1
https://zapier.com/Search/WorkspaceUsers	zapier.com.ai	Search	WorkspaceUsers	workspace_users	workspace_users	Return a list of users that part of the workspace	1
https://zapier.com/Search/Formfieldsearch	zapier.com.ai	Search	Formfieldsearch	formfieldsearch	formFieldSearch	Finds a form field by title.	1
https://zapier.com/Search/Formsearch	zapier.com.ai	Search	Formsearch	formsearch	formSearch	Finds a form by title.	1
https://zapier.com/Search/Productformfieldsearch	zapier.com.ai	Search	Productformfieldsearch	productformfieldsearch	productFormFieldSearch	Finds a product form field by title.	1
https://zapier.com/Search/Spacesearch	zapier.com.ai	Search	Spacesearch	spacesearch	spaceSearch	Finds a space by name.	1
https://zapier.com/Search/Cardsearch	zapier.com.ai	Search	Cardsearch	cardsearch	cardSearch	Finds a card by Title.	1
https://zapier.com/Search/FindDatabaseRecords	zapier.com.ai	Search	FindDatabaseRecords	find_database_records	find_database_records	Find a database records by title.	1
https://zapier.com/Search/Accountsearch	zapier.com.ai	Search	Accountsearch	accountsearch	accountSearch	Finds an account by name.	1
https://zapier.com/Search/CustomEntitysearch	zapier.com.ai	Search	CustomEntitysearch	custom_entitysearch	custom_entitySearch	Finds a custom entity give.	1
https://zapier.com/Search/FindCampaignResponse	zapier.com.ai	Search	FindCampaignResponse	find_campaign_response	find_campaign_response	Finds a campaign response.	1
https://zapier.com/Search/FindMultipleLeads	zapier.com.ai	Search	FindMultipleLeads	find_multiple_leads	find_multiple_leads	Finds all leads that match the search criteria.	1
https://zapier.com/Search/Invoicesearch	zapier.com.ai	Search	Invoicesearch	invoicesearch	invoiceSearch	Finds a invoice by email address or other searchable field.	1
https://zapier.com/Search/Opportunitysearch	zapier.com.ai	Search	Opportunitysearch	opportunitysearch	opportunitySearch	Finds an opportunity by subject or other searchable field.	1
https://zapier.com/Search/ListInvoice	zapier.com.ai	Search	ListInvoice	list_invoice	list_invoice	Get the Invoice details for a specific Subscription ID	1
https://zapier.com/Search/ListSubscription	zapier.com.ai	Search	ListSubscription	list_subscription	list_subscription	Get the subscription details for a specific customer ID	1
https://zapier.com/Search/FindProductWithLines	zapier.com.ai	Search	FindProductWithLines	find_product_with_lines	find_product_with_lines	Search products in a store catalog.	1
https://zapier.com/Search/ListPaymentFees	zapier.com.ai	Search	ListPaymentFees	list_payment_fees	list_payment_fees	Lists the applicable fees for a given payment	1
https://zapier.com/Search/RetrieveCompany	zapier.com.ai	Search	RetrieveCompany	retrieve_company	retrieve_company	Returns the Company that is currently authenticated with the API. In simple terms, a company represents who is selling or offering Memberships. The company is the parent (either directly or indirectly) of all other resources across the API.	1
https://zapier.com/Search/RetrieveCustomer	zapier.com.ai	Search	RetrieveCustomer	retrieve_customer	retrieve_customer	Retrieves a member	1
https://zapier.com/Search/RetrieveExperience	zapier.com.ai	Search	RetrieveExperience	retrieve_experience	retrieve_experience	Returns a specific Experience, using its unique ID. Experiences represent what the customer receives or unlocks when they purchase a Membership. Products can have an unlimited number of Experiences, and Experiences can be shared between different products.	1
https://zapier.com/Search/RetrieveMembership	zapier.com.ai	Search	RetrieveMembership	retrieve_membership	retrieve_membership	Returns a specific Membership, using its unique ID. A Membership represents an instance of a User purchasing a Product. If a Membership is valid, the User has/should have access to the Experiences associated with the Product. If a Membership is invalid, the User will/should have their Product's Experiences unfulfilled.	1
https://zapier.com/Search/RetrievePlan	zapier.com.ai	Search	RetrievePlan	retrieve_plan	retrieve_plan	Returns a specific Plan, using its unique ID. Plans represent a pricing and release method configuration used to purchase a Product. Creating multiple Plans can be useful for offering different billing periods, discounts for certain user groups, or tracking specific releases.	1
https://zapier.com/Search/RetrieveProduct	zapier.com.ai	Search	RetrieveProduct	retrieve_product	retrieve_product	Returns a specific Product, using its unique ID. Products represent what the customer has purchased from your company. Therefore, the Product can be used to provide context to the user (and your application) on what they have purchased.	1
https://zapier.com/Search/Searchappointmentassignments	zapier.com.ai	Search	Searchappointmentassignments	searchappointmentassignments	searchAppointmentAssignments	Gets a list of appointment assignments	1
https://zapier.com/Search/Searchappointments	zapier.com.ai	Search	Searchappointments	searchappointments	searchAppointments	Search appointments	1
https://zapier.com/Search/Searchbookingproviders	zapier.com.ai	Search	Searchbookingproviders	searchbookingproviders	searchBookingProviders	Searches Booking Providers	1
https://zapier.com/Search/Searchbusinessunits	zapier.com.ai	Search	Searchbusinessunits	searchbusinessunits	searchBusinessUnits	Search Business Units	1
https://zapier.com/Search/Searchcampaigns	zapier.com.ai	Search	Searchcampaigns	searchcampaigns	searchCampaigns	Search Campaigns	1
https://zapier.com/Search/Searchcategories	zapier.com.ai	Search	Searchcategories	searchcategories	searchCategories	Get the categories in your pricebook.	1
https://zapier.com/Search/Searchcustomercontact	zapier.com.ai	Search	Searchcustomercontact	searchcustomercontact	searchCustomerContact	Search Customer Contacts	1
https://zapier.com/Search/Searchcustomers	zapier.com.ai	Search	Searchcustomers	searchcustomers	searchCustomers	Search for customers that match a query.	1
https://zapier.com/Search/Searchdiscountandfees	zapier.com.ai	Search	Searchdiscountandfees	searchdiscountandfees	searchDiscountAndFees	Get data on all of the discounts or fees in the pricebook.	1
https://zapier.com/Search/Searchemployees	zapier.com.ai	Search	Searchemployees	searchemployees	searchEmployees	Searches an Employee	1
https://zapier.com/Search/Searchequipments	zapier.com.ai	Search	Searchequipments	searchequipments	searchEquipments	Get data on all of the equipment in the pricebook.	1
https://zapier.com/Search/Searchestimates	zapier.com.ai	Search	Searchestimates	searchestimates	searchEstimates	Search Estimates	1
https://zapier.com/Search/Searchinstalledequipments	zapier.com.ai	Search	Searchinstalledequipments	searchinstalledequipments	searchInstalledEquipments	Search an Installed Equipment by Id or Location	1
https://zapier.com/Search/Searchinvoices	zapier.com.ai	Search	Searchinvoices	searchinvoices	searchInvoices	Search Invoices	1
https://zapier.com/Search/Searchjobs	zapier.com.ai	Search	Searchjobs	searchjobs	searchJobs	Search Jobs	1
https://zapier.com/Search/Searchjobtype	zapier.com.ai	Search	Searchjobtype	searchjobtype	searchJobType	Search job types	1
https://zapier.com/Search/Searchlead	zapier.com.ai	Search	Searchlead	searchlead	searchLead	Search Leads	1
https://zapier.com/Search/Searchlocation	zapier.com.ai	Search	Searchlocation	searchlocation	searchLocation	Searches a Location	1
https://zapier.com/Search/Searchlocationcontact	zapier.com.ai	Search	Searchlocationcontact	searchlocationcontact	searchLocationContact	Search Location Contacts	1
https://zapier.com/Search/Searchmaterials	zapier.com.ai	Search	Searchmaterials	searchmaterials	searchMaterials	Get details on materials in the pricebook.	1
https://zapier.com/Search/Searchproject	zapier.com.ai	Search	Searchproject	searchproject	searchProject	Search projects	1
https://zapier.com/Search/Searchpurchaseorder	zapier.com.ai	Search	Searchpurchaseorder	searchpurchaseorder	searchPurchaseOrder	Search a purchase order.	1
https://zapier.com/Search/Searchservices	zapier.com.ai	Search	Searchservices	searchservices	searchServices	Get data on all of the services in the pricebook	1
https://zapier.com/Search/Searchtagtypes	zapier.com.ai	Search	Searchtagtypes	searchtagtypes	searchTagTypes	Search tag types	1
https://zapier.com/Search/Searchtechnicians	zapier.com.ai	Search	Searchtechnicians	searchtechnicians	searchTechnicians	Searches a Technician	1
https://zapier.com/Search/Searchvendors	zapier.com.ai	Search	Searchvendors	searchvendors	searchVendors	Searches vendors	1
https://zapier.com/Search/SearchAllLocationContacts	zapier.com.ai	Search	SearchAllLocationContacts	search_all_location_contacts	search_all_location_contacts	Search All Location Contacts	1
https://zapier.com/Search/OrderSearch	zapier.com.ai	Search	OrderSearch	order_search	order_search	Search for an order.	1
https://zapier.com/Search/GetLead	zapier.com.ai	Search	GetLead	get_lead	get_lead	Get the details of the lead, including transactions made, subscriptions to lists, tags and sequences.	1
https://zapier.com/Search/GetSubscriptionDetails	zapier.com.ai	Search	GetSubscriptionDetails	get_subscription_details	get_subscription_details	Retrieve Subscription Details	1
https://zapier.com/Search/GetTransactionDetails	zapier.com.ai	Search	GetTransactionDetails	get_transaction_details	get_transaction_details	Retrieve Transactions Details	1
https://zapier.com/Search/SearchLead	zapier.com.ai	Search	SearchLead	search_lead	search_lead	Search for a lead in your Kartra account.	1
https://zapier.com/Search/GetRecordsCoql	zapier.com.ai	Search	GetRecordsCoql	get_records_coql	get_records_coql	Retrieve records from a selected module using a COQL query.	1
https://zapier.com/Search/SearchCompany	zapier.com.ai	Search	SearchCompany	search_company	search_company	Searches an existing company.	1
https://zapier.com/Search/SearchDeal	zapier.com.ai	Search	SearchDeal	search_deal	search_deal	Searches an existing pipeline record.	1
https://zapier.com/Search/SearchEvent	zapier.com.ai	Search	SearchEvent	search_event	search_event	Searches an existing event.	1
https://zapier.com/Search/FindProspectV2	zapier.com.ai	Search	FindProspectV2	find_prospect_v2	find_prospect_v2	Finds an existing prospect by email address.	1
https://zapier.com/Search/FindRecordInTable	zapier.com.ai	Search	FindRecordInTable	find_record_in_table	find_record_in_table	Find a row in a table.	1
https://zapier.com/Search/FindSelectOptionId	zapier.com.ai	Search	FindSelectOptionId	find_select_option_id	find_select_option_id	Finds a Select Option ID by its text value	1
https://zapier.com/Search/SearchClients	zapier.com.ai	Search	SearchClients	search_clients	search_clients	Search for clients by name or email address.	1
https://zapier.com/Search/Object	zapier.com.ai	Search	Object	object	object	Gets the object with the specified URL.	1
https://zapier.com/Search/ContactEmail	zapier.com.ai	Search	ContactEmail	contact_email	contact_email	Search for a JobNimbus contact by Email.	1
https://zapier.com/Search/ContactId	zapier.com.ai	Search	ContactId	contact_id	contact_id	Search for a JobNimbus contact by ID.	1
https://zapier.com/Search/Employeesearch	zapier.com.ai	Search	Employeesearch	employeesearch	employeeSearch	Finds an employee by searching.	1
https://zapier.com/Search/DealSearch	zapier.com.ai	Search	DealSearch	deal_search	deal_search	Search for deal by filters.	1
https://zapier.com/Search/QuoteSearch	zapier.com.ai	Search	QuoteSearch	quote_search	quote_search	Search for quote by filters.	1
https://zapier.com/Search/SmartSearch	zapier.com.ai	Search	SmartSearch	smart_search	smart_search	Search for smart-process by filters.	1
https://zapier.com/Search/Rowsearch	zapier.com.ai	Search	Rowsearch	rowsearch	rowSearch	Search for a Coda Row in the selected table using a column match search.	1
https://zapier.com/Search/SearchProject	zapier.com.ai	Search	SearchProject	search_project	search_project	Find a project by name, address, or external id.	1
https://zapier.com/Search/GetFileClassification	zapier.com.ai	Search	GetFileClassification	get_file_classification	get_file_classification	Retrieves the classification metadata instance that has been applied to a file in Box.	1
https://zapier.com/Search/GetFolderClassification	zapier.com.ai	Search	GetFolderClassification	get_folder_classification	get_folder_classification	Retrieves the classification metadata instance that has been applied to a folder in Box.	1
https://zapier.com/Search/GetFolderCollaborations	zapier.com.ai	Search	GetFolderCollaborations	get_folder_collaborations	get_folder_collaborations	Searches for all pending and active collaborations for a Box folder.	1
https://zapier.com/Search/ListClassifications	zapier.com.ai	Search	ListClassifications	list_classifications	list_classifications	Searches for all classification labels available to the enterprise in Box.	1
https://zapier.com/Search/ListDocgenTemplates	zapier.com.ai	Search	ListDocgenTemplates	list_docgen_templates	list_docgen_templates	Lists all Box Doc Gen templates in the enterprise.	1
https://zapier.com/Search/ListEnterpriseMetadataTemplates	zapier.com.ai	Search	ListEnterpriseMetadataTemplates	list_enterprise_metadata_templates	list_enterprise_metadata_templates	Retrieves all metadata templates available to the enterprise in Box.	1
https://zapier.com/Search/ListEnterpriseUsers	zapier.com.ai	Search	ListEnterpriseUsers	list_enterprise_users	list_enterprise_users	Lists all users in the Box enterprise.	1
https://zapier.com/Search/ListSignRequests	zapier.com.ai	Search	ListSignRequests	list_sign_requests	list_sign_requests	Searches for all Box Sign requests created by the user.	1
https://zapier.com/Search/Findcampaign	zapier.com.ai	Search	Findcampaign	findcampaign	findcampaign	Searches an existing campaign.	1
https://zapier.com/Search/Findsubscriber	zapier.com.ai	Search	Findsubscriber	findsubscriber	findsubscriber	Searches an existing contact.	1
https://zapier.com/Search/Fetchdatasetitems	zapier.com.ai	Search	Fetchdatasetitems	fetchdatasetitems	fetchDatasetItems	Fetches items from a dataset.	1
https://zapier.com/Search/Keyvaluestoregetvalue	zapier.com.ai	Search	Keyvaluestoregetvalue	keyvaluestoregetvalue	keyValueStoreGetValue	Gets a record from a key-value store.	1
https://zapier.com/Search/Searchactorrun	zapier.com.ai	Search	Searchactorrun	searchactorrun	searchActorRun	Finds the most recent Actor run with a specific status.	1
https://zapier.com/Search/Searchtaskrun	zapier.com.ai	Search	Searchtaskrun	searchtaskrun	searchTaskRun	Finds the most recent task run with a specific status.	1
https://zapier.com/Search/FindConversionById	zapier.com.ai	Search	FindConversionById	find_conversion_by_id	find_conversion_by_id	Finds a conversion based on id.	1
https://zapier.com/Search/BoxSearchMaster	zapier.com.ai	Search	BoxSearchMaster	box_search_master	box_search_master	Find a box by name, key, or fuzzy query.	1
https://zapier.com/Search/ContactSearchMaster	zapier.com.ai	Search	ContactSearchMaster	contact_search_master	contact_search_master	Searches for an existing contact by contact key, box key, or other information (like email address).	1
https://zapier.com/Search/SearchOrganizations	zapier.com.ai	Search	SearchOrganizations	search_organizations	search_organizations	Searches for an existing organization.	1
https://zapier.com/Search/SearchActivities	zapier.com.ai	Search	SearchActivities	search_activities	search_activities	Searches for an existing activity in Copper.	1
https://zapier.com/Search/SearchCompanies	zapier.com.ai	Search	SearchCompanies	search_companies	search_companies	Searches for an existing company in Copper.	1
https://zapier.com/Search/SearchContacts	zapier.com.ai	Search	SearchContacts	search_contacts	search_contacts	Searches for an existing person in Copper.	1
https://zapier.com/Search/SearchDeals	zapier.com.ai	Search	SearchDeals	search_deals	search_deals	Searches for an existing opportunity in Copper.	1
https://zapier.com/Search/SearchLeads	zapier.com.ai	Search	SearchLeads	search_leads	search_leads	Searches for an existing lead in Copper.	1
https://zapier.com/Search/SearchProjects	zapier.com.ai	Search	SearchProjects	search_projects	search_projects	Searches for an existing project in Copper.	1
https://zapier.com/Search/GetMember	zapier.com.ai	Search	GetMember	get_member	get_member	Get member by username or email.	1
https://zapier.com/Search/GetSubscription	zapier.com.ai	Search	GetSubscription	get_subscription	get_subscription	Get one Subscription with a given subscription number.	1
https://zapier.com/Search/GetTransaction	zapier.com.ai	Search	GetTransaction	get_transaction	get_transaction	Get one Transaction with a given transaction number.	1
https://zapier.com/Search/FindChatConversations	zapier.com.ai	Search	FindChatConversations	find_chat_conversations	find_chat_conversations	Find a team or channel chat conversation by its name (title). If the name contains emojis, they will be ignored.	1
https://zapier.com/Search/FindForm	zapier.com.ai	Search	FindForm	find_form	find_form	Retrieves a form (if exists) by its name. The form includes details such as all associated questions and manager fields.	1
https://zapier.com/Search/FindFormSubmission	zapier.com.ai	Search	FindFormSubmission	find_form_submission	find_form_submission	Finds a form submission by its from submission id.	1
https://zapier.com/Search/FindJob	zapier.com.ai	Search	FindJob	find_job	find_job	Finds a job by name or job ID.	1
https://zapier.com/Search/FindShift	zapier.com.ai	Search	FindShift	find_shift	find_shift	Finds a shift within a specified date range. If multiple shifts match the filters, only the most recently updated one will be returned.	1
https://zapier.com/Search/FindSubmission	zapier.com.ai	Search	FindSubmission	find_submission	find_submission	Finds a form submission	1
https://zapier.com/Search/FindSubJobV2	zapier.com.ai	Search	FindSubJobV2	find_sub_job_v2	find_sub_job_v2	Finds a sub-job by its name. Please note that in the case of two sub-jobs with the same title but under different parent jobs, it will retrieve only the first one matched.	1
https://zapier.com/Search/FindTaskLabel	zapier.com.ai	Search	FindTaskLabel	find_task_label	find_task_label	Finds a task label by its name under a specified task board. In case of two labels with the same title, it will return the first one.	1
https://zapier.com/Search/FindDesign	zapier.com.ai	Search	FindDesign	find_design	find_design	Finds an existing design.	1
https://zapier.com/Search/GetAssetUploadJob	zapier.com.ai	Search	GetAssetUploadJob	get_asset_upload_job	get_asset_upload_job	Gets an asset upload job by ID.	1
https://zapier.com/Search/GetDesignExportJob	zapier.com.ai	Search	GetDesignExportJob	get_design_export_job	get_design_export_job	Gets a design export job by ID.	1
https://zapier.com/Search/GetDesignImportJob	zapier.com.ai	Search	GetDesignImportJob	get_design_import_job	get_design_import_job	Gets a design import job by ID.	1
https://zapier.com/Search/Goal	zapier.com.ai	Search	Goal	goal	goal	Finds a specific goal.	1
https://zapier.com/Search/FindList	zapier.com.ai	Search	FindList	find_list	find_list	Finds an existing contact list by name.	1
https://zapier.com/Search/Findcustomer	zapier.com.ai	Search	Findcustomer	findcustomer	findCustomer	Search for a customer by name or custom field value	1
https://zapier.com/Search/Findjob	zapier.com.ai	Search	Findjob	findjob	findJob	Search for a job by number or custom field value	1
https://zapier.com/Search/Findlocation	zapier.com.ai	Search	Findlocation	findlocation	findLocation	Search for a location by name or custom field value	1
https://zapier.com/Search/Findmembership	zapier.com.ai	Search	Findmembership	findmembership	findMembership	Search for a membership by user name or email address.	1
https://zapier.com/Search/Findvendor	zapier.com.ai	Search	Findvendor	findvendor	findVendor	Search for a vendor by name or custom field value	1
https://zapier.com/Search/Findconstituent	zapier.com.ai	Search	Findconstituent	findconstituent	findConstituent	Find a Constituent by name and a least one of address, phone, or email.	1
https://zapier.com/Search/FindMailbox	zapier.com.ai	Search	FindMailbox	find_mailbox	find_mailbox	Find mailbox by name.	1
https://zapier.com/Search/GetCustomReport	zapier.com.ai	Search	GetCustomReport	get_custom_report	get_custom_report	Get a user's support metrics over a given time range.	1
https://zapier.com/Search/GetDayReport	zapier.com.ai	Search	GetDayReport	get_day_report	get_day_report	Get a user's support metrics for the current day.	1
https://zapier.com/Search/GetWeekReport	zapier.com.ai	Search	GetWeekReport	get_week_report	get_week_report	Get a user's support metrics for the current week.	1
https://zapier.com/Search/FetchTicket	zapier.com.ai	Search	FetchTicket	fetch_ticket	fetch_ticket	Search Ticket (Request) by Ticket number.	1
https://zapier.com/Search/FindContactDetails	zapier.com.ai	Search	FindContactDetails	find_contact_details	find_contact_details	Find a Contact in Sales Dialer	1
https://zapier.com/Search/FindCreditNote	zapier.com.ai	Search	FindCreditNote	find_credit_note	find_credit_note	Finds an existing credit note.	1
https://zapier.com/Search/FindEstimate	zapier.com.ai	Search	FindEstimate	find_estimate	find_estimate	Finds an estimate.	1
https://zapier.com/Search/FindVendor	zapier.com.ai	Search	FindVendor	find_vendor	find_vendor	Finds an existing vendor.	1
https://zapier.com/Search/FindBitlink	zapier.com.ai	Search	FindBitlink	find_bitlink	find_bitlink	Finds an existing Bitlink in your account.	1
https://zapier.com/Search/SearchAccountByAccountIdAndName	zapier.com.ai	Search	SearchAccountByAccountIdAndName	search_account_by_account_id_and_name	search_account_by_account_id_and_name	Find an existing account.	1
https://zapier.com/Search/SearchByNameOrId	zapier.com.ai	Search	SearchByNameOrId	search_by_name_or_id	search_by_name_or_id	Search an existing Deal.	1
https://zapier.com/Search/SearchContactByEmail	zapier.com.ai	Search	SearchContactByEmail	search_contact_by_email	search_contact_by_email	Find an existing contact by email.	1
https://zapier.com/Search/SearchContactV2	zapier.com.ai	Search	SearchContactV2	search_contact_v2	search_contact_v2	Find an existing contact.	1
https://zapier.com/Search/Brands	zapier.com.ai	Search	Brands	brands	brands	Search for brand by name.	1
https://zapier.com/Search/Categories	zapier.com.ai	Search	Categories	categories	categories	Search for category by name.	1
https://zapier.com/Search/FindOrders	zapier.com.ai	Search	FindOrders	find_orders	find_orders	Search for order.	1
https://zapier.com/Search/SearchCoupon	zapier.com.ai	Search	SearchCoupon	search_coupon	search_coupon	Finds an existing coupon.	1
https://zapier.com/Search/SearchLeadByField	zapier.com.ai	Search	SearchLeadByField	search_lead_by_field	search_lead_by_field	Finds a lead based on a specified field and value.	1
https://zapier.com/Search/Thing	zapier.com.ai	Search	Thing	thing	thing	Search for Bubble database record.	1
https://zapier.com/Search/JobCategory	zapier.com.ai	Search	JobCategory	job_category	job_category	Finds a job Category based on name.	1
https://zapier.com/Search/LeadSource	zapier.com.ai	Search	LeadSource	lead_source	lead_source	Finds a lead source based on name.	1
https://zapier.com/Search/TradeTypes	zapier.com.ai	Search	TradeTypes	trade_types	trade_types	Finds a trade-types based on name.	1
https://zapier.com/Search/WorkTypes	zapier.com.ai	Search	WorkTypes	work_types	work_types	Finds a work-types based on name.	1
https://zapier.com/Search/WhatsappCatalogGetCatalogCollections	zapier.com.ai	Search	WhatsappCatalogGetCatalogCollections	whatsapp_catalog_get_catalog_collections	whatsapp_catalog_get_catalog_collections	Get All Collections in a WhatsApp Business Catalog	1
https://zapier.com/Search/WhatsappCatalogGetProducts	zapier.com.ai	Search	WhatsappCatalogGetProducts	whatsapp_catalog_get_products	whatsapp_catalog_get_products	Get All Products in a WhatsApp Business Catalog	1
https://zapier.com/Search/WhatsappGetGroups	zapier.com.ai	Search	WhatsappGetGroups	whatsapp_get_groups	whatsapp_get_groups	Gets all WhatsApp groups your connected number is a participant of	1
https://zapier.com/Search/WhatsappGetGroupParticipants	zapier.com.ai	Search	WhatsappGetGroupParticipants	whatsapp_get_group_participants	whatsapp_get_group_participants	Gets all participants of a WhatsApp Group you are part of	1
https://zapier.com/Search/Casesearch	zapier.com.ai	Search	Casesearch	casesearch	caseSearch	Finds a Project.	1
https://zapier.com/Search/Milestonesearch	zapier.com.ai	Search	Milestonesearch	milestonesearch	milestoneSearch	Finds a Milestone.	1
https://zapier.com/Search/Partysearch	zapier.com.ai	Search	Partysearch	partysearch	partySearch	Finds a Person or Organisation.	1
https://zapier.com/Search/Stagesearch	zapier.com.ai	Search	Stagesearch	stagesearch	stageSearch	Finds a Stage.	1
https://zapier.com/Search/Calendareventsearch	zapier.com.ai	Search	Calendareventsearch	calendareventsearch	calendarEventSearch	Finds a calendar event by searching.	1
https://zapier.com/Search/Columnsearch	zapier.com.ai	Search	Columnsearch	columnsearch	columnSearch	Finds a column by searching.	1
https://zapier.com/Search/Filecommentsearch	zapier.com.ai	Search	Filecommentsearch	filecommentsearch	fileCommentSearch	Finds a file comment by searching.	1
https://zapier.com/Search/Filesearch	zapier.com.ai	Search	Filesearch	filesearch	fileSearch	Finds a file by searching.	1
https://zapier.com/Search/Linkcommentsearch	zapier.com.ai	Search	Linkcommentsearch	linkcommentsearch	linkCommentSearch	Finds a link comment by searching.	1
https://zapier.com/Search/Linksearch	zapier.com.ai	Search	Linksearch	linksearch	linkSearch	Finds a link by searching.	1
https://zapier.com/Search/Messagesearch	zapier.com.ai	Search	Messagesearch	messagesearch	messageSearch	Finds a message by searching.	1
https://zapier.com/Search/Milestonecommentsearch	zapier.com.ai	Search	Milestonecommentsearch	milestonecommentsearch	milestoneCommentSearch	Finds a milestone comment by searching.	1
https://zapier.com/Search/Notebookcommentsearch	zapier.com.ai	Search	Notebookcommentsearch	notebookcommentsearch	notebookCommentSearch	Finds a notebook comment by searching.	1
https://zapier.com/Search/Notebooksearch	zapier.com.ai	Search	Notebooksearch	notebooksearch	notebookSearch	Finds a notebook by searching.	1
https://zapier.com/Search/Personsearch	zapier.com.ai	Search	Personsearch	personsearch	personSearch	Finds a person by searching.	1
https://zapier.com/Search/Projectsearch	zapier.com.ai	Search	Projectsearch	projectsearch	projectSearch	Finds a project by searching.	1
https://zapier.com/Search/Taskcommentsearch	zapier.com.ai	Search	Taskcommentsearch	taskcommentsearch	taskCommentSearch	Finds a task comment by searching.	1
https://zapier.com/Search/Tasklistsearch	zapier.com.ai	Search	Tasklistsearch	tasklistsearch	tasklistSearch	Finds a task list by searching.	1
https://zapier.com/Search/Tasksearch	zapier.com.ai	Search	Tasksearch	tasksearch	taskSearch	Finds a task by searching.	1
https://zapier.com/Search/Workflowsearch	zapier.com.ai	Search	Workflowsearch	workflowsearch	workflowSearch	Finds a workflow by searching.	1
https://zapier.com/Search/SearchBillingRequest	zapier.com.ai	Search	SearchBillingRequest	search_billing_request	search_billing_request	Search for a billing request by ID.	1
https://zapier.com/Search/SearchCustomer	zapier.com.ai	Search	SearchCustomer	search_customer	search_customer	Search for a customer by ID.	1
https://zapier.com/Search/SearchCustomerBankAccount	zapier.com.ai	Search	SearchCustomerBankAccount	search_customer_bank_account	search_customer_bank_account	Search for a Customer Bank Account by ID.	1
https://zapier.com/Search/SearchMandate	zapier.com.ai	Search	SearchMandate	search_mandate	search_mandate	Search for a mandate by ID.	1
https://zapier.com/Search/SearchPayment	zapier.com.ai	Search	SearchPayment	search_payment	search_payment	Search for a payment by ID.	1
https://zapier.com/Search/SearchPayout	zapier.com.ai	Search	SearchPayout	search_payout	search_payout	Search for a payout by ID.	1
https://zapier.com/Search/SearchPayoutItems	zapier.com.ai	Search	SearchPayoutItems	search_payout_items	search_payout_items	Search for payout items by payout ID.	1
https://zapier.com/Search/Prospect	zapier.com.ai	Search	Prospect	prospect	prospect	Find a Matter by ID.	1
https://zapier.com/Search/Finddocument	zapier.com.ai	Search	Finddocument	finddocument	findDocument	Find a document in PDFMonkey.	1
https://zapier.com/Search/GetCustomFields	zapier.com.ai	Search	GetCustomFields	get_custom_fields	get_custom_fields	Search Custom fields by name and description 	1
https://zapier.com/Search/SearchEventCall	zapier.com.ai	Search	SearchEventCall	search_event_call	search_event_call	Search Call in iClosed by Contact ID, Date, Type or Closer Owner.	1
https://zapier.com/Search/SearchTransaction	zapier.com.ai	Search	SearchTransaction	search_transaction	search_transaction	Search transaction by email or Phone Number	1
https://zapier.com/Search/InfoCompany	zapier.com.ai	Search	InfoCompany	info_company	info_company	Finds a company by Id.	1
https://zapier.com/Search/InfoContact	zapier.com.ai	Search	InfoContact	info_contact	info_contact	Finds a contact by Id.	1
https://zapier.com/Search/Getallchannels	zapier.com.ai	Search	Getallchannels	getallchannels	getAllChannels	Return all the channels of a Workspace.	1
https://zapier.com/Search/Getallclosingnotes	zapier.com.ai	Search	Getallclosingnotes	getallclosingnotes	getAllClosingNotes	Return all the Closing Notes of a Workspace.	1
https://zapier.com/Search/Getallcustomfields	zapier.com.ai	Search	Getallcustomfields	getallcustomfields	getAllCustomFields	Return all the Custom Fields of a Workspace.	1
https://zapier.com/Search/Getallusers	zapier.com.ai	Search	Getallusers	getallusers	getAllUsers	Return all the users of a Workspace.	1
https://zapier.com/Search/Getcontact	zapier.com.ai	Search	Getcontact	getcontact	getContact	Finds a specific Contact by identifier.	1
https://zapier.com/Search/Getcontactchannels	zapier.com.ai	Search	Getcontactchannels	getcontactchannels	getContactChannels	Find connected Channels of a Contact.	1
https://zapier.com/Search/Getcontactmessage	zapier.com.ai	Search	Getcontactmessage	getcontactmessage	getContactMessage	Finds a specific message by identifier.	1
https://zapier.com/Search/Getcustomfield	zapier.com.ai	Search	Getcustomfield	getcustomfield	getCustomField	Finds a specific Contact Field.	1
https://zapier.com/Search/Getmanycontacts	zapier.com.ai	Search	Getmanycontacts	getmanycontacts	getManyContacts	Return multiple Contacts that matches with the search condition.	1
https://zapier.com/Search/Getuser	zapier.com.ai	Search	Getuser	getuser	getUser	Finds a specific user by identifier.	1
https://zapier.com/Search/FindOrganization	zapier.com.ai	Search	FindOrganization	find_organization	find_organization	Finds an Organization	1
https://zapier.com/Search/FindExpense	zapier.com.ai	Search	FindExpense	find_expense	find_expense	Finds an existing Expense.	1
https://zapier.com/Search/FindOffer	zapier.com.ai	Search	FindOffer	find_offer	find_offer	Finds an existing Offer.	1
https://zapier.com/Search/FindPlanningEntry	zapier.com.ai	Search	FindPlanningEntry	find_planning_entry	find_planning_entry	Finds an existing Planning Entry.	1
https://zapier.com/Search/FindPurchase	zapier.com.ai	Search	FindPurchase	find_purchase	find_purchase	Finds an existing Purchase.	1
https://zapier.com/Search/FindPurchaseCategory	zapier.com.ai	Search	FindPurchaseCategory	find_purchase_category	find_purchase_category	Finds an existing purchase category.	1
https://zapier.com/Search/BusinessDetails	zapier.com.ai	Search	BusinessDetails	business_details	business_details	Retrieves business details.	1
https://zapier.com/Search/LeadDetails	zapier.com.ai	Search	LeadDetails	lead_details	lead_details	Retrieves Lead details.	1
https://zapier.com/Search/FindChat	zapier.com.ai	Search	FindChat	find_chat	find_chat	Finds Chat	1
https://zapier.com/Search/FindMessage	zapier.com.ai	Search	FindMessage	find_message	find_message	Finds Message	1
https://zapier.com/Search/FindMessageStatus	zapier.com.ai	Search	FindMessageStatus	find_message_status	find_message_status	Finds Messages Status	1
https://zapier.com/Search/FindUploadedFile	zapier.com.ai	Search	FindUploadedFile	find_uploaded_file	find_uploaded_file	Finds Uploaded File	1
https://zapier.com/Search/FindWhatsappAccount	zapier.com.ai	Search	FindWhatsappAccount	find_whatsapp_account	find_whatsapp_account	Finds Whatsapp account	1
https://zapier.com/Search/FindDataSetRows	zapier.com.ai	Search	FindDataSetRows	find_data_set_rows	find_data_set_rows	Search for data set records by form fields.	1
https://zapier.com/Search/SearchChecklist	zapier.com.ai	Search	SearchChecklist	search_checklist	search_checklist	Search for a workflow run by ID, name, form fields, and other attributes.	1
https://zapier.com/Search/DownloadFile	zapier.com.ai	Search	DownloadFile	download_file	download_file	Downloads a predefined file from an FTP, FTPS or SFTP server	1
https://zapier.com/Search/ListBranches	zapier.com.ai	Search	ListBranches	list_branches	list_branches	Finds a Branch in the system.	1
https://zapier.com/Search/Searchpriorityboard	zapier.com.ai	Search	Searchpriorityboard	searchpriorityboard	searchPriorityBoard	Finds a Priority Board in the system.	1
https://zapier.com/Search/SearchJob	zapier.com.ai	Search	SearchJob	search_job	search_job	Finds a Job in the system.	1
https://zapier.com/Search/SearchLoggedExpense	zapier.com.ai	Search	SearchLoggedExpense	search_logged_expense	search_logged_expense	Finds an Expense in the system.	1
https://zapier.com/Search/SearchQuote	zapier.com.ai	Search	SearchQuote	search_quote	search_quote	Finds a Quote in the system.	1
https://zapier.com/Search/Pagesearch	zapier.com.ai	Search	Pagesearch	pagesearch	pageSearch	Finds pages or blog posts.	1
https://zapier.com/Search/Searchappointment	zapier.com.ai	Search	Searchappointment	searchappointment	searchAppointment	Finds an appointment by ID.	1
https://zapier.com/Search/Searchclientbyemail	zapier.com.ai	Search	Searchclientbyemail	searchclientbyemail	searchClientByEmail	Finds a client by their email address.	1
https://zapier.com/Search/Searchclientbyexternalid	zapier.com.ai	Search	Searchclientbyexternalid	searchclientbyexternalid	searchClientByExternalId	Finds a client by their external ID.	1
https://zapier.com/Search/Searchclientbyid	zapier.com.ai	Search	Searchclientbyid	searchclientbyid	searchClientById	Finds a client by their ID.	1
https://zapier.com/Search/Searchorderbyid	zapier.com.ai	Search	Searchorderbyid	searchorderbyid	searchOrderById	Finds an Order by it's ID.	1
https://zapier.com/Search/SeachReservation	zapier.com.ai	Search	SeachReservation	seach_reservation	seach_reservation	Find a reservation from your Hostaway account for this action your triggering app should have the Hostaway specific reservation ID to provide in the request.	1
https://zapier.com/Search/SearchRecord	zapier.com.ai	Search	SearchRecord	search_record	search_record	Finds an existing Record	1
https://zapier.com/Search/FindSchedule	zapier.com.ai	Search	FindSchedule	find_schedule	find_schedule	Finds schedule by criteria.	1
https://zapier.com/Search/FindSite	zapier.com.ai	Search	FindSite	find_site	find_site	Finds site by criteria.	1
https://zapier.com/Search/ListCompanyCustomer	zapier.com.ai	Search	ListCompanyCustomer	list_company_customer	list_company_customer	Finds company customer by criteria.	1
https://zapier.com/Search/ListIndividualCustomer	zapier.com.ai	Search	ListIndividualCustomer	list_individual_customer	list_individual_customer	Finds individual customer by criteria.	1
https://zapier.com/Search/ListJob	zapier.com.ai	Search	ListJob	list_job	list_job	Finds job by criteria.	1
https://zapier.com/Search/FindCustomerById	zapier.com.ai	Search	FindCustomerById	find_customer_by_id	find_customer_by_id	Search for Customer by ID.	1
https://zapier.com/Search/FindCustomerByNameOrEmail	zapier.com.ai	Search	FindCustomerByNameOrEmail	find_customer_by_name_or_email	find_customer_by_name_or_email	Search for Customer by name or email.	1
https://zapier.com/Search/FindOrderById	zapier.com.ai	Search	FindOrderById	find_order_by_id	find_order_by_id	Search for Order by ID.	1
https://zapier.com/Search/FindUserByMail	zapier.com.ai	Search	FindUserByMail	find_user_by_mail	find_user_by_mail	Searches for a user by his mail and returns details [Enterprise Only].	1
https://zapier.com/Search/Tagsearch	zapier.com.ai	Search	Tagsearch	tagsearch	tagSearch	Finds a list by searching.	1
https://zapier.com/Search/FindWorkItem	zapier.com.ai	Search	FindWorkItem	find_work_item	find_work_item	Find Work Item using the query ID or Work Item Query Language (WIQL) syntax	1
https://zapier.com/Search/Getrow	zapier.com.ai	Search	Getrow	getrow	getRow	Get row based on ID.	1
https://zapier.com/Search/Getrows	zapier.com.ai	Search	Getrows	getrows	getRows	Get rows for table.	1
https://zapier.com/Search/Callersearch	zapier.com.ai	Search	Callersearch	callersearch	callerSearch	Finds a caller.	1
https://zapier.com/Search/CaseStagesearch	zapier.com.ai	Search	CaseStagesearch	case_stagesearch	case_stageSearch	Finds a Case Stage.	1
https://zapier.com/Search/Locationsearch	zapier.com.ai	Search	Locationsearch	locationsearch	locationSearch	Finds a Location.	1
https://zapier.com/Search/Peoplegroupsearch	zapier.com.ai	Search	Peoplegroupsearch	peoplegroupsearch	peopleGroupSearch	Finds a People Group.	1
https://zapier.com/Search/PracticeAreasearch	zapier.com.ai	Search	PracticeAreasearch	practice_areasearch	practice_areaSearch	Finds a Practice Area.	1
https://zapier.com/Search/ReferralSourcesearch	zapier.com.ai	Search	ReferralSourcesearch	referral_sourcesearch	referral_sourceSearch	Finds a referral source.	1
https://zapier.com/Search/Staffsearch	zapier.com.ai	Search	Staffsearch	staffsearch	staffSearch	Finds a staff.	1
https://zapier.com/Search/FindSession	zapier.com.ai	Search	FindSession	find_session	find_session	Find an existing Session.	1
https://zapier.com/Search/ListPeople	zapier.com.ai	Search	ListPeople	list_people	list_people	Find Participant or Team Member.	1
https://zapier.com/Search/Findgif	zapier.com.ai	Search	Findgif	findgif	FindGIF	Finds a random GIF that matches your specified keyword(s).	1
https://zapier.com/Search/Recordingsearch	zapier.com.ai	Search	Recordingsearch	recordingsearch	recordingSearch	Get a recording and optionally its transcript and notes by ID	1
https://zapier.com/Search/Label	zapier.com.ai	Search	Label	label	label	Search for a shipping label by ID.	1
https://zapier.com/Search/Searchcustomer	zapier.com.ai	Search	Searchcustomer	searchcustomer	searchCustomer	Search for a registered customer	1
https://zapier.com/Search/Searchcustomeraddress	zapier.com.ai	Search	Searchcustomeraddress	searchcustomeraddress	searchCustomerAddress	Search for a customer's address	1
https://zapier.com/Search/Searchproduct	zapier.com.ai	Search	Searchproduct	searchproduct	searchProduct	Search for a product in the catalog	1
https://zapier.com/Search/Findacompany	zapier.com.ai	Search	Findacompany	findacompany	findACompany	Find a company by matching exactly its name or one of its emails.	1
https://zapier.com/Search/Findaperson	zapier.com.ai	Search	Findaperson	findaperson	findAPerson	Find a person by matching exactly their full name or one of their emails.	1
https://zapier.com/Search/Getacompany	zapier.com.ai	Search	Getacompany	getacompany	getACompany	Get a company by their contact ID	1
https://zapier.com/Search/Getaperson	zapier.com.ai	Search	Getaperson	getaperson	getAPerson	Get a person by their contact ID	1
https://zapier.com/Search/FindGroupMergeRequests	zapier.com.ai	Search	FindGroupMergeRequests	find_group_merge_requests	find_group_merge_requests	Find Merge Requests for a Group	1
https://zapier.com/Search/FindGroupMergeRequestsV2	zapier.com.ai	Search	FindGroupMergeRequestsV2	find_group_merge_requests_v2	find_group_merge_requests_v2	Find Merge Requests for a Group	1
https://zapier.com/Search/FindMergeRequests	zapier.com.ai	Search	FindMergeRequests	find_merge_requests	find_merge_requests	Finds all Merge Requests that the authenticated user has access to.	1
https://zapier.com/Search/FindMergeRequestsV2	zapier.com.ai	Search	FindMergeRequestsV2	find_merge_requests_v2	find_merge_requests_v2	Finds all Merge Requests that the authenticated user has access to.	1
https://zapier.com/Search/FindProjectMergeRequests	zapier.com.ai	Search	FindProjectMergeRequests	find_project_merge_requests	find_project_merge_requests	Finds Merge Requests for a Project	1
https://zapier.com/Search/FindProjectMergeRequestsV2	zapier.com.ai	Search	FindProjectMergeRequestsV2	find_project_merge_requests_v2	find_project_merge_requests_v2	Finds Merge Requests for a Project	1
https://zapier.com/Search/ContactCompanySearch	zapier.com.ai	Search	ContactCompanySearch	contact_company_search	contact_company_search	Finds a company by Company ID, name or email address.	1
https://zapier.com/Search/ContactContactSearchV2	zapier.com.ai	Search	ContactContactSearchV2	contact_contact_search_v2	contact_contact_search_v2	Finds a contact by Contact ID, name or email address.	1
https://zapier.com/Search/ContactPersonSearch	zapier.com.ai	Search	ContactPersonSearch	contact_person_search	contact_person_search	Finds a person by Person ID, name or email address.	1
https://zapier.com/Search/DealSearchV2	zapier.com.ai	Search	DealSearchV2	deal_search_v2	deal_search_v2	Finds a deal by Deal ID or name.	1
https://zapier.com/Search/DealSourceSearch	zapier.com.ai	Search	DealSourceSearch	deal_source_search	Deal_source_search	Finds a deal source by ID or name.	1
https://zapier.com/Search/LeadSearchV2	zapier.com.ai	Search	LeadSearchV2	lead_search_v2	lead_search_v2	Finds a lead by ID, company name, name or email address.	1
https://zapier.com/Search/LeadSourceSearch	zapier.com.ai	Search	LeadSourceSearch	lead_source_search	Lead_source_search	Finds a lead source by ID or name.	1
https://zapier.com/Search/ProductSearch	zapier.com.ai	Search	ProductSearch	product_search	product_search	Finds a product by ID, name or SKU. Requires Sell Enterprise Plan or higher.	1
https://zapier.com/Search/SequenceSearch	zapier.com.ai	Search	SequenceSearch	sequence_search	sequence_search	Finds a sequence by Sequence ID or name. Requires Reach add-on.	1
https://zapier.com/Search/StageSearch	zapier.com.ai	Search	StageSearch	stage_search	stage_search	Finds a deal stage by ID or name.	1
https://zapier.com/Search/UserSearch	zapier.com.ai	Search	UserSearch	user_search	user_search	Finds a user by ID, email or name.	1
https://zapier.com/Search/FindTaxRate	zapier.com.ai	Search	FindTaxRate	find_tax_rate	find_tax_rate	Finds a tax rate.	1
https://zapier.com/Search/FindAudience	zapier.com.ai	Search	FindAudience	find_audience	find_audience	Finds an Audience	1
https://zapier.com/Search/Attachmentsearch	zapier.com.ai	Search	Attachmentsearch	attachmentsearch	attachmentSearch	Finds an attachment by searching.	1
https://zapier.com/Search/FindPerson	zapier.com.ai	Search	FindPerson	find_person	find_person	Find a person based on a person_id. Can be used to match a tasks assignee to a person name.	1
https://zapier.com/Search/Labelsearch	zapier.com.ai	Search	Labelsearch	labelsearch	labelSearch	Finds a label by searching.	1
https://zapier.com/Search/Candidatesearch	zapier.com.ai	Search	Candidatesearch	candidatesearch	candidateSearch	Finds a candidate by name or email.	1
https://zapier.com/Search/Jobsearch	zapier.com.ai	Search	Jobsearch	jobsearch	jobSearch	Finds a job opening by title.	1
https://zapier.com/Search/Placementsearch	zapier.com.ai	Search	Placementsearch	placementsearch	placementSearch	Finds a candidate stage in an offer	1
https://zapier.com/Search/TalentPoolsearch	zapier.com.ai	Search	TalentPoolsearch	talent_poolsearch	talent_poolSearch	Finds a talent pool by title.	1
https://zapier.com/Search/FindContactV2	zapier.com.ai	Search	FindContactV2	find_contact_v2	find_contact_v2	Finds an existing contact.	1
https://zapier.com/Search/FindLeadV2	zapier.com.ai	Search	FindLeadV2	find_lead_v2	find_lead_v2	Finds an existing lead.	1
https://zapier.com/Search/Registrant	zapier.com.ai	Search	Registrant	registrant	registrant	Finds an existing registrant.	1
https://zapier.com/Search/Webinar	zapier.com.ai	Search	Webinar	webinar	webinar	Finds an existing webinar.	1
https://zapier.com/Search/Listentrysearch	zapier.com.ai	Search	Listentrysearch	listentrysearch	listEntrySearch	Find a specific person, organization, or opportunity on a list.	1
https://zapier.com/Search/Oppsearch	zapier.com.ai	Search	Oppsearch	oppsearch	oppSearch	Finds an opportunity by name.	1
https://zapier.com/Search/Searchcompanybyid	zapier.com.ai	Search	Searchcompanybyid	searchcompanybyid	searchCompanyById	Finds an organization by id	1
https://zapier.com/Search/Searchoppbyid	zapier.com.ai	Search	Searchoppbyid	searchoppbyid	searchOppById	Finds an opportunity by id	1
https://zapier.com/Search/Searchpersonbyid	zapier.com.ai	Search	Searchpersonbyid	searchpersonbyid	searchPersonById	Finds a person by id	1
https://zapier.com/Search/FindIncident	zapier.com.ai	Search	FindIncident	find_incident	find_incident	Finds an Incident.	1
https://zapier.com/Search/FindOnCallContact	zapier.com.ai	Search	FindOnCallContact	find_on_call_contact	find_on_call_contact	Finds On-Call Contact. Supports time lookup.	1
https://zapier.com/Search/FindProcess	zapier.com.ai	Search	FindProcess	find_process	find_process	Searches a Process in your account by name, contact email address or phone number, property address etc. You can specify a Process Type to search within, otherwise it searches all Process Types in your account.	1
https://zapier.com/Search/FindProperty	zapier.com.ai	Search	FindProperty	find_property	find_property	Searches a Property in your account by name or address.	1
https://zapier.com/Search/FindUnit	zapier.com.ai	Search	FindUnit	find_unit	find_unit	Searches the units on the property by the Unit Number	1
https://zapier.com/Search/GetDeal	zapier.com.ai	Search	GetDeal	get_deal	get_deal	Gets a Lead in your account by ID.	1
https://zapier.com/Search/GetProcess	zapier.com.ai	Search	GetProcess	get_process	get_process	Gets a Process in your account by ID.	1
https://zapier.com/Search/FindContactByEmail	zapier.com.ai	Search	FindContactByEmail	find_contact_by_email	find_contact_by_email	Find contact by email address	1
https://zapier.com/Search/FindContactById	zapier.com.ai	Search	FindContactById	find_contact_by_id	find_contact_by_id	Find contact by id	1
https://zapier.com/Search/FindDealsByEmail	zapier.com.ai	Search	FindDealsByEmail	find_deals_by_email	find_deals_by_email	Find related deals by email address	1
https://zapier.com/Search/FindDealById	zapier.com.ai	Search	FindDealById	find_deal_by_id	find_deal_by_id	Find deal by id	1
https://zapier.com/Search/SearchTemplatesByName	zapier.com.ai	Search	SearchTemplatesByName	search_templates_by_name	search_templates_by_name	Search for a document by name.	1
https://zapier.com/Search/SearchTemplatesByNameV2	zapier.com.ai	Search	SearchTemplatesByNameV2	search_templates_by_name_v2	search_templates_by_name_v2	Search for a document by name.	1
https://zapier.com/Search/FindCaseNotes	zapier.com.ai	Search	FindCaseNotes	find_case_notes	find_case_notes	Finds case notes associated with a given Case ID.	1
https://zapier.com/Search/FindRecordsSavedSearch	zapier.com.ai	Search	FindRecordsSavedSearch	find_records_saved_search	find_records_saved_search	Finds records in a saved search optionally filtered by columns and search terms. If available, the first 10 records are returned.	1
https://zapier.com/Search/FindRecordsSavedSearchV2	zapier.com.ai	Search	FindRecordsSavedSearchV2	find_records_saved_search_v2	find_records_saved_search_v2	Finds records in a saved search optionally filtered by columns and search terms.	1
https://zapier.com/Search/RecordSchema	zapier.com.ai	Search	RecordSchema	record_schema	record_schema	Retrieves details & metadata on a record type/object of your choice a record based on search field(s) of your choice. Supports Standard and Custom NetSuite record types	1
https://zapier.com/Search/AccountingAccounts	zapier.com.ai	Search	AccountingAccounts	accounting_accounts	accounting_accounts	Finds an existing account.	1
https://zapier.com/Search/CountrySearch	zapier.com.ai	Search	CountrySearch	country_search	country_search	Find a country.	1
https://zapier.com/Search/InvoiceSearch	zapier.com.ai	Search	InvoiceSearch	invoice_search	invoice_search	Search an invoice.	1
https://zapier.com/Search/PersonSearch	zapier.com.ai	Search	PersonSearch	person_search	person_search	Find a person.	1
https://zapier.com/Search/ProjectSearch	zapier.com.ai	Search	ProjectSearch	project_search	project_search	Search a project.	1
https://zapier.com/Search/Usersearch	zapier.com.ai	Search	Usersearch	usersearch	userSearch	Finds an existing user by email	1
https://zapier.com/Search/GetPerson	zapier.com.ai	Search	GetPerson	get_person	get_person	Find a person with a specific email address.	1
https://zapier.com/Search/GetWebinarDates	zapier.com.ai	Search	GetWebinarDates	get_webinar_dates	get_webinar_dates	Gets the upcoming Webinar Dates	1
https://zapier.com/Search/PipelineItemsearch	zapier.com.ai	Search	PipelineItemsearch	pipeline_itemsearch	pipeline_itemSearch	Search for a pipeline item.	1
https://zapier.com/Search/Contract	zapier.com.ai	Search	Contract	contract	contract	Finds a contract by ID and/or company ID.	1
https://zapier.com/Search/FindOpportunity	zapier.com.ai	Search	FindOpportunity	find_opportunity	find_opportunity	Finds an opportunity.	1
https://zapier.com/Search/Searchcountry	zapier.com.ai	Search	Searchcountry	searchcountry	searchCountry	Finds a country.	1
https://zapier.com/Search/Searchcurrency	zapier.com.ai	Search	Searchcurrency	searchcurrency	searchCurrency	Finds a currency.	1
https://zapier.com/Search/Searchresource	zapier.com.ai	Search	Searchresource	searchresource	searchResource	Finds a resource.	1
https://zapier.com/Search/UdfAccountSearch	zapier.com.ai	Search	UdfAccountSearch	udf_account_search	udf_account_search	Search for an account by a user-defined field.	1
https://zapier.com/Search/UdfContactSearch	zapier.com.ai	Search	UdfContactSearch	udf_contact_search	udf_contact_search	Search for an contact by a user-defined field.	1
https://zapier.com/Search/UdfTicketSearch	zapier.com.ai	Search	UdfTicketSearch	udf_ticket_search	udf_ticket_search	Search for an ticket by a user-defined field.	1
https://zapier.com/Search/FindGroupById	zapier.com.ai	Search	FindGroupById	find_group_by_id	find_group_by_id	Finds a Group by Group Id.	1
https://zapier.com/Search/FindLocation	zapier.com.ai	Search	FindLocation	find_location	find_location	Finds a Location by name.	1
https://zapier.com/Search/FindLocationById	zapier.com.ai	Search	FindLocationById	find_location_by_id	find_location_by_id	Finds Location by Location Id.	1
https://zapier.com/Search/FindPersonById	zapier.com.ai	Search	FindPersonById	find_person_by_id	find_person_by_Id	Finds a Person by Person Id.	1
https://zapier.com/Search/FindTimesheetsReport	zapier.com.ai	Search	FindTimesheetsReport	find_timesheets_report	find_timesheets_report	Finds a Timesheets Report as a CSV Url.	1
https://zapier.com/Search/FindTimesheetsSummary	zapier.com.ai	Search	FindTimesheetsSummary	find_timesheets_summary	find_timesheets_summary	Finds Timesheets Summary.	1
https://zapier.com/Search/Commercialapplicant	zapier.com.ai	Search	Commercialapplicant	commercialapplicant	commercialApplicant	Searches commercial applicants in EZLynx.	1
https://zapier.com/Search/Personalapplicant	zapier.com.ai	Search	Personalapplicant	personalapplicant	personalApplicant	Searches personal applicants in EZLynx.	1
https://zapier.com/Search/FindAbsence	zapier.com.ai	Search	FindAbsence	find_absence	find_absence	Finds an absence by employee ID.	1
https://zapier.com/Search/FindAttendance	zapier.com.ai	Search	FindAttendance	find_attendance	find_attendance	Finds a attendance by employee ID.	1
https://zapier.com/Search/FindEventMatchingRemoteId	zapier.com.ai	Search	FindEventMatchingRemoteId	find_event_matching_remote_id	find_event_matching_remote_id	Finds an Event that matches Remote ID.	1
https://zapier.com/Search/FindAnimatedGif	zapier.com.ai	Search	FindAnimatedGif	find_animated_gif	find_animated_gif	Finds an Animated Gif	1
https://zapier.com/Search/FindImage	zapier.com.ai	Search	FindImage	find_image	find_image	Finds an Image.	1
https://zapier.com/Search/GetAutopilotConfigEmail	zapier.com.ai	Search	GetAutopilotConfigEmail	get_autopilot_config_email	get_autopilot_config_email	Retrieves the current Autopilot configuration for the desired platform (Email or SMS).	1
https://zapier.com/Search/GetAutopilotListEmail	zapier.com.ai	Search	GetAutopilotListEmail	get_autopilot_list_email	get_autopilot_list_email	List all Autopilot memberships for the desired platform (Email or SMS), or list the Autopilot membership status for one specific person within the desired platform.	1
https://zapier.com/Search/GetMetrics	zapier.com.ai	Search	GetMetrics	get_metrics	get_metrics	Provides your account's metrics for a specific Project. By default, we'll return results based on your [survey time window](https://help.delighted.com/article/549-the-delighted-dashboard#window).	1
https://zapier.com/Search/GetCampaigns	zapier.com.ai	Search	GetCampaigns	get_campaigns	get_campaigns	Gets campaigns from HeyReach	1
https://zapier.com/Search/GetCampaignsForLead	zapier.com.ai	Search	GetCampaignsForLead	get_campaigns_for_lead	get_campaigns_for_lead	Gets the campaigns the lead is a part of	1
https://zapier.com/Search/GetCampaignById	zapier.com.ai	Search	GetCampaignById	get_campaign_by_id	get_campaign_by_id	Gets the campaign by Id	1
https://zapier.com/Search/GetCompaniesFromList	zapier.com.ai	Search	GetCompaniesFromList	get_companies_from_list	get_companies_from_list	Gets the companies from a HeyReach company list	1
https://zapier.com/Search/GetConversations	zapier.com.ai	Search	GetConversations	get_conversations	get_conversations	Gets conversations from HeyReach	1
https://zapier.com/Search/GetLeadsFromCampaign	zapier.com.ai	Search	GetLeadsFromCampaign	get_leads_from_campaign	get_leads_from_campaign	Gets the leads from a given campaign	1
https://zapier.com/Search/GetLeadsFromList	zapier.com.ai	Search	GetLeadsFromList	get_leads_from_list	get_leads_from_list	Gets leads from a HeyReach list	1
https://zapier.com/Search/GetLeadDetails	zapier.com.ai	Search	GetLeadDetails	get_lead_details	get_lead_details	Gets details for the given lead	1
https://zapier.com/Search/GetLinkedinAccounts	zapier.com.ai	Search	GetLinkedinAccounts	get_linkedin_accounts	get_linkedin_accounts	Gets the sender accounts connected to HeyReach	1
https://zapier.com/Search/GetLists	zapier.com.ai	Search	GetLists	get_lists	get_lists	Gets lists from HeyReach	1
https://zapier.com/Search/GetListById	zapier.com.ai	Search	GetListById	get_list_by_id	get_list_by_id	Gets a list from HeyReach	1
https://zapier.com/Search/GetOverallStats	zapier.com.ai	Search	GetOverallStats	get_overall_stats	get_overall_stats	Gets the HeyReach analytics, similar to the Dashboard	1
https://zapier.com/Search/GetSenderById	zapier.com.ai	Search	GetSenderById	get_sender_by_id	get_sender_by_id	Gets a sender by the ID from HeyReach	1
https://zapier.com/Search/FindContract	zapier.com.ai	Search	FindContract	find_contract	find_contract	Finds a Contract	1
https://zapier.com/Search/FindQuotation	zapier.com.ai	Search	FindQuotation	find_quotation	find_quotation	Finds a Quotation by ID	1
https://zapier.com/Search/FindSupplier	zapier.com.ai	Search	FindSupplier	find_supplier	find_supplier	Finds a Supplier	1
https://zapier.com/Search/SearchEmployee	zapier.com.ai	Search	SearchEmployee	search_employee	search_employee	Searches an Employee	1
https://zapier.com/Search/FindAgentVoiceCall	zapier.com.ai	Search	FindAgentVoiceCall	find_agent_voice_call	find_agent_voice_call	Provides transcript and other relevant information of a phone call after.	1
https://zapier.com/Search/SearchBitable	zapier.com.ai	Search	SearchBitable	search_bitable	search_bitable	Search for a Lark Base by name or keyword	1
https://zapier.com/Search/SearchDoc	zapier.com.ai	Search	SearchDoc	search_doc	search_doc	Search for a Lark Base by name or keyword	1
https://zapier.com/Search/SearchFile	zapier.com.ai	Search	SearchFile	search_file	search_file	Search Lark File by key word	1
https://zapier.com/Search/SearchSheet	zapier.com.ai	Search	SearchSheet	search_sheet	search_sheet	Search Lark Sheet by keyword	1
https://zapier.com/Search/SearchSlide	zapier.com.ai	Search	SearchSlide	search_slide	search_slide	Search Lark Slide by keyword	1
https://zapier.com/Search/SearchTaskById	zapier.com.ai	Search	SearchTaskById	search_task_by_id	search_task_by_id	Search User's Task By GUID (get one task through GUID)	1
https://zapier.com/Search/FindAdvanced	zapier.com.ai	Search	FindAdvanced	find_advanced	find_advanced	Finds an existing object.	1
https://zapier.com/Search/FindAppointment	zapier.com.ai	Search	FindAppointment	find_appointment	find_appointment	Finds an existing appointment.	1
https://zapier.com/Search/FindContactV4	zapier.com.ai	Search	FindContactV4	find_contact_v4	find_contact_v4	Finds an existing person.	1
https://zapier.com/Search/FindNoteV2	zapier.com.ai	Search	FindNoteV2	find_note_v2	find_note_v2	Finds an existing note.	1
https://zapier.com/Search/FindOpportunityV3	zapier.com.ai	Search	FindOpportunityV3	find_opportunity_v3	find_opportunity_v3	Finds an existing opportunity.	1
https://zapier.com/Search/GetObject	zapier.com.ai	Search	GetObject	get_object	get_object	Retrieves an existing Daylite person, company, opportunity, project, note, task, or appointment by its reference ID.	1
https://zapier.com/Search/Record	zapier.com.ai	Search	Record	record	record	Searches for a row/record in the specified worksheet based on some criteria.	1
https://zapier.com/Search/WorkdriveRecord	zapier.com.ai	Search	WorkdriveRecord	workdrive_record	workdrive_record	Searches for a row/record in the specified worksheet based on some criteria.	1
https://zapier.com/Search/AllCredentials	zapier.com.ai	Search	AllCredentials	all_credentials	all_credentials	Finds existing credentials.	1
https://zapier.com/Search/AllGroups	zapier.com.ai	Search	AllGroups	all_groups	all_groups	Find an existing Group.	1
https://zapier.com/Search/QueryEntityRecords	zapier.com.ai	Search	QueryEntityRecords	query_entity_records	query_entity_records	Find a matching entity record in the app	1
https://zapier.com/Search/Entitysearch	zapier.com.ai	Search	Entitysearch	entitysearch	entitySearch	Find an Entity by a specified field.	1
https://zapier.com/Search/Customobjectinstancesearch	zapier.com.ai	Search	Customobjectinstancesearch	customobjectinstancesearch	customObjectInstanceSearch	Finds a custom object instance in Vitally	1
https://zapier.com/Search/Notesearch	zapier.com.ai	Search	Notesearch	notesearch	noteSearch	Finds a note in Vitally	1
https://zapier.com/Search/Organizationsearch	zapier.com.ai	Search	Organizationsearch	organizationsearch	organizationSearch	Finds a organization by id (vitally or external) or name	1
https://zapier.com/Search/Vitallyusersearch	zapier.com.ai	Search	Vitallyusersearch	vitallyusersearch	vitallyUserSearch	Finds a Teammate by email	1
https://zapier.com/Search/SearchGuest	zapier.com.ai	Search	SearchGuest	search_guest	search_guest	This API will search the nearest guest based on the search fields supplied as the query parameters. you should supply at least one search field and the value should contain at least 3 characters or 3 digits.	1
https://zapier.com/Search/SearchGuestById	zapier.com.ai	Search	SearchGuestById	search_guest_by_id	search_guest_by_id	Fetches the guest from Zenoti using the guest ID. This can be used to get details for a specific guest without uncertainty if the ID is present. This should be preferred over guest search if using seach with a Zenoti trigger.	1
https://zapier.com/Search/FindApplication	zapier.com.ai	Search	FindApplication	find_application	find_application	Finds a Candidate Application. Will return one record only, use multiple fields to obtain a specific record.	1
https://zapier.com/Search/FindCandidate	zapier.com.ai	Search	FindCandidate	find_candidate	find_candidate	Finds a Candidate Record. Will return one record only, use multiple fields to obtain a specific record.	1
https://zapier.com/Search/FindPlacement	zapier.com.ai	Search	FindPlacement	find_placement	find_placement	Finds a Placement Record. Will return one record only, use multiple fields to obtain a specific record.	1
https://zapier.com/Search/GetApplication	zapier.com.ai	Search	GetApplication	get_application	get_application	Gets existing Application by ID.	1
https://zapier.com/Search/GetCandidate	zapier.com.ai	Search	GetCandidate	get_candidate	get_candidate	Gets existing Candidate by ID.	1
https://zapier.com/Search/GetCandidateDocument	zapier.com.ai	Search	GetCandidateDocument	get_candidate_document	get_candidate_document	Gets the most recent type of document selected attached to Candidate.	1
https://zapier.com/Search/GetCompany	zapier.com.ai	Search	GetCompany	get_company	get_company	Gets existing Company by ID.	1
https://zapier.com/Search/GetContact	zapier.com.ai	Search	GetContact	get_contact	get_contact	Gets existing Contact by ID.	1
https://zapier.com/Search/GetJob	zapier.com.ai	Search	GetJob	get_job	get_job	Gets existing Job Order by ID.	1
https://zapier.com/Search/GetPlacement	zapier.com.ai	Search	GetPlacement	get_placement	get_placement	Gets existing Placement by ID.	1
https://zapier.com/Search/PostsLineItem	zapier.com.ai	Search	PostsLineItem	posts_line_item	posts_line_item	Search for posts on Bluesky with results grouped as line items.	1
https://zapier.com/Search/Thread	zapier.com.ai	Search	Thread	thread	thread	Get a full thread of posts including up to 100 parent posts and 100 replies.	1
https://zapier.com/Search/LeadNewsearch	zapier.com.ai	Search	LeadNewsearch	lead_newsearch	lead_newSearch	Finds a lead from an email address.	1
https://zapier.com/Search/ProspectingListsearch	zapier.com.ai	Search	ProspectingListsearch	prospecting_listsearch	prospecting_listSearch	Finds a prospecting list by searching.	1
https://zapier.com/Search/FindProspect	zapier.com.ai	Search	FindProspect	find_prospect	find_prospect	Finds prospect by email address.	1
https://zapier.com/Search/GetAListOfPosDevices	zapier.com.ai	Search	GetAListOfPosDevices	get_a_list_of_pos_devices	Get_a_list_of_pos_devices	The list of pos devices is sorted by created_at property in descending order. The most recent pos devices appear first	1
https://zapier.com/Search/GetASinglePosDevice	zapier.com.ai	Search	GetASinglePosDevice	get_a_single_pos_device	Get_a_single_pos_device	Get a single pos device.	1
https://zapier.com/Search/GetListCategories	zapier.com.ai	Search	GetListCategories	get_list_categories	get_list_categories	Get list of all categories.	1
https://zapier.com/Search/GetListDiscounts	zapier.com.ai	Search	GetListDiscounts	get_list_discounts	get_list_discounts	Get list of discounts	1
https://zapier.com/Search/GetListEmployees	zapier.com.ai	Search	GetListEmployees	get_list_employees	get_list_employees	Gets a list of employees.	1
https://zapier.com/Search/GetListInventoryLevels	zapier.com.ai	Search	GetListInventoryLevels	get_list_inventory_levels	get_list_inventory_levels	Gets a list of Inventory Levels of Item Variants.	1
https://zapier.com/Search/GetListModifiers	zapier.com.ai	Search	GetListModifiers	get_list_modifiers	get_list_modifiers	Gets list of modifiers.	1
https://zapier.com/Search/GetListOfCustomers	zapier.com.ai	Search	GetListOfCustomers	get_list_of_customers	get_list_of_customers	Get list of Customers	1
https://zapier.com/Search/GetListOfItems	zapier.com.ai	Search	GetListOfItems	get_list_of_items	get_list_of_items	Get list of items	1
https://zapier.com/Search/GetListOfPaymentTypes	zapier.com.ai	Search	GetListOfPaymentTypes	get_list_of_payment_types	get_list_of_payment_types	Get list of Payment Types	1
https://zapier.com/Search/GetListOfReceipts	zapier.com.ai	Search	GetListOfReceipts	get_list_of_receipts	get_list_of_receipts	Get list of receipts	1
https://zapier.com/Search/GetListOfShifts	zapier.com.ai	Search	GetListOfShifts	get_list_of_shifts	get_list_of_shifts	Get list of shifts	1
https://zapier.com/Search/GetListOfStores	zapier.com.ai	Search	GetListOfStores	get_list_of_stores	get_list_of_stores	Get list of stores	1
https://zapier.com/Search/GetListOfTaxes	zapier.com.ai	Search	GetListOfTaxes	get_list_of_taxes	get_list_of_taxes	Get list of taxes	1
https://zapier.com/Search/GetListSuppliers	zapier.com.ai	Search	GetListSuppliers	get_list_suppliers	get_list_suppliers	Gets a list of suppliers.	1
https://zapier.com/Search/GetListVariants	zapier.com.ai	Search	GetListVariants	get_list_variants	get_list_variants	Get lists of item variants.	1
https://zapier.com/Search/GetMerchantInformation	zapier.com.ai	Search	GetMerchantInformation	get_merchant_information	get_merchant_information	Get merchant information.	1
https://zapier.com/Search/GetSingleCategory	zapier.com.ai	Search	GetSingleCategory	get_single_category	get_single_category	Get Single Category.	1
https://zapier.com/Search/GetSingleCustomer	zapier.com.ai	Search	GetSingleCustomer	get_single_customer	get_single_customer	Get Single Customer	1
https://zapier.com/Search/GetSingleDiscount	zapier.com.ai	Search	GetSingleDiscount	get_single_discount	get_single_discount	Gets a single discount.	1
https://zapier.com/Search/GetSingleEmployee	zapier.com.ai	Search	GetSingleEmployee	get_single_employee	get_single_employee	Gets a single employee.	1
https://zapier.com/Search/GetSingleItem	zapier.com.ai	Search	GetSingleItem	get_single_item	get_single_item	Get single item 	1
https://zapier.com/Search/GetSingleModifier	zapier.com.ai	Search	GetSingleModifier	get_single_modifier	get_single_modifier	Gets a single modifier.	1
https://zapier.com/Search/GetSinglePaymentType	zapier.com.ai	Search	GetSinglePaymentType	get_single_payment_type	get_single_payment_type	Gets a single payment type.	1
https://zapier.com/Search/GetSingleReceipt	zapier.com.ai	Search	GetSingleReceipt	get_single_receipt	get_single_receipt	Get a single Receipt.	1
https://zapier.com/Search/GetSingleShift	zapier.com.ai	Search	GetSingleShift	get_single_shift	get_single_shift	Gets a single shift.	1
https://zapier.com/Search/GetSingleStore	zapier.com.ai	Search	GetSingleStore	get_single_store	get_single_store	Get Single Store	1
https://zapier.com/Search/GetSingleSupplier	zapier.com.ai	Search	GetSingleSupplier	get_single_supplier	get_single_supplier	Gets a single supplier.	1
https://zapier.com/Search/GetSingleTax	zapier.com.ai	Search	GetSingleTax	get_single_tax	get_single_tax	Gets a single tax.	1
https://zapier.com/Search/GetSingleVariant	zapier.com.ai	Search	GetSingleVariant	get_single_variant	get_single_variant	Gets single item variant.	1
https://zapier.com/Search/Conversationsearch	zapier.com.ai	Search	Conversationsearch	conversationsearch	conversationSearch	Search previous Crisp conversations using a search query (an email, username, or word).	1
https://zapier.com/Search/Profilesearch	zapier.com.ai	Search	Profilesearch	profilesearch	profileSearch	Search previous Crisp people profile using an email address.	1
https://zapier.com/Search/FindDatabaseRecord	zapier.com.ai	Search	FindDatabaseRecord	find_database_record	find_database_record	Find a record in a table	1
https://zapier.com/Search/Creditsearch	zapier.com.ai	Search	Creditsearch	creditsearch	creditSearch	Finds an credit by it's credit number.	1
https://zapier.com/Search/Quotesearch	zapier.com.ai	Search	Quotesearch	quotesearch	quoteSearch	Finds an quote by it's quote number.	1
https://zapier.com/Search/Assetsearch	zapier.com.ai	Search	Assetsearch	assetsearch	assetSearch	Find an Asset.	1
https://zapier.com/Search/Commentsearch	zapier.com.ai	Search	Commentsearch	commentsearch	commentSearch	Find a Comment.	1
https://zapier.com/Search/Searchclient	zapier.com.ai	Search	Searchclient	searchclient	SearchClient	Finds a client by either name or contact email address.	1
https://zapier.com/Search/ClientSearch	zapier.com.ai	Search	ClientSearch	client_search	client_search	Find client by email.	1
https://zapier.com/Search/Showlisting	zapier.com.ai	Search	Showlisting	showlisting	showListing	Shows a listing resource based on an ID.	1
https://zapier.com/Search/Showtransaction	zapier.com.ai	Search	Showtransaction	showtransaction	showTransaction	Shows a transaction resource based on an ID.	1
https://zapier.com/Search/Showuser	zapier.com.ai	Search	Showuser	showuser	showUser	Shows a user resource based on an ID.	1
https://zapier.com/Search/CountEmailV2	zapier.com.ai	Search	CountEmailV2	count_email_v2	count_email_v2	Counts how many email addresses we have for a domain or a company.	1
https://zapier.com/Search/FindEmailV2	zapier.com.ai	Search	FindEmailV2	find_email_v2	find_email_v2	Generates the most likely email address from a domain name or a company name, a first name and a last name.	1
https://zapier.com/Search/VerifyEmailV2	zapier.com.ai	Search	VerifyEmailV2	verify_email_v2	verify_email_v2	Checks if a given email address is deliverable and has been found on the Internet.	1
https://zapier.com/Search/Customactivities	zapier.com.ai	Search	Customactivities	customactivities	customActivities	Searches Total Rows in Activities	1
https://zapier.com/Search/Customcompanies	zapier.com.ai	Search	Customcompanies	customcompanies	customCompanies	Searches Total Rows in Company	1
https://zapier.com/Search/Customcontacts	zapier.com.ai	Search	Customcontacts	customcontacts	customContacts	Searches Total Rows in Contacts	1
https://zapier.com/Search/Customdeals	zapier.com.ai	Search	Customdeals	customdeals	customDeals	Searches Total Rows in Deal	1
https://zapier.com/Search/Customrecords	zapier.com.ai	Search	Customrecords	customrecords	customRecords	Searches Total Rows of Selected Custom Module	1
https://zapier.com/Search/Findactivity	zapier.com.ai	Search	Findactivity	findactivity	findActivity	Finds an activity based on different fields	1
https://zapier.com/Search/Findcompany	zapier.com.ai	Search	Findcompany	findcompany	findCompany	Finds a company based on different fields	1
https://zapier.com/Search/Finddeal	zapier.com.ai	Search	Finddeal	finddeal	findDeal	Finds a deal based on different fields	1
https://zapier.com/Search/Searchactivity	zapier.com.ai	Search	Searchactivity	searchactivity	searchActivity	Search or create Activity , if activity does not exist.	1
https://zapier.com/Search/Searchcompany	zapier.com.ai	Search	Searchcompany	searchcompany	searchCompany	Search or create Company, if does not exist. Optionally, create one if none are found.	1
https://zapier.com/Search/Searchcontact	zapier.com.ai	Search	Searchcontact	searchcontact	searchContact	Search or create Contact , if contact does not exist.	1
https://zapier.com/Search/Searchdeal	zapier.com.ai	Search	Searchdeal	searchdeal	searchDeal	Search or Create a deal , if deal does not exist.	1
https://zapier.com/Search/Searchrecord	zapier.com.ai	Search	Searchrecord	searchrecord	searchRecord	Search or create custom module Record , if record does not exist.	1
https://zapier.com/Search/Searchuser	zapier.com.ai	Search	Searchuser	searchuser	searchUser	Find an User based on different fields.	1
https://zapier.com/Search/GetTranscript	zapier.com.ai	Search	GetTranscript	get_transcript	get_transcript	Retrieves a transcript by its ID.	1
https://zapier.com/Search/GetTranscriptParagraphs	zapier.com.ai	Search	GetTranscriptParagraphs	get_transcript_paragraphs	get_transcript_paragraphs	Retrieve the paragraphs of the transcript by its ID.	1
https://zapier.com/Search/GetTranscriptRedactedAudio	zapier.com.ai	Search	GetTranscriptRedactedAudio	get_transcript_redacted_audio	get_transcript_redacted_audio	Get the result of the redacted audio model.	1
https://zapier.com/Search/GetTranscriptSentences	zapier.com.ai	Search	GetTranscriptSentences	get_transcript_sentences	get_transcript_sentences	Retrieve the sentences of the transcript by its ID.	1
https://zapier.com/Search/GetTranscriptSubtitles	zapier.com.ai	Search	GetTranscriptSubtitles	get_transcript_subtitles	get_transcript_subtitles	Export the transcript as SRT or VTT subtitles.	1
https://zapier.com/Search/CollectionItemsearch	zapier.com.ai	Search	CollectionItemsearch	collection_itemsearch	collection_itemSearch	Finds a collection item by searching on item id.	1
https://zapier.com/Search/Documentsearch	zapier.com.ai	Search	Documentsearch	documentsearch	documentSearch	Finds a document by searching.	1
https://zapier.com/Search/FindFormBySelector	zapier.com.ai	Search	FindFormBySelector	find_form_by_selector	find_form_by_selector	Finds a form by searching by selector name.	1
https://zapier.com/Search/Phasesearch	zapier.com.ai	Search	Phasesearch	phasesearch	phaseSearch	Finds a phase by searching.	1
https://zapier.com/Search/ProjectTypesearch	zapier.com.ai	Search	ProjectTypesearch	project_typesearch	project_typeSearch	Finds a project type by searching.	1
https://zapier.com/Search/Searchcontactsbycreateddate	zapier.com.ai	Search	Searchcontactsbycreateddate	searchcontactsbycreateddate	SearchContactsByCreatedDate	Searches contacts by the created date range given	1
https://zapier.com/Search/Searchenrollmentsbycreateddate	zapier.com.ai	Search	Searchenrollmentsbycreateddate	searchenrollmentsbycreateddate	SearchEnrollmentsByCreatedDate	Searches enrollments by the created date range and location (optional)	1
https://zapier.com/Search/Searchenrollmentsbydropdate	zapier.com.ai	Search	Searchenrollmentsbydropdate	searchenrollmentsbydropdate	SearchEnrollmentsByDropDate	Searches for enrollments within a given drop date range and with location (optional)	1
https://zapier.com/Search/Searchenrollmentsbyenrolldate	zapier.com.ai	Search	Searchenrollmentsbyenrolldate	searchenrollmentsbyenrolldate	SearchEnrollmentsByEnrollDate	Searches enrollments by the enroll date range and location (optional)	1
https://zapier.com/Search/Searchstudentsbybirthdate	zapier.com.ai	Search	Searchstudentsbybirthdate	searchstudentsbybirthdate	SearchStudentsByBirthDate	Searches students by the Birth Date range given	1
https://zapier.com/Search/Searchstudentsbycreateddate	zapier.com.ai	Search	Searchstudentsbycreateddate	searchstudentsbycreateddate	SearchStudentsByCreatedDate	Searches students by the Date Created range given	1
https://zapier.com/Search/Searchstudentsbydatelastinactive	zapier.com.ai	Search	Searchstudentsbydatelastinactive	searchstudentsbydatelastinactive	SearchStudentsByDateLastInactive	Searches students by the Date Last Inactive range given	1
https://zapier.com/Search/SearchClassesByStartDate	zapier.com.ai	Search	SearchClassesByStartDate	search_classes_by_start_date	search_classes_by_start_date	Searches for classes with a start date within the given range	1
https://zapier.com/Search/SearchFamily	zapier.com.ai	Search	SearchFamily	search_family	search_family	Search for Family using LastName, Address1, ZipCode, Email and Location(Optional)	1
https://zapier.com/Search/GetActivity	zapier.com.ai	Search	GetActivity	get_activity	get_activity	Find and include Activity information by Activity ID.	1
https://zapier.com/Search/GetGroup	zapier.com.ai	Search	GetGroup	get_group	get_group	Find and include Group information by Group ID.	1
https://zapier.com/Search/GetIndividual	zapier.com.ai	Search	GetIndividual	get_individual	get_individual	Find and include Individual information by Individual ID.	1
https://zapier.com/Search/GetIndividualByDobAndName	zapier.com.ai	Search	GetIndividualByDobAndName	get_individual_by_dob_and_name	get_individual_by_dob_and_name	Finds An Individual By Date Of Birth And Name	1
https://zapier.com/Search/GetIndividualByEmailAndName	zapier.com.ai	Search	GetIndividualByEmailAndName	get_individual_by_email_and_name	get_individual_by_email_and_name	Finds An Individual By Email And Name	1
https://zapier.com/Search/GetIndividualByPhoneAndName	zapier.com.ai	Search	GetIndividualByPhoneAndName	get_individual_by_phone_and_name	get_individual_by_phone_and_name	Finds An Individual by Phone Number and Name	1
https://zapier.com/Search/GetPolicy	zapier.com.ai	Search	GetPolicy	get_policy	get_policy	Find and include Policy information by Policy ID.	1
https://zapier.com/Search/FindMessages	zapier.com.ai	Search	FindMessages	find_messages	find_messages	Retrieve all message reports for a given time period	1
https://zapier.com/Search/Checkterminal	zapier.com.ai	Search	Checkterminal	checkterminal	checkterminal	Check the availiability of a Terminal before sending an event to it.	1
https://zapier.com/Search/Findorder	zapier.com.ai	Search	Findorder	findorder	findorder	Find a order record using the Order ID	1
https://zapier.com/Search/Findtransaction	zapier.com.ai	Search	Findtransaction	findtransaction	findtransaction	Find a transaction record using the reference	1
https://zapier.com/Search/Findtransfer	zapier.com.ai	Search	Findtransfer	findtransfer	findtransfer	Find a transfer record using the transfer code	1
https://zapier.com/Search/Getcustomertotals	zapier.com.ai	Search	Getcustomertotals	getcustomertotals	getcustomertotals	Get a customer's total spend on your Paystack business	1
https://zapier.com/Search/Resolvebank	zapier.com.ai	Search	Resolvebank	resolvebank	resolvebank	Retrieve the full name tied to a Nigerian account number	1
https://zapier.com/Search/Getacall	zapier.com.ai	Search	Getacall	getacall	getacall	Retrieves all call details.	1
https://zapier.com/Search/Getanagent	zapier.com.ai	Search	Getanagent	getanagent	getanagent	Retrieve details of a specific agent.	1
https://zapier.com/Search/Getaphonenumber	zapier.com.ai	Search	Getaphonenumber	getaphonenumber	getaphonenumber	Retrieves a specific phone number.	1
https://zapier.com/Search/Getaretellllm	zapier.com.ai	Search	Getaretellllm	getaretellllm	getaretellllm	Retrieves details of a specific Retell LLM.	1
https://zapier.com/Search/Getvoice	zapier.com.ai	Search	Getvoice	getvoice	getvoice	Get a Voice from retell ai	1
https://zapier.com/Search/GetConcurrency	zapier.com.ai	Search	GetConcurrency	get_concurrency	get_concurrency	Get the current concurrency and concurrency limit of the org.	1
https://zapier.com/Search/GetKnowledgeBase	zapier.com.ai	Search	GetKnowledgeBase	get_knowledge_base	get_knowledge_base	Retrieve details of a specific knowledge base.	1
https://zapier.com/Search/ListAgents	zapier.com.ai	Search	ListAgents	list_agents	list_agents	List all available agent.	1
https://zapier.com/Search/ListKnowledgeBases	zapier.com.ai	Search	ListKnowledgeBases	list_knowledge_bases	list_knowledge_bases	List all knowledge bases.	1
https://zapier.com/Search/ListLlms	zapier.com.ai	Search	ListLlms	list_llms	list_llms	List all Retell LLM Response Engines that can be attached to an agent.	1
https://zapier.com/Search/ListPhoneNumbers	zapier.com.ai	Search	ListPhoneNumbers	list_phone_numbers	list_phone_numbers	List all phone numbers.	1
https://zapier.com/Search/ListVoices	zapier.com.ai	Search	ListVoices	list_voices	list_voices	List all voices available to the user.	1
https://zapier.com/Search/Findalert	zapier.com.ai	Search	Findalert	findalert	findAlert	Find Alert by id.	1
https://zapier.com/Search/Findconversation	zapier.com.ai	Search	Findconversation	findconversation	findConversation	Find conversation by id.	1
https://zapier.com/Search/Finddepartment	zapier.com.ai	Search	Finddepartment	finddepartment	findDepartment	Find Contact by email.	1
https://zapier.com/Search/Findtechnician	zapier.com.ai	Search	Findtechnician	findtechnician	findTechnician	Find Technician by email.	1
https://zapier.com/Search/Findticket	zapier.com.ai	Search	Findticket	findticket	findTicket	Find ticket by id.	1
https://zapier.com/Search/FindDeliveryMethod2	zapier.com.ai	Search	FindDeliveryMethod2	find_delivery_method_2	find_delivery_method_2	Find an existing delivery method	1
https://zapier.com/Search/FindOrder2	zapier.com.ai	Search	FindOrder2	find_order_2	find_order_2	Find an existing quote/invoice.	1
https://zapier.com/Search/FoundLead	zapier.com.ai	Search	FoundLead	found_lead	found_lead	Find a lead in Dealfront by its name or website URL.	1
https://zapier.com/Search/FindContactArgentina	zapier.com.ai	Search	FindContactArgentina	find_contact_argentina	find_contact_argentina	Encontrar un contacto existente.
Find an existing contact.	1
https://zapier.com/Search/FindContactChile	zapier.com.ai	Search	FindContactChile	find_contact_chile	find_contact_chile	Encontrar un contacto existente.
Find an existing contact.	1
https://zapier.com/Search/FindContactCol	zapier.com.ai	Search	FindContactCol	find_contact_col	find_contact_col	Encontrar un contacto existente.
Find an existing contact.	1
https://zapier.com/Search/FindContactCostaRica	zapier.com.ai	Search	FindContactCostaRica	find_contact_costa_rica	find_contact_costa_rica	Encontrar un contacto existente.
Find an existing contact.	1
https://zapier.com/Search/FindContactMexico	zapier.com.ai	Search	FindContactMexico	find_contact_mexico	find_contact_mexico	Encontrar un contacto existente.
Find an existing contact.	1
https://zapier.com/Search/FindContactPanama	zapier.com.ai	Search	FindContactPanama	find_contact_panama	find_contact_panama	Encontrar un contacto existente. Find an existing contact.	1
https://zapier.com/Search/FindContactPeru	zapier.com.ai	Search	FindContactPeru	find_contact_peru	find_contact_peru	Encontrar un contacto existente.
Find an existing contact.	1
https://zapier.com/Search/FindItemsV1	zapier.com.ai	Search	FindItemsV1	find_items_v1	find_items_v1	Encontrar varios items existentes. Find many existing items.	1
https://zapier.com/Search/FindItemCostaRica	zapier.com.ai	Search	FindItemCostaRica	find_item_costa_rica	find_item_costa_rica	Encontrar un ítem existente in Costa Rica. 
Find an existing item Costa Rica.	1
https://zapier.com/Search/FindItemMexico	zapier.com.ai	Search	FindItemMexico	find_item_mexico	find_item_mexico	Encontrar un ítem existente en México. 
Find an existing item in Mexico.	1
https://zapier.com/Search/FindItemV2	zapier.com.ai	Search	FindItemV2	find_item_v2	find_item_v2	Encontrar un ítem existente. 
Find an existing item.	1
https://zapier.com/Search/FindTax	zapier.com.ai	Search	FindTax	find_tax	find_tax	Encontrar un impuesto en Alegra. 
Find a Tax in Alegra.	1
https://zapier.com/Search/FindTeamMember	zapier.com.ai	Search	FindTeamMember	find_team_member	find_team_member	Finds a Team Member by Email	1
https://zapier.com/Search/FindTeamMemberById	zapier.com.ai	Search	FindTeamMemberById	find_team_member_by_id	find_team_member_by_id	Finds a Team Member by ID	1
https://zapier.com/Search/FindUserById	zapier.com.ai	Search	FindUserById	find_user_by_id	find_user_by_id	Finds a Member by the ID or returns an empty list	1
https://zapier.com/Search/SearchCalllog	zapier.com.ai	Search	SearchCalllog	search_calllog	search_calllog	Finds a call log based on related entity, call date and call updated date.	1
https://zapier.com/Search/SearchCandidate	zapier.com.ai	Search	SearchCandidate	search_candidate	search_candidate	Finds a candidates based on first name, last name, email, Linkedin profile, contact number, state, country, candidate created date, candidate updated date, owner id, owner name and owner email.	1
https://zapier.com/Search/SearchEnrollment	zapier.com.ai	Search	SearchEnrollment	search_enrollment	search_enrollment	Finds an enrollment based on enrollment ID, sequence ID, prospect slug, enrollment status	1
https://zapier.com/Search/SearchHotlist	zapier.com.ai	Search	SearchHotlist	search_hotlist	search_hotlist	Finds a hotlist based on related entity, hotlist name and hotlist shared status.	1
https://zapier.com/Search/FindAddress	zapier.com.ai	Search	FindAddress	find_address	find_address	Finds an address by ID or customer ID.	1
https://zapier.com/Search/SearchEvents	zapier.com.ai	Search	SearchEvents	search_events	search_events	Finds events by their ID, name, page id or event id.	1
https://zapier.com/Search/SearchListsAction	zapier.com.ai	Search	SearchListsAction	search_lists_action	search_lists_action	Searches for lists by name or ID and returns detailed list information. Partial name matching is supported.	1
https://zapier.com/Search/SearchPathJourneyParticipants	zapier.com.ai	Search	SearchPathJourneyParticipants	search_path_journey_participants	search_path_journey_participants	Search for all participants on a specific path.	1
https://zapier.com/Search/SearchSignupAction	zapier.com.ai	Search	SearchSignupAction	search_signup_action	search_signup_action	Search for a person or organization by email address	1
https://zapier.com/Search/SearchSignupTaggingsAction	zapier.com.ai	Search	SearchSignupTaggingsAction	search_signup_taggings_action	search_signup_taggings_action	Search for person or organization tags by signup ID and/or tag ID.	1
https://zapier.com/Search/FindFileContent	zapier.com.ai	Search	FindFileContent	find_file_content	find_file_content	Finds a file by a phrase or keyword. We'll look for the search terms in both file name and content.	1
https://zapier.com/Search/FindFileContentV2	zapier.com.ai	Search	FindFileContentV2	find_file_content_v2	find_file_content_v2	Finds a file by a phrase or keyword. We'll look for the search terms in both file name and content.	1
https://zapier.com/Search/FindFileV2	zapier.com.ai	Search	FindFileV2	find_file_v2	find_file_v2	Finds a specific file by name.	1
https://zapier.com/Search/FindFolder	zapier.com.ai	Search	FindFolder	find_folder	find_folder	Finds a specific folder by name.	1
https://zapier.com/Search/FindFolderV2	zapier.com.ai	Search	FindFolderV2	find_folder_v2	find_folder_v2	Finds a specific folder by name.	1
https://zapier.com/Search/Absence	zapier.com.ai	Search	Absence	absence	absence	Finds absences based on a date.	1
https://zapier.com/Search/FindAppointments	zapier.com.ai	Search	FindAppointments	find_appointments	find_appointments	Finds appointments by contact.	1
https://zapier.com/Search/FindClients	zapier.com.ai	Search	FindClients	find_clients	find_clients	Finds a Client in OrbisX	1
https://zapier.com/Search/FindClientEvents	zapier.com.ai	Search	FindClientEvents	find_client_events	find_client_events	Finds a list of client's events in OrbisX	1
https://zapier.com/Search/FindLeads	zapier.com.ai	Search	FindLeads	find_leads	find_leads	Finds a Lead in OrbisX	1
https://zapier.com/Search/FindProjectOwner	zapier.com.ai	Search	FindProjectOwner	find_project_owner	find_project_owner	Finds the project owner (searches by email ID).	1
https://zapier.com/Search/SearchStories	zapier.com.ai	Search	SearchStories	search_stories	search_stories	Search for Stories in Shortcut.	1
https://zapier.com/Search/QueryContact	zapier.com.ai	Search	QueryContact	query_contact	query_contact	Finds an existing contact.	1
https://zapier.com/Search/BillSearch	zapier.com.ai	Search	BillSearch	bill_search	bill_search	Search for a bill by bill number and issuer ID.	1
https://zapier.com/Search/CustomentitySearchByCustomField	zapier.com.ai	Search	CustomentitySearchByCustomField	customentity_search_by_custom_field	customEntity_search_by_custom_field	Search for a custom entry by custom field value.	1
https://zapier.com/Search/PurchaseorderSearch	zapier.com.ai	Search	PurchaseorderSearch	purchaseorder_search	purchaseOrder_search	Search for a purchase order by purchase order number.	1
https://zapier.com/Search/QouteSearch	zapier.com.ai	Search	QouteSearch	qoute_search	qoute_search	Search for a quote by quote number.	1
https://zapier.com/Search/TaskSearchByCustomField	zapier.com.ai	Search	TaskSearchByCustomField	task_search_by_custom_field	task_search_by_custom_field	Search for a task by custom field value.	1
https://zapier.com/Search/TaskSearchByProject	zapier.com.ai	Search	TaskSearchByProject	task_search_by_project	task_search_by_project	Search for a task by task name.	1
https://zapier.com/Search/BillingSubscriptionv2search	zapier.com.ai	Search	BillingSubscriptionv2search	billing_subscriptionv2search	billing_subscriptionV2Search	Retrieves a billing subscription.	1
https://zapier.com/Search/Customerv2search	zapier.com.ai	Search	Customerv2search	customerv2search	customerV2Search	Retrieves a customer.	1
https://zapier.com/Search/CustomerInvoicev2search	zapier.com.ai	Search	CustomerInvoicev2search	customer_invoicev2search	customer_invoiceV2Search	Retrieves an invoice.	1
https://zapier.com/Search/Productv2search	zapier.com.ai	Search	Productv2search	productv2search	productV2Search	Retrieves a product.	1
https://zapier.com/Search/Quotev2search	zapier.com.ai	Search	Quotev2search	quotev2search	quoteV2Search	Retrieves a quote.	1
https://zapier.com/Search/Findperson	zapier.com.ai	Search	Findperson	findperson	findPerson	Search for a user by email or by customer id.	1
https://zapier.com/Search/Assemblysearch	zapier.com.ai	Search	Assemblysearch	assemblysearch	assemblySearch	Search for assembly by status, sale id or other fields.	1
https://zapier.com/Search/Paymentsearch	zapier.com.ai	Search	Paymentsearch	paymentsearch	paymentSearch	Search for sale payments by sale id, order number, invoice number, credit note number.	1
https://zapier.com/Search/Productavailabilitysearch	zapier.com.ai	Search	Productavailabilitysearch	productavailabilitysearch	productAvailabilitySearch	Search for products availability.	1
https://zapier.com/Search/Salecreditnotesearch	zapier.com.ai	Search	Salecreditnotesearch	salecreditnotesearch	saleCreditNoteSearch	Search for sale credit note by id.	1
https://zapier.com/Search/Salefulfilmentsearch	zapier.com.ai	Search	Salefulfilmentsearch	salefulfilmentsearch	saleFulfilmentSearch	Search for sale fulfilment by id.	1
https://zapier.com/Search/Saleinvoicesearch	zapier.com.ai	Search	Saleinvoicesearch	saleinvoicesearch	saleInvoiceSearch	Search for sale invoice by id.	1
https://zapier.com/Search/Salesearch	zapier.com.ai	Search	Salesearch	salesearch	saleSearch	Search for sale by id.	1
https://zapier.com/Search/Salesearchextended	zapier.com.ai	Search	Salesearchextended	salesearchextended	saleSearchExtended	Search for sale by order number, status, customer, invoice number, customer reference, credit note number.	1
https://zapier.com/Search/FindLink	zapier.com.ai	Search	FindLink	find_link	find_link	Find your branded link.	1
https://zapier.com/Search/CreateAccountsearch	zapier.com.ai	Search	CreateAccountsearch	create_accountsearch	create_accountSearch	Finds an account by a few fields.	1
https://zapier.com/Search/Getactivitydetail	zapier.com.ai	Search	Getactivitydetail	getactivitydetail	getActivityDetail	This Helps you get the activity details of the particular activity.	1
https://zapier.com/Search/Getusers	zapier.com.ai	Search	Getusers	getusers	getUsers	Get all the users.	1
https://zapier.com/Search/GetLeadEmail	zapier.com.ai	Search	GetLeadEmail	get_lead_email	get_lead_email	Find an existing lead using email address or lead ID.	1
https://zapier.com/Search/Searchstarttimes	zapier.com.ai	Search	Searchstarttimes	searchstarttimes	searchStartTimes	Get upcoming times for a given webinar.	1
https://zapier.com/Search/SearchShipments	zapier.com.ai	Search	SearchShipments	search_shipments	search_shipments	This searches for shipments for an order in Mollie.	1
https://zapier.com/Search/Listarchivedocuments	zapier.com.ai	Search	Listarchivedocuments	listarchivedocuments	listArchiveDocuments	Lists the archive documents.	1
https://zapier.com/Search/Listbinissueddocuments	zapier.com.ai	Search	Listbinissueddocuments	listbinissueddocuments	listBinIssuedDocuments	Get bin issued documents list	1
https://zapier.com/Search/Listbinreceiveddocuments	zapier.com.ai	Search	Listbinreceiveddocuments	listbinreceiveddocuments	listBinReceivedDocuments	Get bin Received documents list	1
https://zapier.com/Search/Listcashbookentries	zapier.com.ai	Search	Listcashbookentries	listcashbookentries	listCashbookEntries	Lists the cashbook entries.	1
https://zapier.com/Search/Listcities	zapier.com.ai	Search	Listcities	listcities	listCities	Lists the Italian cities.	1
https://zapier.com/Search/Listclients	zapier.com.ai	Search	Listclients	listclients	listClients	Lists the clients.	1
https://zapier.com/Search/Listemails	zapier.com.ai	Search	Listemails	listemails	listEmails	List Emails.	1
https://zapier.com/Search/Listf24	zapier.com.ai	Search	Listf24	listf24	listF24	Lists the F24s.	1
https://zapier.com/Search/Listissueddocuments	zapier.com.ai	Search	Listissueddocuments	listissueddocuments	listIssuedDocuments	Lists the issued documents.	1
https://zapier.com/Search/Listpaymentaccounts	zapier.com.ai	Search	Listpaymentaccounts	listpaymentaccounts	listPaymentAccounts	Lists the available payment accounts.	1
https://zapier.com/Search/Listpaymentmethods	zapier.com.ai	Search	Listpaymentmethods	listpaymentmethods	listPaymentMethods	Lists the available payment methods.	1
https://zapier.com/Search/Listproducts	zapier.com.ai	Search	Listproducts	listproducts	listProducts	Lists the products.	1
https://zapier.com/Search/Listreceipts	zapier.com.ai	Search	Listreceipts	listreceipts	listReceipts	Lists the receipts.	1
https://zapier.com/Search/Listreceiveddocuments	zapier.com.ai	Search	Listreceiveddocuments	listreceiveddocuments	listReceivedDocuments	Lists the received documents.	1
https://zapier.com/Search/Listsuppliers	zapier.com.ai	Search	Listsuppliers	listsuppliers	listSuppliers	Lists the suppliers.	1
https://zapier.com/Search/Listtemplates	zapier.com.ai	Search	Listtemplates	listtemplates	listTemplates	Lists the available templates.	1
https://zapier.com/Search/Listvattypes	zapier.com.ai	Search	Listvattypes	listvattypes	listVatTypes	Lists the available vat types.	1
https://zapier.com/Search/Listwebhookssubscriptions	zapier.com.ai	Search	Listwebhookssubscriptions	listwebhookssubscriptions	listWebhooksSubscriptions	List active webhooks subscriptions.	1
https://zapier.com/Search/GetSubscriber	zapier.com.ai	Search	GetSubscriber	get_subscriber	get_subscriber	Make a call to this endpoint to list all subscription types and channels a user is subscribed to. You can query for a subscriber using either their phone number or email. One of the query parameters is required in order to look up a subscriber. As an example, you can use this endpoint to check if a subscriber is eligible to receive SMS or email campaigns, and then send them a message based on that eligibility.	1
https://zapier.com/Search/JobConsiderationsearch	zapier.com.ai	Search	JobConsiderationsearch	job_considerationsearch	job_considerationSearch	Finds an existing job consideration by candidate and job.	1
https://zapier.com/Search/Openingsearch	zapier.com.ai	Search	Openingsearch	openingsearch	openingSearch	Finds an existing opening by identifier	1
https://zapier.com/Search/Companylookup	zapier.com.ai	Search	Companylookup	companylookup	companyLookup	Find a company by domain or email.	1
https://zapier.com/Search/Contactssearch	zapier.com.ai	Search	Contactssearch	contactssearch	contactsSearch	Find a contact by name, company, email, phone or any combination.	1
https://zapier.com/Search/Personlookup	zapier.com.ai	Search	Personlookup	personlookup	personLookup	Find a person by email, phone or Twitter handle.	1
https://zapier.com/Search/FilterAllClientsByEmail	zapier.com.ai	Search	FilterAllClientsByEmail	filter_all_clients_by_email	Filter_all_clients_by_email	Finds a client by a given email address	1
https://zapier.com/Search/FilterHomes	zapier.com.ai	Search	FilterHomes	filter_homes	filter_homes	Use a normalized address to find a matching home. Very useful in scenarios when a home creation request has failed due to that address already existing in the system for a given customer.	1
https://zapier.com/Search/RetrieveClient	zapier.com.ai	Search	RetrieveClient	retrieve_client	retrieve_client	Get a name, email, and phone number for a client. Check a client's language preference (locale can be english or espanol), buyer's target close date or target zip codes for purchase (market interest).	1
https://zapier.com/Search/RetrieveListHomes	zapier.com.ai	Search	RetrieveListHomes	retrieve_list_homes	Retrieve_list_homes	Using a client ID, get a list of all homes associated with that client	1
https://zapier.com/Search/FindIssue	zapier.com.ai	Search	FindIssue	find_issue	find_issue	Searches for an issue, either using the issue's key, or its summary.	1
https://zapier.com/Search/FindMatterCustomField	zapier.com.ai	Search	FindMatterCustomField	find_matter_custom_field	find_matter_custom_field	Find a matter custom field based on the supplied custom field name.	1
https://zapier.com/Search/FindTaxCode	zapier.com.ai	Search	FindTaxCode	find_tax_code	find_tax_code	Finds a tax code record based on the supplied code.	1
https://zapier.com/Search/RetrieveMatterCustomFieldValue	zapier.com.ai	Search	RetrieveMatterCustomFieldValue	retrieve_matter_custom_field_value	retrieve_matter_custom_field_value	Retrieve a matter custom field value based on the supplied custom field id and matter id.	1
https://zapier.com/Search/Searchcontacts	zapier.com.ai	Search	Searchcontacts	searchcontacts	SearchContacts	Find a contact/participant by name or ID.	1
https://zapier.com/Search/Searchmatters	zapier.com.ai	Search	Searchmatters	searchmatters	SearchMatters	Finds a matter/action by name or ID.	1
https://zapier.com/Search/SearchForContact	zapier.com.ai	Search	SearchForContact	search_for_contact	search_for_contact	Find a contact based on different search criteria.	1
https://zapier.com/Search/SearchForMatter	zapier.com.ai	Search	SearchForMatter	search_for_matter	search_for_matter	Find a matter based on different search criteria.	1
https://zapier.com/Search/GetAttendance	zapier.com.ai	Search	GetAttendance	get_attendance	get_attendance	Fetch recent attendance (single) by different parameters	1
https://zapier.com/Search/GetAttendanceMany	zapier.com.ai	Search	GetAttendanceMany	get_attendance_many	get_attendance_many	Fetch attendance history (multiple entries) for a member	1
https://zapier.com/Search/GetBookings	zapier.com.ai	Search	GetBookings	get_bookings	get_bookings	Fetch a single booking by various filters	1
https://zapier.com/Search/GetBookingsMany	zapier.com.ai	Search	GetBookingsMany	get_bookings_many	get_bookings_many	Get a list of bookings by specific filters	1
https://zapier.com/Search/GetLeads	zapier.com.ai	Search	GetLeads	get_leads	get_leads	Fetch a single lead based on provided filters	1
https://zapier.com/Search/GetLeadsMany	zapier.com.ai	Search	GetLeadsMany	get_leads_many	get_leads_many	Get a list of leads by different filters	1
https://zapier.com/Search/GetMembers	zapier.com.ai	Search	GetMembers	get_members	get_members	Fetch a single member by different filters	1
https://zapier.com/Search/GetMembersMany	zapier.com.ai	Search	GetMembersMany	get_members_many	get_members_many	Fetch multiple members at once	1
https://zapier.com/Search/FoundCustomer	zapier.com.ai	Search	FoundCustomer	found_customer	found_customer	Finds an existing customer.	1
https://zapier.com/Search/Getbillbyid	zapier.com.ai	Search	Getbillbyid	getbillbyid	getBillById	Finds an existing bill in Mews by unique identifier.	1
https://zapier.com/Search/Getcustomer	zapier.com.ai	Search	Getcustomer	getcustomer	getCustomer	Finds an existing customer in Mews.	1
https://zapier.com/Search/Getratebyid	zapier.com.ai	Search	Getratebyid	getratebyid	getRateById	Finds the price of a rate for the defined interval in Mews.	1
https://zapier.com/Search/Getreservationbycustomerid	zapier.com.ai	Search	Getreservationbycustomerid	getreservationbycustomerid	getReservationByCustomerId	Finds an existing reservation in Mews by Customer Id	1
https://zapier.com/Search/Getreservationbyreservationid	zapier.com.ai	Search	Getreservationbyreservationid	getreservationbyreservationid	getReservationByReservationId	Finds an existing reservation in Mews by Reservation Id	1
https://zapier.com/Search/FindSale	zapier.com.ai	Search	FindSale	find_sale	find_sale	Finds an existing sale (invoice or receipt).	1
https://zapier.com/Search/FindCandidateInJob	zapier.com.ai	Search	FindCandidateInJob	find_candidate_in_job	find_candidate_in_job	Find a candidate in your Workable account in a specific job.	1
https://zapier.com/Search/SearchAccountByName	zapier.com.ai	Search	SearchAccountByName	search_account_by_name	search_account_by_name	Find an existing account by name.	1
https://zapier.com/Search/SearchLeadByEmail	zapier.com.ai	Search	SearchLeadByEmail	search_lead_by_email	search_lead_by_email	Find an existing lead by email.	1
https://zapier.com/Search/FindBusinessClient	zapier.com.ai	Search	FindBusinessClient	find_business_client	find_business_client	Finds a business client by name, email or external id. Must have one of the following filters: 
- Business Name- Email Address- External ID	1
https://zapier.com/Search/FindIndividualClient	zapier.com.ai	Search	FindIndividualClient	find_individual_client	find_individual_client	Finds an individual client by first name, last name, email, and external id. Must have one of the following filters: 
- First Name and Last Name 
- Email Address 
- External ID.	1
https://zapier.com/Search/Searchcampaign	zapier.com.ai	Search	Searchcampaign	searchcampaign	searchCampaign	Search for campaigns by ID or contact address.	1
https://zapier.com/Search/Searchsupporter	zapier.com.ai	Search	Searchsupporter	searchsupporter	searchSupporter	Search for supporters by ID or email address.	1
https://zapier.com/Search/ProspectSearch	zapier.com.ai	Search	ProspectSearch	prospect-search	prospect-search	Finds a prospect based on email or phone.	1
https://zapier.com/Search/Customervendorsearch	zapier.com.ai	Search	Customervendorsearch	customervendorsearch	customerVendorSearch	Finds an existing customer/vendor or customer/vendor lead by full name or email.	1
https://zapier.com/Search/Vendorsearch	zapier.com.ai	Search	Vendorsearch	vendorsearch	vendorSearch	Finds an existing vendor by full name or email.	1
https://zapier.com/Search/CurrentAirQuality	zapier.com.ai	Search	CurrentAirQuality	current_air_quality	current_air_quality	Gets the current air quality for a location.	1
https://zapier.com/Search/Findcontacts	zapier.com.ai	Search	Findcontacts	findcontacts	findContacts	Find a Contact by unique Email Address or Custom Field	1
https://zapier.com/Search/Findproject	zapier.com.ai	Search	Findproject	findproject	findProject	Find a Project by unique Name, ID or Custom Field	1
https://zapier.com/Search/People	zapier.com.ai	Search	People	people	people	Search for people by keyword, name, title, company.	1
https://zapier.com/Search/Attendeesearch	zapier.com.ai	Search	Attendeesearch	attendeesearch	attendeeSearch	Finds an attendee.	1
https://zapier.com/Search/Meetingsearch	zapier.com.ai	Search	Meetingsearch	meetingsearch	meetingSearch	Finds a meeting.	1
https://zapier.com/Search/FindAttendees	zapier.com.ai	Search	FindAttendees	find_attendees	find_attendees	Find attendees in your connected WordPress site.	1
https://zapier.com/Search/FindReferrer	zapier.com.ai	Search	FindReferrer	find_referrer	find_referrer	Searches for a referrer in BrokerEngine based on their email address.	1
https://zapier.com/Search/FindFundraisingPage	zapier.com.ai	Search	FindFundraisingPage	find_fundraising_page	find_fundraising_page	Searches for fundraising pages	1
https://zapier.com/Search/SearchClient	zapier.com.ai	Search	SearchClient	search_client	search_client	Finds a client by name.	1
https://zapier.com/Search/FoundTicket	zapier.com.ai	Search	FoundTicket	found_ticket	found_ticket	Finds an existing ticket.	1
https://zapier.com/Search/Bookingby	zapier.com.ai	Search	Bookingby	bookingby	bookingBy	Find booking by id or reference	1
https://zapier.com/Search/Memberby	zapier.com.ai	Search	Memberby	memberby	memberBy	Find member by id, name, or email	1
https://zapier.com/Search/Officeby	zapier.com.ai	Search	Officeby	officeby	officeBy	Find location by id, name or city	1
https://zapier.com/Search/Teamby	zapier.com.ai	Search	Teamby	teamby	teamBy	Find company by id, name, or email	1
https://zapier.com/Search/CompanyVendor	zapier.com.ai	Search	CompanyVendor	company_vendor	company_vendor	Search for company vendor by id.	1
https://zapier.com/Search/GetProjectDetailsById	zapier.com.ai	Search	GetProjectDetailsById	get_project_details_by_id	get_project_details_by_id	Show details for the specified project in Procore.	1
https://zapier.com/Search/IncidentFind	zapier.com.ai	Search	IncidentFind	incident_find	incident_find	Search for an incident by id.	1
https://zapier.com/Search/ProjectFileSearch	zapier.com.ai	Search	ProjectFileSearch	project_file_search	project_file_search	Search for a project document by id.	1
https://zapier.com/Search/ProjectTaskSearch	zapier.com.ai	Search	ProjectTaskSearch	project_task_search	project_task_search	Search for a project task by id.	1
https://zapier.com/Search/ScheduledTaskSearch	zapier.com.ai	Search	ScheduledTaskSearch	scheduled_task_search	scheduled_task_search	Search for a project scheduled task by id.	1
https://zapier.com/Search/SubmittalSearch	zapier.com.ai	Search	SubmittalSearch	submittal_search	submittal_search	Search for a submittal by id.	1
https://zapier.com/Search/TimesheetFind	zapier.com.ai	Search	TimesheetFind	timesheet_find	timesheet_find	Search for a timesheet by id.	1
https://zapier.com/Search/WbsFind	zapier.com.ai	Search	WbsFind	wbs_find	wbs_find	Search for a Work Breakdown Structure (WBS) code by ID.	1
https://zapier.com/Search/Find	zapier.com.ai	Search	Find	find	find	Busca un contacto / Search a customer	1
https://zapier.com/Search/Findagent	zapier.com.ai	Search	Findagent	findagent	findAgent	Busca un agente / Search a agent	1
https://zapier.com/Search/FindDownloadDocument	zapier.com.ai	Search	FindDownloadDocument	find_download_document	find_download_document	Finds and downloads a document (Needs the document hash from the "Document Completed" Trigger).	1
https://zapier.com/Search/FindCompanyNew	zapier.com.ai	Search	FindCompanyNew	find_company_new	find_company_new	Finds an existing company.	1
https://zapier.com/Search/FindContactNew	zapier.com.ai	Search	FindContactNew	find_contact_new	find_contact_new	Finds an existing contact.	1
https://zapier.com/Search/Printjob	zapier.com.ai	Search	Printjob	printjob	printjob	Gets a print job.	1
https://zapier.com/Search/Findmatter	zapier.com.ai	Search	Findmatter	findmatter	FindMatter	Searches for a matter by name or number, or create one if not found.	1
https://zapier.com/Search/GetDealByemail	zapier.com.ai	Search	GetDealByemail	get_deal_byemail	get_deal_byemail	Retrieves a deal record using an email address as the lookup	1
https://zapier.com/Search/GetPersonByemail	zapier.com.ai	Search	GetPersonByemail	get_person_byemail	get_person_byemail	Retrieves a person record using an email address as the lookup	1
https://zapier.com/Search/BookingLookup	zapier.com.ai	Search	BookingLookup	booking_lookup	booking_lookup	Finds a booking by ID.	1
https://zapier.com/Search/GuestLookup	zapier.com.ai	Search	GuestLookup	guest_lookup	guest_lookup	Finds a guest by ID.	1
https://zapier.com/Search/PropertyLookup	zapier.com.ai	Search	PropertyLookup	property_lookup	property_lookup	Finds a property by ID.	1
https://zapier.com/Search/FindPersonEmail	zapier.com.ai	Search	FindPersonEmail	find_person_email	find_person_email	Find an existing person by using Email Address as a lookup.	1
https://zapier.com/Search/FindPersonPhone	zapier.com.ai	Search	FindPersonPhone	find_person_phone	find_person_phone	Find an existing person by using Mobile Phone as a lookup.	1
https://zapier.com/Search/FindMessageById	zapier.com.ai	Search	FindMessageById	find_message_by_id	find_message_by_id	Find a Team Chat message by its message id.	1
https://zapier.com/Search/GetGenerationStatus	zapier.com.ai	Search	GetGenerationStatus	get_generation_status	get_generation_status	Check the status of a gamma generation request	1
https://zapier.com/Search/Searchorder	zapier.com.ai	Search	Searchorder	searchorder	searchOrder	Finds an Order by Number.	1
https://zapier.com/Search/Searchtable	zapier.com.ai	Search	Searchtable	searchtable	searchTable	Finds an existing record.	1
https://zapier.com/Search/SearchSchedule	zapier.com.ai	Search	SearchSchedule	search_schedule	search_schedule	Search Schedule by dates and location	1
https://zapier.com/Search/Checkmemberevent	zapier.com.ai	Search	Checkmemberevent	checkmemberevent	checkMemberEvent	Checks the last event for a member against an event type and time of your choice. Best used in conjunction with Updated Pass Trigger.	1
https://zapier.com/Search/TeamMemberSearch	zapier.com.ai	Search	TeamMemberSearch	team_member_search	team_member_search	Find team member by email address, name or ID.	1
https://zapier.com/Search/FindPost	zapier.com.ai	Search	FindPost	find_post	find_post	Finds an existing post.	1
https://zapier.com/Search/FindChannelById	zapier.com.ai	Search	FindChannelById	find_channel_by_id	find_channel_by_id	Find a channel by its ID.	1
https://zapier.com/Search/FindChannelByName	zapier.com.ai	Search	FindChannelByName	find_channel_by_name	find_channel_by_name	Find a channel by its Name.	1
https://zapier.com/Search/FindUserByEmail	zapier.com.ai	Search	FindUserByEmail	find_user_by_email	find_user_by_email	Find a user by their Email.	1
https://zapier.com/Search/Affiliationsearch	zapier.com.ai	Search	Affiliationsearch	affiliationsearch	affiliationSearch	Find an existing affiliation by ID.	1
https://zapier.com/Search/AffiliationRequestsearch	zapier.com.ai	Search	AffiliationRequestsearch	affiliation_requestsearch	affiliation_requestSearch	Find an existing affiliation request by ID.	1
https://zapier.com/Search/CancellationActsearch	zapier.com.ai	Search	CancellationActsearch	cancellation_actsearch	cancellation_actSearch	Find an existing cancellation act by ID.	1
https://zapier.com/Search/Checkoutsearch	zapier.com.ai	Search	Checkoutsearch	checkoutsearch	checkoutSearch	Find an existing checkout by ID.	1
https://zapier.com/Search/Clicksearch	zapier.com.ai	Search	Clicksearch	clicksearch	clickSearch	Find an existing click by ID.	1
https://zapier.com/Search/Fulfillmentsearch	zapier.com.ai	Search	Fulfillmentsearch	fulfillmentsearch	fulfillmentSearch	Find an existing fulfillment by ID.	1
https://zapier.com/Search/FulfillmentItemsearch	zapier.com.ai	Search	FulfillmentItemsearch	fulfillment_itemsearch	fulfillment_itemSearch	Find an existing fulfillment item by ID.	1
https://zapier.com/Search/LineItemsearch	zapier.com.ai	Search	LineItemsearch	line_itemsearch	line_itemSearch	Find an existing line item by ID.	1
https://zapier.com/Search/PaymentIntentsearch	zapier.com.ai	Search	PaymentIntentsearch	payment_intentsearch	payment_intentSearch	Find an existing payment intent by ID.	1
https://zapier.com/Search/PaymentMethodsearch	zapier.com.ai	Search	PaymentMethodsearch	payment_methodsearch	payment_methodSearch	Find an existing payment method by ID.	1
https://zapier.com/Search/Payoutsearch	zapier.com.ai	Search	Payoutsearch	payoutsearch	payoutSearch	Find an existing payout by ID.	1
https://zapier.com/Search/PayoutGroupsearch	zapier.com.ai	Search	PayoutGroupsearch	payout_groupsearch	payout_groupSearch	Find an existing payout group by ID.	1
https://zapier.com/Search/Pricesearch	zapier.com.ai	Search	Pricesearch	pricesearch	priceSearch	Find an existing price by ID.	1
https://zapier.com/Search/Promotionsearch	zapier.com.ai	Search	Promotionsearch	promotionsearch	promotionSearch	Find an existing promotion by ID.	1
https://zapier.com/Search/Purchasesearch	zapier.com.ai	Search	Purchasesearch	purchasesearch	purchaseSearch	Find an existing purchase by ID.	1
https://zapier.com/Search/Referralsearch	zapier.com.ai	Search	Referralsearch	referralsearch	referralSearch	Find an existing referral by ID.	1
https://zapier.com/Search/ReferralItemsearch	zapier.com.ai	Search	ReferralItemsearch	referral_itemsearch	referral_itemSearch	Find an existing referral item by ID.	1
https://zapier.com/Search/Refundsearch	zapier.com.ai	Search	Refundsearch	refundsearch	refundSearch	Find an existing refund by ID.	1
https://zapier.com/Search/ReturnItemsearch	zapier.com.ai	Search	ReturnItemsearch	return_itemsearch	return_itemSearch	Find an existing return item by ID.	1
https://zapier.com/Search/ReturnRequestsearch	zapier.com.ai	Search	ReturnRequestsearch	return_requestsearch	return_requestSearch	Find an existing return request by ID.	1
https://zapier.com/Search/Trackingsearch	zapier.com.ai	Search	Trackingsearch	trackingsearch	trackingSearch	Find an existing tracking by ID.	1
https://zapier.com/Search/FindTopicByModeratorTag	zapier.com.ai	Search	FindTopicByModeratorTag	find_topic_by_moderator_tag	find_topic_by_moderator_tag	Finds a topic by a moderator tag.	1
https://zapier.com/Search/GetUserAssignedPoints	zapier.com.ai	Search	GetUserAssignedPoints	get_user_assigned_points	get_user_assigned_points	Get the assigned points of a user.	1
https://zapier.com/Search/Appconnectionsearch	zapier.com.ai	Search	Appconnectionsearch	appconnectionsearch	appConnectionSearch	Search for an app connection from a manual app.	1
https://zapier.com/Search/Appinstallsearch	zapier.com.ai	Search	Appinstallsearch	appinstallsearch	appInstallSearch	Search for an app install by ID.	1
https://zapier.com/Search/Customfieldoptionsearch	zapier.com.ai	Search	Customfieldoptionsearch	customfieldoptionsearch	customFieldOptionSearch	Search for a custom field option by custom field ID and label.	1
https://zapier.com/Search/Filechannelsearch	zapier.com.ai	Search	Filechannelsearch	filechannelsearch	fileChannelSearch	Search for a file channel by ID or by membership type, membership entity and member. If ID is passed in, the other search criteria are ignored. If ID is not passed in then all other search criteria "AND" together to find a file channel.	1
https://zapier.com/Search/Filessearch	zapier.com.ai	Search	Filessearch	filessearch	filesSearch	Search for a file by ID.	1
https://zapier.com/Search/Internalusersearch	zapier.com.ai	Search	Internalusersearch	internalusersearch	internalUserSearch	Search for an internal user by ID.	1
https://zapier.com/Search/Messagechannelsearch	zapier.com.ai	Search	Messagechannelsearch	messagechannelsearch	messageChannelSearch	Search for a message channel by ID or by filters	1
https://zapier.com/Search/Tasktemplatesearch	zapier.com.ai	Search	Tasktemplatesearch	tasktemplatesearch	taskTemplateSearch	Search for a task template by ID or by filters	1
https://zapier.com/Search/FullCalendarEventSearch	zapier.com.ai	Search	FullCalendarEventSearch	full_calendar_event_search	full_calendar_event_search	Searches & retrieves the latest data for a Calendar Event	1
https://zapier.com/Search/FullContactSearch	zapier.com.ai	Search	FullContactSearch	full_contact_search	full_contact_search	Searches & retrieves the latest data for a full Contact record	1
https://zapier.com/Search/FullListingSearch	zapier.com.ai	Search	FullListingSearch	full_listing_search	full_listing_search	Searches & retrieves the latest data for a full Listing record	1
https://zapier.com/Search/FullPropertySearch	zapier.com.ai	Search	FullPropertySearch	full_property_search	full_property_search	Searches & retrieves the latest data for a full Property record	1
https://zapier.com/Search/ScorecardDue	zapier.com.ai	Search	ScorecardDue	scorecard_due	scorecard_due	Looks up a Due Scorecard by ID (found via the Trigger).	1
https://zapier.com/Search/Listversionstacks	zapier.com.ai	Search	Listversionstacks	listversionstacks	listVersionStacks	List all version stacks in a project.	1
https://zapier.com/Search/ShowComment	zapier.com.ai	Search	ShowComment	show_comment	show_comment	Retrieves detailed information about a specific comment.	1
https://zapier.com/Search/ShowFile	zapier.com.ai	Search	ShowFile	show_file	show_file	Retrieves detailed information about a specific file.	1
https://zapier.com/Search/ShowProject	zapier.com.ai	Search	ShowProject	show_project	show_project	Get detailed information about a specific project.	1
https://zapier.com/Search/ClientProperties	zapier.com.ai	Search	ClientProperties	client_properties	client_properties	Get client properties based on client id.	1
https://zapier.com/Search/FindAgent	zapier.com.ai	Search	FindAgent	find_agent	find_agent	Find an agent's information by email.	1
https://zapier.com/Search/TaskById	zapier.com.ai	Search	TaskById	task_by_id	task_by_id	Finds a task based on id.	1
https://zapier.com/Search/LoggedTimesearch	zapier.com.ai	Search	LoggedTimesearch	logged_timesearch	logged_timeSearch	Finds a logged time by ID.	1
https://zapier.com/Search/GetCalendarDetails	zapier.com.ai	Search	GetCalendarDetails	get_calendar_details	get_calendar_details	Get calendar details by ID	1
https://zapier.com/Search/LookupCalendars	zapier.com.ai	Search	LookupCalendars	lookup_calendars	lookup_calendars	Get all calendars in a location.	1
https://zapier.com/Search/LookupCalendarEvents	zapier.com.ai	Search	LookupCalendarEvents	lookup_calendar_events	lookup_calendar_events	Get Calendar  Events	1
https://zapier.com/Search/LookupContact	zapier.com.ai	Search	LookupContact	lookup_contact	lookup_contact	Lookup Contacts in the database at HighLevel based on available search filters	1
https://zapier.com/Search/LookupCustomValue	zapier.com.ai	Search	LookupCustomValue	lookup_custom_value	lookup_custom_value	Lookup for Value of a Custom Value, given the location id and the name of the custom value	1
https://zapier.com/Search/LookupLocation	zapier.com.ai	Search	LookupLocation	lookup_location	lookup_location	Lookup Locations in the database at HighLevel based on available search filters	1
https://zapier.com/Search/LookupSaasLocation	zapier.com.ai	Search	LookupSaasLocation	lookup_saas_location	lookup_saas_location	Lookup Saas Locations for a user in the database at HighLevel based on submitted customer id and subscription id	1
https://zapier.com/Search/LookupUser	zapier.com.ai	Search	LookupUser	lookup_user	lookup_user	Lookup Users in the database at HighLevel based on available search filters	1
https://zapier.com/Search/Board	zapier.com.ai	Search	Board	board	board	Find a board in one of your workspaces	1
https://zapier.com/Search/FinancialBatchsearch	zapier.com.ai	Search	FinancialBatchsearch	financial_batchsearch	financial_batchSearch	Finds an existing open Financial Batch	1
https://zapier.com/Search/EmailFinder	zapier.com.ai	Search	EmailFinder	email_finder	email_finder	Collects emails found via Search Emails action.	1
https://zapier.com/Search/EmailVerifier2	zapier.com.ai	Search	EmailVerifier2	email_verifier2	email_verifier2	Collect email verification results received via Verify Emails action.	1
https://zapier.com/Search/GetProspectByEmail	zapier.com.ai	Search	GetProspectByEmail	get_prospect_by_email	get_prospect_by_email	Find Snov.io prospects' details by their email.	1
https://zapier.com/Search/GetProspectById	zapier.com.ai	Search	GetProspectById	get_prospect_by_id	get_prospect_by_id	Finds Snov.io prospects' details by their ID.	1
https://zapier.com/Search/Searchaccount	zapier.com.ai	Search	Searchaccount	searchaccount	searchAccount	Finds an existing account.	1
https://zapier.com/Search/Searchdata	zapier.com.ai	Search	Searchdata	searchdata	searchData	Finds a dropdown, radio or multiselect option.	1
https://zapier.com/Search/Searchopportunity	zapier.com.ai	Search	Searchopportunity	searchopportunity	searchOpportunity	Finds an existing opportunity.	1
https://zapier.com/Search/Searchsalesunit	zapier.com.ai	Search	Searchsalesunit	searchsalesunit	searchSalesUnit	Finds an existing sales unit.	1
https://zapier.com/Search/FindPeople	zapier.com.ai	Search	FindPeople	find_people	find_people	Find a single person by email, first name, last name, phone number and mobile number. A single person must match the given criteria for this endpoint to return success.	1
https://zapier.com/Search/FindPersonDepricated	zapier.com.ai	Search	FindPersonDepricated	find_person_depricated	find_person_depricated	Find a person by email, salesforce_id, external_id.	1
https://zapier.com/Search/GetDocumentFields	zapier.com.ai	Search	GetDocumentFields	get_document_fields	get_document_fields	Get fields data associated with a document.	1
https://zapier.com/Search/GetDocumentRecipients	zapier.com.ai	Search	GetDocumentRecipients	get_document_recipients	get_document_recipients	Get recipients data associated with a document.	1
https://zapier.com/Search/FindGroupMember	zapier.com.ai	Search	FindGroupMember	find_group_member	find_group_member	Finds an existing member of the specified group.	1
https://zapier.com/Search/Template	zapier.com.ai	Search	Template	template	template	Finds a template based on title.	1
https://zapier.com/Search/FindRecordingSession	zapier.com.ai	Search	FindRecordingSession	find_recording_session	find_recording_session	Find All Recordings from a Specific Session	1
https://zapier.com/Search/FindProjects	zapier.com.ai	Search	FindProjects	find_projects	find_projects	Finds list of projects from search query	1
https://zapier.com/Search/FindProposal	zapier.com.ai	Search	FindProposal	find_proposal	find_proposal	Search proposal by id or project id	1
https://zapier.com/Search/GetPropertyClaim	zapier.com.ai	Search	GetPropertyClaim	get_property_claim	get_property_claim	Finds a Property Claim by ID.	1
https://zapier.com/Search/GetPropertyClaims	zapier.com.ai	Search	GetPropertyClaims	get_property_claims	get_property_claims	Finds all Property Claims your Organization has access to.	1
https://zapier.com/Search/GetPropertyClaimAssignments	zapier.com.ai	Search	GetPropertyClaimAssignments	get_property_claim_assignments	get_property_claim_assignments	Finds all Users assigned to a given Property Claim.	1
https://zapier.com/Search/GetPropertyClaimNote	zapier.com.ai	Search	GetPropertyClaimNote	get_property_claim_note	get_property_claim_note	Finds a General Note in Property Claim by ID.	1
https://zapier.com/Search/GetPropertyClaimRoomNote	zapier.com.ai	Search	GetPropertyClaimRoomNote	get_property_claim_room_note	get_property_claim_room_note	Finds a Room Note in a Property Claim by ID.	1
https://zapier.com/Search/GetCrawlStatus	zapier.com.ai	Search	GetCrawlStatus	get_crawl_status	get_crawl_status	Get the status and data from a crawl	1
https://zapier.com/Search/GetExtractData	zapier.com.ai	Search	GetExtractData	get_extract_data	Get_Extract_Data	Get the status and data from Extract 	1
https://zapier.com/Search/ContactSearchV1	zapier.com.ai	Search	ContactSearchV1	contact_search_v1	Contact_search_v1	Search for a person based on various criteria.	1
https://zapier.com/Search/OpportunitySearchV1	zapier.com.ai	Search	OpportunitySearchV1	opportunity_search_v1	Opportunity_search_v1	Search for an opportunity based on various criteria.	1
https://zapier.com/Search/FindCustomerV3	zapier.com.ai	Search	FindCustomerV3	find_customer_v3	find_customer_v3	Finds a customer by email address or customer key.	1
https://zapier.com/Search/FindLeadV4	zapier.com.ai	Search	FindLeadV4	find_lead_v4	find_lead_v4	Find lead by email.	1
https://zapier.com/Search/FindPartnerV3	zapier.com.ai	Search	FindPartnerV3	find_partner_v3	find_partner_v3	Finds a partner by email address or partner key.	1
https://zapier.com/Search/Mattersearch	zapier.com.ai	Search	Mattersearch	mattersearch	matterSearch	Finds a matter.	1
https://zapier.com/Search/Donationsearch	zapier.com.ai	Search	Donationsearch	donationsearch	donationSearch	Finds a donation.	1
https://zapier.com/Search/Fundraisersearch	zapier.com.ai	Search	Fundraisersearch	fundraisersearch	fundraiserSearch	Finds a fundraiser.	1
https://zapier.com/Search/RecurringFailuresearch	zapier.com.ai	Search	RecurringFailuresearch	recurring_failuresearch	recurring_failureSearch	Finds a Recurring Plan.	1
https://zapier.com/Search/FindContactDynamic	zapier.com.ai	Search	FindContactDynamic	find_contact_dynamic	find_contact_dynamic	Finds or creates a contact.	1
https://zapier.com/Search/Searchgroups	zapier.com.ai	Search	Searchgroups	searchgroups	searchgroups	Looks up groups in Act!	1
https://zapier.com/Search/FindMatterByClientEmail	zapier.com.ai	Search	FindMatterByClientEmail	find_matter_by_client_email	find_matter_by_client_email	Locates the latest matter associated with a given client email address.	1
https://zapier.com/Search/FindStage	zapier.com.ai	Search	FindStage	find_stage	find_stage	Locates a specific stage within a given pipeline by name. Ideal for assigning leads or matters to the correct phase of your process.	1
https://zapier.com/Search/FindWorkflow	zapier.com.ai	Search	FindWorkflow	find_workflow	find_workflow	Searches for a pipeline in your team’s workspace by name. Useful for dynamic task or lead routing based on specific workflows.	1
https://zapier.com/Search/Searchprojectv2	zapier.com.ai	Search	Searchprojectv2	searchprojectv2	SearchProjectV2	Search Project	1
https://zapier.com/Search/Searchtaskv2	zapier.com.ai	Search	Searchtaskv2	searchtaskv2	SearchTaskV2	Search Task	1
https://zapier.com/Search/FindEntry	zapier.com.ai	Search	FindEntry	find_entry	find_entry	Finds an existing item.	1
https://zapier.com/Search/FindEntryById	zapier.com.ai	Search	FindEntryById	find_entry_by_id	find_entry_by_id	Find an item by it's identifiers (ID, Short ID or UUID)	1
https://zapier.com/Search/FindListMember	zapier.com.ai	Search	FindListMember	find_list_member	find_list_member	Find a member of a collection.	1
https://zapier.com/Search/GetGroupsOfMember	zapier.com.ai	Search	GetGroupsOfMember	get_groups_of_member	get_groups_of_member	Get the groups to which a member belongs.	1
https://zapier.com/Search/GetGroupMembers	zapier.com.ai	Search	GetGroupMembers	get_group_members	get_group_members	Get a basic listing of all active member groups for a single account.	1
https://zapier.com/Search/GetMembersSentMailing	zapier.com.ai	Search	GetMembersSentMailing	get_members_sent_mailing	get_members_sent_mailing	Get the list of members to whom the given mailing was sent. This does not include groups or searches.	1
https://zapier.com/Search/GetMemberById	zapier.com.ai	Search	GetMemberById	get_member_by_id	get_member_by_id	Get member by member ID.	1
https://zapier.com/Search/GetOptoutsForMailing	zapier.com.ai	Search	GetOptoutsForMailing	get_optouts_for_mailing	get_optouts_for_mailing	Get the list of optouts for this mailing.	1
https://zapier.com/Search/GetProduct	zapier.com.ai	Search	GetProduct	get_product	get_product	Get a specific Product by ID.	1
https://zapier.com/Search/GetResponseSummaryForMailing	zapier.com.ai	Search	GetResponseSummaryForMailing	get_response_summary_for_mailing	get_response_summary_for_mailing	Get the response summary for a particular mailing.	1
https://zapier.com/Search/LookupProduct	zapier.com.ai	Search	LookupProduct	lookup_product	lookup_product	Get an array of Products based on the provided criteria.	1
https://zapier.com/Search/MemberByEmail	zapier.com.ai	Search	MemberByEmail	member_by_email	member_by_email	Get detailed information about a member by email address.	1
https://zapier.com/Search/SearchJobs	zapier.com.ai	Search	SearchJobs	search_jobs	search_jobs	Search jobs in the system	1
https://zapier.com/Search/Groupsearch	zapier.com.ai	Search	Groupsearch	groupsearch	groupSearch	Finds an existing group (company/account/tenant/organization). You can filter by group ID, or by user ID to find groups that this user is a member of.	1
https://zapier.com/Search/Organizations	zapier.com.ai	Search	Organizations	organizations	organizations	Finds an organization.	1
https://zapier.com/Search/Recordsearch	zapier.com.ai	Search	Recordsearch	recordsearch	recordSearch	Finds a new record (of any kind) in Beacon.	1
https://zapier.com/Search/Searchperson	zapier.com.ai	Search	Searchperson	searchperson	searchPerson	Search for person.	1
https://zapier.com/Search/GetAllAbandonedCarts	zapier.com.ai	Search	GetAllAbandonedCarts	get_all_abandoned_carts	get_all_abandoned_carts	Get a list of recent abandoned carts	1
https://zapier.com/Search/GetAllOrders	zapier.com.ai	Search	GetAllOrders	get_all_orders	get_all_orders	Get all orders for a shop filtered optionally by customer info or shipping status	1
https://zapier.com/Search/GetAllProducts	zapier.com.ai	Search	GetAllProducts	get_all_products	get_all_products	Get all products for a shop	1
https://zapier.com/Search/GetAllShipments	zapier.com.ai	Search	GetAllShipments	get_all_shipments	get_all_shipments	Get all shipments for an order	1
https://zapier.com/Search/GetCategories	zapier.com.ai	Search	GetCategories	get_categories	get_categories	Get all categories for a shop	1
https://zapier.com/Search/GetCategory	zapier.com.ai	Search	GetCategory	get_category	get_category	Get details about a specific category	1
https://zapier.com/Search/GetDiscount	zapier.com.ai	Search	GetDiscount	get_discount	get_discount	Get details about a discount in your shop	1
https://zapier.com/Search/GetDiscounts	zapier.com.ai	Search	GetDiscounts	get_discounts	get_discounts	Get list of discounts for your shop, optionally filtered by status	1
https://zapier.com/Search/GetOrder	zapier.com.ai	Search	GetOrder	get_order	get_order	Get details for an order by Id	1
https://zapier.com/Search/GetShipment	zapier.com.ai	Search	GetShipment	get_shipment	get_shipment	Get details for a order shipment	1
https://zapier.com/Search/CaseworkerSearch	zapier.com.ai	Search	CaseworkerSearch	caseworker_search	caseworker_search	Search your caseworkers by email address	1
https://zapier.com/Search/CaseSearch	zapier.com.ai	Search	CaseSearch	case_search	case_search	Search your cases by various filters. For example, a value in the casefile number field will search by casefile number. Will return the single best match ordered by the latest date of incident. Searching by cellphone number must not include any formatting.	1
https://zapier.com/Search/CaseTypeSearch	zapier.com.ai	Search	CaseTypeSearch	case_type_search	case_type_search	Search for a case type by the case type name	1
https://zapier.com/Search/FindCompanyByDomain	zapier.com.ai	Search	FindCompanyByDomain	find_company_by_domain	find_company_by_domain	Finds a company by domain.	1
https://zapier.com/Search/FindCompanyByName	zapier.com.ai	Search	FindCompanyByName	find_company_by_name	find_company_by_name	Finds a company's domain by name.	1
https://zapier.com/Search/FindPersonAndCompanyByEmail	zapier.com.ai	Search	FindPersonAndCompanyByEmail	find_person_and_company_by_email	find_person_and_company_by_email	Finds a person and their company by their email address. If the person is not found, company information only will be returned (if found).	1
https://zapier.com/Search/FindPersonByEmail	zapier.com.ai	Search	FindPersonByEmail	find_person_by_email	find_person_by_email	Finds a person by email address.	1
https://zapier.com/Search/ListOneTimeSetupFees	zapier.com.ai	Search	ListOneTimeSetupFees	list_one_time_setup_fees	list_one_time_setup_fees	Retrieves a list of one time setup fees based on filters like page and limit.	1
https://zapier.com/Search/ListPayments	zapier.com.ai	Search	ListPayments	list_payments	list_payments	Retrieves a list of payments	1
https://zapier.com/Search/ListSubscriptions	zapier.com.ai	Search	ListSubscriptions	list_subscriptions	list_subscriptions	Retrieves a list of subscriptions	1
https://zapier.com/Search/FindContactCopy	zapier.com.ai	Search	FindContactCopy	find_contact_copy	find_contact_copy	Find an existing contact in your account.	1
https://zapier.com/Search/FindGroupCopy	zapier.com.ai	Search	FindGroupCopy	find_group_copy	find_group_copy	Find a group matching the submitted search text.	1
https://zapier.com/Search/FindEvents	zapier.com.ai	Search	FindEvents	find_events	find_events	Find events in your connected WordPress site.	1
https://zapier.com/Search/FindAffiliate	zapier.com.ai	Search	FindAffiliate	find_affiliate	find_affiliate	Finds an affiliate.	1
https://zapier.com/Search/FindAffiliateInProgramV2	zapier.com.ai	Search	FindAffiliateInProgramV2	find_affiliate_in_program_v2	find_affiliate_in_program_v2	Finds an affiliate in a certain program. Searching for affiliates in a program has the benefit of the affiliates referral link being returned.	1
https://zapier.com/Search/FindAffiliateProspect	zapier.com.ai	Search	FindAffiliateProspect	find_affiliate_prospect	find_affiliate_prospect	Finds an affiliate prospect.	1
https://zapier.com/Search/FindConversionV2	zapier.com.ai	Search	FindConversionV2	find_conversion_v2	find_conversion_v2	Finds a conversion by external ID.	1
https://zapier.com/Search/SearchAttendance	zapier.com.ai	Search	SearchAttendance	search_attendance	search_attendance	Find a specific event's attendance by student	1
https://zapier.com/Search/SearchParent	zapier.com.ai	Search	SearchParent	search_parent	search_parent	Finds first Parent based on Family ID or on search text.	1
https://zapier.com/Search/SearchParents	zapier.com.ai	Search	SearchParents	search_parents	search_parents	Finds all parents based on Family ID or on search text.	1
https://zapier.com/Search/SearchStudent	zapier.com.ai	Search	SearchStudent	search_student	search_student	Finds students based on Student ID or on search text.	1
https://zapier.com/Search/FindUserByEndUserId	zapier.com.ai	Search	FindUserByEndUserId	find_user_by_end_user_id	find_user_by_end_user_id	Lookup User information by their end user id.	1
https://zapier.com/Search/GetCalendarEventType	zapier.com.ai	Search	GetCalendarEventType	get_calendar_event_type	get_calendar_event_type	Gets the calendar event type object by ID so you can check details like its name.	1
https://zapier.com/Search/GetCallDisposition	zapier.com.ai	Search	GetCallDisposition	get_call_disposition	get_call_disposition	Gets a single call disposition object by ID so you can get details such as name.	1
https://zapier.com/Search/GetContactDisposition	zapier.com.ai	Search	GetContactDisposition	get_contact_disposition	get_contact_disposition	Gets a Contact Disposition object by ID to see details such as name.	1
https://zapier.com/Search/GetLastNoteByContactId	zapier.com.ai	Search	GetLastNoteByContactId	get_last_note_by_contact_id	get_last_note_by_contact_id	Get only the most recent note for a specific contact ID. This will only return 1 note. 	1
https://zapier.com/Search/GetNotesByContactId	zapier.com.ai	Search	GetNotesByContactId	get_notes_by_contact_id	get_notes_by_contact_id	Return all the notes for a specific contact ID.	1
https://zapier.com/Search/GetNotesSummarizedForContactId	zapier.com.ai	Search	GetNotesSummarizedForContactId	get_notes_summarized_for_contact_id	get_notes_summarized_for_contact_id	Get a single text value that summarizes all notes for a single contact ID. This string includes utc time stamps for each note	1
https://zapier.com/Search/GetPhoneNumber	zapier.com.ai	Search	GetPhoneNumber	get_phone_number	get_phone_number	Gets a phone number object by ID	1
https://zapier.com/Search/GetTag	zapier.com.ai	Search	GetTag	get_tag	get_tag	Gets a Tag object by ID	1
https://zapier.com/Search/GetUser	zapier.com.ai	Search	GetUser	get_user	get_user	Gets a user object by ID to view details such as name or email.	1
https://zapier.com/Search/GetUserCustomSettings	zapier.com.ai	Search	GetUserCustomSettings	get_user_custom_settings	get_user_custom_settings	Gets a users custom settings which can be used to store api keys, external CRM IDs, or user specific values to be used in automations and Zaps.	1
https://zapier.com/Search/SearchContactsByPhoneNumber	zapier.com.ai	Search	SearchContactsByPhoneNumber	search_contacts_by_phone_number	search_contacts_by_phone_number	Search for Contacts by phone number. Depending on your Call Tools account settings multiple contacts may have the same phone number. Make sure the user that owns the API token used for this Zap has the appropriate permissions to query all contacts ("contacts_read_all").	1
https://zapier.com/Search/SearchPhoneNumbersByPhoneNumber	zapier.com.ai	Search	SearchPhoneNumbersByPhoneNumber	search_phone_numbers_by_phone_number	search_phone_numbers_by_phone_number	Finds a phone number object by phone number and optionally contact id	1
https://zapier.com/Search/Multisessioneventregistrationsearch	zapier.com.ai	Search	Multisessioneventregistrationsearch	multisessioneventregistrationsearch	multiSessionEventRegistrationSearch	Finds a multi-session event registration by searching	1
https://zapier.com/Search/Onlineactivityregistrationsearch	zapier.com.ai	Search	Onlineactivityregistrationsearch	onlineactivityregistrationsearch	onlineActivityRegistrationSearch	Finds an elearning registration by searching	1
https://zapier.com/Search/Organisationsearch	zapier.com.ai	Search	Organisationsearch	organisationsearch	organisationSearch	Finds an organisation by searching	1
https://zapier.com/Search/Registrationsearch	zapier.com.ai	Search	Registrationsearch	registrationsearch	registrationSearch	Finds a basic event registration by searching	1
https://zapier.com/Search/CheckAvailability	zapier.com.ai	Search	CheckAvailability	check_availability	check_availability	Check team members' availability.	1
https://zapier.com/Search/FindOrg	zapier.com.ai	Search	FindOrg	find_org	find_org	Find a organization by ID, External ID, Primary Contact ID and Org Stage	1
https://zapier.com/Search/FindChildStudent	zapier.com.ai	Search	FindChildStudent	find_child_student	find_child_student	Finds a Child Student	1
https://zapier.com/Search/FindFamily	zapier.com.ai	Search	FindFamily	find_family	find_family	Finds a family that matches on first name, last name and email address.	1
https://zapier.com/Search/FindIndependentStudent	zapier.com.ai	Search	FindIndependentStudent	find_independent_student	find_independent_student	Finds an Independent Student (Customer Details)	1
https://zapier.com/Search/FindIndependentStudentS	zapier.com.ai	Search	FindIndependentStudentS	find_independent_student_s	find_independent_student_s	Finds an Independent Student (Student Details)	1
https://zapier.com/Search/SearchClientById	zapier.com.ai	Search	SearchClientById	search_client_by_id	search_client_by_id	Gets a client by Id.	1
https://zapier.com/Search/SearchPhases	zapier.com.ai	Search	SearchPhases	search_phases	search_phases	Finds a phase by name.	1
https://zapier.com/Search/SearchProducts	zapier.com.ai	Search	SearchProducts	search_products	search_products	Finds a product by name.	1
https://zapier.com/Search/SearchProjectById	zapier.com.ai	Search	SearchProjectById	search_project_by_id	search_project_by_id	Gets a job by Id.	1
https://zapier.com/Search/SearchResources	zapier.com.ai	Search	SearchResources	search_resources	search_resources	Finds a resource by name.	1
https://zapier.com/Search/SearchTasks	zapier.com.ai	Search	SearchTasks	search_tasks	search_tasks	Finds a task by description.	1
https://zapier.com/Search/SearchUsers	zapier.com.ai	Search	SearchUsers	search_users	search_users	Finds a user by name.	1
https://zapier.com/Search/SearchUserById	zapier.com.ai	Search	SearchUserById	search_user_by_id	search_user_by_id	Gets a user by Id.	1
https://zapier.com/Search/SearchVendorById	zapier.com.ai	Search	SearchVendorById	search_vendor_by_id	search_vendor_by_id	Gets a vendor by Id.	1
https://zapier.com/Search/FindPrivateChannelMember	zapier.com.ai	Search	FindPrivateChannelMember	find_private_channel_member	find_private_channel_member	Finds a private channel member by email address.	1
https://zapier.com/Search/GetMessageReplies	zapier.com.ai	Search	GetMessageReplies	get_message_replies	get_message_replies	Retrieves the replies to a channel message using the parent message ID.	1
https://zapier.com/Search/WebinarRegistration	zapier.com.ai	Search	WebinarRegistration	webinar_registration	webinar_registration	Finds a webinar registration given its ID.	1
https://zapier.com/Search/Getsinglerow	zapier.com.ai	Search	Getsinglerow	getsinglerow	getSingleRow	Finds a single row in a given table.	1
https://zapier.com/Search/Listrows	zapier.com.ai	Search	Listrows	listrows	listRows	Finds a page of rows in a given table.	1
https://zapier.com/Search/FindOffice	zapier.com.ai	Search	FindOffice	find_office	find_office	Find Office in your Offices directory.	1
https://zapier.com/Search/FindComponent	zapier.com.ai	Search	FindComponent	find_component	find_component	Finds a product family component.	1
https://zapier.com/Search/FindProduct	zapier.com.ai	Search	FindProduct	find_product	find_product	Finds a product.	1
https://zapier.com/Search/FindProductFamily	zapier.com.ai	Search	FindProductFamily	find_product_family	find_product_family	Finds a product family.	1
https://zapier.com/Search/Salesrepsearch	zapier.com.ai	Search	Salesrepsearch	salesrepsearch	salesRepSearch	Search for the details of a sales rep by a Sales Rep Id or name.	1
https://zapier.com/Search/Searchadjustmentreason	zapier.com.ai	Search	Searchadjustmentreason	searchadjustmentreason	searchAdjustmentReason	Search for the details of a adjustment reason by Name.	1
https://zapier.com/Search/Searchcategory	zapier.com.ai	Search	Searchcategory	searchcategory	searchCategory	Search for the details of a category by Name.	1
https://zapier.com/Search/Searchcountsheet	zapier.com.ai	Search	Searchcountsheet	searchcountsheet	searchCountSheet	Search for the details of a Count Sheet by a Count Sheet ID	1
https://zapier.com/Search/Searchcustomdocument	zapier.com.ai	Search	Searchcustomdocument	searchcustomdocument	searchCustomDocument	Search for the details of a custom document by a Document Name, Entity Type, and Document Type.	1
https://zapier.com/Search/Searchmanufacturingorder	zapier.com.ai	Search	Searchmanufacturingorder	searchmanufacturingorder	searchManufacturingOrder	Search for the details of a Manufacturing order by a Manufacturing Order ID or Manufacturing Order Number.	1
https://zapier.com/Search/Searchpaymentterms	zapier.com.ai	Search	Searchpaymentterms	searchpaymentterms	searchPaymentTerms	Search for the details of a payment term by Name.	1
https://zapier.com/Search/Searchpricingscheme	zapier.com.ai	Search	Searchpricingscheme	searchpricingscheme	searchPricingScheme	Search for the details of a pricing scheme by Name.	1
https://zapier.com/Search/Searchpstockadjustment	zapier.com.ai	Search	Searchpstockadjustment	searchpstockadjustment	searchPStockAdjustment	Search for the details of a Stock Adjustment by a Stock Adjustment ID or Stock Adjustment Number.	1
https://zapier.com/Search/Searchsalesorder	zapier.com.ai	Search	Searchsalesorder	searchsalesorder	searchSalesOrder	Search for the details of a sales order by a Sales Order ID or Sales Order Number.	1
https://zapier.com/Search/Searchstockcount	zapier.com.ai	Search	Searchstockcount	searchstockcount	searchStockCount	Search for the details of a Stock Count by a Stock Count ID or Stock Count Number.	1
https://zapier.com/Search/Searchstockroomscan	zapier.com.ai	Search	Searchstockroomscan	searchstockroomscan	searchStockroomScan	Search for the details of a Stockroom Scan by a Stockroom Scan ID or Stockroom Scan Number.	1
https://zapier.com/Search/Searchstocktransfer	zapier.com.ai	Search	Searchstocktransfer	searchstocktransfer	searchStockTransfer	Search for the details of a Stock Transfer by a Stock Transfer ID or Stock Transfer Number.	1
https://zapier.com/Search/Searchtaxingscheme	zapier.com.ai	Search	Searchtaxingscheme	searchtaxingscheme	searchTaxingScheme	Search for the details of a taxing scheme by Name.	1
https://zapier.com/Search/Searchvendor	zapier.com.ai	Search	Searchvendor	searchvendor	searchVendor	Search for the details of a vendor by a Vendor Name.	1
https://zapier.com/Search/Findmember	zapier.com.ai	Search	Findmember	findmember	FindMember	Find a member.	1
https://zapier.com/Search/Findsingleprogram	zapier.com.ai	Search	Findsingleprogram	findsingleprogram	FindSingleProgram	Find a program.	1
https://zapier.com/Search/Findsinglereferral	zapier.com.ai	Search	Findsinglereferral	findsinglereferral	FindSingleReferral	Find a Referral by Referral ID, Email Address or External ID.	1
https://zapier.com/Search/FindLease	zapier.com.ai	Search	FindLease	find_lease	find_lease	Finds a DoorLoop Lease	1
https://zapier.com/Search/FindLeaseTenants	zapier.com.ai	Search	FindLeaseTenants	find_lease_tenants	find_lease_tenants	 The ability to find all Tenants associated with a Lease using a Lease ID. You can use the Zapier Loop function to loop through all the Tenants information. 	1
https://zapier.com/Search/FindNextRentIncrease	zapier.com.ai	Search	FindNextRentIncrease	find_next_rent_increase	find_next_rent_increase	Find when a Lease's next rent increase will happen and for how much.	1
https://zapier.com/Search/FindTenant	zapier.com.ai	Search	FindTenant	find_tenant	find_tenant	Finds a tenant or a prospect. Optionally, create a new Prospect if one does not exist.	1
https://zapier.com/Search/SearchAdvancedPayrollReport	zapier.com.ai	Search	SearchAdvancedPayrollReport	search_advanced_payroll_report	search_advanced_payroll_report	Search the Advanced Payroll Report in busybusy.	1
https://zapier.com/Search/SearchBudget	zapier.com.ai	Search	SearchBudget	search_budget	search_budget	Search for an existing budget in busybusy.	1
https://zapier.com/Search/SearchBudgetMultiple	zapier.com.ai	Search	SearchBudgetMultiple	search_budget_multiple	search_budget_multiple	Search for existing budgets in busybusy.	1
https://zapier.com/Search/SearchCostCode	zapier.com.ai	Search	SearchCostCode	search_cost_code	search_cost_code	Search for an existing cost code in busybusy.	1
https://zapier.com/Search/SearchCostCodes	zapier.com.ai	Search	SearchCostCodes	search_cost_codes	search_cost_codes	Returns all cost codes assigned to the selected group..	1
https://zapier.com/Search/SearchCostCodeGroups	zapier.com.ai	Search	SearchCostCodeGroups	search_cost_code_groups	search_cost_code_groups	Search for existing cost code groups in busybusy.	1
https://zapier.com/Search/SearchDailyProjectReports	zapier.com.ai	Search	SearchDailyProjectReports	search_daily_project_reports	search_daily_project_reports	Search for Daily Project Reports uploaded to busybusy.	1
https://zapier.com/Search/SearchDailySignIn	zapier.com.ai	Search	SearchDailySignIn	search_daily_sign_in	search_daily_sign_in	Search Daily Sign-In responses in busybusy.	1
https://zapier.com/Search/SearchDailySignOff	zapier.com.ai	Search	SearchDailySignOff	search_daily_sign_off	search_daily_sign_off	Search Daily Sign-Off Responses in busybusy.	1
https://zapier.com/Search/SearchDocuments	zapier.com.ai	Search	SearchDocuments	search_documents	search_documents	Search for documents uploaded to busybusy.	1
https://zapier.com/Search/SearchEmployees	zapier.com.ai	Search	SearchEmployees	search_employees	search_employees	Search for existing employees in busybusy.	1
https://zapier.com/Search/SearchEmployeeGroup	zapier.com.ai	Search	SearchEmployeeGroup	search_employee_group	search_employee_group	Search for existing employee groups in busybusy.	1
https://zapier.com/Search/SearchEquipment	zapier.com.ai	Search	SearchEquipment	search_equipment	search_equipment	Search for an existing piece of equipment in busybusy.	1
https://zapier.com/Search/SearchEquipmentMultiple	zapier.com.ai	Search	SearchEquipmentMultiple	search_equipment_multiple	search_equipment_multiple	Search for all the existing piece of equipments in busybusy.	1
https://zapier.com/Search/SearchMediaCollections	zapier.com.ai	Search	SearchMediaCollections	search_media_collections	search_media_collections	Search for notes ("media collections") uploaded to busybusy.	1
https://zapier.com/Search/SearchMediaEntries	zapier.com.ai	Search	SearchMediaEntries	search_media_entries	search_media_entries	Search for photos uploaded to busybusy.	1
https://zapier.com/Search/SearchPayrollSummaryBasic	zapier.com.ai	Search	SearchPayrollSummaryBasic	search_payroll_summary_basic	search_payroll_summary_basic	Search for Payroll Summary in busybusy.	1
https://zapier.com/Search/SearchPerDiem	zapier.com.ai	Search	SearchPerDiem	search_per_diem	search_per_diem	Search for an existing per diem request in busybusy.	1
https://zapier.com/Search/SearchPerDiemMultiple	zapier.com.ai	Search	SearchPerDiemMultiple	search_per_diem_multiple	search_per_diem_multiple	Search for existing per diem records in busybusy.	1
https://zapier.com/Search/SearchPerDiemRequestsMultiple	zapier.com.ai	Search	SearchPerDiemRequestsMultiple	search_per_diem_requests_multiple	search_per_diem_requests_multiple	Search for existing per diem requests in busybusy.	1
https://zapier.com/Search/SearchPerDiemRequestsSingle	zapier.com.ai	Search	SearchPerDiemRequestsSingle	search_per_diem_requests_single	search_per_diem_requests_single	Search for an existing per diem request in busybusy.	1
https://zapier.com/Search/SearchProgressEntries	zapier.com.ai	Search	SearchProgressEntries	search_progress_entries	search_progress_entries	Search for Progress Entries submitted to busybusy.	1
https://zapier.com/Search/SearchProjectGroup	zapier.com.ai	Search	SearchProjectGroup	search_project_group	search_project_group	Search for existing project groups in busybusy.	1
https://zapier.com/Search/SearchScheduleItem	zapier.com.ai	Search	SearchScheduleItem	search_schedule_item	search_schedule_item	Search for an existing schedule item in busybusy.	1
https://zapier.com/Search/SearchTimeEntries	zapier.com.ai	Search	SearchTimeEntries	search_time_entries	search_time_entries	Search for Time Entries submitted to busybusy.	1
https://zapier.com/Search/SearchTimeEntryLogMultiple	zapier.com.ai	Search	SearchTimeEntryLogMultiple	search_time_entry_log_multiple	search_time_entry_log_multiple	Search for records in the busybusy time entry log	1
https://zapier.com/Search/SearchTimeEntryLogSingle	zapier.com.ai	Search	SearchTimeEntryLogSingle	search_time_entry_log_single	search_time_entry_log_single	Search for records in the busybusy time entry log	1
https://zapier.com/Search/SearchTimeOff	zapier.com.ai	Search	SearchTimeOff	search_time_off	search_time_off	Search for Time Off submitted to busybusy.	1
https://zapier.com/Search/SearchTimeOffRequests	zapier.com.ai	Search	SearchTimeOffRequests	search_time_off_requests	search_time_off_requests	Search for Time Off Requests submitted to busybusy.	1
https://zapier.com/Search/SearchTimeTotalsByCostCode	zapier.com.ai	Search	SearchTimeTotalsByCostCode	search_time_totals_by_cost_code	search_time_totals_by_cost_code	Search for time totals by cost code in busybusy. Time totals do not include time entries that are still clocked in.	1
https://zapier.com/Search/SearchTimeTotalsByEmployee	zapier.com.ai	Search	SearchTimeTotalsByEmployee	search_time_totals_by_employee	search_time_totals_by_employee	Search for time totals by employee in busybusy. Time totals do not include time entries that are still clocked in.	1
https://zapier.com/Search/SearchTimeTotalsByEquipment	zapier.com.ai	Search	SearchTimeTotalsByEquipment	search_time_totals_by_equipment	search_time_totals_by_equipment	Search for time totals by equipment in busybusy. Time totals do not include time entries that are still clocked in.	1
https://zapier.com/Search/SearchTimeTotalsByProject	zapier.com.ai	Search	SearchTimeTotalsByProject	search_time_totals_by_project	search_time_totals_by_project	Search for time totals by project in busybusy. Time totals do not include time entries that are still clocked in.	1
https://zapier.com/Search/FindArchivedCard	zapier.com.ai	Search	FindArchivedCard	find_archived_card	find_archived_card	Finds an Archived Card.	1
https://zapier.com/Search/SearchWithSources	zapier.com.ai	Search	SearchWithSources	search_with_sources	search_with_sources	Performs a search and returns results with their sources.	1
https://zapier.com/Search/CheckDomainResearchStatus	zapier.com.ai	Search	CheckDomainResearchStatus	check_domain_research_status	check_domain_research_status	Retrieves the status of a Domain Research Report request. Returns progress and completion details.	1
https://zapier.com/Search/FindAllDomainResearchReport	zapier.com.ai	Search	FindAllDomainResearchReport	find_all_domain_research_report	find_all_domain_research_report	Retrieves all Domain Research Reports for your account (up to 1000). Optionally limit results by created at date.	1
https://zapier.com/Search/FindDomainResearchReport	zapier.com.ai	Search	FindDomainResearchReport	find_domain_research_report	find_domain_research_report	Retrieves a completed Domain Research Report. Returns the name, status, and results for the report.	1
https://zapier.com/Search/FindLatestScreenshot	zapier.com.ai	Search	FindLatestScreenshot	find_latest_screenshot	find_latest_screenshot	Finds the latest screenshot on the account or from a given Screenshot Configuration	1
https://zapier.com/Search/AccountFind	zapier.com.ai	Search	AccountFind	account_find	account_find	Finds a client or prospect account.	1
https://zapier.com/Search/AccountFindById	zapier.com.ai	Search	AccountFindById	account_find_by_id	account_find_by_id	Finds a client or prospect account by ID.	1
https://zapier.com/Search/FindLabel	zapier.com.ai	Search	FindLabel	find_label	find_label	Finds a tag list and a specific tag if specified.	1
https://zapier.com/Search/FindNonAttendingContact	zapier.com.ai	Search	FindNonAttendingContact	find_non_attending_contact	find_non_attending_contact	Finds a non-attending contact by contact key or email.	1
https://zapier.com/Search/Findactivitybyactivityid	zapier.com.ai	Search	Findactivitybyactivityid	findactivitybyactivityid	FindActivityByActivityId	Find activity by activityId.	1
https://zapier.com/Search/Findactivitybyid	zapier.com.ai	Search	Findactivitybyid	findactivitybyid	findActivityById	Search activity by activityId with record.	1
https://zapier.com/Search/Finddataobject	zapier.com.ai	Search	Finddataobject	finddataobject	findDataObject	Search record by specified field.	1
https://zapier.com/Search/Finddataobjectbyanything	zapier.com.ai	Search	Finddataobjectbyanything	finddataobjectbyanything	findDataObjectByAnything	Search Record by any field.	1
https://zapier.com/Search/Findlead	zapier.com.ai	Search	Findlead	findlead	FindLead	Find lead by address and address unit.	1
https://zapier.com/Search/Findleadbyanything	zapier.com.ai	Search	Findleadbyanything	findleadbyanything	FIndLeadByAnything	Find lead by lead fields.	1
https://zapier.com/Search/Findleadbycustomfieldvalue	zapier.com.ai	Search	Findleadbycustomfieldvalue	findleadbycustomfieldvalue	FindLeadByCustomFieldValue	Find lead by custom field value.	1
https://zapier.com/Search/Findleadbyemail	zapier.com.ai	Search	Findleadbyemail	findleadbyemail	FindLeadByEmail	Find lead by email.	1
https://zapier.com/Search/Findleadbyexternalleadid	zapier.com.ai	Search	Findleadbyexternalleadid	findleadbyexternalleadid	FindLeadByExternalLeadId	Find lead by externalLeadId.	1
https://zapier.com/Search/FindGroupByName	zapier.com.ai	Search	FindGroupByName	find_group_by_name	find_group_by_name	Finds an Okta group by its name.	1
https://zapier.com/Search/GetContactsearch	zapier.com.ai	Search	GetContactsearch	get_contactsearch	get_contactSearch	Returns a contact by contactId	1
https://zapier.com/Search/SearchPaymentmethods	zapier.com.ai	Search	SearchPaymentmethods	search_paymentmethods	search_paymentmethods	Returns payment methods by contactId.	1
https://zapier.com/Search/FindAssetBySearch	zapier.com.ai	Search	FindAssetBySearch	find_asset_by_search	find_asset_by_search	Finds an asset by a search term.	1
https://zapier.com/Search/FindCompanyByExternalId	zapier.com.ai	Search	FindCompanyByExternalId	find_company_by_external_id	find_company_by_external_id	Finds a company by an external system and ID.	1
https://zapier.com/Search/FindContractByName	zapier.com.ai	Search	FindContractByName	find_contract_by_name	find_contract_by_name	Finds an contract by a name search.	1
https://zapier.com/Search/FindDeficiencyByRefNumber	zapier.com.ai	Search	FindDeficiencyByRefNumber	find_deficiency_by_ref_number	find_deficiency_by_ref_number	Finds a deficiency by its deficiency number.	1
https://zapier.com/Search/FindJobByJobNumber	zapier.com.ai	Search	FindJobByJobNumber	find_job_by_job_number	find_job_by_job_number	Finds a job by its job number.	1
https://zapier.com/Search/FindLocationByExternalId	zapier.com.ai	Search	FindLocationByExternalId	find_location_by_external_id	find_location_by_external_id	Finds a location by an external system and ID.	1
https://zapier.com/Search/FindQuoteByQuoteNumber	zapier.com.ai	Search	FindQuoteByQuoteNumber	find_quote_by_quote_number	find_quote_by_quote_number	Finds a quote by its quote number.	1
https://zapier.com/Search/Findprofitlossoverview	zapier.com.ai	Search	Findprofitlossoverview	findprofitlossoverview	findProfitLossOverview	Finds the Profit Loss Overview in Exact Online	1
https://zapier.com/Search/FindAccountclassifications	zapier.com.ai	Search	FindAccountclassifications	find_accountclassifications	find_accountclassifications	Find Account Classifications in Exact Online.	1
https://zapier.com/Search/FindAccounts	zapier.com.ai	Search	FindAccounts	find_accounts	find_accounts	Finds many Accounts in Exact Online	1
https://zapier.com/Search/FindAccountManager	zapier.com.ai	Search	FindAccountManager	find_account_manager	find_account_manager	Finds a User in Exact Online.	1
https://zapier.com/Search/FindAddresses	zapier.com.ai	Search	FindAddresses	find_addresses	find_addresses	Sync Addresses from Exact Online, to create a one-time or ongoing sync.	1
https://zapier.com/Search/FindBankaccount	zapier.com.ai	Search	FindBankaccount	find_bankaccount	find_bankaccount	Finds a Bank Account in Exact Online	1
https://zapier.com/Search/FindBankentries	zapier.com.ai	Search	FindBankentries	find_bankentries	find_bankentries	Finds a Bank Entry in Exact Online.	1
https://zapier.com/Search/FindBankEntries	zapier.com.ai	Search	FindBankEntries	find_bank_entries	find_bank_entries	Finds one or multiple Bank Entries in Exact Online.	1
https://zapier.com/Search/FindBankEntryLines	zapier.com.ai	Search	FindBankEntryLines	find_bank_entry_lines	find_bank_entry_lines	Finds one or multiple Bank Entry Lines in Exact Online.	1
https://zapier.com/Search/FindCostcenter	zapier.com.ai	Search	FindCostcenter	find_costcenter	find_costcenter	Finds a Cost Center in Exact Online	1
https://zapier.com/Search/FindCostunit	zapier.com.ai	Search	FindCostunit	find_costunit	find_costunit	Finds a Cost Unit in Exact Online	1
https://zapier.com/Search/FindDivisions	zapier.com.ai	Search	FindDivisions	find_divisions	find_divisions	Finds one or multiple Divisions in Exact Online	1
https://zapier.com/Search/FindGlaccount	zapier.com.ai	Search	FindGlaccount	find_glaccount	find_glaccount	Finds one or multiple General Ledger Accounts in Exact Online	1
https://zapier.com/Search/FindGoodsDelivery	zapier.com.ai	Search	FindGoodsDelivery	find_goods_delivery	find_goods_delivery	Finds a Goods Delivery in Exact Online	1
https://zapier.com/Search/FindGoodsDeliveryLine	zapier.com.ai	Search	FindGoodsDeliveryLine	find_goods_delivery_line	find_goods_delivery_line	Finds one or multiple Goods Receipt Lines in Exact Online	1
https://zapier.com/Search/FindGoodsReceipt	zapier.com.ai	Search	FindGoodsReceipt	find_goods_receipt	find_goods_receipt	Finds one or multiple Goods Receipt in Exact Online.	1
https://zapier.com/Search/FindItemGroup	zapier.com.ai	Search	FindItemGroup	find_item_group	find_item_group	Finds one or multiple Item Groups in Exact Online	1
https://zapier.com/Search/FindMailmessagesent	zapier.com.ai	Search	FindMailmessagesent	find_mailmessagesent	find_mailmessagesent	Finds a Sent Mail Message in Exact Online	1
https://zapier.com/Search/FindManyContacts	zapier.com.ai	Search	FindManyContacts	find_many_contacts	find_many_contacts	Finds many Contacts in Exact Online	1
https://zapier.com/Search/FindManyItems	zapier.com.ai	Search	FindManyItems	find_many_items	find_many_items	Finds many items in Exact Online	1
https://zapier.com/Search/FindManyQuotations	zapier.com.ai	Search	FindManyQuotations	find_many_quotations	find_many_quotations	Finds many Quotations in Exact Online	1
https://zapier.com/Search/FindManySalesinvoicelines	zapier.com.ai	Search	FindManySalesinvoicelines	find_many_salesinvoicelines	find_many_salesinvoicelines	Finds one or multiple Sales Invoice Lines in Exact Online	1
https://zapier.com/Search/FindManySalesinvoices	zapier.com.ai	Search	FindManySalesinvoices	find_many_salesinvoices	find_many_salesinvoices	Finds one or multiple Sales Invoices in Exact Online	1
https://zapier.com/Search/FindProjecttimetransaction	zapier.com.ai	Search	FindProjecttimetransaction	find_projecttimetransaction	find_projecttimetransaction	Finds a Project Time Transaction in Exact Online	1
https://zapier.com/Search/FindProjectClassification	zapier.com.ai	Search	FindProjectClassification	find_project_classification	find_project_classification	Finds a Project Classification in Exact Online.	1
https://zapier.com/Search/FindPurchaseentry	zapier.com.ai	Search	FindPurchaseentry	find_purchaseentry	find_purchaseentry	Finds a Purchase Entry in Exact Online	1
https://zapier.com/Search/FindPurchaseinvoice	zapier.com.ai	Search	FindPurchaseinvoice	find_purchaseinvoice	find_purchaseinvoice	Finds a Purchase Invoice in Exact Online	1
https://zapier.com/Search/FindPurchaseEntryLine	zapier.com.ai	Search	FindPurchaseEntryLine	find_purchase_entry_line	find_purchase_entry_line	Finds one or multiple Purchase Entry Lines in Exact Online	1
https://zapier.com/Search/FindPurchaseOrderLines	zapier.com.ai	Search	FindPurchaseOrderLines	find_purchase_order_lines	find_purchase_order_lines	Finds one or multiple Purchase Order Lines in Exact Online.	1
https://zapier.com/Search/FindReceivable	zapier.com.ai	Search	FindReceivable	find_receivable	find_receivable	Finds one or multiple Receivables in Exact Online	1
https://zapier.com/Search/FindSalesentry	zapier.com.ai	Search	FindSalesentry	find_salesentry	find_salesentry	Finds a Sales Entry in Exact Online	1
https://zapier.com/Search/FindSalesorderline	zapier.com.ai	Search	FindSalesorderline	find_salesorderline	find_salesorderline	Finds one or multiple Sales Order Lines in Exact Online	1
https://zapier.com/Search/FindSalespricelist	zapier.com.ai	Search	FindSalespricelist	find_salespricelist	find_salespricelist	Finds a Sales Price Lists in Exact Online	1
https://zapier.com/Search/FindSalesInvoice	zapier.com.ai	Search	FindSalesInvoice	find_sales_invoice	find_sales_invoice	Finds one or multiple Sales Invoice in Exact Online	1
https://zapier.com/Search/FindSalesItemPrice	zapier.com.ai	Search	FindSalesItemPrice	find_sales_item_price	find_sales_item_price	Finds one or multiple Sales Item Prices in Exact Online	1
https://zapier.com/Search/FindSalesOrder	zapier.com.ai	Search	FindSalesOrder	find_sales_order	find_sales_order	Finds one or multiple Sales Orders in Exact Online	1
https://zapier.com/Search/FindSalesPriceListLinkedAccount	zapier.com.ai	Search	FindSalesPriceListLinkedAccount	find_sales_price_list_linked_account	find_sales_price_list_linked_account	Finds one or multiple Accounts Linked to a Sales Price List in Exact Online	1
https://zapier.com/Search/FindSalesPriceListVolumeDiscount	zapier.com.ai	Search	FindSalesPriceListVolumeDiscount	find_sales_price_list_volume_discount	find_sales_price_list_volume_discount	Finds one or multiple Sales Price List Volume Discounts in Exact Online	1
https://zapier.com/Search/FindStockPosition	zapier.com.ai	Search	FindStockPosition	find_stock_position	find_stock_position	Finds Stock Position of one or multiple Items in Exact Online.	1
https://zapier.com/Search/FindTransactionLines	zapier.com.ai	Search	FindTransactionLines	find_transaction_lines	find_transaction_lines	Finds one or multiple transaction lines in Exact Online.	1
https://zapier.com/Search/FindWarehouseTransfer	zapier.com.ai	Search	FindWarehouseTransfer	find_warehouse_transfer	find_warehouse_transfer	Finds a Warehouse Transfer in Exact Online	1
https://zapier.com/Search/GetGlTotalsForPeriod	zapier.com.ai	Search	GetGlTotalsForPeriod	get_gl_totals_for_period	get_gl_totals_for_period	Returns General Ledger totals for a specific period in Exact Online.	1
https://zapier.com/Search/FindArticle	zapier.com.ai	Search	FindArticle	find_article	find_article	Finds a Article	1
https://zapier.com/Search/FindArticleByName	zapier.com.ai	Search	FindArticleByName	find_article_by_name	find_article_by_name	Finds a Article by Name	1
https://zapier.com/Search/FindArticleV2	zapier.com.ai	Search	FindArticleV2	find_article_v2	find_article_v2	Finds a Article	1
https://zapier.com/Search/FindCustomerByName	zapier.com.ai	Search	FindCustomerByName	find_customer_by_name	find_customer_by_name	Finds a customer based on exact name matching	1
https://zapier.com/Search/FindOrderV3	zapier.com.ai	Search	FindOrderV3	find_order_v3	find_order_v3	Finds a Order based on order number	1
https://zapier.com/Search/Cart	zapier.com.ai	Search	Cart	cart	cart	Search abandoned carts.	1
https://zapier.com/Search/Track	zapier.com.ai	Search	Track	track	track	Search for tracks.	1
https://zapier.com/Search/FindCommentById	zapier.com.ai	Search	FindCommentById	find_comment_by_id	find_comment_by_id	Finds a comment by matching against the id.	1
https://zapier.com/Search/FindThread	zapier.com.ai	Search	FindThread	find_thread	find_thread	Finds a thread inside a team by matching against a text query.	1
https://zapier.com/Search/FindThreadById	zapier.com.ai	Search	FindThreadById	find_thread_by_id	find_thread_by_id	Finds a thread by matching against the id.	1
https://zapier.com/Search/FindConversationProperty	zapier.com.ai	Search	FindConversationProperty	find_conversation_property	find_conversation_property	Finds a conversation property by name	1
https://zapier.com/Search/FindSalesorder	zapier.com.ai	Search	FindSalesorder	find_salesorder	find_salesorder	Finds a sales order	1
https://zapier.com/Search/ListObjects	zapier.com.ai	Search	ListObjects	list_objects	list_objects	Lists Generated Images or PDFs	1
https://zapier.com/Search/SrchFindcust	zapier.com.ai	Search	SrchFindcust	srch_findcust	srch_findcust	Finds a Customer in the system	1
https://zapier.com/Search/ContactFind	zapier.com.ai	Search	ContactFind	contact_find	contact_find	This action returns contacts after searching with given filter.	1
https://zapier.com/Search/SearchClientsById	zapier.com.ai	Search	SearchClientsById	search_clients_by_id	search_clients_by_id	Find existing Clients from clientID.	1
https://zapier.com/Search/SearchClientsByInfo	zapier.com.ai	Search	SearchClientsByInfo	search_clients_by_info	search_clients_by_info	Find existing Client from client info (name, email), it will return back the first result found.	1
https://zapier.com/Search/SearchEventTypeByName	zapier.com.ai	Search	SearchEventTypeByName	search_event_type_by_name	search_event_type_by_name	Find existing Event Type from Event Type Name.	1
https://zapier.com/Search/SearchStaffByInfo	zapier.com.ai	Search	SearchStaffByInfo	search_staff_by_info	search_staff_by_info	Find existing Staff Members from their personal info (name, email).	1
https://zapier.com/Search/GetAdminDetails	zapier.com.ai	Search	GetAdminDetails	get_admin_details	get_admin_details	Retrieves details of a selected admin/moderator.	1
https://zapier.com/Search/GetCoachingTypes	zapier.com.ai	Search	GetCoachingTypes	get_coaching_types	get_coaching_types	Retrieves all coaching types.	1
https://zapier.com/Search/GetLeaderboard	zapier.com.ai	Search	GetLeaderboard	get_leaderboard	get_leaderboard	Retrieves leaderboard ranking and filters by time range.	1
https://zapier.com/Search/GetMemberAccesses	zapier.com.ai	Search	GetMemberAccesses	get_member_accesses	get_member_accesses	Retrieves all member offer accesses.	1
https://zapier.com/Search/GetMemberProgress	zapier.com.ai	Search	GetMemberProgress	get_member_progress	get_member_progress	Retrieves all programs and progresses of a selected member. 	1
https://zapier.com/Search/GetOffer	zapier.com.ai	Search	GetOffer	get_offer	get_offer	Retrieves specific offer.	1
https://zapier.com/Search/GetOffers	zapier.com.ai	Search	GetOffers	get_offers	get_offers	Retrieves all offers of your school.	1
https://zapier.com/Search/GetProgram	zapier.com.ai	Search	GetProgram	get_program	get_program	Retrieves specific program details.	1
https://zapier.com/Search/GetPrograms	zapier.com.ai	Search	GetPrograms	get_programs	get_programs	Retrieves all programs of your school.	1
https://zapier.com/Search/GetPdf	zapier.com.ai	Search	GetPdf	get_pdf	get_pdf	Retrieves a PDF by ID	1
https://zapier.com/Search/FindAccountByName	zapier.com.ai	Search	FindAccountByName	find_account_by_name	find_account_by_name	Finds an account by name	1
https://zapier.com/Search/GetUsers	zapier.com.ai	Search	GetUsers	get_users	get_users	Gets a list of users for the specified emails	1
https://zapier.com/Search/FindBySku	zapier.com.ai	Search	FindBySku	find_by_sku	find_by_sku	Finds a product given a SKU, ID or Barcode	1
https://zapier.com/Search/GetRenderTaskResults	zapier.com.ai	Search	GetRenderTaskResults	get_render_task_results	get_render_task_results	Gets the document, image, or PDF produced by a completed render task.	1
https://zapier.com/Search/FindCompanyName	zapier.com.ai	Search	FindCompanyName	find_company_name	find_company_name	Finds a Company by Name	1
https://zapier.com/Search/FindContactEmail	zapier.com.ai	Search	FindContactEmail	find_contact_email	find_contact_email	Finds a Contact by Email	1
https://zapier.com/Search/FindSales	zapier.com.ai	Search	FindSales	find_sales	find_sales	Finds a Sales by ID	1
https://zapier.com/Search/ValidateMembership	zapier.com.ai	Search	ValidateMembership	validate_membership	validate_membership	Validates a Membership against your Member Database	1
https://zapier.com/Search/Service	zapier.com.ai	Search	Service	service	service	Searches for a public Service	1
https://zapier.com/Search/CallLog	zapier.com.ai	Search	CallLog	call-log	call-log	Find a call log record from a Call UUID.	1
https://zapier.com/Search/Createledgeraccountsearch	zapier.com.ai	Search	Createledgeraccountsearch	createledgeraccountsearch	createLedgerAccountSearch	Finds a ledger account.	1
https://zapier.com/Search/CreateContactPaymentsearch	zapier.com.ai	Search	CreateContactPaymentsearch	create_contact_paymentsearch	create_contact_paymentSearch	Finds a contact payment.	1
https://zapier.com/Search/CreatePurchaseInvoicesearch	zapier.com.ai	Search	CreatePurchaseInvoicesearch	create_purchase_invoicesearch	create_purchase_invoiceSearch	Finds a purchase invoice.	1
https://zapier.com/Search/Customercreationsearch	zapier.com.ai	Search	Customercreationsearch	customercreationsearch	customerCreationSearch	Finds a customer.	1
https://zapier.com/Search/SalesInvoicesearch	zapier.com.ai	Search	SalesInvoicesearch	sales_invoicesearch	sales_invoiceSearch	Finds a sales invoice.	1
https://zapier.com/Search/SalesQuotesearch	zapier.com.ai	Search	SalesQuotesearch	sales_quotesearch	sales_quoteSearch	Finds a sales Quote.	1
https://zapier.com/Search/Servicesearch	zapier.com.ai	Search	Servicesearch	servicesearch	serviceSearch	Finds a service.	1
https://zapier.com/Search/StockItemsearch	zapier.com.ai	Search	StockItemsearch	stock_itemsearch	stock_itemSearch	Finds a stock item.	1
https://zapier.com/Search/Vendorcreationsearch	zapier.com.ai	Search	Vendorcreationsearch	vendorcreationsearch	vendorCreationSearch	Finds a vendor.	1
https://zapier.com/Search/GetClips	zapier.com.ai	Search	GetClips	get_clips	get_clips	Retrieves clips from a project with optional filtering.	1
https://zapier.com/Search/GetClipTranscript	zapier.com.ai	Search	GetClipTranscript	get_clip_transcript	get_clip_transcript	Retrieves transcript for specific clips within a project.	1
https://zapier.com/Search/GetProjectTranscript	zapier.com.ai	Search	GetProjectTranscript	get_project_transcript	get_project_transcript	Retrieves transcript for a project in the specified format.	1
https://zapier.com/Search/GetVideoWithCaption	zapier.com.ai	Search	GetVideoWithCaption	get_video_with_caption	get_video_with_caption	Retrieves a video with captions from a project.	1
https://zapier.com/Search/Readorder	zapier.com.ai	Search	Readorder	readorder	readOrder	Finds an order in the system.	1
https://zapier.com/Search/Readorderitem	zapier.com.ai	Search	Readorderitem	readorderitem	readOrderItem	Finds an Order Item in the system.	1
https://zapier.com/Search/Readsubscription	zapier.com.ai	Search	Readsubscription	readsubscription	readSubscription	Returns subscription details.	1
https://zapier.com/Search/Readuser	zapier.com.ai	Search	Readuser	readuser	readUser	Returns a user details.	1
https://zapier.com/Search/FindRequest	zapier.com.ai	Search	FindRequest	find_request	find_request	Finds Request details using the Request ID.	1
https://zapier.com/Search/Hasbadge	zapier.com.ai	Search	Hasbadge	hasbadge	hasBadge	Verify if a member has a particular badge.	1
https://zapier.com/Search/Ismemberofspace	zapier.com.ai	Search	Ismemberofspace	ismemberofspace	isMemberOfSpace	Verify if a member is part of a particular space.	1
https://zapier.com/Search/Postsearch	zapier.com.ai	Search	Postsearch	postsearch	postSearch	Searches for posts within the community.	1
https://zapier.com/Search/SearchCustomerOrder	zapier.com.ai	Search	SearchCustomerOrder	search_customer_order	search_customer_order	Find a customer order	1
https://zapier.com/Search/Finduserbymemberid	zapier.com.ai	Search	Finduserbymemberid	finduserbymemberid	findUserByMemberID	Finds a user by a memberID.	1
https://zapier.com/Search/Artifact	zapier.com.ai	Search	Artifact	artifact	artifact	Finds an existing release artifact by its filename or Keygen ID.	1
https://zapier.com/Search/Entitlements	zapier.com.ai	Search	Entitlements	entitlements	entitlements	Lists a license's entitlements by license key or license ID.	1
https://zapier.com/Search/License	zapier.com.ai	Search	License	license	license	Finds an existing license by its license key or Keygen ID.	1
https://zapier.com/Search/Machine	zapier.com.ai	Search	Machine	machine	machine	Finds an existing machine by its machine fingerprint or Keygen ID.	1
https://zapier.com/Search/Release	zapier.com.ai	Search	Release	release	release	Finds an existing release by its version, tag or Keygen ID.	1
https://zapier.com/Search/Findbindermembers	zapier.com.ai	Search	Findbindermembers	findbindermembers	findBinderMembers	Finds the binder members by workspace id".	1
https://zapier.com/Search/Findreferencebinder	zapier.com.ai	Search	Findreferencebinder	findreferencebinder	findReferenceBinder	Finds the binder that has set a reference_id".	1
https://zapier.com/Search/FindBoard	zapier.com.ai	Search	FindBoard	find_board	find_board	Find board by name	1
https://zapier.com/Search/FindCounty	zapier.com.ai	Search	FindCounty	find_county	find_county	Find county by name	1
https://zapier.com/Search/Searchorderbyexternalid	zapier.com.ai	Search	Searchorderbyexternalid	searchorderbyexternalid	searchOrderByExternalId	Search for order by external id.	1
https://zapier.com/Search/Searchorderbynumber	zapier.com.ai	Search	Searchorderbynumber	searchorderbynumber	searchOrderByNumber	Search for order by number.	1
https://zapier.com/Search/Searchroutebycode	zapier.com.ai	Search	Searchroutebycode	searchroutebycode	searchRouteByCode	Search for route by code.	1
https://zapier.com/Search/SearchUsersByMail	zapier.com.ai	Search	SearchUsersByMail	search_users_by_mail	search_users_by_mail	Finds a user by email	1
https://zapier.com/Search/FindContactClient	zapier.com.ai	Search	FindContactClient	find_contact_client	find_contact_client	Finds a Contact Client	1
https://zapier.com/Search/FindSaleOrder	zapier.com.ai	Search	FindSaleOrder	find_sale_order	find_sale_order	Finds a Sale Order	1
https://zapier.com/Search/FindGoals	zapier.com.ai	Search	FindGoals	find_goals	find_goals	Find goals by person	1
https://zapier.com/Search/FindCustomerEmail	zapier.com.ai	Search	FindCustomerEmail	find_customer_email	find_customer_email	Searches for a customer profile using the customer's email	1
https://zapier.com/Search/FindCustomerExid	zapier.com.ai	Search	FindCustomerExid	find_customer_exid	find_customer_exid	Searches for a customer profile using the customer's external ID	1
https://zapier.com/Search/FindCustomerUuid	zapier.com.ai	Search	FindCustomerUuid	find_customer_uuid	find_customer_uuid	Retrieves a ChartMogul customer profile using the Customer UUID	1
https://zapier.com/Search/GetMetric	zapier.com.ai	Search	GetMetric	get_metric	get_metric	Retrieves the specified metric, for the specified time period.	1
https://zapier.com/Search/ListCustomerTasks	zapier.com.ai	Search	ListCustomerTasks	list_customer_tasks	list_customer_tasks	Lists task objects for the specific customer	1
https://zapier.com/Search/ListOpportunity	zapier.com.ai	Search	ListOpportunity	list_opportunity	list_opportunity	Lists opportunity objects of the specified ChartMogul customer UUID	1
https://zapier.com/Search/AutomationById	zapier.com.ai	Search	AutomationById	automation_by_id	automation_by_id	Finds a automation by ID	1
https://zapier.com/Search/ContactByAttributeValue	zapier.com.ai	Search	ContactByAttributeValue	contact_by_attribute_value	contact_by_attribute_value	Finds a contact by Attribute Value	1
https://zapier.com/Search/ContactByName	zapier.com.ai	Search	ContactByName	contact_by_name	contact_by_name	Finds a contact by First and/or Last Name	1
https://zapier.com/Search/ContactByRecipientId	zapier.com.ai	Search	ContactByRecipientId	contact_by_recipient_id	contact_by_recipient_id	Finds a contact by Recipient ID	1
https://zapier.com/Search/View	zapier.com.ai	Search	View	view	view	Finds a View Based on ID or Name.	1
https://zapier.com/Search/Workbook	zapier.com.ai	Search	Workbook	workbook	workbook	Finds a workbook based on name or id.	1
https://zapier.com/Search/Contentsearch	zapier.com.ai	Search	Contentsearch	contentsearch	contentSearch	Finds content by searching.	1
https://zapier.com/Search/Findmultipleitems	zapier.com.ai	Search	Findmultipleitems	findmultipleitems	findMultipleItems	Finds multiple items and returns them as line items. Useful for comparing multiple items.	1
https://zapier.com/Search/Itemsearch	zapier.com.ai	Search	Itemsearch	itemsearch	itemSearch	Finds a item by searching.	1
https://zapier.com/Search/Rmasearch	zapier.com.ai	Search	Rmasearch	rmasearch	rmaSearch	Finds an existing RMA by searching.	1
https://zapier.com/Search/BlogBlogsearch	zapier.com.ai	Search	BlogBlogsearch	blog_blogsearch	blog_blogSearch	Search for a Blog by the id	1
https://zapier.com/Search/BlogCategorysearch	zapier.com.ai	Search	BlogCategorysearch	blog_categorysearch	blog_categorySearch	Search for a Blog Category by the id	1
https://zapier.com/Search/CoreClubsearch	zapier.com.ai	Search	CoreClubsearch	core_clubsearch	core_clubSearch	Search for a Club by the id	1
https://zapier.com/Search/CoreMembersearch	zapier.com.ai	Search	CoreMembersearch	core_membersearch	core_memberSearch	Search for a member by name or email address	1
https://zapier.com/Search/ForumsTopicsearch	zapier.com.ai	Search	ForumsTopicsearch	forums_topicsearch	forums_topicSearch	Search for a topic by the topic id	1
https://zapier.com/Search/SearchDonation	zapier.com.ai	Search	SearchDonation	search_donation	search_donation	Finds donations by date within a contact's financial record in WildApricot. 	1
https://zapier.com/Search/SearchRegistrations	zapier.com.ai	Search	SearchRegistrations	search_registrations	search_registrations	Searches event registrations in WildApricot.	1
https://zapier.com/Search/LookupWebhookResource	zapier.com.ai	Search	LookupWebhookResource	lookup_webhook_resource	lookup_webhook_resource	Lookup a webhook's resource.	1
https://zapier.com/Search/GetLeadByEmail	zapier.com.ai	Search	GetLeadByEmail	get_lead_by_email	get_lead_by_email	Get a contact using email address	1
https://zapier.com/Search/GetLeadById	zapier.com.ai	Search	GetLeadById	get_lead_by_id	get_lead_by_ID	Get Contact information using contact ID.	1
https://zapier.com/Search/GetLeadByPhoneNumber	zapier.com.ai	Search	GetLeadByPhoneNumber	get_lead_by_phone_number	get_lead_by_phone_number	Get a contact using phone number.	1
https://zapier.com/Search/GetLeadTagsByEmail	zapier.com.ai	Search	GetLeadTagsByEmail	get_lead_tags_by_email	get_lead_tags_by_email	Get all tags for a contact using email address.	1
https://zapier.com/Search/GetLeadTagsByLeadid	zapier.com.ai	Search	GetLeadTagsByLeadid	get_lead_tags_by_leadid	get_lead_tags_by_leadID	Get all tags for a contact using contact ID.	1
https://zapier.com/Search/GetLeadTagsByPhoneNumber	zapier.com.ai	Search	GetLeadTagsByPhoneNumber	get_lead_tags_by_phone_number	get_lead_tags_by_phone_number	Get all tags for a contact using phone number.	1
https://zapier.com/Search/EnrichCompanies	zapier.com.ai	Search	EnrichCompanies	enrich_companies	enrich_companies	Enrich Companies action provides comprehensive company details.	1
https://zapier.com/Search/EnrichContacts	zapier.com.ai	Search	EnrichContacts	enrich_contacts	enrich_contacts	Enrich Contacts action provides detailed contact information.	1
https://zapier.com/Search/ProspectingContactsSearch	zapier.com.ai	Search	ProspectingContactsSearch	prospecting_contacts_search	prospecting_contacts_search	Prospecting Contacts Search action provides contact information indication.	1
https://zapier.com/Search/CompanyEnrich	zapier.com.ai	Search	CompanyEnrich	company_enrich	company_enrich	Takes in data on a company and returns over 25 points of information about it.	1
https://zapier.com/Search/Enrich	zapier.com.ai	Search	Enrich	enrich	enrich	Takes in data on a person and returns over 100 points of information about them.	1
https://zapier.com/Search/Response	zapier.com.ai	Search	Response	response	response	Finds a response by ID.	1
https://zapier.com/Search/Teammember	zapier.com.ai	Search	Teammember	teammember	teammember	Finds a team member by ID.	1
https://zapier.com/Search/ActivitySearch	zapier.com.ai	Search	ActivitySearch	activity_search	activity_search	Search for a activity.	1
https://zapier.com/Search/GetComments	zapier.com.ai	Search	GetComments	get_comments	get_comments	Gets comments for a given contact in the system.	1
https://zapier.com/Search/Certificationsearch	zapier.com.ai	Search	Certificationsearch	certificationsearch	certificationSearch	Finds an existing certification by name.	1
https://zapier.com/Search/Partnerapplicationsearch	zapier.com.ai	Search	Partnerapplicationsearch	partnerapplicationsearch	partnerApplicationSearch	Finds an existing partner application.	1
https://zapier.com/Search/Partnercontactsearch	zapier.com.ai	Search	Partnercontactsearch	partnercontactsearch	partnerContactSearch	Finds a partner team member.	1
https://zapier.com/Search/Partnersearch	zapier.com.ai	Search	Partnersearch	partnersearch	partnerSearch	Finds an existing partner.	1
https://zapier.com/Search/Transactionsearch	zapier.com.ai	Search	Transactionsearch	transactionsearch	transactionSearch	Finds an existing transaction.	1
https://zapier.com/Search/SearchActiveUser	zapier.com.ai	Search	SearchActiveUser	search_active_user	search_active_user	Finds an active subscriber by ID.	1
https://zapier.com/Search/SearchExpiredUser	zapier.com.ai	Search	SearchExpiredUser	search_expired_user	search_expired_user	Finds an expired subscriber by ID.	1
https://zapier.com/Search/SearchProspect	zapier.com.ai	Search	SearchProspect	search_prospect	search_prospect	Finds a prospect by ID.	1
https://zapier.com/Search/FindShipment	zapier.com.ai	Search	FindShipment	find_shipment	find_shipment	Find a shipment by Easyship Shipment ID and retrieve all current shipment details.	1
https://zapier.com/Search/FindCart	zapier.com.ai	Search	FindCart	find_cart	find_cart	Find an existent cart.	1
https://zapier.com/Search/CompanyFind	zapier.com.ai	Search	CompanyFind	company_find	company_find	Find an existing company.	1
https://zapier.com/Search/CourtCaseFind	zapier.com.ai	Search	CourtCaseFind	court_case_find	court_case_find	Find an existing court case.	1
https://zapier.com/Search/JobFind	zapier.com.ai	Search	JobFind	job_find	job_find	Finds an existing job.	1
https://zapier.com/Search/Booking	zapier.com.ai	Search	Booking	booking	booking	Finds a booking based on a search term.	1
https://zapier.com/Search/GetPageOrBlockData	zapier.com.ai	Search	GetPageOrBlockData	get_page_or_block_data	get_page_or_block_data	Finds a block by it's uid and returns it's data (& optionally of it's children)	1
https://zapier.com/Search/ProjectFiles	zapier.com.ai	Search	ProjectFiles	project_files	project_files	Finds files exported on this plan.	1
https://zapier.com/Search/MarketplaceOrderItemGet	zapier.com.ai	Search	MarketplaceOrderItemGet	marketplace_order_item_get	marketplace_order_item_get	Get the information about an order item from generated from a marketplace (such as Etsy), or from a manual order	1
https://zapier.com/Search/FindSipuser	zapier.com.ai	Search	FindSipuser	find_sipuser	find_sipuser	FInds a SipUser	1
https://zapier.com/Search/SearchOrganization	zapier.com.ai	Search	SearchOrganization	search_organization	search_organization	Search for Organizations in your Manatal account.	1
https://zapier.com/Search/FindOrCreateCustomer	zapier.com.ai	Search	FindOrCreateCustomer	find_or_create_customer	find_or_create_customer	Finds an existing customer, or creates one if it does not exist.	1
https://zapier.com/Search/Invitationsearch	zapier.com.ai	Search	Invitationsearch	invitationsearch	invitationSearch	Search for Invitation by email.	1
https://zapier.com/Search/GiftCard	zapier.com.ai	Search	GiftCard	gift_card	gift_card	Finds a gift card.	1
https://zapier.com/Search/FindAsset	zapier.com.ai	Search	FindAsset	find_asset	find_asset	Find an asset.	1
https://zapier.com/Search/FindPart	zapier.com.ai	Search	FindPart	find_part	find_part	Find a part.	1
https://zapier.com/Search/FindAssessment	zapier.com.ai	Search	FindAssessment	find_assessment	find_assessment	get all the assessments created by owner 	1
https://zapier.com/Search/Employee	zapier.com.ai	Search	Employee	employee	employee	Finds an employee by Email ID or Employee ID.	1
https://zapier.com/Search/Lookupemployee	zapier.com.ai	Search	Lookupemployee	lookupemployee	lookupemployee	Lookup an employee by Email ID or Employee ID.	1
https://zapier.com/Search/GetEvent	zapier.com.ai	Search	GetEvent	get_event	get_event	Fetch an Event from Swoogo	1
https://zapier.com/Search/GetRegistrant	zapier.com.ai	Search	GetRegistrant	get_registrant	get_registrant	Fetch a Registrant from Swoogo	1
https://zapier.com/Search/Paymentmethodsearch	zapier.com.ai	Search	Paymentmethodsearch	paymentmethodsearch	paymentMethodSearch	Finds record(s) given the provided search criteria.	1
https://zapier.com/Search/Schedulesearch	zapier.com.ai	Search	Schedulesearch	schedulesearch	scheduleSearch	Finds record(s) given the provided search criteria.	1
https://zapier.com/Search/SearchRegistration	zapier.com.ai	Search	SearchRegistration	search_registration	search_registration	Finds an Event Registration based on unique Id or full name. Optionally by event.	1
https://zapier.com/Search/FindClientByEmail	zapier.com.ai	Search	FindClientByEmail	find_client_by_email	find_client_by_email	Finds a Client by email	1
https://zapier.com/Search/SearchAddress	zapier.com.ai	Search	SearchAddress	search_address	search_address	Finds a contact by searching.	1
https://zapier.com/Search/SearchAppointment	zapier.com.ai	Search	SearchAppointment	search_appointment	search_appointment	Finds an appointment by searching.	1
https://zapier.com/Search/SearchAssociation	zapier.com.ai	Search	SearchAssociation	search_association	search_association	Finds associations between objects in onOffice	1
https://zapier.com/Search/SearchProperty	zapier.com.ai	Search	SearchProperty	search_property	search_property	Finds a property by searching.	1
https://zapier.com/Search/GetLink	zapier.com.ai	Search	GetLink	get_link	get_link	Gets a Linkly link	1
https://zapier.com/Search/Fetchcustomer	zapier.com.ai	Search	Fetchcustomer	fetchcustomer	fetchCustomer	Fetches a customer based on id.	1
https://zapier.com/Search/Fetchvisit	zapier.com.ai	Search	Fetchvisit	fetchvisit	fetchVisit	Fetches a visit based on the id.	1
https://zapier.com/Search/Location	zapier.com.ai	Search	Location	location	location	Fetches a location based on id.	1
https://zapier.com/Search/Resource	zapier.com.ai	Search	Resource	resource	resource	Fetches a resource based on id.	1
https://zapier.com/Search/SearchOrders	zapier.com.ai	Search	SearchOrders	search_orders	search_orders	Search printed order by order number, tracking number or name of the order	1
https://zapier.com/Search/T2mFindShortUrl	zapier.com.ai	Search	T2mFindShortUrl	t2m_find_short_url	t2m_find_short_url	Find branded short, with no. of total clicks and other values, URL by ID or slashtag.	1
https://zapier.com/Search/T2mSearchShortUrl	zapier.com.ai	Search	T2mSearchShortUrl	t2m_search_short_url	t2m_search_short_url	List all the branded short URLs for selected filters.	1
https://zapier.com/Search/RetrieveAgreementsForAUser	zapier.com.ai	Search	RetrieveAgreementsForAUser	retrieve_agreements_for_a_user	retrieve_agreements_for_a_user	Find a List of All Agreements	1
https://zapier.com/Search/RetrieveAgreementCurrentStatus	zapier.com.ai	Search	RetrieveAgreementCurrentStatus	retrieve_agreement_current_status	retrieve_agreement_current_status	Find the Agreement Status	1
https://zapier.com/Search/RetrieveAllDocumentsOfAnAgreement	zapier.com.ai	Search	RetrieveAllDocumentsOfAnAgreement	retrieve_all_documents_of_an_agreement	retrieve_all_documents_of_an_agreement	Find a List of All Document IDs of Agreement	1
https://zapier.com/Search/RetrieveDataFromFormFields	zapier.com.ai	Search	RetrieveDataFromFormFields	retrieve_data_from_form_fields	retrieve_data_from_form_fields	Find Form Field Data of Agreement in JSON Format	1
https://zapier.com/Search/RetrieveUrl	zapier.com.ai	Search	RetrieveUrl	retrieve_url	retrieve_url	Find the Signing URL	1
https://zapier.com/Search/Findfundraiserbyid	zapier.com.ai	Search	Findfundraiserbyid	findfundraiserbyid	findFundraiserByID	Search for a fundraiser based on ID.	1
https://zapier.com/Search/Getraceparticipantcount	zapier.com.ai	Search	Getraceparticipantcount	getraceparticipantcount	getRaceParticipantCount	Get a count of all participants for a single race event.	1
https://zapier.com/Search/Getraceparticipantcounts	zapier.com.ai	Search	Getraceparticipantcounts	getraceparticipantcounts	getRaceParticipantCounts	Get a count of all participants for all events of a race.	1
https://zapier.com/Search/Article	zapier.com.ai	Search	Article	article	article	Finds an article by name or number or creates one.	1
https://zapier.com/Search/Articlelineitemsupport	zapier.com.ai	Search	Articlelineitemsupport	articlelineitemsupport	articleLineItemSupport	Finds an article by name or number (With Line Item Support).	1
https://zapier.com/Search/Customerinvoice	zapier.com.ai	Search	Customerinvoice	customerinvoice	customerinvoice	Finds a sales invoice by invoice number or invoice customer name.	1
https://zapier.com/Search/Supplier	zapier.com.ai	Search	Supplier	supplier	supplier	Finds a supplier by name or number.	1
https://zapier.com/Search/GetHighlights	zapier.com.ai	Search	GetHighlights	get_highlights	get_highlights	Retrieves paginated past highlights of a user	1
https://zapier.com/Search/GetMeetings	zapier.com.ai	Search	GetMeetings	get_meetings	get_meetings	Retrieves paginated past meetings of a user	1
https://zapier.com/Search/GetTeams	zapier.com.ai	Search	GetTeams	get_teams	get_teams	Retrieves teams of a user.	1
https://zapier.com/Search/GetTranscripts	zapier.com.ai	Search	GetTranscripts	get_transcripts	Get_Transcripts	Lists all transcript sentences by meeting id.	1
https://zapier.com/Search/TeamMeetings	zapier.com.ai	Search	TeamMeetings	team_meetings	Team_Meetings	Lists past meetings of a team.	1
https://zapier.com/Search/Coursesearch	zapier.com.ai	Search	Coursesearch	coursesearch	courseSearch	Finds a course.	1
https://zapier.com/Search/CommissionGroups	zapier.com.ai	Search	CommissionGroups	commission_groups	commission_groups	Returns a list of Commission Groups for a given advertiser ID	1
https://zapier.com/Search/ListTransactions	zapier.com.ai	Search	ListTransactions	list_transactions	list_transactions	Returns a list of transactions for a given publisher or advertiser 	1
https://zapier.com/Search/PerformanceReport	zapier.com.ai	Search	PerformanceReport	performance_report	performance_report	Returns performance data for a given advertiser	1
https://zapier.com/Search/PerformanceReportPublishers	zapier.com.ai	Search	PerformanceReportPublishers	performance_report_publishers	performance_report_publishers	Returns performance data for a given publisher	1
https://zapier.com/Search/ProgramInformation	zapier.com.ai	Search	ProgramInformation	program_information	program_information	Returns advertiser information with whom you have an active partnership	1
https://zapier.com/Search/Promotions	zapier.com.ai	Search	Promotions	promotions	promotions	Returns a list of promotions and vouchercodes	1
https://zapier.com/Search/TransactionsById	zapier.com.ai	Search	TransactionsById	transactions_by_id	transactions_by_id	Returns a list of transactions for a given publisher or advertiser 	1
https://zapier.com/Search/BuyerLead	zapier.com.ai	Search	BuyerLead	buyer_lead	buyer_lead	Finds a buyer lead based on phone number, email, or full name, scoped by lead campaign.	1
https://zapier.com/Search/SellerLead	zapier.com.ai	Search	SellerLead	seller_lead	seller_lead	Finds a seller lead based on phone number, email, or full name, scoped by lead campaign.	1
https://zapier.com/Search/SearchDataItem	zapier.com.ai	Search	SearchDataItem	search_data_item	search_data_item	Search for an existing record by unique fields.	1
https://zapier.com/Search/Projectinternalsearch	zapier.com.ai	Search	Projectinternalsearch	projectinternalsearch	projectInternalSearch	Finds a project for creating task/section by name	1
https://zapier.com/Search/Sectionsearch	zapier.com.ai	Search	Sectionsearch	sectionsearch	sectionSearch	Finds a section by name.	1
https://zapier.com/Search/FetchRoleAssignments	zapier.com.ai	Search	FetchRoleAssignments	fetch_role_assignments	fetch_role_assignments	Finds role assignments filtered by user	1
https://zapier.com/Search/FetchUsers	zapier.com.ai	Search	FetchUsers	fetch_users	fetch_users	Finds a user in Kisi by email (or other identifier) and returns their profile.	1
https://zapier.com/Search/Findappointment	zapier.com.ai	Search	Findappointment	findappointment	findappointment	Searches for existing Appointment entry	1
https://zapier.com/Search/Findcase	zapier.com.ai	Search	Findcase	findcase	findcase	Searches for existing Case entry	1
https://zapier.com/Search/Findnote	zapier.com.ai	Search	Findnote	findnote	findnote	Searches for existing Note entry	1
https://zapier.com/Search/Findopportunity	zapier.com.ai	Search	Findopportunity	findopportunity	findopportunity	Searches for existing Opportunity entry	1
https://zapier.com/Search/FindChatroom	zapier.com.ai	Search	FindChatroom	find_chatroom	find_chatroom	Find chatroom from contacts.	1
https://zapier.com/Search/FindContentItems	zapier.com.ai	Search	FindContentItems	find_content_items	find_content_items	Finds Content Items in a Organization.	1
https://zapier.com/Search/FindSectionsOfAProject	zapier.com.ai	Search	FindSectionsOfAProject	find_sections_of_a_project	find_sections_of_a_project	Finds Sections of a Projects.	1
https://zapier.com/Search/FindTheAssignments	zapier.com.ai	Search	FindTheAssignments	find_the_assignments	find_the_assignments	Finds Assignments of a Form.	1
https://zapier.com/Search/FindTheTasks	zapier.com.ai	Search	FindTheTasks	find_the_tasks	find_the_tasks	FindsTasks or Subtasks.	1
https://zapier.com/Search/FindWorkspace	zapier.com.ai	Search	FindWorkspace	find_workspace	find_workspace	Finds a Workspace by Contact Id, Project Id, Workspace Id or Title	1
https://zapier.com/Search/GetCompanies	zapier.com.ai	Search	GetCompanies	get_companies	get_companies	Finds filtered companies	1
https://zapier.com/Search/GetContacts	zapier.com.ai	Search	GetContacts	get_contacts	get_contacts	Get all your contacts	1
https://zapier.com/Search/GetFormAnswers	zapier.com.ai	Search	GetFormAnswers	get_form_answers	get_form_answers	Gets all Form Answers	1
https://zapier.com/Search/GetProposalLineItems	zapier.com.ai	Search	GetProposalLineItems	get_proposal_line_items	get_proposal_line_items	Retrieve line items of a proposal	1
https://zapier.com/Search/GetSmartdoc	zapier.com.ai	Search	GetSmartdoc	get_smartdoc	get_smartdoc	Get a Smartdoc (using its ID)	1
https://zapier.com/Search/ListLineItemsOfInvoice	zapier.com.ai	Search	ListLineItemsOfInvoice	list_line_items_of_invoice	list_line_items_of_invoice	Lists Line-Items of a Invoice.	1
https://zapier.com/Search/ListTaskComments	zapier.com.ai	Search	ListTaskComments	list_task_comments	list_task_comments	Lists all Comments of a Task.	1
https://zapier.com/Search/RetrievesMessagesOfChatroom	zapier.com.ai	Search	RetrievesMessagesOfChatroom	retrieves_messages_of_chatroom	retrieves_messages_of_chatroom	Retrieves messages from a given Chatroom.	1
https://zapier.com/Search/RetrieveMembers	zapier.com.ai	Search	RetrieveMembers	retrieve_members	retrieve_members	Retrieve members of an organization	1
https://zapier.com/Search/RetrieveParticipants	zapier.com.ai	Search	RetrieveParticipants	retrieve_participants	retrieve_participants	Retrieve chatroom participants	1
https://zapier.com/Search/FindDonation	zapier.com.ai	Search	FindDonation	find_donation	find_donation	Find a list of donations on a given date	1
https://zapier.com/Search/FindInvoiceitems	zapier.com.ai	Search	FindInvoiceitems	find_invoiceitems	find_invoiceitems	Finds invoice items information. This includes its Id, date, description, type, ledger code, amount invoiced, amount paid, taxes, customer, participant etc.	1
https://zapier.com/Search/FindJournalentry	zapier.com.ai	Search	FindJournalentry	find_journalentry	find_journalentry	Find a list of journal entries from a date range.	1
https://zapier.com/Search/FindParticipants	zapier.com.ai	Search	FindParticipants	find_participants	find_participants	Find every participants registered to an activity. Leverage information like names, date of birth, contact, account owner contacts, etc.	1
https://zapier.com/Search/FindRentalPurchaseformAnswers	zapier.com.ai	Search	FindRentalPurchaseformAnswers	find_rental_purchaseform_answers	find_rental_purchaseform_answers	Find a rental purchase form questions and answers. Unlike the permanent "person" forms, "purchase" forms only exist in the context of a rental occurence. The data recieved includes any extra questions you have added to the purchase form of a given rental.	1
https://zapier.com/Search/SearchActivity	zapier.com.ai	Search	SearchActivity	search_activity	search_activity	Find a single activity from its unique identifier. This includes information such as: program, category, subcategory, activity name, start/end date and time, etc.	1
https://zapier.com/Search/SearchAllActivities	zapier.com.ai	Search	SearchAllActivities	search_all_activities	search_all_activities	Find all activities in your organization. This includes information such as: program, category, subcategory, activity name, start/end date and time, etc.	1
https://zapier.com/Search/SearchMembershipExtraquestionsAnswers	zapier.com.ai	Search	SearchMembershipExtraquestionsAnswers	search_membership_extraquestions_answers	search_membership_extraQuestions_answers	Get all extra question answers for all persons in a membership.	1
https://zapier.com/Search/Findusersoncall	zapier.com.ai	Search	Findusersoncall	findusersoncall	findUsersOnCall	Finds users who are on call for a specific schedule during a given time period.	1
https://zapier.com/Search/Schedule	zapier.com.ai	Search	Schedule	schedule	schedule	Get details about a specific schedule	1
https://zapier.com/Search/Fieldsearch	zapier.com.ai	Search	Fieldsearch	fieldsearch	fieldSearch	Finds a field by key.	1
https://zapier.com/Search/Sequencesearch	zapier.com.ai	Search	Sequencesearch	sequencesearch	sequenceSearch	Finds a sequence by searching.	1
https://zapier.com/Search/Getcount	zapier.com.ai	Search	Getcount	getcount	getCount	Finds the count of features meeting search criteria.	1
https://zapier.com/Search/Searchlayer	zapier.com.ai	Search	Searchlayer	searchlayer	searchLayer	Find or Create a Feature in ArcGIS Online.	1
https://zapier.com/Search/FindBusinessunit	zapier.com.ai	Search	FindBusinessunit	find_businessunit	find_businessunit	Search for a Business Unit by name	1
https://zapier.com/Search/FindTimesheetGroup	zapier.com.ai	Search	FindTimesheetGroup	find_timesheet_group	find_timesheet_group	Return combined data for a Timesheet grouping e.g. start date time, finish date time, total hours, start/finish/hrs per day as an array	1
https://zapier.com/Search/FindOrCreateContact	zapier.com.ai	Search	FindOrCreateContact	find_or_create_contact	find_or_create_contact	Find an existing Contact or creates one if it doesn't exist.	1
https://zapier.com/Search/Companys	zapier.com.ai	Search	Companys	companys	companys	Search for companys.	1
https://zapier.com/Search/CheckEmail	zapier.com.ai	Search	CheckEmail	check_email	check_email	Check if an email address is used by an existing user.	1
https://zapier.com/Search/FindSequence	zapier.com.ai	Search	FindSequence	find_sequence	find_sequence	Finds a sequence by name or ID.	1
https://zapier.com/Search/FindCheckinPhotos	zapier.com.ai	Search	FindCheckinPhotos	find_checkin_photos	find_checkin_photos	Find check-in photos using Check-In ID and Customer ID	1
https://zapier.com/Search/Searchtask	zapier.com.ai	Search	Searchtask	searchtask	searchTask	Search for a task by description	1
https://zapier.com/Search/Companybykey	zapier.com.ai	Search	Companybykey	companybykey	companyByKey	Search for a company by key.	1
https://zapier.com/Search/Fieldvaluesbyprojectid	zapier.com.ai	Search	Fieldvaluesbyprojectid	fieldvaluesbyprojectid	fieldValuesByProjectId	Get all field values by project id.	1
https://zapier.com/Search/Imagesbyprojectid	zapier.com.ai	Search	Imagesbyprojectid	imagesbyprojectid	imagesByProjectId	Get all images by project id.	1
https://zapier.com/Search/Mediametadatabyprojectid	zapier.com.ai	Search	Mediametadatabyprojectid	mediametadatabyprojectid	mediaMetadataByProjectId	Get all media metadata by project id.	1
https://zapier.com/Search/Projectbyid	zapier.com.ai	Search	Projectbyid	projectbyid	projectById	Search for a project by id.	1
https://zapier.com/Search/Reportbyprojectid	zapier.com.ai	Search	Reportbyprojectid	reportbyprojectid	reportByProjectId	Search for a report URL by project id.	1
https://zapier.com/Search/Userbyid	zapier.com.ai	Search	Userbyid	userbyid	userById	Search for a user by id.	1
https://zapier.com/Search/DownloadReport	zapier.com.ai	Search	DownloadReport	download_report	download_report	Downloads a report	1
https://zapier.com/Search/CheckoutRead	zapier.com.ai	Search	CheckoutRead	checkout_read	checkout_read	Gets a checkout by ID.	1
https://zapier.com/Search/CheckoutSearch	zapier.com.ai	Search	CheckoutSearch	checkout_search	checkout_search	Searches for checkouts.	1
https://zapier.com/Search/CheckoutTicketsRead	zapier.com.ai	Search	CheckoutTicketsRead	checkout_tickets_read	checkout_tickets_read	Get all checkout tickets.	1
https://zapier.com/Search/CouponRead	zapier.com.ai	Search	CouponRead	coupon_read	coupon_read	Gets a promo code by ID.	1
https://zapier.com/Search/CouponSearch	zapier.com.ai	Search	CouponSearch	coupon_search	coupon_search	Searches for promo codes.	1
https://zapier.com/Search/CustomerRead	zapier.com.ai	Search	CustomerRead	customer_read	customer_read	Gets a customer by ID.	1
https://zapier.com/Search/CustomerSearch	zapier.com.ai	Search	CustomerSearch	customer_search	customer_search	Searches for customers.	1
https://zapier.com/Search/EventInfoRead	zapier.com.ai	Search	EventInfoRead	event_info_read	event_info_read	Gets an event info object by event ID.	1
https://zapier.com/Search/EventRead	zapier.com.ai	Search	EventRead	event_read	event_read	Gets an event by ID.	1
https://zapier.com/Search/EventSearch	zapier.com.ai	Search	EventSearch	event_search	event_search	Searches for events.	1
https://zapier.com/Search/PurchaseintentRead	zapier.com.ai	Search	PurchaseintentRead	purchaseintent_read	purchaseIntent_read	Gets a purchase intent by ID.	1
https://zapier.com/Search/PurchaseintentSearch	zapier.com.ai	Search	PurchaseintentSearch	purchaseintent_search	purchaseIntent_search	Searches for purchase intents.	1
https://zapier.com/Search/TicketRead	zapier.com.ai	Search	TicketRead	ticket_read	ticket_read	Gets a ticket by ID.	1
https://zapier.com/Search/TicketSearch	zapier.com.ai	Search	TicketSearch	ticket_search	ticket_search	Searches for tickets.	1
https://zapier.com/Search/TransactionRead	zapier.com.ai	Search	TransactionRead	transaction_read	transaction_read	Gets a transaction by ID.	1
https://zapier.com/Search/TransactionTicketsRead	zapier.com.ai	Search	TransactionTicketsRead	transaction_tickets_read	transaction_tickets_read	Get all transaction tickets.	1
https://zapier.com/Search/Findcontactbyemail	zapier.com.ai	Search	Findcontactbyemail	findcontactbyemail	findcontactbyemail	Use to find contact by email Id.	1
https://zapier.com/Search/FindContactByUniqueIdentifier	zapier.com.ai	Search	FindContactByUniqueIdentifier	find_contact_by_unique_identifier	find_contact_by_unique_identifier	Find a contact by its unique identifier value.	1
https://zapier.com/Search/FindOrderByOriginalOrderId	zapier.com.ai	Search	FindOrderByOriginalOrderId	find_order_by_original_order_id	find_order_by_original_order_id	Search order by Original Order ID.	1
https://zapier.com/Search/Searchplanningbyid	zapier.com.ai	Search	Searchplanningbyid	searchplanningbyid	searchPlanningById	Find an planning by id.	1
https://zapier.com/Search/Deliverysearch	zapier.com.ai	Search	Deliverysearch	deliverysearch	deliverySearch	Finds a delivery.	1
https://zapier.com/Search/Personb2csearch	zapier.com.ai	Search	Personb2csearch	personb2csearch	personB2CSearch	Finds a person (B2C).	1
https://zapier.com/Search/Rental	zapier.com.ai	Search	Rental	rental	rental	Search for a rental.	1
https://zapier.com/Search/Attendees	zapier.com.ai	Search	Attendees	attendees	attendees	Search for attendee by the Event name.	1
https://zapier.com/Search/Events	zapier.com.ai	Search	Events	events	events	Search for events by Organization.	1
https://zapier.com/Search/Orders	zapier.com.ai	Search	Orders	orders	orders	Search for orders by the Event name.	1
https://zapier.com/Search/Getcustomers	zapier.com.ai	Search	Getcustomers	getcustomers	getCustomers	Search a latest customer from KashFlow account whose email/code/name matches given string.	1
https://zapier.com/Search/Getinvoices	zapier.com.ai	Search	Getinvoices	getinvoices	getInvoices	Gets a latest Invoice from KashFlow account whose invoice number or customer reference number matches given string.	1
https://zapier.com/Search/FindInterest	zapier.com.ai	Search	FindInterest	find_interest	find_interest	Search for a interest by its name.	1
https://zapier.com/Search/Publicationbyid	zapier.com.ai	Search	Publicationbyid	publicationbyid	publicationById	Search for a specific flipbook by its ID.	1
https://zapier.com/Search/Publicationbyname	zapier.com.ai	Search	Publicationbyname	publicationbyname	publicationByName	Search for a specific flipbook by its title.	1
https://zapier.com/Search/Publicationbyurl	zapier.com.ai	Search	Publicationbyurl	publicationbyurl	publicationByUrl	Search for a specific flipbook by its public URL.	1
https://zapier.com/Search/Teamsearch	zapier.com.ai	Search	Teamsearch	teamsearch	teamSearch	Finds a team.	1
https://zapier.com/Search/Getcustomerbyid	zapier.com.ai	Search	Getcustomerbyid	getcustomerbyid	getCustomerById	Retrieves a specific customer using their unique ID.	1
https://zapier.com/Search/Getquotesforjob	zapier.com.ai	Search	Getquotesforjob	getquotesforjob	getQuotesForJob	Finds all quotes associated with a specific job.	1
https://zapier.com/Search/Getsitebyid	zapier.com.ai	Search	Getsitebyid	getsitebyid	getSiteById	Retrieves a specific site using its unique ID.	1
https://zapier.com/Search/Searchallquotes	zapier.com.ai	Search	Searchallquotes	searchallquotes	searchAllQuotes	Search for quotes across all jobs, sorted by modification date.	1
https://zapier.com/Search/Searchjob	zapier.com.ai	Search	Searchjob	searchjob	searchJob	Finds jobs based on search text.	1
https://zapier.com/Search/Searchsite	zapier.com.ai	Search	Searchsite	searchsite	searchSite	Searches for sites by name, city, or postal code.	1
https://zapier.com/Search/Activitysearch	zapier.com.ai	Search	Activitysearch	activitysearch	activitySearch	Search a Activity given a set of criteria.	1
https://zapier.com/Search/Anagraphicemaillistsearch	zapier.com.ai	Search	Anagraphicemaillistsearch	anagraphicemaillistsearch	anagraphicEmailListSearch	Search an email item Anagraphic given a set of criteria.	1
https://zapier.com/Search/Catalogsearch	zapier.com.ai	Search	Catalogsearch	catalogsearch	catalogSearch	Search a Catalog given a set of criteria.	1
https://zapier.com/Search/FindCompanyById	zapier.com.ai	Search	FindCompanyById	find_company_by_id	find_company_by_id	Find a company by their unique ID	1
https://zapier.com/Search/FindCompanyByIdV3	zapier.com.ai	Search	FindCompanyByIdV3	find_company_by_id_v3	find_company_by_id_v3	Find a company by their unique ID	1
https://zapier.com/Search/FindCompanyByNameV3	zapier.com.ai	Search	FindCompanyByNameV3	find_company_by_name_v3	find_company_by_name_v3	Finds a company by its name.	1
https://zapier.com/Search/FindCustomFields	zapier.com.ai	Search	FindCustomFields	find_custom_fields	find_custom_fields	Find custom field by type	1
https://zapier.com/Search/FindCustomFieldValues	zapier.com.ai	Search	FindCustomFieldValues	find_custom_field_values	find_custom_field_values	Find custom field values by type and id 	1
https://zapier.com/Search/FindInvoiceTemplateByName	zapier.com.ai	Search	FindInvoiceTemplateByName	find_invoice_template_by_name	find_invoice_template_by_name	Finds an invoice template by its name.	1
https://zapier.com/Search/FindOffLimits	zapier.com.ai	Search	FindOffLimits	find_off_limits	find_off_limits	Find off limits by a specific person or company	1
https://zapier.com/Search/FindOffLimitsV2	zapier.com.ai	Search	FindOffLimitsV2	find_off_limits_v2	find_off_limits_v2	Find off limits by a specific company	1
https://zapier.com/Search/FindOpportunityByOpportunityId	zapier.com.ai	Search	FindOpportunityByOpportunityId	find_opportunity_by_opportunity_id	find_opportunity_by_opportunity_id	Finds an opportunity by its project id	1
https://zapier.com/Search/FindPersonByEmailV3	zapier.com.ai	Search	FindPersonByEmailV3	find_person_by_email_v3	find_person_by_email_v3	Finds a person from your Ezekia account by one of their email addresses	1
https://zapier.com/Search/FindPersonByIdV3	zapier.com.ai	Search	FindPersonByIdV3	find_person_by_id_v3	find_person_by_id_v3	Find a person by their unique ID	1
https://zapier.com/Search/FindPersonByLinkedin	zapier.com.ai	Search	FindPersonByLinkedin	find_person_by_linkedin	find_person_by_linkedin	Finds a person from your Ezekia account by their LinkedIn URL	1
https://zapier.com/Search/FindPersonByLinkedinV3	zapier.com.ai	Search	FindPersonByLinkedinV3	find_person_by_linkedin_v3	find_person_by_linkedin_v3	Finds a person from your Ezekia account by their LinkedIn URL	1
https://zapier.com/Search/FindPersonByPhone	zapier.com.ai	Search	FindPersonByPhone	find_person_by_phone	find_person_by_phone	Find a person by their phone number	1
https://zapier.com/Search/FindPersonByPhoneV3	zapier.com.ai	Search	FindPersonByPhoneV3	find_person_by_phone_v3	find_person_by_phone_v3	Find a person by their phone number	1
https://zapier.com/Search/FindPersonOffLimits	zapier.com.ai	Search	FindPersonOffLimits	find_person_off_limits	find_person_off_limits	Find off limits by a specific person	1
https://zapier.com/Search/FindProjectBillingById	zapier.com.ai	Search	FindProjectBillingById	find_project_billing_by_id	find_project_billing_by_id	Finds a project's billing information by the project's unique id	1
https://zapier.com/Search/FindProjectById	zapier.com.ai	Search	FindProjectById	find_project_by_id	find_project_by_id	Find a project by their unique ID	1
https://zapier.com/Search/FindProjectByName	zapier.com.ai	Search	FindProjectByName	find_project_by_name	find_project_by_name	Finds an opportunity or assignment by its name.	1
https://zapier.com/Search/FindProjectByProjectId	zapier.com.ai	Search	FindProjectByProjectId	find_project_by_project_id	find_project_by_project_id	Finds an opportunity or assignment by its id.	1
https://zapier.com/Search/FindProjectCandidatesById	zapier.com.ai	Search	FindProjectCandidatesById	find_project_candidates_by_id	find_project_candidates_by_id	Returns project candidates and their latest pipeline status by the project's unique id 	1
https://zapier.com/Search/FindSplitFeeRecipientByName	zapier.com.ai	Search	FindSplitFeeRecipientByName	find_split_fee_recipient_by_name	find_split_fee_recipient_by_name	Finds a fee split recipient by name.	1
https://zapier.com/Search/Analytics	zapier.com.ai	Search	Analytics	analytics	analytics	Get detailed statistics of your account directly through our API.	1
https://zapier.com/Search/Journal	zapier.com.ai	Search	Journal	journal	journal	You can use this endpoint to query the last entries of your logbooks. Each query returns a maximum of 100 entries.	1
https://zapier.com/Search/Actions	zapier.com.ai	Search	Actions	actions	actions	Finds last action based on an incident number.	1
https://zapier.com/Search/FindBranch	zapier.com.ai	Search	FindBranch	find_branch	Find_Branch	Find a branch by name	1
https://zapier.com/Search/GetIncidentByNumber	zapier.com.ai	Search	GetIncidentByNumber	get_incident_by_number	get_incident_by_number	Find incident by number	1
https://zapier.com/Search/QueryV2	zapier.com.ai	Search	QueryV2	query_v2	query_v2	Run a single SQL statement on your database	1
https://zapier.com/Search/Select	zapier.com.ai	Search	Select	select	select	Run a Select query on a table.	1
https://zapier.com/Search/SelectV2	zapier.com.ai	Search	SelectV2	select_v2	select_v2	Run a Select query on a table.	1
https://zapier.com/Search/Amazonreviews	zapier.com.ai	Search	Amazonreviews	amazonreviews	AmazonReviews	Returns product's reviews from Amazon.	1
https://zapier.com/Search/Emailaddressverifier	zapier.com.ai	Search	Emailaddressverifier	emailaddressverifier	EmailAddressVerifier	Allows to validate email addresses. Checks if emails are deliverable.	1
https://zapier.com/Search/Emailsandcontactsscraper	zapier.com.ai	Search	Emailsandcontactsscraper	emailsandcontactsscraper	EmailsAndContactsScraper	Allows finding email addresses, social links, and phones from domains.	1
https://zapier.com/Search/Googlemapsplaces	zapier.com.ai	Search	Googlemapsplaces	googlemapsplaces	GoogleMapsPlaces	Returns places from Google Maps based on a given search query.	1
https://zapier.com/Search/Googlemapsreviews	zapier.com.ai	Search	Googlemapsreviews	googlemapsreviews	GoogleMapsReviews	Returns Google Maps reviews from places when using search queries or from a single place when using Google IDs or names.	1
https://zapier.com/Search/Phonenumbersenricher	zapier.com.ai	Search	Phonenumbersenricher	phonenumbersenricher	PhoneNumbersEnricher	Returns phone carrier data (name/type), validates phones and ensures messages deliverability.	1
https://zapier.com/Search/Reversegeocoding	zapier.com.ai	Search	Reversegeocoding	reversegeocoding	ReverseGeocoding	Translate locations on the map into human-readable addresses.	1
https://zapier.com/Search/FindReport	zapier.com.ai	Search	FindReport	find_report	find_report	Retrieves a specific expense report, using the report's number.	1
https://zapier.com/Search/FindCaseOrIntakeByFirstParty	zapier.com.ai	Search	FindCaseOrIntakeByFirstParty	find_case_or_intake_by_first_party	find_case_or_intake_by_first_party	Search for a case or intake using first party details.	1
https://zapier.com/Search/FindCaseOrIntakeByNumber	zapier.com.ai	Search	FindCaseOrIntakeByNumber	find_case_or_intake_by_number	find_case_or_intake_by_number	Search for a case or intake by using its number.	1
https://zapier.com/Search/Getprojectdates	zapier.com.ai	Search	Getprojectdates	getprojectdates	GetProjectDates	Gets all the project dates.	1
https://zapier.com/Search/GetAllProjects	zapier.com.ai	Search	GetAllProjects	get_all_projects	get_all_projects	Retrieve all projects	1
https://zapier.com/Search/GetProjectExpense	zapier.com.ai	Search	GetProjectExpense	get_project_expense	get_project_expense	Finds an expense using both the Project ID and Expense ID.	1
https://zapier.com/Search/GetProjectExpenses	zapier.com.ai	Search	GetProjectExpenses	get_project_expenses	get_project_expenses	Finds all expenses linked to a project. 	1
https://zapier.com/Search/GetProjectFinancialKpi	zapier.com.ai	Search	GetProjectFinancialKpi	get_project_financial_kpi	Get_Project_Financial_KPI	Get Project Financial KPI	1
https://zapier.com/Search/GetProjectInvoice	zapier.com.ai	Search	GetProjectInvoice	get_project_invoice	get_project_invoice	Finds an invoice using both the Project ID and Invoice ID.	1
https://zapier.com/Search/GetProjectInvoices	zapier.com.ai	Search	GetProjectInvoices	get_project_invoices	get_project_invoices	Finds all invoices linked to a project. 	1
https://zapier.com/Search/GetProjectPayment	zapier.com.ai	Search	GetProjectPayment	get_project_payment	get_project_payment	Finds a payment using both the Project ID and Payment ID.	1
https://zapier.com/Search/GetProjectPayments	zapier.com.ai	Search	GetProjectPayments	get_project_payments	get_project_payments	Finds all payments linked to a project. 	1
https://zapier.com/Search/GetProjectStatus	zapier.com.ai	Search	GetProjectStatus	get_project_status	get_project_status	Get the current status of the project	1
https://zapier.com/Search/AbuseLookup	zapier.com.ai	Search	AbuseLookup	abuse_lookup	abuse_lookup	Find abuse information of an IP address.	1
https://zapier.com/Search/AsnLookup	zapier.com.ai	Search	AsnLookup	asn_lookup	asn_lookup	Get the ASN information of an IP address	1
https://zapier.com/Search/CarrierLookup	zapier.com.ai	Search	CarrierLookup	carrier_lookup	carrier_lookup	Get the carrier information of an IP address.	1
https://zapier.com/Search/CompanyLookup	zapier.com.ai	Search	CompanyLookup	company_lookup	company_lookup	Find company information of an IP address	1
https://zapier.com/Search/DomainsLookup	zapier.com.ai	Search	DomainsLookup	domains_lookup	domains_lookup	Find the hosted domains information of an IP address	1
https://zapier.com/Search/GeoLookup	zapier.com.ai	Search	GeoLookup	geo_lookup	geo_lookup	Find geolocation information of an IP address	1
https://zapier.com/Search/IpLookup	zapier.com.ai	Search	IpLookup	ip_lookup	ip_lookup	Find all the details of an IP address.	1
https://zapier.com/Search/PrivacyLookup	zapier.com.ai	Search	PrivacyLookup	privacy_lookup	privacy_lookup	Get the privacy information of an IP address	1
https://zapier.com/Search/GetData	zapier.com.ai	Search	GetData	get_data	get_data	Get the definition of a data	1
https://zapier.com/Search/PhoneSearch	zapier.com.ai	Search	PhoneSearch	phone_search	phone_search	Determine the line-type of any North American phone number as cell phone, landline, VOIP or toll-free.	1
https://zapier.com/Search/DeviceSearch	zapier.com.ai	Search	DeviceSearch	device_search	device_search	Find an existing device.	1
https://zapier.com/Search/ManagedobjectSearch	zapier.com.ai	Search	ManagedobjectSearch	managedobject_search	managedObject_search	Find an existing managedObject in inventory.	1
https://zapier.com/Search/Guest	zapier.com.ai	Search	Guest	guest	guest	Finds an existing guest.	1
https://zapier.com/Search/Invitee	zapier.com.ai	Search	Invitee	invitee	invitee	Finds an existing invitee.	1
https://zapier.com/Search/Boardsearch	zapier.com.ai	Search	Boardsearch	boardsearch	boardSearch	Finds a board.	1
https://zapier.com/Search/BoardCustomFieldsearch	zapier.com.ai	Search	BoardCustomFieldsearch	board_custom_fieldsearch	board_custom_fieldSearch	Finds a board custom field.	1
https://zapier.com/Search/BoardMembershipsearch	zapier.com.ai	Search	BoardMembershipsearch	board_membershipsearch	board_membershipSearch	Finds a board membership.	1
https://zapier.com/Search/CardLabelsearch	zapier.com.ai	Search	CardLabelsearch	card_labelsearch	card_labelSearch	Finds a label associated with the specified card.	1
https://zapier.com/Search/CardMembersearch	zapier.com.ai	Search	CardMembersearch	card_membersearch	card_memberSearch	Finds a member of the specified card.	1
https://zapier.com/Search/ConversationMembershipsearch	zapier.com.ai	Search	ConversationMembershipsearch	conversation_membershipsearch	conversation_membershipSearch	Finds a conversation membership.	1
https://zapier.com/Search/Docsearch	zapier.com.ai	Search	Docsearch	docsearch	docSearch	Finds a document.	1
https://zapier.com/Search/DocMembershipsearch	zapier.com.ai	Search	DocMembershipsearch	doc_membershipsearch	doc_membershipSearch	Finds a doc membership.	1
https://zapier.com/Search/Embedsearch	zapier.com.ai	Search	Embedsearch	embedsearch	embedSearch	Finds an embed.	1
https://zapier.com/Search/EmbedMembershipsearch	zapier.com.ai	Search	EmbedMembershipsearch	embed_membershipsearch	embed_membershipSearch	Finds a embed membership.	1
https://zapier.com/Search/Foldersearch	zapier.com.ai	Search	Foldersearch	foldersearch	folderSearch	Finds a folder.	1
https://zapier.com/Search/FolderMembershipsearch	zapier.com.ai	Search	FolderMembershipsearch	folder_membershipsearch	folder_membershipSearch	Finds a folder membership.	1
https://zapier.com/Search/InvoiceMembershipsearch	zapier.com.ai	Search	InvoiceMembershipsearch	invoice_membershipsearch	invoice_membershipSearch	Finds a invoice membership.	1
https://zapier.com/Search/Listsearch	zapier.com.ai	Search	Listsearch	listsearch	listSearch	Finds a list within the specified board.	1
https://zapier.com/Search/MilestoneMembershipsearch	zapier.com.ai	Search	MilestoneMembershipsearch	milestone_membershipsearch	milestone_membershipSearch	Finds a milestone membership.	1
https://zapier.com/Search/Recurringinvoicesearch	zapier.com.ai	Search	Recurringinvoicesearch	recurringinvoicesearch	recurringInvoiceSearch	Finds a recurring invoice.	1
https://zapier.com/Search/Templatesearch	zapier.com.ai	Search	Templatesearch	templatesearch	templateSearch	Finds a template.	1
https://zapier.com/Search/FindCompanyRelatedEntities	zapier.com.ai	Search	FindCompanyRelatedEntities	find_company_related_entities	find_company_related_entities	Find company and return all custom objects for that company.	1
https://zapier.com/Search/FindCompanyRelatedOpportunities	zapier.com.ai	Search	FindCompanyRelatedOpportunities	find_company_related_opportunities	find_company_related_opportunities	Find company related opportunities	1
https://zapier.com/Search/FindContactRecentInteractions	zapier.com.ai	Search	FindContactRecentInteractions	find_contact_recent_interactions	find_contact_recent_interactions	Finds contact recent interactions	1
https://zapier.com/Search/FindContactRelatedEntities	zapier.com.ai	Search	FindContactRelatedEntities	find_contact_related_entities	find_contact_related_entities	Find contact and return all custom objects for that contact.	1
https://zapier.com/Search/FindCustomObject	zapier.com.ai	Search	FindCustomObject	find_custom_object	find_custom_object	Lookup Row in List Entities.	1
https://zapier.com/Search/FindCustomObjects	zapier.com.ai	Search	FindCustomObjects	find_custom_objects	find_custom_objects	Finds many matched entities (20 max.) With Line Items Support.	1
https://zapier.com/Search/FindOpportunityRelatedEntities	zapier.com.ai	Search	FindOpportunityRelatedEntities	find_opportunity_related_entities	find_opportunity_related_entities	Find opportunity and return all custom objects for that opportunity.	1
https://zapier.com/Search/Groups	zapier.com.ai	Search	Groups	groups	groups	Search Groups in your Portal.	1
https://zapier.com/Search/Users	zapier.com.ai	Search	Users	users	users	Search Users in your Portal.	1
https://zapier.com/Search/GetAiropsAppExecution	zapier.com.ai	Search	GetAiropsAppExecution	get_airops_app_execution	get_airops_app_execution	Gets an execution by UUID.	1
https://zapier.com/Search/FindListItem	zapier.com.ai	Search	FindListItem	find_list_item	find_list_item	Find an existing Relationship on a List	1
https://zapier.com/Search/FindInvoiceAdjustment	zapier.com.ai	Search	FindInvoiceAdjustment	find_invoice_adjustment	find_invoice_adjustment	Finds an invoice adjustment by id.	1
https://zapier.com/Search/FindTimeoffTypes	zapier.com.ai	Search	FindTimeoffTypes	find_timeoff_types	find_timeoff_types	Finds timeoff types by HRIS profile id.	1
https://zapier.com/Search/FindTimesheet	zapier.com.ai	Search	FindTimesheet	find_timesheet	find_timesheet	Finds a timesheet by id.	1
https://zapier.com/Search/GetEntrepriseSiren	zapier.com.ai	Search	GetEntrepriseSiren	get_entreprise_siren	get_entreprise_siren	Retrieve the informations available of a company.	1
https://zapier.com/Search/RechercheDirigeant	zapier.com.ai	Search	RechercheDirigeant	recherche_dirigeant	Recherche_dirigeant	All parameters are optional and are used to filter the search. The different executives will be returned in a results table.	1
https://zapier.com/Search/RechercheDocuments	zapier.com.ai	Search	RechercheDocuments	recherche_documents	Recherche_documents	All parameters are optional and are used to filter the search. The different documents will be returned in a results table.	1
https://zapier.com/Search/RechercheEntrepriseCriters	zapier.com.ai	Search	RechercheEntrepriseCriters	recherche_entreprise_criters	recherche_entreprise_criters	All parameters are optional and are used to filter the search. The different companies will be returned in a results table.	1
https://zapier.com/Search/RecherchePublicationsBodacc	zapier.com.ai	Search	RecherchePublicationsBodacc	recherche_publications_bodacc	recherche_publications_bodacc	All parameters are optional and are used to filter the search. The different bodacc publications will be returned in a results table.	1
https://zapier.com/Search/SearchAutocomplete	zapier.com.ai	Search	SearchAutocomplete	search_autocomplete	Search_Autocomplete	Find companies that match the start of a text search (autocomplete type).	1
https://zapier.com/Search/TelechargerDocument	zapier.com.ai	Search	TelechargerDocument	telecharger_document	telecharger_document	Download a document based on a token
You must provide the document token. The document will be sent to you in a PDF format.	1
https://zapier.com/Search/FindConversationsByUser	zapier.com.ai	Search	FindConversationsByUser	find_conversations_by_user	find_conversations_by_user	Search for conversations based on User ID	1
https://zapier.com/Search/FindUserByExternalId	zapier.com.ai	Search	FindUserByExternalId	find_user_by_external_id	find_user_by_external_id	Search for an Enduser based on the programatically set external identifier.	1
https://zapier.com/Search/GetActivitylog	zapier.com.ai	Search	GetActivitylog	get_activitylog	get_activitylog	Retrieves the activity log for a given CSID.	1
https://zapier.com/Search/GetConversationRating	zapier.com.ai	Search	GetConversationRating	get_conversation_rating	get_conversation_rating	Retrieves Conversation CSAT Rating	1
https://zapier.com/Search/GetConversationTags	zapier.com.ai	Search	GetConversationTags	get_conversation_tags	get_conversation_tags	Retrieves all tags currently on a conversation	1
https://zapier.com/Search/GetMessagesInConversation	zapier.com.ai	Search	GetMessagesInConversation	get_messages_in_conversation	Get_Messages_In_conversation	Retrieves messages in any given conversation based on CSID	1
https://zapier.com/Search/GetUserById	zapier.com.ai	Search	GetUserById	get_user_by_id	get_user_by_id	Retrieves the user based on user ID	1
https://zapier.com/Search/SearchConversation	zapier.com.ai	Search	SearchConversation	search_conversation	search_conversation	Searches for conversations in the Dixa platform	1
https://zapier.com/Search/SearchQueue	zapier.com.ai	Search	SearchQueue	search_queue	Search_queue	Retrieves a queue's information based on queue ID	1
https://zapier.com/Search/SearchUserByEmail	zapier.com.ai	Search	SearchUserByEmail	search_user_by_email	search_user_by_email	Search for end-users based on email address	1
https://zapier.com/Search/SearchUserByPhone	zapier.com.ai	Search	SearchUserByPhone	search_user_by_phone	Search_user_by_phone	Search for end-users based on phone number	1
https://zapier.com/Search/FindOrderItem	zapier.com.ai	Search	FindOrderItem	find_order_item	find_order_item	Finds an Order Item	1
https://zapier.com/Search/FindQuoteItem	zapier.com.ai	Search	FindQuoteItem	find_quote_item	find_quote_item	Finds a Quote Item	1
https://zapier.com/Search/FindCard	zapier.com.ai	Search	FindCard	find_card	find_card	Find card by Customer & Template	1
https://zapier.com/Search/SFindAddress	zapier.com.ai	Search	SFindAddress	s_find_address	s_find_address	Finds a contact by email.	1
https://zapier.com/Search/GetDailyMetrics	zapier.com.ai	Search	GetDailyMetrics	get_daily_metrics	get_daily_metrics	Retrieves metrics for the selected date range. This is a premium feature. Please contact Vista Social team for pricing.	1
https://zapier.com/Search/GetInbox	zapier.com.ai	Search	GetInbox	get_inbox	get_inbox	Retrieve inbox items such as messages, comments	1
https://zapier.com/Search/GetPostMetrics	zapier.com.ai	Search	GetPostMetrics	get_post_metrics	get_post_metrics	Retrieves metrics of the published posts. This is a premium feature. Please contact Vista Social team for pricing.	1
https://zapier.com/Search/ContactSearchFind	zapier.com.ai	Search	ContactSearchFind	contact_search_find	contact_search_find	Finds an existing contact by a specified field.	1
https://zapier.com/Search/CustomersSearch	zapier.com.ai	Search	CustomersSearch	customers_search	customers_search	Finds an existing customer by a specified field.	1
https://zapier.com/Search/InvoicesSearch	zapier.com.ai	Search	InvoicesSearch	invoices_search	invoices_search	Finds an existing invoice by a specified field.	1
https://zapier.com/Search/QuoteSearchFind	zapier.com.ai	Search	QuoteSearchFind	quote_search_find	quote_search_find	Finds an existing quote by a specified field.	1
https://zapier.com/Search/SubscriptionsSearch	zapier.com.ai	Search	SubscriptionsSearch	subscriptions_search	subscriptions_search	Finds an existing subscription by a specified field.	1
https://zapier.com/Search/TransactionsSearch	zapier.com.ai	Search	TransactionsSearch	transactions_search	transactions_search	Finds a transaction (payment, refund, etc.) by a specified field.	1
https://zapier.com/Search/FindCommentsForRequest	zapier.com.ai	Search	FindCommentsForRequest	find_comments_for_request	find_comments_for_request	Finds all comments for a specific request. Supports pagination for large result sets.	1
https://zapier.com/Search/GenieConversation	zapier.com.ai	Search	GenieConversation	genie_conversation	genie_conversation	Ask a natural language question to Databricks Genie and get AI-powered insights from your data.	1
https://zapier.com/Search/GenieFollowUp	zapier.com.ai	Search	GenieFollowUp	genie_follow_up	genie_follow_up	Ask a follow-up question in an existing Genie conversation, maintaining context from previous questions.	1
https://zapier.com/Search/GetGenieSpaceV2	zapier.com.ai	Search	GetGenieSpaceV2	get_genie_space_v2	get_genie_space_v2	Get detailed information about a specific Genie space including its configuration and tables. (v2)	1
https://zapier.com/Search/ListGenieSpaces	zapier.com.ai	Search	ListGenieSpaces	list_genie_spaces	list_genie_spaces	Get a list of available Genie spaces in your Databricks workspace.	1
https://zapier.com/Search/QueryOnlineTable	zapier.com.ai	Search	QueryOnlineTable	query_online_table	query_online_table	Query Online table.	1
https://zapier.com/Search/QueryServingEndpoint	zapier.com.ai	Search	QueryServingEndpoint	query_serving_endpoint	query_serving_endpoint	Queries Databricks serving endpoint based on its name.	1
https://zapier.com/Search/QuerySqlWarehouse	zapier.com.ai	Search	QuerySqlWarehouse	query_sql_warehouse	query_sql_warehouse	Runs a query on a Databricks SQL Warehouse.	1
https://zapier.com/Search/QueryVectorSearchIndex	zapier.com.ai	Search	QueryVectorSearchIndex	query_vector_search_index	query_vector_search_index	Runs a query against Vector Search Index.	1
https://zapier.com/Search/Clicks	zapier.com.ai	Search	Clicks	clicks	clicks	Search for clicks.	1
https://zapier.com/Search/Conversions	zapier.com.ai	Search	Conversions	conversions	conversions	Search for conversions	1
https://zapier.com/Search/Conversiontypes	zapier.com.ai	Search	Conversiontypes	conversiontypes	conversionTypes	Search for Conversion Types.	1
https://zapier.com/Search/FindCategory	zapier.com.ai	Search	FindCategory	find_category	find_category	Finds a Category	1
https://zapier.com/Search/GetContactByEmailAddress	zapier.com.ai	Search	GetContactByEmailAddress	get_contact_by_email_address	get_contact_by_email_address	Get contact in CFP by its email address using Zapier actions	1
https://zapier.com/Search/GetContactById	zapier.com.ai	Search	GetContactById	get_contact_by_id	get_contact_by_id	Get contact in CFP by its id using Zapier actions	1
https://zapier.com/Search/SearchFileMeta	zapier.com.ai	Search	SearchFileMeta	search_file_meta	search_file_meta	Searches for a file by key and returns metadata.	1
https://zapier.com/Search/FindPlan	zapier.com.ai	Search	FindPlan	find_plan	find_plan	Finds a plan in your Paythen account.	1
https://zapier.com/Search/SearchAppointments	zapier.com.ai	Search	SearchAppointments	search_appointments	search_appointments	Finds appointments of a patient.	1
https://zapier.com/Search/GetMarketStatistics	zapier.com.ai	Search	GetMarketStatistics	get_market_statistics	get_market_statistics	Gets market statistics and listing trends for a US zip code.	1
https://zapier.com/Search/GetPropertyRecords	zapier.com.ai	Search	GetPropertyRecords	get_property_records	get_property_records	Finds property records in a geographical area that match specific criteria.	1
https://zapier.com/Search/GetPropertyRecordsRandom	zapier.com.ai	Search	GetPropertyRecordsRandom	get_property_records_random	get_property_records_random	Gets a list of property records selected at random.	1
https://zapier.com/Search/GetPropertyRecordByAddress	zapier.com.ai	Search	GetPropertyRecordByAddress	get_property_record_by_address	get_property_record_by_address	Gets a property record matching the specified address.	1
https://zapier.com/Search/GetPropertyRecordById	zapier.com.ai	Search	GetPropertyRecordById	get_property_record_by_id	get_property_record_by_id	Gets a property record matching the specified id.	1
https://zapier.com/Search/GetRentalListingsLongTerm	zapier.com.ai	Search	GetRentalListingsLongTerm	get_rental_listings_long_term	get_rental_listings_long_term	Finds rental listings in a geographical area that match specific criteria.	1
https://zapier.com/Search/GetRentalListingLongTermByAddress	zapier.com.ai	Search	GetRentalListingLongTermByAddress	get_rental_listing_long_term_by_address	get_rental_listing_long_term_by_address	Gets a rental listing matching the specified address.	1
https://zapier.com/Search/GetRentalListingLongTermById	zapier.com.ai	Search	GetRentalListingLongTermById	get_rental_listing_long_term_by_id	get_rental_listing_long_term_by_id	Gets a rental listing matching the specified id.	1
https://zapier.com/Search/GetRentEstimateLongTerm	zapier.com.ai	Search	GetRentEstimateLongTerm	get_rent_estimate_long_term	get_rent_estimate_long_term	Gets a property rent estimate and comparable properties.	1
https://zapier.com/Search/GetSaleListings	zapier.com.ai	Search	GetSaleListings	get_sale_listings	get_sale_listings	Finds sale listings in a geographical area that match specific criteria.	1
https://zapier.com/Search/GetSaleListingByAddress	zapier.com.ai	Search	GetSaleListingByAddress	get_sale_listing_by_address	get_sale_listing_by_address	Gets a sale listing matching the specified address.	1
https://zapier.com/Search/GetSaleListingById	zapier.com.ai	Search	GetSaleListingById	get_sale_listing_by_id	get_sale_listing_by_id	Gets a sale listing matching the specified id.	1
https://zapier.com/Search/GetValueEstimate	zapier.com.ai	Search	GetValueEstimate	get_value_estimate	get_value_estimate	Gets a property value estimate and comparable properties.	1
https://zapier.com/Search/Lookupipaddress	zapier.com.ai	Search	Lookupipaddress	lookupipaddress	LookUpIPAddress	Retrieves geolocation data for an IP address like country, region, city and more.	1
https://zapier.com/Search/Bookingsearch	zapier.com.ai	Search	Bookingsearch	bookingsearch	bookingSearch	Finds a booking in a location.	1
https://zapier.com/Search/Membershipsearch	zapier.com.ai	Search	Membershipsearch	membershipsearch	membershipSearch	Finds a member in a location.	1
https://zapier.com/Search/GetTaskDetails	zapier.com.ai	Search	GetTaskDetails	get_task_details	get_task_details	Gets task details (ex. description, custom fields)	1
https://zapier.com/Search/FindCompanyRecord	zapier.com.ai	Search	FindCompanyRecord	find_company_record	find_company_record	Finds a company in iMIS.	1
https://zapier.com/Search/SearchIqaResults	zapier.com.ai	Search	SearchIqaResults	search_iqa_results	search_iqa_results	Pulls up results from iMIS using an IQA. The results can then be used by Zapier and other apps in the Zap.	1
https://zapier.com/Search/Bql	zapier.com.ai	Search	Bql	bql	bql	Executes a Browser Query Language (BQL) script for sequential automation steps.	1
https://zapier.com/Search/Content	zapier.com.ai	Search	Content	content	content	Scrapes the full HTML contents of a website.	1
https://zapier.com/Search/Pdf	zapier.com.ai	Search	Pdf	pdf	pdf	Generate a PDF from a URL.	1
https://zapier.com/Search/Scrape	zapier.com.ai	Search	Scrape	scrape	scrape	Search for data within a website.	1
https://zapier.com/Search/Screenshot	zapier.com.ai	Search	Screenshot	screenshot	screenshot	Takes a screenshot from a URL.	1
https://zapier.com/Search/Stats	zapier.com.ai	Search	Stats	stats	stats	Get stats on a website's performance. (Google's Lighthouse tool)	1
https://zapier.com/Search/SearchPolicyContactId	zapier.com.ai	Search	SearchPolicyContactId	search_policy_contact_id	search_policy_contact_id	Finds the contact's last policy by Contact ID provided	1
https://zapier.com/Search/SearchPolicyDobZipLastname	zapier.com.ai	Search	SearchPolicyDobZipLastname	search_policy_dob_zip_lastname	search_policy_dob_zip_lastname	Finds policy by client's date of birth, zip code and last name	1
https://zapier.com/Search/FindCardByCustomId	zapier.com.ai	Search	FindCardByCustomId	find_card_by_custom_id	find_card_by_custom_id	Get card details by custom card ID.	1
https://zapier.com/Search/GetAllCards	zapier.com.ai	Search	GetAllCards	get_all_cards	get_all_cards	Get all cards from given board	1
https://zapier.com/Search/GetAllCardsV2	zapier.com.ai	Search	GetAllCardsV2	get_all_cards_v2	get_all_cards_v2	Get all cards. Paging is supported and page size is 200 cards.	1
https://zapier.com/Search/GetCard	zapier.com.ai	Search	GetCard	get_card	get_card	Get Card by ID. Use it when you want to get card comments and history.	1
https://zapier.com/Search/GetCardComments	zapier.com.ai	Search	GetCardComments	get_card_comments	get_card_comments	Get card comments by card ID or comment ID.	1
https://zapier.com/Search/GetCardDetails	zapier.com.ai	Search	GetCardDetails	get_card_details	get_card_details	Get card details by card ID.	1
https://zapier.com/Search/GetColumns	zapier.com.ai	Search	GetColumns	get_columns	get_columns	Get all columns for specific workflow and board.	1
https://zapier.com/Search/GetLanes	zapier.com.ai	Search	GetLanes	get_lanes	get_lanes	Get all lanes for specific workflow and board.	1
https://zapier.com/Search/GetWorkflows	zapier.com.ai	Search	GetWorkflows	get_workflows	get_workflows	Check if board workflows exist and get their details.	1
https://zapier.com/Search/ListCardAttachments	zapier.com.ai	Search	ListCardAttachments	list_card_attachments	list_card_attachments	Get card attachments by card ID.	1
https://zapier.com/Search/XamaHubSearch	zapier.com.ai	Search	XamaHubSearch	xama_hub_search	xama_hub_search	Finds a client or contact by name or email.	1
https://zapier.com/Search/GetCustomerid	zapier.com.ai	Search	GetCustomerid	get_customerid	Get_CustomerID	This action wil return the customer information	1
https://zapier.com/Search/GetProductid	zapier.com.ai	Search	GetProductid	get_productid	Get_ProductID	This wil return product information	1
https://zapier.com/Search/AgentSearch	zapier.com.ai	Search	AgentSearch	agent_search	agent_search	Search for agents by ID, email, phone, or name.	1
https://zapier.com/Search/GetJsonBin	zapier.com.ai	Search	GetJsonBin	get_json_bin	get_json_bin	Get a JSON bin by ID	1
https://zapier.com/Search/Contactsinlist	zapier.com.ai	Search	Contactsinlist	contactsinlist	ContactsInList	Returns list of contacts, with full informations, in given list	1
https://zapier.com/Search/GetCandidates	zapier.com.ai	Search	GetCandidates	get_candidates	get_candidates	Find a candidate profile with its email	1
https://zapier.com/Search/GetLog	zapier.com.ai	Search	GetLog	get_log	get_log	get log's details to know exactly what has been created/updated/deleted	1
https://zapier.com/Search/GetResource	zapier.com.ai	Search	GetResource	get_resource	get_resource	Finds a resource	1
https://zapier.com/Search/SearchEntry	zapier.com.ai	Search	SearchEntry	search_entry	search_entry	Finds an entry by field values.	1
https://zapier.com/Search/FindExistingContactId	zapier.com.ai	Search	FindExistingContactId	find_existing_contact_id	find_existing_contact_id	Finds an existing contact by email address.	1
https://zapier.com/Search/FindListing	zapier.com.ai	Search	FindListing	find_listing	find_listing	Retrieve details about a listing.	1
https://zapier.com/Search/FindReservation	zapier.com.ai	Search	FindReservation	find_reservation	find_reservation	Retrieves Information about a reservation.	1
https://zapier.com/Search/Customers	zapier.com.ai	Search	Customers	customers	customers	Finds a customer by ID.	1
https://zapier.com/Search/Customerunique	zapier.com.ai	Search	Customerunique	customerunique	customerUnique	Finds a customer by Unique Id	1
https://zapier.com/Search/RetrieveBlock	zapier.com.ai	Search	RetrieveBlock	retrieve_block	retrieve_block	Retrieves all the Blocks associated with a particular Entity	1
https://zapier.com/Search/RetrievePeople	zapier.com.ai	Search	RetrievePeople	retrieve_people	retrieve_people	Retrieve information for a specific Person or group of People	1
https://zapier.com/Search/Peoplesearch	zapier.com.ai	Search	Peoplesearch	peoplesearch	peopleSearch	Finds a person by searching for email.	1
https://zapier.com/Search/SearchContractor	zapier.com.ai	Search	SearchContractor	search_contractor	search_contractor	Finds an existing contractor.	1
https://zapier.com/Search/SearchMessage	zapier.com.ai	Search	SearchMessage	search_message	search_message	Finds an existing Message.	1
https://zapier.com/Search/SearchStaff	zapier.com.ai	Search	SearchStaff	search_staff	search_staff	Finds an existing staff member.	1
https://zapier.com/Search/Student	zapier.com.ai	Search	Student	student	student	Search for your students in Ruzuku by email or ID.	1
https://zapier.com/Search/FindBestTechnician	zapier.com.ai	Search	FindBestTechnician	find_best_technician	find_best_technician	Find the best available technician for a service request based on location, availability, qualifications, and workload.	1
https://zapier.com/Search/FindItemtype	zapier.com.ai	Search	FindItemtype	find_itemtype	find_itemtype	Finds an itemtype by id or by name.	1
https://zapier.com/Search/FindServiceobject	zapier.com.ai	Search	FindServiceobject	find_serviceobject	find_serviceobject	Find a Location	1
https://zapier.com/Search/FindServicerequest	zapier.com.ai	Search	FindServicerequest	find_servicerequest	find_servicerequest	Find a job in the mfr account by its job id.	1
https://zapier.com/Search/GetServicerequest	zapier.com.ai	Search	GetServicerequest	get_servicerequest	get_servicerequest	Returns the job by Id	1
https://zapier.com/Search/AccessGrantsearch	zapier.com.ai	Search	AccessGrantsearch	access_grantsearch	access_grantSearch	Find a specific access grant from your SproutVideo account based on the Login and Video.	1
https://zapier.com/Search/Engagementsessionsearch	zapier.com.ai	Search	Engagementsessionsearch	engagementsessionsearch	engagementSessionSearch	Get a specific engagement session from your SproutVideo account based on the engagement session ID returned from the Email Collected or Video Watched triggers.	1
https://zapier.com/Search/Loginsearch	zapier.com.ai	Search	Loginsearch	loginsearch	loginSearch	Get a specific login from your SproutVideo account based on the login's email address.	1
https://zapier.com/Search/PercentWatchedsearch	zapier.com.ai	Search	PercentWatchedsearch	percent_watchedsearch	percent_watchedSearch	Get the total percent watched for a video by a specific viewer after combining all of their viewing sessions.	1
https://zapier.com/Search/Videosearch	zapier.com.ai	Search	Videosearch	videosearch	videoSearch	Get a specific video from your SproutVideo account based on the video's ID.	1
https://zapier.com/Search/GetEventParticipants	zapier.com.ai	Search	GetEventParticipants	get_event_participants	get_event_participants	Get Participants for an Event	1
https://zapier.com/Search/GetEventViews	zapier.com.ai	Search	GetEventViews	get_event_views	get_event_views	Returns Event Ticket Views	1
https://zapier.com/Search/GetLifetimeUsage	zapier.com.ai	Search	GetLifetimeUsage	get_lifetime_usage	get_lifetime_usage	Gets Lifetime Usage for a Company - live minutes, count of events and unique users.	1
https://zapier.com/Search/CallToolAsSearch	zapier.com.ai	Search	CallToolAsSearch	call_tool_as_search	call_tool_as_search	Run a read-only tool on an MCP server, returning one or more results.	1
https://zapier.com/Search/Tablerowsearch	zapier.com.ai	Search	Tablerowsearch	tablerowsearch	tableRowSearch	Searches for table rows.	1
https://zapier.com/Search/ContactById	zapier.com.ai	Search	ContactById	contact_by_id	contact_by_id	Searches for a contact by id	1
https://zapier.com/Search/InvoiceById	zapier.com.ai	Search	InvoiceById	invoice_by_id	invoice_by_id	Searches for an invoice by id	1
https://zapier.com/Search/JobById	zapier.com.ai	Search	JobById	job_by_id	job_by_id	Searches for a job by id	1
https://zapier.com/Search/JobPipelineById	zapier.com.ai	Search	JobPipelineById	job_pipeline_by_id	job_pipeline_by_id	Searches for a task by id	1
https://zapier.com/Search/PurchaseOrderById	zapier.com.ai	Search	PurchaseOrderById	purchase_order_by_id	purchase_order_by_id	Searches for a purchase order by id	1
https://zapier.com/Search/SalesOrderById	zapier.com.ai	Search	SalesOrderById	sales_order_by_id	sales_order_by_id	Searches for a sales order/Quotes by id	1
https://zapier.com/Search/ShipmentById	zapier.com.ai	Search	ShipmentById	shipment_by_id	shipment_by_id	Searches for a shipment by id	1
https://zapier.com/Search/VendorById	zapier.com.ai	Search	VendorById	vendor_by_id	vendor_by_id	Searches for a vendor by id	1
https://zapier.com/Search/RecordSearchAction	zapier.com.ai	Search	RecordSearchAction	record_search_action	record_search_action	Search for records.	1
https://zapier.com/Search/FindEntity	zapier.com.ai	Search	FindEntity	find_entity	find_entity	Searches for an entity.	1
https://zapier.com/Search/ListCountries	zapier.com.ai	Search	ListCountries	list_countries	list_countries	Returns a list of countries.	1
https://zapier.com/Search/ListCurrencies	zapier.com.ai	Search	ListCurrencies	list_currencies	list_currencies	Returns a list of currencies.	1
https://zapier.com/Search/ListTimezones	zapier.com.ai	Search	ListTimezones	list_timezones	list_timezones	Returns a list of timezones.	1
https://zapier.com/Search/ListUsers	zapier.com.ai	Search	ListUsers	list_users	list_users	Returns a list of users	1
https://zapier.com/Search/SearchAccounts	zapier.com.ai	Search	SearchAccounts	search_accounts	search_accounts	Finds an account by name, email or phone number.	1
https://zapier.com/Search/SearchAccountsAnyField	zapier.com.ai	Search	SearchAccountsAnyField	search_accounts_any_field	search_accounts_any_field	Finds an account by any field. You are required to define the field you want to search.	1
https://zapier.com/Search/SearchAccountsExtid	zapier.com.ai	Search	SearchAccountsExtid	search_accounts_extid	search_accounts_extid	Finds an account by external id.	1
https://zapier.com/Search/SearchContactsAnyField	zapier.com.ai	Search	SearchContactsAnyField	search_contacts_any_field	search_contacts_any_field	Finds a contact by any field. You are required to define the field you want to search.	1
https://zapier.com/Search/SearchContactsExtid	zapier.com.ai	Search	SearchContactsExtid	search_contacts_extid	search_contacts_extid	Finds a contact by external id.	1
https://zapier.com/Search/SearchOpportunityAnyField	zapier.com.ai	Search	SearchOpportunityAnyField	search_opportunity_any_field	search_opportunity_any_field	Finds an ooportunity by any field. You are required to define the field you want to search.	1
https://zapier.com/Search/SearchOpportunityExtid	zapier.com.ai	Search	SearchOpportunityExtid	search_opportunity_extid	search_opportunity_extid	Finds an opportunity by name.	1
https://zapier.com/Search/Propertysearch	zapier.com.ai	Search	Propertysearch	propertysearch	propertySearch	Find properties by querying their address, ID, or other attributes.	1
https://zapier.com/Search/AgentPerformance	zapier.com.ai	Search	AgentPerformance	agent_performance	agent_performance	Returns specifics of the performance of one or more agents.	1
https://zapier.com/Search/CallbackSearch	zapier.com.ai	Search	CallbackSearch	callback_search	callback_search	Finds an array of callbacks based on the parameters provided.	1
https://zapier.com/Search/CallLogSearch	zapier.com.ai	Search	CallLogSearch	call_log_search	call_log_search	Search for Call Log records.	1
https://zapier.com/Search/CampaignSearch	zapier.com.ai	Search	CampaignSearch	campaign_search	campaign_search	Returns a list of campaigns.	1
https://zapier.com/Search/DncSearch	zapier.com.ai	Search	DncSearch	dnc_search	dnc_search	Returns a list of DNC records.	1
https://zapier.com/Search/LeadRecordingsGet	zapier.com.ai	Search	LeadRecordingsGet	lead_recordings_get	lead_recordings_get	Search for lead recordings based on the provided parameters.	1
https://zapier.com/Search/ListSearch	zapier.com.ai	Search	ListSearch	list_search	list_search	Returns one or more lists.	1
https://zapier.com/Search/StatusSearch	zapier.com.ai	Search	StatusSearch	status_search	status_search	Returns a list of Statuses based on the parameters provided.	1
https://zapier.com/Search/UserRecordingsGet	zapier.com.ai	Search	UserRecordingsGet	user_recordings_get	user_recordings_get	Returns a list of recordings for a particular user.	1
https://zapier.com/Search/GetCustomerDetails	zapier.com.ai	Search	GetCustomerDetails	get_customer_details	get_customer_details	Finds the details of a customer when given their Customer ID	1
https://zapier.com/Search/GetShippingAddress	zapier.com.ai	Search	GetShippingAddress	get_shipping_address	get_shipping_address	Finds the details of a subscription shipping address when given a Subscription ID	1
https://zapier.com/Search/FindMarketingCampaign	zapier.com.ai	Search	FindMarketingCampaign	find_marketing_campaign	find_marketing_campaign	Find a marketing campaign.	1
https://zapier.com/Search/FindMarketingCampaignMember	zapier.com.ai	Search	FindMarketingCampaignMember	find_marketing_campaign_member	find_marketing_campaign_member	Find a marketing campaign member.	1
https://zapier.com/Search/FindMarketingCampaignStatus	zapier.com.ai	Search	FindMarketingCampaignStatus	find_marketing_campaign_status	find_marketing_campaign_status	Find a marketing campaign member status.	1
https://zapier.com/Search/FindOrganisation	zapier.com.ai	Search	FindOrganisation	find_organisation	find_organisation	Find an organisation.	1
https://zapier.com/Search/FindSalesLead	zapier.com.ai	Search	FindSalesLead	find_sales_lead	find_sales_lead	Find a sales lead.	1
https://zapier.com/Search/FindProjectTask	zapier.com.ai	Search	FindProjectTask	find_project_task	find_project_task	Finds a Project Task 	1
https://zapier.com/Search/GetTimeLogs	zapier.com.ai	Search	GetTimeLogs	get_time_logs	get_time_logs	View all time logs in a selected date period.	1
https://zapier.com/Search/GetAssignment	zapier.com.ai	Search	GetAssignment	get_assignment	get_assignment	Returns a judging assignment for a given slug.	1
https://zapier.com/Search/GetUserByEmail	zapier.com.ai	Search	GetUserByEmail	get_user_by_email	get_user_by_email	This returns the user by their email address. The response includes all user fields including files. 	1
https://zapier.com/Search/GetUserBySlug	zapier.com.ai	Search	GetUserBySlug	get_user_by_slug	get_user_by_slug	This returns user information for a unique slug.	1
https://zapier.com/Search/ListEntries	zapier.com.ai	Search	ListEntries	list_entries	list_entries	Returns a list of all entries. 	1
https://zapier.com/Search/RecuseAssignment	zapier.com.ai	Search	RecuseAssignment	recuse_assignment	recuse_assignment	Recuses a judge from judging an entry.	1
https://zapier.com/Search/SearchEntriesByTag	zapier.com.ai	Search	SearchEntriesByTag	search_entries_by_tag	search_entries_by_tag	This returns a list of entries with a specific tag.	1
https://zapier.com/Search/GetClient	zapier.com.ai	Search	GetClient	get_client	get_client	Returns a specific client.	1
https://zapier.com/Search/GetInvoice	zapier.com.ai	Search	GetInvoice	get_invoice	get_invoice	Returns a specific invoice.	1
https://zapier.com/Search/FindNumber	zapier.com.ai	Search	FindNumber	find_number	find_number	Finds a phone number by service type.	1
https://zapier.com/Search/SContactGet	zapier.com.ai	Search	SContactGet	s_contact_get	s_contact_get	Finds a contact with an email.	1
https://zapier.com/Search/DataLeakSearch	zapier.com.ai	Search	DataLeakSearch	data_leak_search	data_leak_search	Search for a data leak by ID	1
https://zapier.com/Search/IdentityBreachSearch	zapier.com.ai	Search	IdentityBreachSearch	identity_breach_search	identity_breach_search	Search for an identity breach by ID	1
https://zapier.com/Search/VendorSearch	zapier.com.ai	Search	VendorSearch	vendor_search	vendor_search	Search for a vendor by ID	1
https://zapier.com/Search/VendorSearchHostname	zapier.com.ai	Search	VendorSearchHostname	vendor_search_hostname	vendor_search_hostname	Search for a vendor by hostname	1
https://zapier.com/Search/Searchsubscriber	zapier.com.ai	Search	Searchsubscriber	searchsubscriber	searchSubscriber	Searches for the subscriber in your list and resturns his data. If not found you can choose to add him.	1
https://zapier.com/Search/Findquote	zapier.com.ai	Search	Findquote	findquote	findQuote	Finds a Quotation	1
https://zapier.com/Search/SearchCustomers	zapier.com.ai	Search	SearchCustomers	search_customers	search_customers	Searches for a particular Customer	1
https://zapier.com/Search/Searchbillpayment	zapier.com.ai	Search	Searchbillpayment	searchbillpayment	SearchBillPayment	Search for an existing Accounts Payable Payment. 	1
https://zapier.com/Search/Searchpayment	zapier.com.ai	Search	Searchpayment	searchpayment	SearchPayment	Search for an existing Accounts Receivable Payment. 	1
https://zapier.com/Search/SearchCheck	zapier.com.ai	Search	SearchCheck	search_check	search_check	Search for an existing Check transaction.	1
https://zapier.com/Search/SearchCoa	zapier.com.ai	Search	SearchCoa	search_coa	search_coa	Search for an existing Chart of Account.	1
https://zapier.com/Search/SearchCreditcard	zapier.com.ai	Search	SearchCreditcard	search_creditcard	search_creditcard	Search for an existing Credit Card transaction.	1
https://zapier.com/Search/SearchDeposit	zapier.com.ai	Search	SearchDeposit	search_deposit	search_deposit	Search for an existing deposit.	1
https://zapier.com/Search/SearchExpense	zapier.com.ai	Search	SearchExpense	search_expense	search_expense	Search for an existing Expense Item. 	1
https://zapier.com/Search/SearchExpenseentry	zapier.com.ai	Search	SearchExpenseentry	search_expenseentry	search_expenseentry	Search for an existing Expense Entry. 	1
https://zapier.com/Search/SearchJournal	zapier.com.ai	Search	SearchJournal	search_journal	search_journal	Search for an existing General Journal entry. 	1
https://zapier.com/Search/SearchTimeentry	zapier.com.ai	Search	SearchTimeentry	search_timeentry	search_timeentry	Search for an existing Time Entry. 	1
https://zapier.com/Search/SearchTodo	zapier.com.ai	Search	SearchTodo	search_todo	search_todo	Search for an existing To-Do item.	1
https://zapier.com/Search/SearchVendor	zapier.com.ai	Search	SearchVendor	search_vendor	search_vendor	Search for an existing Vendor. 	1
https://zapier.com/Search/SearchVendorbill	zapier.com.ai	Search	SearchVendorbill	search_vendorbill	search_vendorbill	Search for an existing Accounts Payable Bill. 	1
https://zapier.com/Search/CardNumber	zapier.com.ai	Search	CardNumber	card_number	card_number	Retrieves card number, CVV, and expiration date of a card by ID.	1
https://zapier.com/Search/CardTransactions	zapier.com.ai	Search	CardTransactions	card_transactions	card_transactions	List Brex Card transactions	1
https://zapier.com/Search/CashTransactions	zapier.com.ai	Search	CashTransactions	cash_transactions	cash_transactions	List Brex Cash transactions	1
https://zapier.com/Search/Department	zapier.com.ai	Search	Department	department	department	Finds a Department by Name	1
https://zapier.com/Search/GetBudget	zapier.com.ai	Search	GetBudget	get_budget	get_budget	Searches for a Budget	1
https://zapier.com/Search/Vendors	zapier.com.ai	Search	Vendors	vendors	vendors	Finds a vendor based on name.	1
https://zapier.com/Search/GetRelatedRecords	zapier.com.ai	Search	GetRelatedRecords	get_related_records	get_related_records	To fetch the related records of a module.	1
https://zapier.com/Search/ProductsPartition	zapier.com.ai	Search	ProductsPartition	products_partition	products_partition	Separate services and parts into individual line items for easy support.	1
https://zapier.com/Search/Decision	zapier.com.ai	Search	Decision	decision	decision	Finds decision by session ID.	1
https://zapier.com/Search/Incidentsearch	zapier.com.ai	Search	Incidentsearch	incidentsearch	incidentSearch	Finds a Request by Searching by id.	1
https://zapier.com/Search/Replysearch	zapier.com.ai	Search	Replysearch	replysearch	replySearch	Finds the latest replies of an incident	1
https://zapier.com/Search/TranslateCustomFields	zapier.com.ai	Search	TranslateCustomFields	translate_custom_fields	translate_custom_fields	Translate Meetime Webhook Object	1
https://zapier.com/Search/FetchCustomer	zapier.com.ai	Search	FetchCustomer	fetch_customer	fetch_customer	To fetch customer details	1
https://zapier.com/Search/Barcode	zapier.com.ai	Search	Barcode	barcode	barcode	Finds row record based on barcode.	1
https://zapier.com/Search/FindBanner	zapier.com.ai	Search	FindBanner	find_banner	find_banner	Fetch details about a previously generated image	1
https://zapier.com/Search/FindFormat	zapier.com.ai	Search	FindFormat	find_format	find_format	Fetch details about a format added to a template you designed in Abyssale	1
https://zapier.com/Search/FindTemplate	zapier.com.ai	Search	FindTemplate	find_template	find_template	Fetch details about a template you designed in Abyssale	1
https://zapier.com/Search/FindDocuments	zapier.com.ai	Search	FindDocuments	find_documents	find_documents	Finds one or more document(s) in Glean by providing IDs and/or URLs.	1
https://zapier.com/Search/GetFeed	zapier.com.ai	Search	GetFeed	get_feed	get_feed	Retrieves the personalized feed of documents and events from Glean, including suggestions, recents, calendar events and more.	1
https://zapier.com/Search/Search	zapier.com.ai	Search	Search	search	search	Retrieve document and snippet results from Glean for a given query.	1
https://zapier.com/Search/FindQrCode	zapier.com.ai	Search	FindQrCode	find_qr_code	find_qr_code	Search your QR codes.	1
https://zapier.com/Search/SearchClientTag	zapier.com.ai	Search	SearchClientTag	search_client_tag	search_client_tag	Searches an existing client tag.	1
https://zapier.com/Search/SearchContract	zapier.com.ai	Search	SearchContract	search_contract	search_contract	Searches an existing Contract	1
https://zapier.com/Search/SearchContractTag	zapier.com.ai	Search	SearchContractTag	search_contract_tag	search_contract_tag	Searches an existing contract tag	1
https://zapier.com/Search/SearchInsuranceCategory	zapier.com.ai	Search	SearchInsuranceCategory	search_insurance_category	search_insurance_category	Searches an existing insurance category	1
https://zapier.com/Search/SearchInsuranceCompany	zapier.com.ai	Search	SearchInsuranceCompany	search_insurance_company	search_insurance_company	Searches an existing insurance company	1
https://zapier.com/Search/Course	zapier.com.ai	Search	Course	course	course	Search for course by name.	1
https://zapier.com/Search/GetPostByUrl	zapier.com.ai	Search	GetPostByUrl	get_post_by_url	get_post_by_url	Get a post by its URL.	1
https://zapier.com/Search/AllowedServiceItem	zapier.com.ai	Search	AllowedServiceItem	allowed_service_item	allowed_service_item	Fetches service items by name	1
https://zapier.com/Search/GetAssetByName	zapier.com.ai	Search	GetAssetByName	get_asset_by_name	get_asset_by_name	Fetches a asset by its name, returning only the first match.	1
https://zapier.com/Search/GetClientByName	zapier.com.ai	Search	GetClientByName	get_client_by_name	get_client_by_name	Fetches a client by its name, returning only the first match.	1
https://zapier.com/Search/GetClientSiteByName	zapier.com.ai	Search	GetClientSiteByName	get_client_site_by_name	get_client_site_by_name	Fetches a client site by its name for a specific client.	1
https://zapier.com/Search/GetClientUserByName	zapier.com.ai	Search	GetClientUserByName	get_client_user_by_name	get_client_user_by_name	Fetches a client user by their full name and returns the associated clientId.	1
https://zapier.com/Search/SearchClientuser	zapier.com.ai	Search	SearchClientuser	search_clientuser	search_clientUser	Finds a client user based on ID.	1
https://zapier.com/Search/SearchTaxes	zapier.com.ai	Search	SearchTaxes	search_taxes	search_taxes	Finds a Tax.	1
https://zapier.com/Search/SearchTicket	zapier.com.ai	Search	SearchTicket	search_ticket	search_ticket	Finds a ticket based on ID.	1
https://zapier.com/Search/SearchWorklog	zapier.com.ai	Search	SearchWorklog	search_worklog	search_worklog	Finds a worklog based on ID.	1
https://zapier.com/Search/FindTaskName	zapier.com.ai	Search	FindTaskName	find_task_name	find_task_name	Finds a task based on name.	1
https://zapier.com/Search/Any	zapier.com.ai	Search	Any	any	any	Search for anything in Walcu	1
https://zapier.com/Search/FindOwner	zapier.com.ai	Search	FindOwner	find_owner	find_owner	This will action will fetch you the team member by their email id or full name	1
https://zapier.com/Search/FindProfiles	zapier.com.ai	Search	FindProfiles	find_profiles	find_profiles	Finds users profiles	1
https://zapier.com/Search/GetAppointments	zapier.com.ai	Search	GetAppointments	get_appointments	get_appointments	Finds an existing appointment.	1
https://zapier.com/Search/GetBillingDocuments	zapier.com.ai	Search	GetBillingDocuments	get_billing_documents	get_billing_documents	Finds an existing Invoice or Estimate.	1
https://zapier.com/Search/GetBillingItems	zapier.com.ai	Search	GetBillingItems	get_billing_items	get_billing_items	Finds an existing product or service.	1
https://zapier.com/Search/GetCustomers	zapier.com.ai	Search	GetCustomers	get_customers	get_customers	Finds an existing customer.	1
https://zapier.com/Search/GetJobs	zapier.com.ai	Search	GetJobs	get_jobs	get_jobs	Finds an existing job.	1
https://zapier.com/Search/GetJobOffers	zapier.com.ai	Search	GetJobOffers	get_job_offers	get_job_offers	Finds an existing job offer.	1
https://zapier.com/Search/GetOrganizations	zapier.com.ai	Search	GetOrganizations	get_organizations	get_organizations	Finds an existing organization. If you only dispatch jobs to a single organization you will not need to use this search as the organization will default.	1
https://zapier.com/Search/AiTemplates	zapier.com.ai	Search	AiTemplates	ai_templates	ai_templates	Search for Agents to retrieve their details. Agents are created by users to chat or generate an image, text and video.	1
https://zapier.com/Search/AiTemplatesById	zapier.com.ai	Search	AiTemplatesById	ai_templates_by_id	ai_templates_by_id	Finds the details of an Agent. Agents are created by users to chat or generate an image, text and video.	1
https://zapier.com/Search/AiTemplateResponse	zapier.com.ai	Search	AiTemplateResponse	ai_template_response	ai_template_response	Finds the result of an execution of Agent that can be a chat message, image, text or video.	1
https://zapier.com/Search/Lookupipaddressbypackage	zapier.com.ai	Search	Lookupipaddressbypackage	lookupipaddressbypackage	LookupIPAddressByPackage	Finds geolocation info about an IP address like city, country, timezone. Select package for varying levels of information.	1
https://zapier.com/Search/Businesscaseparticipantsearch	zapier.com.ai	Search	Businesscaseparticipantsearch	businesscaseparticipantsearch	businessCaseParticipantSearch	Gets a list of deal participants for a specific record. This list can be filtered, sorted and paginated.	1
https://zapier.com/Search/Email	zapier.com.ai	Search	Email	email	email	Getting email detail. If the email record contains custom fields, the fields that contain a blank value are not present in the output (for optimization reasons).	1
https://zapier.com/Search/Emailsearch	zapier.com.ai	Search	Emailsearch	emailsearch	emailSearch	Getting list of Emails. This list can be filtered, sorted and paginated.	1
https://zapier.com/Search/Invoicelight	zapier.com.ai	Search	Invoicelight	invoicelight	invoiceLight	Getting invoice detail.	1
https://zapier.com/Search/Invoicelightsearch	zapier.com.ai	Search	Invoicelightsearch	invoicelightsearch	invoiceLightSearch	Gets a list of invoices. This list can be filtered.	1
https://zapier.com/Search/Letter	zapier.com.ai	Search	Letter	letter	letter	Getting letter detail. If the letter record contains custom fields, the fields that contain a blank value are not present in the output (for optimization reasons).	1
https://zapier.com/Search/Lettersearch	zapier.com.ai	Search	Lettersearch	lettersearch	letterSearch	Getting list of letters. This list can be filtered, sorted and paginated.	1
https://zapier.com/Search/Massemail	zapier.com.ai	Search	Massemail	massemail	massEmail	Getting mass email detail.	1
https://zapier.com/Search/Massemailsearch	zapier.com.ai	Search	Massemailsearch	massemailsearch	massEmailSearch	Getting list of Mass Emails. This list can be filtered, sorted and paginated.	1
https://zapier.com/Search/Meeting	zapier.com.ai	Search	Meeting	meeting	meeting	Getting meeting detail. If the meeting record contains custom fields, the fields that contain a blank value are not present in the output (for optimization reasons).	1
https://zapier.com/Search/Phonecall	zapier.com.ai	Search	Phonecall	phonecall	phoneCall	Getting call detail. If the call record contains custom fields, the fields that contain a blank value are not present in the output (for optimization reasons).	1
https://zapier.com/Search/Phonecallsearch	zapier.com.ai	Search	Phonecallsearch	phonecallsearch	phoneCallSearch	Getting list of calls. This list can be filtered, sorted and paginated.	1
https://zapier.com/Search/Pricelist	zapier.com.ai	Search	Pricelist	pricelist	priceList	Getting price list detail.	1
https://zapier.com/Search/Pricelistsearch	zapier.com.ai	Search	Pricelistsearch	pricelistsearch	pricelistSearch	Getting list of Price Lists. This list can be filtered, sorted and paginated.	1
https://zapier.com/Search/Projectparticipantsearch	zapier.com.ai	Search	Projectparticipantsearch	projectparticipantsearch	projectParticipantSearch	Gets a list of project participants for a specific record. This list can be filtered, sorted and paginated.	1
https://zapier.com/Search/Quote	zapier.com.ai	Search	Quote	quote	quote	Getting quote detail. If the quote record contains custom fields, the fields that contain a blank value are not present in the output (for optimization reasons).	1
https://zapier.com/Search/Salesorder	zapier.com.ai	Search	Salesorder	salesorder	salesOrder	Getting sales order detail. If the sales order record contains custom fields, the fields that contain a blank value are not present in the output (for optimization reasons).	1
https://zapier.com/Search/Salesordersearch	zapier.com.ai	Search	Salesordersearch	salesordersearch	salesOrderSearch	Getting list of Sales orders. This list can be filtered, sorted and paginated.	1
https://zapier.com/Search/GetMeetingTypes2	zapier.com.ai	Search	GetMeetingTypes2	get_meeting_types2	get_meeting_types2	Find the details of a specific meeting type (and the scheduling link).	1
https://zapier.com/Search/Findevents2	zapier.com.ai	Search	Findevents2	findevents2	findevents2	Find an existing event/task.	1
https://zapier.com/Search/Findresources2	zapier.com.ai	Search	Findresources2	findresources2	findresources2	Find an existing resource.	1
https://zapier.com/Search/FindApplicant	zapier.com.ai	Search	FindApplicant	find_applicant	find_applicant	Finds an Applicant	1
https://zapier.com/Search/ListLead	zapier.com.ai	Search	ListLead	list_lead	list_lead	List All Leads from Clienty CRM	1
https://zapier.com/Search/GetCustomerPaymentMethod	zapier.com.ai	Search	GetCustomerPaymentMethod	get_customer_payment_method	get_customer_payment_method	For a customer ID and payment method ID, return the payment method.	1
https://zapier.com/Search/GetMembership	zapier.com.ai	Search	GetMembership	get_membership	get_membership	Retrieves a membership for a given ID	1
https://zapier.com/Search/FindResources	zapier.com.ai	Search	FindResources	find_resources	find_resources	Find an existing resource	1
https://zapier.com/Search/SearchProposal	zapier.com.ai	Search	SearchProposal	search_proposal	search_proposal	Find a proposal.	1
https://zapier.com/Search/VerifyEmail	zapier.com.ai	Search	VerifyEmail	verify_email	verify_email	Verify an Email address	1
https://zapier.com/Search/Goalsearch	zapier.com.ai	Search	Goalsearch	goalsearch	goalSearch	Finds a goal by searching.	1
https://zapier.com/Search/Validateemail	zapier.com.ai	Search	Validateemail	validateemail	validateEmail	Validates an email address using the toolbox cleaning endpoint.	1
https://zapier.com/Search/SearchPass	zapier.com.ai	Search	SearchPass	search_pass	search_pass	Allows you to search for an existing pass based on a search string.	1
https://zapier.com/Search/Findcustomerbyemail	zapier.com.ai	Search	Findcustomerbyemail	findcustomerbyemail	findCustomerByEmail	Reports the customers list filtered by a specified mail address.	1
https://zapier.com/Search/Findcustomerbylastname	zapier.com.ai	Search	Findcustomerbylastname	findcustomerbylastname	findCustomerByLastName	Reports the customers list filtered by a specified last name.	1
https://zapier.com/Search/Candidate	zapier.com.ai	Search	Candidate	candidate	candidate	Search for a candidate.	1
https://zapier.com/Search/Company	zapier.com.ai	Search	Company	company	company	Search for a company.	1
https://zapier.com/Search/Job	zapier.com.ai	Search	Job	job	job	Search for a job.	1
https://zapier.com/Search/Enquiries	zapier.com.ai	Search	Enquiries	enquiries	enquiries	Find enquiries by external reference	1
https://zapier.com/Search/Issues	zapier.com.ai	Search	Issues	issues	issues	Find issues by external reference	1
https://zapier.com/Search/Sales	zapier.com.ai	Search	Sales	sales	sales	Find sales by external reference	1
https://zapier.com/Search/Searchfirstcustomer	zapier.com.ai	Search	Searchfirstcustomer	searchfirstcustomer	searchFirstCustomer	Finds the first account by search term.	1
https://zapier.com/Search/Searchsinglecustomer	zapier.com.ai	Search	Searchsinglecustomer	searchsinglecustomer	searchSingleCustomer	Finds a single account by search term.	1
https://zapier.com/Search/Jobopeningfind	zapier.com.ai	Search	Jobopeningfind	jobopeningfind	jobOpeningFind	Finds job opening in Worksuite.	1
https://zapier.com/Search/Partnerfind	zapier.com.ai	Search	Partnerfind	partnerfind	partnerFind	Finds partner in Worksuite.	1
https://zapier.com/Search/Paymentfind	zapier.com.ai	Search	Paymentfind	paymentfind	paymentFind	Finds payment in Worksuite.	1
https://zapier.com/Search/Taskfind	zapier.com.ai	Search	Taskfind	taskfind	taskFind	Finds task in Worksuite.	1
https://zapier.com/Search/Taskgroupfind	zapier.com.ai	Search	Taskgroupfind	taskgroupfind	taskGroupFind	Finds project in Worksuite.	1
https://zapier.com/Search/FindBoards	zapier.com.ai	Search	FindBoards	find_boards	find_boards	Find specific boards in your account by a search term or * for all boards	1
https://zapier.com/Search/FindPosts	zapier.com.ai	Search	FindPosts	find_posts	find_posts	Find specific posts in your account by a search term or * for all posts	1
https://zapier.com/Search/Retrievelink	zapier.com.ai	Search	Retrievelink	retrievelink	retrieveLink	Retrieve the info for a link.	1
https://zapier.com/Search/GetDeviceDetails	zapier.com.ai	Search	GetDeviceDetails	get_device_details	get_device_details	Get more details about your Tidbyt.	1
https://zapier.com/Search/GetInstallationPreview	zapier.com.ai	Search	GetInstallationPreview	get_installation_preview	get_installation_preview	Get a preview image of an app currently installed on your Tidbyt. Generally, this is the exact image that is displayed on your Tidbyt, though you may receive an old version that has been cached for several minutes.	1
https://zapier.com/Search/ListAvailableApps	zapier.com.ai	Search	ListAvailableApps	list_available_apps	list_available_apps	List all the apps that are available to install on your Tidbyt.	1
https://zapier.com/Search/ListDevices	zapier.com.ai	Search	ListDevices	list_devices	list_devices	List all Tidbyt devices that you have access to. 	1
https://zapier.com/Search/ListInstallations	zapier.com.ai	Search	ListInstallations	list_installations	list_installations	List all installed apps on your Tidbyt.	1
https://zapier.com/Search/SearchUserByUsername	zapier.com.ai	Search	SearchUserByUsername	search_user_by_username	search_user_by_username	Search for a WordPress user based on their username.	1
https://zapier.com/Search/Api20250101resourcesapipublicwebhooksubscriptionsget	zapier.com.ai	Search	Api20250101resourcesapipublicwebhooksubscriptionsget	api20250101resourcesapipublicwebhooksubscriptionsget	api20250101ResourcesApiPublicWebhookSubscriptionsGet	Reads all Webhook subscriptions	1
https://zapier.com/Search/Api20250101resourcesapipublicwebhooksubscriptionsidget	zapier.com.ai	Search	Api20250101resourcesapipublicwebhooksubscriptionsidget	api20250101resourcesapipublicwebhooksubscriptionsidget	api20250101ResourcesApiPublicWebhookSubscriptionsIdGet	Reads a single Webhook subscription	1
https://zapier.com/Search/Api20250101resourcesatsanswersget	zapier.com.ai	Search	Api20250101resourcesatsanswersget	api20250101resourcesatsanswersget	api20250101ResourcesAtsAnswersGet	Reads all Answers	1
https://zapier.com/Search/Api20250101resourcesatsanswersidget	zapier.com.ai	Search	Api20250101resourcesatsanswersidget	api20250101resourcesatsanswersidget	api20250101ResourcesAtsAnswersIdGet	Reads a single Answer	1
https://zapier.com/Search/Api20250101resourcesatsapplicationphasesget	zapier.com.ai	Search	Api20250101resourcesatsapplicationphasesget	api20250101resourcesatsapplicationphasesget	api20250101ResourcesAtsApplicationPhasesGet	Reads all Application phases	1
https://zapier.com/Search/Api20250101resourcesatsapplicationphasesidget	zapier.com.ai	Search	Api20250101resourcesatsapplicationphasesidget	api20250101resourcesatsapplicationphasesidget	api20250101ResourcesAtsApplicationPhasesIdGet	Reads a single Application phase	1
https://zapier.com/Search/Api20250101resourcesatsapplicationsget	zapier.com.ai	Search	Api20250101resourcesatsapplicationsget	api20250101resourcesatsapplicationsget	api20250101ResourcesAtsApplicationsGet	Reads all Applications	1
https://zapier.com/Search/Api20250101resourcesatsapplicationsidget	zapier.com.ai	Search	Api20250101resourcesatsapplicationsidget	api20250101resourcesatsapplicationsidget	api20250101ResourcesAtsApplicationsIdGet	Reads a single Application	1
https://zapier.com/Search/Api20250101resourcesatscandidatesget	zapier.com.ai	Search	Api20250101resourcesatscandidatesget	api20250101resourcesatscandidatesget	api20250101ResourcesAtsCandidatesGet	Fetches candidates data from Factorial. When using administrator-level API Credentials, all candidates associated with a company will be returned. When using non-admin level API credentials, only candidates that applied to a job for which the user is a hiring manager will be returned.	1
https://zapier.com/Search/Api20250101resourcesatscandidatesidget	zapier.com.ai	Search	Api20250101resourcesatscandidatesidget	api20250101resourcesatscandidatesidget	api20250101ResourcesAtsCandidatesIdGet	Fetches candidates data from Factorial. When using administrator-level API Credentials, all candidates associated with a company will be returned. When using non-admin level API credentials, only candidates that applied to a job for which the user is a hiring manager will be returned.	1
https://zapier.com/Search/Api20250101resourcesatscandidatesourcesget	zapier.com.ai	Search	Api20250101resourcesatscandidatesourcesget	api20250101resourcesatscandidatesourcesget	api20250101ResourcesAtsCandidateSourcesGet	Reads all Candidate sources	1
https://zapier.com/Search/Api20250101resourcesatscandidatesourcesidget	zapier.com.ai	Search	Api20250101resourcesatscandidatesourcesidget	api20250101resourcesatscandidatesourcesidget	api20250101ResourcesAtsCandidateSourcesIdGet	Reads a single Candidate source	1
https://zapier.com/Search/Api20250101resourcesatsevaluationformsget	zapier.com.ai	Search	Api20250101resourcesatsevaluationformsget	api20250101resourcesatsevaluationformsget	api20250101ResourcesAtsEvaluationFormsGet	Reads all Evaluation forms	1
https://zapier.com/Search/Api20250101resourcesatsevaluationformsidget	zapier.com.ai	Search	Api20250101resourcesatsevaluationformsidget	api20250101resourcesatsevaluationformsidget	api20250101ResourcesAtsEvaluationFormsIdGet	Reads a single Evaluation form	1
https://zapier.com/Search/Api20250101resourcesatsfeedbacksget	zapier.com.ai	Search	Api20250101resourcesatsfeedbacksget	api20250101resourcesatsfeedbacksget	api20250101ResourcesAtsFeedbacksGet	This endpoint retrieves all feedbacks associated with a candidate&#39;s applications.	1
https://zapier.com/Search/Api20250101resourcesatsfeedbacksidget	zapier.com.ai	Search	Api20250101resourcesatsfeedbacksidget	api20250101resourcesatsfeedbacksidget	api20250101ResourcesAtsFeedbacksIdGet	This endpoint retrieves all feedbacks associated with a candidate&#39;s applications.	1
https://zapier.com/Search/Api20250101resourcesatshiringstagesget	zapier.com.ai	Search	Api20250101resourcesatshiringstagesget	api20250101resourcesatshiringstagesget	api20250101ResourcesAtsHiringStagesGet	Reads all Hiring stages	1
https://zapier.com/Search/Api20250101resourcesatshiringstagesidget	zapier.com.ai	Search	Api20250101resourcesatshiringstagesidget	api20250101resourcesatshiringstagesidget	api20250101ResourcesAtsHiringStagesIdGet	Reads a single Hiring stage	1
https://zapier.com/Search/Api20250101resourcesatsjobpostingsget	zapier.com.ai	Search	Api20250101resourcesatsjobpostingsget	api20250101resourcesatsjobpostingsget	api20250101ResourcesAtsJobPostingsGet	Reads all Job postings	1
https://zapier.com/Search/Api20250101resourcesatsjobpostingsidget	zapier.com.ai	Search	Api20250101resourcesatsjobpostingsidget	api20250101resourcesatsjobpostingsidget	api20250101ResourcesAtsJobPostingsIdGet	Reads a single Job posting	1
https://zapier.com/Search/Api20250101resourcesatsmessagesget	zapier.com.ai	Search	Api20250101resourcesatsmessagesget	api20250101resourcesatsmessagesget	api20250101ResourcesAtsMessagesGet	Reads all Messages	1
https://zapier.com/Search/Api20250101resourcesatsmessagesidget	zapier.com.ai	Search	Api20250101resourcesatsmessagesidget	api20250101resourcesatsmessagesidget	api20250101ResourcesAtsMessagesIdGet	Reads a single Message	1
https://zapier.com/Search/Api20250101resourcesatsrejectionreasonsget	zapier.com.ai	Search	Api20250101resourcesatsrejectionreasonsget	api20250101resourcesatsrejectionreasonsget	api20250101ResourcesAtsRejectionReasonsGet	Reads all Rejection reasons	1
https://zapier.com/Search/Api20250101resourcesatsrejectionreasonsidget	zapier.com.ai	Search	Api20250101resourcesatsrejectionreasonsidget	api20250101resourcesatsrejectionreasonsidget	api20250101ResourcesAtsRejectionReasonsIdGet	Reads a single Rejection reason	1
https://zapier.com/Search/Api20250101resourcesattendancebreakconfigurationsget	zapier.com.ai	Search	Api20250101resourcesattendancebreakconfigurationsget	api20250101resourcesattendancebreakconfigurationsget	api20250101ResourcesAttendanceBreakConfigurationsGet	Reads all Break configurations	1
https://zapier.com/Search/Api20250101resourcesattendancebreakconfigurationsidget	zapier.com.ai	Search	Api20250101resourcesattendancebreakconfigurationsidget	api20250101resourcesattendancebreakconfigurationsidget	api20250101ResourcesAttendanceBreakConfigurationsIdGet	Reads a single Break configuration	1
https://zapier.com/Search/Api20250101resourcesattendanceedittimesheetrequestsget	zapier.com.ai	Search	Api20250101resourcesattendanceedittimesheetrequestsget	api20250101resourcesattendanceedittimesheetrequestsget	api20250101ResourcesAttendanceEditTimesheetRequestsGet	Reads all Edit timesheet requests	1
https://zapier.com/Search/Api20250101resourcesattendanceedittimesheetrequestsidget	zapier.com.ai	Search	Api20250101resourcesattendanceedittimesheetrequestsidget	api20250101resourcesattendanceedittimesheetrequestsidget	api20250101ResourcesAttendanceEditTimesheetRequestsIdGet	Reads a single Edit timesheet request	1
https://zapier.com/Search/Api20250101resourcesattendanceestimatedtimesget	zapier.com.ai	Search	Api20250101resourcesattendanceestimatedtimesget	api20250101resourcesattendanceestimatedtimesget	api20250101ResourcesAttendanceEstimatedTimesGet	Get information about estimated data for a given date range and a bunch of employees.	1
https://zapier.com/Search/Api20250101resourcesattendanceopenshiftsget	zapier.com.ai	Search	Api20250101resourcesattendanceopenshiftsget	api20250101resourcesattendanceopenshiftsget	api20250101ResourcesAttendanceOpenShiftsGet	This endpoint retrieves the current open shifts for the specified employee_ids.	1
https://zapier.com/Search/Api20250101resourcesattendanceovertimerequestsget	zapier.com.ai	Search	Api20250101resourcesattendanceovertimerequestsget	api20250101resourcesattendanceovertimerequestsget	api20250101ResourcesAttendanceOvertimeRequestsGet	Reads all Overtime requests	1
https://zapier.com/Search/Api20250101resourcesattendanceovertimerequestsidget	zapier.com.ai	Search	Api20250101resourcesattendanceovertimerequestsidget	api20250101resourcesattendanceovertimerequestsidget	api20250101ResourcesAttendanceOvertimeRequestsIdGet	Reads a single Overtime request	1
https://zapier.com/Search/Api20250101resourcesattendanceshiftsget	zapier.com.ai	Search	Api20250101resourcesattendanceshiftsget	api20250101resourcesattendanceshiftsget	api20250101ResourcesAttendanceShiftsGet	Reads all Shifts	1
https://zapier.com/Search/Api20250101resourcesattendanceshiftsidget	zapier.com.ai	Search	Api20250101resourcesattendanceshiftsidget	api20250101resourcesattendanceshiftsidget	api20250101ResourcesAttendanceShiftsIdGet	Reads a single Shift	1
https://zapier.com/Search/Api20250101resourcesattendanceworkedtimesget	zapier.com.ai	Search	Api20250101resourcesattendanceworkedtimesget	api20250101resourcesattendanceworkedtimesget	api20250101ResourcesAttendanceWorkedTimesGet	Reads all Worked times	1
https://zapier.com/Search/Api20250101resourcesbookkeepersmanagementincidencesget	zapier.com.ai	Search	Api20250101resourcesbookkeepersmanagementincidencesget	api20250101resourcesbookkeepersmanagementincidencesget	api20250101ResourcesBookkeepersManagementIncidencesGet	Reads all Incidences	1
https://zapier.com/Search/Api20250101resourcesbookkeepersmanagementincidencesidget	zapier.com.ai	Search	Api20250101resourcesbookkeepersmanagementincidencesidget	api20250101resourcesbookkeepersmanagementincidencesidget	api20250101ResourcesBookkeepersManagementIncidencesIdGet	Reads a single Incidence	1
https://zapier.com/Search/Api20250101resourcescompanieslegalentitiesget	zapier.com.ai	Search	Api20250101resourcescompanieslegalentitiesget	api20250101resourcescompanieslegalentitiesget	api20250101ResourcesCompaniesLegalEntitiesGet	Reads all Legal entities	1
https://zapier.com/Search/Api20250101resourcescompanieslegalentitiesidget	zapier.com.ai	Search	Api20250101resourcescompanieslegalentitiesidget	api20250101resourcescompanieslegalentitiesidget	api20250101ResourcesCompaniesLegalEntitiesIdGet	Reads a single Legal entity	1
https://zapier.com/Search/Api20250101resourcescontractscompensationsget	zapier.com.ai	Search	Api20250101resourcescontractscompensationsget	api20250101resourcescontractscompensationsget	api20250101ResourcesContractsCompensationsGet	Reads all Compensations	1
https://zapier.com/Search/Api20250101resourcescontractscompensationsidget	zapier.com.ai	Search	Api20250101resourcescontractscompensationsidget	api20250101resourcescontractscompensationsidget	api20250101ResourcesContractsCompensationsIdGet	Reads a single Compensation	1
https://zapier.com/Search/Api20250101resourcescontractscontractversionsget	zapier.com.ai	Search	Api20250101resourcescontractscontractversionsget	api20250101resourcescontractscontractversionsget	api20250101ResourcesContractsContractVersionsGet	Reads all Contract versions	1
https://zapier.com/Search/Api20250101resourcescontractscontractversionsidget	zapier.com.ai	Search	Api20250101resourcescontractscontractversionsidget	api20250101resourcescontractscontractversionsidget	api20250101ResourcesContractsContractVersionsIdGet	Reads a single Contract version	1
https://zapier.com/Search/Api20250101resourcescontractsfrenchcontracttypesget	zapier.com.ai	Search	Api20250101resourcescontractsfrenchcontracttypesget	api20250101resourcescontractsfrenchcontracttypesget	api20250101ResourcesContractsFrenchContractTypesGet	Reads all French contract types	1
https://zapier.com/Search/Api20250101resourcescontractsfrenchcontracttypesidget	zapier.com.ai	Search	Api20250101resourcescontractsfrenchcontracttypesidget	api20250101resourcescontractsfrenchcontracttypesidget	api20250101ResourcesContractsFrenchContractTypesIdGet	Reads a single French contract type	1
https://zapier.com/Search/Api20250101resourcescontractsgermancontracttypesget	zapier.com.ai	Search	Api20250101resourcescontractsgermancontracttypesget	api20250101resourcescontractsgermancontracttypesget	api20250101ResourcesContractsGermanContractTypesGet	Reads all German contract types	1
https://zapier.com/Search/Api20250101resourcescontractsgermancontracttypesidget	zapier.com.ai	Search	Api20250101resourcescontractsgermancontracttypesidget	api20250101resourcescontractsgermancontracttypesidget	api20250101ResourcesContractsGermanContractTypesIdGet	Reads a single German contract type	1
https://zapier.com/Search/Api20250101resourcescontractsportuguesecontracttypesget	zapier.com.ai	Search	Api20250101resourcescontractsportuguesecontracttypesget	api20250101resourcescontractsportuguesecontracttypesget	api20250101ResourcesContractsPortugueseContractTypesGet	Reads all Portuguese contract types	1
https://zapier.com/Search/Api20250101resourcescontractsportuguesecontracttypesidget	zapier.com.ai	Search	Api20250101resourcescontractsportuguesecontracttypesidget	api20250101resourcescontractsportuguesecontracttypesidget	api20250101ResourcesContractsPortugueseContractTypesIdGet	Reads a single Portuguese contract type	1
https://zapier.com/Search/Api20250101resourcescontractsreferencecontractsget	zapier.com.ai	Search	Api20250101resourcescontractsreferencecontractsget	api20250101resourcescontractsreferencecontractsget	api20250101ResourcesContractsReferenceContractsGet	Reads all Reference Contracts. The reference contract is the contract that applies today. If no contract applies today, we will return the nearest upcoming contract. If there are no upcoming contracts, we will provide the most recent past contract.	1
https://zapier.com/Search/Api20250101resourcescontractsspanishcontracttypesget	zapier.com.ai	Search	Api20250101resourcescontractsspanishcontracttypesget	api20250101resourcescontractsspanishcontracttypesget	api20250101ResourcesContractsSpanishContractTypesGet	Reads all Spanish contract types	1
https://zapier.com/Search/Api20250101resourcescontractsspanishcontracttypesidget	zapier.com.ai	Search	Api20250101resourcescontractsspanishcontracttypesidget	api20250101resourcescontractsspanishcontracttypesidget	api20250101ResourcesContractsSpanishContractTypesIdGet	Reads a single Spanish contract type	1
https://zapier.com/Search/Api20250101resourcescontractstaxonomiesget	zapier.com.ai	Search	Api20250101resourcescontractstaxonomiesget	api20250101resourcescontractstaxonomiesget	api20250101ResourcesContractsTaxonomiesGet	Reads all Taxonomies	1
https://zapier.com/Search/Api20250101resourcescontractstaxonomiesidget	zapier.com.ai	Search	Api20250101resourcescontractstaxonomiesidget	api20250101resourcescontractstaxonomiesidget	api20250101ResourcesContractsTaxonomiesIdGet	Reads a single Taxonomy	1
https://zapier.com/Search/Api20250101resourcescustomfieldsfieldsget	zapier.com.ai	Search	Api20250101resourcescustomfieldsfieldsget	api20250101resourcescustomfieldsfieldsget	api20250101ResourcesCustomFieldsFieldsGet	Reads all Fields	1
https://zapier.com/Search/Api20250101resourcescustomfieldsfieldsidget	zapier.com.ai	Search	Api20250101resourcescustomfieldsfieldsidget	api20250101resourcescustomfieldsfieldsidget	api20250101ResourcesCustomFieldsFieldsIdGet	Reads a single Field	1
https://zapier.com/Search/Api20250101resourcescustomfieldsoptionsget	zapier.com.ai	Search	Api20250101resourcescustomfieldsoptionsget	api20250101resourcescustomfieldsoptionsget	api20250101ResourcesCustomFieldsOptionsGet	Reads all Options	1
https://zapier.com/Search/Api20250101resourcescustomfieldsoptionsidget	zapier.com.ai	Search	Api20250101resourcescustomfieldsoptionsidget	api20250101resourcescustomfieldsoptionsidget	api20250101ResourcesCustomFieldsOptionsIdGet	Reads a single Option	1
https://zapier.com/Search/Api20250101resourcescustomfieldsresourcefieldsget	zapier.com.ai	Search	Api20250101resourcescustomfieldsresourcefieldsget	api20250101resourcescustomfieldsresourcefieldsget	api20250101ResourcesCustomFieldsResourceFieldsGet	Reads schema custom fields	1
https://zapier.com/Search/Api20250101resourcescustomfieldsresourcefieldsidget	zapier.com.ai	Search	Api20250101resourcescustomfieldsresourcefieldsidget	api20250101resourcescustomfieldsresourcefieldsidget	api20250101ResourcesCustomFieldsResourceFieldsIdGet	Reads schema custom fields	1
https://zapier.com/Search/Api20250101resourcescustomfieldsvaluesget	zapier.com.ai	Search	Api20250101resourcescustomfieldsvaluesget	api20250101resourcescustomfieldsvaluesget	api20250101ResourcesCustomFieldsValuesGet	Reads all Values	1
https://zapier.com/Search/Api20250101resourcescustomfieldsvaluesidget	zapier.com.ai	Search	Api20250101resourcescustomfieldsvaluesidget	api20250101resourcescustomfieldsvaluesidget	api20250101ResourcesCustomFieldsValuesIdGet	Reads a single Value	1
https://zapier.com/Search/Api20250101resourcescustomresourcesschemasget	zapier.com.ai	Search	Api20250101resourcescustomresourcesschemasget	api20250101resourcescustomresourcesschemasget	api20250101ResourcesCustomResourcesSchemasGet	Reads all Schemas	1
https://zapier.com/Search/Api20250101resourcescustomresourcesschemasidget	zapier.com.ai	Search	Api20250101resourcescustomresourcesschemasidget	api20250101resourcescustomresourcesschemasidget	api20250101ResourcesCustomResourcesSchemasIdGet	Reads a single Schema	1
https://zapier.com/Search/Api20250101resourcescustomresourcesvaluesget	zapier.com.ai	Search	Api20250101resourcescustomresourcesvaluesget	api20250101resourcescustomresourcesvaluesget	api20250101ResourcesCustomResourcesValuesGet	Reads all Values	1
https://zapier.com/Search/Api20250101resourcescustomresourcesvaluesidget	zapier.com.ai	Search	Api20250101resourcescustomresourcesvaluesidget	api20250101resourcescustomresourcesvaluesidget	api20250101ResourcesCustomResourcesValuesIdGet	Reads a single Value	1
https://zapier.com/Search/Api20250101resourcesdocumentsdocumentsget	zapier.com.ai	Search	Api20250101resourcesdocumentsdocumentsget	api20250101resourcesdocumentsdocumentsget	api20250101ResourcesDocumentsDocumentsGet	Reads all Documents	1
https://zapier.com/Search/Api20250101resourcesdocumentsdocumentsidget	zapier.com.ai	Search	Api20250101resourcesdocumentsdocumentsidget	api20250101resourcesdocumentsdocumentsidget	api20250101ResourcesDocumentsDocumentsIdGet	Reads a single Document	1
https://zapier.com/Search/Api20250101resourcesdocumentsfoldersget	zapier.com.ai	Search	Api20250101resourcesdocumentsfoldersget	api20250101resourcesdocumentsfoldersget	api20250101ResourcesDocumentsFoldersGet	Get all folders.	1
https://zapier.com/Search/Api20250101resourcesdocumentsfoldersidget	zapier.com.ai	Search	Api20250101resourcesdocumentsfoldersidget	api20250101resourcesdocumentsfoldersidget	api20250101ResourcesDocumentsFoldersIdGet	Get all folders.	1
https://zapier.com/Search/Api20250101resourcesemployeesemployeesget	zapier.com.ai	Search	Api20250101resourcesemployeesemployeesget	api20250101resourcesemployeesemployeesget	api20250101ResourcesEmployeesEmployeesGet	Only admins can see all the employees&#39; information, regular users will get a restricted version of the payload as a response based on the permission set by the admin	1
https://zapier.com/Search/Api20250101resourcesemployeesemployeesidget	zapier.com.ai	Search	Api20250101resourcesemployeesemployeesidget	api20250101resourcesemployeesemployeesidget	api20250101ResourcesEmployeesEmployeesIdGet	Only admins can see all the employees&#39; information, regular users will get a restricted version of the payload as a response based on the permission set by the admin	1
https://zapier.com/Search/Api20250101resourcesemployeeupdatesabsencesget	zapier.com.ai	Search	Api20250101resourcesemployeeupdatesabsencesget	api20250101resourcesemployeeupdatesabsencesget	api20250101ResourcesEmployeeUpdatesAbsencesGet	This endpoint can be used to retrieve a list of absence &#x60;employee updates&#x60;.	1
https://zapier.com/Search/Api20250101resourcesemployeeupdatesabsencesidget	zapier.com.ai	Search	Api20250101resourcesemployeeupdatesabsencesidget	api20250101resourcesemployeeupdatesabsencesidget	api20250101ResourcesEmployeeUpdatesAbsencesIdGet	This endpoint can be used to retrieve a list of absence &#x60;employee updates&#x60;.	1
https://zapier.com/Search/Api20250101resourcesemployeeupdatescontractchangesget	zapier.com.ai	Search	Api20250101resourcesemployeeupdatescontractchangesget	api20250101resourcesemployeeupdatescontractchangesget	api20250101ResourcesEmployeeUpdatesContractChangesGet	This endpoint can be used to retrieve a list of contrat changes &#x60;employee updates&#x60; details.	1
https://zapier.com/Search/Api20250101resourcesemployeeupdatescontractchangesidget	zapier.com.ai	Search	Api20250101resourcesemployeeupdatescontractchangesidget	api20250101resourcesemployeeupdatescontractchangesidget	api20250101ResourcesEmployeeUpdatesContractChangesIdGet	This endpoint can be used to retrieve a list of contrat changes &#x60;employee updates&#x60; details.	1
https://zapier.com/Search/Api20250101resourcesemployeeupdatesnewhiresget	zapier.com.ai	Search	Api20250101resourcesemployeeupdatesnewhiresget	api20250101resourcesemployeeupdatesnewhiresget	api20250101ResourcesEmployeeUpdatesNewHiresGet	This endpoint can be used to retrieve a detail of new hire &#x60;employee updates&#x60;.	1
https://zapier.com/Search/Api20250101resourcesemployeeupdatesnewhiresidget	zapier.com.ai	Search	Api20250101resourcesemployeeupdatesnewhiresidget	api20250101resourcesemployeeupdatesnewhiresidget	api20250101ResourcesEmployeeUpdatesNewHiresIdGet	This endpoint can be used to retrieve a detail of new hire &#x60;employee updates&#x60;.	1
https://zapier.com/Search/Api20250101resourcesemployeeupdatespersonalchangesget	zapier.com.ai	Search	Api20250101resourcesemployeeupdatespersonalchangesget	api20250101resourcesemployeeupdatespersonalchangesget	api20250101ResourcesEmployeeUpdatesPersonalChangesGet	This endpoint can be used to retrieve a list of personal changes &#x60;employee updates&#x60;.	1
https://zapier.com/Search/Api20250101resourcesemployeeupdatespersonalchangesidget	zapier.com.ai	Search	Api20250101resourcesemployeeupdatespersonalchangesidget	api20250101resourcesemployeeupdatespersonalchangesidget	api20250101ResourcesEmployeeUpdatesPersonalChangesIdGet	This endpoint can be used to retrieve a list of personal changes &#x60;employee updates&#x60;.	1
https://zapier.com/Search/Api20250101resourcesemployeeupdatessummariesget	zapier.com.ai	Search	Api20250101resourcesemployeeupdatessummariesget	api20250101resourcesemployeeupdatessummariesget	api20250101ResourcesEmployeeUpdatesSummariesGet	This endpoint can be used to retrieve a list of &#x60;employee updates&#x60;.	1
https://zapier.com/Search/Api20250101resourcesemployeeupdatessummariesidget	zapier.com.ai	Search	Api20250101resourcesemployeeupdatessummariesidget	api20250101resourcesemployeeupdatessummariesidget	api20250101ResourcesEmployeeUpdatesSummariesIdGet	This endpoint can be used to retrieve a list of &#x60;employee updates&#x60;.	1
https://zapier.com/Search/Api20250101resourcesemployeeupdatesterminationsget	zapier.com.ai	Search	Api20250101resourcesemployeeupdatesterminationsget	api20250101resourcesemployeeupdatesterminationsget	api20250101ResourcesEmployeeUpdatesTerminationsGet	This endpoint can be used to retrieve a list of termination &#x60;employee updates&#x60;.	1
https://zapier.com/Search/Api20250101resourcesemployeeupdatesterminationsidget	zapier.com.ai	Search	Api20250101resourcesemployeeupdatesterminationsidget	api20250101resourcesemployeeupdatesterminationsidget	api20250101ResourcesEmployeeUpdatesTerminationsIdGet	This endpoint can be used to retrieve a list of termination &#x60;employee updates&#x60;.	1
https://zapier.com/Search/Api20250101resourcesexpensesexpensablesget	zapier.com.ai	Search	Api20250101resourcesexpensesexpensablesget	api20250101resourcesexpensesexpensablesget	api20250101ResourcesExpensesExpensablesGet	Reads all Expensables	1
https://zapier.com/Search/Api20250101resourcesexpensesexpensablesidget	zapier.com.ai	Search	Api20250101resourcesexpensesexpensablesidget	api20250101resourcesexpensesexpensablesidget	api20250101ResourcesExpensesExpensablesIdGet	Reads a single Expensable	1
https://zapier.com/Search/Api20250101resourcesexpensesexpensesget	zapier.com.ai	Search	Api20250101resourcesexpensesexpensesget	api20250101resourcesexpensesexpensesget	api20250101ResourcesExpensesExpensesGet	Reads all Expenses	1
https://zapier.com/Search/Api20250101resourcesexpensesexpensesidget	zapier.com.ai	Search	Api20250101resourcesexpensesexpensesidget	api20250101resourcesexpensesexpensesidget	api20250101ResourcesExpensesExpensesIdGet	Reads a single Expense	1
https://zapier.com/Search/Api20250101resourcesexpensesmileagesget	zapier.com.ai	Search	Api20250101resourcesexpensesmileagesget	api20250101resourcesexpensesmileagesget	api20250101ResourcesExpensesMileagesGet	Reads all Mileages	1
https://zapier.com/Search/Api20250101resourcesexpensesmileagesidget	zapier.com.ai	Search	Api20250101resourcesexpensesmileagesidget	api20250101resourcesexpensesmileagesidget	api20250101ResourcesExpensesMileagesIdGet	Reads a single Mileage	1
https://zapier.com/Search/Api20250101resourcesexpensesperdiemsget	zapier.com.ai	Search	Api20250101resourcesexpensesperdiemsget	api20250101resourcesexpensesperdiemsget	api20250101ResourcesExpensesPerDiemsGet	Reads all Per diems	1
https://zapier.com/Search/Api20250101resourcesexpensesperdiemsidget	zapier.com.ai	Search	Api20250101resourcesexpensesperdiemsidget	api20250101resourcesexpensesperdiemsidget	api20250101ResourcesExpensesPerDiemsIdGet	Reads a single Per diem	1
https://zapier.com/Search/Api20250101resourcesfinanceaccountsget	zapier.com.ai	Search	Api20250101resourcesfinanceaccountsget	api20250101resourcesfinanceaccountsget	api20250101ResourcesFinanceAccountsGet	Fetch one or all ledger accounts for the company legal_entities.	1
https://zapier.com/Search/Api20250101resourcesfinanceaccountsidget	zapier.com.ai	Search	Api20250101resourcesfinanceaccountsidget	api20250101resourcesfinanceaccountsidget	api20250101ResourcesFinanceAccountsIdGet	Fetch one or all ledger accounts for the company legal_entities.	1
https://zapier.com/Search/Api20250101resourcesfinancecostcentermembershipsget	zapier.com.ai	Search	Api20250101resourcesfinancecostcentermembershipsget	api20250101resourcesfinancecostcentermembershipsget	api20250101ResourcesFinanceCostCenterMembershipsGet	Reads all Cost center memberships	1
https://zapier.com/Search/Api20250101resourcesfinancecostcentersget	zapier.com.ai	Search	Api20250101resourcesfinancecostcentersget	api20250101resourcesfinancecostcentersget	api20250101ResourcesFinanceCostCentersGet	Reads all Cost centers	1
https://zapier.com/Search/Api20250101resourcesfinancecostcentersidget	zapier.com.ai	Search	Api20250101resourcesfinancecostcentersidget	api20250101resourcesfinancecostcentersidget	api20250101ResourcesFinanceCostCentersIdGet	Reads a single Cost center	1
https://zapier.com/Search/Api20250101resourcesholidayscompanyholidaysget	zapier.com.ai	Search	Api20250101resourcesholidayscompanyholidaysget	api20250101resourcesholidayscompanyholidaysget	api20250101ResourcesHolidaysCompanyHolidaysGet	Retrieves company holidays	1
https://zapier.com/Search/Api20250101resourcesholidayscompanyholidaysidget	zapier.com.ai	Search	Api20250101resourcesholidayscompanyholidaysidget	api20250101resourcesholidayscompanyholidaysidget	api20250101ResourcesHolidaysCompanyHolidaysIdGet	Retrieves company holidays	1
https://zapier.com/Search/Api20250101resourcesjobcataloglevelsget	zapier.com.ai	Search	Api20250101resourcesjobcataloglevelsget	api20250101resourcesjobcataloglevelsget	api20250101ResourcesJobCatalogLevelsGet	Reads all Levels	1
https://zapier.com/Search/Api20250101resourcesjobcataloglevelsidget	zapier.com.ai	Search	Api20250101resourcesjobcataloglevelsidget	api20250101resourcesjobcataloglevelsidget	api20250101ResourcesJobCatalogLevelsIdGet	Reads a single Level	1
https://zapier.com/Search/Api20250101resourcesjobcatalogrolesget	zapier.com.ai	Search	Api20250101resourcesjobcatalogrolesget	api20250101resourcesjobcatalogrolesget	api20250101ResourcesJobCatalogRolesGet	Reads all Roles	1
https://zapier.com/Search/Api20250101resourcesjobcatalogrolesidget	zapier.com.ai	Search	Api20250101resourcesjobcatalogrolesidget	api20250101resourcesjobcatalogrolesidget	api20250101ResourcesJobCatalogRolesIdGet	Reads a single Role	1
https://zapier.com/Search/Api20250101resourceslocationslocationsget	zapier.com.ai	Search	Api20250101resourceslocationslocationsget	api20250101resourceslocationslocationsget	api20250101ResourcesLocationsLocationsGet	Reads all Locations	1
https://zapier.com/Search/Api20250101resourceslocationslocationsidget	zapier.com.ai	Search	Api20250101resourceslocationslocationsidget	api20250101resourceslocationslocationsidget	api20250101ResourcesLocationsLocationsIdGet	Reads a single Location	1
https://zapier.com/Search/Api20250101resourceslocationsworkareasget	zapier.com.ai	Search	Api20250101resourceslocationsworkareasget	api20250101resourceslocationsworkareasget	api20250101ResourcesLocationsWorkAreasGet	Reads all Work areas	1
https://zapier.com/Search/Api20250101resourceslocationsworkareasidget	zapier.com.ai	Search	Api20250101resourceslocationsworkareasidget	api20250101resourceslocationsworkareasidget	api20250101ResourcesLocationsWorkAreasIdGet	Reads a single Work area	1
https://zapier.com/Search/Api20250101resourcesmarketplaceinstallationsettingsget	zapier.com.ai	Search	Api20250101resourcesmarketplaceinstallationsettingsget	api20250101resourcesmarketplaceinstallationsettingsget	api20250101ResourcesMarketplaceInstallationSettingsGet	Reads all Installation settings	1
https://zapier.com/Search/Api20250101resourcesmarketplacesettingsget	zapier.com.ai	Search	Api20250101resourcesmarketplacesettingsget	api20250101resourcesmarketplacesettingsget	api20250101ResourcesMarketplaceSettingsGet	Reads all Settings	1
https://zapier.com/Search/Api20250101resourcespayrollemployeesidentifiersget	zapier.com.ai	Search	Api20250101resourcespayrollemployeesidentifiersget	api20250101resourcespayrollemployeesidentifiersget	api20250101ResourcesPayrollEmployeesIdentifiersGet	Reads Payroll employee identifier codes, current countries supported are Portugal, Italy and Germany	1
https://zapier.com/Search/Api20250101resourcespayrollemployeesidentifiersidget	zapier.com.ai	Search	Api20250101resourcespayrollemployeesidentifiersidget	api20250101resourcespayrollemployeesidentifiersidget	api20250101ResourcesPayrollEmployeesIdentifiersIdGet	Reads Payroll employee identifier codes, current countries supported are Portugal, Italy and Germany	1
https://zapier.com/Search/Api20250101resourcespayrollfamilysituationsget	zapier.com.ai	Search	Api20250101resourcespayrollfamilysituationsget	api20250101resourcespayrollfamilysituationsget	api20250101ResourcesPayrollFamilySituationsGet	Get all family situations.	1
https://zapier.com/Search/Api20250101resourcespayrollintegrationsbasecodesget	zapier.com.ai	Search	Api20250101resourcespayrollintegrationsbasecodesget	api20250101resourcespayrollintegrationsbasecodesget	api20250101ResourcesPayrollIntegrationsBaseCodesGet	Reads all Codes	1
https://zapier.com/Search/Api20250101resourcespayrollsupplementsget	zapier.com.ai	Search	Api20250101resourcespayrollsupplementsget	api20250101resourcespayrollsupplementsget	api20250101ResourcesPayrollSupplementsGet	Reads all Supplements	1
https://zapier.com/Search/Api20250101resourcespayrollsupplementsidget	zapier.com.ai	Search	Api20250101resourcespayrollsupplementsidget	api20250101resourcespayrollsupplementsidget	api20250101ResourcesPayrollSupplementsIdGet	Reads a single Supplement	1
https://zapier.com/Search/Api20250101resourcesperformanceagreementsget	zapier.com.ai	Search	Api20250101resourcesperformanceagreementsget	api20250101resourcesperformanceagreementsget	api20250101ResourcesPerformanceAgreementsGet	Retrieves the action plans of review processes.	1
https://zapier.com/Search/Api20250101resourcesperformanceagreementsidget	zapier.com.ai	Search	Api20250101resourcesperformanceagreementsidget	api20250101resourcesperformanceagreementsidget	api20250101ResourcesPerformanceAgreementsIdGet	Retrieves the action plans of review processes.	1
https://zapier.com/Search/Api20250101resourcesperformancecompanyemployeescorescalesget	zapier.com.ai	Search	Api20250101resourcesperformancecompanyemployeescorescalesget	api20250101resourcesperformancecompanyemployeescorescalesget	api20250101ResourcesPerformanceCompanyEmployeeScoreScalesGet	Retrieves the predefined scale set for the company and used when scoring the employee inside a review.	1
https://zapier.com/Search/Api20250101resourcesperformancecompanyemployeescorescalesidget	zapier.com.ai	Search	Api20250101resourcesperformancecompanyemployeescorescalesidget	api20250101resourcesperformancecompanyemployeescorescalesidget	api20250101ResourcesPerformanceCompanyEmployeeScoreScalesIdGet	Retrieves the predefined scale set for the company and used when scoring the employee inside a review.	1
https://zapier.com/Search/Api20250101resourcesperformanceemployeescorescalesget	zapier.com.ai	Search	Api20250101resourcesperformanceemployeescorescalesget	api20250101resourcesperformanceemployeescorescalesget	api20250101ResourcesPerformanceEmployeeScoreScalesGet	Retrieves the predefined employee score scales that can be set for the company to be used when scoring the employee inside a review.	1
https://zapier.com/Search/Api20250101resourcesperformanceemployeescorescalesidget	zapier.com.ai	Search	Api20250101resourcesperformanceemployeescorescalesidget	api20250101resourcesperformanceemployeescorescalesidget	api20250101ResourcesPerformanceEmployeeScoreScalesIdGet	Retrieves the predefined employee score scales that can be set for the company to be used when scoring the employee inside a review.	1
https://zapier.com/Search/Api20250101resourcesperformancereviewemployeescoresget	zapier.com.ai	Search	Api20250101resourcesperformancereviewemployeescoresget	api20250101resourcesperformancereviewemployeescoresget	api20250101ResourcesPerformanceReviewEmployeeScoresGet	Retrieves the published employee scores of performance reviews.	1
https://zapier.com/Search/Api20250101resourcesperformancereviewemployeescoresidget	zapier.com.ai	Search	Api20250101resourcesperformancereviewemployeescoresidget	api20250101resourcesperformancereviewemployeescoresidget	api20250101ResourcesPerformanceReviewEmployeeScoresIdGet	Retrieves the published employee scores of performance reviews.	1
https://zapier.com/Search/Api20250101resourcesperformancereviewevaluationanswersget	zapier.com.ai	Search	Api20250101resourcesperformancereviewevaluationanswersget	api20250101resourcesperformancereviewevaluationanswersget	api20250101ResourcesPerformanceReviewEvaluationAnswersGet	Retrieves the questions and answers of review evaluations.	1
https://zapier.com/Search/Api20250101resourcesperformancereviewevaluationsget	zapier.com.ai	Search	Api20250101resourcesperformancereviewevaluationsget	api20250101resourcesperformancereviewevaluationsget	api20250101ResourcesPerformanceReviewEvaluationsGet	Retrieves the pending and published review evaluations. The evaluations are created based on the participants and the review types when the review process is started.  For example, if the defined review types are &quot;self-review&quot; and &quot;manager&quot;, two evaluations will be created for each participant when the review process starts. One for the self-review containing the participant as target and the manager as reviewer, and another for the manager review containing the participant as target and the participant as reviewer.	1
https://zapier.com/Search/Api20250101resourcesperformancereviewevaluationsidget	zapier.com.ai	Search	Api20250101resourcesperformancereviewevaluationsidget	api20250101resourcesperformancereviewevaluationsidget	api20250101ResourcesPerformanceReviewEvaluationsIdGet	Retrieves the pending and published review evaluations. The evaluations are created based on the participants and the review types when the review process is started.  For example, if the defined review types are &quot;self-review&quot; and &quot;manager&quot;, two evaluations will be created for each participant when the review process starts. One for the self-review containing the participant as target and the manager as reviewer, and another for the manager review containing the participant as target and the participant as reviewer.	1
https://zapier.com/Search/Api20250101resourcesperformancereviewownersget	zapier.com.ai	Search	Api20250101resourcesperformancereviewownersget	api20250101resourcesperformancereviewownersget	api20250101ResourcesPerformanceReviewOwnersGet	Retrieves the review owners of review processes (each process has at least one owner). The owners can edit the review process and access its results.	1
https://zapier.com/Search/Api20250101resourcesperformancereviewprocessesget	zapier.com.ai	Search	Api20250101resourcesperformancereviewprocessesget	api20250101resourcesperformancereviewprocessesget	api20250101ResourcesPerformanceReviewProcessesGet	Reads all Review processes	1
https://zapier.com/Search/Api20250101resourcesperformancereviewprocessesidget	zapier.com.ai	Search	Api20250101resourcesperformancereviewprocessesidget	api20250101resourcesperformancereviewprocessesidget	api20250101ResourcesPerformanceReviewProcessesIdGet	Reads a single Review process	1
https://zapier.com/Search/Api20250101resourcesperformancereviewprocessestimatedtargetsget	zapier.com.ai	Search	Api20250101resourcesperformancereviewprocessestimatedtargetsget	api20250101resourcesperformancereviewprocessestimatedtargetsget	api20250101ResourcesPerformanceReviewProcessEstimatedTargetsGet	Reads all Review process estimated targets	1
https://zapier.com/Search/Api20250101resourcesperformancereviewprocesstargetsget	zapier.com.ai	Search	Api20250101resourcesperformancereviewprocesstargetsget	api20250101resourcesperformancereviewprocesstargetsget	api20250101ResourcesPerformanceReviewProcessTargetsGet	Retrieves the participants of active review processes.	1
https://zapier.com/Search/Api20250101resourcesperformancereviewprocesstargetsidget	zapier.com.ai	Search	Api20250101resourcesperformancereviewprocesstargetsidget	api20250101resourcesperformancereviewprocesstargetsidget	api20250101ResourcesPerformanceReviewProcessTargetsIdGet	Retrieves the participants of active review processes.	1
https://zapier.com/Search/Api20250101resourcesperformancereviewquestionnairebystrategiesget	zapier.com.ai	Search	Api20250101resourcesperformancereviewquestionnairebystrategiesget	api20250101resourcesperformancereviewquestionnairebystrategiesget	api20250101ResourcesPerformanceReviewQuestionnaireByStrategiesGet	Retrieves the questionnaires by reviewer strategy for review processes.	1
https://zapier.com/Search/Api20250101resourcesperformancereviewquestionnairebystrategiesidget	zapier.com.ai	Search	Api20250101resourcesperformancereviewquestionnairebystrategiesidget	api20250101resourcesperformancereviewquestionnairebystrategiesidget	api20250101ResourcesPerformanceReviewQuestionnaireByStrategiesIdGet	Retrieves the questionnaires by reviewer strategy for review processes.	1
https://zapier.com/Search/Api20250101resourcesperformancereviewvisibilitysettingsget	zapier.com.ai	Search	Api20250101resourcesperformancereviewvisibilitysettingsget	api20250101resourcesperformancereviewvisibilitysettingsget	api20250101ResourcesPerformanceReviewVisibilitySettingsGet	Retrieves the visibility settings of review processes.	1
https://zapier.com/Search/Api20250101resourcesperformancetargetmanagersget	zapier.com.ai	Search	Api20250101resourcesperformancetargetmanagersget	api20250101resourcesperformancetargetmanagersget	api20250101ResourcesPerformanceTargetManagersGet	Retrieves the participants&#39; managers of a review process.	1
https://zapier.com/Search/Api20250101resourcesperformancetargetmanagersidget	zapier.com.ai	Search	Api20250101resourcesperformancetargetmanagersidget	api20250101resourcesperformancetargetmanagersidget	api20250101ResourcesPerformanceTargetManagersIdGet	Retrieves the participants&#39; managers of a review process.	1
https://zapier.com/Search/Api20250101resourcespostscommentsget	zapier.com.ai	Search	Api20250101resourcespostscommentsget	api20250101resourcespostscommentsget	api20250101ResourcesPostsCommentsGet	Reads all Comments	1
https://zapier.com/Search/Api20250101resourcespostscommentsidget	zapier.com.ai	Search	Api20250101resourcespostscommentsidget	api20250101resourcespostscommentsidget	api20250101ResourcesPostsCommentsIdGet	Reads a single Comment	1
https://zapier.com/Search/Api20250101resourcespostsgroupsget	zapier.com.ai	Search	Api20250101resourcespostsgroupsget	api20250101resourcespostsgroupsget	api20250101ResourcesPostsGroupsGet	&gt; ###### **What does it do?** &gt; These endpoints will allow you to retrieve groups &gt; ###### **What can you do with groups?** &gt; Increase visibility and communication within the company by creating events and announcements. You can create groups for different departments, teams, or projects. &gt; ###### **Who can use it?** &gt; For having this funcionality available, you need to have Communities V2 feature enabled.	1
https://zapier.com/Search/Api20250101resourcespostsgroupsidget	zapier.com.ai	Search	Api20250101resourcespostsgroupsidget	api20250101resourcespostsgroupsidget	api20250101ResourcesPostsGroupsIdGet	&gt; ###### **What does it do?** &gt; These endpoints will allow you to retrieve groups &gt; ###### **What can you do with groups?** &gt; Increase visibility and communication within the company by creating events and announcements. You can create groups for different departments, teams, or projects. &gt; ###### **Who can use it?** &gt; For having this funcionality available, you need to have Communities V2 feature enabled.	1
https://zapier.com/Search/Api20250101resourcespostspostsget	zapier.com.ai	Search	Api20250101resourcespostspostsget	api20250101resourcespostspostsget	api20250101ResourcesPostsPostsGet	###### **What does it do?** These endpoints allow you to retrieve posts of a community ###### **What can you do with groups?** Increase visibility and communication within the company by creating interaction and community within your company. ###### **Who can use it?** For having this funcionality available, you need to have Communities V2 feature available	1
https://zapier.com/Search/Api20250101resourcespostspostsidget	zapier.com.ai	Search	Api20250101resourcespostspostsidget	api20250101resourcespostspostsidget	api20250101ResourcesPostsPostsIdGet	###### **What does it do?** These endpoints allow you to retrieve posts of a community ###### **What can you do with groups?** Increase visibility and communication within the company by creating interaction and community within your company. ###### **Who can use it?** For having this funcionality available, you need to have Communities V2 feature available	1
https://zapier.com/Search/Api20250101resourcesprojectmanagementexpenserecordsget	zapier.com.ai	Search	Api20250101resourcesprojectmanagementexpenserecordsget	api20250101resourcesprojectmanagementexpenserecordsget	api20250101ResourcesProjectManagementExpenseRecordsGet	This endpoint reads and retrieves a list of expense records. You can utilize URL parameters to filter the results.	1
https://zapier.com/Search/Api20250101resourcesprojectmanagementexpenserecordsidget	zapier.com.ai	Search	Api20250101resourcesprojectmanagementexpenserecordsidget	api20250101resourcesprojectmanagementexpenserecordsidget	api20250101ResourcesProjectManagementExpenseRecordsIdGet	This endpoint reads and retrieves a list of expense records. You can utilize URL parameters to filter the results	1
https://zapier.com/Search/Api20250101resourcesprojectmanagementexportableexpensesget	zapier.com.ai	Search	Api20250101resourcesprojectmanagementexportableexpensesget	api20250101resourcesprojectmanagementexportableexpensesget	api20250101ResourcesProjectManagementExportableExpensesGet	###### **What does it do?**    This will generate an export of the type **&quot;Project&#39;s expenses&quot;**. You will have to pass the start and end date to determine the range for which htis information will be exported; as well as the projects ids to get the information of specifically given projects.  ###### **What params does it accept?**   - &#x60;start_date&#x60;: It&#39;s mandatory to pass this data, being start date to delimit the range of information exported.   - &#x60;end_date&#x60;: It&#39;s mandatory to pass this data, corresponding to an end date for the date range of data to be exported.   - &#x60;project_ids&#x60;: Mandatory data to pass to the export, specifying the projects to be exported from.  ###### **Who can use it?** Only companies who have enabled the &#x60;projects_management&#x60; feature and users with the permission of read projects.	1
https://zapier.com/Search/Api20250101resourcesprojectmanagementexportableprojectsget	zapier.com.ai	Search	Api20250101resourcesprojectmanagementexportableprojectsget	api20250101resourcesprojectmanagementexportableprojectsget	api20250101ResourcesProjectManagementExportableProjectsGet	Generates project time tracking exports. Required params: `start_date`, `end_date`. Optional params: `project_ids[]` (specific projects), `time_format` (`minutes`, `hours and minutes`, `hours`), `include_date` (true for daily breakdown, false for total). Time formats: minutes (CSV), hours and minutes (Excel HH:MM:SS), hours (Excel decimal). Requires project management feature and project read permissions.	1
https://zapier.com/Search/Api20250101resourcesprojectmanagementflexibletimerecordcommentsget	zapier.com.ai	Search	Api20250101resourcesprojectmanagementflexibletimerecordcommentsget	api20250101resourcesprojectmanagementflexibletimerecordcommentsget	api20250101ResourcesProjectManagementFlexibleTimeRecordCommentsGet	###### **What does it do?** This endpoint can be used to read a &#39;flexible time record comment&#39; ###### **What params does it accept?**    - &#39;flexible_time_record_id&#39;:  the &#x60;flexible time record&#x60; to which the comment to be read is associated. Must be an integer.   - &#39;ids&#39;: the comment id to be fetched. Has to be an array of integers. ###### **Who can use it?** Only companies who have enabled &#x60;projects_flexible_tracking&#x60; feature.	1
https://zapier.com/Search/Api20250101resourcesprojectmanagementflexibletimerecordcommentsidget	zapier.com.ai	Search	Api20250101resourcesprojectmanagementflexibletimerecordcommentsidget	api20250101resourcesprojectmanagementflexibletimerecordcommentsidget	api20250101ResourcesProjectManagementFlexibleTimeRecordCommentsIdGet	###### **What does it do?** This endpoint can be used to read a &#39;flexible time record comment&#39; ###### **What params does it accept?**    - &#39;flexible_time_record_id&#39;:  the &#x60;flexible time record&#x60; to which the comment to be read is associated. Must be an integer.   - &#39;ids&#39;: the comment id to be fetched. Has to be an array of integers. ###### **Who can use it?** Only companies who have enabled &#x60;projects_flexible_tracking&#x60; feature.	1
https://zapier.com/Search/Api20250101resourcesprojectmanagementflexibletimerecordsget	zapier.com.ai	Search	Api20250101resourcesprojectmanagementflexibletimerecordsget	api20250101resourcesprojectmanagementflexibletimerecordsget	api20250101ResourcesProjectManagementFlexibleTimeRecordsGet	This endpoint can be used to retrieve a list of flexible time records. To fetch *flexible time record comments*, you have to use this [endpoint](https://apidoc.factorialhr.com/v2.0/reference/get_api-v2-resources-project-management-flexible-time-record-comments) and pass the flexible_time_record_id as a param	1
https://zapier.com/Search/Api20250101resourcesprojectmanagementflexibletimerecordsidget	zapier.com.ai	Search	Api20250101resourcesprojectmanagementflexibletimerecordsidget	api20250101resourcesprojectmanagementflexibletimerecordsidget	api20250101ResourcesProjectManagementFlexibleTimeRecordsIdGet	Retrieves flexible time records. Filter by: `ids`, `project_worker_ids`, `starts_on` (after date), `ends_on` (before date), `updated_after`. Records are linked to project workers and optionally to subprojects. Comments available via separate endpoint. Requires projects_flexible_tracking feature and read permissions.	1
https://zapier.com/Search/Api20250101resourcesprojectmanagementprojectsget	zapier.com.ai	Search	Api20250101resourcesprojectmanagementprojectsget	api20250101resourcesprojectmanagementprojectsget	api20250101ResourcesProjectManagementProjectsGet	###### **What does it do?** This reads the data of projects, and retrieves the information based on the permissions:    - If the user has the &#x60;team_leader&#x60; permission, he will only be able to read the projects that he is the team leader.   - If the user has the &#x60;reportees&#x60; permission, he will only be able to read the projects that he is the team leader or the projects that he is a team member.   - If the user has &#x60;everyone&#x60; permission, he will be able to read all projects.   - If the user has the &#x60;owned&#x60; permission, he will only be able to read the projects that he is the assigned.  ###### **Is it related to other entities?** A project is always related to a company, so you can use the query params to list only the projects that are related to a specific company. ###### **Who can use it?** Only companies who have enabled the &#x60;projects_management&#x60; feature and users with the permission of read projects.	1
https://zapier.com/Search/Api20250101resourcesprojectmanagementprojectsidget	zapier.com.ai	Search	Api20250101resourcesprojectmanagementprojectsidget	api20250101resourcesprojectmanagementprojectsidget	api20250101ResourcesProjectManagementProjectsIdGet	###### **What does it do?** This reads the data of projects, and retrieves the information based on the permissions:    - If the user has the &#x60;team_leader&#x60; permission, he will only be able to read the projects that he is the team leader.   - If the user has the &#x60;reportees&#x60; permission, he will only be able to read the projects that he is the team leader or the projects that he is a team member.   - If the user has &#x60;everyone&#x60; permission, he will be able to read all projects.   - If the user has the &#x60;owned&#x60; permission, he will only be able to read the projects that he is the assigned.  ###### **Is it related to other entities?** A project is always related to a company, so you can use the query params to list only the projects that are related to a specific company. ###### **Who can use it?** Only companies who have enabled the &#x60;projects_management&#x60; feature and users with the permission of read projects.	1
https://zapier.com/Search/Api20250101resourcesprojectmanagementprojecttasksget	zapier.com.ai	Search	Api20250101resourcesprojectmanagementprojecttasksget	api20250101resourcesprojectmanagementprojecttasksget	api20250101ResourcesProjectManagementProjectTasksGet	Lists project tasks based on user permissions. Filter by: `ids[]`, `project_ids[]`, `subproject_ids[]`, `completed`, `overdue`, `search`, `due_status` (no_due/due_today/over_due/due_in_future), `client_ids[]`. Access depends on project role and company-wide permissions. Requires projects_management feature.	1
https://zapier.com/Search/Api20250101resourcesprojectmanagementprojecttasksidget	zapier.com.ai	Search	Api20250101resourcesprojectmanagementprojecttasksidget	api20250101resourcesprojectmanagementprojecttasksidget	api20250101ResourcesProjectManagementProjectTasksIdGet	Retrieves a single project task. Access based on permissions: company-wide view/create access or project role (editor/owner). Requires projects_management feature and project read permissions.	1
https://zapier.com/Search/Api20250101resourcesprojectmanagementprojectworkersget	zapier.com.ai	Search	Api20250101resourcesprojectmanagementprojectworkersget	api20250101resourcesprojectmanagementprojectworkersget	api20250101ResourcesProjectManagementProjectWorkersGet	###### **What does it do?** This endpoint reads and retrieves a list of project workers. You can utilize URL parameters to filter the results. ###### **Is it related to other entities?** A project_worker is always related to a project and a employee. Only a &#x60;project worker&#x60; is able to add time to a project using the &#x60;time_record&#x60; entity. ###### **Who can use it?** Only companies who have enabled the &#x60;projects_management&#x60; feature and users with the permission to read project workers.	1
https://zapier.com/Search/Api20250101resourcesprojectmanagementprojectworkersidget	zapier.com.ai	Search	Api20250101resourcesprojectmanagementprojectworkersidget	api20250101resourcesprojectmanagementprojectworkersidget	api20250101ResourcesProjectManagementProjectWorkersIdGet	###### **What does it do?** This endpoint reads and retrieves a list of project workers. You can utilize URL parameters to filter the results. ###### **Is it related to other entities?** A project_worker is always related to a project and a employee. Only a &#x60;project worker&#x60; is able to add time to a project using the &#x60;time_record&#x60; entity. ###### **Who can use it?** Only companies who have enabled the &#x60;projects_management&#x60; feature and users with the permission to read project workers.	1
https://zapier.com/Search/Api20250101resourcesprojectmanagementsubprojectsget	zapier.com.ai	Search	Api20250101resourcesprojectmanagementsubprojectsget	api20250101resourcesprojectmanagementsubprojectsget	api20250101ResourcesProjectManagementSubprojectsGet	###### **What does it do?** This reads all subprojects created ###### **What params does it accept?**    - &#x60;ids&#x60;: retrieve only the subprojects that matches the ids passed in the request.\n   - &#x60;include_inputed_minutes&#x60;: if &#x60;true&#x60; we will perform the minutes calculations and will be return the total &#x60;inputed_minutes&#x60;. If the param is not passed in the request, its default value is &#x60;FALSE&#x60; so it will return &#x60;inputed_minutes: 0&#x60; and no minutes calculations will be performed.   - &#x60;updated_after&#x60;: this parameter is needed to filter subprojects created or updated after a date.  ###### **Is it related to other entities?** A subproject is always related to a project, so you can use the query params to list only the subprojects that are related to a specific project. ###### **Who can use it?** Only companies who have enabled the &#x60;projects_with_subprojects&#x60; feature and users with the permission of read subprojects.	1
https://zapier.com/Search/Api20250101resourcesprojectmanagementsubprojectsidget	zapier.com.ai	Search	Api20250101resourcesprojectmanagementsubprojectsidget	api20250101resourcesprojectmanagementsubprojectsidget	api20250101ResourcesProjectManagementSubprojectsIdGet	###### **What does it do?** This reads all subprojects created ###### **What params does it accept?**    - &#x60;ids&#x60;: retrieve only the subprojects that matches the ids passed in the request.\n   - &#x60;include_inputed_minutes&#x60;: if &#x60;true&#x60; we will perform the minutes calculations and will be return the total &#x60;inputed_minutes&#x60;. If the param is not passed in the request, its default value is &#x60;FALSE&#x60; so it will return &#x60;inputed_minutes: 0&#x60; and no minutes calculations will be performed.   - &#x60;updated_after&#x60;: this parameter is needed to filter subprojects created or updated after a date.  ###### **Is it related to other entities?** A subproject is always related to a project, so you can use the query params to list only the subprojects that are related to a specific project. ###### **Who can use it?** Only companies who have enabled the &#x60;projects_with_subprojects&#x60; feature and users with the permission of read subprojects.	1
https://zapier.com/Search/Api20250101resourcesprojectmanagementtimerecordsget	zapier.com.ai	Search	Api20250101resourcesprojectmanagementtimerecordsget	api20250101resourcesprojectmanagementtimerecordsget	api20250101ResourcesProjectManagementTimeRecordsGet	Lists time records with filters: `ids[]`, `project_worker_ids[]`, `subproject_ids[]`, `attendance_shift_ids[]`, `employee_ids[]` (deprecated), `month`, `year`, `updated_after`. Records link project_worker_id, attendance_shift_id, and optional subproject. Requires projects_management feature and read permissions.	1
https://zapier.com/Search/Api20250101resourcesprojectmanagementtimerecordsidget	zapier.com.ai	Search	Api20250101resourcesprojectmanagementtimerecordsidget	api20250101resourcesprojectmanagementtimerecordsidget	api20250101ResourcesProjectManagementTimeRecordsIdGet	Retrieves a single time record by ID. Records link project_worker_id, attendance_shift_id, and optional subproject. Requires projects_management feature and read permissions.	1
https://zapier.com/Search/Api20250101resourcesshiftmanagementshiftsget	zapier.com.ai	Search	Api20250101resourcesshiftmanagementshiftsget	api20250101resourcesshiftmanagementshiftsget	api20250101ResourcesShiftManagementShiftsGet	Reads all Shifts	1
https://zapier.com/Search/Api20250101resourcesshiftmanagementshiftsidget	zapier.com.ai	Search	Api20250101resourcesshiftmanagementshiftsidget	api20250101resourcesshiftmanagementshiftsidget	api20250101ResourcesShiftManagementShiftsIdGet	Reads a single Shift	1
https://zapier.com/Search/Api20250101resourcestaskstaskfilesget	zapier.com.ai	Search	Api20250101resourcestaskstaskfilesget	api20250101resourcestaskstaskfilesget	api20250101ResourcesTasksTaskFilesGet	Reads all Task files	1
https://zapier.com/Search/Api20250101resourcestaskstaskfilesidget	zapier.com.ai	Search	Api20250101resourcestaskstaskfilesidget	api20250101resourcestaskstaskfilesidget	api20250101ResourcesTasksTaskFilesIdGet	Reads a single Task file	1
https://zapier.com/Search/Api20250101resourcestaskstasksget	zapier.com.ai	Search	Api20250101resourcestaskstasksget	api20250101resourcestaskstasksget	api20250101ResourcesTasksTasksGet	This endpoint retrieves all tasks created.	1
https://zapier.com/Search/Api20250101resourcestaskstasksidget	zapier.com.ai	Search	Api20250101resourcestaskstasksidget	api20250101resourcestaskstasksidget	api20250101ResourcesTasksTasksIdGet	This endpoint retrieves all tasks created.	1
https://zapier.com/Search/Api20250101resourcesteamsmembershipsget	zapier.com.ai	Search	Api20250101resourcesteamsmembershipsget	api20250101resourcesteamsmembershipsget	api20250101ResourcesTeamsMembershipsGet	Get all memberships.	1
https://zapier.com/Search/Api20250101resourcesteamsmembershipsidget	zapier.com.ai	Search	Api20250101resourcesteamsmembershipsidget	api20250101resourcesteamsmembershipsidget	api20250101ResourcesTeamsMembershipsIdGet	Get all memberships.	1
https://zapier.com/Search/Api20250101resourcesteamsteamsget	zapier.com.ai	Search	Api20250101resourcesteamsteamsget	api20250101resourcesteamsteamsget	api20250101ResourcesTeamsTeamsGet	Gets all the teams	1
https://zapier.com/Search/Api20250101resourcesteamsteamsidget	zapier.com.ai	Search	Api20250101resourcesteamsteamsidget	api20250101resourcesteamsteamsidget	api20250101ResourcesTeamsTeamsIdGet	Gets all the teams	1
https://zapier.com/Search/Api20250101resourcestimeoffallowanceincidencesget	zapier.com.ai	Search	Api20250101resourcestimeoffallowanceincidencesget	api20250101resourcestimeoffallowanceincidencesget	api20250101ResourcesTimeoffAllowanceIncidencesGet	Reads all Allowance incidences	1
https://zapier.com/Search/Api20250101resourcestimeoffallowanceincidencesidget	zapier.com.ai	Search	Api20250101resourcestimeoffallowanceincidencesidget	api20250101resourcestimeoffallowanceincidencesidget	api20250101ResourcesTimeoffAllowanceIncidencesIdGet	Reads a single Allowance incidence	1
https://zapier.com/Search/Api20250101resourcestimeoffallowancesget	zapier.com.ai	Search	Api20250101resourcestimeoffallowancesget	api20250101resourcestimeoffallowancesget	api20250101ResourcesTimeoffAllowancesGet	Retrieves allowances	1
https://zapier.com/Search/Api20250101resourcestimeoffallowancesidget	zapier.com.ai	Search	Api20250101resourcestimeoffallowancesidget	api20250101resourcestimeoffallowancesidget	api20250101ResourcesTimeoffAllowancesIdGet	Retrieves allowances	1
https://zapier.com/Search/Api20250101resourcestimeoffallowancestatsget	zapier.com.ai	Search	Api20250101resourcestimeoffallowancestatsget	api20250101resourcestimeoffallowancestatsget	api20250101ResourcesTimeoffAllowanceStatsGet	###### **What does it do?** This endpoint retrieves the employee time off counters for a specific allowance with a reference date	1
https://zapier.com/Search/Api20250101resourcestimeoffallowancestatsidget	zapier.com.ai	Search	Api20250101resourcestimeoffallowancestatsidget	api20250101resourcestimeoffallowancestatsidget	api20250101ResourcesTimeoffAllowanceStatsIdGet	###### **What does it do?** This endpoint retrieves the employee time off counters for a specific allowance with a reference date	1
https://zapier.com/Search/Api20250101resourcestimeoffblockedperiodsget	zapier.com.ai	Search	Api20250101resourcestimeoffblockedperiodsget	api20250101resourcestimeoffblockedperiodsget	api20250101ResourcesTimeoffBlockedPeriodsGet	Retrieves blocked periods	1
https://zapier.com/Search/Api20250101resourcestimeoffblockedperiodsidget	zapier.com.ai	Search	Api20250101resourcestimeoffblockedperiodsidget	api20250101resourcestimeoffblockedperiodsidget	api20250101ResourcesTimeoffBlockedPeriodsIdGet	Retrieves blocked periods	1
https://zapier.com/Search/Api20250101resourcestimeoffleavesget	zapier.com.ai	Search	Api20250101resourcestimeoffleavesget	api20250101resourcestimeoffleavesget	api20250101ResourcesTimeoffLeavesGet	Reads all Leaves	1
https://zapier.com/Search/Api20250101resourcestimeoffleavesidget	zapier.com.ai	Search	Api20250101resourcestimeoffleavesidget	api20250101resourcestimeoffleavesidget	api20250101ResourcesTimeoffLeavesIdGet	Reads a single Leave	1
https://zapier.com/Search/Api20250101resourcestimeoffleavetypesget	zapier.com.ai	Search	Api20250101resourcestimeoffleavetypesget	api20250101resourcestimeoffleavetypesget	api20250101ResourcesTimeoffLeaveTypesGet	Reads all Leave types	1
https://zapier.com/Search/Api20250101resourcestimeoffleavetypesidget	zapier.com.ai	Search	Api20250101resourcestimeoffleavetypesidget	api20250101resourcestimeoffleavetypesidget	api20250101ResourcesTimeoffLeaveTypesIdGet	Reads a single Leave type	1
https://zapier.com/Search/Api20250101resourcestimeoffpoliciesget	zapier.com.ai	Search	Api20250101resourcestimeoffpoliciesget	api20250101resourcestimeoffpoliciesget	api20250101ResourcesTimeoffPoliciesGet	Reads all Policies	1
https://zapier.com/Search/Api20250101resourcestimeoffpoliciesidget	zapier.com.ai	Search	Api20250101resourcestimeoffpoliciesidget	api20250101resourcestimeoffpoliciesidget	api20250101ResourcesTimeoffPoliciesIdGet	Reads a single Policy	1
https://zapier.com/Search/Api20250101resourcestimeoffpolicytimelinesget	zapier.com.ai	Search	Api20250101resourcestimeoffpolicytimelinesget	api20250101resourcestimeoffpolicytimelinesget	api20250101ResourcesTimeoffPolicyTimelinesGet	Reads all Policy timelines	1
https://zapier.com/Search/Api20250101resourcestimeplanningplanningversionsget	zapier.com.ai	Search	Api20250101resourcestimeplanningplanningversionsget	api20250101resourcestimeplanningplanningversionsget	api20250101ResourcesTimePlanningPlanningVersionsGet	Reads all Planning versions	1
https://zapier.com/Search/Api20250101resourcestimesettingsbreakconfigurationsget	zapier.com.ai	Search	Api20250101resourcestimesettingsbreakconfigurationsget	api20250101resourcestimesettingsbreakconfigurationsget	api20250101ResourcesTimeSettingsBreakConfigurationsGet	Reads all Break configurations	1
https://zapier.com/Search/Api20250101resourcestimesettingsbreakconfigurationsidget	zapier.com.ai	Search	Api20250101resourcestimesettingsbreakconfigurationsidget	api20250101resourcestimesettingsbreakconfigurationsidget	api20250101ResourcesTimeSettingsBreakConfigurationsIdGet	Reads a single Break configuration	1
https://zapier.com/Search/Api20250101resourcestrainingscategoriesget	zapier.com.ai	Search	Api20250101resourcestrainingscategoriesget	api20250101resourcestrainingscategoriesget	api20250101ResourcesTrainingsCategoriesGet	Reads all Categories	1
https://zapier.com/Search/Api20250101resourcestrainingscategoriesidget	zapier.com.ai	Search	Api20250101resourcestrainingscategoriesidget	api20250101resourcestrainingscategoriesidget	api20250101ResourcesTrainingsCategoriesIdGet	Reads a single Category	1
https://zapier.com/Search/Api20250101resourcestrainingssessionaccessmembershipsget	zapier.com.ai	Search	Api20250101resourcestrainingssessionaccessmembershipsget	api20250101resourcestrainingssessionaccessmembershipsget	api20250101ResourcesTrainingsSessionAccessMembershipsGet	Reads all Session access memberships	1
https://zapier.com/Search/Api20250101resourcestrainingssessionaccessmembershipsidget	zapier.com.ai	Search	Api20250101resourcestrainingssessionaccessmembershipsidget	api20250101resourcestrainingssessionaccessmembershipsidget	api20250101ResourcesTrainingsSessionAccessMembershipsIdGet	Reads a single Session access membership	1
https://zapier.com/Search/Api20250101resourcestrainingssessionattendancesget	zapier.com.ai	Search	Api20250101resourcestrainingssessionattendancesget	api20250101resourcestrainingssessionattendancesget	api20250101ResourcesTrainingsSessionAttendancesGet	Reads all Session attendances	1
https://zapier.com/Search/Api20250101resourcestrainingssessionattendancesidget	zapier.com.ai	Search	Api20250101resourcestrainingssessionattendancesidget	api20250101resourcestrainingssessionattendancesidget	api20250101ResourcesTrainingsSessionAttendancesIdGet	Reads a single Session attendance	1
https://zapier.com/Search/Api20250101resourcestrainingssessionsget	zapier.com.ai	Search	Api20250101resourcestrainingssessionsget	api20250101resourcestrainingssessionsget	api20250101ResourcesTrainingsSessionsGet	Reads all Sessions	1
https://zapier.com/Search/Api20250101resourcestrainingssessionsidget	zapier.com.ai	Search	Api20250101resourcestrainingssessionsidget	api20250101resourcestrainingssessionsidget	api20250101ResourcesTrainingsSessionsIdGet	Reads a single Session	1
https://zapier.com/Search/Api20250101resourcestrainingstrainingmembershipsget	zapier.com.ai	Search	Api20250101resourcestrainingstrainingmembershipsget	api20250101resourcestrainingstrainingmembershipsget	api20250101ResourcesTrainingsTrainingMembershipsGet	Reads all Training memberships	1
https://zapier.com/Search/Api20250101resourcestrainingstrainingmembershipsidget	zapier.com.ai	Search	Api20250101resourcestrainingstrainingmembershipsidget	api20250101resourcestrainingstrainingmembershipsidget	api20250101ResourcesTrainingsTrainingMembershipsIdGet	Reads a single Training membership	1
https://zapier.com/Search/Api20250101resourcestrainingstrainingsget	zapier.com.ai	Search	Api20250101resourcestrainingstrainingsget	api20250101resourcestrainingstrainingsget	api20250101ResourcesTrainingsTrainingsGet	Reads all Trainings	1
https://zapier.com/Search/Api20250101resourcestrainingstrainingsidget	zapier.com.ai	Search	Api20250101resourcestrainingstrainingsidget	api20250101resourcestrainingstrainingsidget	api20250101ResourcesTrainingsTrainingsIdGet	Reads a single Training	1
https://zapier.com/Search/Api20250101resourcesworkscheduledayconfigurationsget	zapier.com.ai	Search	Api20250101resourcesworkscheduledayconfigurationsget	api20250101resourcesworkscheduledayconfigurationsget	api20250101ResourcesWorkScheduleDayConfigurationsGet	Reads all Day configurations	1
https://zapier.com/Search/Api20250101resourcesworkscheduledayconfigurationsidget	zapier.com.ai	Search	Api20250101resourcesworkscheduledayconfigurationsidget	api20250101resourcesworkscheduledayconfigurationsidget	api20250101ResourcesWorkScheduleDayConfigurationsIdGet	Reads a single Day configuration	1
https://zapier.com/Search/Api20250101resourcesworkscheduleoverlapperiodsget	zapier.com.ai	Search	Api20250101resourcesworkscheduleoverlapperiodsget	api20250101resourcesworkscheduleoverlapperiodsget	api20250101ResourcesWorkScheduleOverlapPeriodsGet	Reads all Overlap periods	1
https://zapier.com/Search/Api20250101resourcesworkscheduleoverlapperiodsidget	zapier.com.ai	Search	Api20250101resourcesworkscheduleoverlapperiodsidget	api20250101resourcesworkscheduleoverlapperiodsidget	api20250101ResourcesWorkScheduleOverlapPeriodsIdGet	Reads a single Overlap period	1
https://zapier.com/Search/Api20250101resourcesworkscheduleschedulesget	zapier.com.ai	Search	Api20250101resourcesworkscheduleschedulesget	api20250101resourcesworkscheduleschedulesget	api20250101ResourcesWorkScheduleSchedulesGet	Reads all Schedules	1
https://zapier.com/Search/Api20250101resourcesworkscheduleschedulesidget	zapier.com.ai	Search	Api20250101resourcesworkscheduleschedulesidget	api20250101resourcesworkscheduleschedulesidget	api20250101ResourcesWorkScheduleSchedulesIdGet	Reads a single Schedule	1
https://zapier.com/Search/Searchemployee	zapier.com.ai	Search	Searchemployee	searchemployee	searchEmployee	Search for a Recipient	1
https://zapier.com/Search/Searchproductbyname	zapier.com.ai	Search	Searchproductbyname	searchproductbyname	searchProductByName	Search for a Product by Product name	1
https://zapier.com/Search/Searchproductsstock	zapier.com.ai	Search	Searchproductsstock	searchproductsstock	searchProductsStock	See what inventory you have on hand per product	1
https://zapier.com/Search/Searchshipment	zapier.com.ai	Search	Searchshipment	searchshipment	searchShipment	Search for an exisitng shipment	1
https://zapier.com/Search/FindAllContacts	zapier.com.ai	Search	FindAllContacts	find_all_contacts	find_all_contacts	Finds all Contacts in the system (using item lists)	1
https://zapier.com/Search/FindAllDocumentTypes	zapier.com.ai	Search	FindAllDocumentTypes	find_all_document_types	find_all_document_types	Finds all Document Types in the system (using item lists)	1
https://zapier.com/Search/FindContactType	zapier.com.ai	Search	FindContactType	find_contact_type	find_contact_type	Finds a contact type in the system	1
https://zapier.com/Search/FindContactTypes	zapier.com.ai	Search	FindContactTypes	find_contact_types	find_contact_types	Find all contact types in the system (using item lists)	1
https://zapier.com/Search/FindContracts	zapier.com.ai	Search	FindContracts	find_contracts	find_contracts	Finds all Contracts in the system (using item lists)	1
https://zapier.com/Search/FindContractById	zapier.com.ai	Search	FindContractById	find_contract_by_id	find_contract_by_id	Find a Contract in the system	1
https://zapier.com/Search/FindEnquiries	zapier.com.ai	Search	FindEnquiries	find_enquiries	find_enquiries	Finds all Enquiries in the system (using item lists)	1
https://zapier.com/Search/FindInvoices	zapier.com.ai	Search	FindInvoices	find_invoices	find_invoices	Finds all Invoices (using item lists)	1
https://zapier.com/Search/FindLeadSources	zapier.com.ai	Search	FindLeadSources	find_lead_sources	find_lead_sources	List all lead sources (using item lists)	1
https://zapier.com/Search/FindLeadType	zapier.com.ai	Search	FindLeadType	find_lead_type	find_lead_type	Finds a lead type in the system	1
https://zapier.com/Search/FindLeadTypes	zapier.com.ai	Search	FindLeadTypes	find_lead_types	find_lead_types	Find all lead types in the system (using item lists)	1
https://zapier.com/Search/FindProductInterests	zapier.com.ai	Search	FindProductInterests	find_product_interests	find_product_interests	Find all product interests (using item lists)	1
https://zapier.com/Search/FindProductTypes	zapier.com.ai	Search	FindProductTypes	find_product_types	find_product_types	Find all product types (using item lists)	1
https://zapier.com/Search/FindProjectTypes	zapier.com.ai	Search	FindProjectTypes	find_project_types	find_project_types	Find all project types (using item lists)	1
https://zapier.com/Search/FindPurchaseOrders	zapier.com.ai	Search	FindPurchaseOrders	find_purchase_orders	find_purchase_orders	Find all purchase orders (using item lists)	1
https://zapier.com/Search/FindPurchaseOrderInvoices	zapier.com.ai	Search	FindPurchaseOrderInvoices	find_purchase_order_invoices	find_purchase_order_invoices	Find all purchase order invoices (using item lists).	1
https://zapier.com/Search/FindPurchaseOrderInvoiceQueries	zapier.com.ai	Search	FindPurchaseOrderInvoiceQueries	find_purchase_order_invoice_queries	find_purchase_order_invoice_queries	Finds all Purchase Order Invoice Queries (using item lists)	1
https://zapier.com/Search/FindRoles	zapier.com.ai	Search	FindRoles	find_roles	find_roles	Find all roles in the system	1
https://zapier.com/Search/FindSalesAreas	zapier.com.ai	Search	FindSalesAreas	find_sales_areas	find_sales_areas	Find all sales areas (using item lists)	1
https://zapier.com/Search/FindServiceCalls	zapier.com.ai	Search	FindServiceCalls	find_service_calls	find_service_calls	Finds all Service Calls in the system (using item lists)	1
https://zapier.com/Search/FindSuppliers	zapier.com.ai	Search	FindSuppliers	find_suppliers	find_suppliers	List all suppliers in system	1
https://zapier.com/Search/FindUsers	zapier.com.ai	Search	FindUsers	find_users	find_users	Find all users in the system	1
https://zapier.com/Search/SearchEnquiries	zapier.com.ai	Search	SearchEnquiries	search_enquiries	search_enquiries	Finds an Enquiry in the system	1
https://zapier.com/Search/SearchInvoices	zapier.com.ai	Search	SearchInvoices	search_invoices	search_invoices	Finds an Invoice in the system.	1
https://zapier.com/Search/SearchPurchaseOrders	zapier.com.ai	Search	SearchPurchaseOrders	search_purchase_orders	search_purchase_orders	Finds a Purchase Order in the system	1
https://zapier.com/Search/SearchPurchaseOrderInvoices	zapier.com.ai	Search	SearchPurchaseOrderInvoices	search_purchase_order_invoices	search_purchase_order_invoices	Find a Purchase Order Invoice in the system.	1
https://zapier.com/Search/SearchPurchaseOrderInvoiceQuery	zapier.com.ai	Search	SearchPurchaseOrderInvoiceQuery	search_purchase_order_invoice_query	search_purchase_order_invoice_query	Find a Purchase Order Invoice Query in the system	1
https://zapier.com/Search/SearchServiceCall	zapier.com.ai	Search	SearchServiceCall	search_service_call	search_service_call	Find a Service Call in the system	1
https://zapier.com/Search/FindFund	zapier.com.ai	Search	FindFund	find_fund	find_fund	Finds a Merchandise Item by name	1
https://zapier.com/Search/FindMembership	zapier.com.ai	Search	FindMembership	find_membership	find_membership	Finds a Membership by name	1
https://zapier.com/Search/GetAllEvents	zapier.com.ai	Search	GetAllEvents	get_all_events	get_all_events	Finds an Event record by Event name	1
https://zapier.com/Search/GetCustomerByEmail	zapier.com.ai	Search	GetCustomerByEmail	get_customer_by_email	get_customer_by_email	Finds a Customer record by Email Address	1
https://zapier.com/Search/GetInstances	zapier.com.ai	Search	GetInstances	get_instances	get_instances	Finds an Instance of an Event	1
https://zapier.com/Search/GetMerchandiseItems	zapier.com.ai	Search	GetMerchandiseItems	get_merchandise_items	get_merchandise_items	Finds a Merchandise Item by name	1
https://zapier.com/Search/FindTaskById	zapier.com.ai	Search	FindTaskById	find_task_by_id	find_task_by_id	Finds an existing Quire task by task ID.	1
https://zapier.com/Search/FindTaskInProject	zapier.com.ai	Search	FindTaskInProject	find_task_in_project	find_task_in_project	Finds an existing Quire task within a project(s).	1
https://zapier.com/Search/SearchTransfer	zapier.com.ai	Search	SearchTransfer	search_transfer	search_transfer	Find a transfer by the transfer reference.	1
https://zapier.com/Search/FindEntryFromContactProcess	zapier.com.ai	Search	FindEntryFromContactProcess	find_entry_from_contact_process	find_entry_from_contact_process	find entry from contact process	1
https://zapier.com/Search/FindEntryFromOrganizationProcess	zapier.com.ai	Search	FindEntryFromOrganizationProcess	find_entry_from_organization_process	find_entry_from_organization_process	find entry from organization process	1
https://zapier.com/Search/FindNote	zapier.com.ai	Search	FindNote	find_note	find_note	Finds a Note from Relate.	1
https://zapier.com/Search/ContactExists	zapier.com.ai	Search	ContactExists	contact_exists	CONTACT_EXISTS	Check if a contact exists for a given phone number and/or email. If a contact does exist, it's information is passed along with the response.	1
https://zapier.com/Search/FindContactByContactId	zapier.com.ai	Search	FindContactByContactId	find_contact_by_contact_id	FIND_CONTACT_BY_CONTACT_ID	Find a contact by providing a Contact ID.	1
https://zapier.com/Search/SearchContactByIdentifier	zapier.com.ai	Search	SearchContactByIdentifier	search_contact_by_identifier	SEARCH_CONTACT_BY_IDENTIFIER	Find a contact by providing either an email or a mobile number.	1
https://zapier.com/Search/GetOrdersInOrderBatch	zapier.com.ai	Search	GetOrdersInOrderBatch	get_orders_in_order_batch	get_orders_in_order_batch	Retrieve the orders in the specified order batch. Returns up to the first 100 orders in the batch.	1
https://zapier.com/Search/GetOrderBatchById	zapier.com.ai	Search	GetOrderBatchById	get_order_batch_by_id	get_order_batch_by_id	Get an order batch with the order batch's ID.	1
https://zapier.com/Search/FindPosition	zapier.com.ai	Search	FindPosition	find_position	find_position	Finds a Position using either a user-defined id or Humanity's native record id	1
https://zapier.com/Search/Searchentity	zapier.com.ai	Search	Searchentity	searchentity	searchEntity	Finds a Entity by any matching field and value.	1
https://zapier.com/Search/Searchentityunifiedapis	zapier.com.ai	Search	Searchentityunifiedapis	searchentityunifiedapis	searchEntityUnifiedApis	Finds an App Record by any matching field and value.	1
https://zapier.com/Search/FindCompletedOrders	zapier.com.ai	Search	FindCompletedOrders	find_completed_orders	find_completed_orders	Finds orders with a status of complete	1
https://zapier.com/Search/FindCarrierServices	zapier.com.ai	Search	FindCarrierServices	find_carrier_services	find_carrier_services	This search will find carrier service based on source and destination country, ZIP code and package dimensions.	1
https://zapier.com/Search/Datesearch	zapier.com.ai	Search	Datesearch	datesearch	dateSearch	Finds an existing date.	1
https://zapier.com/Search/Offersearch	zapier.com.ai	Search	Offersearch	offersearch	offerSearch	Finds an existing offer.	1
https://zapier.com/Search/GetAdminReportResults	zapier.com.ai	Search	GetAdminReportResults	get_admin_report_results	get_admin_report_results	Return the results of a admin report	1
https://zapier.com/Search/FindRepairOrder	zapier.com.ai	Search	FindRepairOrder	find_repair_order	find_repair_order	Finds a Repair Order within the Shop-Ware platform.	1
https://zapier.com/Search/FindVehicle	zapier.com.ai	Search	FindVehicle	find_vehicle	find_vehicle	Finds a Vehicle within the Shop-Ware platform.	1
https://zapier.com/Search/Matter	zapier.com.ai	Search	Matter	matter	matter	Pull information for a given matter (by id).	1
https://zapier.com/Search/MatterAssets	zapier.com.ai	Search	MatterAssets	matter_assets	matter_assets	Pull assets for a given matter (by id).	1
https://zapier.com/Search/MatterContacts	zapier.com.ai	Search	MatterContacts	matter_contacts	matter_contacts	Pull contacts for a given matter (by id).	1
https://zapier.com/Search/MatterDocuments	zapier.com.ai	Search	MatterDocuments	matter_documents	matter_documents	Pull uploaded documents for a given matter (by id).	1
https://zapier.com/Search/MatterFinancialDocuments	zapier.com.ai	Search	MatterFinancialDocuments	matter_financial_documents	matter_financial_documents	Pull financial documents that were uploaded as part of the financial intake, for a given matter (by id).	1
https://zapier.com/Search/GetCommentsByReview	zapier.com.ai	Search	GetCommentsByReview	get_comments_by_review	get_comments_by_review	Returns all comments of a chosen review.	1
https://zapier.com/Search/GetFileByFileidV2	zapier.com.ai	Search	GetFileByFileidV2	get_file_by_fileid_v2	get_file_by_fileid_v2	Returns a file by its ID.	1
https://zapier.com/Search/GetFileReviews	zapier.com.ai	Search	GetFileReviews	get_file_reviews	get_file_reviews	Returns all reviews of a file by its ID.	1
https://zapier.com/Search/GetFolders	zapier.com.ai	Search	GetFolders	get_folders	get_folders	Returns all folders of the team.	1
https://zapier.com/Search/GetFolderById	zapier.com.ai	Search	GetFolderById	get_folder_by_id	get_folder_by_id	Returns a folder by its ID.	1
https://zapier.com/Search/GetProjects	zapier.com.ai	Search	GetProjects	get_projects	get_projects	Returns all projects of the team.	1
https://zapier.com/Search/GetProjectById	zapier.com.ai	Search	GetProjectById	get_project_by_id	get_project_by_id	Returns a project by its ID.	1
https://zapier.com/Search/GetReviewById	zapier.com.ai	Search	GetReviewById	get_review_by_id	get_review_by_id	Returns a review by its ID.	1
https://zapier.com/Search/GetStepsByProject	zapier.com.ai	Search	GetStepsByProject	get_steps_by_project	get_steps_by_project	Returns reviewer groups by project.	1
https://zapier.com/Search/SearchCards	zapier.com.ai	Search	SearchCards	search_cards	search_cards	Search for a card	1
https://zapier.com/Search/SearchMatters	zapier.com.ai	Search	SearchMatters	search_matters	search_matters	Search for a matter	1
https://zapier.com/Search/Policysearch	zapier.com.ai	Search	Policysearch	policysearch	policySearch	Finds a policy.	1
https://zapier.com/Search/Riskprofilesearch	zapier.com.ai	Search	Riskprofilesearch	riskprofilesearch	riskProfileSearch	Finds a risk profile.	1
https://zapier.com/Search/FindTile	zapier.com.ai	Search	FindTile	find_tile	find_tile	Look for a specific Tile. Tiles are items like projects, customers, clients, tasks or whatever you have configured in the timeBuzzer admin section. 	1
https://zapier.com/Search/FindFeedback	zapier.com.ai	Search	FindFeedback	find_feedback	find_feedback	Find a feedback based on external_id or url.	1
https://zapier.com/Search/FindIdea	zapier.com.ai	Search	FindIdea	find_idea	find_idea	Find an an existing idea.	1
https://zapier.com/Search/FindOrderByOrderNo	zapier.com.ai	Search	FindOrderByOrderNo	find_order_by_order_no	find_order_by_order_no	Finds an order by an order number.	1
https://zapier.com/Search/FindProductById	zapier.com.ai	Search	FindProductById	find_product_by_id	find_product_by_id	Finds a product by ID.	1
https://zapier.com/Search/Storesearch	zapier.com.ai	Search	Storesearch	storesearch	storeSearch	Finds a store by a title search.	1
https://zapier.com/Search/FindInstance	zapier.com.ai	Search	FindInstance	find_instance	find_instance	Find an existing EC2 instance.	1
https://zapier.com/Search/Findcontactbyid	zapier.com.ai	Search	Findcontactbyid	findcontactbyid	findContactById	Finds a contact by ID.	1
https://zapier.com/Search/Findcontactbyname	zapier.com.ai	Search	Findcontactbyname	findcontactbyname	findContactByName	Finds a contact by name.	1
https://zapier.com/Search/Findcontactbyparameter	zapier.com.ai	Search	Findcontactbyparameter	findcontactbyparameter	findContactByParameter	Finds a contact by service field.	1
https://zapier.com/Search/Findcontactbyvariable	zapier.com.ai	Search	Findcontactbyvariable	findcontactbyvariable	findContactByVariable	Finds a contact by custom field.	1
https://zapier.com/Search/Searchestimate	zapier.com.ai	Search	Searchestimate	searchestimate	searchEstimate	Search for an estimate by number or unique ID. Use "zapier_sample" in any field to test with sample data.	1
https://zapier.com/Search/Searchinvoice	zapier.com.ai	Search	Searchinvoice	searchinvoice	searchInvoice	Search for an invoice by number or unique ID. Use "zapier_sample" in any field to test with sample data.	1
https://zapier.com/Search/Searchworkorder	zapier.com.ai	Search	Searchworkorder	searchworkorder	searchWorkorder	Search for a workorder by number or unique ID. Use "zapier_sample" in any field to test with sample data.	1
https://zapier.com/Search/FindInventory	zapier.com.ai	Search	FindInventory	find_inventory	find_inventory	Finds an inventory.	1
https://zapier.com/Search/FindInventoryQuantity	zapier.com.ai	Search	FindInventoryQuantity	find_inventory_quantity	find_inventory_quantity	Gets the quantity of an inventory.	1
https://zapier.com/Search/QueuedJob	zapier.com.ai	Search	QueuedJob	queued_job	queued_job	Finds a queued job by ID.	1
https://zapier.com/Search/SearchDiscovery	zapier.com.ai	Search	SearchDiscovery	search_discovery	search_discovery	Search for an existing Discovery in your Harvestr project	1
https://zapier.com/Search/SearchSubmitter	zapier.com.ai	Search	SearchSubmitter	search_submitter	search_submitter	Search for an existing Submitter in your Harvestr project	1
https://zapier.com/Search/ListRequests	zapier.com.ai	Search	ListRequests	list_requests	list_requests	List recent render results	1
https://zapier.com/Search/MyTemplates	zapier.com.ai	Search	MyTemplates	my_templates	my_templates	Lists your Templates	1
https://zapier.com/Search/Playerssearch	zapier.com.ai	Search	Playerssearch	playerssearch	playersSearch	Finds a video based on your search.	1
https://zapier.com/Search/SearchFeedback	zapier.com.ai	Search	SearchFeedback	search_feedback	search_feedback	Search a feedback item in your project	1
https://zapier.com/Search/Opportunitysearchbyoppcopmanyandoppname	zapier.com.ai	Search	Opportunitysearchbyoppcopmanyandoppname	opportunitysearchbyoppcopmanyandoppname	opportunitySearchByOppCopmanyAndOppName	Search Opportunity By Opportunity Company And Opportunity Name	1
https://zapier.com/Search/ProjectTemplateSearch	zapier.com.ai	Search	ProjectTemplateSearch	project_template_search	project_template_search	Search for a project template by name.	1
https://zapier.com/Search/FindCreateCustomer	zapier.com.ai	Search	FindCreateCustomer	find_create_customer	find_create_customer	Finds a customer by name.	1
https://zapier.com/Search/FindCreateItem	zapier.com.ai	Search	FindCreateItem	find_create_item	find_create_item	Finds an item by item code.	1
https://zapier.com/Search/FindCreateSupplier	zapier.com.ai	Search	FindCreateSupplier	find_create_supplier	find_create_supplier	Finds a supplier by name.	1
https://zapier.com/Search/GetClientCompanyById	zapier.com.ai	Search	GetClientCompanyById	get_client_company_by_id	get_client_company_by_id	Find Client Company by id	1
https://zapier.com/Search/GetClientUserById	zapier.com.ai	Search	GetClientUserById	get_client_user_by_id	get_client_user_by_id	Find Client Contact by ID	1
https://zapier.com/Search/GetOpportunityById	zapier.com.ai	Search	GetOpportunityById	get_opportunity_by_id	get_opportunity_by_id	Find Opportunity by id	1
https://zapier.com/Search/FindLists	zapier.com.ai	Search	FindLists	find_lists	find_lists	Find Lists in your account.	1
https://zapier.com/Search/FindSubscribeByEmail	zapier.com.ai	Search	FindSubscribeByEmail	find_subscribe_by_email	find_subscribe_by_email	Find a subscriber by email.	1
https://zapier.com/Search/DeleteKey	zapier.com.ai	Search	DeleteKey	delete_key	delete_key	Deletes multiple keys from the project. Requires Manage keys admin right.	1
https://zapier.com/Search/GetComment	zapier.com.ai	Search	GetComment	get_comment	get_comment	Retrieves a Comment object.	1
https://zapier.com/Search/GetKeys	zapier.com.ai	Search	GetKeys	get_keys	get_keys	Lists all keys in the project. 	1
https://zapier.com/Search/GetProject	zapier.com.ai	Search	GetProject	get_project	get_project	Retrieves a project object	1
https://zapier.com/Search/GetTask	zapier.com.ai	Search	GetTask	get_task	get_task	Retrieves a Task object.	1
https://zapier.com/Search/ListAllOrders	zapier.com.ai	Search	ListAllOrders	list_all_orders	list_all_orders	Lists all translation orders in the team.	1
https://zapier.com/Search/ListAllTranslations	zapier.com.ai	Search	ListAllTranslations	list_all_translations	list_all_translations	Retrieves a list of project translation items, ungrouped.  You may want to request Keys resource in order to get the structured key/translation pairs for all languages.	1
https://zapier.com/Search/ListKeyComments	zapier.com.ai	Search	ListKeyComments	list_key_comments	list_key_comments	Retrieves a list of all comments for a key.	1
https://zapier.com/Search/ListTasks	zapier.com.ai	Search	ListTasks	list_tasks	list_tasks	Lists all tasks in the project.	1
https://zapier.com/Search/RetrieveKey	zapier.com.ai	Search	RetrieveKey	retrieve_key	retrieve_key	Retrieves a Key object.	1
https://zapier.com/Search/FindEmailSubscriber	zapier.com.ai	Search	FindEmailSubscriber	find_email_subscriber	find_email_subscriber	Finds an email subscriber.	1
https://zapier.com/Search/FindStockItem	zapier.com.ai	Search	FindStockItem	find_stock_item	find_stock_item	Finds a stock item.	1
https://zapier.com/Search/GetLocations	zapier.com.ai	Search	GetLocations	get_locations	get_locations	Find Locations in the system	1
https://zapier.com/Search/GetMap	zapier.com.ai	Search	GetMap	get_map	get_map	Finds a Map in the system	1
https://zapier.com/Search/Findaccount	zapier.com.ai	Search	Findaccount	findaccount	findAccount	Find an existing Account. Optionally, create one if Account is not found.	1
https://zapier.com/Search/Findcustomentity	zapier.com.ai	Search	Findcustomentity	findcustomentity	findCustomEntity	Find an existing Custom Entity. Optionally, create one if Custom Entity is not found.	1
https://zapier.com/Search/Findproduct	zapier.com.ai	Search	Findproduct	findproduct	findProduct	Find an existing Product. Optionally, create one if Product is not found.	1
https://zapier.com/Search/FindUserEmail	zapier.com.ai	Search	FindUserEmail	find_user_email	find_user_email	Finds a user by their email in a specific workspace.	1
https://zapier.com/Search/FindUserName	zapier.com.ai	Search	FindUserName	find_user_name	find_user_name	Finds a user by their display name in a specific workspace.	1
https://zapier.com/Search/ProductVariants	zapier.com.ai	Search	ProductVariants	product_variants	product_variants	Finds a variant by ID.	1
https://zapier.com/Search/SearchCollections	zapier.com.ai	Search	SearchCollections	search_collections	search_collections	Finds a collection by ID.	1
https://zapier.com/Search/SearchOptions	zapier.com.ai	Search	SearchOptions	search_options	search_options	Finds an option by ID.	1
https://zapier.com/Search/Progresssearch	zapier.com.ai	Search	Progresssearch	progresssearch	progressSearch	Get Progress Data	1
https://zapier.com/Search/Trainingsearch	zapier.com.ai	Search	Trainingsearch	trainingsearch	trainingSearch	Select e-learning.	1
https://zapier.com/Search/Caseinvitationbycaseandrolesearch	zapier.com.ai	Search	Caseinvitationbycaseandrolesearch	caseinvitationbycaseandrolesearch	caseInvitationByCaseAndRoleSearch	Finds a case invitation by case ID and law firm role.	1
https://zapier.com/Search/LawFirmsearch	zapier.com.ai	Search	LawFirmsearch	law_firmsearch	law_firmSearch	Finds a Law Firm by name.	1
https://zapier.com/Search/Relaynodesearch	zapier.com.ai	Search	Relaynodesearch	relaynodesearch	relayNodeSearch	Retrieves the relay nodes for a user's law firm. This action returns a list of line items.	1
https://zapier.com/Search/GetOrderDetails	zapier.com.ai	Search	GetOrderDetails	get_order_details	get_order_details	Gets details about an order given the order number	1
https://zapier.com/Search/GetQuoteDetails	zapier.com.ai	Search	GetQuoteDetails	get_quote_details	get_quote_details	Get details about a quote	1
https://zapier.com/Search/GetHtmlEmail	zapier.com.ai	Search	GetHtmlEmail	get_html_email	get_html_email	Get the the HTML content for an email campaign	1
https://zapier.com/Search/ListEmployees	zapier.com.ai	Search	ListEmployees	list_employees	list_employees	List all company employees 	1
https://zapier.com/Search/ListEmploymentContracts	zapier.com.ai	Search	ListEmploymentContracts	list_employment_contracts	list_employment_contracts	Lists the contracts associated with a specific employment.	1
https://zapier.com/Search/FindDefaultField	zapier.com.ai	Search	FindDefaultField	find_default_field	find_default_field	Finds a Default Field in the enterprise	1
https://zapier.com/Search/ActivityGetFull	zapier.com.ai	Search	ActivityGetFull	activity_get_full	activity_get_full	Find an Activity by ID and get its details. Use it in conjunction with New Activity trigger.	1
https://zapier.com/Search/ContactGetFull	zapier.com.ai	Search	ContactGetFull	contact_get_full	contact_get_full	Find a Contact by ID and get its details. Use it in conjunction with New Contact trigger.	1
https://zapier.com/Search/PropertyDescriptionGet	zapier.com.ai	Search	PropertyDescriptionGet	property_description_get	property_description_get	Find a Property Description by Its Property Id and Language.	1
https://zapier.com/Search/PropertyFilesGet	zapier.com.ai	Search	PropertyFilesGet	property_files_get	property_files_get	Find Property Files by Property Id and File Id.	1
https://zapier.com/Search/PropertyGetFullById	zapier.com.ai	Search	PropertyGetFullById	property_get_full_by_id	property_get_full_by_id	Find a Property by ID and get its details. Use it in conjunction with New Property or Property Update triggers.	1
https://zapier.com/Search/PropertyGetFullByReference	zapier.com.ai	Search	PropertyGetFullByReference	property_get_full_by_reference	property_get_full_by_reference	Find a Property by Reference and get its details.	1
https://zapier.com/Search/PropertyHtmlsGet	zapier.com.ai	Search	PropertyHtmlsGet	property_htmls_get	property_htmls_get	Find Property HTMLs by Property Id and HTML Id.	1
https://zapier.com/Search/PropertyImagesGet	zapier.com.ai	Search	PropertyImagesGet	property_images_get	property_images_get	Find Property Images by Property Id and Image Id.	1
https://zapier.com/Search/PropertyLinksGet	zapier.com.ai	Search	PropertyLinksGet	property_links_get	property_links_get	Find Property Link by Property Id and Link Id.	1
https://zapier.com/Search/SaleGetByCode	zapier.com.ai	Search	SaleGetByCode	sale_get_by_code	sale_get_by_code	Find a Sale by Code and get its details.	1
https://zapier.com/Search/SaleGetById	zapier.com.ai	Search	SaleGetById	sale_get_by_id	sale_get_by_id	Find a Sale by ID and get its details.	1
https://zapier.com/Search/SearchCustomFeatures	zapier.com.ai	Search	SearchCustomFeatures	search_custom_features	search_custom_features	Find all Custom Features from Your Agency.	1
https://zapier.com/Search/SearchPropertyFeatures	zapier.com.ai	Search	SearchPropertyFeatures	search_property_features	search_property_features	Find all Available Property Features from Your Agency.	1
https://zapier.com/Search/SearchPropertyTags	zapier.com.ai	Search	SearchPropertyTags	search_property_tags	search_property_tags	Find all Property Tags.	1
https://zapier.com/Search/SearchPropertyTypes	zapier.com.ai	Search	SearchPropertyTypes	search_property_types	search_property_types	Find all Property Types.	1
https://zapier.com/Search/SelectLocation	zapier.com.ai	Search	SelectLocation	select_location	select_location	Select Location.	1
https://zapier.com/Search/UserGetUsername	zapier.com.ai	Search	UserGetUsername	user_get_username	user_get_username	Find an User by username and get its details.	1
https://zapier.com/Search/Searchmembershiplevelbyid	zapier.com.ai	Search	Searchmembershiplevelbyid	searchmembershiplevelbyid	searchMembershipLevelById	Search a membership level with a specific id	1
https://zapier.com/Search/SearchPersonSingleField	zapier.com.ai	Search	SearchPersonSingleField	search_person_single_field	search_person_single_field	Search a person by field. If there is many entity with the same value, an error will be returned.	1
https://zapier.com/Search/SearchSingleEmail	zapier.com.ai	Search	SearchSingleEmail	search_single_email	search_single_email	Search a person by email. If there is many person with the same email, an error will be returned.	1
https://zapier.com/Search/OrganizationSearch	zapier.com.ai	Search	OrganizationSearch	organization_search	organization_search	Search for a specific organization	1
https://zapier.com/Search/ProspectSearch	zapier.com.ai	Search	ProspectSearch	prospect_search	prospect_search	Search for a specific prospect	1
https://zapier.com/Search/Participantsearch	zapier.com.ai	Search	Participantsearch	participantsearch	participantSearch	Search for a Participant by name or fields attached to it	1
https://zapier.com/Search/Researchsessionsearch	zapier.com.ai	Search	Researchsessionsearch	researchsessionsearch	researchSessionSearch	Search for a Session by title or fields attached to it	1
https://zapier.com/Search/Attendeesstatus	zapier.com.ai	Search	Attendeesstatus	attendeesstatus	attendeesStatus	Finds all attendees statuses based on event.	1
https://zapier.com/Search/FindRole	zapier.com.ai	Search	FindRole	find_role	find_role	Finds an existing role.	1
https://zapier.com/Search/Clientssearch	zapier.com.ai	Search	Clientssearch	clientssearch	clientsSearch	Find an existing client in your account.	1
https://zapier.com/Search/Companiessearch	zapier.com.ai	Search	Companiessearch	companiessearch	companiesSearch	Find an existing company in your account.	1
https://zapier.com/Search/FindCredential	zapier.com.ai	Search	FindCredential	find_credential	find_credential	Finds a credential by holder, type, or credential number (with optional facility code).	1
https://zapier.com/Search/FindDevice	zapier.com.ai	Search	FindDevice	find_device	find_device	Finds a device by name.	1
https://zapier.com/Search/FindHolder	zapier.com.ai	Search	FindHolder	find_holder	find_holder	Finds a holder by ID or email.	1
https://zapier.com/Search/AgentStatus	zapier.com.ai	Search	AgentStatus	agent_status	agent_status	Finds and returns the current status of a specific Cursor agent.	1
https://zapier.com/Search/PrcurarFunis	zapier.com.ai	Search	PrcurarFunis	prcurar_funis	prcurar_funis	Find a funnel based on name or ID	1
https://zapier.com/Search/ProcurarCamposCustomizadosAssociadosAUmProjeto	zapier.com.ai	Search	ProcurarCamposCustomizadosAssociadosAUmProjeto	procurar_campos_customizados_associados_a_um_projeto	procurar_campos_customizados_associados_a_um_projeto	Find the custom fields associated with a project based on the project ID	1
https://zapier.com/Search/ProcurarCamposCustomizadosDasConta	zapier.com.ai	Search	ProcurarCamposCustomizadosDasConta	procurar_campos_customizados_das_conta	procurar_campos_customizados_das_conta	Find a custom field based on the field key	1
https://zapier.com/Search/ProcurarCliente	zapier.com.ai	Search	ProcurarCliente	procurar_cliente	procurar_cliente	Find a customer based on the customer's ID, e-mail, document, name, phone and/or creation date	1
https://zapier.com/Search/ProcurarFunisAssociadoAUmProjeto	zapier.com.ai	Search	ProcurarFunisAssociadoAUmProjeto	procurar_funis_associado_a_um_projeto	procurar_funis_associado_a_um_projeto	Find the funnels associated with a project based on the project ID	1
https://zapier.com/Search/ProcurarProjeto	zapier.com.ai	Search	ProcurarProjeto	procurar_projeto	procurar_projeto	Find a project based on ID, name, project creation date and/or customer ID	1
https://zapier.com/Search/ProcurarProposta	zapier.com.ai	Search	ProcurarProposta	procurar_proposta	procurar_proposta	Find the main proposal of a project based on the project ID.	1
https://zapier.com/Search/ProcurarUsuarios	zapier.com.ai	Search	ProcurarUsuarios	procurar_usuarios	procurar_usuarios	Find a user based on ID, name and/or e-mail address	1
https://zapier.com/Search/SearchForLead	zapier.com.ai	Search	SearchForLead	search_for_lead	search_for_lead	Lookup a Lead in myphoner based on free text search.	1
https://zapier.com/Search/GetFormResponse	zapier.com.ai	Search	GetFormResponse	get_form_response	get_form_response	Get the form question and answers by form response ID.	1
https://zapier.com/Search/ListTemplates	zapier.com.ai	Search	ListTemplates	list_templates	list_templates	List all templates of your account	1
https://zapier.com/Search/Channelsearch	zapier.com.ai	Search	Channelsearch	channelsearch	channelSearch	Finds a channel	1
https://zapier.com/Search/ContactDetailssearch	zapier.com.ai	Search	ContactDetailssearch	contact_detailssearch	contact_detailsSearch	Finds a contact details	1
https://zapier.com/Search/CustomFieldsearch	zapier.com.ai	Search	CustomFieldsearch	custom_fieldsearch	custom_fieldSearch	Finds a custom field	1
https://zapier.com/Search/MarketingChannelsearch	zapier.com.ai	Search	MarketingChannelsearch	marketing_channelsearch	marketing_channelSearch	Finds a marketing channel	1
https://zapier.com/Search/ReviewChannelsearch	zapier.com.ai	Search	ReviewChannelsearch	review_channelsearch	review_channelSearch	Finds a review channel	1
https://zapier.com/Search/Segmentsearch	zapier.com.ai	Search	Segmentsearch	segmentsearch	segmentSearch	Finds a segment	1
https://zapier.com/Search/Match	zapier.com.ai	Search	Match	match	match	Matches a company based on name, address and state.	1
https://zapier.com/Search/FileRequests	zapier.com.ai	Search	FileRequests	file_requests	file_requests	Finds all file requests matching this search query (contact name, email, tags, etc).	1
https://zapier.com/Search/BulkKeywordDifficulty	zapier.com.ai	Search	BulkKeywordDifficulty	bulk_keyword_difficulty	bulk_keyword_difficulty	Get Keyword Difficulty for the specified keywords.	1
https://zapier.com/Search/BusinessListingCategoriesAggregation	zapier.com.ai	Search	BusinessListingCategoriesAggregation	business_listing_categories_aggregation	business_listing_categories_aggregation	Get data about groups of related business categories along with the number of entities in each category.	1
https://zapier.com/Search/BusinessListingSearch	zapier.com.ai	Search	BusinessListingSearch	business_listing_search	business_listing_search	Get information about businesses listed on Google Maps in the specified categories.	1
https://zapier.com/Search/DomainRankOverview	zapier.com.ai	Search	DomainRankOverview	domain_rank_overview	domain_rank_overview	Get ranking and traffic data from organic search for a domain.	1
https://zapier.com/Search/GetAiKeywordSearchVolume	zapier.com.ai	Search	GetAiKeywordSearchVolume	get_ai_keyword_search_volume	get_ai_keyword_search_volume	Get search volume data for target keywords based on their estimated usage in AI tools.	1
https://zapier.com/Search/GetBacklinks	zapier.com.ai	Search	GetBacklinks	get_backlinks	get_backlinks	Get a list of backlinks and relevant data for a domain, subdomain, or page.	1
https://zapier.com/Search/GetBacklinksPagesSummary	zapier.com.ai	Search	GetBacklinksPagesSummary	get_backlinks_pages_summary	get_backlinks_pages_summary	Get an overview of backlinks and related data for a bulk of up to 1000 pages, domains, or subdomains, or for a single page. 	1
https://zapier.com/Search/GetGoogleSerpOrganic	zapier.com.ai	Search	GetGoogleSerpOrganic	get_google_serp_organic	get_google_serp_organic	Get Google Search results for the specified keyword.	1
https://zapier.com/Search/GoogleSearchVolume	zapier.com.ai	Search	GoogleSearchVolume	google_search_volume	google_search_volume	Get search volume, CPC, and competition for keywords.	1
https://zapier.com/Search/HistoricalTrafficStats	zapier.com.ai	Search	HistoricalTrafficStats	historical_traffic_stats	historical_traffic_stats	Get an esitmation of organic traffic a website or webpage has been getting from Google in the past 12 months or since 2020. 	1
https://zapier.com/Search/KeywordSuggestion	zapier.com.ai	Search	KeywordSuggestion	keyword_suggestion	keyword_suggestion	Get search terms relevant to the product or service categories of the specified keywords.	1
https://zapier.com/Search/OrganicTrafficStats	zapier.com.ai	Search	OrganicTrafficStats	organic_traffic_stats	organic_traffic_stats	Get an esitmation of monthly organic traffic a website or webpage is getting from Google. 	1
https://zapier.com/Search/PageAuditCheck	zapier.com.ai	Search	PageAuditCheck	page_audit_check	page_audit_check	Run an essential SEO Audit and find out how well-optimized your target page is.	1
https://zapier.com/Search/RankedKeywords	zapier.com.ai	Search	RankedKeywords	ranked_keywords	ranked_keywords	Get a list of keywords that any domain or webpage is ranking for.	1
https://zapier.com/Search/FormsGetItem	zapier.com.ai	Search	FormsGetItem	forms_get_item	forms_get_item	Get a specific Case from a Form	1
https://zapier.com/Search/GetIndividualCrmUser	zapier.com.ai	Search	GetIndividualCrmUser	get_individual_crm_user	Get_Individual_CRM_User	Find a User from the CRM	1
https://zapier.com/Search/FindAssetType	zapier.com.ai	Search	FindAssetType	find_asset_type	find_asset_type	Finds an existing asset types	1
https://zapier.com/Search/FindBrand	zapier.com.ai	Search	FindBrand	find_brand	find_brand	Finds an existing Brand	1
https://zapier.com/Search/FindCustomerGroup	zapier.com.ai	Search	FindCustomerGroup	find_customer_group	find_customer_group	Finds Customer groups.	1
https://zapier.com/Search/FindCustomerPurchase	zapier.com.ai	Search	FindCustomerPurchase	find_customer_purchase	find_customer_purchase	Finds existing customer purchases	1
https://zapier.com/Search/FindCustomFieldsCategories	zapier.com.ai	Search	FindCustomFieldsCategories	find_custom_fields_categories	find_custom_fields_categories	Finds existing Custom Fields Categories	1
https://zapier.com/Search/FindDailyPurchasesReport	zapier.com.ai	Search	FindDailyPurchasesReport	find_daily_purchases_report	find_daily_purchases_report	Finds daily purchases report	1
https://zapier.com/Search/FindDailySalesReport	zapier.com.ai	Search	FindDailySalesReport	find_daily_sales_report	find_daily_sales_report	Finds daily sales report	1
https://zapier.com/Search/FindExpenses	zapier.com.ai	Search	FindExpenses	find_expenses	find_expenses	Finds existing Expenses.	1
https://zapier.com/Search/FindExpenseCategories	zapier.com.ai	Search	FindExpenseCategories	find_expense_categories	find_expense_categories	Finds an existing expense categories	1
https://zapier.com/Search/FindGroupedTickets	zapier.com.ai	Search	FindGroupedTickets	find_grouped_tickets	find_grouped_tickets	Finds Grouped Tickets Data	1
https://zapier.com/Search/FindMilestone	zapier.com.ai	Search	FindMilestone	find_milestone	find_milestone	Finds an existing milestones.	1
https://zapier.com/Search/FindModel	zapier.com.ai	Search	FindModel	find_model	find_model	Finds existing Models	1
https://zapier.com/Search/FindModelGroup	zapier.com.ai	Search	FindModelGroup	find_model_group	find_model_group	Finds existing Model Groups	1
https://zapier.com/Search/FindMonthlyPurchasesReport	zapier.com.ai	Search	FindMonthlyPurchasesReport	find_monthly_purchases_report	find_monthly_purchases_report	Find Monthly Purchases Report	1
https://zapier.com/Search/FindMonthlySalesReport	zapier.com.ai	Search	FindMonthlySalesReport	find_monthly_sales_report	find_monthly_sales_report	Find Monthly Sales Report	1
https://zapier.com/Search/FindNotification	zapier.com.ai	Search	FindNotification	find_notification	find_notification	Finds existing system notifications.	1
https://zapier.com/Search/FindPosHold	zapier.com.ai	Search	FindPosHold	find_pos_hold	find_pos_hold	Find POS Hold Orders	1
https://zapier.com/Search/FindPosOrders	zapier.com.ai	Search	FindPosOrders	find_pos_orders	find_pos_orders	Find POS orders	1
https://zapier.com/Search/FindProjectCategory	zapier.com.ai	Search	FindProjectCategory	find_project_category	find_project_category	Finds existing Project Categories	1
https://zapier.com/Search/FindProjectMessages	zapier.com.ai	Search	FindProjectMessages	find_project_messages	find_project_messages	Finds existing Project Messages	1
https://zapier.com/Search/FindProjectStatus	zapier.com.ai	Search	FindProjectStatus	find_project_status	find_project_status	Finds an existing Project Status	1
https://zapier.com/Search/FindProjectTags	zapier.com.ai	Search	FindProjectTags	find_project_tags	find_project_tags	Finds an existing project tags	1
https://zapier.com/Search/FindProjectTasks	zapier.com.ai	Search	FindProjectTasks	find_project_tasks	find_project_tasks	Finds an existing Project's Tasks	1
https://zapier.com/Search/FindReminder	zapier.com.ai	Search	FindReminder	find_reminder	find_reminder	Finds existing Reminder.	1
https://zapier.com/Search/FindStock	zapier.com.ai	Search	FindStock	find_stock	find_stock	Finds an existing Stock	1
https://zapier.com/Search/FindStockAdjustment	zapier.com.ai	Search	FindStockAdjustment	find_stock_adjustment	find_stock_adjustment	Finds an existing Stock Adjustment	1
https://zapier.com/Search/FindStockSerials	zapier.com.ai	Search	FindStockSerials	find_stock_serials	find_stock_serials	Finds an existing Stock Serials	1
https://zapier.com/Search/FindTicketInvoices	zapier.com.ai	Search	FindTicketInvoices	find_ticket_invoices	find_ticket_invoices	Find existing ticket invoices	1
https://zapier.com/Search/FindTicketPresets	zapier.com.ai	Search	FindTicketPresets	find_ticket_presets	find_ticket_presets	Finds existing ticket presets.	1
https://zapier.com/Search/FindTicketTimer	zapier.com.ai	Search	FindTicketTimer	find_ticket_timer	find_ticket_timer	Finds existing Ticket Timers	1
https://zapier.com/Search/FindTimeClock	zapier.com.ai	Search	FindTimeClock	find_time_clock	find_time_clock	Finds a Time Clock	1
https://zapier.com/Search/GetAccount	zapier.com.ai	Search	GetAccount	get_account	Get_Account	Get  an account with its autoID 	1
https://zapier.com/Search/GetProperty	zapier.com.ai	Search	GetProperty	get_property	Get_Property	Get the property by its autoID, generated in Zabun. Useful for when you get changed properties from the regular polling trigger, and want to get more all the property data	1
https://zapier.com/Search/ContactGroupListsearch	zapier.com.ai	Search	ContactGroupListsearch	contact_group_listsearch	contact_group_listsearch	Find Contact Group by External Reference Id	1
https://zapier.com/Search/ContactGroupSearch	zapier.com.ai	Search	ContactGroupSearch	contact_group_search	contact_group_search	Find contact group by name	1
https://zapier.com/Search/ContactListsearch	zapier.com.ai	Search	ContactListsearch	contact_listsearch	contact_listsearch	Find Contact by External Reference Id	1
https://zapier.com/Search/TicketListsearch	zapier.com.ai	Search	TicketListsearch	ticket_listsearch	ticket_listsearch	Find Ticket by External Reference Id	1
https://zapier.com/Search/NetgsmSmsRaporu	zapier.com.ai	Search	NetgsmSmsRaporu	netgsm_sms_raporu	netgsm_sms_raporu	Query the transportation status of the SMS you have sent using Netgsm services.	1
https://zapier.com/Search/SearchBusiness	zapier.com.ai	Search	SearchBusiness	search_business	search_business	Search for matching businesses from your Contacts App.	1
https://zapier.com/Search/SearchPerson	zapier.com.ai	Search	SearchPerson	search_person	search_person	Search for matching people from your Contacts App.	1
https://zapier.com/Search/Customercontactsearch	zapier.com.ai	Search	Customercontactsearch	customercontactsearch	customerContactSearch	Search Contacts of a given Customer by identifying information	1
https://zapier.com/Search/Invoicesearchbynumber	zapier.com.ai	Search	Invoicesearchbynumber	invoicesearchbynumber	invoiceSearchByNumber	Search Invoices by identifying Invoice number or reference number information	1
https://zapier.com/Search/Getlocation	zapier.com.ai	Search	Getlocation	getlocation	getLocation	Searches for a location.	1
https://zapier.com/Search/Appsearch	zapier.com.ai	Search	Appsearch	appsearch	appSearch	Finds an existing app by name.	1
https://zapier.com/Search/GetMeetingAssets	zapier.com.ai	Search	GetMeetingAssets	get_meeting_assets	get_meeting_assets	Get meeting data including transcript and summary.	1
https://zapier.com/Search/GetVideoMetadata	zapier.com.ai	Search	GetVideoMetadata	get_video_metadata	get_video_metadata	Get metadata for a video.	1
https://zapier.com/Search/VideoQna	zapier.com.ai	Search	VideoQna	video_qna	video_qna	Get the Q&A for a video.	1
https://zapier.com/Search/FindRecordWithFilters	zapier.com.ai	Search	FindRecordWithFilters	find_record_with_filters	find_record_with_filters	Finds records with advanced filters including tags, assignees, done status, date ranges, and custom field filters.	1
https://zapier.com/Search/GetRecord	zapier.com.ai	Search	GetRecord	get_record	get_record	Retrieves a record using Record ID.	1
https://zapier.com/Search/ReadRecordActivity	zapier.com.ai	Search	ReadRecordActivity	read_record_activity	read_record_activity	Retrieves activity (comments and actions) for a specific record.	1
https://zapier.com/Search/GetAnalysis	zapier.com.ai	Search	GetAnalysis	get_analysis	get_analysis	Gets a Rent Analysis for a given Address or Point	1
https://zapier.com/Search/FindCreateContact	zapier.com.ai	Search	FindCreateContact	find_create_contact	find_create_contact	Find existing contact or Create a new one.	1
https://zapier.com/Search/RetrieveRecord	zapier.com.ai	Search	RetrieveRecord	retrieve_record	retrieve_record	Find a Specific Record in Cartegraph	1
https://zapier.com/Search/KeywordSearch	zapier.com.ai	Search	KeywordSearch	keyword_search	keyword_search	Search for asset by keyword	1
https://zapier.com/Search/SearchQbe	zapier.com.ai	Search	SearchQbe	search_qbe	search_qbe	Search for any data in HireTrack NX using a customer written QBE.	1
https://zapier.com/Search/GetIssue	zapier.com.ai	Search	GetIssue	get_issue	get_issue	Gets an issue by issue id	1
https://zapier.com/Search/FindLessons	zapier.com.ai	Search	FindLessons	find_lessons	find_lessons	Finds lessons in the system.	1
https://zapier.com/Search/FindStaffs	zapier.com.ai	Search	FindStaffs	find_staffs	find_staffs	Finds staffs in the system.	1
https://zapier.com/Search/FindStudents	zapier.com.ai	Search	FindStudents	find_students	find_students	Finds students in the system.	1
https://zapier.com/Search/GetForm	zapier.com.ai	Search	GetForm	get_form	get_form	Get details for a Form	1
https://zapier.com/Search/ActionForCheckAddressInServiceArea	zapier.com.ai	Search	ActionForCheckAddressInServiceArea	action_for_check_address_in_service_area	action_for_check_address_in_service_area	Check Address in Deep Lawn Service Area	1
https://zapier.com/Search/ActionForLead	zapier.com.ai	Search	ActionForLead	action_for_lead	action_for_lead	Finds a Lead in the Deep Lawn.	1
https://zapier.com/Search/ActionForOrder	zapier.com.ai	Search	ActionForOrder	action_for_order	action_for_order	Finds an Order in the Deep Lawn.	1
https://zapier.com/Search/ActionForQuote	zapier.com.ai	Search	ActionForQuote	action_for_quote	action_for_quote	Finds a Quote in the Deep Lawn.	1
https://zapier.com/Search/GetCreateCustomer	zapier.com.ai	Search	GetCreateCustomer	get_create_customer	get_create_customer	Get or Create a Customer	1
https://zapier.com/Search/GetCreateEquipment	zapier.com.ai	Search	GetCreateEquipment	get_create_equipment	get_create_equipment	Get or Create an Equipment	1
https://zapier.com/Search/GetCreateJob	zapier.com.ai	Search	GetCreateJob	get_create_job	get_create_job	Get or Create a Job 	1
https://zapier.com/Search/GetCreateSite	zapier.com.ai	Search	GetCreateSite	get_create_site	get_create_site	Get or Create a Site	1
https://zapier.com/Search/FindVoucher	zapier.com.ai	Search	FindVoucher	find_voucher	find_voucher	Finds a voucher by code	1
https://zapier.com/Search/FindDealSearch	zapier.com.ai	Search	FindDealSearch	find_deal_search	find_deal_search	Finds a Deal in Channeltivity	1
https://zapier.com/Search/GetASpecificSubscriber	zapier.com.ai	Search	GetASpecificSubscriber	get_a_specific_subscriber	get_a_specific_subscriber	Fetch subscriber's information using their phone number	1
https://zapier.com/Search/GetSubscriberList	zapier.com.ai	Search	GetSubscriberList	get_subscriber_list	get_subscriber_list	Fetch the list of all subscribers	1
https://zapier.com/Search/ListLabels	zapier.com.ai	Search	ListLabels	list_labels	list_labels	Retrieve the list of all labels	1
https://zapier.com/Search/DescribeIndex	zapier.com.ai	Search	DescribeIndex	describe_index	describe_index	For power users: Returns detailed configuration and status for a Pinecone index. Not needed for most Zapier workflows.	1
https://zapier.com/Search/DescribeIndexStats	zapier.com.ai	Search	DescribeIndexStats	describe_index_stats	describe_index_stats	For power users: Returns detailed statistics for a Pinecone index. Not needed for most Zapier workflows.	1
https://zapier.com/Search/DescribeNamespace	zapier.com.ai	Search	DescribeNamespace	describe_namespace	describe_namespace	For power users: Returns detailed information about a Pinecone namespace. Not needed for most Zapier workflows.	1
https://zapier.com/Search/ListIndexes	zapier.com.ai	Search	ListIndexes	list_indexes	list_indexes	Lists all Pinecone indexes in your project.	1
https://zapier.com/Search/ListNamespaces	zapier.com.ai	Search	ListNamespaces	list_namespaces	list_namespaces	Lists all namespaces in a Pinecone index.	1
https://zapier.com/Search/ListRecords	zapier.com.ai	Search	ListRecords	list_records	list_records	For power users: Lists all records in a Pinecone index. Not needed for most Zapier workflows.	1
https://zapier.com/Search/SearchRecords	zapier.com.ai	Search	SearchRecords	search_records	search_records	Searches for records in a Pinecone index using a text query.	1
https://zapier.com/Search/Bill	zapier.com.ai	Search	Bill	bill	bill	Finds a bill based on a search criteria.	1
https://zapier.com/Search/Assignmentmulti	zapier.com.ai	Search	Assignmentmulti	assignmentmulti	assignmentMulti	Search for multiple Assignments. Results will be returned as an array under the 'items' key.Reference Zapier "Line Items" for more information.	1
https://zapier.com/Search/Assignmentsearch	zapier.com.ai	Search	Assignmentsearch	assignmentsearch	assignmentSearch	Search for a Assignment.	1
https://zapier.com/Search/Awardearnedmulti	zapier.com.ai	Search	Awardearnedmulti	awardearnedmulti	awardEarnedMulti	Search for multiple Awards Earned. Results will be returned as an array under the 'items' key.Reference Zapier "Line Items" for more information.	1
https://zapier.com/Search/Awardearnedsearch	zapier.com.ai	Search	Awardearnedsearch	awardearnedsearch	awardEarnedSearch	Search for a Award Earned.	1
https://zapier.com/Search/Awardmulti	zapier.com.ai	Search	Awardmulti	awardmulti	awardMulti	Search for multiple Awards. Results will be returned as an array under the 'items' key.Reference Zapier "Line Items" for more information.	1
https://zapier.com/Search/Awardsearch	zapier.com.ai	Search	Awardsearch	awardsearch	awardSearch	Search for a Award.	1
https://zapier.com/Search/Checklistmulti	zapier.com.ai	Search	Checklistmulti	checklistmulti	checklistMulti	Search for multiple Checklists. Results will be returned as an array under the 'items' key.Reference Zapier "Line Items" for more information.	1
https://zapier.com/Search/Checklistprogressmulti	zapier.com.ai	Search	Checklistprogressmulti	checklistprogressmulti	checklistProgressMulti	Search for multiple User Checklist Progress. Results will be returned as an array under the 'items' key.Reference Zapier "Line Items" for more information.	1
https://zapier.com/Search/Checklistprogresssearch	zapier.com.ai	Search	Checklistprogresssearch	checklistprogresssearch	checklistProgressSearch	Search for a User Checklist Progress.	1
https://zapier.com/Search/Checklistsearch	zapier.com.ai	Search	Checklistsearch	checklistsearch	checklistSearch	Search for a Checklist.	1
https://zapier.com/Search/Coursecategorymulti	zapier.com.ai	Search	Coursecategorymulti	coursecategorymulti	courseCategoryMulti	Search for multiple Course Categories. Results will be returned as an array under the 'items' key.Reference Zapier "Line Items" for more information.	1
https://zapier.com/Search/Coursecategorysearch	zapier.com.ai	Search	Coursecategorysearch	coursecategorysearch	courseCategorySearch	Search for a Course Category.	1
https://zapier.com/Search/Coursemulti	zapier.com.ai	Search	Coursemulti	coursemulti	courseMulti	Search for multiple Courses. Results will be returned as an array under the 'items' key.Reference Zapier "Line Items" for more information.	1
https://zapier.com/Search/Courseprogressmulti	zapier.com.ai	Search	Courseprogressmulti	courseprogressmulti	courseProgressMulti	Search for multiple Course Progresses. Results will be returned as an array under the 'items' key.Reference Zapier "Line Items" for more information.	1
https://zapier.com/Search/Courseprogresssearch	zapier.com.ai	Search	Courseprogresssearch	courseprogresssearch	courseProgressSearch	Search for a Course Progress.	1
https://zapier.com/Search/Customfieldmulti	zapier.com.ai	Search	Customfieldmulti	customfieldmulti	customFieldMulti	Search for multiple Profile Fields. Results will be returned as an array under the 'items' key.Reference Zapier "Line Items" for more information.	1
https://zapier.com/Search/Customfieldsearch	zapier.com.ai	Search	Customfieldsearch	customfieldsearch	customFieldSearch	Search for a Profile Field.	1
https://zapier.com/Search/Eventmulti	zapier.com.ai	Search	Eventmulti	eventmulti	eventMulti	Search for multiple Events. Results will be returned as an array under the 'items' key.Reference Zapier "Line Items" for more information.	1
https://zapier.com/Search/Eventregistrationmulti	zapier.com.ai	Search	Eventregistrationmulti	eventregistrationmulti	eventRegistrationMulti	Search for multiple Event Registrations. Results will be returned as an array under the 'items' key.Reference Zapier "Line Items" for more information.	1
https://zapier.com/Search/Eventregistrationsearch	zapier.com.ai	Search	Eventregistrationsearch	eventregistrationsearch	eventRegistrationSearch	Search for a Event Registration.	1
https://zapier.com/Search/Groupmulti	zapier.com.ai	Search	Groupmulti	groupmulti	groupMulti	Search for multiple User Groups. Results will be returned as an array under the 'items' key.Reference Zapier "Line Items" for more information.	1
https://zapier.com/Search/Lessonmulti	zapier.com.ai	Search	Lessonmulti	lessonmulti	lessonMulti	Search for multiple Lessons. Results will be returned as an array under the 'items' key.Reference Zapier "Line Items" for more information.	1
https://zapier.com/Search/Lessonsearch	zapier.com.ai	Search	Lessonsearch	lessonsearch	lessonSearch	Search for a Lesson.	1
https://zapier.com/Search/Mediacategorymulti	zapier.com.ai	Search	Mediacategorymulti	mediacategorymulti	mediaCategoryMulti	Search for multiple Media Categories. Results will be returned as an array under the 'items' key.Reference Zapier "Line Items" for more information.	1
https://zapier.com/Search/Mediacategorysearch	zapier.com.ai	Search	Mediacategorysearch	mediacategorysearch	mediaCategorySearch	Search for a Media Category.	1
https://zapier.com/Search/Mediaitemmulti	zapier.com.ai	Search	Mediaitemmulti	mediaitemmulti	mediaItemMulti	Search for multiple Media Items. Results will be returned as an array under the 'items' key.Reference Zapier "Line Items" for more information.	1
https://zapier.com/Search/Mediaitemsearch	zapier.com.ai	Search	Mediaitemsearch	mediaitemsearch	mediaItemSearch	Search for a Media Item.	1
https://zapier.com/Search/Meetingmulti	zapier.com.ai	Search	Meetingmulti	meetingmulti	meetingMulti	Search for multiple Meetings. Results will be returned as an array under the 'items' key.Reference Zapier "Line Items" for more information.	1
https://zapier.com/Search/Objectmulti	zapier.com.ai	Search	Objectmulti	objectmulti	objectMulti	Search for multiple Objects. Results will be returned as an array under the 'items' key.Reference Zapier "Line Items" for more information.	1
https://zapier.com/Search/Objectsearch	zapier.com.ai	Search	Objectsearch	objectsearch	objectSearch	Search for a Object.	1
https://zapier.com/Search/Objecttypemulti	zapier.com.ai	Search	Objecttypemulti	objecttypemulti	objectTypeMulti	Search for multiple Object Types. Results will be returned as an array under the 'items' key.Reference Zapier "Line Items" for more information.	1
https://zapier.com/Search/Objecttypesearch	zapier.com.ai	Search	Objecttypesearch	objecttypesearch	objectTypeSearch	Search for a Object Type.	1
https://zapier.com/Search/Quizmulti	zapier.com.ai	Search	Quizmulti	quizmulti	quizMulti	Search for multiple Quizzes. Results will be returned as an array under the 'items' key.Reference Zapier "Line Items" for more information.	1
https://zapier.com/Search/Quizresultmulti	zapier.com.ai	Search	Quizresultmulti	quizresultmulti	quizResultMulti	Search for multiple Quiz Results. Results will be returned as an array under the 'items' key.Reference Zapier "Line Items" for more information.	1
https://zapier.com/Search/Quizresultsearch	zapier.com.ai	Search	Quizresultsearch	quizresultsearch	quizResultSearch	Search for a Quiz Result.	1
https://zapier.com/Search/Quizsearch	zapier.com.ai	Search	Quizsearch	quizsearch	quizSearch	Search for a Quiz.	1
https://zapier.com/Search/Subscriptionmulti	zapier.com.ai	Search	Subscriptionmulti	subscriptionmulti	subscriptionMulti	Search for multiple Subscriptions. Results will be returned as an array under the 'items' key.Reference Zapier "Line Items" for more information.	1
https://zapier.com/Search/Surveyresponsemulti	zapier.com.ai	Search	Surveyresponsemulti	surveyresponsemulti	surveyResponseMulti	Search for multiple Survey Responses. Results will be returned as an array under the 'items' key.Reference Zapier "Line Items" for more information.	1
https://zapier.com/Search/Teammulti	zapier.com.ai	Search	Teammulti	teammulti	teamMulti	Search for multiple Teams. Results will be returned as an array under the 'items' key.Reference Zapier "Line Items" for more information.	1
https://zapier.com/Search/Usercourseprogressmulti	zapier.com.ai	Search	Usercourseprogressmulti	usercourseprogressmulti	userCourseProgressMulti	Search for multiple Course Progresses (Alt). Results will be returned as an array under the 'items' key.Reference Zapier "Line Items" for more information.	1
https://zapier.com/Search/Usercourseprogresssearch	zapier.com.ai	Search	Usercourseprogresssearch	usercourseprogresssearch	userCourseProgressSearch	Search for a Course Progress (Alt).	1
https://zapier.com/Search/Usermulti	zapier.com.ai	Search	Usermulti	usermulti	userMulti	Search for multiple Users. Results will be returned as an array under the 'items' key.Reference Zapier "Line Items" for more information.	1
https://zapier.com/Search/WorkflowDetails	zapier.com.ai	Search	WorkflowDetails	workflow_details	WORKFLOW_DETAILS	Pass a Workflow API Identifier to access high-level and Email Action related metrics. A date range is required to limit the amount of data that can be returned in each request. Alternatively, supply a Launch ID instead to retrieve stats for any Workflow triggered for a List.	1
https://zapier.com/Search/GetAListOfItems	zapier.com.ai	Search	GetAListOfItems	get_a_list_of_items	get_a_list_of_items	Fetches a list of items. It is possible to add multiple parameters as filters.	1
https://zapier.com/Search/GetItem	zapier.com.ai	Search	GetItem	get_item	get_item	Fetches a single item, given an id.	1
https://zapier.com/Search/GetAllCampaigns	zapier.com.ai	Search	GetAllCampaigns	get_all_campaigns	get_all_campaigns	Retrieves all campaign reports	1
https://zapier.com/Search/GetAllFalconguard	zapier.com.ai	Search	GetAllFalconguard	get_all_falconguard	get_all_falconguard	Retrieve all Falcon Guard reports	1
https://zapier.com/Search/GetAllScans	zapier.com.ai	Search	GetAllScans	get_all_scans	get_all_scans	Retrieves all scan reports.	1
https://zapier.com/Search/GetCampaignreport	zapier.com.ai	Search	GetCampaignreport	get_campaignreport	get_campaignreport	Retrieves the details of a campaign	1
https://zapier.com/Search/GetCompetitorReport	zapier.com.ai	Search	GetCompetitorReport	get_competitor_report	get_competitor_report	Retrieves the list of competitors for a scan	1
https://zapier.com/Search/GetFalconguard	zapier.com.ai	Search	GetFalconguard	get_falconguard	get_falconguard	Retrieves the details of a Falcon Guard Report	1
https://zapier.com/Search/GetKeywordreport	zapier.com.ai	Search	GetKeywordreport	get_keywordreport	get_keywordreport	Retrieve details of a Keyword Report.	1
https://zapier.com/Search/GetKeywordReports	zapier.com.ai	Search	GetKeywordReports	get_keyword_reports	get_keyword_reports	Retrieves all keyword reports.	1
https://zapier.com/Search/GetLocationreport	zapier.com.ai	Search	GetLocationreport	get_locationreport	get_locationreport	Retrieve details of a location report.	1
https://zapier.com/Search/GetLocationReports	zapier.com.ai	Search	GetLocationReports	get_location_reports	get_location_reports	Retrieves all location reports.	1
https://zapier.com/Search/GetTrendreport	zapier.com.ai	Search	GetTrendreport	get_trendreport	get_trendreport	Retrieves details of a Trend Report.	1
https://zapier.com/Search/GetTrendReports	zapier.com.ai	Search	GetTrendReports	get_trend_reports	get_trend_reports	Retrieves all trend reports.	1
https://zapier.com/Search/Findentityobject	zapier.com.ai	Search	Findentityobject	findentityobject	findEntityObject	Search for an asset.	1
https://zapier.com/Search/GetAgents	zapier.com.ai	Search	GetAgents	get_agents	get_agents	Retrieve agents list	1
https://zapier.com/Search/GetCustomerPropertiesList	zapier.com.ai	Search	GetCustomerPropertiesList	get_customer_properties_list	get_customer_properties_list	List all properties of a customer.	1
https://zapier.com/Search/ListDeliveryOptions	zapier.com.ai	Search	ListDeliveryOptions	list_delivery_options	list_delivery_options	List Delivry Options	1
https://zapier.com/Search/ListWebhooks	zapier.com.ai	Search	ListWebhooks	list_webhooks	list_webhooks	Retrieve all webhooks for the account	1
https://zapier.com/Search/SubscriberFind	zapier.com.ai	Search	SubscriberFind	subscriber-find	subscriber-find	Search for an email subscription by email address.	1
https://zapier.com/Search/FindEbookByResourceId	zapier.com.ai	Search	FindEbookByResourceId	find_ebook_by_resource_id	find_ebook_by_resource_id	Using this search, you can find an eBook on your EditionGuard account using its unique resource id.	1
https://zapier.com/Search/GetCollaborators	zapier.com.ai	Search	GetCollaborators	get_collaborators	get_collaborators	Returns a list of Collaborators on a given Project	1
https://zapier.com/Search/GetProjectPage	zapier.com.ai	Search	GetProjectPage	get_project_page	get_project_page	Returns the contents of a Project Page	1
https://zapier.com/Search/GetProjectPages	zapier.com.ai	Search	GetProjectPages	get_project_pages	get_project_pages	Returns pages on the project.	1
https://zapier.com/Search/GetAppeal	zapier.com.ai	Search	GetAppeal	get_appeal	get_appeal	Gets the details of an appeal for a given appeal Id.	1
https://zapier.com/Search/GetDonation	zapier.com.ai	Search	GetDonation	get_donation	get_donation	Gets more information about a single donation, using the donation's Id	1
https://zapier.com/Search/GetPayment	zapier.com.ai	Search	GetPayment	get_payment	get_payment	Gets the payment details for a given payment Id	1
https://zapier.com/Search/GetSpace	zapier.com.ai	Search	GetSpace	get_space	get_space	Gets a Space in Valuecase by its slug	1
https://zapier.com/Search/GetSpaceByThirdPartyId	zapier.com.ai	Search	GetSpaceByThirdPartyId	get_space_by_third_party_id	get_space_by_third_party_id	Returns all Spaces by their External ID (e.g. Pipedrive Lead ID) that was provided during Space creation. NOTE: query results are returned in a `results` array, so you can iterate over them manually.	1
https://zapier.com/Search/GetSpaceForms	zapier.com.ai	Search	GetSpaceForms	get_space_forms	get_space_forms	Returns all Forms (both completed and not) for the provided Space. NOTE: query results are returned in a `results` array, so you can iterate over them manually.	1
https://zapier.com/Search/GetSpaceOutstandingTasks	zapier.com.ai	Search	GetSpaceOutstandingTasks	get_space_outstanding_tasks	get_space_outstanding_tasks	Returns all outstanding (not Complete) Tasks for the provided Space. NOTE: query results are returned in a `results` array, so you can iterate over them manually.	1
https://zapier.com/Search/GetSpaceThirdPartyIds	zapier.com.ai	Search	GetSpaceThirdPartyIds	get_space_third_party_ids	get_space_third_party_ids	Returns all External IDs associated with the provided Space (such as Hubspot Deal ID, etc.). NOTE: query results are returned in a `results` array, so you can iterate over them manually.	1
https://zapier.com/Search/ListSpaceCustomProperties	zapier.com.ai	Search	ListSpaceCustomProperties	list_space_custom_properties	list_space_custom_properties	Returns all Custom Properties associated with the provided Space. NOTE: query results are returned in a `results` array, so you can iterate over them manually.	1
https://zapier.com/Search/Findclientbyid	zapier.com.ai	Search	Findclientbyid	findclientbyid	findClientById	Finds an existing client in your account by ID.	1
https://zapier.com/Search/SeachStats	zapier.com.ai	Search	SeachStats	seach_stats	seach_stats	Retrieves store statistics based on a selected metric in Shopkit.	1
https://zapier.com/Search/SearchBrand	zapier.com.ai	Search	SearchBrand	search_brand	search_brand	Finds product brands by ID or handle in Shopkit.	1
https://zapier.com/Search/SearchCategory	zapier.com.ai	Search	SearchCategory	search_category	search_category	Finds product categories by ID or handle in Shopkit.	1
https://zapier.com/Search/SearchMedia	zapier.com.ai	Search	SearchMedia	search_media	search_media	Finds media files by ID or hash in Shopkit.	1
https://zapier.com/Search/SearchProductId	zapier.com.ai	Search	SearchProductId	search_product_id	search_product_id	Finds a product by its ID in Shopkit.	1
https://zapier.com/Search/SearchProductOption	zapier.com.ai	Search	SearchProductOption	search_product_option	search_product_option	Finds product options by ID in Shopkit.	1
https://zapier.com/Search/SearchProductOptionGroup	zapier.com.ai	Search	SearchProductOptionGroup	search_product_option_group	search_product_option_group	Finds product option groups by ID in Shopkit.	1
https://zapier.com/Search/SearchProductSearch	zapier.com.ai	Search	SearchProductSearch	search_product_search	search_product_search	Finds products based on a search query and filters in Shopkit.	1
https://zapier.com/Search/SearchProductSku	zapier.com.ai	Search	SearchProductSku	search_product_sku	search_product_sku	Finds a product by its SKU in Shopkit.	1
https://zapier.com/Search/SearchShipment	zapier.com.ai	Search	SearchShipment	search_shipment	search_shipment	Finds shipments or filters them by tracking code in Shopkit.	1
https://zapier.com/Search/SearchShipmentCarrier	zapier.com.ai	Search	SearchShipmentCarrier	search_shipment_carrier	search_shipment_carrier	Retrieves a list of available shipment carriers in Shopkit.	1
https://zapier.com/Search/SearchShipping	zapier.com.ai	Search	SearchShipping	search_shipping	search_shipping	Finds available shipping methods by country in Shopkit.	1
https://zapier.com/Search/SearchStore	zapier.com.ai	Search	SearchStore	search_store	search_store	Retrieves store information from Shopkit.	1
https://zapier.com/Search/SearchWebhook	zapier.com.ai	Search	SearchWebhook	search_webhook	search_webhook	Finds webhooks by ID in Shopkit.	1
https://zapier.com/Search/Findpartner	zapier.com.ai	Search	Findpartner	findpartner	FindPartner	Finds & get Partner details for given Id in the system.	1
https://zapier.com/Search/Searchgroup	zapier.com.ai	Search	Searchgroup	searchgroup	searchGroup	Search a static Group in the related List by the Name	1
https://zapier.com/Search/Searchnewsletter	zapier.com.ai	Search	Searchnewsletter	searchnewsletter	searchNewsletter	Search a transactional Newsletter in the related List by the Name	1
https://zapier.com/Search/Searchrecipient	zapier.com.ai	Search	Searchrecipient	searchrecipient	searchRecipient	Search a Recipient in the related List by the E-Mail-Address	1
https://zapier.com/Search/FindUnitRentalStatement	zapier.com.ai	Search	FindUnitRentalStatement	find_unit_rental_statement	find_unit_rental_statement	Finds a unit rental statement in Storeganise.	1
https://zapier.com/Search/FindAssetById	zapier.com.ai	Search	FindAssetById	find_asset_by_id	find_asset_by_id	Finds an Asset by Assignar Identifier.	1
https://zapier.com/Search/FindChargeCode	zapier.com.ai	Search	FindChargeCode	find_charge_code	find_charge_code	Finds a Charge Code	1
https://zapier.com/Search/FindChargeItems	zapier.com.ai	Search	FindChargeItems	find_charge_items	find_charge_items	Finds all the charge items for a timesheet.	1
https://zapier.com/Search/FindCompetency	zapier.com.ai	Search	FindCompetency	find_competency	find_competency	Finds a Competency.	1
https://zapier.com/Search/FindDigitalDocket	zapier.com.ai	Search	FindDigitalDocket	find_digital_docket	find_digital_docket	Finds a Digital Docket.	1
https://zapier.com/Search/FindDigitalDocketTimeEntries	zapier.com.ai	Search	FindDigitalDocketTimeEntries	find_digital_docket_time_entries	find_digital_docket_time_entries	Finds Digital Docket Time Entries. 	1
https://zapier.com/Search/FindDigitalDocketWorkerQuestions	zapier.com.ai	Search	FindDigitalDocketWorkerQuestions	find_digital_docket_worker_questions	find_digital_docket_worker_questions	Finds Digital Docket Worker Questions. 	1
https://zapier.com/Search/FindInduction	zapier.com.ai	Search	FindInduction	find_induction	find_induction	Finds an Induction.	1
https://zapier.com/Search/FindOrderByWo	zapier.com.ai	Search	FindOrderByWo	find_order_by_wo	find_order_by_wo	Finds the order id using WO	1
https://zapier.com/Search/FindOrderChargeItems	zapier.com.ai	Search	FindOrderChargeItems	find_order_charge_items	find_order_charge_items	Finds a Order Charge Item.	1
https://zapier.com/Search/FindOrderTasks	zapier.com.ai	Search	FindOrderTasks	find_order_tasks	find_order_tasks	Finds Tasks for a given Order.	1
https://zapier.com/Search/FindProjectWorkItems	zapier.com.ai	Search	FindProjectWorkItems	find_project_work_items	find_project_work_items	Finds work items for a given project based on id.	1
https://zapier.com/Search/FindRelationalContact	zapier.com.ai	Search	FindRelationalContact	find_relational_contact	find_relational_contact	Finds a Contact that is associated with a Client or Project.	1
https://zapier.com/Search/FindTimesheetWorkItem	zapier.com.ai	Search	FindTimesheetWorkItem	find_timesheet_work_item	find_timesheet_work_item	Finds work items for a given timesheet based on id.	1
https://zapier.com/Search/FindUserCompetency	zapier.com.ai	Search	FindUserCompetency	find_user_competency	find_user_competency	Finds an existing competency for a user.	1
https://zapier.com/Search/FindUserInduction	zapier.com.ai	Search	FindUserInduction	find_user_induction	find_user_induction	Finds an existing induction for a user.	1
https://zapier.com/Search/GetCampaignSubmissions	zapier.com.ai	Search	GetCampaignSubmissions	get_campaign_submissions	get_campaign_submissions	This gets all of your VideoPeel campaign submissions.	1
https://zapier.com/Search/GetFinancialApplications	zapier.com.ai	Search	GetFinancialApplications	get_financial_applications	get_financial_applications	Return the list of IDs of all the financial applications received that meet the filtering criteria.	1
https://zapier.com/Search/GetFinancialApplicationInformation	zapier.com.ai	Search	GetFinancialApplicationInformation	get_financial_application_information	get_financial_application_information	Return the information available about the selected Financial Application.	1
https://zapier.com/Search/FindApplicantProgress	zapier.com.ai	Search	FindApplicantProgress	find_applicant_progress	find_applicant_progress	Find an applicant using a variety of fields	1
https://zapier.com/Search/FindContactWithMultiplePhoneNumbers	zapier.com.ai	Search	FindContactWithMultiplePhoneNumbers	find_contact_with_multiple_phone_numbers	find_contact_with_multiple_phone_numbers	Find a contact by multiple phone numbers and external id	1
https://zapier.com/Search/FindAdmin	zapier.com.ai	Search	FindAdmin	find_admin	find_admin	Finds an Administrator in Edusign API	1
https://zapier.com/Search/FindDocumentTemplate	zapier.com.ai	Search	FindDocumentTemplate	find_document_template	find_document_template	Finds a document template in Edusign API	1
https://zapier.com/Search/FindExternal	zapier.com.ai	Search	FindExternal	find_external	find_external	Finds an external user in Edusign API	1
https://zapier.com/Search/FindProfessor	zapier.com.ai	Search	FindProfessor	find_professor	find_professor	Finds a Professor.	1
https://zapier.com/Search/FindStudent	zapier.com.ai	Search	FindStudent	find_student	find_student	Finds a Student.	1
https://zapier.com/Search/SearchFindprospect	zapier.com.ai	Search	SearchFindprospect	search_findprospect	search_findProspect	Find an existing contact by email address or phone number.	1
https://zapier.com/Search/SearchMessageTemplate	zapier.com.ai	Search	SearchMessageTemplate	search_message_template	search_message_template	Searchs message-templates based on search. Searches: name.	1
https://zapier.com/Search/SearchPromotor	zapier.com.ai	Search	SearchPromotor	search_promotor	search_promotor	Searchs promotors based on search. Searches first_name, last_name, email and phone.	1
https://zapier.com/Search/SearchRecommendation	zapier.com.ai	Search	SearchRecommendation	search_recommendation	search_recommendation	Searchs recommendation based on search. Searches first_name, last_name, email and phone.	1
https://zapier.com/Search/FindCompanygroup	zapier.com.ai	Search	FindCompanygroup	find_companygroup	find_companygroup	Finds a Company Group.	1
https://zapier.com/Search/FindCountry	zapier.com.ai	Search	FindCountry	find_country	find_country	Finds an existing Country.	1
https://zapier.com/Search/FindRepresentative	zapier.com.ai	Search	FindRepresentative	find_representative	find_representative	Finds a Representative.	1
https://zapier.com/Search/Community	zapier.com.ai	Search	Community	community	community	Finds a community by title.	1
https://zapier.com/Search/FindMutation	zapier.com.ai	Search	FindMutation	find_mutation	find_mutation	Finds one or multiple Mutation(s) in e-Boekhouden.nl	1
https://zapier.com/Search/FindRelation	zapier.com.ai	Search	FindRelation	find_relation	find_relation	Finds one or multiple Relation(s) in e-Boekhouden.nl	1
https://zapier.com/Search/GetLedgerBalance	zapier.com.ai	Search	GetLedgerBalance	get_ledger_balance	get_ledger_balance	Retrieves the balance of a specific ledger in e-Boekhouden.nl.	1
https://zapier.com/Search/GetOutstandingInvoices	zapier.com.ai	Search	GetOutstandingInvoices	get_outstanding_invoices	get_outstanding_invoices	Retrieves outstanding invoices from e-Boekhouden.nl.	1
https://zapier.com/Search/GetAssignments	zapier.com.ai	Search	GetAssignments	get_assignments	get_assignments	Get upcoming assignments from the CMCOnCall schedule for the specified client ID	1
https://zapier.com/Search/GetNotes	zapier.com.ai	Search	GetNotes	get_notes	get_notes	Get the Notes (activity trace) associated with the specified Form ID	1
https://zapier.com/Search/FindArticles	zapier.com.ai	Search	FindArticles	find_articles	find_articles	Finds Helpjuice Knowledge Base Articles.	1
https://zapier.com/Search/SearchCustomPagesJson	zapier.com.ai	Search	SearchCustomPagesJson	search_custom_pages_json	search_custom_pages_json	Search for Custom Pages.	1
https://zapier.com/Search/SearchFiltersJson	zapier.com.ai	Search	SearchFiltersJson	search_filters_json	search_filters_json	Search for Filters.	1
https://zapier.com/Search/SearchFoldersJson	zapier.com.ai	Search	SearchFoldersJson	search_folders_json	search_folders_json	Search for Resource Folders.	1
https://zapier.com/Search/SearchGroupsJson	zapier.com.ai	Search	SearchGroupsJson	search_groups_json	search_groups_json	Search for Permission Groups.	1
https://zapier.com/Search/SearchMarkupCommentsJson	zapier.com.ai	Search	SearchMarkupCommentsJson	search_markup_comments_json	search_markup_comments_json	Search for Markup Comments.	1
https://zapier.com/Search/SearchProfilerFilesJson	zapier.com.ai	Search	SearchProfilerFilesJson	search_profiler_files_json	search_profiler_files_json	Search for Record Upload Files.	1
https://zapier.com/Search/SearchRecordsJson	zapier.com.ai	Search	SearchRecordsJson	search_records_json	search_records_json	Search for Records in a specific Database.	1
https://zapier.com/Search/SearchResourcesJson	zapier.com.ai	Search	SearchResourcesJson	search_resources_json	search_resources_json	Search for Resources	1
https://zapier.com/Search/SearchUsersJson	zapier.com.ai	Search	SearchUsersJson	search_users_json	search_users_json	Search for Users.	1
https://zapier.com/Search/SearchWorkflowRequestsJson	zapier.com.ai	Search	SearchWorkflowRequestsJson	search_workflow_requests_json	search_workflow_requests_json	Search for Workflow Requests.	1
https://zapier.com/Search/SearchUnitGuest	zapier.com.ai	Search	SearchUnitGuest	search_unit_guest	search_unit_guest	Finds a unit guest.	1
https://zapier.com/Search/GroupsFindAUser	zapier.com.ai	Search	GroupsFindAUser	groups_find_a_user	groups_find_a_user	Finds a User in a Group - returns a list of users that match a given email address pattern. You can provide a full email address or a partial email address and matched users will be returned.  	1
https://zapier.com/Search/OrganisationSearch	zapier.com.ai	Search	OrganisationSearch	organisation_search	organisation_search	Finds an Organisation - returns an organisation that match a given search term. The search query will be matched against an organisations name, title or company.	1
https://zapier.com/Search/Ratesearch	zapier.com.ai	Search	Ratesearch	ratesearch	rateSearch	Finds a Rate by searching.	1
https://zapier.com/Search/GetProcessTemplateHeaderIdProcessInstanceHeaderListSearch	zapier.com.ai	Search	GetProcessTemplateHeaderIdProcessInstanceHeaderListSearch	get_process_template_header_id_process_instance_header_list_search	get_process_template_header_id_process_instance_header_list_search	Search for a process instance by field value.	1
https://zapier.com/Search/Findfile	zapier.com.ai	Search	Findfile	findfile	findFile	Search for a file by name	1
https://zapier.com/Search/Findfolder	zapier.com.ai	Search	Findfolder	findfolder	findFolder	Search for a folder by name	1
https://zapier.com/Search/FindUserBillingSubscriptions	zapier.com.ai	Search	FindUserBillingSubscriptions	find_user_billing_subscriptions	find_user_billing_subscriptions	Finds all of the users billing subscriptions	1
https://zapier.com/Search/CreateStructure	zapier.com.ai	Search	CreateStructure	create_structure	create_structure	Create an Area or Area Group for a quote on WeQuote	1
https://zapier.com/Search/FindArea	zapier.com.ai	Search	FindArea	find_area	find_area	Retrieve area from a quote using the quote ID and description.	1
https://zapier.com/Search/FindAreaGroup	zapier.com.ai	Search	FindAreaGroup	find_area_group	find_area_group	Retrieve area group from WeQuote using the ID and description.	1
https://zapier.com/Search/FindPo	zapier.com.ai	Search	FindPo	find_po	find_po	Fetch the purchase order details by passing the po number	1
https://zapier.com/Search/FindSubsystems	zapier.com.ai	Search	FindSubsystems	find_subsystems	find_subsystems	Retrieve subsystems from WeQuote description.	1
https://zapier.com/Search/GetCustomer	zapier.com.ai	Search	GetCustomer	get_customer	get_customer	Retrieve a customer from WeQuote using the customer's ID.	1
https://zapier.com/Search/GetPo	zapier.com.ai	Search	GetPo	get_po	get_po	Fetch the purchase order details by passing the id	1
https://zapier.com/Search/GetQuoteStructure	zapier.com.ai	Search	GetQuoteStructure	get_quote_structure	get_quote_structure	Retrieve area or area group from WeQuote using the ID.	1
https://zapier.com/Search/GetSupplier	zapier.com.ai	Search	GetSupplier	get_supplier	get_supplier	Fetch the supplier details by passing the id	1
https://zapier.com/Search/FindTapper	zapier.com.ai	Search	FindTapper	find_tapper	find_tapper	Find a Tapper with the specified tapper_external_id.	1
https://zapier.com/Search/GetColumn	zapier.com.ai	Search	GetColumn	get_column	get_column	Finds a column with matching name.	1
https://zapier.com/Search/DupeCheck	zapier.com.ai	Search	DupeCheck	dupe_check	dupe_check	This checks to see if a lead exists already, and if so, returns and matching leads.	1
https://zapier.com/Search/Companiesstage	zapier.com.ai	Search	Companiesstage	companiesstage	companiesStage	Get companies that belong to a specific stage in the workspace.	1
https://zapier.com/Search/Companycaptables	zapier.com.ai	Search	Companycaptables	companycaptables	companyCaptables	Get all captables that belong to a company in the workspace.	1
https://zapier.com/Search/Companycomments	zapier.com.ai	Search	Companycomments	companycomments	companyComments	Get all comments that belong to a company in the workspace.	1
https://zapier.com/Search/Companycontacts	zapier.com.ai	Search	Companycontacts	companycontacts	companyContacts	Get all comments that belong to a specific company in the workspace.	1
https://zapier.com/Search/Companyexport	zapier.com.ai	Search	Companyexport	companyexport	companyExport	Get all company data in the workspace.	1
https://zapier.com/Search/Companyfiles	zapier.com.ai	Search	Companyfiles	companyfiles	companyFiles	Get most recent files that belong to a company in the workspace.	1
https://zapier.com/Search/Companyfundinginvestor	zapier.com.ai	Search	Companyfundinginvestor	companyfundinginvestor	companyFundingInvestor	Get last funding investor for a company in the workspace.	1
https://zapier.com/Search/Companyinvestordetails	zapier.com.ai	Search	Companyinvestordetails	companyinvestordetails	companyInvestorDetails	Get investor details for a company in the workspace.	1
https://zapier.com/Search/Companymetrics	zapier.com.ai	Search	Companymetrics	companymetrics	companyMetrics	Get all metrics that belong to a company in the workspace.	1
https://zapier.com/Search/Companynews	zapier.com.ai	Search	Companynews	companynews	companyNews	Get All News That Belong to a Specific Company in the Workspace.	1
https://zapier.com/Search/Companyowners	zapier.com.ai	Search	Companyowners	companyowners	companyOwners	Get all company owners in the workspace.	1
https://zapier.com/Search/Companyscorecards	zapier.com.ai	Search	Companyscorecards	companyscorecards	companyScorecards	Get all scorecards that belong to a company in the workspace.	1
https://zapier.com/Search/Companysearchdf	zapier.com.ai	Search	Companysearchdf	companysearchdf	companySearchDf	Get Dealflow companies that match a search string in the workspace.	1
https://zapier.com/Search/Companysubmissions	zapier.com.ai	Search	Companysubmissions	companysubmissions	companySubmissions	Get most recent submissions that belong to a company in the workspace.	1
https://zapier.com/Search/Companytasks	zapier.com.ai	Search	Companytasks	companytasks	companyTasks	Get all tasks that belongs to a company in the workspace.	1
https://zapier.com/Search/Companytimelines	zapier.com.ai	Search	Companytimelines	companytimelines	companyTimelines	Get all timelines that belong to a company in the workspace.	1
https://zapier.com/Search/Dfpfcompanies	zapier.com.ai	Search	Dfpfcompanies	dfpfcompanies	dfPfCompanies	Get all companies from Dealflow and Portfolio in the workspace.	1
https://zapier.com/Search/Fields	zapier.com.ai	Search	Fields	fields	fields	Get fields that belong to a company in the workspace.	1
https://zapier.com/Search/Notifications	zapier.com.ai	Search	Notifications	notifications	notifications	Get all user notifications that belong to a user in the workspace.	1
https://zapier.com/Search/Pipeline	zapier.com.ai	Search	Pipeline	pipeline	pipeline	Get a pipeline info in the workspace.	1
https://zapier.com/Search/Pipelines	zapier.com.ai	Search	Pipelines	pipelines	pipelines	Get all pipelines in the workspace.	1
https://zapier.com/Search/Recentdocuments	zapier.com.ai	Search	Recentdocuments	recentdocuments	recentDocuments	Get the most recent documents that belong to a company in the workspace.	1
https://zapier.com/Search/Stages	zapier.com.ai	Search	Stages	stages	stages	Get all columns that belong to a user in the workspace.	1
https://zapier.com/Search/GetEquipment	zapier.com.ai	Search	GetEquipment	get_equipment	get_equipment	Show equipment details	1
https://zapier.com/Search/GetExpense	zapier.com.ai	Search	GetExpense	get_expense	get_expense	Show expense details	1
https://zapier.com/Search/GetNote	zapier.com.ai	Search	GetNote	get_note	get_note	Show note details	1
https://zapier.com/Search/GetOpportunity	zapier.com.ai	Search	GetOpportunity	get_opportunity	get_opportunity	Show opportunity details	1
https://zapier.com/Search/GetProjectSubtask	zapier.com.ai	Search	GetProjectSubtask	get_project_subtask	get_project_subtask	Show project subtask details	1
https://zapier.com/Search/GetProjectTask	zapier.com.ai	Search	GetProjectTask	get_project_task	get_project_task	Show project task details	1
https://zapier.com/Search/GetTicket	zapier.com.ai	Search	GetTicket	get_ticket	get_ticket	Show ticket details	1
https://zapier.com/Search/MetadataPoint	zapier.com.ai	Search	MetadataPoint	metadata_point	metadata_point	Finds metadata points for a document.	1
https://zapier.com/Search/CloudGetACloudResource	zapier.com.ai	Search	CloudGetACloudResource	cloud_get_a_cloud_resource	cloud_get_a_cloud_resource	Returns a single Cloud Resource by ID	1
https://zapier.com/Search/CloudListCloudResources	zapier.com.ai	Search	CloudListCloudResources	cloud_list_cloud_resources	cloud_list_cloud_resources	Returns a list of Cloud Resources.	1
https://zapier.com/Search/ControlGetAControl	zapier.com.ai	Search	ControlGetAControl	control_get_a_control	control_get_a_control	Returns a Control by ID	1
https://zapier.com/Search/ControlListControl	zapier.com.ai	Search	ControlListControl	control_list_control	control_list_control	Returns a list of Controls.	1
https://zapier.com/Search/DeviceGetADevice	zapier.com.ai	Search	DeviceGetADevice	device_get_a_device	device_get_a_device	Returns a single Device by ID	1
https://zapier.com/Search/DevideListDevice	zapier.com.ai	Search	DevideListDevice	devide_list_device	devide_list_device	Returns a list of Devices.	1
https://zapier.com/Search/EvidenceGetAnEvidence	zapier.com.ai	Search	EvidenceGetAnEvidence	evidence_get_an_evidence	evidence_get_an_evidence	Evidence - Returns a single Evidence object by ID	1
https://zapier.com/Search/FrameworkGetAFramework	zapier.com.ai	Search	FrameworkGetAFramework	framework_get_a_framework	framework_get_a_framework	Returns a Framework by ID	1
https://zapier.com/Search/FrameworkListFrameworks	zapier.com.ai	Search	FrameworkListFrameworks	framework_list_frameworks	framework_list_frameworks	Returns a list of Frameworks.	1
https://zapier.com/Search/GetATest	zapier.com.ai	Search	GetATest	get_a_test	get_a_test	Returns a Test by ID	1
https://zapier.com/Search/IntegrationGetAnIntegration	zapier.com.ai	Search	IntegrationGetAnIntegration	integration_get_an_integration	integration_get_an_integration	Returns an Integration Connection by ID	1
https://zapier.com/Search/IntegrationListIntegration	zapier.com.ai	Search	IntegrationListIntegration	integration_list_integration	integration_list_Integration	Returns a list of Integration Connections.	1
https://zapier.com/Search/RepositoriesListRepositories	zapier.com.ai	Search	RepositoriesListRepositories	repositories_list_repositories	repositories_list_repositories	Returns a list of Repositories.	1
https://zapier.com/Search/RepositoryGetARepository	zapier.com.ai	Search	RepositoryGetARepository	repository_get_a_repository	repository_get_a_repository	Returns a single Repository by ID	1
https://zapier.com/Search/TestListTest	zapier.com.ai	Search	TestListTest	test_list_test	test_list_test	Returns a list of Tests.	1
https://zapier.com/Search/TrustCenterRequestGetATrustCenterRequest	zapier.com.ai	Search	TrustCenterRequestGetATrustCenterRequest	trust_center_request_get_a_trust_center_request	trust_center_request_get_a_trust_center_request	Returns a single Trust Center Request by ID	1
https://zapier.com/Search/TrustCenterRequestListTrustCenterRequest	zapier.com.ai	Search	TrustCenterRequestListTrustCenterRequest	trust_center_request_list_trust_center_request	trust_center_request_list_trust_center_request	List Trust Center Requests. In order to access this API, you need to have paid features enabled for Trust.	1
https://zapier.com/Search/UserAccountGetAUserAccount	zapier.com.ai	Search	UserAccountGetAUserAccount	user_account_get_a_user_account	user_account_get_a_user_account	Returns a single User Account by ID	1
https://zapier.com/Search/UserAccountListUserAccounts	zapier.com.ai	Search	UserAccountListUserAccounts	user_account_list_user_accounts	user_account_list_user_accounts	Returns a list of User Accounts.	1
https://zapier.com/Search/UserGetAUser	zapier.com.ai	Search	UserGetAUser	user_get_a_user	user_get_a_user	Returns a User by ID	1
https://zapier.com/Search/UserListUser	zapier.com.ai	Search	UserListUser	user_list_user	user_list_user	Returns a list of Users.	1
https://zapier.com/Search/VendorGetAVendor	zapier.com.ai	Search	VendorGetAVendor	vendor_get_a_vendor	vendor_get_a_vendor	Returns a single Vendor by ID	1
https://zapier.com/Search/VendorListVendors	zapier.com.ai	Search	VendorListVendors	vendor_list_vendors	vendor_list_vendors	Returns a list of Vendors.	1
https://zapier.com/Search/FindAllTags	zapier.com.ai	Search	FindAllTags	find_all_tags	find_all_tags	Retrieves a list of all tags.	1
https://zapier.com/Search/FindConversations	zapier.com.ai	Search	FindConversations	find_conversations	find_conversations	Finds Conversations in the system.	1
https://zapier.com/Search/FindDocumentsByConversation	zapier.com.ai	Search	FindDocumentsByConversation	find_documents_by_conversation	find_documents_by_conversation	Finds all documents for a conversation.	1
https://zapier.com/Search/FindDocumentsByProject	zapier.com.ai	Search	FindDocumentsByProject	find_documents_by_project	find_documents_by_project	Finds all documents for a project.	1
https://zapier.com/Search/FindFilesByConversation	zapier.com.ai	Search	FindFilesByConversation	find_files_by_conversation	find_files_by_conversation	Finds all files (uploaded documents) for a conversation.	1
https://zapier.com/Search/FindFilesByProject	zapier.com.ai	Search	FindFilesByProject	find_files_by_project	find_files_by_project	Finds all files (uploaded documents) for a project.	1
https://zapier.com/Search/FindRecordingsByConversation	zapier.com.ai	Search	FindRecordingsByConversation	find_recordings_by_conversation	find_recordings_by_conversation	Finds all recordings for a conversation.	1
https://zapier.com/Search/FindRecordingsByProject	zapier.com.ai	Search	FindRecordingsByProject	find_recordings_by_project	find_recordings_by_project	Finds all recordings for a project.	1
https://zapier.com/Search/FindSnapshotsByConversation	zapier.com.ai	Search	FindSnapshotsByConversation	find_snapshots_by_conversation	find_snapshots_by_conversation	Finds all snapshots for a conversation.	1
https://zapier.com/Search/FindSnapshotsByProject	zapier.com.ai	Search	FindSnapshotsByProject	find_snapshots_by_project	find_snapshots_by_project	Finds all snapshots for a project.	1
https://zapier.com/Search/ActionreportByInspection	zapier.com.ai	Search	ActionreportByInspection	actionreport__by_inspection	actionReport__by_inspection	Find action reports by related inspection.	1
https://zapier.com/Search/ClientByEmail	zapier.com.ai	Search	ClientByEmail	client__by_email	client__by_email	Find a client by their email address.	1
https://zapier.com/Search/ClientByName	zapier.com.ai	Search	ClientByName	client__by_name	client__by_name	Find a client by their name.	1
https://zapier.com/Search/ContactsFindForInspection	zapier.com.ai	Search	ContactsFindForInspection	contacts__find_for_inspection	contacts__find_for_inspection	Get contacts for an inspection id	1
https://zapier.com/Search/ContactsFindForProperty	zapier.com.ai	Search	ContactsFindForProperty	contacts__find_for_property	contacts__find_for_property	Get contacts for a property id	1
https://zapier.com/Search/InspectiontypeByName	zapier.com.ai	Search	InspectiontypeByName	inspectiontype__by_name	inspectionType__by_name	Find an inspection type by it's name	1
https://zapier.com/Search/InspectionById	zapier.com.ai	Search	InspectionById	inspection__by_id	inspection__by_id	Gets an inspection.	1
https://zapier.com/Search/PdfGetPdf	zapier.com.ai	Search	PdfGetPdf	pdf__get_pdf	pdf__get_pdf	Gets a report PDF.	1
https://zapier.com/Search/PropertyByAddress	zapier.com.ai	Search	PropertyByAddress	property__by_address	property__by_address	Find a property by address.	1
https://zapier.com/Search/PropertyById	zapier.com.ai	Search	PropertyById	property__by_id	property__by_id	Gets a property.	1
https://zapier.com/Search/StaffByEmail	zapier.com.ai	Search	StaffByEmail	staff__by_email	staff__by_email	Find a staff member by their email.	1
https://zapier.com/Search/StaffByName	zapier.com.ai	Search	StaffByName	staff__by_name	staff__by_name	Find a staff member by their name.	1
https://zapier.com/Search/GetMessageById	zapier.com.ai	Search	GetMessageById	get_message_by_id	get_message_by_id	Get message data by Id.	1
https://zapier.com/Search/FindCase	zapier.com.ai	Search	FindCase	find_case	find_case	Finds an existing conversation.	1
https://zapier.com/Search/Inputs	zapier.com.ai	Search	Inputs	inputs	inputs	List inputs required for the Crew.	1
https://zapier.com/Search/FindProjectRecurring	zapier.com.ai	Search	FindProjectRecurring	find_project_recurring	find_project_recurring	Search for Recurring Project in a certain Client by name.	1
https://zapier.com/Search/FindJournal	zapier.com.ai	Search	FindJournal	find_journal	find_journal	Returns a specified journal.	1
https://zapier.com/Search/GetDropdownValue	zapier.com.ai	Search	GetDropdownValue	get_dropdown_value	get_dropdown_value	Get a drop-down menu value.	1
https://zapier.com/Search/GetClientById	zapier.com.ai	Search	GetClientById	get_client_by_id	get_client_by_id	Get a Client by ID.	1
https://zapier.com/Search/GetProductById	zapier.com.ai	Search	GetProductById	get_product_by_id	get_product_by_id	Finds a product  based on id.	1
https://zapier.com/Search/GetTaskById	zapier.com.ai	Search	GetTaskById	get_task_by_id	get_task_by_id	get the Task By it's Id 	1
https://zapier.com/Search/ListOfAsset	zapier.com.ai	Search	ListOfAsset	list_of_asset	list_of_asset	The list of assets you can use in the product	1
https://zapier.com/Search/SearchForTask	zapier.com.ai	Search	SearchForTask	search_for_task	search_for_task	Search For Task by params	1
https://zapier.com/Search/TheListOfClients	zapier.com.ai	Search	TheListOfClients	the_list_of_clients	the_list_of_clients	The list of clients you can use in the product	1
https://zapier.com/Search/GetDailySales	zapier.com.ai	Search	GetDailySales	get_daily_sales	get_daily_sales	Retrieves daily sales	1
https://zapier.com/Search/GetHoursAndWages	zapier.com.ai	Search	GetHoursAndWages	get_hours_and_wages	get_hours_and_wages	Retrieves either scheduled or actual hours and wages	1
https://zapier.com/Search/GetHoursAndWagesCompact	zapier.com.ai	Search	GetHoursAndWagesCompact	get_hours_and_wages_compact	get_hours_and_wages_compact	Retrieves either scheduled or actual hours and wages per user per role	1
https://zapier.com/Search/ListDepartments	zapier.com.ai	Search	ListDepartments	list_departments	list_departments	List Departments for a company	1
https://zapier.com/Search/ListLocations	zapier.com.ai	Search	ListLocations	list_locations	list_locations	List Locations for a company	1
https://zapier.com/Search/ListRoles	zapier.com.ai	Search	ListRoles	list_roles	list_roles	Lists roles for a company	1
https://zapier.com/Search/RetrieveShift	zapier.com.ai	Search	RetrieveShift	retrieve_shift	retrieve_shift	Retrieve a specific shift by Shift ID	1
https://zapier.com/Search/RetrieveTimePunch	zapier.com.ai	Search	RetrieveTimePunch	retrieve_time_punch	retrieve_time_punch	Retrieve a specific time punch by time punch ID	1
https://zapier.com/Search/RetrieveUser	zapier.com.ai	Search	RetrieveUser	retrieve_user	retrieve_user	Retrieve a specific user by User ID	1
https://zapier.com/Search/Appointmentsearch	zapier.com.ai	Search	Appointmentsearch	appointmentsearch	AppointmentSearch	Returns all appointments from a specific location.	1
https://zapier.com/Search/Clientget	zapier.com.ai	Search	Clientget	clientget	ClientGet	Search a client by id.	1
https://zapier.com/Search/Customfieldssearch	zapier.com.ai	Search	Customfieldssearch	customfieldssearch	CustomFieldsSearch	Returns all Custom Fields.	1
https://zapier.com/Search/Locationget	zapier.com.ai	Search	Locationget	locationget	LocationGet	Search a location.	1
https://zapier.com/Search/Sessionenrollmentsearch	zapier.com.ai	Search	Sessionenrollmentsearch	sessionenrollmentsearch	SessionEnrollmentSearch	Returns all session enrollments from a specific location	1
https://zapier.com/Search/Ticketget	zapier.com.ai	Search	Ticketget	ticketget	TicketGet	Search a ticket.	1
https://zapier.com/Search/Audience	zapier.com.ai	Search	Audience	audience	audience	Finds an audience by name or tags.	1
https://zapier.com/Search/Audiencegroup	zapier.com.ai	Search	Audiencegroup	audiencegroup	audienceGroup	Finds an audience group by name.	1
https://zapier.com/Search/Customevent	zapier.com.ai	Search	Customevent	customevent	customEvent	Finds a custom event by name.	1
https://zapier.com/Search/Journey	zapier.com.ai	Search	Journey	journey	journey	Finds a journey by name, status or tags.	1
https://zapier.com/Search/FindPin	zapier.com.ai	Search	FindPin	find_pin	find_pin	You can find Pin in the app	1
https://zapier.com/Search/FindCircuit	zapier.com.ai	Search	FindCircuit	find_circuit	find_circuit	Search for circuits using various filters.	1
https://zapier.com/Search/ContactFindContact	zapier.com.ai	Search	ContactFindContact	contact_find_contact	contact_find_contact	Find Contact - Searches for contact in Value Builder	1
https://zapier.com/Search/SearchAccount	zapier.com.ai	Search	SearchAccount	search_account	search_account	Find a Company Record	1
https://zapier.com/Search/SearchCrmActivity	zapier.com.ai	Search	SearchCrmActivity	search_crm_activity	search_crm_activity	Find an Activity Record.	1
https://zapier.com/Search/FindProductByTitle	zapier.com.ai	Search	FindProductByTitle	find_product_by_title	find_product_by_title	Finds a product by title search Optionally, create a product if none are found.	1
https://zapier.com/Search/FindVariantByTitle	zapier.com.ai	Search	FindVariantByTitle	find_variant_by_title	find_variant_by_title	Finds a Product variant by title search Optionally, create a variant if none are found	1
https://zapier.com/Search/FindContactperson	zapier.com.ai	Search	FindContactperson	find_contactperson	find_contactperson	Finds a Contact Person	1
https://zapier.com/Search/FindAmbassador	zapier.com.ai	Search	FindAmbassador	find_ambassador	find_ambassador	Finds an Ambassador either with its email address or registered phone number	1
https://zapier.com/Search/FindInvitation	zapier.com.ai	Search	FindInvitation	find_invitation	find_invitation	Fetch all invitations sent in an Ambassador Program	1
https://zapier.com/Search/FindSalesrep	zapier.com.ai	Search	FindSalesrep	find_salesrep	find_salesrep	Finds a Sales Rep in your base	1
https://zapier.com/Search/FindSatisfactionquestionnaire	zapier.com.ai	Search	FindSatisfactionquestionnaire	find_satisfactionquestionnaire	find_satisfactionquestionnaire	Find a specific questionnaire within your Company	1
https://zapier.com/Search/Conversation	zapier.com.ai	Search	Conversation	conversation	conversation	Finds a conversation based on name.	1
https://zapier.com/Search/GiftCardsearch	zapier.com.ai	Search	GiftCardsearch	gift_cardsearch	gift_cardSearch	Finds a gift card by id or reference.	1
https://zapier.com/Search/PriceImportsearch	zapier.com.ai	Search	PriceImportsearch	price_importsearch	price_importSearch	Finds a Price Import by status.	1
https://zapier.com/Search/PriceListsearch	zapier.com.ai	Search	PriceListsearch	price_listsearch	price_listSearch	Finds a Price List by name.	1
https://zapier.com/Search/ShippingCategorysearch	zapier.com.ai	Search	ShippingCategorysearch	shipping_categorysearch	shipping_categorySearch	Finds an Shipping Category by name.	1
https://zapier.com/Search/Skusearch	zapier.com.ai	Search	Skusearch	skusearch	skuSearch	Finds an SKU by code.	1
https://zapier.com/Search/SkuImportsearch	zapier.com.ai	Search	SkuImportsearch	sku_importsearch	sku_importSearch	Finds an SKU Import by status.	1
https://zapier.com/Search/StockItemImportsearch	zapier.com.ai	Search	StockItemImportsearch	stock_item_importsearch	stock_item_importSearch	Finds a Stock Item Import by status.	1
https://zapier.com/Search/StockLocationsearch	zapier.com.ai	Search	StockLocationsearch	stock_locationsearch	stock_locationSearch	Finds a Stock Location by name.	1
https://zapier.com/Search/GetPickaxeHistory	zapier.com.ai	Search	GetPickaxeHistory	get_pickaxe_history	get_pickaxe_history	Fetch specific Pickaxe chat history.	1
https://zapier.com/Search/ListDocuments	zapier.com.ai	Search	ListDocuments	list_documents	list_documents	List all documents with optional pagination.	1
https://zapier.com/Search/FindCountryInfo	zapier.com.ai	Search	FindCountryInfo	find_country_info	find_country_info	Retrieves country codes by country name: code ISO 3166-1 alpha-2 (cca2), code ISO 3166-1 numeric (ccn3), code ISO 3166-1 alpha-3 (cca3) and code International Olympic Committee (cioc).	1
https://zapier.com/Search/GetTransfer	zapier.com.ai	Search	GetTransfer	get_transfer	get_transfer	Get details about sent or received Transfer	1
https://zapier.com/Search/Campaigns	zapier.com.ai	Search	Campaigns	campaigns	campaigns	List and filter all Campaigns in your organization.	1
https://zapier.com/Search/CampaignById	zapier.com.ai	Search	CampaignById	campaign_by_id	campaign_by_id	Returns information about a Campaign.	1
https://zapier.com/Search/CampaignContacts	zapier.com.ai	Search	CampaignContacts	campaign_contacts	campaign_contacts	List and Filter all Contacts in a Campaign in your organization.	1
https://zapier.com/Search/Channels	zapier.com.ai	Search	Channels	channels	channels	List and Filter all Channels in your organization.	1
https://zapier.com/Search/Channelsbyid	zapier.com.ai	Search	Channelsbyid	channelsbyid	channelsById	List and Filter all Channels in your organization.	1
https://zapier.com/Search/Contacts	zapier.com.ai	Search	Contacts	contacts	contacts	List and Filter all Contacts in your organization.	1
https://zapier.com/Search/Getagentbyid	zapier.com.ai	Search	Getagentbyid	getagentbyid	getAgentById	Retrieves details of a specific agent by its ID.	1
https://zapier.com/Search/Getagents	zapier.com.ai	Search	Getagents	getagents	getAgents	List and filter agents in your organization.	1
https://zapier.com/Search/Getcallbyid	zapier.com.ai	Search	Getcallbyid	getcallbyid	getCallById	Retrieves details of a specific call by its ID.	1
https://zapier.com/Search/Getcalls	zapier.com.ai	Search	Getcalls	getcalls	getCalls	List and filter calls in your organization.	1
https://zapier.com/Search/Getcontactbyid	zapier.com.ai	Search	Getcontactbyid	getcontactbyid	getContactById	Returns information about a contact.	1
https://zapier.com/Search/Sequences	zapier.com.ai	Search	Sequences	sequences	sequences	Search for all sequences.	1
https://zapier.com/Search/Sequencesbyid	zapier.com.ai	Search	Sequencesbyid	sequencesbyid	sequencesById	Returns information about a sequence.	1
https://zapier.com/Search/SequenceContacts	zapier.com.ai	Search	SequenceContacts	sequence_contacts	sequence_contacts	List and filter contacts in a Sequence.	1
https://zapier.com/Search/Ingestjobstatus	zapier.com.ai	Search	Ingestjobstatus	ingestjobstatus	ingestJobStatus	Get the status of an ingest job.	1
https://zapier.com/Search/Workflowjobstatus	zapier.com.ai	Search	Workflowjobstatus	workflowjobstatus	workflowJobStatus	Get the status of a workflow job.	1
https://zapier.com/Search/FindRecipient	zapier.com.ai	Search	FindRecipient	find_recipient	find_recipient	Query Agillic to see if the recipient exists, and return the available Person Data for that recipient if they do. 	1
https://zapier.com/Search/GetOtmTable	zapier.com.ai	Search	GetOtmTable	get_otm_table	get_otm_table	Get the rows in a One to many table for a specific recipient. 	1
https://zapier.com/Search/Searchequipmentbycode	zapier.com.ai	Search	Searchequipmentbycode	searchequipmentbycode	SearchEquipmentByCode	Searches a piece of equipment by its QR- or barcode.	1
https://zapier.com/Search/Searchflag	zapier.com.ai	Search	Searchflag	searchflag	SearchFlag	Searches a flag by name.	1
https://zapier.com/Search/FindCustomField	zapier.com.ai	Search	FindCustomField	find_custom_field	find_custom_field	Search for Custom Fields in your workspace	1
https://zapier.com/Search/FindGuest	zapier.com.ai	Search	FindGuest	find_guest	find_guest	Search for guests of a board in your workspace	1
https://zapier.com/Search/GetAssetInfo	zapier.com.ai	Search	GetAssetInfo	get_asset_info	get_asset_info	Get all info about an Asset	1
https://zapier.com/Search/GetAssetVersionInfo	zapier.com.ai	Search	GetAssetVersionInfo	get_asset_version_info	get_asset_version_info	Get all info about an Asset Version	1
https://zapier.com/Search/GetBoardInfo	zapier.com.ai	Search	GetBoardInfo	get_board_info	get_board_info	Get all info about a Board	1
https://zapier.com/Search/GetCustomField	zapier.com.ai	Search	GetCustomField	get_custom_field	get_custom_field	Get all info about a Custom Field	1
https://zapier.com/Search/Findinvoice	zapier.com.ai	Search	Findinvoice	findinvoice	FindInvoice	Finds an Invoice for a given order.	1
https://zapier.com/Search/Findstore	zapier.com.ai	Search	Findstore	findstore	FindStore	Finds a Store for a given ID and get the details.	1
https://zapier.com/Search/FindSalesPoints	zapier.com.ai	Search	FindSalesPoints	find_sales_points	find_sales_points	Finds account's sales points 	1
https://zapier.com/Search/GetSoldbycategory	zapier.com.ai	Search	GetSoldbycategory	get_soldbycategory	get_soldbyCategory	Retrieves what's been sold in a date range split by Category	1
https://zapier.com/Search/GetSoldbydepartment	zapier.com.ai	Search	GetSoldbydepartment	get_soldbydepartment	get_soldbyDepartment	Retrieves what's been sold in a date range split by Department.	1
https://zapier.com/Search/GetSoldbytax	zapier.com.ai	Search	GetSoldbytax	get_soldbytax	get_soldbyTax	Retrieves what's been sold in a date range split by Tax.	1
https://zapier.com/Search/RunCustomReport	zapier.com.ai	Search	RunCustomReport	run_custom_report	run_custom_report	Run Custom Report.	1
https://zapier.com/Search/RunTrialBalance	zapier.com.ai	Search	RunTrialBalance	run_trial_balance	run_trial_balance	Run Trial Balance.	1
https://zapier.com/Search/Searchcustomtablebyname	zapier.com.ai	Search	Searchcustomtablebyname	searchcustomtablebyname	searchCustomTableByName	Finds an existing record in specified table that matches your search query.	1
https://zapier.com/Search/FindAssignableById	zapier.com.ai	Search	FindAssignableById	find_assignable_by_id	find_assignable_by_id	Finds an existing assignable by the assignable's ID.	1
https://zapier.com/Search/FindAssignableByName	zapier.com.ai	Search	FindAssignableByName	find_assignable_by_name	find_assignable_by_name	Finds an existing assignable by name.	1
https://zapier.com/Search/FindCreateGroup	zapier.com.ai	Search	FindCreateGroup	find_create_group	find_create_group	Finds a group by name or ID and creates a new one if search has no results.	1
https://zapier.com/Search/FindCreateProject	zapier.com.ai	Search	FindCreateProject	find_create_project	find_create_project	Finds a project by name or ID and creates a new one if search has no results.	1
https://zapier.com/Search/FindCreateTask	zapier.com.ai	Search	FindCreateTask	find_create_task	find_create_task	Finds a task by name or ID and corresponding project and creates a new one if search has no results.	1
https://zapier.com/Search/Guestsearch	zapier.com.ai	Search	Guestsearch	guestsearch	guestSearch	Finds a guest by searching.	1
https://zapier.com/Search/GetAllTasksInProject	zapier.com.ai	Search	GetAllTasksInProject	get_all_tasks_in_project	get_all_tasks_in_project	Get all the tasks in one projects.	1
https://zapier.com/Search/GetOneTaskFromProject	zapier.com.ai	Search	GetOneTaskFromProject	get_one_task_from_project	get_one_task_from_project	Get one task from project	1
https://zapier.com/Search/ProjectById	zapier.com.ai	Search	ProjectById	project_by_id	project_by_id	Get Project information by ID 	1
https://zapier.com/Search/Media	zapier.com.ai	Search	Media	media	media	Finds a media.	1
https://zapier.com/Search/ShipmentSearch	zapier.com.ai	Search	ShipmentSearch	shipment_search	shipment_search	Get detailed information about a shipment via Shipment ID.	1
https://zapier.com/Search/GetMemberId	zapier.com.ai	Search	GetMemberId	get_member_id	get_member_id	Retrieve information of a Member using their UUID or ID	1
https://zapier.com/Search/GetReferral	zapier.com.ai	Search	GetReferral	get_referral	get_referral	Retrieve information on a referral.	1
https://zapier.com/Search/GetUserNextSession	zapier.com.ai	Search	GetUserNextSession	get_user_next_session	get_user_next_session	Finds the uses next session/booking	1
https://zapier.com/Search/GetContactMessages	zapier.com.ai	Search	GetContactMessages	get_contact_messages	get_contact_messages	Return all the messages for a contact	1
https://zapier.com/Search/DownloadDocumentById	zapier.com.ai	Search	DownloadDocumentById	download_document_by_id	download_document_by_id	Downloads a document by ID.	1
https://zapier.com/Search/FindObject	zapier.com.ai	Search	FindObject	find_object	find_object	Searches for records by a field and value of your choosing.	1
https://zapier.com/Search/FindObjectById	zapier.com.ai	Search	FindObjectById	find_object_by_id	find_object_by_id	Searches for a record by ID.	1
https://zapier.com/Search/FindCustomers	zapier.com.ai	Search	FindCustomers	find_customers	find_customers	Gets customers based on the company id, and filters you pass in.	1
https://zapier.com/Search/GetAhjs	zapier.com.ai	Search	GetAhjs	get_ahjs	get_ahjs	Get AHJ's in Solo's system.	1
https://zapier.com/Search/GetCadAttachments	zapier.com.ai	Search	GetCadAttachments	get_cad_attachments	get_cad_attachments	Get CAD attachments.	1
https://zapier.com/Search/GetCadRails	zapier.com.ai	Search	GetCadRails	get_cad_rails	get_cad_rails	Get CAD rails that exist in Solo's system.	1
https://zapier.com/Search/GetCompanyId	zapier.com.ai	Search	GetCompanyId	get_company_id	get_company_id	Get company information by id.	1
https://zapier.com/Search/GetCompanyInstallers	zapier.com.ai	Search	GetCompanyInstallers	get_company_installers	get_company_installers	Gets a companies installers	1
https://zapier.com/Search/GetCompanyInverters	zapier.com.ai	Search	GetCompanyInverters	get_company_inverters	get_company_inverters	Get a companies inverters.	1
https://zapier.com/Search/GetCompanyModules	zapier.com.ai	Search	GetCompanyModules	get_company_modules	get_company_modules	Get a companies modules/solar panels	1
https://zapier.com/Search/GetCompanyUsers	zapier.com.ai	Search	GetCompanyUsers	get_company_users	get_company_users	Get users that belong to a company.	1
https://zapier.com/Search/GetTimezones	zapier.com.ai	Search	GetTimezones	get_timezones	get_timezones	Gets all timezones that exist in Solo's system.	1
https://zapier.com/Search/GetUtilityCompanies	zapier.com.ai	Search	GetUtilityCompanies	get_utility_companies	get_utility_companies	Get Utilities that exist in Solo.	1
https://zapier.com/Search/Lookup	zapier.com.ai	Search	Lookup	lookup	lookup	Get geolocation and threat data for a given IPv4 or IPv6 address.	1
https://zapier.com/Search/ParseUserAgent	zapier.com.ai	Search	ParseUserAgent	parse_user_agent	parse_user_agent	Parse a user-agent and return browser, device & OS data that can be used to bring user experience to perfection.	1
https://zapier.com/Search/FindTimeoff	zapier.com.ai	Search	FindTimeoff	find_timeoff	find_timeoff	Find time off entries by date	1
https://zapier.com/Search/SearchMembers	zapier.com.ai	Search	SearchMembers	search_members	search_members	Searches the list of members and returns any that match	1
https://zapier.com/Search/Labelsourcesearch	zapier.com.ai	Search	Labelsourcesearch	labelsourcesearch	labelSourceSearch	Find a label created via integration by the source label ID.	1
https://zapier.com/Search/Projectsourcesearch	zapier.com.ai	Search	Projectsourcesearch	projectsourcesearch	projectSourceSearch	Find a project created via integration by the source project ID.	1
https://zapier.com/Search/Tasksourcesearch	zapier.com.ai	Search	Tasksourcesearch	tasksourcesearch	taskSourceSearch	Find an task by name.	1
https://zapier.com/Search/Timersearch	zapier.com.ai	Search	Timersearch	timersearch	timerSearch	Find a timer by task or project name.	1
https://zapier.com/Search/FetchApplicationData	zapier.com.ai	Search	FetchApplicationData	fetch_application_data	fetch_application_data	Get a Job Application using the application ID.	1
https://zapier.com/Search/GetCandidateById	zapier.com.ai	Search	GetCandidateById	get_candidate_by_id	get_candidate_by_id	Find a Candidate by ID	1
https://zapier.com/Search/GetCandidateWebformById	zapier.com.ai	Search	GetCandidateWebformById	get_candidate_webform_by_id	get_candidate_webform_by_id	Finds a Candidate Web Form by ID	1
https://zapier.com/Search/GetCompanyById	zapier.com.ai	Search	GetCompanyById	get_company_by_id	get_company_by_id	Finds a Company by ID	1
https://zapier.com/Search/GetJobAdvertById	zapier.com.ai	Search	GetJobAdvertById	get_job_advert_by_id	get_job_advert_by_id	Finds a Job Adverts by the given ID	1
https://zapier.com/Search/GetJobById	zapier.com.ai	Search	GetJobById	get_job_by_id	get_job_by_id	Finds a Job by the given ID	1
https://zapier.com/Search/GetPlacementById	zapier.com.ai	Search	GetPlacementById	get_placement_by_id	get_placement_by_id	Finds a Placement by the given ID	1
https://zapier.com/Search/SearchAllRecords	zapier.com.ai	Search	SearchAllRecords	search_all_records	search_all_records	Find any record in your database using their name, email, phone, job title or company name.	1
https://zapier.com/Search/FindModuleRecordFilter	zapier.com.ai	Search	FindModuleRecordFilter	find_module_record_filter	find_module_record_filter	This Action will find the best record against selected module based on filters	1
https://zapier.com/Search/Getcreditbalance	zapier.com.ai	Search	Getcreditbalance	getcreditbalance	getCreditBalance	Gets the number of available credit packs and free daily credits in the account.	1
https://zapier.com/Search/ExploriumBusinessesFetch	zapier.com.ai	Search	ExploriumBusinessesFetch	explorium_businesses_fetch	explorium_businesses_fetch	Fetches business records using filters like country, industry, company size, and revenue. Useful for analysis and finding leads.	1
https://zapier.com/Search/ExploriumFetchProspects	zapier.com.ai	Search	ExploriumFetchProspects	explorium_fetch_prospects	explorium_fetch_prospects	Fetches a list of prospects based on filters like job level, department, or other professional details. Useful for sales intelligence, lead enrichment, and prospecting.	1
https://zapier.com/Search/FindBundle	zapier.com.ai	Search	FindBundle	find_bundle	find_bundle	Finds a Bundle by id or slug	1
https://zapier.com/Search/FindCoach	zapier.com.ai	Search	FindCoach	find_coach	find_coach	Finds a Coach by id or slug	1
https://zapier.com/Search/FindCourse	zapier.com.ai	Search	FindCourse	find_course	find_course	Finds a Course by id or slug	1
https://zapier.com/Search/FindLiveLesson	zapier.com.ai	Search	FindLiveLesson	find_live_lesson	find_live_lesson	Finds a Live Lesson by id or slug	1
https://zapier.com/Search/FindAccountingcode	zapier.com.ai	Search	FindAccountingcode	find_accountingcode	find_accountingcode	Find an Accounting Code	1
https://zapier.com/Search/FindCurrency	zapier.com.ai	Search	FindCurrency	find_currency	find_currency	Find Currencies	1
https://zapier.com/Search/FindEnterprise	zapier.com.ai	Search	FindEnterprise	find_enterprise	find_enterprise	Find an Enterprise	1
https://zapier.com/Search/FindEnterpriseactivitycode	zapier.com.ai	Search	FindEnterpriseactivitycode	find_enterpriseactivitycode	find_enterpriseactivitycode	Find an EnterpriseActivityCode	1
https://zapier.com/Search/FindExpenseaccount	zapier.com.ai	Search	FindExpenseaccount	find_expenseaccount	find_expenseaccount	Find an ExpenseAccount	1
https://zapier.com/Search/FindInvoicepayment	zapier.com.ai	Search	FindInvoicepayment	find_invoicepayment	find_invoicepayment	Find an InvoicePayment	1
https://zapier.com/Search/FindPaymenttype	zapier.com.ai	Search	FindPaymenttype	find_paymenttype	find_paymenttype	Find a Payment Type	1
https://zapier.com/Search/FindProfessioncode	zapier.com.ai	Search	FindProfessioncode	find_professioncode	find_professioncode	Find a ProfessionCode	1
https://zapier.com/Search/FindProjectstep	zapier.com.ai	Search	FindProjectstep	find_projectstep	find_projectstep	Find a project step	1
https://zapier.com/Search/FindService	zapier.com.ai	Search	FindService	find_service	find_service	Find a Service	1
https://zapier.com/Search/FindSprint	zapier.com.ai	Search	FindSprint	find_sprint	find_sprint	Find a sprint	1
https://zapier.com/Search/FindTaxprofile	zapier.com.ai	Search	FindTaxprofile	find_taxprofile	find_taxprofile	Find a TaxProfile	1
https://zapier.com/Search/FindTimeentry	zapier.com.ai	Search	FindTimeentry	find_timeentry	find_timeentry	Find a Time Entry	1
https://zapier.com/Search/GetAccountingcode	zapier.com.ai	Search	GetAccountingcode	get_accountingcode	get_accountingcode	Get an Accounting Code by Id	1
https://zapier.com/Search/GetBankaccount	zapier.com.ai	Search	GetBankaccount	get_bankaccount	get_bankaccount	Get a Bank Account by Id	1
https://zapier.com/Search/GetCurrency	zapier.com.ai	Search	GetCurrency	get_currency	get_currency	Get a Currency by Id	1
https://zapier.com/Search/GetEnterprise	zapier.com.ai	Search	GetEnterprise	get_enterprise	get_enterprise	Get an Enterprise	1
https://zapier.com/Search/GetEnterpriseactivitycode	zapier.com.ai	Search	GetEnterpriseactivitycode	get_enterpriseactivitycode	get_enterpriseactivitycode	Get an EnterpriseActivityCode by Id	1
https://zapier.com/Search/GetExpenseaccount	zapier.com.ai	Search	GetExpenseaccount	get_expenseaccount	get_expenseaccount	Get an ExpenseAccount by Id	1
https://zapier.com/Search/GetInvoicepayment	zapier.com.ai	Search	GetInvoicepayment	get_invoicepayment	get_invoicepayment	Get an InvoicePayment by Id	1
https://zapier.com/Search/GetPaymenttype	zapier.com.ai	Search	GetPaymenttype	get_paymenttype	get_paymenttype	Get a Payment Type by Id	1
https://zapier.com/Search/GetProfessioncode	zapier.com.ai	Search	GetProfessioncode	get_professioncode	get_professioncode	Get a ProfessionCode by Id	1
https://zapier.com/Search/GetProjectstep	zapier.com.ai	Search	GetProjectstep	get_projectstep	get_projectstep	Get a project step by Id	1
https://zapier.com/Search/GetService	zapier.com.ai	Search	GetService	get_service	get_service	Get a Service by Id	1
https://zapier.com/Search/GetSprint	zapier.com.ai	Search	GetSprint	get_sprint	get_sprint	Get a sprint by Id	1
https://zapier.com/Search/GetTaxprofile	zapier.com.ai	Search	GetTaxprofile	get_taxprofile	get_taxprofile	Get a TaxProfile by Id	1
https://zapier.com/Search/GetTimeentry	zapier.com.ai	Search	GetTimeentry	get_timeentry	get_timeentry	Get a Time Entry by Id	1
https://zapier.com/Search/UpdateAccountingcode	zapier.com.ai	Search	UpdateAccountingcode	update_accountingcode	update_accountingcode	Update an Accounting Code	1
https://zapier.com/Search/UpdateBankaccount	zapier.com.ai	Search	UpdateBankaccount	update_bankaccount	update_bankaccount	Update a Bank Account	1
https://zapier.com/Search/UpdateContact	zapier.com.ai	Search	UpdateContact	update_contact	update_contact	Update a Contact	1
https://zapier.com/Search/UpdateEnterprise	zapier.com.ai	Search	UpdateEnterprise	update_enterprise	update_enterprise	Update an Enterprise	1
https://zapier.com/Search/UpdateExpenseaccount	zapier.com.ai	Search	UpdateExpenseaccount	update_expenseaccount	update_expenseaccount	Update an ExpenseAccount	1
https://zapier.com/Search/UpdateInvoice	zapier.com.ai	Search	UpdateInvoice	update_invoice	update_invoice	Update an Invoice	1
https://zapier.com/Search/UpdateInvoicepayment	zapier.com.ai	Search	UpdateInvoicepayment	update_invoicepayment	update_invoicepayment	Update an InvoicePayment	1
https://zapier.com/Search/UpdatePaymenttype	zapier.com.ai	Search	UpdatePaymenttype	update_paymenttype	update_paymenttype	Update a Payment Type	1
https://zapier.com/Search/UpdateProduct	zapier.com.ai	Search	UpdateProduct	update_product	update_product	Update a Product	1
https://zapier.com/Search/UpdateProject	zapier.com.ai	Search	UpdateProject	update_project	update_project	Update a Project	1
https://zapier.com/Search/UpdateProjectstep	zapier.com.ai	Search	UpdateProjectstep	update_projectstep	update_projectstep	Update a project step	1
https://zapier.com/Search/UpdateService	zapier.com.ai	Search	UpdateService	update_service	update_service	Update a Service	1
https://zapier.com/Search/UpdateSprint	zapier.com.ai	Search	UpdateSprint	update_sprint	update_sprint	Update a sprint	1
https://zapier.com/Search/UpdateTask	zapier.com.ai	Search	UpdateTask	update_task	update_task	Update a Task	1
https://zapier.com/Search/UpdateTaxprofile	zapier.com.ai	Search	UpdateTaxprofile	update_taxprofile	update_taxprofile	Update a TaxProfile	1
https://zapier.com/Search/UpdateTimeentry	zapier.com.ai	Search	UpdateTimeentry	update_timeentry	update_timeentry	Update a Time Entry	1
https://zapier.com/Search/Getproject	zapier.com.ai	Search	Getproject	getproject	getProject	Find a Synergy Project by Name, by Project Number or by Synergy Project Id.	1
https://zapier.com/Search/Getprojecttemplate	zapier.com.ai	Search	Getprojecttemplate	getprojecttemplate	getProjectTemplate	Leave blank to use your default template or find a Project Template by name.	1
https://zapier.com/Search/ReadList	zapier.com.ai	Search	ReadList	read_list	read_list	Get the list data from the app	1
https://zapier.com/Search/ReadProfile	zapier.com.ai	Search	ReadProfile	read_profile	read_profile	Get the profile data	1
https://zapier.com/Search/ViewAllLists	zapier.com.ai	Search	ViewAllLists	view_all_lists	view_all_lists	Get lists matching the provided query	1
https://zapier.com/Search/ViewAllParticipantsOnList	zapier.com.ai	Search	ViewAllParticipantsOnList	view_all_participants_on_list	view_all_participants_on_list	Get participants on list matching the provided query	1
https://zapier.com/Search/ViewAllPasses	zapier.com.ai	Search	ViewAllPasses	view_all_passes	view_all_passes	Get passes matching the provided query	1
https://zapier.com/Search/ViewAllProfiles	zapier.com.ai	Search	ViewAllProfiles	view_all_profiles	view_all_profiles	Get profiles matching the provided query	1
https://zapier.com/Search/ViewProfilePasses	zapier.com.ai	Search	ViewProfilePasses	view_profile_passes	view_profile_passes	Get passes of profile matching the provided query	1
https://zapier.com/Search/FindContactbyemail	zapier.com.ai	Search	FindContactbyemail	find_contactbyemail	find_contactByEmail	Finds a contact by their email address	1
https://zapier.com/Search/FindSegmentbyname	zapier.com.ai	Search	FindSegmentbyname	find_segmentbyname	find_segmentByName	Find a Segment Id by searching by Segment name	1
https://zapier.com/Search/FindTagbyname	zapier.com.ai	Search	FindTagbyname	find_tagbyname	find_tagByName	Find a Tag Id by searching by Tag Name	1
https://zapier.com/Search/FindClientid	zapier.com.ai	Search	FindClientid	find_clientid	find_clientid	Finds a company by name or external reference.	1
https://zapier.com/Search/FindCurrencyid	zapier.com.ai	Search	FindCurrencyid	find_currencyid	find_currencyid	Finds a currency by its name or code.	1
https://zapier.com/Search/FindCustomfieldid	zapier.com.ai	Search	FindCustomfieldid	find_customfieldid	find_customfieldid	Finds a custom field by entity type and label	1
https://zapier.com/Search/FindGlcodeid	zapier.com.ai	Search	FindGlcodeid	find_glcodeid	find_glcodeid	Finds a GL Code by its code or description	1
https://zapier.com/Search/FindModuleid	zapier.com.ai	Search	FindModuleid	find_moduleid	find_moduleid	Finds a Module by external reference.	1
https://zapier.com/Search/FindOfficeid	zapier.com.ai	Search	FindOfficeid	find_officeid	find_officeid	Finds an Office by name or external reference.	1
https://zapier.com/Search/FindProjectid	zapier.com.ai	Search	FindProjectid	find_projectid	find_projectid	Finds a project by name or external reference	1
https://zapier.com/Search/FindTaskid	zapier.com.ai	Search	FindTaskid	find_taskid	find_taskid	Finds an existing task by external reference.	1
https://zapier.com/Search/FindUserid	zapier.com.ai	Search	FindUserid	find_userid	find_userid	Finds an existing user by name, email address, or external reference.	1
https://zapier.com/Search/Organizersearch	zapier.com.ai	Search	Organizersearch	organizersearch	organizerSearch	Finds a organizer based on email.	1
https://zapier.com/Search/Projectdraftsearch	zapier.com.ai	Search	Projectdraftsearch	projectdraftsearch	projectDraftSearch	Finds a draft project.	1
https://zapier.com/Search/SearchPauseReasons	zapier.com.ai	Search	SearchPauseReasons	search_pause_reasons	search_pause_reasons	Search for the different existent Pause reasons for a Work order	1
https://zapier.com/Search/FindRouteDestination	zapier.com.ai	Search	FindRouteDestination	find_route_destination	find_route_destination	Retrieves route destination data by the route destination ID.	1
https://zapier.com/Search/Chancesearch	zapier.com.ai	Search	Chancesearch	chancesearch	chanceSearch	Searches for an existing chance.	1
https://zapier.com/Search/Contractsearch	zapier.com.ai	Search	Contractsearch	contractsearch	contractSearch	Searches for an existing contract.	1
https://zapier.com/Search/FieldValuesearch	zapier.com.ai	Search	FieldValuesearch	field_valuesearch	field_valueSearch	Searches for an existing field value.	1
https://zapier.com/Search/Todosearch	zapier.com.ai	Search	Todosearch	todosearch	todoSearch	Searches for an existing todo.	1
https://zapier.com/Search/Collectionsearch	zapier.com.ai	Search	Collectionsearch	collectionsearch	collectionSearch	Finds a board by title.	1
https://zapier.com/Search/FindBillableItem	zapier.com.ai	Search	FindBillableItem	find_billable_item	find_billable_item	Finds a Billable Item	1
https://zapier.com/Search/FindBooking	zapier.com.ai	Search	FindBooking	find_booking	find_booking	Finds an existing Booking	1
https://zapier.com/Search/FindBookingStatus	zapier.com.ai	Search	FindBookingStatus	find_booking_status	find_booking_status	Finds a booking status	1
https://zapier.com/Search/FindClientContact	zapier.com.ai	Search	FindClientContact	find_client_contact	find_client_contact	Finds a contact that has been marked as a client.	1
https://zapier.com/Search/FindResource	zapier.com.ai	Search	FindResource	find_resource	find_resource	Finds a Resource.    	1
https://zapier.com/Search/GetParticipantsVerificationCompletedAt	zapier.com.ai	Search	GetParticipantsVerificationCompletedAt	get_participants_verification_completed_at	get_participants_verification_completed_at	Get participants verification completed at.	1
https://zapier.com/Search/GetParticipantFields	zapier.com.ai	Search	GetParticipantFields	get_participant_fields	get_participant_fields	Get participant fields set in the document.	1
https://zapier.com/Search/Slotfetch	zapier.com.ai	Search	Slotfetch	slotfetch	slotFetch	Fetches a slot by publication ID and slot ID	1
https://zapier.com/Search/Slotsearch	zapier.com.ai	Search	Slotsearch	slotsearch	slotSearch	Search for slot	1
https://zapier.com/Search/FindProcessTask	zapier.com.ai	Search	FindProcessTask	find_process_task	find_process_task	Find a process task on Tallyfy process.	1
https://zapier.com/Search/FindResourceId	zapier.com.ai	Search	FindResourceId	find_resource_id	find_resource_id	Find the ID of a resource by name or search term	1
https://zapier.com/Search/GlobalSearch	zapier.com.ai	Search	GlobalSearch	global_search	global_search	Search across all Tallyfy resources (templates, processes, tasks, etc.)	1
https://zapier.com/Search/SearchLocationById	zapier.com.ai	Search	SearchLocationById	search_location_by_id	search_location_by_id	Finds a location within RotaCloud by its ID.	1
https://zapier.com/Search/SearchLocationByName	zapier.com.ai	Search	SearchLocationByName	search_location_by_name	search_location_by_name	Finds a location within RotaCloud by its name.	1
https://zapier.com/Search/SearchRoleById	zapier.com.ai	Search	SearchRoleById	search_role_by_id	search_role_by_id	Finds a role within RotaCloud by its ID.	1
https://zapier.com/Search/SearchRoleByName	zapier.com.ai	Search	SearchRoleByName	search_role_by_name	search_role_by_name	Finds a role within RotaCloud by its name.	1
https://zapier.com/Search/FindBuilding	zapier.com.ai	Search	FindBuilding	find_building	find_building	Finds a building by ID	1
https://zapier.com/Search/FindPlayer	zapier.com.ai	Search	FindPlayer	find_player	find_player	Looks up a player by matching either player name, player external name or email-address.	1
https://zapier.com/Search/FindScoreSeries	zapier.com.ai	Search	FindScoreSeries	find_score_series	find_score_series	Look up a score series in Pointagram using score series name	1
https://zapier.com/Search/FindScorSeriesPointType	zapier.com.ai	Search	FindScorSeriesPointType	find_scor_series_point_type	find_scor_series_point_type	Get id for a point type using name.	1
https://zapier.com/Search/FindTeam	zapier.com.ai	Search	FindTeam	find_team	find_team	Find a Team in Pointagram	1
https://zapier.com/Search/FindTeamPlayer	zapier.com.ai	Search	FindTeamPlayer	find_team_player	find_team_player	Look up player in a team	1
https://zapier.com/Search/GetPlayer	zapier.com.ai	Search	GetPlayer	get_player	get_player	Get one player from Pointagram using player id.	1
https://zapier.com/Search/PlayerFind	zapier.com.ai	Search	PlayerFind	player_find	player_find	Looks up a player by matching either player name, player external name or email-address.	1
https://zapier.com/Search/FindCustomerInfo	zapier.com.ai	Search	FindCustomerInfo	find_customer_info	find_customer_info	Retrieve customer info	1
https://zapier.com/Search/SearchBundleServiceWithId	zapier.com.ai	Search	SearchBundleServiceWithId	search_bundle_service_with_id	search_bundle_service_with_id	Retrieves bundle service info.	1
https://zapier.com/Search/SearchBundleServiceWithQuery	zapier.com.ai	Search	SearchBundleServiceWithQuery	search_bundle_service_with_query	search_bundle_service_with_query	Search for bundle services by providing query	1
https://zapier.com/Search/SearchCustomerWithQuery	zapier.com.ai	Search	SearchCustomerWithQuery	search_customer_with_query	search_customer_with_query	Search for customers by providing query	1
https://zapier.com/Search/SearchServiceWithId	zapier.com.ai	Search	SearchServiceWithId	search_service_with_id	search_service_with_id	Retrieves internet service info.	1
https://zapier.com/Search/SearchServiceWithQuery	zapier.com.ai	Search	SearchServiceWithQuery	search_service_with_query	search_service_with_query	Search for internet services by providing query	1
https://zapier.com/Search/SearchIdentities	zapier.com.ai	Search	SearchIdentities	search_identities	search_identities	Searches for identities in your Letta Project	1
https://zapier.com/Search/GetDoc	zapier.com.ai	Search	GetDoc	get_doc	get_doc	Get an existing Doc from a folder.	1
https://zapier.com/Search/ListDocs	zapier.com.ai	Search	ListDocs	list_docs	list_docs	List existing Docs in a workspace with filter options.	1
https://zapier.com/Search/GetConsignment	zapier.com.ai	Search	GetConsignment	get_consignment	get_consignment	Gets a consignment.
The user must have permission to access consignment information in order to use this action.	1
https://zapier.com/Search/GetInventory	zapier.com.ai	Search	GetInventory	get_inventory	get_inventory	Gets inventory data from Consignly.	1
https://zapier.com/Search/GetReportCarrierCharges	zapier.com.ai	Search	GetReportCarrierCharges	get_report_carrier_charges	get_report_carrier_charges	Gets carrier charges over a period	1
https://zapier.com/Search/GetReportClientCharges	zapier.com.ai	Search	GetReportClientCharges	get_report_client_charges	get_report_client_charges	Gets client charges over a period	1
https://zapier.com/Search/GetReportConsignmentMetrics	zapier.com.ai	Search	GetReportConsignmentMetrics	get_report_consignment_metrics	get_report_consignment_metrics	Gets consignment metrics over a period	1
https://zapier.com/Search/GetReportConsignmentProductDetail	zapier.com.ai	Search	GetReportConsignmentProductDetail	get_report_consignment_product_detail	get_report_consignment_product_detail	Get consignment product detail data for a period	1
https://zapier.com/Search/GetReportConsignmentProductDue	zapier.com.ai	Search	GetReportConsignmentProductDue	get_report_consignment_product_due	get_report_consignment_product_due	Gets consignment product due into store over a period	1
https://zapier.com/Search/GetReportFreightMargin	zapier.com.ai	Search	GetReportFreightMargin	get_report_freight_margin	get_report_freight_margin	Get freight margin data over a period	1
https://zapier.com/Search/GetReportLocationStatus	zapier.com.ai	Search	GetReportLocationStatus	get_report_location_status	get_report_location_status	Gets the status of locations in a warehouse	1
https://zapier.com/Search/GetReportProductTransactionDetail	zapier.com.ai	Search	GetReportProductTransactionDetail	get_report_product_transaction_detail	get_report_product_transaction_detail	Get product transaction detail by effective date over a period	1
https://zapier.com/Search/GetReportScheduledTransactions	zapier.com.ai	Search	GetReportScheduledTransactions	get_report_scheduled_transactions	get_report_scheduled_transactions	Get details of transactions that have been added to a schedule over a period	1
https://zapier.com/Search/GetReportScheduleSummary	zapier.com.ai	Search	GetReportScheduleSummary	get_report_schedule_summary	get_report_schedule_summary	Get a summary of schedules dated during the period	1
https://zapier.com/Search/GetReportStockAge	zapier.com.ai	Search	GetReportStockAge	get_report_stock_age	get_report_stock_age	Get stock as at now or for a point in time, showing date received	1
https://zapier.com/Search/GetReportStockBalance	zapier.com.ai	Search	GetReportStockBalance	get_report_stock_balance	get_report_stock_balance	Get stock balance as at now, or for a point in time	1
https://zapier.com/Search/GetReportStockOnHand	zapier.com.ai	Search	GetReportStockOnHand	get_report_stock_on_hand	get_report_stock_on_hand	Get stock on hand as at now, or for a point in time	1
https://zapier.com/Search/GetReportStockPosition	zapier.com.ai	Search	GetReportStockPosition	get_report_stock_position	get_report_stock_position	Get stock position as at now, or for a point in time	1
https://zapier.com/Search/GetSchedule	zapier.com.ai	Search	GetSchedule	get_schedule	get_schedule	Gets a schedule's detail.  
This action is available for organisation users wishing to fetch a specific schedule for a partner.  The user must have permission to access schedules in order to use this action.	1
https://zapier.com/Search/Getorder	zapier.com.ai	Search	Getorder	getorder	getOrder	Find Order by Order Number.	1
https://zapier.com/Search/Ordershipments	zapier.com.ai	Search	Ordershipments	ordershipments	orderShipments	Get shipments for given Order Number.	1
https://zapier.com/Search/Getbooking	zapier.com.ai	Search	Getbooking	getbooking	GetBooking	Get a booking record.	1
https://zapier.com/Search/Getcompany	zapier.com.ai	Search	Getcompany	getcompany	GetCompany	Gets a Company record.	1
https://zapier.com/Search/Getcourse	zapier.com.ai	Search	Getcourse	getcourse	GetCourse	Gets a Course record.	1
https://zapier.com/Search/Getdelegate	zapier.com.ai	Search	Getdelegate	getdelegate	GetDelegate	Get a delegate record.	1
https://zapier.com/Search/Getschedule	zapier.com.ai	Search	Getschedule	getschedule	GetSchedule	Get a Schedule record	1
https://zapier.com/Search/Getscheduledelegate	zapier.com.ai	Search	Getscheduledelegate	getscheduledelegate	GetScheduleDelegate	Get a Schedule Delegate record.	1
https://zapier.com/Search/CardholderSearch	zapier.com.ai	Search	CardholderSearch	cardholder_search	cardholder_search	Find a cardholder by account ID, name, or custom ID	1
https://zapier.com/Search/GuessEmail	zapier.com.ai	Search	GuessEmail	guess_email	guess_email	Find an email address from the name and the company name of a contact.	1
https://zapier.com/Search/FindFulfillmentOrder	zapier.com.ai	Search	FindFulfillmentOrder	find_fulfillment_order	find_fulfillment_order	Finds a fulfillment order.	1
https://zapier.com/Search/Getaccount	zapier.com.ai	Search	Getaccount	getaccount	getAccount	Search for an account by its website URL.	1
https://zapier.com/Search/Getopportunity	zapier.com.ai	Search	Getopportunity	getopportunity	getOpportunity	Search for an opportunity by its name.	1
https://zapier.com/Search/FindDocumentDownloadUrl	zapier.com.ai	Search	FindDocumentDownloadUrl	find_document_download_url	find_document_download_url	Find the download URL of the latest revision of the document.	1
https://zapier.com/Search/FindDocumentMetadataValue	zapier.com.ai	Search	FindDocumentMetadataValue	find_document_metadata_value	find_document_metadata_value	Finds a specific metadata value of a document.	1
https://zapier.com/Search/FindDocumentMetadataValues	zapier.com.ai	Search	FindDocumentMetadataValues	find_document_metadata_values	find_document_metadata_values	Finds all metadata values of a document.	1
https://zapier.com/Search/FindDocumentParties	zapier.com.ai	Search	FindDocumentParties	find_document_parties	find_document_parties	Finds the parties associated with a document.	1
https://zapier.com/Search/FindDynamicField	zapier.com.ai	Search	FindDynamicField	find_dynamic_field	find_dynamic_field	Finds a dynamic field of a document.	1
https://zapier.com/Search/FindSignatories	zapier.com.ai	Search	FindSignatories	find_signatories	find_signatories	Finds the signatories of a document.	1
https://zapier.com/Search/ListDynamicFields	zapier.com.ai	Search	ListDynamicFields	list_dynamic_fields	list_dynamic_fields	Finds all dynamic fields for the selected document.	1
https://zapier.com/Search/IssuesList	zapier.com.ai	Search	IssuesList	issues_list	issues_list	Search for an Issue.	1
https://zapier.com/Search/IssuesOccurrencesList	zapier.com.ai	Search	IssuesOccurrencesList	issues_occurrences_list	issues_occurrences_list	Search for an Occurrence of an Issue.	1
https://zapier.com/Search/TargetsList	zapier.com.ai	Search	TargetsList	targets_list	targets_list	Search for a Target.	1
https://zapier.com/Search/GenerateLlnReport	zapier.com.ai	Search	GenerateLlnReport	generate_lln_report	generate_lln_report	Generates the LLN Report for the given client and course.	1
https://zapier.com/Search/GetCourses	zapier.com.ai	Search	GetCourses	get_courses	get_courses	Retrieves the list of courses defined in your LLN Robot deployment.	1
https://zapier.com/Search/GetLearners	zapier.com.ai	Search	GetLearners	get_learners	get_learners	Retrieves all learners, optionally filtered by the date/time last updated, email address or completed flag.	1
https://zapier.com/Search/EnrichPerson	zapier.com.ai	Search	EnrichPerson	enrich_person	enrich_person	Gain Insights about a Person based on just fragments of contact information.	1
https://zapier.com/Search/VerifyActivity	zapier.com.ai	Search	VerifyActivity	verify_activity	verify_activity	Compare a users data to how active those pieces of PII are in the online universe, or if their in-activity is indicative of synthetic fraud.	1
https://zapier.com/Search/VerifySignals	zapier.com.ai	Search	VerifySignals	verify_signals	verify_signals	Gain verification insights about a Person based on just fragments of contact information.	1
https://zapier.com/Search/FindSingleRecord	zapier.com.ai	Search	FindSingleRecord	find_single_record	find_single_record	Finds a record in the form with the Data ID. The Instance ID equals the Data ID when the record is in a workflow form.	1
https://zapier.com/Search/ObtainPromiseDetails	zapier.com.ai	Search	ObtainPromiseDetails	obtain_promise_details	obtain_promise_details	Obtain promise details in GCI.	1
https://zapier.com/Search/ObtainSellerByQuote	zapier.com.ai	Search	ObtainSellerByQuote	obtain_seller_by_quote	obtain_seller_by_quote	Obtain seller by Quote in GCI.	1
https://zapier.com/Search/ObtainSellerByRut	zapier.com.ai	Search	ObtainSellerByRut	obtain_seller_by_rut	obtain_seller_by_rut	Obtain seller by RUT in GCI.	1
https://zapier.com/Search/FindChecklist	zapier.com.ai	Search	FindChecklist	find_checklist	find_checklist	Finds a Checklist	1
https://zapier.com/Search/Joblistsearch	zapier.com.ai	Search	Joblistsearch	joblistsearch	jobListSearch	Search for jobs by title	1
https://zapier.com/Search/Onlinejobslistsearch	zapier.com.ai	Search	Onlinejobslistsearch	onlinejobslistsearch	onlineJobsListSearch	Search for online jobs by title	1
https://zapier.com/Search/Requestsearch	zapier.com.ai	Search	Requestsearch	requestsearch	requestSearch	Finds a request by ID, Status or Item ID.	1
https://zapier.com/Search/SearchArticle	zapier.com.ai	Search	SearchArticle	search_article	search_article	Finds an Article based on the provided search criteria in Craftboxx.	1
https://zapier.com/Search/Campaignrecordsearch	zapier.com.ai	Search	Campaignrecordsearch	campaignrecordsearch	campaignRecordSearch	Finds a campaign record.	1
https://zapier.com/Search/Crmrecordsearch	zapier.com.ai	Search	Crmrecordsearch	crmrecordsearch	crmRecordSearch	Finds a CRM record.	1
https://zapier.com/Search/Card	zapier.com.ai	Search	Card	card	card	Finds a task.	1
https://zapier.com/Search/Cardssearch	zapier.com.ai	Search	Cardssearch	cardssearch	cardsSearch	Finds a card.	1
https://zapier.com/Search/Getexpiredlicenses	zapier.com.ai	Search	Getexpiredlicenses	getexpiredlicenses	GetExpiredLicenses	Returns licenses that are about to expire in a set number of days, allowing you to notify customers.	1
https://zapier.com/Search/FindOrCreateContactV2	zapier.com.ai	Search	FindOrCreateContactV2	find_or_create_contact_v2	find_or_create_contact_v2	Find a Contact, or if not found, Create one with the fields provided	1
https://zapier.com/Search/FindOrCreateTask	zapier.com.ai	Search	FindOrCreateTask	find_or_create_task	find_or_create_task	Find a Task, or Create one if not found	1
https://zapier.com/Search/FindBooleanChoiceElement	zapier.com.ai	Search	FindBooleanChoiceElement	find_boolean_choice_element	find_boolean_choice_element	Findet ein Ja / Nein Element im Check	1
https://zapier.com/Search/FindConfirmationElement	zapier.com.ai	Search	FindConfirmationElement	find_confirmation_element	find_confirmation_element	Findet ein Confirmation Element im Check	1
https://zapier.com/Search/FindMultipleChoiceElement	zapier.com.ai	Search	FindMultipleChoiceElement	find_multiple_choice_element	find_multiple_choice_element	Findet ein Multiple Choice Element im Check	1
https://zapier.com/Search/FindPdfeditorElement	zapier.com.ai	Search	FindPdfeditorElement	find_pdfeditor_element	find_pdfeditor_element	Findet ein PDF Editor Element im Check	1
https://zapier.com/Search/FindSignatureElement	zapier.com.ai	Search	FindSignatureElement	find_signature_element	find_signature_element	Findet ein Signature Element im Check	1
https://zapier.com/Search/FindSingleChoiceElement	zapier.com.ai	Search	FindSingleChoiceElement	find_single_choice_element	find_single_choice_element	Findet ein Single Choice Element im Check	1
https://zapier.com/Search/FindTextElement	zapier.com.ai	Search	FindTextElement	find_text_element	find_text_element	Findet ein Textanfrage Element im Check	1
https://zapier.com/Search/Alert	zapier.com.ai	Search	Alert	alert	alert	Searches Alert.	1
https://zapier.com/Search/Incident	zapier.com.ai	Search	Incident	incident	incident	Searches Incident.	1
https://zapier.com/Search/Pulse	zapier.com.ai	Search	Pulse	pulse	pulse	Searches Pulse.	1
https://zapier.com/Search/FindOperator	zapier.com.ai	Search	FindOperator	find_operator	find_operator	Retrieve an Operator's details by its ID.	1
https://zapier.com/Search/RetriveAllActionForJob	zapier.com.ai	Search	RetriveAllActionForJob	retrive_all_action_for_job	retrive_all_action_for_job	Retrieve all actions for a Job.	1
https://zapier.com/Search/SearchJobApiIds	zapier.com.ai	Search	SearchJobApiIds	search_job_api_ids	search_job_api_ids	Search for Job API IDs where the date is within a certain start and end range (within 30 days), as well as other criteria:

Status
Quick description
Job Reference ID
Confirmation status
Branch Reference ID
Distribution Center Reference ID	1
https://zapier.com/Search/Directorysearch	zapier.com.ai	Search	Directorysearch	directorysearch	directorySearch	Finds a directory.	1
https://zapier.com/Search/FindLanguage	zapier.com.ai	Search	FindLanguage	find_language	find_language	Finds language by Crowdin code, locale or name.	1
https://zapier.com/Search/Stringsearch	zapier.com.ai	Search	Stringsearch	stringsearch	stringSearch	Finds a string by text.	1
https://zapier.com/Search/Contactbyoriginalid	zapier.com.ai	Search	Contactbyoriginalid	contactbyoriginalid	contactByOriginalId	Search for a contact in a specific list.	1
https://zapier.com/Search/Stock	zapier.com.ai	Search	Stock	stock	stock	Searches for stock levels by product name or SKU.	1
https://zapier.com/Search/GetExportcsvOrders	zapier.com.ai	Search	GetExportcsvOrders	get_exportcsv_orders	get_exportcsv_orders	Generates a CSV export file for Customer Orders (the "Orders Export by Date" report) and outputs to a string.	1
https://zapier.com/Search/CustomerFilter	zapier.com.ai	Search	CustomerFilter	customer_filter	customer_filter	Search customers using a filter	1
https://zapier.com/Search/DealFilter	zapier.com.ai	Search	DealFilter	deal_filter	deal_filter	Search deals using a filter	1
https://zapier.com/Search/LeadById	zapier.com.ai	Search	LeadById	lead_by_id	lead_by_id	Find a lead by its ID	1
https://zapier.com/Search/LeadFilter	zapier.com.ai	Search	LeadFilter	lead_filter	lead_filter	Search leads using a filter	1
https://zapier.com/Search/ScheduledPayment	zapier.com.ai	Search	ScheduledPayment	scheduled_payment	scheduled_payment	Finds a scheduled payment based on status.	1
https://zapier.com/Search/Transaction	zapier.com.ai	Search	Transaction	transaction	transaction	Finds a transaction.	1
https://zapier.com/Search/AmbassadorGet	zapier.com.ai	Search	AmbassadorGet	ambassador_get	ambassador_get	Look up an ambassador by email	1
https://zapier.com/Search/ShortcodeGet	zapier.com.ai	Search	ShortcodeGet	shortcode_get	shortcode_get	Find an Ambassador by shortcode, to validate shortcode	1
https://zapier.com/Search/FindCalendar	zapier.com.ai	Search	FindCalendar	find_calendar	find_calendar	Find a Calendar in the system	1
https://zapier.com/Search/FindCoupon	zapier.com.ai	Search	FindCoupon	find_coupon	find_coupon	Find a Coupon in the system	1
https://zapier.com/Search/FindCoupontype	zapier.com.ai	Search	FindCoupontype	find_coupontype	find_coupontype	Find a Coupon type in the system	1
https://zapier.com/Search/FindGiftcard	zapier.com.ai	Search	FindGiftcard	find_giftcard	find_giftcard	Find a Giftcard in the system	1
https://zapier.com/Search/FindGiftcardtype	zapier.com.ai	Search	FindGiftcardtype	find_giftcardtype	find_giftcardtype	Find a Giftcard type in the system	1
https://zapier.com/Search/FindOrCreateProduct	zapier.com.ai	Search	FindOrCreateProduct	find_or_create_product	find_or_create_product	Find a product in the system, or creates one if it doesn't exist.	1
https://zapier.com/Search/FindPaymentMethod	zapier.com.ai	Search	FindPaymentMethod	find_payment_method	find_payment_method	Find an Payment Method in the system	1
https://zapier.com/Search/FindProductgroup	zapier.com.ai	Search	FindProductgroup	find_productgroup	find_productgroup	Find a productgroup in the system	1
https://zapier.com/Search/FindVatRate	zapier.com.ai	Search	FindVatRate	find_vat_rate	find_vat_rate	Find a Vat Rate in the system	1
https://zapier.com/Search/GetContactTags	zapier.com.ai	Search	GetContactTags	get_contact_tags	get_contact_tags	Get all the tags associated with the specified contact.	1
https://zapier.com/Search/GetTransactionCommissions	zapier.com.ai	Search	GetTransactionCommissions	get_transaction_commissions	get_transaction_commissions	Retrieve all the commission information for a transaction.	1
https://zapier.com/Search/GetTransactionDates	zapier.com.ai	Search	GetTransactionDates	get_transaction_dates	get_transaction_dates	Retrieve all the dates for a transaction.	1
https://zapier.com/Search/GetTransactionEarnestMoney	zapier.com.ai	Search	GetTransactionEarnestMoney	get_transaction_earnest_money	get_transaction_earnest_money	Retrieve the earnest money information for a transaction.	1
https://zapier.com/Search/GetTransactionFinancial	zapier.com.ai	Search	GetTransactionFinancial	get_transaction_financial	get_transaction_financial	Retrieve all the financial information for a transaction.	1
https://zapier.com/Search/GetTransactionPeople	zapier.com.ai	Search	GetTransactionPeople	get_transaction_people	get_transaction_people	Gets all the contacts, vendors, and accounts listed in the People tab of a Transaction.	1
https://zapier.com/Search/GetTransactionProperty	zapier.com.ai	Search	GetTransactionProperty	get_transaction_property	get_transaction_property	Retrieves the property information for a transaction.	1
https://zapier.com/Search/GetVendor	zapier.com.ai	Search	GetVendor	get_vendor	get_vendor	Retrieve a vendor by ID.	1
https://zapier.com/Search/SearchFetch	zapier.com.ai	Search	SearchFetch	search_fetch	search_fetch	Fetch a Jira issue or Confluence page directly by its Atlassian Resource Identifier (ARI).	1
https://zapier.com/Search/SearchGetjiraissue	zapier.com.ai	Search	SearchGetjiraissue	search_getjiraissue	search_getJiraIssue	Retrieve the latest details for a Jira issue by key or ID.	1
https://zapier.com/Search/SearchGetjiraissueremoteissuelinks	zapier.com.ai	Search	SearchGetjiraissueremoteissuelinks	search_getjiraissueremoteissuelinks	search_getJiraIssueRemoteIssueLinks	Return the remote issue links attached to a Jira issue.	1
https://zapier.com/Search/SearchGetjiraprojectissuetypesmetadata	zapier.com.ai	Search	SearchGetjiraprojectissuetypesmetadata	search_getjiraprojectissuetypesmetadata	search_getJiraProjectIssueTypesMetadata	List the issue types available in a Jira project and review required fields for each type.	1
https://zapier.com/Search/SearchGettransitionsforjiraissue	zapier.com.ai	Search	SearchGettransitionsforjiraissue	search_gettransitionsforjiraissue	search_getTransitionsForJiraIssue	List the workflow transitions currently available for the selected Jira issue, including required fields.	1
https://zapier.com/Search/SearchGetvisiblejiraprojects	zapier.com.ai	Search	SearchGetvisiblejiraprojects	search_getvisiblejiraprojects	search_getVisibleJiraProjects	Discover Jira projects you can access along with their keys and details.	1
https://zapier.com/Search/SearchLookupjiraaccountid	zapier.com.ai	Search	SearchLookupjiraaccountid	search_lookupjiraaccountid	search_lookupJiraAccountId	Search for Jira users by name or email to get their account IDs.	1
https://zapier.com/Search/SearchSearchjiraissuesusingjql	zapier.com.ai	Search	SearchSearchjiraissuesusingjql	search_searchjiraissuesusingjql	search_searchJiraIssuesUsingJql	Run an advanced JQL query to find Jira issues that match your specific filters.	1
https://zapier.com/Search/ListAccount	zapier.com.ai	Search	ListAccount	list_account	list_account	Lists all accounts tied to a user.	1
https://zapier.com/Search/ListStatusId	zapier.com.ai	Search	ListStatusId	list_status_id	list_status_id	Lists all status IDs.	1
https://zapier.com/Search/MakeReport	zapier.com.ai	Search	MakeReport	make_report	make_report	Sends a query to make a custom report for all the intended teams or users for the given KPIs.	1
https://zapier.com/Search/FindCampaignDetails	zapier.com.ai	Search	FindCampaignDetails	find_campaign_details	find_campaign_details	Finds campaign details by Campaign ID	1
https://zapier.com/Search/ContactResourcesearch	zapier.com.ai	Search	ContactResourcesearch	contact_resourcesearch	contact_resourceSearch	Finds a contact.	1
https://zapier.com/Search/GroupResourcesearch	zapier.com.ai	Search	GroupResourcesearch	group_resourcesearch	group_resourceSearch	Finds a Group.	1
https://zapier.com/Search/Numberverifier	zapier.com.ai	Search	Numberverifier	numberverifier	numberVerifier	Searches for information (like formatting options, number type or carrier) of a phone number.	1
https://zapier.com/Search/FindContactsByEmail	zapier.com.ai	Search	FindContactsByEmail	find_contacts_by_email	find_contacts_by_email	Find 1 or more contacts by email.	1
https://zapier.com/Search/FindContactsByPhone	zapier.com.ai	Search	FindContactsByPhone	find_contacts_by_phone	find_contacts_by_phone	Find 1 or more contacts by phone.	1
https://zapier.com/Search/SeachWorkforces	zapier.com.ai	Search	SeachWorkforces	seach_workforces	seach_workforces	Search Workforces that you are allowed to access to.	1
https://zapier.com/Search/SearchAgents	zapier.com.ai	Search	SearchAgents	search_agents	search_agents	Search Agents that you are allowed to access to.	1
https://zapier.com/Search/SearchConversations	zapier.com.ai	Search	SearchConversations	search_conversations	search_conversations	Search Existing Conversations with the Agent	1
https://zapier.com/Search/BulkRegistration	zapier.com.ai	Search	BulkRegistration	bulk_registration	bulk_registration	This is action to get registration list from event or webinar	1
https://zapier.com/Search/FindBasket	zapier.com.ai	Search	FindBasket	find_basket	find_basket	Finds a basket in your wuro account.	1
https://zapier.com/Search/FindReceipt	zapier.com.ai	Search	FindReceipt	find_receipt	find_receipt	Finds a receipt in your wuro account.	1
https://zapier.com/Search/SearchEventContactSessions	zapier.com.ai	Search	SearchEventContactSessions	search_event_contact_sessions	search_event_contact_sessions	Get a contact's sessions by event ID and contact ID	1
https://zapier.com/Search/SearchExhibitor	zapier.com.ai	Search	SearchExhibitor	search_exhibitor	search_exhibitor	Find an exhibitor by resource URL	1
https://zapier.com/Search/SearchOrganizationContactSessions	zapier.com.ai	Search	SearchOrganizationContactSessions	search_organization_contact_sessions	search_organization_contact_sessions	Get a contact's sessions by organization ID and contact ID	1
https://zapier.com/Search/SearchSession	zapier.com.ai	Search	SearchSession	search_session	search_session	Find a session by resource URL	1
https://zapier.com/Search/SearchSponsor	zapier.com.ai	Search	SearchSponsor	search_sponsor	search_sponsor	Find a sponsor by resource URL	1
https://zapier.com/Search/FindTransaction	zapier.com.ai	Search	FindTransaction	find_transaction	find_transaction	Find a transaction by ID	1
https://zapier.com/Search/RetrieveRecipientById	zapier.com.ai	Search	RetrieveRecipientById	retrieve_recipient_by_id	retrieve_recipient_by_id	Retrieve all details of a recipient by Recipient ID.	1
https://zapier.com/Search/Findeffort	zapier.com.ai	Search	Findeffort	findeffort	FindEffort	Finds an OptiPub effort.	1
https://zapier.com/Search/ActivitySearchV2	zapier.com.ai	Search	ActivitySearchV2	activity_search_v2	activity_search_v2	Finds an existing activity.	1
https://zapier.com/Search/ProjectSearchV2	zapier.com.ai	Search	ProjectSearchV2	project_search_v2	project_search_v2	Finds an existing project.	1
https://zapier.com/Search/TimelogSearchV2	zapier.com.ai	Search	TimelogSearchV2	timelog_search_v2	timelog_search_v2	Finds an existing time log.	1
https://zapier.com/Search/FindCardByExternalId	zapier.com.ai	Search	FindCardByExternalId	find_card_by_external_id	find_card_by_external_id	Finds a Card by External ID	1
https://zapier.com/Search/SearchBoard	zapier.com.ai	Search	SearchBoard	search_board	search_board	Lookup board.	1
https://zapier.com/Search/SearchSpace	zapier.com.ai	Search	SearchSpace	search_space	search_space	Lookup space.	1
https://zapier.com/Search/GetCustomerOrder	zapier.com.ai	Search	GetCustomerOrder	get_customer_order	get_customer_order	Get a customer order by order number.	1
https://zapier.com/Search/FindCustomObjectData	zapier.com.ai	Search	FindCustomObjectData	find_custom_object_data	find_custom_object_data	Finds a custom object data based on id orname.	1
https://zapier.com/Search/Findbookingbybookingid	zapier.com.ai	Search	Findbookingbybookingid	findbookingbybookingid	FindBookingByBookingId	Find Booking by Booking Id	1
https://zapier.com/Search/Finddescendantworkflowsbyworkflowid	zapier.com.ai	Search	Finddescendantworkflowsbyworkflowid	finddescendantworkflowsbyworkflowid	FindDescendantWorkflowsByWorkflowId	Find Descendants Workflows by Workflow Id	1
https://zapier.com/Search/Findnumberbynumberid	zapier.com.ai	Search	Findnumberbynumberid	findnumberbynumberid	FindNumberByNumberId	Find Number by Number Id	1
https://zapier.com/Search/Findorderbyorderid	zapier.com.ai	Search	Findorderbyorderid	findorderbyorderid	FindOrderByOrderId	Find Order by Order Id	1
https://zapier.com/Search/Findresourcebyresourceid	zapier.com.ai	Search	Findresourcebyresourceid	findresourcebyresourceid	FindResourceByResourceId	Find Resource by Resource Id	1
https://zapier.com/Search/Finduserbyuserid	zapier.com.ai	Search	Finduserbyuserid	finduserbyuserid	FindUserByUserId	Find User by User Id	1
https://zapier.com/Search/Findworkflowbyworkflowid	zapier.com.ai	Search	Findworkflowbyworkflowid	findworkflowbyworkflowid	FindWorkflowByWorkflowId	Used for finding projects	1
https://zapier.com/Search/Searchbookings	zapier.com.ai	Search	Searchbookings	searchbookings	SearchBookings	Search Booking IDs	1
https://zapier.com/Search/Searchorders	zapier.com.ai	Search	Searchorders	searchorders	SearchOrders	Search Order IDs	1
https://zapier.com/Search/GetActiveTimers	zapier.com.ai	Search	GetActiveTimers	get_active_timers	get_active_timers	Get active timers in Seven Time.	1
https://zapier.com/Search/GetContactPersonById	zapier.com.ai	Search	GetContactPersonById	get_contact_person_by_id	get_contact_person_by_id	Gets a contact person by ID in Seven Time.	1
https://zapier.com/Search/GetContactPersonByName	zapier.com.ai	Search	GetContactPersonByName	get_contact_person_by_name	get_contact_person_by_name	Gets a Contact Person by name in Seven Time.	1
https://zapier.com/Search/GetCustomerById	zapier.com.ai	Search	GetCustomerById	get_customer_by_id	get_customer_by_id	Get customer by ID from Seven Time.	1
https://zapier.com/Search/GetInvoiceById	zapier.com.ai	Search	GetInvoiceById	get_invoice_by_id	get_invoice_by_id	Get invoice by Id from Seven Time.	1
https://zapier.com/Search/GetTimeLog	zapier.com.ai	Search	GetTimeLog	get_time_log	get_time_log	Get a time log from Seven Time	1
https://zapier.com/Search/GetWorkOrder	zapier.com.ai	Search	GetWorkOrder	get_work_order	get_work_order	Get work order by title or number from Seven Time.	1
https://zapier.com/Search/GetWorkOrderById	zapier.com.ai	Search	GetWorkOrderById	get_work_order_by_id	get_work_order_by_id	Get work order by id from Seven Time.	1
https://zapier.com/Search/Shipmentsearch	zapier.com.ai	Search	Shipmentsearch	shipmentsearch	shipmentSearch	Find a shipment by specified criteria.	1
https://zapier.com/Search/FindCommunicationsLog	zapier.com.ai	Search	FindCommunicationsLog	find_communications_log	find_communications_log	Finds a Communications Log.	1
https://zapier.com/Search/FindExpenseForecast	zapier.com.ai	Search	FindExpenseForecast	find_expense_forecast	find_expense_forecast	Finds a expense forecast in the system.	1
https://zapier.com/Search/FindPlaintiff	zapier.com.ai	Search	FindPlaintiff	find_plaintiff	find_plaintiff	Finds a plaintiff based on name or matter.	1
https://zapier.com/Search/FindRecoveryDistibution	zapier.com.ai	Search	FindRecoveryDistibution	find_recovery_distibution	find_recovery_distibution	Finds a recovery distibution.	1
https://zapier.com/Search/FindRecoveryParty	zapier.com.ai	Search	FindRecoveryParty	find_recovery_party	find_recovery_party	Finds a recovery party.	1
https://zapier.com/Search/FindRecoveryPhase	zapier.com.ai	Search	FindRecoveryPhase	find_recovery_phase	find_recovery_phase	Finds a recovery phase.	1
https://zapier.com/Search/FindRecoveryTransaction	zapier.com.ai	Search	FindRecoveryTransaction	find_recovery_transaction	find_recovery_transaction	Finds a recovery transaction.	1
https://zapier.com/Search/FindRevenueForecast	zapier.com.ai	Search	FindRevenueForecast	find_revenue_forecast	find_revenue_forecast	Find a revenue forecast in the system.	1
https://zapier.com/Search/FindTimeslip	zapier.com.ai	Search	FindTimeslip	find_timeslip	find_timeslip	Find a TimeSlip in system.	1
https://zapier.com/Search/FindCrmSale	zapier.com.ai	Search	FindCrmSale	find_crm_sale	find_crm_sale	Find a CRM Sale record	1
https://zapier.com/Search/FindCustomerbymeta	zapier.com.ai	Search	FindCustomerbymeta	find_customerbymeta	find_customerbymeta	Find Customer (Using CoC)	1
https://zapier.com/Search/FindCustomerbymetavat	zapier.com.ai	Search	FindCustomerbymetavat	find_customerbymetavat	find_customerbymetavat	Find Customer (using VAT number)	1
https://zapier.com/Search/GetDeactivatedJobs	zapier.com.ai	Search	GetDeactivatedJobs	get_deactivated_jobs	get_deactivated_jobs	Find deactivated Jobs.	1
https://zapier.com/Search/GetNewContacts	zapier.com.ai	Search	GetNewContacts	get_new_contacts	get_new_contacts	Find new contacts on a network.	1
https://zapier.com/Search/GetNewJobs	zapier.com.ai	Search	GetNewJobs	get_new_jobs	get_new_jobs	Find new jobs on a network.	1
https://zapier.com/Search/FindCustomMeme	zapier.com.ai	Search	FindCustomMeme	find_custom_meme	find_custom_meme	Finds a popular custom meme matching the text specified.	1
https://zapier.com/Search/FindExampleMeme	zapier.com.ai	Search	FindExampleMeme	find_example_meme	find_example_meme	Finds an example meme matching the template name or example text specified.	1
https://zapier.com/Search/FindDivision	zapier.com.ai	Search	FindDivision	find_division	find_division	Finds a division by name.	1
https://zapier.com/Search/FindMytimeentry	zapier.com.ai	Search	FindMytimeentry	find_mytimeentry	find_mytimeEntry	Finds my time entries by date. Only works for time entries for yourself, and not other users.	1
https://zapier.com/Search/FindMytimeoffentry	zapier.com.ai	Search	FindMytimeoffentry	find_mytimeoffentry	find_mytimeoffentry	Finds my time off entries by date.	1
https://zapier.com/Search/Findevent	zapier.com.ai	Search	Findevent	findevent	findEvent	Search for an event by its Id.	1
https://zapier.com/Search/GetLoggedActivity	zapier.com.ai	Search	GetLoggedActivity	get_logged_activity	get_logged_activity	Gets details for a single logged activity by ID.	1
https://zapier.com/Search/Getviesdata	zapier.com.ai	Search	Getviesdata	getviesdata	getVIESData	Function to confirm the activity of the EU VAT number assigned by any of the European Union Member States and download company data from VAT Information and Exchange System (VIES)	1
https://zapier.com/Search/FindLeaveType	zapier.com.ai	Search	FindLeaveType	find_leave_type	find_leave_type	Finds a leave type in the system.	1
https://zapier.com/Search/NameToDomain	zapier.com.ai	Search	NameToDomain	name_to_domain	name_to_domain	Finds a company website and domain name using the supplied company name.	1
https://zapier.com/Search/SearchAddresses	zapier.com.ai	Search	SearchAddresses	search_addresses	search_addresses	Locate an address in Wherefour.	1
https://zapier.com/Search/SearchInventory	zapier.com.ai	Search	SearchInventory	search_inventory	search_inventory	Locate inventory in Wherefour by SKU or Inventory Item Name.	1
https://zapier.com/Search/SearchPurchase	zapier.com.ai	Search	SearchPurchase	search_purchase	search_purchase	Locate a purchase order in Wherefour, based on the Wherefour purchase order number.	1
https://zapier.com/Search/LoadRowById	zapier.com.ai	Search	LoadRowById	load_row_by_id	load_row_by_id	Loads a row based on its ID.	1
https://zapier.com/Search/FetchUser	zapier.com.ai	Search	FetchUser	fetch_user	fetch_user	Retrieves a user's information from Zoho One	1
https://zapier.com/Search/FetchManyConventions	zapier.com.ai	Search	FetchManyConventions	fetch_many_conventions	fetch_many_conventions	Fetches many conventions.	1
https://zapier.com/Search/FetchManyConvocations	zapier.com.ai	Search	FetchManyConvocations	fetch_many_convocations	fetch_many_convocations	Fetches many convocations.	1
https://zapier.com/Search/FetchManyCustomers	zapier.com.ai	Search	FetchManyCustomers	fetch_many_customers	fetch_many_customers	Fetches many customers.	1
https://zapier.com/Search/FetchManyFormations	zapier.com.ai	Search	FetchManyFormations	fetch_many_formations	fetch_many_formations	Fetches many formations.	1
https://zapier.com/Search/FetchManyLearners	zapier.com.ai	Search	FetchManyLearners	fetch_many_learners	fetch_many_learners	Fetches many learners.	1
https://zapier.com/Search/FetchManyLocations	zapier.com.ai	Search	FetchManyLocations	fetch_many_locations	fetch_many_locations	Fetches many locations.	1
https://zapier.com/Search/FetchManyModules	zapier.com.ai	Search	FetchManyModules	fetch_many_modules	fetch_many_modules	Fetches many modules.	1
https://zapier.com/Search/FetchManySessiondates	zapier.com.ai	Search	FetchManySessiondates	fetch_many_sessiondates	fetch_many_sessionDates	Fetches many learning session dates.	1
https://zapier.com/Search/FetchManySessions	zapier.com.ai	Search	FetchManySessions	fetch_many_sessions	fetch_many_sessions	Fetches many sessions.	1
https://zapier.com/Search/FetchManyTrainers	zapier.com.ai	Search	FetchManyTrainers	fetch_many_trainers	fetch_many_trainers	Fetches many trainers.	1
https://zapier.com/Search/FetchOneConvention	zapier.com.ai	Search	FetchOneConvention	fetch_one_convention	fetch_one_convention	Fetches one convention by uuid.	1
https://zapier.com/Search/FetchOneConvocation	zapier.com.ai	Search	FetchOneConvocation	fetch_one_convocation	fetch_one_convocation	Fetches one convocation by uuid.	1
https://zapier.com/Search/FetchOneCustomer	zapier.com.ai	Search	FetchOneCustomer	fetch_one_customer	fetch_one_customer	Fetches one customer by uuid.	1
https://zapier.com/Search/FetchOneFormation	zapier.com.ai	Search	FetchOneFormation	fetch_one_formation	fetch_one_formation	Fetches one formation by uuid.	1
https://zapier.com/Search/FetchOneLearner	zapier.com.ai	Search	FetchOneLearner	fetch_one_learner	fetch_one_learner	Fetches one learner by uuid.	1
https://zapier.com/Search/FetchOneLocation	zapier.com.ai	Search	FetchOneLocation	fetch_one_location	fetch_one_location	Fetches one location by uuid.	1
https://zapier.com/Search/FetchOneModule	zapier.com.ai	Search	FetchOneModule	fetch_one_module	fetch_one_module	Fetches one module by uuid.	1
https://zapier.com/Search/FetchOneQualiobee	zapier.com.ai	Search	FetchOneQualiobee	fetch_one_qualiobee	fetch_one_qualiobee	Fetches one qualiobee by uuid.	1
https://zapier.com/Search/FetchOneSession	zapier.com.ai	Search	FetchOneSession	fetch_one_session	fetch_one_session	Fetches one learning session by uuid.	1
https://zapier.com/Search/FetchOneSessiondate	zapier.com.ai	Search	FetchOneSessiondate	fetch_one_sessiondate	fetch_one_sessionDate	Fetches one learning session date by uuid.	1
https://zapier.com/Search/FetchOneTrainer	zapier.com.ai	Search	FetchOneTrainer	fetch_one_trainer	fetch_one_trainer	Fetches one trainer by uuid.	1
https://zapier.com/Search/QueryWhois	zapier.com.ai	Search	QueryWhois	query_whois	query_whois	Query WHOIS record	1
https://zapier.com/Search/CommercialDocumentSeries	zapier.com.ai	Search	CommercialDocumentSeries	commercial_document_series	commercial_document_series	Find document series	1
https://zapier.com/Search/GetProducts	zapier.com.ai	Search	GetProducts	get_products	get_products	Find products in the system	1
https://zapier.com/Search/GetPurchaseDocument	zapier.com.ai	Search	GetPurchaseDocument	get_purchase_document	get_purchase_document	Find purchase document	1
https://zapier.com/Search/GetReceiptDocument	zapier.com.ai	Search	GetReceiptDocument	get_receipt_document	get_receipt_document	Find sales receipt document	1
https://zapier.com/Search/GetSaleDocument	zapier.com.ai	Search	GetSaleDocument	get_sale_document	get_sale_document	Find sale document in the system	1
https://zapier.com/Search/GetSaleDocumentPdf	zapier.com.ai	Search	GetSaleDocumentPdf	get_sale_document_pdf	get_sale_document_pdf	Find document (PDF) 	1
https://zapier.com/Search/GetServices	zapier.com.ai	Search	GetServices	get_services	get_services	Find services in the system	1
https://zapier.com/Search/GetSupliers	zapier.com.ai	Search	GetSupliers	get_supliers	get_supliers	Find suppliers in the system	1
https://zapier.com/Search/Supplierbycustomfieldsearch	zapier.com.ai	Search	Supplierbycustomfieldsearch	supplierbycustomfieldsearch	supplierByCustomFieldSearch	Retrieve a Supplier using a Custom Field	1
https://zapier.com/Search/Supplierbynamesearch	zapier.com.ai	Search	Supplierbynamesearch	supplierbynamesearch	supplierByNameSearch	Retrieve a Supplier by name.	1
https://zapier.com/Search/GetFileContent	zapier.com.ai	Search	GetFileContent	get_file_content	get_file_content	Get file content by file field	1
https://zapier.com/Search/GetFileProperties	zapier.com.ai	Search	GetFileProperties	get_file_properties	get_file_properties	Get file properties array from a file field.	1
https://zapier.com/Search/GetLibraryFileContent	zapier.com.ai	Search	GetLibraryFileContent	get_library_file_content	get_library_file_content	Get library file content by item id	1
https://zapier.com/Search/GetAllInvoices	zapier.com.ai	Search	GetAllInvoices	get_all_invoices	get_all_invoices	Get all invoices in your Bokio company	1
https://zapier.com/Search/GetAllJournalentries	zapier.com.ai	Search	GetAllJournalentries	get_all_journalentries	get_all_journalentries	Get all journal entries in your Bokio company	1
https://zapier.com/Search/GetDraftinvoiceByCustomername	zapier.com.ai	Search	GetDraftinvoiceByCustomername	get_draftinvoice_by_customername	get_draftinvoice_by_customername	Gets a draft invoice by customer name or creates a draft if it does not exist	1
https://zapier.com/Search/GetDraftinvoiceByProjectid	zapier.com.ai	Search	GetDraftinvoiceByProjectid	get_draftinvoice_by_projectid	get_draftinvoice_by_projectId	Gets a draft invoice by project id 	1
https://zapier.com/Search/GetJournalentry	zapier.com.ai	Search	GetJournalentry	get_journalentry	get_journalentry	Gets a Journal Entry in Bokio	1
https://zapier.com/Search/DetectAJobChange	zapier.com.ai	Search	DetectAJobChange	detect_a_job_change	Detect_a_job_change	Detect a job change, and give you in response the new company and job title of your prospect	1
https://zapier.com/Search/FindPhone	zapier.com.ai	Search	FindPhone	find_phone	find_phone	Finds a mobile phone number	1
https://zapier.com/Search/LoadActivity	zapier.com.ai	Search	LoadActivity	load_activity	load_activity	Load a specific Hailer Activity based on Id.	1
https://zapier.com/Search/Memberssearch	zapier.com.ai	Search	Memberssearch	memberssearch	membersSearch	Finds member by username	1
https://zapier.com/Search/Taskcategorysearch	zapier.com.ai	Search	Taskcategorysearch	taskcategorysearch	taskCategorySearch	Finds a Task Category in group by name.	1
https://zapier.com/Search/DocumentHistory	zapier.com.ai	Search	DocumentHistory	document_history	document_history	Gets info about the history of a document.	1
https://zapier.com/Search/GetDocumentSignedFileInfo	zapier.com.ai	Search	GetDocumentSignedFileInfo	get_document_signed_file_info	get_document_signed_file_info	Gets info about a signed file including type, name, and ID.	1
https://zapier.com/Search/FindClientById	zapier.com.ai	Search	FindClientById	find_client_by_id	Find_Client_By_Id	Finds an existing client by the Client ID.	1
https://zapier.com/Search/FindClientByName	zapier.com.ai	Search	FindClientByName	find_client_by_name	Find_Client_By_Name	Finds an existing client by the Client Name.	1
https://zapier.com/Search/FindCurrencyByCode	zapier.com.ai	Search	FindCurrencyByCode	find_currency_by_code	Find_Currency_By_Code	Finds Currency by Code.	1
https://zapier.com/Search/FindCurrencyById	zapier.com.ai	Search	FindCurrencyById	find_currency_by_id	Find_Currency_By_Id	Finds currency by Id.	1
https://zapier.com/Search/FindDiscountById	zapier.com.ai	Search	FindDiscountById	find_discount_by_id	Find_Discount_By_Id	Finds existing Discount from Id.	1
https://zapier.com/Search/FindDiscountByName	zapier.com.ai	Search	FindDiscountByName	find_discount_by_name	Find_Discount_By_Name	Finds an existing Discount from the Discount Name.	1
https://zapier.com/Search/FindDocumentById	zapier.com.ai	Search	FindDocumentById	find_document_by_id	Find_Document_By_ID	Finds an existing Document by Id	1
https://zapier.com/Search/FindDocumentByTypeidAndNo	zapier.com.ai	Search	FindDocumentByTypeidAndNo	find_document_by_typeid_and_no	Find_Document_By_TypeId_And_No	Finds an existing document by the Document Type ID and Document No.	1
https://zapier.com/Search/FindInventorylocationById	zapier.com.ai	Search	FindInventorylocationById	find_inventorylocation_by_id	Find_InventoryLocation_By_Id	Finds an existing location by Id.	1
https://zapier.com/Search/FindInventorylocationByName	zapier.com.ai	Search	FindInventorylocationByName	find_inventorylocation_by_name	Find_InventoryLocation_By_Name	Finds an existing Inventory Location by Name.	1
https://zapier.com/Search/FindPricingRuleById	zapier.com.ai	Search	FindPricingRuleById	find_pricing_rule_by_id	Find_Pricing_Rule_By_Id	Finds an existing Pricing Rule by ID	1
https://zapier.com/Search/FindProductcategoryById	zapier.com.ai	Search	FindProductcategoryById	find_productcategory_by_id	Find_ProductCategory_By_Id	Finds an existing Product Category by the ID.	1
https://zapier.com/Search/FindProductcategoryByName	zapier.com.ai	Search	FindProductcategoryByName	find_productcategory_by_name	Find_ProductCategory_By_Name	Finds an existing Product Category by name.	1
https://zapier.com/Search/FindProductByProductsku	zapier.com.ai	Search	FindProductByProductsku	find_product_by_productsku	Find_Product_by_ProductSKU	Finds an existing product by the SKU.	1
https://zapier.com/Search/FindPurchaseOrderById	zapier.com.ai	Search	FindPurchaseOrderById	find_purchase_order_by_id	Find_Purchase_Order_By_Id	Finds An Existing Purchase Order	1
https://zapier.com/Search/FindPurchaseOrderByNo	zapier.com.ai	Search	FindPurchaseOrderByNo	find_purchase_order_by_no	Find_Purchase_Order_By_No	Finds an existing Purchase Order	1
https://zapier.com/Search/FindSalesOrderById	zapier.com.ai	Search	FindSalesOrderById	find_sales_order_by_id	Find_Sales_Order_By_Id	Finds an existing Sales Order by ID	1
https://zapier.com/Search/FindSalesOrderByNo	zapier.com.ai	Search	FindSalesOrderByNo	find_sales_order_by_no	Find_Sales_Order_By_No	Finds an existing Sales Order by No	1
https://zapier.com/Search/FindSalesQuoteById	zapier.com.ai	Search	FindSalesQuoteById	find_sales_quote_by_id	Find_Sales_Quote_By_Id	Finds an existing Sales Quote by Id	1
https://zapier.com/Search/FindSalesQuoteByNo	zapier.com.ai	Search	FindSalesQuoteByNo	find_sales_quote_by_no	Find_Sales_Quote_By_No	Finds An Existing Sales Quote by No	1
https://zapier.com/Search/FindShippingproviderById	zapier.com.ai	Search	FindShippingproviderById	find_shippingprovider_by_id	Find_ShippingProvider_By_Id	Finds an existing Shipping Provider by the Shipping Provider Id.	1
https://zapier.com/Search/FindShippingproviderByName	zapier.com.ai	Search	FindShippingproviderByName	find_shippingprovider_by_name	Find_ShippingProvider_By_Name	Finds an existing Shipping provider from the Shipping Provider Name.	1
https://zapier.com/Search/FindSupplierById	zapier.com.ai	Search	FindSupplierById	find_supplier_by_id	Find_Supplier_By_Id	Finds an existing supplier by the Supplier ID.	1
https://zapier.com/Search/FindSupplierByName	zapier.com.ai	Search	FindSupplierByName	find_supplier_by_name	Find_Supplier_By_Name	Finds an existing supplier by the Supplier Name.	1
https://zapier.com/Search/FindTaxById	zapier.com.ai	Search	FindTaxById	find_tax_by_id	Find_Tax_By_Id	Finds an existing Tax from the Tax Id.	1
https://zapier.com/Search/FindTaxByName	zapier.com.ai	Search	FindTaxByName	find_tax_by_name	Find_Tax_By_Name	Finds an existing tax by the tax name.	1
https://zapier.com/Search/FindWorkorderById	zapier.com.ai	Search	FindWorkorderById	find_workorder_by_id	Find_WorkOrder_By_Id	Finds an existing Work Order by Id.	1
https://zapier.com/Search/FindWorkorderByNo	zapier.com.ai	Search	FindWorkorderByNo	find_workorder_by_no	Find_WorkOrder_By_No	Finds an existing Production Order by No.	1
https://zapier.com/Search/FindChecklistInstance	zapier.com.ai	Search	FindChecklistInstance	find_checklist_instance	find_checklist_instance	Search for a checklist instance by title.	1
https://zapier.com/Search/FindChecklistInstanceById	zapier.com.ai	Search	FindChecklistInstanceById	find_checklist_instance_by_id	find_checklist_instance_by_id	Search for a checklist instance by ID.	1
https://zapier.com/Search/FindChecklistStep	zapier.com.ai	Search	FindChecklistStep	find_checklist_step	find_checklist_step	Search for a checklist step by title.	1
https://zapier.com/Search/FindChecklistStepById	zapier.com.ai	Search	FindChecklistStepById	find_checklist_step_by_id	find_checklist_step_by_id	Search for a checklist step by ID.	1
https://zapier.com/Search/FindProcedure	zapier.com.ai	Search	FindProcedure	find_procedure	find_procedure	Search for a standard procedure by title.	1
https://zapier.com/Search/FindProcedureById	zapier.com.ai	Search	FindProcedureById	find_procedure_by_id	find_procedure_by_id	Search for a procedure or checklist by ID.	1
https://zapier.com/Search/FindAssetByName	zapier.com.ai	Search	FindAssetByName	find_asset_by_name	find_asset_by_name	Find an asset by its name.	1
https://zapier.com/Search/GetAssets	zapier.com.ai	Search	GetAssets	get_assets	get_assets	Get a list of all assets in a gallery.	1
https://zapier.com/Search/ExportContacts	zapier.com.ai	Search	ExportContacts	export_contacts	export_contacts	Searches a contact in Bridge and if a contact is found in your network, returns existing contact data including intro link.	1
https://zapier.com/Search/AnalysisSearch	zapier.com.ai	Search	AnalysisSearch	analysis_search	analysis_search	This action search allows a synchronized interaction of an application with the analyzes in the PHC GO installation.	1
https://zapier.com/Search/RecordsSearch	zapier.com.ai	Search	RecordsSearch	records_search	records_search	gergre btrghtrhtrbntrntrntr ntytrhtrhtrhtr	1
https://zapier.com/Search/FindMemo	zapier.com.ai	Search	FindMemo	find_memo	find_memo	Search for a specific Memo by its description.	1
https://zapier.com/Search/GetPurchaseOrder	zapier.com.ai	Search	GetPurchaseOrder	get_purchase_order	get_purchase_order	Get Purchase Order Information By ID	1
https://zapier.com/Search/GetRfq	zapier.com.ai	Search	GetRfq	get_rfq	get_rfq	Get RFQ Information Including Line Item Information By ID	1
https://zapier.com/Search/GetSalesOrder	zapier.com.ai	Search	GetSalesOrder	get_sales_order	get_sales_order	Get Sales Order Details From ID	1
https://zapier.com/Search/FindApprovalProcessRequest	zapier.com.ai	Search	FindApprovalProcessRequest	find_approval_process_request	find_approval_process_request	Search for an approval request by ID provided during approval process registration.	1
https://zapier.com/Search/FindApprovalStageRequest	zapier.com.ai	Search	FindApprovalStageRequest	find_approval_stage_request	find_approval_stage_request	Search a Ticket by ID.	1
https://zapier.com/Search/FindParentrecord	zapier.com.ai	Search	FindParentrecord	find_parentrecord	find_parentrecord	Finds a Parent Record by ID or by Keyword.	1
https://zapier.com/Search/FindStudentrecord	zapier.com.ai	Search	FindStudentrecord	find_studentrecord	find_studentrecord	Finds a Student Record by ID or by Keyword.	1
https://zapier.com/Search/FindTeacherrecord	zapier.com.ai	Search	FindTeacherrecord	find_teacherrecord	find_teacherrecord	Finds a Teacher Record by ID or by Keyword.	1
https://zapier.com/Search/SearchCustomerV2	zapier.com.ai	Search	SearchCustomerV2	search_customer_v2	search_customer_v2	Find a customer.	1
https://zapier.com/Search/SearchSupplierV2	zapier.com.ai	Search	SearchSupplierV2	search_supplier_v2	search_supplier_v2	Find a supplier.	1
https://zapier.com/Search/Affiliatesearch	zapier.com.ai	Search	Affiliatesearch	affiliatesearch	affiliateSearch	Finds an affiliate by ID, email, or affiliate link.	1
https://zapier.com/Search/Convert	zapier.com.ai	Search	Convert	convert	Convert	Converts one currency amount to another currency.	1
https://zapier.com/Search/Currencies	zapier.com.ai	Search	Currencies	currencies	Currencies	Finds available currencies.	1
https://zapier.com/Search/Historical	zapier.com.ai	Search	Historical	historical	Historical	Finds the historical exchange rates for a selected date and provider.	1
https://zapier.com/Search/Latest	zapier.com.ai	Search	Latest	latest	Latest	Finds the latest exchange rates for the selected provider.	1
https://zapier.com/Search/Providers	zapier.com.ai	Search	Providers	providers	Providers	Finds available exchange rate providers.	1
https://zapier.com/Search/Business	zapier.com.ai	Search	Business	business	business	Search a Business to get Business Info and Contact Info of the Business Owner	1
https://zapier.com/Search/Property	zapier.com.ai	Search	Property	property	property	Search a Property to get Property Info and Contact Info of Property Owner	1
https://zapier.com/Search/FindCallStatus	zapier.com.ai	Search	FindCallStatus	find_call_status	find_call_status	Find Call Status by its ID and get its details	1
https://zapier.com/Search/FindJobs	zapier.com.ai	Search	FindJobs	find_jobs	find_jobs	Search your 3Scribe transcription jobs by job name.	1
https://zapier.com/Search/GetConvertedFileFromJob	zapier.com.ai	Search	GetConvertedFileFromJob	get_converted_file_from_job	get_converted_file_from_job	Finds a file for a specific job id.	1
https://zapier.com/Search/Findcontract	zapier.com.ai	Search	Findcontract	findcontract	findContract	Find a contract by it's ID	1
https://zapier.com/Search/FindBonus	zapier.com.ai	Search	FindBonus	find_bonus	find_bonus	Finds an existing bonus by id.	1
https://zapier.com/Search/FindBonuses	zapier.com.ai	Search	FindBonuses	find_bonuses	find_bonuses	Finds Bonuses by parameters.	1
https://zapier.com/Search/FindMembers	zapier.com.ai	Search	FindMembers	find_members	find_members	Finds Members by parameters.	1
https://zapier.com/Search/FindMemberShareLinks	zapier.com.ai	Search	FindMemberShareLinks	find_member_share_links	find_member_share_links	Finds the advocate's share links. 	1
https://zapier.com/Search/FindPayoutRequest	zapier.com.ai	Search	FindPayoutRequest	find_payout_request	find_payout_request	Find a Payout Request by id.	1
https://zapier.com/Search/FindPayoutRequests	zapier.com.ai	Search	FindPayoutRequests	find_payout_requests	find_payout_requests	Finds Payout Requests by parameters.	1
https://zapier.com/Search/Bundledata	zapier.com.ai	Search	Bundledata	bundledata	bundleData	Retrieves field data entered into a completed bundle, including signatures, text fields, dates, and attachments.	1
https://zapier.com/Search/Bundlefiles	zapier.com.ai	Search	Bundlefiles	bundlefiles	bundleFiles	Retrieves files associated with a specific bundle.	1
https://zapier.com/Search/Bundles	zapier.com.ai	Search	Bundles	bundles	bundles	Search for bundles or retrieve a specific bundle by slug.	1
https://zapier.com/Search/Certificateevidence	zapier.com.ai	Search	Certificateevidence	certificateevidence	certificateEvidence	Retrieves certificate evidence files for a completed bundle.	1
https://zapier.com/Search/Retrieveperson	zapier.com.ai	Search	Retrieveperson	retrieveperson	retrievePerson	Retrieve a person/signer by ID or email address.	1
https://zapier.com/Search/Searcharivecrmid	zapier.com.ai	Search	Searcharivecrmid	searcharivecrmid	searchAriveCRMId	Search a contact id and by passing the first part of the uuid.	1
https://zapier.com/Search/Searchcontactbyemail	zapier.com.ai	Search	Searchcontactbyemail	searchcontactbyemail	searchContactByEmail	Search a contact by email and get information about it and it's mortgages	1
https://zapier.com/Search/Searchcontactbyid	zapier.com.ai	Search	Searchcontactbyid	searchcontactbyid	searchContactById	Search a contact by id and get information about it and it's mortgages	1
https://zapier.com/Search/Searchcontactbyphone	zapier.com.ai	Search	Searchcontactbyphone	searchcontactbyphone	searchContactByPhone	Search a contact by phone and get information about it and it's mortgages	1
https://zapier.com/Search/Getdeliveryreports	zapier.com.ai	Search	Getdeliveryreports	getdeliveryreports	getDeliveryReports	Finds delivery reports.	1
https://zapier.com/Search/Searchrecipientbyemail	zapier.com.ai	Search	Searchrecipientbyemail	searchrecipientbyemail	searchRecipientByEmail	Finds a recipient by email.	1
https://zapier.com/Search/FindRequestTemplate	zapier.com.ai	Search	FindRequestTemplate	find_request_template	find_request_template	Finds a request template by name or request template id.	1
https://zapier.com/Search/Contactlookup	zapier.com.ai	Search	Contactlookup	contactlookup	ContactLookup	It will lookup for contact based on input field data	1
https://zapier.com/Search/RepGet	zapier.com.ai	Search	RepGet	rep_get	rep_get	Gets a FuseDesk Rep by User ID	1
https://zapier.com/Search/CustomLookupLead	zapier.com.ai	Search	CustomLookupLead	custom_lookup_lead	custom_lookup_lead	Loads a Lead object that matches the specified search criteria.	1
https://zapier.com/Search/LookupLead	zapier.com.ai	Search	LookupLead	lookup_lead	lookup_lead	Loads a lead for a given Lead ID.	1
https://zapier.com/Search/FindProjectSearch	zapier.com.ai	Search	FindProjectSearch	find_project_search	find_project_search	Finds a project by name.	1
https://zapier.com/Search/SearchHousehold	zapier.com.ai	Search	SearchHousehold	search_household	search_household	Finds a household	1
https://zapier.com/Search/Findcategory	zapier.com.ai	Search	Findcategory	findcategory	FindCategory	Find a category by id or code.	1
https://zapier.com/Search/Findemployee	zapier.com.ai	Search	Findemployee	findemployee	FindEmployee	Find an employee by id or code.	1
https://zapier.com/Search/Actionsearch	zapier.com.ai	Search	Actionsearch	actionsearch	actionSearch	Finds a action based on name.	1
https://zapier.com/Search/Playersearch	zapier.com.ai	Search	Playersearch	playersearch	playerSearch	Finds a player based on Outbound ID, name or email.	1
https://zapier.com/Search/Searchcustomobject	zapier.com.ai	Search	Searchcustomobject	searchcustomobject	searchCustomObject	Search for Custom Object.	1
https://zapier.com/Search/CausesFindOne	zapier.com.ai	Search	CausesFindOne	causes_find_one	causes_find_one	Find single Cause by searching on a unique field.	1
https://zapier.com/Search/ClassesFindOne	zapier.com.ai	Search	ClassesFindOne	classes_find_one	classes_find_one	Find single Class by searching on a unique field.	1
https://zapier.com/Search/ConfigurationitemsFindOne	zapier.com.ai	Search	ConfigurationitemsFindOne	configurationitems_find_one	configurationItems_find_one	Find single Configuration Item by searching on a unique field.	1
https://zapier.com/Search/DepartmentsFindOne	zapier.com.ai	Search	DepartmentsFindOne	departments_find_one	departments_find_one	Find single Department by searching on a unique field.	1
https://zapier.com/Search/GroupsFindOne	zapier.com.ai	Search	GroupsFindOne	groups_find_one	groups_find_one	Find single Group by searching on a unique field.	1
https://zapier.com/Search/IssuesFindOne	zapier.com.ai	Search	IssuesFindOne	issues_find_one	issues_find_one	Find single Issue by searching on a unique field.	1
https://zapier.com/Search/IssuetypesFindOne	zapier.com.ai	Search	IssuetypesFindOne	issuetypes_find_one	issueTypes_find_one	Find single Issue Type by searching on a unique field.	1
https://zapier.com/Search/LocationsFindOne	zapier.com.ai	Search	LocationsFindOne	locations_find_one	locations_find_one	Find single Location by searching on a unique field.	1
https://zapier.com/Search/OrganizationsFindOne	zapier.com.ai	Search	OrganizationsFindOne	organizations_find_one	organizations_find_one	Find single Organization by searching on a unique field.	1
https://zapier.com/Search/OrganizationsSearch	zapier.com.ai	Search	OrganizationsSearch	organizations_search	organizations_search	Search Organizations. Found organizations must match all supplied search criteria.	1
https://zapier.com/Search/PrioritiesFindOne	zapier.com.ai	Search	PrioritiesFindOne	priorities_find_one	priorities_find_one	Find single Priority by searching on a unique field.	1
https://zapier.com/Search/ProjectsFindOne	zapier.com.ai	Search	ProjectsFindOne	projects_find_one	projects_find_one	Find single Project by searching on a unique field.	1
https://zapier.com/Search/SearchCauses	zapier.com.ai	Search	SearchCauses	search_causes	search_causes	Search Causes. Found Causes must match all supplied search criteria.	1
https://zapier.com/Search/SearchClasses	zapier.com.ai	Search	SearchClasses	search_classes	search_classes	Search Classes. Found Classes must match all supplied search criteria.	1
https://zapier.com/Search/SearchConfigurationitems	zapier.com.ai	Search	SearchConfigurationitems	search_configurationitems	search_configurationItems	Search ConfigurationItems. Found configurationItems must match all supplied search criteria.	1
https://zapier.com/Search/SearchIssues	zapier.com.ai	Search	SearchIssues	search_issues	search_issues	Search Issues. Found Issues must match all supplied search criteria.	1
https://zapier.com/Search/SearchIssuetypes	zapier.com.ai	Search	SearchIssuetypes	search_issuetypes	search_issueTypes	Search Issue Types. Found Issue Types must match all supplied search criteria.	1
https://zapier.com/Search/SearchPriorities	zapier.com.ai	Search	SearchPriorities	search_priorities	search_priorities	Search Priorities. Found Priorities must match all supplied search criteria.	1
https://zapier.com/Search/SearchSeverities	zapier.com.ai	Search	SearchSeverities	search_severities	search_severities	Search Severities. Found Severities must match all supplied search criteria.	1
https://zapier.com/Search/SearchSolutions	zapier.com.ai	Search	SearchSolutions	search_solutions	search_solutions	Search Solutions. Found Solutions must match all supplied search criteria.	1
https://zapier.com/Search/SearchSubstatuses	zapier.com.ai	Search	SearchSubstatuses	search_substatuses	search_substatuses	Search Substatuses. Found Substatuses must match all supplied search criteria.	1
https://zapier.com/Search/SearchSubtype1s	zapier.com.ai	Search	SearchSubtype1s	search_subtype1s	search_subtype1s	Search Subtype1. Found Subtypes must match all supplied search criteria.	1
https://zapier.com/Search/SearchSubtype2s	zapier.com.ai	Search	SearchSubtype2s	search_subtype2s	search_subtype2s	Search Subtype2. Found Subtypes must match all supplied search criteria.	1
https://zapier.com/Search/SearchSubtype3s	zapier.com.ai	Search	SearchSubtype3s	search_subtype3s	search_subtype3s	Search Subtype3. Found Subtypes must match all supplied search criteria.	1
https://zapier.com/Search/SearchSubtype4s	zapier.com.ai	Search	SearchSubtype4s	search_subtype4s	search_subtype4s	Search Subtype4. Found Subtypes must match all supplied search criteria.	1
https://zapier.com/Search/SeveritiesFindOne	zapier.com.ai	Search	SeveritiesFindOne	severities_find_one	severities_find_one	Find single Severity by searching on a unique field.	1
https://zapier.com/Search/SolutionsFindOne	zapier.com.ai	Search	SolutionsFindOne	solutions_find_one	solutions_find_one	Find single Solution by searching on a unique field.	1
https://zapier.com/Search/SubstatusesFindOne	zapier.com.ai	Search	SubstatusesFindOne	substatuses_find_one	substatuses_find_one	Find single Substatus by searching on a unique field.	1
https://zapier.com/Search/Subtype1sFindOne	zapier.com.ai	Search	Subtype1sFindOne	subtype1s_find_one	subtype1s_find_one	Find single Subtype 1 by searching on a unique field.	1
https://zapier.com/Search/Subtype2sFindOne	zapier.com.ai	Search	Subtype2sFindOne	subtype2s_find_one	subtype2s_find_one	Find single Subtype 2 by searching on a unique field.	1
https://zapier.com/Search/Subtype3sFindOne	zapier.com.ai	Search	Subtype3sFindOne	subtype3s_find_one	subtype3s_find_one	Find single Subtype 3 by searching on a unique field.	1
https://zapier.com/Search/Subtype4sFindOne	zapier.com.ai	Search	Subtype4sFindOne	subtype4s_find_one	subtype4s_find_one	Find single Subtype 4 by searching on a unique field.	1
https://zapier.com/Search/UsersFindOne	zapier.com.ai	Search	UsersFindOne	users_find_one	users_find_one	Find single User by searching on a unique field.	1
https://zapier.com/Search/UsersSearch	zapier.com.ai	Search	UsersSearch	users_search	users_search	Search Users. Found users must match all supplied criteria	1
https://zapier.com/Search/Dealtypesearch	zapier.com.ai	Search	Dealtypesearch	dealtypesearch	dealTypeSearch	Find a Deal Type by Name	1
https://zapier.com/Search/Teammembersearch	zapier.com.ai	Search	Teammembersearch	teammembersearch	teamMemberSearch	Finds a Team Member by Email.	1
https://zapier.com/Search/Name	zapier.com.ai	Search	Name	name	name	Finds gender of the Full Name or First Name	1
https://zapier.com/Search/FindQrcode	zapier.com.ai	Search	FindQrcode	find_qrcode	find_qrcode	 Retrieves the info for a QR Code.	1
https://zapier.com/Search/ContractLookup	zapier.com.ai	Search	ContractLookup	contract_lookup	contract_lookup	Find Contract by contract name.	1
https://zapier.com/Search/FindAssetName	zapier.com.ai	Search	FindAssetName	find_asset_name	find_asset_name	Look up in Revnue using asset name	1
https://zapier.com/Search/FindHardwareModel	zapier.com.ai	Search	FindHardwareModel	find_hardware_model	find_hardware_model	Find hardware model by name	1
https://zapier.com/Search/FindUsageStatus	zapier.com.ai	Search	FindUsageStatus	find_usage_status	find_usage_status	Find Usage Status by name.	1
https://zapier.com/Search/ListAsset	zapier.com.ai	Search	ListAsset	list_asset	list_asset	Lists one or more assets.	1
https://zapier.com/Search/ListContract	zapier.com.ai	Search	ListContract	list_contract	list_contract	Lists one or more contracts.	1
https://zapier.com/Search/ListSupplier	zapier.com.ai	Search	ListSupplier	list_supplier	list_supplier	Lists one or more suppliers.	1
https://zapier.com/Search/SearchAsset	zapier.com.ai	Search	SearchAsset	search_asset	search_asset	Find Asset By Serial Number And Manufacturer Name As Supporting Look Up.	1
https://zapier.com/Search/SearchCountry	zapier.com.ai	Search	SearchCountry	search_country	search_country	Search country name on your account	1
https://zapier.com/Search/HistoricalSearchVolume	zapier.com.ai	Search	HistoricalSearchVolume	historical_search_volume	historical_search_volume	Returns search volume of the exact keyword in 7 day increments based on the data parameters.	1
https://zapier.com/Search/KeywordsByAsin	zapier.com.ai	Search	KeywordsByAsin	keywords_by_asin	keywords_by_asin	Returns keywords for which the queried ASIN(s) appear in Amazon search results. For a given keyword, Jungle Scout collects up to 3 pages of Amazon keyword search results. Query up to 10 ASINs at a time. Apply filters to narrow search results.	1
https://zapier.com/Search/KeywordsByKeyword	zapier.com.ai	Search	KeywordsByKeyword	keywords_by_keyword	keywords_by_keyword	Returns related keywords and data based on the queried keyword (search term). Apply filters to narrow search results.	1
https://zapier.com/Search/ProductDatabase	zapier.com.ai	Search	ProductDatabase	product_database	product_database	Returns products from the Jungle Scout product database based on specified filters.	1
https://zapier.com/Search/SalesEstimates	zapier.com.ai	Search	SalesEstimates	sales_estimates	sales_estimates	Returns historical sales estimates and prices for a specified ASIN within the given date range.	1
https://zapier.com/Search/ShareOfVoice	zapier.com.ai	Search	ShareOfVoice	share_of_voice	share_of_voice	For a given keyword search on Amazon, returns the share that each brand controls for the first 3 pages of search results (includes organic, sponsored, and combined share of voice), as well as the PPC bid and 30 day search volume and the conversion rate of the top 3 ASINs for the last week.	1
https://zapier.com/Search/Categorysearch	zapier.com.ai	Search	Categorysearch	categorysearch	categorySearch	Finds a category.	1
https://zapier.com/Search/GetPersonLinkedin	zapier.com.ai	Search	GetPersonLinkedin	get_person_linkedin	get_person_linkedin	Get All Person LinkedIn from your Database	1
https://zapier.com/Search/GetPersonPositions	zapier.com.ai	Search	GetPersonPositions	get_person_positions	get_person_positions	Get Person Positions from your Database	1
https://zapier.com/Search/GetPersonWebSites	zapier.com.ai	Search	GetPersonWebSites	get_person_web_sites	get_person_web_sites	Get Person WebSites from your Database	1
https://zapier.com/Search/GetProjectAdmin	zapier.com.ai	Search	GetProjectAdmin	get_project_admin	get_project_admin	Find a Project Admin from your Database	1
https://zapier.com/Search/GetProjectClient	zapier.com.ai	Search	GetProjectClient	get_project_client	get_project_client	Find a Project Client from your Database	1
https://zapier.com/Search/GetProjectCompensation	zapier.com.ai	Search	GetProjectCompensation	get_project_compensation	get_project_compensation	Get Project Compensation from your Database	1
https://zapier.com/Search/GetProjectFees	zapier.com.ai	Search	GetProjectFees	get_project_fees	get_project_fees	Get Project Fees from your Database	1
https://zapier.com/Search/GetSchool	zapier.com.ai	Search	GetSchool	get_school	get_school	Find a School from your Database	1
https://zapier.com/Search/PeopleSearch	zapier.com.ai	Search	PeopleSearch	people_search	people_search	Search People by params from your Database	1
https://zapier.com/Search/FindIdentification	zapier.com.ai	Search	FindIdentification	find_identification	find_identification	Get overall idetification status by unique identification identifier ("scanRef").	1
https://zapier.com/Search/GetIdentificationData	zapier.com.ai	Search	GetIdentificationData	get_identification_data	Get_identification_data	Get identification data by unique identification identifier ("scanRef")	1
https://zapier.com/Search/RetrieveCompanyInformation	zapier.com.ai	Search	RetrieveCompanyInformation	retrieve_company_information	retrieve_company_information	This will retrieve company information using company ID assigned by iDenfy	1
https://zapier.com/Search/BuscarAgentePorEmail	zapier.com.ai	Search	BuscarAgentePorEmail	buscar_agente_por_email	buscar_agente_por_email	Search an Agent in CRM by Email	1
https://zapier.com/Search/SearchClienteByEmail	zapier.com.ai	Search	SearchClienteByEmail	search_cliente_by_email	search_cliente_by_email	Search a Client in CRM by Email	1
https://zapier.com/Search/Getcurrentuserdetail	zapier.com.ai	Search	Getcurrentuserdetail	getcurrentuserdetail	GetCurrentUserDetail	Get your user informations	1
https://zapier.com/Search/Getonedocument	zapier.com.ai	Search	Getonedocument	getonedocument	GetOneDocument	Get a document header	1
https://zapier.com/Search/Getoneform	zapier.com.ai	Search	Getoneform	getoneform	GetOneForm	Get one Finalcad form header	1
https://zapier.com/Search/Getonemediaurl	zapier.com.ai	Search	Getonemediaurl	getonemediaurl	GetOneMediaUrl	Get the url of a finalcad media	1
https://zapier.com/Search/Getoneobservation	zapier.com.ai	Search	Getoneobservation	getoneobservation	GetOneObservation	Get an observation header	1
https://zapier.com/Search/Getoneproject	zapier.com.ai	Search	Getoneproject	getoneproject	GetOneProject	Get the details of a given project (time zone, language, update date,...)	1
https://zapier.com/Search/Approval	zapier.com.ai	Search	Approval	approval	approval	Get a list of approvals	1
https://zapier.com/Search/Approvalrule	zapier.com.ai	Search	Approvalrule	approvalrule	approvalRule	Get a list of approval rules	1
https://zapier.com/Search/Beacon	zapier.com.ai	Search	Beacon	beacon	beacon	Get a list of beacons	1
https://zapier.com/Search/Billofquantities	zapier.com.ai	Search	Billofquantities	billofquantities	billOfQuantities	Get a list of bill of quantities	1
https://zapier.com/Search/Container	zapier.com.ai	Search	Container	container	container	Get a list of containers	1
https://zapier.com/Search/Containerinquiry	zapier.com.ai	Search	Containerinquiry	containerinquiry	containerInquiry	Get a list of container inquiries	1
https://zapier.com/Search/Containertype	zapier.com.ai	Search	Containertype	containertype	containerType	Get a list of container types	1
https://zapier.com/Search/Costbooking	zapier.com.ai	Search	Costbooking	costbooking	costBooking	Get a list of cost bookings	1
https://zapier.com/Search/Costbookingexportdata	zapier.com.ai	Search	Costbookingexportdata	costbookingexportdata	costBookingExportData	Search an address	1
https://zapier.com/Search/Costbookingstartexport	zapier.com.ai	Search	Costbookingstartexport	costbookingstartexport	costBookingStartExport	Start an export and get a job id	1
https://zapier.com/Search/Customformdata	zapier.com.ai	Search	Customformdata	customformdata	customFormData	Get a list of form data objects	1
https://zapier.com/Search/Customformdatamediadata	zapier.com.ai	Search	Customformdatamediadata	customformdatamediadata	customFormDataMediaData	Get a media data from a form data	1
https://zapier.com/Search/Customformdatapdf	zapier.com.ai	Search	Customformdatapdf	customformdatapdf	customFormDataPdf	Get a PDF from a form data	1
https://zapier.com/Search/Customformdefinition	zapier.com.ai	Search	Customformdefinition	customformdefinition	customFormDefinition	Get a list of Form Definitions	1
https://zapier.com/Search/Dispoqualification	zapier.com.ai	Search	Dispoqualification	dispoqualification	dispoQualification	Get a list of qualifications	1
https://zapier.com/Search/Dispotour	zapier.com.ai	Search	Dispotour	dispotour	dispoTour	Get a list of tours	1
https://zapier.com/Search/Employeeabsence	zapier.com.ai	Search	Employeeabsence	employeeabsence	employeeAbsence	Get a list of employee absences	1
https://zapier.com/Search/Employeeabsencetype	zapier.com.ai	Search	Employeeabsencetype	employeeabsencetype	employeeAbsenceType	Get a list of employee absence types	1
https://zapier.com/Search/Employeeaccountingentry	zapier.com.ai	Search	Employeeaccountingentry	employeeaccountingentry	employeeAccountingEntry	Get a list of employee accounting entries	1
https://zapier.com/Search/Employeeimage	zapier.com.ai	Search	Employeeimage	employeeimage	employeeImage	Get an image from an employee	1
https://zapier.com/Search/Employeestamp	zapier.com.ai	Search	Employeestamp	employeestamp	employeeStamp	Get a list of employee stamps	1
https://zapier.com/Search/Employeetimetracking	zapier.com.ai	Search	Employeetimetracking	employeetimetracking	employeeTimeTracking	Get a list of employee time trackings	1
https://zapier.com/Search/Fetchdata	zapier.com.ai	Search	Fetchdata	fetchdata	fetchData	Fetch data from Tour	1
https://zapier.com/Search/Fetchdistrict	zapier.com.ai	Search	Fetchdistrict	fetchdistrict	fetchDistrict	Fetch dispo district list	1
https://zapier.com/Search/Fetchfile	zapier.com.ai	Search	Fetchfile	fetchfile	fetchFile	Get a base64 encoded file	1
https://zapier.com/Search/Fetchqualification	zapier.com.ai	Search	Fetchqualification	fetchqualification	fetchQualification	Fetch dispo qualification list	1
https://zapier.com/Search/Fetchteam	zapier.com.ai	Search	Fetchteam	fetchteam	fetchTeam	Fetch dispo team list	1
https://zapier.com/Search/Fetchtooldata	zapier.com.ai	Search	Fetchtooldata	fetchtooldata	fetchToolData	Fetch tool data	1
https://zapier.com/Search/Fetchtype	zapier.com.ai	Search	Fetchtype	fetchtype	fetchType	fetch file type list	1
https://zapier.com/Search/Fetchtypedata	zapier.com.ai	Search	Fetchtypedata	fetchtypedata	fetchTypeData	Fetch details for a dispo type	1
https://zapier.com/Search/Geocoder	zapier.com.ai	Search	Geocoder	geocoder	geocoder	Geocode address	1
https://zapier.com/Search/Log	zapier.com.ai	Search	Log	log	log	fetch the log for the form data	1
https://zapier.com/Search/Maintenance	zapier.com.ai	Search	Maintenance	maintenance	maintenance	Get a list of maintenances	1
https://zapier.com/Search/Maintenancelog	zapier.com.ai	Search	Maintenancelog	maintenancelog	maintenanceLog	Get a list of maintenance logs	1
https://zapier.com/Search/Maintenancetype	zapier.com.ai	Search	Maintenancetype	maintenancetype	maintenanceType	Get a list of maintenance types	1
https://zapier.com/Search/Ordercategory	zapier.com.ai	Search	Ordercategory	ordercategory	orderCategory	Get a list of order categories	1
https://zapier.com/Search/Orderfetchdata	zapier.com.ai	Search	Orderfetchdata	orderfetchdata	orderFetchData	Get order details	1
https://zapier.com/Search/Projectassignment	zapier.com.ai	Search	Projectassignment	projectassignment	projectAssignment	Get a list of project assignments	1
https://zapier.com/Search/Projectcategory	zapier.com.ai	Search	Projectcategory	projectcategory	projectCategory	Get a list of project categories	1
https://zapier.com/Search/Projecttimes	zapier.com.ai	Search	Projecttimes	projecttimes	projectTimes	Get a list of project times	1
https://zapier.com/Search/Reversegeocoder	zapier.com.ai	Search	Reversegeocoder	reversegeocoder	reverseGeocoder	Search an address	1
https://zapier.com/Search/Salarytype	zapier.com.ai	Search	Salarytype	salarytype	salaryType	Get a list of salary types	1
https://zapier.com/Search/Tool	zapier.com.ai	Search	Tool	tool	tool	Get a list of tools	1
https://zapier.com/Search/Toolcategory	zapier.com.ai	Search	Toolcategory	toolcategory	toolCategory	Get a list of tool categories	1
https://zapier.com/Search/Toolcostsetting	zapier.com.ai	Search	Toolcostsetting	toolcostsetting	toolCostSetting	Get a list of tool cost settings	1
https://zapier.com/Search/Toolmanufacturer	zapier.com.ai	Search	Toolmanufacturer	toolmanufacturer	toolManufacturer	Get a list of tool manufacturers	1
https://zapier.com/Search/Tracker	zapier.com.ai	Search	Tracker	tracker	tracker	Get a list of vehicles	1
https://zapier.com/Search/Trackercategory	zapier.com.ai	Search	Trackercategory	trackercategory	trackerCategory	Get a list of vehicle categories	1
https://zapier.com/Search/Trackercostsetting	zapier.com.ai	Search	Trackercostsetting	trackercostsetting	trackerCostSetting	Get a list of tracker cost settings	1
https://zapier.com/Search/Trackercounter	zapier.com.ai	Search	Trackercounter	trackercounter	trackerCounter	Get a list of vehicle counters	1
https://zapier.com/Search/Trackerhealth	zapier.com.ai	Search	Trackerhealth	trackerhealth	trackerHealth	Get a list of vehicle healths	1
https://zapier.com/Search/Trackermanufacturer	zapier.com.ai	Search	Trackermanufacturer	trackermanufacturer	trackerManufacturer	Get a list of vehicle manufacturers	1
https://zapier.com/Search/Trackerprofile	zapier.com.ai	Search	Trackerprofile	trackerprofile	trackerProfile	Get a list of vehicle profiles	1
https://zapier.com/Search/Trackpoint	zapier.com.ai	Search	Trackpoint	trackpoint	trackPoint	Get a list of track points	1
https://zapier.com/Search/Wagegroup	zapier.com.ai	Search	Wagegroup	wagegroup	wageGroup	Get a list of wage group	1
https://zapier.com/Search/Wagegroupcostsetting	zapier.com.ai	Search	Wagegroupcostsetting	wagegroupcostsetting	wageGroupCostSetting	Get a list of wage group cost settings	1
https://zapier.com/Search/Wagegroupemployeesetting	zapier.com.ai	Search	Wagegroupemployeesetting	wagegroupemployeesetting	wageGroupEmployeeSetting	Get a list of wage group employee settings	1
https://zapier.com/Search/Webhook	zapier.com.ai	Search	Webhook	webhook	webhook	Get a list of webhooks	1
https://zapier.com/Search/Webhookapplication	zapier.com.ai	Search	Webhookapplication	webhookapplication	webhookApplication	Get a list of webhook applications	1
https://zapier.com/Search/GetOrganizationCustomers	zapier.com.ai	Search	GetOrganizationCustomers	get_organization_customers	get_organization_customers	Search for customers for an organization (Name or ID)	1
https://zapier.com/Search/GetClientsList	zapier.com.ai	Search	GetClientsList	get_clients_list	get_clients_list	Provide a list of all your clients	1
https://zapier.com/Search/GetInvoicesList	zapier.com.ai	Search	GetInvoicesList	get_invoices_list	get_invoices_list	Provide a list of all your invoices	1
https://zapier.com/Search/GetPaymentRequests	zapier.com.ai	Search	GetPaymentRequests	get_payment_requests	get_payment_requests	Receive all Payment requests or one that complies the search parameters	1
https://zapier.com/Search/FindExperiencepoint	zapier.com.ai	Search	FindExperiencepoint	find_experiencepoint	find_experiencePoint	Finds details of an experience point	1
https://zapier.com/Search/GetAlert	zapier.com.ai	Search	GetAlert	get_alert	get_alert	Get an alert message based on alert parameters and alert specification type	1
https://zapier.com/Search/GetModels	zapier.com.ai	Search	GetModels	get_models	get_models	Get all your available AI Models in InsertChat.	1
https://zapier.com/Search/QueryNewContacts	zapier.com.ai	Search	QueryNewContacts	query_new_contacts	query_new_contacts	Queries by Create Date for new Contacts	1
https://zapier.com/Search/GetMatter	zapier.com.ai	Search	GetMatter	get_matter	get_matter	Get a matter's details by it's internal matter ID.	1
https://zapier.com/Search/CheckPhotoAvatarStatus	zapier.com.ai	Search	CheckPhotoAvatarStatus	check_photo_avatar_status	check_photo_avatar_status	Checks the generation status of an avatar task	1
https://zapier.com/Search/CheckPhotoStatus	zapier.com.ai	Search	CheckPhotoStatus	check_photo_status	check_photo_status	Checks the generation status of the AI photo	1
https://zapier.com/Search/GetGeneratedVideo	zapier.com.ai	Search	GetGeneratedVideo	get_generated_video	get_generated_video	Retrieves information about a generated video	1
https://zapier.com/Search/GetLibraryTemplate	zapier.com.ai	Search	GetLibraryTemplate	get_library_template	get_library_template	Finds a library template	1
https://zapier.com/Search/GetLibraryVoice	zapier.com.ai	Search	GetLibraryVoice	get_library_voice	get_library_voice	Finds a library voice.	1
https://zapier.com/Search/GetMusic	zapier.com.ai	Search	GetMusic	get_music	get_music	Finds a music	1
https://zapier.com/Search/GetMyTemplate	zapier.com.ai	Search	GetMyTemplate	get_my_template	get_my_template	Finds a template of mine.	1
https://zapier.com/Search/GetMyVoice	zapier.com.ai	Search	GetMyVoice	get_my_voice	get_my_voice	Finds a voice of mine.	1
https://zapier.com/Search/GetVisualStyle	zapier.com.ai	Search	GetVisualStyle	get_visual_style	get_visual_style	Finds a visual style	1
https://zapier.com/Search/InstantAvatar	zapier.com.ai	Search	InstantAvatar	instant_avatar	instant_avatar	Finds an instant avatar.	1
https://zapier.com/Search/LibraryAvatar	zapier.com.ai	Search	LibraryAvatar	library_avatar	library_avatar	Finds a library avatar.	1
https://zapier.com/Search/ListWebhook	zapier.com.ai	Search	ListWebhook	list_webhook	list_webhook	Finds a webhook.	1
https://zapier.com/Search/ListWebhookEvent	zapier.com.ai	Search	ListWebhookEvent	list_webhook_event	list_webhook_event	Finds a webhook event.	1
https://zapier.com/Search/PhotoAvatar	zapier.com.ai	Search	PhotoAvatar	photo_avatar	photo_avatar	Finds a photo avatar of mine.	1
https://zapier.com/Search/FilterByFilterQuery	zapier.com.ai	Search	FilterByFilterQuery	filter_by_filter_query	filter_by_filter_query	Finds a record based on your filter criteria.	1
https://zapier.com/Search/QueryRecordsByThqlQuery	zapier.com.ai	Search	QueryRecordsByThqlQuery	query_records_by_thql_query	query_records_by_thql_query	Find a record based on your THQL Query.	1
https://zapier.com/Search/FindImportFields	zapier.com.ai	Search	FindImportFields	find_import_fields	find_import_fields	Fetches the Import Fields data structure configuration from your CustomerGauge platform, which you can use in the Upload Survey Response or Send Survey Invitation actions.	1
https://zapier.com/Search/Resourcesearch	zapier.com.ai	Search	Resourcesearch	resourcesearch	resourceSearch	Finds a resource by email.	1
https://zapier.com/Search/Rolesearch	zapier.com.ai	Search	Rolesearch	rolesearch	roleSearch	Finds a role by name.	1
https://zapier.com/Search/SearchProjectbykey	zapier.com.ai	Search	SearchProjectbykey	search_projectbykey	search_projectByKey	Finds a project by key.	1
https://zapier.com/Search/SearchResourcebykey	zapier.com.ai	Search	SearchResourcebykey	search_resourcebykey	search_resourceByKey	Finds a resource by key.	1
https://zapier.com/Search/SearchResourceorrole	zapier.com.ai	Search	SearchResourceorrole	search_resourceorrole	search_resourceOrRole	Finds a resource or role.	1
https://zapier.com/Search/SearchTeamorresourceorrole	zapier.com.ai	Search	SearchTeamorresourceorrole	search_teamorresourceorrole	search_teamOrResourceOrRole	Finds a team, resource or role.	1
https://zapier.com/Search/ResolveContactSearch	zapier.com.ai	Search	ResolveContactSearch	resolve_contact_search	resolve_contact_search	Action used to find a contact	1
https://zapier.com/Search/FilterJobs	zapier.com.ai	Search	FilterJobs	filter_jobs	filter_jobs	Filters the Jobs in a QUE Campaign (this is an advanced action). 	1
https://zapier.com/Search/GetCustomerInfo	zapier.com.ai	Search	GetCustomerInfo	get_customer_info	get_customer_info	Gets customer info for given job 	1
https://zapier.com/Search/GetJobHistory	zapier.com.ai	Search	GetJobHistory	get_job_history	get_job_history	Gets history for given job 	1
https://zapier.com/Search/Bankbillet	zapier.com.ai	Search	Bankbillet	bankbillet	BankBillet	Buscar boletos a partir de diversos campos.	1
https://zapier.com/Search/Bankbilletpayment	zapier.com.ai	Search	Bankbilletpayment	bankbilletpayment	BankBilletPayment	Buscar pagamentos de boletos a partir de diversos campos.	1
https://zapier.com/Search/Customersubscription	zapier.com.ai	Search	Customersubscription	customersubscription	CustomerSubscription	Buscar assinaturas a partir de diversos campos.	1
https://zapier.com/Search/Discharge	zapier.com.ai	Search	Discharge	discharge	Discharge	Buscar arquivo CNAB de retorno a partir de diversos campos.	1
https://zapier.com/Search/Installment	zapier.com.ai	Search	Installment	installment	Installment	Buscar carnês a partir de diversos campos.	1
https://zapier.com/Search/Remittance	zapier.com.ai	Search	Remittance	remittance	Remittance	Buscar arquivo CNAB de remessa a partir de diversos campos.	1
https://zapier.com/Search/Findcalllink	zapier.com.ai	Search	Findcalllink	findcalllink	findCallLink	Finds a call link by token.	1
https://zapier.com/Search/Finduserbyemail	zapier.com.ai	Search	Finduserbyemail	finduserbyemail	findUserByEmail	Finds a user by email.	1
https://zapier.com/Search/GetMission	zapier.com.ai	Search	GetMission	get_mission	get_mission	Returns the full mission data.	1
https://zapier.com/Search/GetVolunteer	zapier.com.ai	Search	GetVolunteer	get_volunteer	get_volunteer	Returns a single volunteer record
If your account is restricted by groups then the volunteer must have a group in common with your account.	1
https://zapier.com/Search/Tmgpt	zapier.com.ai	Search	Tmgpt	tmgpt	tmgpt	Token Metrics AI is designed to help answer any questions about crypto. In its first version, the chatbot integrates data specifically from Token Metrics, providing targeted and relevant answers to various crypto queries. In future versions, more comprehensive data and sources will be included to cover an even broader array of questions that you or your users might have.	1
https://zapier.com/Search/FindAgents	zapier.com.ai	Search	FindAgents	find_agents	find_agents	Finds agents in the system.	1
https://zapier.com/Search/FindApplicationNew	zapier.com.ai	Search	FindApplicationNew	find_application_new	find_application_new	Finds an application with given filters.	1
https://zapier.com/Search/FindTemplateSet	zapier.com.ai	Search	FindTemplateSet	find_template_set	find_template_set	Finds a Document Template Set.	1
https://zapier.com/Search/GetItems	zapier.com.ai	Search	GetItems	get_items	get_items	Search and list your items.	1
https://zapier.com/Search/GetKey	zapier.com.ai	Search	GetKey	get_key	get_key	This action will return a single keys based on input parameters	1
https://zapier.com/Search/RetrieveAccesses	zapier.com.ai	Search	RetrieveAccesses	retrieve_accesses	retrieve_accesses	This action will retrieve all access based on a certein parameter from Keycafe	1
https://zapier.com/Search/Searchquote	zapier.com.ai	Search	Searchquote	searchquote	searchQuote	Finds a quote.	1
https://zapier.com/Search/GetPresentation	zapier.com.ai	Search	GetPresentation	get_presentation	get_presentation	Gets a presentation by ID	1
https://zapier.com/Search/FindMapById	zapier.com.ai	Search	FindMapById	find_map_by_id	find_map_by_id	Gets information about a Map by the provided ID.	1
https://zapier.com/Search/FindTeamMemberByEmail	zapier.com.ai	Search	FindTeamMemberByEmail	find_team_member_by_email	find_team_member_by_email	Finds a Team Member in your account by email.	1
https://zapier.com/Search/FindVariable	zapier.com.ai	Search	FindVariable	find_variable	find_variable	Finds a Variable by name	1
https://zapier.com/Search/FindVariableOption	zapier.com.ai	Search	FindVariableOption	find_variable_option	find_variable_option	Finds available variable options in account.	1
https://zapier.com/Search/TrackingStatussearch	zapier.com.ai	Search	TrackingStatussearch	tracking_statussearch	tracking_statusSearch	Find Tracking Status with a Tracking Number	1
https://zapier.com/Search/GetDepartments	zapier.com.ai	Search	GetDepartments	get_departments	get_departments	Fetches all available Department with optional filtering by Department Name.	1
https://zapier.com/Search/GetRequesterRoles	zapier.com.ai	Search	GetRequesterRoles	get_requester_roles	get_requester_roles	Fetches all available Requester Roles with optional filtering by Role name.	1
https://zapier.com/Search/GetSites	zapier.com.ai	Search	GetSites	get_sites	get_sites	Fetch all available Sites with optional filtering by Site name	1
https://zapier.com/Search/GetTechnicianRoles	zapier.com.ai	Search	GetTechnicianRoles	get_technician_roles	get_technician_roles	Fetches all available Technician Roles with optional filtering by Role name.	1
https://zapier.com/Search/GetUserId	zapier.com.ai	Search	GetUserId	get_user_id	get_user_id	Find a user based on ID.	1
https://zapier.com/Search/GetDatafields	zapier.com.ai	Search	GetDatafields	get_datafields	get_datafields	Finds data fields in the system.	1
https://zapier.com/Search/GetModuleById	zapier.com.ai	Search	GetModuleById	get_module_by_id	get_module_by_id	Finds a Module in the system.	1
https://zapier.com/Search/GetTasks	zapier.com.ai	Search	GetTasks	get_tasks	get_tasks	Finds tasks in the system.	1
https://zapier.com/Search/GetUserRoles	zapier.com.ai	Search	GetUserRoles	get_user_roles	get_user_roles	Get Available User Roles	1
https://zapier.com/Search/Zipfilesinlanguages	zapier.com.ai	Search	Zipfilesinlanguages	zipfilesinlanguages	zipFilesInLanguages	Allows you to select from the project's files and languages and bundle them into a zip file.	1
https://zapier.com/Search/TemplateSearch	zapier.com.ai	Search	TemplateSearch	template_search	template_search	Search a template from the list of templates	1
https://zapier.com/Search/SavedSearchsearch	zapier.com.ai	Search	SavedSearchsearch	saved_searchsearch	saved_searchSearch	Finds a saved search by searching.	1
https://zapier.com/Search/FindMoment	zapier.com.ai	Search	FindMoment	find_moment	find_moment	Finds an existing moment by ID and returns its details.	1
https://zapier.com/Search/FindCasting	zapier.com.ai	Search	FindCasting	find_casting	find_casting	Finds a Casting in your Casting42 database	1
https://zapier.com/Search/FindTalent	zapier.com.ai	Search	FindTalent	find_talent	find_talent	Finds a talent based on a their id	1
https://zapier.com/Search/SearchProjectFiles	zapier.com.ai	Search	SearchProjectFiles	search_project_files	search_project_files	Search for project files in Robohead.	1
https://zapier.com/Search/FindApplicantById	zapier.com.ai	Search	FindApplicantById	find_applicant_by_id	find_applicant_by_id	Finds the details of an Applicant by searching the Applicant Unique ID.	1
https://zapier.com/Search/FindApplicantByName	zapier.com.ai	Search	FindApplicantByName	find_applicant_by_name	find_applicant_by_name	Finds the details of an Applicant by searching the Applicant Name.	1
https://zapier.com/Search/FindCandidateById	zapier.com.ai	Search	FindCandidateById	find_candidate_by_id	find_candidate_by_id	Finds the details of a Candidate by searching the Candidate Unique ID.	1
https://zapier.com/Search/FindCaseById	zapier.com.ai	Search	FindCaseById	find_case_by_id	find_case_by_id	Finds the details of a Case by searching the Case Unique ID.	1
https://zapier.com/Search/FindCaseBySubject	zapier.com.ai	Search	FindCaseBySubject	find_case_by_subject	find_case_by_subject	Finds the details of a Case by searching the Case Subject.	1
https://zapier.com/Search/FindChecklistById	zapier.com.ai	Search	FindChecklistById	find_checklist_by_id	find_checklist_by_id	Finds the details of a Checklist by searching the Checklist Unique ID.	1
https://zapier.com/Search/FindChecklistByName	zapier.com.ai	Search	FindChecklistByName	find_checklist_by_name	find_checklist_by_name	Finds the details of a Checklist by searching the Checklist Name.	1
https://zapier.com/Search/FindContactByName	zapier.com.ai	Search	FindContactByName	find_contact_by_name	find_contact_by_name	Finds the details of a Contact by searching the Contact Name.	1
https://zapier.com/Search/FindLeadById	zapier.com.ai	Search	FindLeadById	find_lead_by_id	find_lead_by_id	Finds the details of a Lead by searching the Lead Unique ID.	1
https://zapier.com/Search/FindLeadBySubject	zapier.com.ai	Search	FindLeadBySubject	find_lead_by_subject	find_lead_by_subject	Finds the details of a Lead by searching the Lead Subject.	1
https://zapier.com/Search/FindVehicleByVin	zapier.com.ai	Search	FindVehicleByVin	find_vehicle_by_vin	find_vehicle_by_vin	Finds a Vehicle in Hublet by searching the Vehicle's VIN.	1
https://zapier.com/Search/Learner	zapier.com.ai	Search	Learner	learner	learner	Find a specific Learner.	1
https://zapier.com/Search/CompaniesSearch	zapier.com.ai	Search	CompaniesSearch	companies_search	companies_search	Finds an existing company.	1
https://zapier.com/Search/On2airSearch	zapier.com.ai	Search	On2airSearch	on2air_search	on2air_search	Lookup data/results from an On2Air App	1
https://zapier.com/Search/On2airSession	zapier.com.ai	Search	On2airSession	on2air_session	on2air_session	Search to get results from a previous step that does not return instantly.	1
https://zapier.com/Search/FindAck	zapier.com.ai	Search	FindAck	find_ack	find_ack	Finds an Ask based on search criteria	1
https://zapier.com/Search/RetrieveAsk	zapier.com.ai	Search	RetrieveAsk	retrieve_ask	retrieve_ask	Retrieves an Ask with full data based on the ID	1
https://zapier.com/Search/RetrieveAskStep	zapier.com.ai	Search	RetrieveAskStep	retrieve_ask_step	retrieve_ask_step	Retrieves the Ask Step based on the Ask ID	1
https://zapier.com/Search/Constituentsearch	zapier.com.ai	Search	Constituentsearch	constituentsearch	constituentSearch	Searches for constituents by email or external ID	1
https://zapier.com/Search/SearchCampaigns	zapier.com.ai	Search	SearchCampaigns	search_campaigns	search_campaigns	Returns information about a campaign.	1
https://zapier.com/Search/SearchCommunication	zapier.com.ai	Search	SearchCommunication	search_communication	search_communication	Returns information about an email communication.	1
https://zapier.com/Search/SearchEmailAccounts	zapier.com.ai	Search	SearchEmailAccounts	search_email_accounts	search_email_accounts	Returns information about a connected email account.	1
https://zapier.com/Search/SearchOpportunities	zapier.com.ai	Search	SearchOpportunities	search_opportunities	search_opportunities	Finds opportunities.	1
https://zapier.com/Search/SearchOpportunityTasks	zapier.com.ai	Search	SearchOpportunityTasks	search_opportunity_tasks	search_opportunity_tasks	Finds tasks related to a given opportunity.	1
https://zapier.com/Search/FindRecentTask	zapier.com.ai	Search	FindRecentTask	find_recent_task	find_recent_task	Find the most recent task	1
https://zapier.com/Search/ListAllTask	zapier.com.ai	Search	ListAllTask	list_all_task	list_all_task	Finds a list of all tasks created in project	1
https://zapier.com/Search/FindAccountName	zapier.com.ai	Search	FindAccountName	find_account_name	find_account_name	Returns an Account using its Account Name.	1
https://zapier.com/Search/FindAccountRef	zapier.com.ai	Search	FindAccountRef	find_account_ref	find_account_ref	Finds an Account by using its Account Reference.	1
https://zapier.com/Search/FindCostCentre	zapier.com.ai	Search	FindCostCentre	find_cost_centre	find_cost_centre	Returns a Cost Centre using its Cost Centre Code.	1
https://zapier.com/Search/FindTariff	zapier.com.ai	Search	FindTariff	find_tariff	find_tariff	Returns a Tariff by using its Tariff Code	1
https://zapier.com/Search/Doorsearch	zapier.com.ai	Search	Doorsearch	doorsearch	doorSearch	Find a door by name and its associated property.	1
https://zapier.com/Search/Keysearch	zapier.com.ai	Search	Keysearch	keysearch	keySearch	Find a digital key by name or ID.	1
https://zapier.com/Search/FindContainer	zapier.com.ai	Search	FindContainer	find_container	find_container	Find an existing project.	1
https://zapier.com/Search/FindContainerUpdated	zapier.com.ai	Search	FindContainerUpdated	find_container_updated	find_container_updated	Finds a container based on some fields.	1
https://zapier.com/Search/FindWorkitem	zapier.com.ai	Search	FindWorkitem	find_workitem	find_workitem	Lookup existing items.	1
https://zapier.com/Search/FindWorkitemUpdated	zapier.com.ai	Search	FindWorkitemUpdated	find_workitem_updated	find_workitem_updated	Finds a work item based on some fields.	1
https://zapier.com/Search/FindExpiration	zapier.com.ai	Search	FindExpiration	find_expiration	find_expiration	Finds an Expiration Item	1
https://zapier.com/Search/FindUserFromWorkspace	zapier.com.ai	Search	FindUserFromWorkspace	find_user_from_workspace	find_user_from_workspace	Finds a user from a workspace.	1
https://zapier.com/Search/SearchJoinpoint	zapier.com.ai	Search	SearchJoinpoint	search_joinpoint	search_joinpoint	Searches a Joinpoint in a specific property.	1
https://zapier.com/Search/Companies	zapier.com.ai	Search	Companies	companies	companies	Search for a company by it's name	1
https://zapier.com/Search/Getactivitytypelist	zapier.com.ai	Search	Getactivitytypelist	getactivitytypelist	getActivityTypeList	Find type of activities.	1
https://zapier.com/Search/Getattendancesummary	zapier.com.ai	Search	Getattendancesummary	getattendancesummary	getAttendanceSummary	Get your attendance summary (total paid, balance, available vacation..).	1
https://zapier.com/Search/Getbusinesscaseattachmentlist	zapier.com.ai	Search	Getbusinesscaseattachmentlist	getbusinesscaseattachmentlist	getBusinessCaseAttachmentList	Find business case attachments by business case ID.	1
https://zapier.com/Search/Getbusinesscaseemails	zapier.com.ai	Search	Getbusinesscaseemails	getbusinesscaseemails	getBusinessCaseEmails	Find emails related to a business case.	1
https://zapier.com/Search/Getbusinesscaseevents	zapier.com.ai	Search	Getbusinesscaseevents	getbusinesscaseevents	getBusinessCaseEvents	Fidn events related to a business case.	1
https://zapier.com/Search/Getbusinesscasefailurelist	zapier.com.ai	Search	Getbusinesscasefailurelist	getbusinesscasefailurelist	getBusinessCaseFailureList	Find business case failures.	1
https://zapier.com/Search/Getbusinesscaselist	zapier.com.ai	Search	Getbusinesscaselist	getbusinesscaselist	getBusinessCaseList	Find specific business cases, filtered by separate fields.	1
https://zapier.com/Search/Getbusinesscasesourcelist	zapier.com.ai	Search	Getbusinesscasesourcelist	getbusinesscasesourcelist	getBusinessCaseSourceList	Find business case sources.	1
https://zapier.com/Search/Getbusinesscasestatelist	zapier.com.ai	Search	Getbusinesscasestatelist	getbusinesscasestatelist	getBusinessCaseStateList	Find business cases states.	1
https://zapier.com/Search/Getbusinesscasetasks	zapier.com.ai	Search	Getbusinesscasetasks	getbusinesscasetasks	getBusinessCaseTasks	Find tasks related to business cases.	1
https://zapier.com/Search/Getcashflowlist	zapier.com.ai	Search	Getcashflowlist	getcashflowlist	getCashflowList	Find cashflow, filtered by separate fields.	1
https://zapier.com/Search/Getcommunication	zapier.com.ai	Search	Getcommunication	getcommunication	getCommunication	Find communications, filtered by separate fields.	1
https://zapier.com/Search/Getcommunicationattachmentlist	zapier.com.ai	Search	Getcommunicationattachmentlist	getcommunicationattachmentlist	getCommunicationAttachmentList	Find all communication attachments.	1
https://zapier.com/Search/Getcommunicationcategorylist	zapier.com.ai	Search	Getcommunicationcategorylist	getcommunicationcategorylist	getCommunicationCategoryList	Find communication catogries tied to the company.	1
https://zapier.com/Search/Getcommunicationtypelist	zapier.com.ai	Search	Getcommunicationtypelist	getcommunicationtypelist	getCommunicationTypeList	Find a of all communication types tied to the company.	1
https://zapier.com/Search/Getcompanydatalist	zapier.com.ai	Search	Getcompanydatalist	getcompanydatalist	getCompanyDataList	Find company data.	1
https://zapier.com/Search/Getcountrylist	zapier.com.ai	Search	Getcountrylist	getcountrylist	getCountryList	Find country.	1
https://zapier.com/Search/Getdeliverytypelist	zapier.com.ai	Search	Getdeliverytypelist	getdeliverytypelist	getDeliveryTypeList	Find delivery type.	1
https://zapier.com/Search/Getdocumentcategorylist	zapier.com.ai	Search	Getdocumentcategorylist	getdocumentcategorylist	getDocumentCategoryList	Find document category.	1
https://zapier.com/Search/Getdocumentnumberingsequence	zapier.com.ai	Search	Getdocumentnumberingsequence	getdocumentnumberingsequence	getDocumentNumberingSequence	Find document numbering sequence.	1
https://zapier.com/Search/Getdocumentsubcategorylist	zapier.com.ai	Search	Getdocumentsubcategorylist	getdocumentsubcategorylist	getDocumentSubcategoryList	Find document subcategory.	1
https://zapier.com/Search/Getgoodscategorylist	zapier.com.ai	Search	Getgoodscategorylist	getgoodscategorylist	getGoodsCategoryList	Find goods category.	1
https://zapier.com/Search/Getgoodslist	zapier.com.ai	Search	Getgoodslist	getgoodslist	getGoodsList	Find goods, filtered by separate fields.	1
https://zapier.com/Search/Getgoodssubcategorylist	zapier.com.ai	Search	Getgoodssubcategorylist	getgoodssubcategorylist	getGoodsSubcategoryList	Find goods subcategory.	1
https://zapier.com/Search/Gethomesummary	zapier.com.ai	Search	Gethomesummary	gethomesummary	getHomeSummary	Get home page summary (task count, partners count...).	1
https://zapier.com/Search/Getnotifications	zapier.com.ai	Search	Getnotifications	getnotifications	getNotifications	Find notifications.	1
https://zapier.com/Search/Getnotificationsummary	zapier.com.ai	Search	Getnotificationsummary	getnotificationsummary	getNotificationSummary	Get notifications (unread count).	1
https://zapier.com/Search/Getorderattachmentlist	zapier.com.ai	Search	Getorderattachmentlist	getorderattachmentlist	getOrderAttachmentList	Find order attachment.	1
https://zapier.com/Search/Getorderdocuments	zapier.com.ai	Search	Getorderdocuments	getorderdocuments	getOrderDocuments	Find order documents.	1
https://zapier.com/Search/Getorderevents	zapier.com.ai	Search	Getorderevents	getorderevents	getOrderEvents	Find order events.	1
https://zapier.com/Search/Getorderlist	zapier.com.ai	Search	Getorderlist	getorderlist	getOrderList	Find order, filtered by separate fields.	1
https://zapier.com/Search/Getorderstatelist	zapier.com.ai	Search	Getorderstatelist	getorderstatelist	getOrderStateList	Find order state.	1
https://zapier.com/Search/Getordersubtypelist	zapier.com.ai	Search	Getordersubtypelist	getordersubtypelist	getOrderSubtypeList	Find order subtype.	1
https://zapier.com/Search/Getordertasks	zapier.com.ai	Search	Getordertasks	getordertasks	getOrderTasks	Find order tasks.	1
https://zapier.com/Search/Getordertypelist	zapier.com.ai	Search	Getordertypelist	getordertypelist	getOrderTypeList	Find order type.	1
https://zapier.com/Search/Getpartnerattachmentlist	zapier.com.ai	Search	Getpartnerattachmentlist	getpartnerattachmentlist	getPartnerAttachmentList	Find partner attachment.	1
https://zapier.com/Search/Getpartnerbusinesscases	zapier.com.ai	Search	Getpartnerbusinesscases	getpartnerbusinesscases	getPartnerBusinessCases	Find partner business cases.	1
https://zapier.com/Search/Getpartnercontacts	zapier.com.ai	Search	Getpartnercontacts	getpartnercontacts	getPartnerContacts	Find partner contacts.	1
https://zapier.com/Search/Getpartnerdocuments	zapier.com.ai	Search	Getpartnerdocuments	getpartnerdocuments	getPartnerDocuments	Find partner documents.	1
https://zapier.com/Search/Getpartneremails	zapier.com.ai	Search	Getpartneremails	getpartneremails	getPartnerEmails	Find partner emails.	1
https://zapier.com/Search/Getpartnerevents	zapier.com.ai	Search	Getpartnerevents	getpartnerevents	getPartnerEvents	Find partner events.	1
https://zapier.com/Search/Getpartnerlist	zapier.com.ai	Search	Getpartnerlist	getpartnerlist	getPartnerList	Find partner, filtered by separate fields.	1
https://zapier.com/Search/Getpartnerorders	zapier.com.ai	Search	Getpartnerorders	getpartnerorders	getPartnerOrders	Find partner orders.	1
https://zapier.com/Search/Getpartnersubtypelist	zapier.com.ai	Search	Getpartnersubtypelist	getpartnersubtypelist	getPartnerSubtypeList	Find partner subtype.	1
https://zapier.com/Search/Getpartnertaglist	zapier.com.ai	Search	Getpartnertaglist	getpartnertaglist	getPartnerTagList	Find partner tag.	1
https://zapier.com/Search/Getpartnertasks	zapier.com.ai	Search	Getpartnertasks	getpartnertasks	getPartnerTasks	Find partner tasks.	1
https://zapier.com/Search/Getpartnertypelist	zapier.com.ai	Search	Getpartnertypelist	getpartnertypelist	getPartnerTypeList	Find partner type.	1
https://zapier.com/Search/Gettaskactivityactivityintervallist	zapier.com.ai	Search	Gettaskactivityactivityintervallist	gettaskactivityactivityintervallist	getTaskActivityActivityIntervalList	Find task activity activity interval.	1
https://zapier.com/Search/Gettaskactivitylist	zapier.com.ai	Search	Gettaskactivitylist	gettaskactivitylist	getTaskActivityList	Find activity tasks.	1
https://zapier.com/Search/Gettaskattachmentlist	zapier.com.ai	Search	Gettaskattachmentlist	gettaskattachmentlist	getTaskAttachmentList	Find task attachment.	1
https://zapier.com/Search/Gettaskcategorylist	zapier.com.ai	Search	Gettaskcategorylist	gettaskcategorylist	getTaskCategoryList	Find task category.	1
https://zapier.com/Search/Gettasklist	zapier.com.ai	Search	Gettasklist	gettasklist	getTaskList	Find task, filtered by separate fields.	1
https://zapier.com/Search/Gettasksubcategorylist	zapier.com.ai	Search	Gettasksubcategorylist	gettasksubcategorylist	getTaskSubcategoryList	Find task subcategory.	1
https://zapier.com/Search/Getunitofmeasurelist	zapier.com.ai	Search	Getunitofmeasurelist	getunitofmeasurelist	getUnitOfMeasureList	Find unit of measure.	1
https://zapier.com/Search/Getuserlist	zapier.com.ai	Search	Getuserlist	getuserlist	getUserList	Find user.	1
https://zapier.com/Search/Readactivitytype	zapier.com.ai	Search	Readactivitytype	readactivitytype	readActivityType	Get the type of an activity specified by the activity ID and the name of the company.	1
https://zapier.com/Search/Readbusinesscasefailure	zapier.com.ai	Search	Readbusinesscasefailure	readbusinesscasefailure	readBusinessCaseFailure	Get business case failure information by its ID.	1
https://zapier.com/Search/Readbusinesscases	zapier.com.ai	Search	Readbusinesscases	readbusinesscases	readBusinessCases	Get business case information by its ID.	1
https://zapier.com/Search/Readbusinesscasesource	zapier.com.ai	Search	Readbusinesscasesource	readbusinesscasesource	readBusinessCaseSource	Gets a business case source by ID.	1
https://zapier.com/Search/Readbusinesscasestate	zapier.com.ai	Search	Readbusinesscasestate	readbusinesscasestate	readBusinessCaseState	Get business case state by its ID.	1
https://zapier.com/Search/Readcashflow	zapier.com.ai	Search	Readcashflow	readcashflow	readCashflow	Read cashflow by its ID.	1
https://zapier.com/Search/Readcommunication	zapier.com.ai	Search	Readcommunication	readcommunication	readCommunication	Get communication by its ID.	1
https://zapier.com/Search/Readcommunicationcategory	zapier.com.ai	Search	Readcommunicationcategory	readcommunicationcategory	readCommunicationCategory	Get communication category by its ID.	1
https://zapier.com/Search/Readcommunicationtype	zapier.com.ai	Search	Readcommunicationtype	readcommunicationtype	readCommunicationType	Get communication type by its ID.	1
https://zapier.com/Search/Readcompanydata	zapier.com.ai	Search	Readcompanydata	readcompanydata	readCompanyData	Get company data by its ID.	1
https://zapier.com/Search/Readdeliverytype	zapier.com.ai	Search	Readdeliverytype	readdeliverytype	readDeliveryType	Get delivery type by its ID.	1
https://zapier.com/Search/Readdocumentcategory	zapier.com.ai	Search	Readdocumentcategory	readdocumentcategory	readDocumentCategory	Get document category by its ID.	1
https://zapier.com/Search/Readfile	zapier.com.ai	Search	Readfile	readfile	readFile	Get file by its ID.	1
https://zapier.com/Search/Readgood	zapier.com.ai	Search	Readgood	readgood	readGood	Get good by its ID.	1
https://zapier.com/Search/Readgoodcategory	zapier.com.ai	Search	Readgoodcategory	readgoodcategory	readGoodCategory	Get good category by its ID.	1
https://zapier.com/Search/Readorderstate	zapier.com.ai	Search	Readorderstate	readorderstate	readOrderState	Get order state by its ID.	1
https://zapier.com/Search/Readordertype	zapier.com.ai	Search	Readordertype	readordertype	readOrderType	Get order type by its ID.	1
https://zapier.com/Search/Readpartner	zapier.com.ai	Search	Readpartner	readpartner	readPartner	Get partner by its ID.	1
https://zapier.com/Search/Readpartnertype	zapier.com.ai	Search	Readpartnertype	readpartnertype	readPartnerType	Get partner type by its ID.	1
https://zapier.com/Search/Readtask	zapier.com.ai	Search	Readtask	readtask	readTask	Get task by its ID.	1
https://zapier.com/Search/Readtaskcategory	zapier.com.ai	Search	Readtaskcategory	readtaskcategory	readTaskCategory	Get task category by its ID.	1
https://zapier.com/Search/Readunitofmeasure	zapier.com.ai	Search	Readunitofmeasure	readunitofmeasure	readUnitOfMeasure	Get unit of measure by its ID.	1
https://zapier.com/Search/FindCallData2	zapier.com.ai	Search	FindCallData2	find_call_data_2	find_call_data_2	Find Call Data (CallID required)	1
https://zapier.com/Search/DeviceDetailsById	zapier.com.ai	Search	DeviceDetailsById	device_details_by_id	device_details_by_id	Returns device details for a specific endpoint by its ID	1
https://zapier.com/Search/RetrieveHuntQueryResult	zapier.com.ai	Search	RetrieveHuntQueryResult	retrieve_hunt_query_result	retrieve_hunt_query_result	Retrieves the result of a previously submitted hunt lab query, given the query ID	1
https://zapier.com/Search/GetPurchaseOrderById	zapier.com.ai	Search	GetPurchaseOrderById	get_purchase_order_by_id	get_purchase_order_by_id	Finds a Purchase Order by ID.	1
https://zapier.com/Search/GetReceivingById	zapier.com.ai	Search	GetReceivingById	get_receiving_by_id	get_receiving_by_id	Finds a Receiving by ID.	1
https://zapier.com/Search/GetSalesOrderById	zapier.com.ai	Search	GetSalesOrderById	get_sales_order_by_id	get_sales_order_by_id	Finds a Sales Order by ID.	1
https://zapier.com/Search/GetShippingById	zapier.com.ai	Search	GetShippingById	get_shipping_by_id	get_shipping_by_id	Finds a Shipping by ID.	1
https://zapier.com/Search/GetSupplierById	zapier.com.ai	Search	GetSupplierById	get_supplier_by_id	get_supplier_by_id	Finds a Supplier by ID.	1
https://zapier.com/Search/ListClients	zapier.com.ai	Search	ListClients	list_clients	list_clients	Lists Clients	1
https://zapier.com/Search/ListProductionOrders	zapier.com.ai	Search	ListProductionOrders	list_production_orders	list_production_orders	Lists Productions Orders	1
https://zapier.com/Search/ListProducts	zapier.com.ai	Search	ListProducts	list_products	list_products	Lists Products	1
https://zapier.com/Search/ListPurchaseOrders	zapier.com.ai	Search	ListPurchaseOrders	list_purchase_orders	list_purchase_orders	Lists Purchase Orders	1
https://zapier.com/Search/ListSalesOrders	zapier.com.ai	Search	ListSalesOrders	list_sales_orders	list_sales_orders	Lists Sales Orders	1
https://zapier.com/Search/ListSuppliers	zapier.com.ai	Search	ListSuppliers	list_suppliers	list_suppliers	Lists Suppliers	1
https://zapier.com/Search/FindImageGrid	zapier.com.ai	Search	FindImageGrid	find_image_grid	find_image_grid	Find an image grid in your account.	1
https://zapier.com/Search/GetDesignsByProjectId	zapier.com.ai	Search	GetDesignsByProjectId	get_designs_by_project_id	get_designs_by_project_id	Get Designs by Project Id	1
https://zapier.com/Search/FindKanbanStatus	zapier.com.ai	Search	FindKanbanStatus	find_kanban_status	find_kanban_status	Find kanban status list	1
https://zapier.com/Search/FindQbTransaction	zapier.com.ai	Search	FindQbTransaction	find_qb_transaction	find_qb_transaction	Finds transaction records that have the desire status code	1
https://zapier.com/Search/FindTransactionByNumber	zapier.com.ai	Search	FindTransactionByNumber	find_transaction_by_number	find_transaction_by_number	Find a transaction	1
https://zapier.com/Search/ResultCleaning	zapier.com.ai	Search	ResultCleaning	result_cleaning	result_cleaning	cleaning the result	1
https://zapier.com/Search/EventSponsorsSearch	zapier.com.ai	Search	EventSponsorsSearch	event_sponsors_search	event_sponsors_search	Finds event sponsors by id.	1
https://zapier.com/Search/Registrants	zapier.com.ai	Search	Registrants	registrants	registrants	Finds a registrant by id.	1
https://zapier.com/Search/AppCatalogProductsList	zapier.com.ai	Search	AppCatalogProductsList	app_catalog_products_list	app_catalog_products_list	Find a product/service with product/service ID on your software.	1
https://zapier.com/Search/AppContactsOrganizationsList	zapier.com.ai	Search	AppContactsOrganizationsList	app_contacts_organizations_list	app_contacts_organizations_list	Find an organization with Sinao organization ID.	1
https://zapier.com/Search/AppContactsPersonsList	zapier.com.ai	Search	AppContactsPersonsList	app_contacts_persons_list	app_contacts_persons_list	Find a client with client ID on your software.	1
https://zapier.com/Search/AppDocumentsSalesInvoicesList	zapier.com.ai	Search	AppDocumentsSalesInvoicesList	app_documents_sales_invoices_list	app_documents_sales_invoices_list	Find an invoice with Sinao invoice ID.	1
https://zapier.com/Search/AppDocumentsSalesRecurringinvoicesList	zapier.com.ai	Search	AppDocumentsSalesRecurringinvoicesList	app_documents_sales_recurringinvoices_list	app_documents_sales_recurringinvoices_list	Return all recurring invoices 	1
https://zapier.com/Search/FindPage	zapier.com.ai	Search	FindPage	find_page	find_page	Searches for a page in Tettra.	1
https://zapier.com/Search/GetPage	zapier.com.ai	Search	GetPage	get_page	get_page	Returns a specific page from your Tettra account.	1
https://zapier.com/Search/GetArticle	zapier.com.ai	Search	GetArticle	get_article	get_article	Find Article details by id. You can get the id from the Articles section, under the Knowledge base tab in the Property settings.	1
https://zapier.com/Search/GetArticles	zapier.com.ai	Search	GetArticles	get_articles	get_articles	Find all articles associated with a property. The results are sorted by creation date in descending order, with a page size of 25 items.	1
https://zapier.com/Search/GetKbCategories	zapier.com.ai	Search	GetKbCategories	get_kb_categories	get_kb_categories	Find all categories.	1
https://zapier.com/Search/AudienceByUid	zapier.com.ai	Search	AudienceByUid	audience_by_uid	audience_by_uid	Look up whether a particular UID (email or cell phone etc) has already been an audience for a particular promotion.	1
https://zapier.com/Search/InvitelinkByCode	zapier.com.ai	Search	InvitelinkByCode	invitelink_by_code	invitelink_by_code	Look up whether a particular invite code has already been used with an InviteLink for a particular promotion.	1
https://zapier.com/Search/InvitelinkByUid	zapier.com.ai	Search	InvitelinkByUid	invitelink_by_uid	inviteLink_by_uid	Look up whether a particular UID (email or cell phone etc) has already been issued with an InviteLink for a particular promotion.	1
https://zapier.com/Search/SearchInvitelinks	zapier.com.ai	Search	SearchInvitelinks	search_invitelinks	search_invitelinks	Look up whether a particular UID (email or cell phone etc) has already been issued with an InviteLink or Look up whether a particular invite code has already been used with an InviteLink.	1
https://zapier.com/Search/FindTransactionByName	zapier.com.ai	Search	FindTransactionByName	find_transaction_by_name	find_transaction_by_name	Retrieves a specific transaction by name.	1
https://zapier.com/Search/GetContactNote	zapier.com.ai	Search	GetContactNote	get_contact_note	get_contact_note	Retrieves a specific contact note by ID.	1
https://zapier.com/Search/GetContactNotes	zapier.com.ai	Search	GetContactNotes	get_contact_notes	get_contact_notes	Retrieves all notes for a specific contact.	1
https://zapier.com/Search/GetTransactionNote	zapier.com.ai	Search	GetTransactionNote	get_transaction_note	get_transaction_note	Retrieves a specific transaction note by ID.	1
https://zapier.com/Search/GetTransactionNotes	zapier.com.ai	Search	GetTransactionNotes	get_transaction_notes	get_transaction_notes	Retrieves all notes for a specific transaction.	1
https://zapier.com/Search/EventFind	zapier.com.ai	Search	EventFind	event_find	event_find	Finds an Event using the EventId	1
https://zapier.com/Search/PayerFind	zapier.com.ai	Search	PayerFind	payer_find	payer_find	Find a payer by their Payer Id	1
https://zapier.com/Search/SubscriptionFind	zapier.com.ai	Search	SubscriptionFind	subscription_find	subscription_find	Finds a Subscription using the SubscriptionId	1
https://zapier.com/Search/FetchDriver	zapier.com.ai	Search	FetchDriver	fetch_driver	fetch_driver	Fetch a driver/vehicle's details	1
https://zapier.com/Search/FetchJob	zapier.com.ai	Search	FetchJob	fetch_job	fetch_job	Fetch a job's details by job Id	1
https://zapier.com/Search/FetchSite	zapier.com.ai	Search	FetchSite	fetch_site	fetch_site	Finds an existing site	1
https://zapier.com/Search/SubscriberSearch	zapier.com.ai	Search	SubscriberSearch	subscriber_search	subscriber_search	Find a subscriber by email address	1
https://zapier.com/Search/Initiative	zapier.com.ai	Search	Initiative	initiative	initiative	Find an Initiative by its (goal) ID.	1
https://zapier.com/Search/KeyResult	zapier.com.ai	Search	KeyResult	key_result	key_result	Find a Key Result by its (goal) ID.	1
https://zapier.com/Search/Kpi	zapier.com.ai	Search	Kpi	kpi	kpi	Find a KPI by its (goal) ID.	1
https://zapier.com/Search/Objective	zapier.com.ai	Search	Objective	objective	objective	Find an Objective by its (goal) ID.	1
https://zapier.com/Search/GetAppointment	zapier.com.ai	Search	GetAppointment	get_appointment	get_appointment	Retrieve Vendo Appointment data by ID	1
https://zapier.com/Search/SearchLeadData	zapier.com.ai	Search	SearchLeadData	search_lead_data	search_lead_data	Search by Unique Reference Id of the source application.	1
https://zapier.com/Search/Candidatestagesearch	zapier.com.ai	Search	Candidatestagesearch	candidatestagesearch	candidateStageSearch	Finds a candidate stage.	1
https://zapier.com/Search/ClientMembersearch	zapier.com.ai	Search	ClientMembersearch	client_membersearch	client_memberSearch	Finds a client member.	1
https://zapier.com/Search/ComplianceProfilesearch	zapier.com.ai	Search	ComplianceProfilesearch	compliance_profilesearch	compliance_profileSearch	Finds a compliance profile given the name	1
https://zapier.com/Search/PartyTypesearch	zapier.com.ai	Search	PartyTypesearch	party_typesearch	party_typeSearch	Finds a party type given the name.	1
https://zapier.com/Search/FindCheckin	zapier.com.ai	Search	FindCheckin	find_checkin	find_checkin	Gets a Checkin resource by ID.	1
https://zapier.com/Search/FindEventstatistics	zapier.com.ai	Search	FindEventstatistics	find_eventstatistics	find_eventstatistics	Gets an Event Statistics resource by ID.	1
https://zapier.com/Search/ListCategories	zapier.com.ai	Search	ListCategories	list_categories	list_categories	Finds the Guest Category of an Event that best matches your filters. Every guest has an optional 'categoryId' referencing this resource.	1
https://zapier.com/Search/ListCheckins	zapier.com.ai	Search	ListCheckins	list_checkins	list_checkins	Finds a Checkin in Sweap that best matches your filters.	1
https://zapier.com/Search/ListContacts	zapier.com.ai	Search	ListContacts	list_contacts	list_contacts	Finds a Contact resource that best matches your filters. Contact API is in Beta right now!	1
https://zapier.com/Search/ListEvents	zapier.com.ai	Search	ListEvents	list_events	list_events	Finds an Event in Sweap that best matches your filters.	1
https://zapier.com/Search/ListGuests	zapier.com.ai	Search	ListGuests	list_guests	list_guests	Finds a Guest resource in a given Event that best matches your filters.	1
https://zapier.com/Search/ListRecipients	zapier.com.ai	Search	ListRecipients	list_recipients	list_recipients	Finds a Recipient in Sweap that best matches your filters.	1
https://zapier.com/Search/GetChecklistitems	zapier.com.ai	Search	GetChecklistitems	get_checklistitems	get_checklistitems	Allows to get a project's checklists	1
https://zapier.com/Search/GetDocuments	zapier.com.ai	Search	GetDocuments	get_documents	get_documents	Allows to retrieve project's documents and folders(directories)	1
https://zapier.com/Search/GetExternaldocument	zapier.com.ai	Search	GetExternaldocument	get_externaldocument	get_externaldocument	Returns external document associated with Fonn internal entity (like Issues)	1
https://zapier.com/Search/GetExternaldocuments	zapier.com.ai	Search	GetExternaldocuments	get_externaldocuments	get_externaldocuments	Returns external documents associated with Fonn internal entities (like Issues)	1
https://zapier.com/Search/GetIssues	zapier.com.ai	Search	GetIssues	get_issues	get_issues	Get Issues from a specified Project	1
https://zapier.com/Search/GetProjectsByOrganization	zapier.com.ai	Search	GetProjectsByOrganization	get_projects_by_organization	get_projects_by_organization	Method that returns organization projects.	1
https://zapier.com/Search/FindCustomerByExternalId	zapier.com.ai	Search	FindCustomerByExternalId	find_customer_by_external_id	find_customer_by_external_id	This method allow to get a customer by external ID	1
https://zapier.com/Search/FindOrderExternalId	zapier.com.ai	Search	FindOrderExternalId	find_order_external_id	find_order_external_id	This method allow to get a service/delivery/collect order with externalId.	1
https://zapier.com/Search/FindOrderId	zapier.com.ai	Search	FindOrderId	find_order_id	find_order_id	This method allow to get a service/delivery/collect with AntsRoute unique Order ID	1
https://zapier.com/Search/ApiRequestAction	zapier.com.ai	Search	ApiRequestAction	api_request_action	api_request_action	Triggers a custom API Request (highly technical, create or search).	1
https://zapier.com/Search/GetLoanPurposes	zapier.com.ai	Search	GetLoanPurposes	get_loan_purposes	Get_Loan_Purposes	Retrieve a list of Loan Purposes and their corresponding ID.	1
https://zapier.com/Search/GetLoanTypes	zapier.com.ai	Search	GetLoanTypes	get_loan_types	Get_Loan_Types	Retrieve a list of Loan Types and their corresponding ID.	1
https://zapier.com/Search/SearchCallData	zapier.com.ai	Search	SearchCallData	search_call_data	search_call_data	Search for a Call based on a specific UUID	1
https://zapier.com/Search/CheckGiftCardBalance	zapier.com.ai	Search	CheckGiftCardBalance	check_gift_card_balance	check_gift_card_balance	Checks the balance of a gift card.	1
https://zapier.com/Search/Recipient	zapier.com.ai	Search	Recipient	recipient	recipient	Finds a recipient.	1
https://zapier.com/Search/FindProfile	zapier.com.ai	Search	FindProfile	find_profile	find_profile	Finds a profile based on phone number.	1
https://zapier.com/Search/FindAddons	zapier.com.ai	Search	FindAddons	find_addons	Find_AddOns	Finds any Add Ons for an Event	1
https://zapier.com/Search/FindAllCategories	zapier.com.ai	Search	FindAllCategories	find_all_categories	find_all_categories	Finds all Finance Categories in Opendate	1
https://zapier.com/Search/FindArtistByName	zapier.com.ai	Search	FindArtistByName	find_artist_by_name	find_artist_by_name	Finds an Artist in Opendate by Artist Name	1
https://zapier.com/Search/FindAFan	zapier.com.ai	Search	FindAFan	find_a_fan	Find_A_Fan	Find a Fan by Email Address	1
https://zapier.com/Search/FindEventsByDate	zapier.com.ai	Search	FindEventsByDate	find_events_by_date	find_events_by_date	Find Events in Opendate by Date Range	1
https://zapier.com/Search/FindEventByArtistName	zapier.com.ai	Search	FindEventByArtistName	find_event_by_artist_name	find_event_by_artist_name	Searches all events by artist name and returns all matching events	1
https://zapier.com/Search/FindEventDescription	zapier.com.ai	Search	FindEventDescription	find_event_description	Find_Event_Description	Used to lookup an event description in Opendate	1
https://zapier.com/Search/FindEventId	zapier.com.ai	Search	FindEventId	find_event_id	find_event_id	Find confirm by id.	1
https://zapier.com/Search/FindFandbEntry	zapier.com.ai	Search	FindFandbEntry	find_fandb_entry	find_fandb_entry	Finds a Food and Beverage Entry from the POS in Opendate	1
https://zapier.com/Search/FindFinanceCategories	zapier.com.ai	Search	FindFinanceCategories	find_finance_categories	find_finance_categories	Finds a Finance Category in Opendate	1
https://zapier.com/Search/FindFoodAndBeverage	zapier.com.ai	Search	FindFoodAndBeverage	find_food_and_beverage	find_food_and_beverage	Finds Food and Beverage Entries in Opendate	1
https://zapier.com/Search/FindFoodAndBeverageSummary	zapier.com.ai	Search	FindFoodAndBeverageSummary	find_food_and_beverage_summary	find_food_and_beverage_summary	Finds the summary of all Food & Beverage orders for a given event.	1
https://zapier.com/Search/FindNotes	zapier.com.ai	Search	FindNotes	find_notes	find_notes	Finds Notes in Opendate	1
https://zapier.com/Search/FindPl	zapier.com.ai	Search	FindPl	find_pl	find_pl	Finds Profit and Loss by Event	1
https://zapier.com/Search/FindSettlement	zapier.com.ai	Search	FindSettlement	find_settlement	Find_Settlement	Find settlement by confirm id.	1
https://zapier.com/Search/FindShowActivity	zapier.com.ai	Search	FindShowActivity	find_show_activity	find_show_activity	Finds the Show Details for an Event in Opendate	1
https://zapier.com/Search/FindSimilarArtists	zapier.com.ai	Search	FindSimilarArtists	find_similar_artists	Find_Similar_Artists	Finds Similar Artists to a Given Event	1
https://zapier.com/Search/FindUpcomingShowsByFan	zapier.com.ai	Search	FindUpcomingShowsByFan	find_upcoming_shows_by_fan	Find_Upcoming_Shows_By_Fan	Recommend upcoming events of interest by Fan ID	1
https://zapier.com/Search/FindVenue	zapier.com.ai	Search	FindVenue	find_venue	find_venue	Finds the Venues in your Opendate account.	1
https://zapier.com/Search/GetAllFinanceItems	zapier.com.ai	Search	GetAllFinanceItems	get_all_finance_items	Get_all_Finance_Items	Find All Finance Items	1
https://zapier.com/Search/GetAFinanceItem	zapier.com.ai	Search	GetAFinanceItem	get_a_finance_item	Get_a_Finance_Item	Find a Finance Item.	1
https://zapier.com/Search/GetEventbriteEvents	zapier.com.ai	Search	GetEventbriteEvents	get_eventbrite_events	get_eventbrite_events	Find Event by Eventbrite ID	1
https://zapier.com/Search/RecFansByEventId	zapier.com.ai	Search	RecFansByEventId	rec_fans_by_event_id	Rec_Fans_By_Event_ID	Recommends a list of fans who would likely have interest in a specific event	1
https://zapier.com/Search/TicketDetailsByTicketid	zapier.com.ai	Search	TicketDetailsByTicketid	ticket_details_by_ticketid	ticket_details_by_ticketID	Lookup the details of a ticket type by the Event ID and Ticket ID	1
https://zapier.com/Search/UpdateFinanceItem	zapier.com.ai	Search	UpdateFinanceItem	update_finance_item	update_finance_item	Update a Finance Item	1
https://zapier.com/Search/UpdateMarketingSubscription	zapier.com.ai	Search	UpdateMarketingSubscription	update_marketing_subscription	update_marketing_subscription	Updates a Fan's Marketing Subscription by Venue	1
https://zapier.com/Search/RetrieveContacts	zapier.com.ai	Search	RetrieveContacts	retrieve_contacts	retrieve_contacts	Retrieves contacts from Re-Leased.	1
https://zapier.com/Search/RetrieveInvoices	zapier.com.ai	Search	RetrieveInvoices	retrieve_invoices	retrieve_invoices	Retrieves invoices from Re-Leased.	1
https://zapier.com/Search/RetrieveProperties	zapier.com.ai	Search	RetrieveProperties	retrieve_properties	retrieve_properties	Retrieves properties from Re-Leased.	1
https://zapier.com/Search/AssetLink	zapier.com.ai	Search	AssetLink	asset_link	asset_link	Gets a presigned S3 link to the original asset	1
https://zapier.com/Search/AssetPreview	zapier.com.ai	Search	AssetPreview	asset_preview	asset_preview	Gets a presigned S3 link to the asset preview of selected size	1
https://zapier.com/Search/AssetSummary	zapier.com.ai	Search	AssetSummary	asset_summary	asset_summary	Gets an asset summary based on asset ID	1
https://zapier.com/Search/Collection	zapier.com.ai	Search	Collection	collection	collection	Gets a collection based on id.	1
https://zapier.com/Search/CollectionAssets	zapier.com.ai	Search	CollectionAssets	collection_assets	collection_assets	Gets assets from a collection	1
https://zapier.com/Search/FolderAssets	zapier.com.ai	Search	FolderAssets	folder_assets	folder_assets	Gets assets from a folder	1
https://zapier.com/Search/Metadata	zapier.com.ai	Search	Metadata	metadata	metadata	Gets Metadata for a given asset	1
https://zapier.com/Search/FindQuota	zapier.com.ai	Search	FindQuota	find_quota	find_quota	Find an absence quota	1
https://zapier.com/Search/FindSubproject	zapier.com.ai	Search	FindSubproject	find_subproject	find_subproject	Finds a subproject by name	1
https://zapier.com/Search/LookupItem	zapier.com.ai	Search	LookupItem	lookup_item	lookup_item	Search for an existing item	1
https://zapier.com/Search/GetKpiDataByDimension	zapier.com.ai	Search	GetKpiDataByDimension	get_kpi_data_by_dimension	get_kpi_data_by_dimension	Returns the data of a single KPI broken down by a single dimension.	1
https://zapier.com/Search/GetKpiDimensions	zapier.com.ai	Search	GetKpiDimensions	get_kpi_dimensions	get_kpi_dimensions	Returns the list of dimensions available for analyzing a KPI	1
https://zapier.com/Search/GetKpiDimensionValues	zapier.com.ai	Search	GetKpiDimensionValues	get_kpi_dimension_values	get_kpi_dimension_values	This search returns the available values for one dimension of a single KPI.	1
https://zapier.com/Search/GetKpiInsights	zapier.com.ai	Search	GetKpiInsights	get_kpi_insights	get_kpi_insights	Returns the insights based on a KPI ID	1
https://zapier.com/Search/SearchCatalog	zapier.com.ai	Search	SearchCatalog	search_catalog	search_catalog	Search for specific KPIs inside your KPI catalog	1
https://zapier.com/Search/FindCustomercontact	zapier.com.ai	Search	FindCustomercontact	find_customercontact	find_customercontact	Find an existing Customer Contact in Cinode	1
https://zapier.com/Search/ConvertCurrency	zapier.com.ai	Search	ConvertCurrency	convert_currency	convert_currency	This trigger will Convert Between two Different Currencies	1
https://zapier.com/Search/FindCurrencies	zapier.com.ai	Search	FindCurrencies	find_currencies	find_currencies	This trigger will find a Currency and return its appropriate data.	1
https://zapier.com/Search/FindExpenseEntry	zapier.com.ai	Search	FindExpenseEntry	find_expense_entry	find_expense_entry	This trigger will find a Expense Entry and return its appropriate data	1
https://zapier.com/Search/Allagencies	zapier.com.ai	Search	Allagencies	allagencies	allAgencies	Finds all agencies the user has given access to	1
https://zapier.com/Search/Findagency	zapier.com.ai	Search	Findagency	findagency	findAgency	Finds an agency by its ID	1
https://zapier.com/Search/Findenquiriesbyagency	zapier.com.ai	Search	Findenquiriesbyagency	findenquiriesbyagency	findEnquiriesByAgency	Finds all enquiries for an agency	1
https://zapier.com/Search/Findenquiry	zapier.com.ai	Search	Findenquiry	findenquiry	findEnquiry	Finds an enquiry by its ID	1
https://zapier.com/Search/Findenquirymessage	zapier.com.ai	Search	Findenquirymessage	findenquirymessage	findEnquiryMessage	Finds an enquiry message by its ID	1
https://zapier.com/Search/Findenquirymessages	zapier.com.ai	Search	Findenquirymessages	findenquirymessages	findEnquiryMessages	Finds enquiry messages by enquiry ID	1
https://zapier.com/Search/Findlisting	zapier.com.ai	Search	Findlisting	findlisting	findListing	Finds a listing by its ID	1
https://zapier.com/Search/Findlistingsbyagency	zapier.com.ai	Search	Findlistingsbyagency	findlistingsbyagency	findListingsByAgency	Finds all listings for an agency	1
https://zapier.com/Search/Findoffer	zapier.com.ai	Search	Findoffer	findoffer	findOffer	Finds all offers for a property	1
https://zapier.com/Search/Findofferbyid	zapier.com.ai	Search	Findofferbyid	findofferbyid	findOfferByID	Find an offer by its ID	1
https://zapier.com/Search/Findofferdetails	zapier.com.ai	Search	Findofferdetails	findofferdetails	findOfferDetails	Finds offer details for a specific offer	1
https://zapier.com/Search/Findoffersbyagency	zapier.com.ai	Search	Findoffersbyagency	findoffersbyagency	findOffersByAgency	Finds all offers for an agency	1
https://zapier.com/Search/Findpropertiesbyagency	zapier.com.ai	Search	Findpropertiesbyagency	findpropertiesbyagency	findPropertiesByAgency	Finds all properties for an agency	1
https://zapier.com/Search/Findpropertybyid	zapier.com.ai	Search	Findpropertybyid	findpropertybyid	findPropertyByID	Finds a property by its ID	1
https://zapier.com/Search/Findviewingbyid	zapier.com.ai	Search	Findviewingbyid	findviewingbyid	findViewingByID	Finds a viewing by its ID	1
https://zapier.com/Search/Findviewingsbyagency	zapier.com.ai	Search	Findviewingsbyagency	findviewingsbyagency	findViewingsByAgency	Finds all viewings for an agency	1
https://zapier.com/Search/Findviewingslotbyid	zapier.com.ai	Search	Findviewingslotbyid	findviewingslotbyid	findViewingSlotByID	Finds a viewing slot by its ID	1
https://zapier.com/Search/Findviewingslotsbyagency	zapier.com.ai	Search	Findviewingslotsbyagency	findviewingslotsbyagency	findViewingSlotsByAgency	Finds all viewing slots for an agency	1
https://zapier.com/Search/GetCurrentUsersOnRotation	zapier.com.ai	Search	GetCurrentUsersOnRotation	get_current_users_on_rotation	get_current_users_on_rotation	Get current user(s) / oncall(s) in your rotation.	1
https://zapier.com/Search/Projectlist	zapier.com.ai	Search	Projectlist	projectlist	projectList	Search through your active projects using various criteria, 100 results max	1
https://zapier.com/Search/Searchtasks	zapier.com.ai	Search	Searchtasks	searchtasks	searchTasks	Search for tasks across your entire account, using various criteria, 100 results max	1
https://zapier.com/Search/Searchtimesheets	zapier.com.ai	Search	Searchtimesheets	searchtimesheets	searchTimesheets	Search through all timesheet entries using various criteria, 100 results max, note that timesheets are not available on all editions	1
https://zapier.com/Search/ActionHistory	zapier.com.ai	Search	ActionHistory	action_history	action_history	Return a paginated list of individual action executions for your organization.	1
https://zapier.com/Search/CallHistoryDetail	zapier.com.ai	Search	CallHistoryDetail	call_history_detail	call_history_detail	Retrieve detailed information about a specific call, including transcript.	1
https://zapier.com/Search/GetActionExecution	zapier.com.ai	Search	GetActionExecution	get_action_execution	get_action_execution	Return detailed information about a single action execution.	1
https://zapier.com/Search/GetEventById	zapier.com.ai	Search	GetEventById	get_event_by_id	get_event_by_id	Retrieve a specific event by its ID.	1
https://zapier.com/Search/ListActions	zapier.com.ai	Search	ListActions	list_actions	list_actions	Return all action configurations available to your organization.	1
https://zapier.com/Search/ListCallHistory	zapier.com.ai	Search	ListCallHistory	list_call_history	list_call_history	Retrieve a paginated list of call history records for the authenticated organization.	1
https://zapier.com/Search/Findclonvoices	zapier.com.ai	Search	Findclonvoices	findclonvoices	FindClonvoices	Find Close Invoices into yeshinvoice	1
https://zapier.com/Search/Findinvoices	zapier.com.ai	Search	Findinvoices	findinvoices	FindInvoices	Find Invoices into yeshinvoice	1
https://zapier.com/Search/Findlanguagestypes	zapier.com.ai	Search	Findlanguagestypes	findlanguagestypes	FindLanguagesTypes	Find Languages Types into yeshinvoice	1
https://zapier.com/Search/Findopeninvoices	zapier.com.ai	Search	Findopeninvoices	findopeninvoices	FindOpenInvoices	Find Open Invoices into yeshinvoice	1
https://zapier.com/Search/Findportfolios	zapier.com.ai	Search	Findportfolios	findportfolios	FindPortfolios	Find Portfolios into yeshinvoice	1
https://zapier.com/Search/Findproducts	zapier.com.ai	Search	Findproducts	findproducts	FindProducts	Find Products in Yesh Invoices	1
https://zapier.com/Search/Findproviders	zapier.com.ai	Search	Findproviders	findproviders	FindProviders	Find Providers in Yesh Invoices	1
https://zapier.com/Search/Findvattypes	zapier.com.ai	Search	Findvattypes	findvattypes	FindVATTypes	Find VAT Types in Yesh Invoices	1
https://zapier.com/Search/Directors	zapier.com.ai	Search	Directors	directors	directors	Returns information about the company's executives based on a SIREN, SIRET, or intra-community VAT number.	1
https://zapier.com/Search/Establishments	zapier.com.ai	Search	Establishments	establishments	establishments	Returns information about all of the company's establishments based on a SIREN, SIRET, or intra-community VAT number.	1
https://zapier.com/Search/Evenements	zapier.com.ai	Search	Evenements	evenements	evenements	Returns all legal events of the company based on a SIREN, SIRET, or intra-community VAT number.	1
https://zapier.com/Search/Exist	zapier.com.ai	Search	Exist	exist	exist	Returns the identity information of the company based on a SIREN, SIRET, or intra-community VAT number.	1
https://zapier.com/Search/Financial	zapier.com.ai	Search	Financial	financial	financial	Returns all financial information about the company based on a SIREN, SIRET, or intra-community VAT number.	1
https://zapier.com/Search/Infoleg	zapier.com.ai	Search	Infoleg	infoleg	infoleg	Returns the legal information of the company based on its SIREN, SIRET, or intra-community VAT number.	1
https://zapier.com/Search/Procedure	zapier.com.ai	Search	Procedure	procedure	procedure	Returns all legal information regarding the company's collective proceedings.	1
https://zapier.com/Search/Recherche1	zapier.com.ai	Search	Recherche1	recherche1	recherche1	Returns companies matching the search according to various criteria.	1
https://zapier.com/Search/Recherche2	zapier.com.ai	Search	Recherche2	recherche2	recherche2	Returns establishments matching a search according to various criteria.	1
https://zapier.com/Search/Scoring	zapier.com.ai	Search	Scoring	scoring	Scoring	Returns all extra-financial scores assigned to the company.	1
https://zapier.com/Search/Asyncchatcompletion	zapier.com.ai	Search	Asyncchatcompletion	asyncchatcompletion	asyncChatCompletion	Get chat completion status for a previously requested chat completion.	1
https://zapier.com/Search/Getreportgroupmessagessearch	zapier.com.ai	Search	Getreportgroupmessagessearch	getreportgroupmessagessearch	getReportGroupMessagesSearch	Search for report group messages from a particular report group, optionally between 2 timestamps. Max limit - 100 records.	1
https://zapier.com/Search/Getreportgroupssearch	zapier.com.ai	Search	Getreportgroupssearch	getreportgroupssearch	getReportGroupsSearch	Search for report groups created in the Hana system. Max limit - 100 records.	1
https://zapier.com/Search/Getspacessearch	zapier.com.ai	Search	Getspacessearch	getspacessearch	getSpacesSearch	Search for spaces that Hana is added in Google Chat. Max limit - 100 records.	1
https://zapier.com/Search/GetApproval	zapier.com.ai	Search	GetApproval	get_approval	get_approval	Get the details of approval	1
https://zapier.com/Search/ShowCustomer	zapier.com.ai	Search	ShowCustomer	show_customer	show_customer	Vendors can use this action to retrieve the full customer details, including Tax Registration Id.	1
https://zapier.com/Search/ShowOrder	zapier.com.ai	Search	ShowOrder	show_order	show_order	This method allows to retrieve all details about an order by its ID	1
https://zapier.com/Search/ShowReport	zapier.com.ai	Search	ShowReport	show_report	show_report	This method allows to retrieve all details about a report by its ID	1
https://zapier.com/Search/ShowSubscription	zapier.com.ai	Search	ShowSubscription	show_subscription	show_subscription	Resellers can use this action to retrieve the full subscription details, including the products that are part of it.	1
https://zapier.com/Search/Finddeliverable	zapier.com.ai	Search	Finddeliverable	finddeliverable	findDeliverable	Finds a deliverable (signed document).	1
https://zapier.com/Search/Findenvelope	zapier.com.ai	Search	Findenvelope	findenvelope	findEnvelope	Finds an envelope.	1
https://zapier.com/Search/Findrecipient	zapier.com.ai	Search	Findrecipient	findrecipient	findRecipient	Finds a recipient.	1
https://zapier.com/Search/SearchAssets	zapier.com.ai	Search	SearchAssets	search_assets	search_assets	Search for Assets.	1
https://zapier.com/Search/SearchBillingRequests	zapier.com.ai	Search	SearchBillingRequests	search_billing_requests	search_billing_requests	Search for Billing Requests.	1
https://zapier.com/Search/SearchCases	zapier.com.ai	Search	SearchCases	search_cases	search_cases	Search for Cases.	1
https://zapier.com/Search/SearchComments	zapier.com.ai	Search	SearchComments	search_comments	search_comments	Search for Comments by Case.	1
https://zapier.com/Search/SearchListingRequest	zapier.com.ai	Search	SearchListingRequest	search_listing_request	search_listing_request	Search for Listing Requests.	1
https://zapier.com/Search/SearchRecurringAssets	zapier.com.ai	Search	SearchRecurringAssets	search_recurring_assets	search_recurring_assets	Search for Recurring Assets.	1
https://zapier.com/Search/SearchRequests	zapier.com.ai	Search	SearchRequests	search_requests	search_requests	Search for Asset Requests.	1
https://zapier.com/Search/SearchTierAccountRequests	zapier.com.ai	Search	SearchTierAccountRequests	search_tier_account_requests	search_tier_account_requests	Search for Tier Account Requests.	1
https://zapier.com/Search/SearchTierConfigs	zapier.com.ai	Search	SearchTierConfigs	search_tier_configs	search_tier_configs	Search for Tier Configurations.	1
https://zapier.com/Search/SearchTierConfigRequests	zapier.com.ai	Search	SearchTierConfigRequests	search_tier_config_requests	search_tier_config_requests	Search for Tier Configuration Requests.	1
https://zapier.com/Search/CompanyDatabase	zapier.com.ai	Search	CompanyDatabase	company_database	company_database	Get data about a company with a domain name.	1
https://zapier.com/Search/LinkedinCompany	zapier.com.ai	Search	LinkedinCompany	linkedin_company	linkedin_company	Get company information from a LinkedIn URL.	1
https://zapier.com/Search/WebsiteCrawler	zapier.com.ai	Search	WebsiteCrawler	website_crawler	website_crawler	High performance API for web scraping to scrape any website and get the HTML.	1
https://zapier.com/Search/WebsiteTechnology	zapier.com.ai	Search	WebsiteTechnology	website_technology	website_technology	Get the website technology from a website : cms, framework, analytics, cdn, hosting, etc.	1
https://zapier.com/Search/Getverifiednumbers	zapier.com.ai	Search	Getverifiednumbers	getverifiednumbers	GetVerifiedNumbers	Get your verified number under your API key, you can also filter by country code and or mobile number. 	1
https://zapier.com/Search/FindResponse	zapier.com.ai	Search	FindResponse	find_response	find_response	Lookup a response based on ID or a unique customer identifier.	1
https://zapier.com/Search/FindResponseByMeta	zapier.com.ai	Search	FindResponseByMeta	find_response_by_meta	find_response_by_meta	Lookup a response based a unique customer identifier.	1
https://zapier.com/Search/FindCustomerAccount	zapier.com.ai	Search	FindCustomerAccount	find_customer_account	find_customer_account	Find a customer account by searching	1
https://zapier.com/Search/FindCustomerContact	zapier.com.ai	Search	FindCustomerContact	find_customer_contact	find_customer_contact	Find a customer contact by searching	1
https://zapier.com/Search/FindOrganizationAccount	zapier.com.ai	Search	FindOrganizationAccount	find_organization_account	find_organization_account	Find an organization account by searching	1
https://zapier.com/Search/FindOrganizationContact	zapier.com.ai	Search	FindOrganizationContact	find_organization_contact	find_organization_contact	Find an organization contact by searching	1
https://zapier.com/Search/FindRecordsByFilterField	zapier.com.ai	Search	FindRecordsByFilterField	find_records_by_filter_field	find_Records_By_Filter_Field	Find records by filter fields in the system	1
https://zapier.com/Search/FindRecordById	zapier.com.ai	Search	FindRecordById	find_record_by_id	find_Record_By_Id	Finds a record data in the system	1
https://zapier.com/Search/FindRecordByName	zapier.com.ai	Search	FindRecordByName	find_record_by_name	find_Record_By_Name	Finds record data in the system	1
https://zapier.com/Search/Envelope	zapier.com.ai	Search	Envelope	envelope	envelope	Gets an envelope based on unique id.	1
https://zapier.com/Search/TeamId	zapier.com.ai	Search	TeamId	team_id	team_id	Find a Team ID in EASI'R by searching for a name.	1
https://zapier.com/Search/GetDisputes	zapier.com.ai	Search	GetDisputes	get_disputes	get_disputes	Retrieves a list of disputes based on the provided parameters.	1
https://zapier.com/Search/GetDisputeById	zapier.com.ai	Search	GetDisputeById	get_dispute_by_id	get_dispute_by_id	Retrieve a single dispute details.	1
https://zapier.com/Search/FindPartner	zapier.com.ai	Search	FindPartner	find_partner	find_partner	Finds a partner (customer or supplier) in Manu Online	1
https://zapier.com/Search/Mapping	zapier.com.ai	Search	Mapping	mapping	Mapping	Search for mappings	1
https://zapier.com/Search/DownloadDocuments	zapier.com.ai	Search	DownloadDocuments	download_documents	download_documents	Search for and download a ZIP file containing all documents related to case.	1
https://zapier.com/Search/SearchCase	zapier.com.ai	Search	SearchCase	search_case	search_case	Search for and return a case in SimplyConvert.	1
https://zapier.com/Search/FindDonorByEmail	zapier.com.ai	Search	FindDonorByEmail	find_donor_by_email	find_donor_by_email	Finds the donor by the email address	1
https://zapier.com/Search/FindDonorForms	zapier.com.ai	Search	FindDonorForms	find_donor_forms	find_donor_forms	Finds the donor forms for your account	1
https://zapier.com/Search/FindEntityById	zapier.com.ai	Search	FindEntityById	find_entity_by_id	find_entity_by_id	Finds the entity whose id you have passed	1
https://zapier.com/Search/FindPrograms	zapier.com.ai	Search	FindPrograms	find_programs	find_programs	Finds the list of programs in the organization	1
https://zapier.com/Search/DailyReport	zapier.com.ai	Search	DailyReport	daily_report	daily_report	Fetches daily report for a specific vehicle and date.	1
https://zapier.com/Search/DailyReportPdf	zapier.com.ai	Search	DailyReportPdf	daily_report_pdf	daily_report_pdf	Fetches daily report for a specific vehicle and date.	1
https://zapier.com/Search/SearchVehicles	zapier.com.ai	Search	SearchVehicles	search_vehicles	search_vehicles	Search for vehicles in the system.	1
https://zapier.com/Search/JobSearch	zapier.com.ai	Search	JobSearch	job_search	job_search	Finds a Job in your account	1
https://zapier.com/Search/EmailReverseLookup	zapier.com.ai	Search	EmailReverseLookup	email_reverse_lookup	email_reverse_lookup	Finds a uniquely identified person by passing an email address.	1
https://zapier.com/Search/EnrichCompanyByLinkedinUrl	zapier.com.ai	Search	EnrichCompanyByLinkedinUrl	enrich_company_by_linkedin_url	enrich_company_by_linkedin_url	Gets an enriched company profile by passing a LinkedIn url.	1
https://zapier.com/Search/EnrichPersonByLinkedinUrl	zapier.com.ai	Search	EnrichPersonByLinkedinUrl	enrich_person_by_linkedin_url	enrich_person_by_linkedin_url	Gets an enriched person profile by passing a LinkedIn url.	1
https://zapier.com/Search/FindProspectContacts	zapier.com.ai	Search	FindProspectContacts	find_prospect_contacts	find_prospect_contacts	Finds a list of Contacts by Prospect ID	1
https://zapier.com/Search/FindResident	zapier.com.ai	Search	FindResident	find_resident	find_resident	Find a Resident by its unique ID	1
https://zapier.com/Search/FindResidentContacts	zapier.com.ai	Search	FindResidentContacts	find_resident_contacts	find_resident_contacts	Finds a list of Contacts by Resident ID	1
https://zapier.com/Search/Getcall	zapier.com.ai	Search	Getcall	getcall	getCall	Fetch metadata for a call.	1
https://zapier.com/Search/Getcallattendee	zapier.com.ai	Search	Getcallattendee	getcallattendee	getCallAttendee	Get a list of the people who attended a call.	1
https://zapier.com/Search/Getcallsummary	zapier.com.ai	Search	Getcallsummary	getcallsummary	getCallSummary	Get the full summary for a particular call.	1
https://zapier.com/Search/Getcalltranscript	zapier.com.ai	Search	Getcalltranscript	getcalltranscript	getCallTranscript	Fetch the full text transcript for a call.	1
https://zapier.com/Search/GetShipmentDetails	zapier.com.ai	Search	GetShipmentDetails	get_shipment_details	get_shipment_details	Get existing shipment's details	1
https://zapier.com/Search/GetStopDetails	zapier.com.ai	Search	GetStopDetails	get_stop_details	get_stop_details	Get Stop Details	1
https://zapier.com/Search/GetTeamMemberDetails	zapier.com.ai	Search	GetTeamMemberDetails	get_team_member_details	get_team_member_details	Get team member's details	1
https://zapier.com/Search/FindWorkflowStep	zapier.com.ai	Search	FindWorkflowStep	find_workflow_step	find_workflow_step	Finds a workflow step based on its name.	1
https://zapier.com/Search/FindContactByParameters	zapier.com.ai	Search	FindContactByParameters	find_contact_by_parameters	find_contact_by_parameters	Finds an existing contact by supported parameters.	1
https://zapier.com/Search/FindDeadline	zapier.com.ai	Search	FindDeadline	find_deadline	find_deadline	Finds an existing deadline of a case file by Id.	1
https://zapier.com/Search/FindRelatedFiles	zapier.com.ai	Search	FindRelatedFiles	find_related_files	find_related_files	Finds related case files for the party designated as client.	1
https://zapier.com/Search/FindResubmission	zapier.com.ai	Search	FindResubmission	find_resubmission	find_resubmission	Finds an existing resubmission of a case file by Id.	1
https://zapier.com/Search/FindUserMe	zapier.com.ai	Search	FindUserMe	find_user_me	find_user_me	Finds the currently logged-in user.	1
https://zapier.com/Search/GetGuestportalData	zapier.com.ai	Search	GetGuestportalData	get_guestportal_data	get_guestportal_data	Get verification status for a given reservation ID.	1
https://zapier.com/Search/GetListing	zapier.com.ai	Search	GetListing	get_listing	get_listing	Get a Listing using an Autohost or PMS ID	1
https://zapier.com/Search/GetReservation	zapier.com.ai	Search	GetReservation	get_reservation	get_reservation	Get a specific Reservation	1
https://zapier.com/Search/GetVerificationStatus	zapier.com.ai	Search	GetVerificationStatus	get_verification_status	get_verification_status	Get verification status for a given reservation ID.	1
https://zapier.com/Search/FindExpenseAccounts	zapier.com.ai	Search	FindExpenseAccounts	find_expense_accounts	find_expense_accounts	Finds an expense account based on name.	1
https://zapier.com/Search/FindRevenueAccounts	zapier.com.ai	Search	FindRevenueAccounts	find_revenue_accounts	find_revenue_accounts	Finds a revenue account based on name.	1
https://zapier.com/Search/FindTaxRates	zapier.com.ai	Search	FindTaxRates	find_tax_rates	find_tax_rates	Finds a Tax Rate based on percentage.	1
https://zapier.com/Search/FindCustomerByEmail	zapier.com.ai	Search	FindCustomerByEmail	find_customer_by_email	find_customer_by_email	Find Customer by Email	1
https://zapier.com/Search/DeleteSite	zapier.com.ai	Search	DeleteSite	delete_site	delete_site	Delete an existing site.	1
https://zapier.com/Search/DeleteSitesBulk	zapier.com.ai	Search	DeleteSitesBulk	delete_sites_bulk	delete_sites_bulk	Delete multiple sites.	1
https://zapier.com/Search/DeleteTracker	zapier.com.ai	Search	DeleteTracker	delete_tracker	delete_tracker	Delete a QR Code Tracker (QOD). You can't dleete other types of trackers.	1
https://zapier.com/Search/DeleteTrackersBulk	zapier.com.ai	Search	DeleteTrackersBulk	delete_trackers_bulk	delete_trackers_bulk	Delete multiple QR Code trackers (QOD) in bulk. You can't delete other types of trackers.	1
https://zapier.com/Search/GetSiteById	zapier.com.ai	Search	GetSiteById	get_site_by_id	get_site_by_id	Fetch one site by ID.	1
https://zapier.com/Search/GetTrackers	zapier.com.ai	Search	GetTrackers	get_trackers	get_trackers	List trackers available on your account, ordered by ID.	1
https://zapier.com/Search/GetTrackerBySlug	zapier.com.ai	Search	GetTrackerBySlug	get_tracker_by_slug	get_tracker_by_slug	Fetch tracker data by Serial Number or Scan URL (slug).	1
https://zapier.com/Search/UpdateSite	zapier.com.ai	Search	UpdateSite	update_site	update_site	Update an existing site.	1
https://zapier.com/Search/UpdateTracker	zapier.com.ai	Search	UpdateTracker	update_tracker	update_tracker	Update an existing tracker.	1
https://zapier.com/Search/GetRecordById	zapier.com.ai	Search	GetRecordById	get_record_by_id	get_record_by_id	Get a record using record id.	1
https://zapier.com/Search/GetContactByExternalId	zapier.com.ai	Search	GetContactByExternalId	get_contact_by_external_id	get_contact_by_external_id	Retrieves a platform contact by external contact ID.	1
https://zapier.com/Search/GetBot	zapier.com.ai	Search	GetBot	get_bot	get_bot	Finds a Bot for a given Id.	1
https://zapier.com/Search/GetCall	zapier.com.ai	Search	GetCall	get_call	get_call	Finds a Call for a given Id.	1
https://zapier.com/Search/ListBots	zapier.com.ai	Search	ListBots	list_bots	list_bots	Gets all bots of the user.	1
https://zapier.com/Search/FindCredits	zapier.com.ai	Search	FindCredits	find_credits	find_credits	Get a balance of credits available in your premium account	1
https://zapier.com/Search/Getaccounts	zapier.com.ai	Search	Getaccounts	getaccounts	getAccounts	Fetches a list of accounts for a specific company.	1
https://zapier.com/Search/Getbudgets	zapier.com.ai	Search	Getbudgets	getbudgets	getBudgets	Fetches a list of budgets for a specific company.	1
https://zapier.com/Search/Getcompanies	zapier.com.ai	Search	Getcompanies	getcompanies	getCompanies	Fetches a list of companies from the API.	1
https://zapier.com/Search/Getexportfileinstance	zapier.com.ai	Search	Getexportfileinstance	getexportfileinstance	getExportFileInstance	Fetches the content of an export file instance.	1
https://zapier.com/Search/Getexportfileinstances	zapier.com.ai	Search	Getexportfileinstances	getexportfileinstances	getExportFileInstances	List all export file instances for a given firm, company, and period.	1
https://zapier.com/Search/Getexportfiles	zapier.com.ai	Search	Getexportfiles	getexportfiles	getExportFiles	List all export files for a given firm, company, and period.	1
https://zapier.com/Search/Getexportfiletemplates	zapier.com.ai	Search	Getexportfiletemplates	getexportfiletemplates	getExportFileTemplates	Lists all existing export file templates.	1
https://zapier.com/Search/Getperiods	zapier.com.ai	Search	Getperiods	getperiods	getPeriods	Fetches a list of all periods for a given company.	1
https://zapier.com/Search/Getreconciliations	zapier.com.ai	Search	Getreconciliations	getreconciliations	getReconciliations	Fetches a list of reconciliations for a specific company and period.	1
https://zapier.com/Search/Getremarks	zapier.com.ai	Search	Getremarks	getremarks	getRemarks	Fetches a list of remarks for a specific company and period.	1
https://zapier.com/Search/Getreports	zapier.com.ai	Search	Getreports	getreports	getReports	Fetches a list of reports for a specific company and period.	1
https://zapier.com/Search/Getworkflows	zapier.com.ai	Search	Getworkflows	getworkflows	getWorkflows	Lists all workflows in a specific period.	1
https://zapier.com/Search/Getworkflowstatus	zapier.com.ai	Search	Getworkflowstatus	getworkflowstatus	getWorkflowStatus	Fetches the status of a specific workflow.	1
https://zapier.com/Search/FindAccountByQuery	zapier.com.ai	Search	FindAccountByQuery	find_account_by_query	find_account_by_query	Find an Account by Query	1
https://zapier.com/Search/FindActivityByQuery	zapier.com.ai	Search	FindActivityByQuery	find_activity_by_query	find_activity_by_query	Find an Activity by Query	1
https://zapier.com/Search/FindAppointmentByQuery	zapier.com.ai	Search	FindAppointmentByQuery	find_appointment_by_query	find_appointment_by_query	Find an Appointment by Query	1
https://zapier.com/Search/FindContactByQuery	zapier.com.ai	Search	FindContactByQuery	find_contact_by_query	find_contact_by_query	Find a Contact by Query	1
https://zapier.com/Search/FindTicketByQuery	zapier.com.ai	Search	FindTicketByQuery	find_ticket_by_query	find_ticket_by_query	Find a Ticket by Query	1
https://zapier.com/Search/GetInvoice2	zapier.com.ai	Search	GetInvoice2	get_invoice2	get_invoice2	Find all details of a Invoice.	1
https://zapier.com/Search/FindBlocker	zapier.com.ai	Search	FindBlocker	find_blocker	find_blocker	Finds a blocker in Predictability360.	1
https://zapier.com/Search/AuthorFinder	zapier.com.ai	Search	AuthorFinder	author_finder	author_finder	Enter a URL to find the author's email address.	1
https://zapier.com/Search/DomainSearch	zapier.com.ai	Search	DomainSearch	domain_search	domain_search	Give domain and it returns all the email addresses.	1
https://zapier.com/Search/EmailVerifier	zapier.com.ai	Search	EmailVerifier	email_verifier	email_verifier	The Email Verification tool lets you check the deliverability of any email address without sending an email	1
https://zapier.com/Search/LinkedinFinder	zapier.com.ai	Search	LinkedinFinder	linkedin_finder	linkedin_finder	Enter a LinkedIn profile URL to find the associated email address.	1
https://zapier.com/Search/PhoneFinder	zapier.com.ai	Search	PhoneFinder	phone_finder	phone_finder	Phone Finder helps you search for phone numbers based on an email, domain, or LinkedIn URL. Provide one of these parameters to retrieve associated phone data.	1
https://zapier.com/Search/PhoneValidator	zapier.com.ai	Search	PhoneValidator	phone_validator	phone_validator	Phone validator allows you to validate a phone number and retrieve its associated information.	1
https://zapier.com/Search/Similar	zapier.com.ai	Search	Similar	similar	similar	Retrieve similar domains based on a specific domain.	1
https://zapier.com/Search/CustomerFind	zapier.com.ai	Search	CustomerFind	customer_find	customer_find	Finds an existing customer.	1
https://zapier.com/Search/JobsScoring	zapier.com.ai	Search	JobsScoring	jobs_scoring	jobs_scoring	Scores jobs indexed in boards for a profile.	1
https://zapier.com/Search/JobsSearching	zapier.com.ai	Search	JobsSearching	jobs_searching	jobs_searching	Searches jobs indexed in boards.	1
https://zapier.com/Search/JobAsking	zapier.com.ai	Search	JobAsking	job_asking	job_asking	Asks questions based on a Job object.	1
https://zapier.com/Search/ProfilesScoring	zapier.com.ai	Search	ProfilesScoring	profiles_scoring	profiles_scoring	Scores profiles indexed in sources for a job.	1
https://zapier.com/Search/ProfilesSearching	zapier.com.ai	Search	ProfilesSearching	profiles_searching	profiles_searching	Searches profiles indexed in sources.	1
https://zapier.com/Search/ProfileAsking	zapier.com.ai	Search	ProfileAsking	profile_asking	profile_asking	Asks questions based on a Profile object.	1
https://zapier.com/Search/FindSummary	zapier.com.ai	Search	FindSummary	find_summary	find_summary	Finds a summary that shows the total duration spent on each activity across all days.	1
https://zapier.com/Search/ListPreferredGiftRecipients	zapier.com.ai	Search	ListPreferredGiftRecipients	list_preferred_gift_recipients	list_preferred_gift_recipients	Lists recipients of a gifting campaign.	1
https://zapier.com/Search/SearchNode	zapier.com.ai	Search	SearchNode	search_node	search_node	Finds a tree node by name, optionally creates one if nothing found	1
https://zapier.com/Search/SearchRecordById	zapier.com.ai	Search	SearchRecordById	search_record_by_id	search_record_by_id	Finds a record by ID	1
https://zapier.com/Search/ReferenceMultiple2	zapier.com.ai	Search	ReferenceMultiple2	reference_multiple_2	reference_multiple_2	Finds all commission rows in All Time Database matching search criteria.	1
https://zapier.com/Search/ReferenceSingle2	zapier.com.ai	Search	ReferenceSingle2	reference_single_2	reference_single_2	Finds a commission row in All Time Database	1
https://zapier.com/Search/Rule	zapier.com.ai	Search	Rule	rule	rule	Get a specific rule by ID.	1
https://zapier.com/Search/Rules	zapier.com.ai	Search	Rules	rules	rules	List all rules, optionally filtered by folder.	1
https://zapier.com/Search/RuleFolder	zapier.com.ai	Search	RuleFolder	rule_folder	rule_folder	Get a specific rule folder by ID.	1
https://zapier.com/Search/RuleFolders	zapier.com.ai	Search	RuleFolders	rule_folders	rule_folders	List all rule folders.	1
https://zapier.com/Search/Findcompanies	zapier.com.ai	Search	Findcompanies	findcompanies	findCompanies	Find Companies in DeskDirector.	1
https://zapier.com/Search/Findcompanybyid	zapier.com.ai	Search	Findcompanybyid	findcompanybyid	findCompanyById	Find a Company in DeskDirector.	1
https://zapier.com/Search/Findmemberbyid	zapier.com.ai	Search	Findmemberbyid	findmemberbyid	findMemberById	Find a Member in DeskDirector.	1
https://zapier.com/Search/Findmembers	zapier.com.ai	Search	Findmembers	findmembers	findMembers	Find Members in DeskDirector.	1
https://zapier.com/Search/Getticket	zapier.com.ai	Search	Getticket	getticket	getTicket	Get a Ticket from DeskDirector	1
https://zapier.com/Search/SearchForm	zapier.com.ai	Search	SearchForm	search_form	search_form	Finds an existing form.	1
https://zapier.com/Search/GetProspect	zapier.com.ai	Search	GetProspect	get_prospect	get_prospect	Get a specific prospect by ID.	1
https://zapier.com/Search/GetWebsiteVisits	zapier.com.ai	Search	GetWebsiteVisits	get_website_visits	get_website_visits	Get all pages a specific prospect has visited on your website.	1
https://zapier.com/Search/GetAllTaxonomyByType	zapier.com.ai	Search	GetAllTaxonomyByType	get_all_taxonomy_by_type	get_all_taxonomy_by_type	Lists Taxonomy Elements for a given type	1
https://zapier.com/Search/GetControlMonitoringActivities	zapier.com.ai	Search	GetControlMonitoringActivities	get_control_monitoring_activities	get_control_monitoring_activities	Get monitoring activities connected to a control	1
https://zapier.com/Search/GetPlanControls	zapier.com.ai	Search	GetPlanControls	get_plan_controls	get_plan_controls	Get control activities given a plan id	1
https://zapier.com/Search/GetTaxonomyElementDocuments	zapier.com.ai	Search	GetTaxonomyElementDocuments	get_taxonomy_element_documents	get_taxonomy_element_documents	Get all documents of a given taxonomy element	1
https://zapier.com/Search/ListTaxonomyElements	zapier.com.ai	Search	ListTaxonomyElements	list_taxonomy_elements	list_taxonomy_elements	Searches Taxonomy Elements for a given type	1
https://zapier.com/Search/Social	zapier.com.ai	Search	Social	social	social	Find leads from linkedin using FindThatLead algorithm.	1
https://zapier.com/Search/Verify	zapier.com.ai	Search	Verify	verify	verify	Verify an email using the FindThatLead algorithm.	1
https://zapier.com/Search/FetchArticles	zapier.com.ai	Search	FetchArticles	fetch_articles	fetch_articles	Search and fetch recent Articles. For more Articles use finlight API directly. 	1
https://zapier.com/Search/ListCourses	zapier.com.ai	Search	ListCourses	list_courses	LIST_COURSES	List ISpring Learn courses	1
https://zapier.com/Search/ListEnrollments	zapier.com.ai	Search	ListEnrollments	list_enrollments	LIST_ENROLLMENTS	List iSpring Learn enrollments	1
https://zapier.com/Search/GetUserInfo	zapier.com.ai	Search	GetUserInfo	get_user_info	get_user_info	Finds a user by username or id.	1
https://zapier.com/Search/FindOperation	zapier.com.ai	Search	FindOperation	find_operation	find_operation	Looks up the status of a given operation.	1
https://zapier.com/Search/FindPayrollChanges	zapier.com.ai	Search	FindPayrollChanges	find_payroll_changes	find_payroll_changes	Finds a payroll change based on a time interval and engagement. The query is paginated.	1
https://zapier.com/Search/FindActivityCompletionStatusOfUser	zapier.com.ai	Search	FindActivityCompletionStatusOfUser	find_activity_completion_status_of_user	find_activity_completion_status_of_user	Search the activity completion status of a user in a given course.	1
https://zapier.com/Search/SearchCohort	zapier.com.ai	Search	SearchCohort	search_cohort	search_cohort	Finds a user segment on your LMS	1
https://zapier.com/Search/SearchCourse	zapier.com.ai	Search	SearchCourse	search_course	search_course	Finds a course in your LMS	1
https://zapier.com/Search/SearchCourseCompletionOfUser	zapier.com.ai	Search	SearchCourseCompletionOfUser	search_course_completion_of_user	search_course_completion_of_user	Search for course completion status of a given user	1
https://zapier.com/Search/SearchCourseGradesForUser	zapier.com.ai	Search	SearchCourseGradesForUser	search_course_grades_for_user	search_course_grades_for_user	Searches for all site course grades for a user in the form of an overview report. 	1
https://zapier.com/Search/SearchCourseGradeItems	zapier.com.ai	Search	SearchCourseGradeItems	search_course_grade_items	search_course_grade_items	Searches for a user's course grade items. 	1
https://zapier.com/Search/FindGolink	zapier.com.ai	Search	FindGolink	find_golink	find_golink	Finds a GoLink.	1
https://zapier.com/Search/ListIssues	zapier.com.ai	Search	ListIssues	list_issues	list_issues	List all open issue for your integration.	1
https://zapier.com/Search/ListCases	zapier.com.ai	Search	ListCases	list_cases	list_cases	Retrieves a paginated list of cases for the authenticated organization. Returns case metadata including creation and update timestamps, with configurable limit and offset for pagination.	1
https://zapier.com/Search/RetrieveCase	zapier.com.ai	Search	RetrieveCase	retrieve_case	retrieve_case	Retrieves detailed information about a specific case by its ID. Returns comprehensive case metadata including status, timestamps, type, associated client and organization information, and case members.	1
https://zapier.com/Search/GetAudio	zapier.com.ai	Search	GetAudio	get_audio	get_audio	Get Audio/Video File for a given record ID.	1
https://zapier.com/Search/GetEmail	zapier.com.ai	Search	GetEmail	get_email	get_email	Get a pre-generated AI email for a specific meeting.	1
https://zapier.com/Search/GetPublicLink	zapier.com.ai	Search	GetPublicLink	get_public_link	get_public_link	Gets a public sharing link for a given record id.	1
https://zapier.com/Search/GetScorecard	zapier.com.ai	Search	GetScorecard	get_scorecard	get_scorecard	Get scorecard data for a specific meeting.	1
https://zapier.com/Search/GetScoreOfUserForTrainingSearch	zapier.com.ai	Search	GetScoreOfUserForTrainingSearch	get_score_of_user_for_training_search	get_score_of_user_for_training_search	Gets the score of a user for a training.	1
https://zapier.com/Search/GetStatusOfUserForTrainingSearch	zapier.com.ai	Search	GetStatusOfUserForTrainingSearch	get_status_of_user_for_training_search	get_status_of_user_for_training_search	Gets the status of a user for a training.	1
https://zapier.com/Search/DataEnrichmentOnTheSuccessAi	zapier.com.ai	Search	DataEnrichmentOnTheSuccessAi	data_enrichment_on_the_success_ai	data_enrichment_on_the_success_ai	Searching The Data Using the Email Address In the Success.ai Database.	1
https://zapier.com/Search/GetNoteTarget	zapier.com.ai	Search	GetNoteTarget	get_note_target	get_note_target	Retrieve a single note relation	1
https://zapier.com/Search/GetPipelineRecord	zapier.com.ai	Search	GetPipelineRecord	get_pipeline_record	get_pipeline_record	Retrieve a single pipeline record	1
https://zapier.com/Search/GetTaskTarget	zapier.com.ai	Search	GetTaskTarget	get_task_target	get_task_target	Retrieve a single task relation	1
https://zapier.com/Search/ListCompanies	zapier.com.ai	Search	ListCompanies	list_companies	list_companies	Get a list of companies from Dalil-AI	1
https://zapier.com/Search/ListNotes	zapier.com.ai	Search	ListNotes	list_notes	list_notes	Retrieve many notes	1
https://zapier.com/Search/ListNoteTargets	zapier.com.ai	Search	ListNoteTargets	list_note_targets	list_note_targets	Retrieve many note relations	1
https://zapier.com/Search/ListOpportunities	zapier.com.ai	Search	ListOpportunities	list_opportunities	list_opportunities	Get a list of opportunities from Dalil-AI	1
https://zapier.com/Search/ListPipelineRecords	zapier.com.ai	Search	ListPipelineRecords	list_pipeline_records	list_pipeline_records	List records from a selected pipeline	1
https://zapier.com/Search/ListTaskTargets	zapier.com.ai	Search	ListTaskTargets	list_task_targets	list_task_targets	Retrieve many task relations	1
https://zapier.com/Search/GetAllNotes	zapier.com.ai	Search	GetAllNotes	get_all_notes	get_all_notes	Finds all notes related to entity.	1
https://zapier.com/Search/SearchBasicEntity	zapier.com.ai	Search	SearchBasicEntity	search_basic_entity	search_basic_entity	Searches for existing individual or legal entity in the system.	1
https://zapier.com/Search/SearchIndividualEntity	zapier.com.ai	Search	SearchIndividualEntity	search_individual_entity	search_individual_entity	Searches for existing individual entity in the system.	1
https://zapier.com/Search/SearchLegalEntity	zapier.com.ai	Search	SearchLegalEntity	search_legal_entity	search_legal_entity	Searches for existing legal entity in the system.	1
https://zapier.com/Search/Pods	zapier.com.ai	Search	Pods	pods	pods	Search for pods in your Connect4 organisation.	1
https://zapier.com/Search/FindFirm	zapier.com.ai	Search	FindFirm	find_firm	find_firm	Finds an existing firm	1
https://zapier.com/Search/Prospectsearch	zapier.com.ai	Search	Prospectsearch	prospectsearch	prospectSearch	Finds a prospect by email address or unique identifier.	1
https://zapier.com/Search/GetPoll	zapier.com.ai	Search	GetPoll	get_poll	get_poll	Fetch results for a specific poll ID.	1
https://zapier.com/Search/Findcontactgroupmembers	zapier.com.ai	Search	Findcontactgroupmembers	findcontactgroupmembers	findContactGroupMembers	Finds ContactGroupMembers e-manage | ONE that match query parameters.	1
https://zapier.com/Search/Findcontactgroups	zapier.com.ai	Search	Findcontactgroups	findcontactgroups	findContactGroups	Finds ContactGroups e-manage | ONE that match query parameters.	1
https://zapier.com/Search/Findfollowups	zapier.com.ai	Search	Findfollowups	findfollowups	findFollowUps	Finds FollowUps e-manage | ONE that match query parameters.	1
https://zapier.com/Search/Findmarketingcampaigns	zapier.com.ai	Search	Findmarketingcampaigns	findmarketingcampaigns	findMarketingCampaigns	Finds MarketingCampaigns e-manage | ONE that match query parameters.	1
https://zapier.com/Search/Findprojects	zapier.com.ai	Search	Findprojects	findprojects	findProjects	Finds Projects e-manage | ONE that match query parameters.	1
https://zapier.com/Search/Findsalesleads	zapier.com.ai	Search	Findsalesleads	findsalesleads	findSalesLeads	Finds SalesLeads e-manage | ONE that match query parameters.	1
https://zapier.com/Search/EntityItem	zapier.com.ai	Search	EntityItem	entity_item	entity_item	Finds an entity item.	1
https://zapier.com/Search/EntityItems	zapier.com.ai	Search	EntityItems	entity_items	entity_items	Finds entity items (returns line items).	1
https://zapier.com/Search/SmartObjectItem	zapier.com.ai	Search	SmartObjectItem	smart_object_item	smart_object_item	Finds a smart object.	1
https://zapier.com/Search/SmartObjectItems	zapier.com.ai	Search	SmartObjectItems	smart_object_items	smart_object_items	Finds smart objects (returns line items).	1
https://zapier.com/Search/Findresult	zapier.com.ai	Search	Findresult	findresult	findResult	Waits for and retrieves the structured data.	1
https://zapier.com/Search/FindChallengeById	zapier.com.ai	Search	FindChallengeById	find_challenge_by_id	find_challenge_by_id	Find Challenge by ID	1
https://zapier.com/Search/FindEventById	zapier.com.ai	Search	FindEventById	find_event_by_id	find_event_by_id	Find Event by ID	1
https://zapier.com/Search/Getprocessdetails	zapier.com.ai	Search	Getprocessdetails	getprocessdetails	getProcessDetails	Retrieves details of given process or draft process, by process id".	1
https://zapier.com/Search/Listprocessfiles	zapier.com.ai	Search	Listprocessfiles	listprocessfiles	listProcessFiles	Retrieve list of files associated with given process or draft.	1
https://zapier.com/Search/Retrievefilecontent	zapier.com.ai	Search	Retrievefilecontent	retrievefilecontent	retrieveFileContent	Retrieves (downloads) a content of the file specified, associated with given process.	1
https://zapier.com/Search/GetPotential	zapier.com.ai	Search	GetPotential	get_potential	get_potential	Get a Potential in Agiliron	1
https://zapier.com/Search/GetPurchaseorder	zapier.com.ai	Search	GetPurchaseorder	get_purchaseorder	get_purchaseorder	Get a Purchase Order in Agiliron	1
https://zapier.com/Search/GetPurchasereturn	zapier.com.ai	Search	GetPurchasereturn	get_purchasereturn	get_purchasereturn	Get a Purchase Return in Agiliron	1
https://zapier.com/Search/GetQuote	zapier.com.ai	Search	GetQuote	get_quote	get_quote	Get a Quote in Agiliron	1
https://zapier.com/Search/RetrieveBrandForDomain	zapier.com.ai	Search	RetrieveBrandForDomain	retrieve_brand_for_domain	retrieve_brand_for_domain	Retrieves brand data (name, description, logos, etc...) from any name, domain, or ticker.	1
https://zapier.com/Search/RetrieveNaics	zapier.com.ai	Search	RetrieveNaics	retrieve_naics	retrieve_naics	Classify any company into one or more NAICS codes.	1
https://zapier.com/Search/RetrieveScreenshot	zapier.com.ai	Search	RetrieveScreenshot	retrieve_screenshot	retrieve_screenshot	Retrieves a screenshot of a domain	1
https://zapier.com/Search/RetrieveStyleguide	zapier.com.ai	Search	RetrieveStyleguide	retrieve_styleguide	retrieve_styleguide	Retrieves the full brand website style-guide	1
https://zapier.com/Search/GetPurchaseOrders	zapier.com.ai	Search	GetPurchaseOrders	get_purchase_orders	get_purchase_orders	Lists purchase orders.	1
https://zapier.com/Search/GetReplenishmentRecommendations	zapier.com.ai	Search	GetReplenishmentRecommendations	get_replenishment_recommendations	get_replenishment_recommendations	Lists available replenishment recommendations in the system.	1
https://zapier.com/Search/GetSuppliers	zapier.com.ai	Search	GetSuppliers	get_suppliers	get_suppliers	Lists suppliers available in the system.	1
https://zapier.com/Search/SearchAvailableCourses	zapier.com.ai	Search	SearchAvailableCourses	search_available_courses	search_available_courses	Search Courses that are Available for Distribution.	1
https://zapier.com/Search/SearchDistributedCourses	zapier.com.ai	Search	SearchDistributedCourses	search_distributed_courses	search_distributed_courses	Search Programs that are Distributed to Group.	1
https://zapier.com/Search/GetAllmatters	zapier.com.ai	Search	GetAllmatters	get_allmatters	get_allMatters	Retrieves up to a specified number of Matters from the system.	1
https://zapier.com/Search/GetAllUsers	zapier.com.ai	Search	GetAllUsers	get_all_users	get_all_users	Retrieves a list of all users within the workspace	1
https://zapier.com/Search/GetCurrentWorkspace	zapier.com.ai	Search	GetCurrentWorkspace	get_current_workspace	get_current_workspace	Retrieve details of the workspace associated with the current authentication.	1
https://zapier.com/Search/GetMatterid	zapier.com.ai	Search	GetMatterid	get_matterid	get_matterId	Retrieve details of a specific Matter using its unique ID. 	1
https://zapier.com/Search/GetMattersByParticipants	zapier.com.ai	Search	GetMattersByParticipants	get_matters_by_participants	get_matters_by_participants	Retrieves all Matters that include the specified participant user IDs.	1
https://zapier.com/Search/GetWorkflowById	zapier.com.ai	Search	GetWorkflowById	get_workflow_by_id	get_workflow_by_id	Retrieve details of a specific workflow using its unique ID. 	1
https://zapier.com/Search/GetSmsDetails	zapier.com.ai	Search	GetSmsDetails	get_sms_details	get_sms_details	Get all details for an SMS	1
https://zapier.com/Search/Getthreads	zapier.com.ai	Search	Getthreads	getthreads	getThreads	Retrieve a thread associated with a specific ID.	1
https://zapier.com/Search/Getwhitelabeldomains	zapier.com.ai	Search	Getwhitelabeldomains	getwhitelabeldomains	getWhiteLabelDomains	Retrieve a list of domains listed under your account.	1
https://zapier.com/Search/Getwhitelabelusers	zapier.com.ai	Search	Getwhitelabelusers	getwhitelabelusers	getWhiteLabelUsers	Retrieve a list of team members and customers listed under your account.	1
https://zapier.com/Search/FindCall	zapier.com.ai	Search	FindCall	find_call	find_call	Get more information about a Call.	1
https://zapier.com/Search/FindCaller	zapier.com.ai	Search	FindCaller	find_caller	find_caller	Get more information about a Caller.	1
https://zapier.com/Search/FindText	zapier.com.ai	Search	FindText	find_text	find_text	Get more information about a Text Message.	1
https://zapier.com/Search/Evidence	zapier.com.ai	Search	Evidence	evidence	evidence	Finds a subscriber by evidence	1
https://zapier.com/Search/ProfileId	zapier.com.ai	Search	ProfileId	profile_id	profile_id	Finds a subscriber by profile ID	1
https://zapier.com/Search/GetCustomFieldValue	zapier.com.ai	Search	GetCustomFieldValue	get_custom_field_value	get_custom_field_value	Triggers a custom field value request.	1
https://zapier.com/Search/GetList	zapier.com.ai	Search	GetList	get_list	get_list	Triggers a list request.	1
https://zapier.com/Search/GetClientFileContent	zapier.com.ai	Search	GetClientFileContent	get_client_file_content	get_client_file_content	Get content of specific client's file.	1
https://zapier.com/Search/GetCvContent	zapier.com.ai	Search	GetCvContent	get_cv_content	get_cv_content	Get a candidate's CV file.	1
https://zapier.com/Search/GetProgress	zapier.com.ai	Search	GetProgress	get_progress	get_progress	Get a candidate's progress on project.	1
https://zapier.com/Search/GetTestResultDetail	zapier.com.ai	Search	GetTestResultDetail	get_test_result_detail	get_test_result_detail	Get a candidate's test result detail.	1
https://zapier.com/Search/CaptureScreenshot	zapier.com.ai	Search	CaptureScreenshot	capture_screenshot	capture_screenshot	Captures a screenshot of the given URL using OpenGraph.io.	1
https://zapier.com/Search/LinkPreviewApi	zapier.com.ai	Search	LinkPreviewApi	link_preview_api	link_preview_api	Fetch rich link preview data from any public URL, including the title, description, image, and site name.	1
https://zapier.com/Search/ScrapeHtml	zapier.com.ai	Search	ScrapeHtml	scrape_html	scrape_html	Retrieves the raw HTML and metadata of a webpage using OpenGraph.io.	1
https://zapier.com/Search/TestResult	zapier.com.ai	Search	TestResult	test_result	test_result	Finds an existing test result.	1
https://zapier.com/Search/SearchAbsence	zapier.com.ai	Search	SearchAbsence	search_absence	search_absence	Finds an absence	1
https://zapier.com/Search/SearchAbsenceType	zapier.com.ai	Search	SearchAbsenceType	search_absence_type	search_absence_type	Finds an absence type	1
https://zapier.com/Search/FindStore	zapier.com.ai	Search	FindStore	find_store	find_store	Find a store in CaratIQ	1
https://zapier.com/Search/Listcompanies	zapier.com.ai	Search	Listcompanies	listcompanies	listCompanies	Get the list of companies in your organization, matching provided filters.	1
https://zapier.com/Search/Listcompanycontacts	zapier.com.ai	Search	Listcompanycontacts	listcompanycontacts	listCompanyContacts	Get the list of contacts scoped to the company, matching provided filters.	1
https://zapier.com/Search/Listcontacts	zapier.com.ai	Search	Listcontacts	listcontacts	listContacts	Get the list of contacts in your organization, matching provided filters.	1
https://zapier.com/Search/Listcustomfields	zapier.com.ai	Search	Listcustomfields	listcustomfields	listCustomFields	Get the list of fields in your organization, matching provided filters.	1
https://zapier.com/Search/Listeventcontacts	zapier.com.ai	Search	Listeventcontacts	listeventcontacts	listEventContacts	Get the list of contacts in any event, matching provided filters.	1
https://zapier.com/Search/Listevents	zapier.com.ai	Search	Listevents	listevents	listEvents	Get the list of events matching provided filters.	1
https://zapier.com/Search/Listteams	zapier.com.ai	Search	Listteams	listteams	listTeams	Get the list of teams in your organization.	1
https://zapier.com/Search/Showcompany	zapier.com.ai	Search	Showcompany	showcompany	showCompany	Get the company matching provided id.	1
https://zapier.com/Search/Showcontact	zapier.com.ai	Search	Showcontact	showcontact	showContact	Get the contact matching provided id.	1
https://zapier.com/Search/Showcustomfield	zapier.com.ai	Search	Showcustomfield	showcustomfield	showCustomField	Get the field matching provided id.	1
https://zapier.com/Search/Showevent	zapier.com.ai	Search	Showevent	showevent	showEvent	Get the event matching provided id.	1
https://zapier.com/Search/Showteam	zapier.com.ai	Search	Showteam	showteam	showTeam	Get the team matching provided id.	1
https://zapier.com/Search/Notificationhistory	zapier.com.ai	Search	Notificationhistory	notificationhistory	notificationHistory	Finds all Notifications sent via API or Webhooks	1
https://zapier.com/Search/Getrequeststatus	zapier.com.ai	Search	Getrequeststatus	getrequeststatus	getRequestStatus	Find the current status and details of a HITL request	1
https://zapier.com/Search/GetEquipmentList	zapier.com.ai	Search	GetEquipmentList	get_equipment_list	get_equipment_list	Finds all equipment records in your Positrace account.	1
https://zapier.com/Search/GetScheduledTaskList	zapier.com.ai	Search	GetScheduledTaskList	get_scheduled_task_list	get_scheduled_task_list	Finds all scheduled task records in your Positrace account.	1
https://zapier.com/Search/GetTripsList	zapier.com.ai	Search	GetTripsList	get_trips_list	get_trips_list	Finds all trip records for specific equipment in your Positrace account.	1
https://zapier.com/Search/FindStorageFolder	zapier.com.ai	Search	FindStorageFolder	find_storage_folder	find_storage_folder	Finds a Storage Folder.	1
https://zapier.com/Search/FindStorageFolderAssets	zapier.com.ai	Search	FindStorageFolderAssets	find_storage_folder_assets	find_storage_folder_assets	Finds assets in a Storage Folder.	1
https://zapier.com/Search/Getalltemplates	zapier.com.ai	Search	Getalltemplates	getalltemplates	getAllTemplates	Retrieves all templates from a Shuffll workspace	1
https://zapier.com/Search/Gettemplatedata	zapier.com.ai	Search	Gettemplatedata	gettemplatedata	getTemplateData	Finds detailed data for a specific Shuffll template	1
https://zapier.com/Search/Findtickettype	zapier.com.ai	Search	Findtickettype	findtickettype	FindTicketType	Looks up ticket type information from a Ticket Type ID	1
https://zapier.com/Search/ContactsFindByEmail	zapier.com.ai	Search	ContactsFindByEmail	contacts_find_by_email	contacts_find_by_email	Find a contact by email address.	1
https://zapier.com/Search/FindNews	zapier.com.ai	Search	FindNews	find_news	find_news	Retrieves a single newsitem.	1
https://zapier.com/Search/FindUserattendsevent	zapier.com.ai	Search	FindUserattendsevent	find_userattendsevent	find_UserAttendsEvent	Retrieves UserAttendsEvent  and information about it.	1
https://zapier.com/Search/FindSalesCredit	zapier.com.ai	Search	FindSalesCredit	find_sales_credit	find_sales_credit	Find a sales credit by email, optionally create a sales credit if none is found.	1
https://zapier.com/Search/FindSalesQuote	zapier.com.ai	Search	FindSalesQuote	find_sales_quote	find_sales_quote	Find a sales quote by email, optionally create a sales quote if none is found.	1
https://zapier.com/Search/FindSettings	zapier.com.ai	Search	FindSettings	find_settings	Find_settings	Find the application settings.	1
https://zapier.com/Search/ComprehensiveReport	zapier.com.ai	Search	ComprehensiveReport	comprehensive_report	comprehensive_report	Export Comprehensive Data.	1
https://zapier.com/Search/ContactsList	zapier.com.ai	Search	ContactsList	contacts_list	contacts_list	Display the contacts list of a client, based on the indicated filters, default the 10 most recent contacts.	1
https://zapier.com/Search/ContactByEmail	zapier.com.ai	Search	ContactByEmail	contact_by_email	contact_by_email	Displays the contact information belonging to the indicated email.	1
https://zapier.com/Search/EntriesList	zapier.com.ai	Search	EntriesList	entries_list	entries_list	Displayed movement list of a client, based on the indicated filters, default the 10 most recent movements.	1
https://zapier.com/Search/EntryById	zapier.com.ai	Search	EntryById	entry_by_id	entry_by_id	Displayed the movement data with the indicated ID.	1
https://zapier.com/Search/GetSegmentContacts	zapier.com.ai	Search	GetSegmentContacts	get_segment_contacts	get_segment_contacts	Finds the contacts in the segment using the ID provided.	1
https://zapier.com/Search/Agencysearch	zapier.com.ai	Search	Agencysearch	agencysearch	agencySearch	Finds a Agency matching given information.	1
https://zapier.com/Search/Negotiatorsearch	zapier.com.ai	Search	Negotiatorsearch	negotiatorsearch	negotiatorSearch	Finds a Negotiator matching given information.	1
https://zapier.com/Search/Researchsearch	zapier.com.ai	Search	Researchsearch	researchsearch	researchSearch	Finds a Research matching given information.	1
https://zapier.com/Search/OrganizationDetails	zapier.com.ai	Search	OrganizationDetails	organization_details	organization_details	Returns the details of your organization.	1
https://zapier.com/Search/SearchEntity	zapier.com.ai	Search	SearchEntity	search_entity	search_entity	Search entities based on type and keyword across thriwin platform.	1
https://zapier.com/Search/FindGeneratedImage	zapier.com.ai	Search	FindGeneratedImage	find_generated_image	find_generated_image	Find a Generate Image Detail & Status	1
https://zapier.com/Search/FindGeneratedVideo	zapier.com.ai	Search	FindGeneratedVideo	find_generated_video	find_generated_video	Find a Generated Video Status or Detail	1
https://zapier.com/Search/GetCompaniesCompanyid	zapier.com.ai	Search	GetCompaniesCompanyid	get_companies_companyid	get_companies_companyId	Get details of a specific company by its unique identifier.	1
https://zapier.com/Search/GetCompaniesCompanyidContacts	zapier.com.ai	Search	GetCompaniesCompanyidContacts	get_companies_companyid_contacts	get_companies_companyId_contacts	Retrieves a list of all contacts that are associated with a specified company.	1
https://zapier.com/Search/GetCompaniesCompanyidContactsContactid	zapier.com.ai	Search	GetCompaniesCompanyidContactsContactid	get_companies_companyid_contacts_contactid	get_companies_companyId_contacts_contactId	Retrieve contact information for a specific contact within a specific company	1
https://zapier.com/Search/GetCompaniesCompanyidLeads	zapier.com.ai	Search	GetCompaniesCompanyidLeads	get_companies_companyid_leads	get_companies_companyId_leads	Get a list of all leads associated with a specific company identified by its unique ID.	1
https://zapier.com/Search/GetCompaniesCompanyidLeadsLeadid	zapier.com.ai	Search	GetCompaniesCompanyidLeadsLeadid	get_companies_companyid_leads_leadid	get_companies_companyId_leads_leadId	Get the details of a specific lead associated with a company identified by their unique IDs.	1
https://zapier.com/Search/GetCompaniesCompanyidProjects	zapier.com.ai	Search	GetCompaniesCompanyidProjects	get_companies_companyid_projects	get_companies_companyId_projects	Get a list of all projects associated with a specific company identified by its unique ID. Exludes limited projects.	1
https://zapier.com/Search/GetCompaniesCompanyidProjectsProjectid	zapier.com.ai	Search	GetCompaniesCompanyidProjectsProjectid	get_companies_companyid_projects_projectid	get_companies_companyId_projects_projectId	Get the details of a specific project associated with a company identified by their unique IDs. Exludes limited project.	1
https://zapier.com/Search/GetContactsContactid	zapier.com.ai	Search	GetContactsContactid	get_contacts_contactid	get_contacts_contactId	Retrieve contact information for a specific contact. Use companyId as a query parameter to filter by company.	1
https://zapier.com/Search/GetLeadsLeadid	zapier.com.ai	Search	GetLeadsLeadid	get_leads_leadid	get_leads_leadId	Get the details of a specific lead identified by its unique ID.	1
https://zapier.com/Search/GetLeadsOverview	zapier.com.ai	Search	GetLeadsOverview	get_leads_overview	get_leads_overview	Get a list of all leads in the system, across all companies.	1
https://zapier.com/Search/GetProjectsOverview	zapier.com.ai	Search	GetProjectsOverview	get_projects_overview	get_projects_overview	Get a list of all projects available in the system. Exludes limited projects.	1
https://zapier.com/Search/GetProjectsProjectid	zapier.com.ai	Search	GetProjectsProjectid	get_projects_projectid	get_projects_projectId	Get details of a specific project identified by its unique ID. Exludes limited project.	1
https://zapier.com/Search/GetProjectInfo	zapier.com.ai	Search	GetProjectInfo	get_project_info	get_project_info	Get the main project's info.	1
https://zapier.com/Search/GetTaskInfo	zapier.com.ai	Search	GetTaskInfo	get_task_info	get_task_info	Get the task's info.	1
https://zapier.com/Search/PickProjectTemplate	zapier.com.ai	Search	PickProjectTemplate	pick_project_template	pick_project_template	Pick the project's template for a future using.	1
https://zapier.com/Search/PickTaskType	zapier.com.ai	Search	PickTaskType	pick_task_type	pick_task_type	Pick the task's type for a future using.	1
https://zapier.com/Search/Contactfind	zapier.com.ai	Search	Contactfind	contactfind	contactFind	Finds a contact based on MSISDN or e-mail search.	1
https://zapier.com/Search/Contactsbytag	zapier.com.ai	Search	Contactsbytag	contactsbytag	contactsByTag	Finds all contacts who has a specific tag	1
https://zapier.com/Search/FindTaskByName	zapier.com.ai	Search	FindTaskByName	find_task_by_name	find_task_by_name	Find task by full task name.	1
https://zapier.com/Search/FindUserByUsername	zapier.com.ai	Search	FindUserByUsername	find_user_by_username	find_user_by_username	Find user by full name (first name  last name), username or email.	1
https://zapier.com/Search/FindAction	zapier.com.ai	Search	FindAction	find_action	find_action	Finds a Action by Title	1
https://zapier.com/Search/FindObjective	zapier.com.ai	Search	FindObjective	find_objective	find_objective	Search and find the Objective matches the title	1
https://zapier.com/Search/FindObjectiveKeyresult	zapier.com.ai	Search	FindObjectiveKeyresult	find_objective_keyresult	find_objective_keyresult	Finds a keyresult of an objective.	1
https://zapier.com/Search/GetSms	zapier.com.ai	Search	GetSms	get_sms	get_sms	Retrieve a previously sent SMS by ID.	1
https://zapier.com/Search/GetAllAccounts	zapier.com.ai	Search	GetAllAccounts	get_all_accounts	get_all_accounts	Retrieves all accounts linked to your organisation in Shortimize. This endpoint provides a comprehensive list of all tracked social media accounts, including key metrics and performance indicators.	1
https://zapier.com/Search/GetAllVideos	zapier.com.ai	Search	GetAllVideos	get_all_videos	get_all_videos	Retrieves a list of all videos tracked by your organization in Shortimize. This endpoint provides detailed information about each video, including engagement metrics, content details, and historical performance data.	1
https://zapier.com/Search/GetSpecificAccount	zapier.com.ai	Search	GetSpecificAccount	get_specific_account	get_specific_account	Retrieves detailed information about a specific account linked to your organisation in Shortimize via its account_id. This endpoint provides comprehensive data including account metrics, performance indicators, and historical data.	1
https://zapier.com/Search/GetSpecificVideo	zapier.com.ai	Search	GetSpecificVideo	get_specific_video	get_specific_video	Retrieves detailed information about a specific video advertisement linked to your organisation in Shortimize via its ad_id. This endpoint provides comprehensive data including video metrics, performance indicators, and historical data. Use this to get in-depth insights into a particular video's performance, engagement rates, and audience reception.	1
https://zapier.com/Search/GetPlan	zapier.com.ai	Search	GetPlan	get_plan	get_plan	Looks for an existing plan in OnePlan.	1
https://zapier.com/Search/GetPlanTypeGuidByName	zapier.com.ai	Search	GetPlanTypeGuidByName	get_plan_type_guid_by_name	get_plan_type_guid_by_name	Retrieve an id for a plan type given the plan type name.	1
https://zapier.com/Search/GetResourceId	zapier.com.ai	Search	GetResourceId	get_resource_id	get_resource_id	Retrieves an Id for a resource by a given name or email.	1
https://zapier.com/Search/ContactFindcreateSearch	zapier.com.ai	Search	ContactFindcreateSearch	contact_findcreate_search	contact_FindCreate_Search	Finds or creates a contact in the 90-Day Sales platform.	1
https://zapier.com/Search/Findgroup	zapier.com.ai	Search	Findgroup	findgroup	findGroup	Find a group by name. 	1
https://zapier.com/Search/Findlock	zapier.com.ai	Search	Findlock	findlock	findLock	Find a lock by its name or description.	1
https://zapier.com/Search/PerformAreaScanWithAddress	zapier.com.ai	Search	PerformAreaScanWithAddress	perform_area_scan_with_address	perform_area_scan_with_address	Retrieve rich set of data based on your setting for an address or coordinates. You can use the data for your CRM data base, make real estate decisions, build risk assessments or make density reports. It all depends on what data point you select on algoly.com 	1
https://zapier.com/Search/AccountsGetAccounts	zapier.com.ai	Search	AccountsGetAccounts	accounts_get_accounts	accounts_get_accounts	Returns a paged list of accounts.	1
https://zapier.com/Search/SalesOrdersGetSalesOrders	zapier.com.ai	Search	SalesOrdersGetSalesOrders	sales_orders_get_sales_orders	sales_orders_get_sales_orders	Returns a paged list of the sales orders.	1
https://zapier.com/Search/MemoryFind	zapier.com.ai	Search	MemoryFind	memory_find	memory_find	Find a specific memory by ID.	1
https://zapier.com/Search/MemorySearch	zapier.com.ai	Search	MemorySearch	memory_search	memory_search	Search memories using semantic similarity.	1
https://zapier.com/Search/SearchParts	zapier.com.ai	Search	SearchParts	search_parts	search_parts	Searches Parts by many conditions. Must have SITE or COMPANY level access and Part Permission enabled.	1
https://zapier.com/Search/SearchUsersByKeyword	zapier.com.ai	Search	SearchUsersByKeyword	search_users_by_keyword	search_users_by_keyword	Search Users by Keyword	1
https://zapier.com/Search/SiteGetCompanyById	zapier.com.ai	Search	SiteGetCompanyById	site_get_company_by_id	SITE_get_company_by_id	Finds a Company by its Id. Must have SITE or COMPANY level access.	1
https://zapier.com/Search/SiteGetPartBySku	zapier.com.ai	Search	SiteGetPartBySku	site_get_part_by_sku	SITE_get_part_by_sku	Gets a Part by its Display Sku. Must have SITE or COMPANY level access and Part permission enabled.	1
https://zapier.com/Search/SiteGetUserById	zapier.com.ai	Search	SiteGetUserById	site_get_user_by_id	SITE_get_user_by_id	Gets a User by the Id. Must have SITE or COMPANY level access.	1
https://zapier.com/Search/SiteSearchOrders	zapier.com.ai	Search	SiteSearchOrders	site_search_orders	SITE_search_orders	Searches orders using many parameters. Must have SITE or COMPANY level access and Order Permission enabled.	1
https://zapier.com/Search/SiteSearchShipments	zapier.com.ai	Search	SiteSearchShipments	site_search_shipments	SITE_search_shipments	Search for Shipments. Must have SITE or COMPANY level access and Shipment Permission enabled.	1
https://zapier.com/Search/GetBalance	zapier.com.ai	Search	GetBalance	get_balance	get_balance	Retrieve remaining balance for your Verify account.	1
https://zapier.com/Search/WaitForPendingTokenPayment	zapier.com.ai	Search	WaitForPendingTokenPayment	wait_for_pending_token_payment	wait_for_pending_token_payment	Polls a project until its status becomes PENDING_TOKEN_PAYMENT.	1
https://zapier.com/Search/Attribute	zapier.com.ai	Search	Attribute	attribute	attribute	Get list of company custom values (attributes)	1
https://zapier.com/Search/Country	zapier.com.ai	Search	Country	country	country	Get list of countries	1
https://zapier.com/Search/FindWorker	zapier.com.ai	Search	FindWorker	find_worker	find_worker	Get worker details by their ID	1
https://zapier.com/Search/State	zapier.com.ai	Search	State	state	state	Get list of states	1
https://zapier.com/Search/Worker	zapier.com.ai	Search	Worker	worker	worker	Get paginated list of company workers with the given filters	1
https://zapier.com/Search/GetFormRecord	zapier.com.ai	Search	GetFormRecord	get_form_record	get_form_record	Retrieves a form record	1
https://zapier.com/Search/GetFormRecords	zapier.com.ai	Search	GetFormRecords	get_form_records	get_form_records	Retrieves form records	1
https://zapier.com/Search/GetFormSummary	zapier.com.ai	Search	GetFormSummary	get_form_summary	get_form_summary	Retrieves the form with the given guid	1
https://zapier.com/Search/GetMyProfile	zapier.com.ai	Search	GetMyProfile	get_my_profile	get_my_profile	Retrieves the profile of the connected user account.	1
https://zapier.com/Search/GetClientByEmail	zapier.com.ai	Search	GetClientByEmail	get_client_by_email	get_client_by_email	Return client from ClinicSoftware by email	1
https://zapier.com/Search/GetIdeaById	zapier.com.ai	Search	GetIdeaById	get_idea_by_id	Get_Idea_by_id	Gets Idea by Id	1
https://zapier.com/Search/GetKeydateById	zapier.com.ai	Search	GetKeydateById	get_keydate_by_id	Get_KeyDate_by_id	Gets Key Date by Id	1
https://zapier.com/Search/Inquirysearch	zapier.com.ai	Search	Inquirysearch	inquirysearch	inquirySearch	Finds an existing Inquiry from search parameters.	1
https://zapier.com/Search/InquiryMessagesearch	zapier.com.ai	Search	InquiryMessagesearch	inquiry_messagesearch	inquiry_messageSearch	Finds an existing Inquiry Message from search parameters.	1
https://zapier.com/Search/Reservationsearch	zapier.com.ai	Search	Reservationsearch	reservationsearch	reservationSearch	Finds an existing Reservation from search parameters.	1
https://zapier.com/Search/TestStatus	zapier.com.ai	Search	TestStatus	test_status	test_status	Get the status of the assessment sent to the candidate.	1
https://zapier.com/Search/Searchcalendarevent	zapier.com.ai	Search	Searchcalendarevent	searchcalendarevent	SearchCalendarEvent	Search calendar event	1
https://zapier.com/Search/ActivitiesByName	zapier.com.ai	Search	ActivitiesByName	activities_by_name	activities_by_name	Search a activity in Techtime by name	1
https://zapier.com/Search/ContactsByName	zapier.com.ai	Search	ContactsByName	contacts_by_name	contacts_by_name	Search a contact in Techtime by name	1
https://zapier.com/Search/ContactSitesByAddress	zapier.com.ai	Search	ContactSitesByAddress	contact_sites_by_address	contact_sites_by_address	Search an address for a supplied contact	1
https://zapier.com/Search/ProjectsByName	zapier.com.ai	Search	ProjectsByName	projects_by_name	projects_by_name	Search Worksites by name	1
https://zapier.com/Search/SearchProperties	zapier.com.ai	Search	SearchProperties	search_properties	search_properties	Search for properties with filters	1
https://zapier.com/Search/FindCategoryInBoard	zapier.com.ai	Search	FindCategoryInBoard	find_category_in_board	find_category_in_board	Find an existing category in a Board.	1
https://zapier.com/Search/FindColorInBoard	zapier.com.ai	Search	FindColorInBoard	find_color_in_board	find_color_in_board	Find an existing color in a Board.	1
https://zapier.com/Search/FindDimensionInBoard	zapier.com.ai	Search	FindDimensionInBoard	find_dimension_in_board	find_dimension_in_board	Find an existing dimension in a Board.	1
https://zapier.com/Search/FindIdeaInBoard	zapier.com.ai	Search	FindIdeaInBoard	find_idea_in_board	find_idea_in_board	Find an existing idea in a Board.	1
https://zapier.com/Search/MilstoneSearch	zapier.com.ai	Search	MilstoneSearch	milstone_search	milstone_search	Finds an existing milestone.	1
https://zapier.com/Search/TeamSearch	zapier.com.ai	Search	TeamSearch	team_search	team_search	Finds an existing team.	1
https://zapier.com/Search/FindCallRecording	zapier.com.ai	Search	FindCallRecording	find_call_recording	find_call_recording	Finds a call recording using a CDR ID directly with the v1 recording API.	1
https://zapier.com/Search/FindVoicemail	zapier.com.ai	Search	FindVoicemail	find_voicemail	find_voicemail	Find a voicemail recording	1
https://zapier.com/Search/Bug	zapier.com.ai	Search	Bug	bug	bug	Fetches bug attributes.	1
https://zapier.com/Search/BugByExternalId	zapier.com.ai	Search	BugByExternalId	bug_by_external_id	bug_by_external_id	Fetches exported Test IO bug by external id.	1
https://zapier.com/Search/GetMemberByEmail	zapier.com.ai	Search	GetMemberByEmail	get_member_by_email	get_member_by_email	Finds a member in an audience by their email address.	1
https://zapier.com/Search/FindPdf	zapier.com.ai	Search	FindPdf	find_pdf	find_pdf	Search for generated PDF	1
https://zapier.com/Search/ActionSearchCustomersByName	zapier.com.ai	Search	ActionSearchCustomersByName	action_search_customers_by_name	action_search_customers_by_name	Search Customers filtered by Name	1
https://zapier.com/Search/GetlistCandidates	zapier.com.ai	Search	GetlistCandidates	getlist_candidates	GETlist_candidates	Search one or many Candidates	1
https://zapier.com/Search/GetAJobDescriptor	zapier.com.ai	Search	GetAJobDescriptor	get_a_job_descriptor	get_a_job_descriptor	Find a job descriptor by id	1
https://zapier.com/Search/GetAProspectContact	zapier.com.ai	Search	GetAProspectContact	get_a_prospect_contact	get_a_prospect_contact	Get a Prospect Contact Details	1
https://zapier.com/Search/SearchProspectAccount	zapier.com.ai	Search	SearchProspectAccount	search_prospect_account	search_prospect_account	Search one or many Prospect Account	1
https://zapier.com/Search/SearchProspectContact	zapier.com.ai	Search	SearchProspectContact	search_prospect_contact	search_prospect_contact	Search one or many Prospect Contacts	1
https://zapier.com/Search/FetchConversations	zapier.com.ai	Search	FetchConversations	fetch_conversations	fetch_conversations	Easily retrieves data from your conversations and use it as input for your workflows.	1
https://zapier.com/Search/Styleguidesearch	zapier.com.ai	Search	Styleguidesearch	styleguidesearch	styleguideSearch	Finds a styleguide given a name.	1
https://zapier.com/Search/GetAssistantRun	zapier.com.ai	Search	GetAssistantRun	get_assistant_run	get_assistant_run	Returns the state of an assistant run	1
https://zapier.com/Search/GetStructureRun	zapier.com.ai	Search	GetStructureRun	get_structure_run	get_structure_run	Returns the status of a Structure Run, including its output, if successfully completed.	1
https://zapier.com/Search/BucketSearch	zapier.com.ai	Search	BucketSearch	bucket_search	bucket_search	Finds an existing bucket.	1
https://zapier.com/Search/PartnerUserBucketSearch	zapier.com.ai	Search	PartnerUserBucketSearch	partner_user_bucket_search	partner_user_bucket_search	Finds all of partner user's buckets.	1
https://zapier.com/Search/PartnerUserSearch	zapier.com.ai	Search	PartnerUserSearch	partner_user_search	partner_user_search	Finds a partner's users.	1
https://zapier.com/Search/Artistsearch	zapier.com.ai	Search	Artistsearch	artistsearch	artistSearch	Searches artists.	1
https://zapier.com/Search/AlertSearch	zapier.com.ai	Search	AlertSearch	alert_search	alert_search	Find active weather alerts for the selected location.	1
https://zapier.com/Search/ForecastSearch	zapier.com.ai	Search	ForecastSearch	forecast_search	forecast_search	Get the weather forecast for the provided location. You can choose how many days of forecast information to receive.

TIP: Check out the "dailyStatement" fields. They provide text like "Today expect conditions to be cloudy...", for each day.	1
https://zapier.com/Search/ObsSearch	zapier.com.ai	Search	ObsSearch	obs_search	obs_search	Get up to date observation data for your location like humidity, uv index, temp, etc.	1
https://zapier.com/Search/RainOrSnowSearch	zapier.com.ai	Search	RainOrSnowSearch	rain_or_snow_search	rain_or_snow_search	Find out if there is a chance and type of precipitation (rain, snow, mix) for your location. You can choose how far into the future you need to know.	1
https://zapier.com/Search/GetSingleDelivery	zapier.com.ai	Search	GetSingleDelivery	get_single_delivery	get_single_delivery	Retrieve the information for an individual delivery.	1
https://zapier.com/Search/CountFilteredSubscribers	zapier.com.ai	Search	CountFilteredSubscribers	count_filtered_subscribers	count_filtered_subscribers	Build a filter (or paste JSON) and return how many subscribers match.	1
https://zapier.com/Search/CountSubscribers	zapier.com.ai	Search	CountSubscribers	count_subscribers	count_subscribers	Returns the total number of subscribers, optionally filtered by status.	1
https://zapier.com/Search/FindSubscriberByEmail	zapier.com.ai	Search	FindSubscriberByEmail	find_subscriber_by_email	find_subscriber_by_email	Looks up a subscriber by email using a server-side search.	1
https://zapier.com/Search/GetSegmentById	zapier.com.ai	Search	GetSegmentById	get_segment_by_id	get_segment_by_id	Fetches a segment by ID.	1
https://zapier.com/Search/GetSubscriberById	zapier.com.ai	Search	GetSubscriberById	get_subscriber_by_id	get_subscriber_by_id	Fetches a subscriber by ID.	1
https://zapier.com/Search/ListFieldTypes	zapier.com.ai	Search	ListFieldTypes	list_field_types	list_field_types	Returns a page of field types. Filters are applied client‑side (the API always returns the full list).	1
https://zapier.com/Search/ListFilteredSubscribers	zapier.com.ai	Search	ListFilteredSubscribers	list_filtered_subscribers	list_filtered_subscribers	Build a filter (or paste JSON) and return one page of matching subscribers as a single page object in an array.	1
https://zapier.com/Search/ListSegments	zapier.com.ai	Search	ListSegments	list_segments	list_segments	Returns a page of segments. The result is an array with exactly one page object.	1
https://zapier.com/Search/ListSubscribers	zapier.com.ai	Search	ListSubscribers	list_subscribers	list_subscribers	Returns a page of subscribers. The result is an array with exactly one page object.	1
https://zapier.com/Search/ListTags	zapier.com.ai	Search	ListTags	list_tags	list_tags	Returns all tags with usage info.	1
https://zapier.com/Search/BusinessOnlineAudienceAppend	zapier.com.ai	Search	BusinessOnlineAudienceAppend	business_online_audience_append	business_online_audience_append	Appends additional contact points to a list of business (B2B) contacts for improved reach through B2B social and programmatic advertising	1
https://zapier.com/Search/C2bAppend	zapier.com.ai	Search	C2bAppend	c2b_append	c2b_append	Appends business contact data to a list of consumer contacts. Use to determine the business and/or business person behind their consumer persona. Valuable for web form fills and site traffic	1
https://zapier.com/Search/ConsumerOnlineAudienceAppend	zapier.com.ai	Search	ConsumerOnlineAudienceAppend	consumer_online_audience_append	consumer_online_audience_append	Appends additional contact points to a list of consumer (B2C) contacts for improved reach through B2C social and programmatic advertising	1
https://zapier.com/Search/ContactAppend	zapier.com.ai	Search	ContactAppend	contact_append	contact_append	Appends additional contact data to the contact list provided; including consumer emails that have been validated for deliverability (~90%), phone numbers that have been labeled as the best number to reach someone (including line type: Landlines, VOIP, and Mobile phones included as a default), and address information for mailing and geo segmentation purposes.	1
https://zapier.com/Search/DemographicAppend	zapier.com.ai	Search	DemographicAppend	demographic_append	demographic_append	Appends demographic information to a customer list, including; basic demographic data, lifestyle & interest data, and political & donor data	1
https://zapier.com/Search/FindDomain	zapier.com.ai	Search	FindDomain	find_domain	find_domain	Searches for domains corresponding to a list of IP addresses. Use a list of captured IPs from site traffic and transform that information into firmographic data that is usable for outreach purposes. 	1
https://zapier.com/Search/FirmographicAppend	zapier.com.ai	Search	FirmographicAppend	firmographic_append	firmographic_append	Appends firmographic data to a list of business contacts and domains. Use with a list of domains and enrich important business data that will allow you to define ICPs and segment audiences for digital or direct outreach.	1
https://zapier.com/Search/Hemtobusinessdomain	zapier.com.ai	Search	Hemtobusinessdomain	hemtobusinessdomain	hemtobusinessdomain	Accepts a single Hashed Email (either Business or Consumer) and returns the associated business domain found for that record	1
https://zapier.com/Search/Case	zapier.com.ai	Search	Case	case	case	Find a Case by a field and value you choose.	1
https://zapier.com/Search/Custom	zapier.com.ai	Search	Custom	custom	custom	Find a Custom Object by a field and value you choose.	1
https://zapier.com/Search/CustomQuery	zapier.com.ai	Search	CustomQuery	custom_query	custom_query	Find a Custom Object using a WHERE clause. Useful for searching by multiple fields.	1
https://zapier.com/Search/Opportunity	zapier.com.ai	Search	Opportunity	opportunity	opportunity	Find an Opportunity by a field and value you choose.	1
https://zapier.com/Search/FindBarByTitle	zapier.com.ai	Search	FindBarByTitle	find_bar_by_title	find_bar_by_title	Finds a bar on a roadmap, given a title.	1
https://zapier.com/Search/Socials	zapier.com.ai	Search	Socials	socials	socials	Fetch social profiles of existing domains in our database, get some additional metadata and also hunt for profiles live, in case we don't already have them.	1
https://zapier.com/Search/Contributorsearch	zapier.com.ai	Search	Contributorsearch	contributorsearch	contributorSearch	Finds a Contributor.	1
https://zapier.com/Search/FindInsightByExternalId	zapier.com.ai	Search	FindInsightByExternalId	find_insight_by_external_id	find_insight_by_external_id	Finds an Insight via its External ID. You can set External IDs in the app, or by using the Add External ID to Insight action.	1
https://zapier.com/Search/FindInsightByInsightId	zapier.com.ai	Search	FindInsightByInsightId	find_insight_by_insight_id	find_insight_by_insight_id	Finds an Insight using its alphanumeric ID.	1
https://zapier.com/Search/Gatewayretrieve	zapier.com.ai	Search	Gatewayretrieve	gatewayretrieve	gatewayRetrieve	Retrieve a Payment Gateway by ID	1
https://zapier.com/Search/Invoiceretrieve	zapier.com.ai	Search	Invoiceretrieve	invoiceretrieve	invoiceRetrieve	Retrieve an Invoice by ID	1
https://zapier.com/Search/Paylinkretrieve	zapier.com.ai	Search	Paylinkretrieve	paylinkretrieve	paylinkRetrieve	Retrieve a Payment Paylink by ID	1
https://zapier.com/Search/Payoutretrieve	zapier.com.ai	Search	Payoutretrieve	payoutretrieve	payoutRetrieve	Retrieve a Payout by UUID without detailled information	1
https://zapier.com/Search/Payoutretrievedetails	zapier.com.ai	Search	Payoutretrievedetails	payoutretrievedetails	payoutRetrieveDetails	Retrieve a Payout by UUID with detailled information	1
https://zapier.com/Search/Qrcoderetrieve	zapier.com.ai	Search	Qrcoderetrieve	qrcoderetrieve	qrCodeRetrieve	Retrieve a QrCode by UUID	1
https://zapier.com/Search/Transactionretrieve	zapier.com.ai	Search	Transactionretrieve	transactionretrieve	transactionRetrieve	Retrieve a Payment Transaction by ID	1
https://zapier.com/Search/Transactionsretrieve	zapier.com.ai	Search	Transactionsretrieve	transactionsretrieve	transactionsRetrieve	Retrieve Transactions made through Payrexx	1
https://zapier.com/Search/SearchLinks	zapier.com.ai	Search	SearchLinks	search_links	search_links	Search for links by various options.	1
https://zapier.com/Search/FindKey	zapier.com.ai	Search	FindKey	find_key	find_key	Finds an existing lead.	1
https://zapier.com/Search/Findgoal	zapier.com.ai	Search	Findgoal	findgoal	findGoal	Find goals from all your accessible goals.	1
https://zapier.com/Search/DrayageRate	zapier.com.ai	Search	DrayageRate	drayage_rate	drayage_rate	Finds a drayage rate based on pickup and delivery locations.	1
https://zapier.com/Search/OtrRate	zapier.com.ai	Search	OtrRate	otr-rate	otr-rate	Finds an OTR rate based on origin and destination markets.	1
https://zapier.com/Search/SFindLabel	zapier.com.ai	Search	SFindLabel	s_find_label	s_find_label	Finds a label.	1
https://zapier.com/Search/SFindPeople	zapier.com.ai	Search	SFindPeople	s_find_people	s_find_people	Finds a member or guest.	1
https://zapier.com/Search/GetAllTableRows	zapier.com.ai	Search	GetAllTableRows	get_all_table_rows	get_all_table_rows	Finds an omnishare table based on name. You get the data as raw json. To be used with Code - Javascript	1
https://zapier.com/Search/OmnishareTableSearch	zapier.com.ai	Search	OmnishareTableSearch	omnishare_table_search	omnishare_table_search	You choose a unique value (primary key) in your table and search for it.	1
https://zapier.com/Search/Getclient	zapier.com.ai	Search	Getclient	getclient	getClient	Método para obtener un cliente específico.	1
https://zapier.com/Search/Getclientexternalid	zapier.com.ai	Search	Getclientexternalid	getclientexternalid	getClientExternalId	Método para obtener un cliente específico.	1
https://zapier.com/Search/Getclients	zapier.com.ai	Search	Getclients	getclients	getClients	Método para obtener una lista de clientes de la empresa de acuerdo a parámetros definidos.	1
https://zapier.com/Search/Getclienttaxid	zapier.com.ai	Search	Getclienttaxid	getclienttaxid	getClientTaxId	Método para obtener un cliente específico.	1
https://zapier.com/Search/Getcontacts	zapier.com.ai	Search	Getcontacts	getcontacts	getContacts	Método para obtener una lista de contactos de la empresa de acuerdo a parámetros definidos.	1
https://zapier.com/Search/Getcontacttypes	zapier.com.ai	Search	Getcontacttypes	getcontacttypes	getContactTypes	Método para obtener un lista de tipos de contacto. El id único de un tipo de contacto puede ser utilizado como parámetro en Get Contacts.	1
https://zapier.com/Search/Getdocument	zapier.com.ai	Search	Getdocument	getdocument	getDocument	Método para obtener un documento específico.	1
https://zapier.com/Search/Getdocuments	zapier.com.ai	Search	Getdocuments	getdocuments	getDocuments	Método para obtener una lista de documentos de la empresa de acuerdo a parámetros definidos.	1
https://zapier.com/Search/Getnote	zapier.com.ai	Search	Getnote	getnote	getNote	Método para obtener una nota de crédito o débito específica.	1
https://zapier.com/Search/Getnotes	zapier.com.ai	Search	Getnotes	getnotes	getNotes	Método para obtener una lista de notas de credito y/o débito de la empresa de acuerdo a parámetros definidos.	1
https://zapier.com/Search/Getpayment	zapier.com.ai	Search	Getpayment	getpayment	getPayment	Método para obtener un pago específico.	1
https://zapier.com/Search/Getpaymentmethods	zapier.com.ai	Search	Getpaymentmethods	getpaymentmethods	getPaymentMethods	Método para obtener un lista de métodos de pago. El id único de un método de pago puede ser utilizado como parámetro en Get Payments.	1
https://zapier.com/Search/Getpayments	zapier.com.ai	Search	Getpayments	getpayments	getPayments	Método para obtener una lista de pagos de la empresa de acuerdo a parámetros definidos.	1
https://zapier.com/Search/Gettag	zapier.com.ai	Search	Gettag	gettag	getTag	Método para obtener un pago específico.	1
https://zapier.com/Search/Gettags	zapier.com.ai	Search	Gettags	gettags	getTags	Método para obtener una lista de tags de la empresa de acuerdo a parámetros definidos. El id único de un tag puede ser utilizado como parámetro en getDocuments.	1
https://zapier.com/Search/FindFeedback	zapier.com.ai	Search	FindFeedback	find-feedback	find-feedback	Searches for one or more feedback posts	1
https://zapier.com/Search/FindStream	zapier.com.ai	Search	FindStream	find_stream	find_stream	Find a Stream from a Clip	1
https://zapier.com/Search/GetAnswer	zapier.com.ai	Search	GetAnswer	get_answer	get_answer	Retrieve the clip's answer suggestion	1
https://zapier.com/Search/GetCustomSkills	zapier.com.ai	Search	GetCustomSkills	get_custom_skills	get_custom_skills	Retrieves the clip's Custom Skills results	1
https://zapier.com/Search/GetDescription	zapier.com.ai	Search	GetDescription	get_description	get_description	Retrieves the clip's description or AI Content Recognition results	1
https://zapier.com/Search/Findsprint	zapier.com.ai	Search	Findsprint	findsprint	findsprint	Finds an existing sprint.	1
https://zapier.com/Search/Searchfile	zapier.com.ai	Search	Searchfile	searchfile	searchFile	Search for a specific file by name.	1
https://zapier.com/Search/GetBalances	zapier.com.ai	Search	GetBalances	get_balances	get_balances	See the balance of tokens for a particular address	1
https://zapier.com/Search/GetOverlapsFromReport	zapier.com.ai	Search	GetOverlapsFromReport	get_overlaps_from_report	get_overlaps_from_report	Retrieve overlaps from a given report you saved on Crossbeam	1
https://zapier.com/Search/PartnerRecordsSearchByRecordTypeAndId	zapier.com.ai	Search	PartnerRecordsSearchByRecordTypeAndId	partner_records_search_by_record_type_and_id	partner_records_search_by_record_type_and_id	For a given Crossbeam Partner Record Type and ID, return any overlapping data with your partners.	1
https://zapier.com/Search/RecordsSearchByDomain	zapier.com.ai	Search	RecordsSearchByDomain	records_search_by_domain	records_search_by_domain	Search your Crossbeam records for a specific domain	1
https://zapier.com/Search/RecordsSearchById	zapier.com.ai	Search	RecordsSearchById	records_search_by_id	records_search_by_id	Search your Crossbeam records for a specific Record ID	1
https://zapier.com/Search/RecordSearchByEmail	zapier.com.ai	Search	RecordSearchByEmail	record_search_by_email	record_search_by_email	Search your Crossbeam records for a specific email	1
https://zapier.com/Search/GetCompanyEnrichmentResults	zapier.com.ai	Search	GetCompanyEnrichmentResults	get_company_enrichment_results	get_company_enrichment_results	Returns Company Enrichment Results	1
https://zapier.com/Search/GetEmailProbeSearchResults	zapier.com.ai	Search	GetEmailProbeSearchResults	get_email_probe_search_results	get_email_probe_search_results	Returns Email Probe Search Results	1
https://zapier.com/Search/GetEmailResolutionResults	zapier.com.ai	Search	GetEmailResolutionResults	get_email_resolution_results	get_email_resolution_results	Returns Email Resolution Results	1
https://zapier.com/Search/GetEmailScoutSearchResults	zapier.com.ai	Search	GetEmailScoutSearchResults	get_email_scout_search_results	get_email_scout_search_results	Returns Email Scout Search Results	1
https://zapier.com/Search/GetEmailSearchResults	zapier.com.ai	Search	GetEmailSearchResults	get_email_search_results	get_email_search_results	Returns Email Search Results	1
https://zapier.com/Search/GetJobSearchResults	zapier.com.ai	Search	GetJobSearchResults	get_job_search_results	get_job_search_results	Returns Job Search Results	1
https://zapier.com/Search/GetProfileEnrichmentResults	zapier.com.ai	Search	GetProfileEnrichmentResults	get_profile_enrichment_results	get_profile_enrichment_results	Returns Profile Enrichment Results	1
https://zapier.com/Search/GetProfileSearchResults	zapier.com.ai	Search	GetProfileSearchResults	get_profile_search_results	get_profile_search_results	Returns Profile Search Results	1
https://zapier.com/Search/GetSalesNavigatorCompanySearchResults	zapier.com.ai	Search	GetSalesNavigatorCompanySearchResults	get_sales_navigator_company_search_results	get_sales_navigator_company_search_results	Returns Sales Navigator Company Search Results	1
https://zapier.com/Search/GetSalesNavigatorPeopleSearchResults	zapier.com.ai	Search	GetSalesNavigatorPeopleSearchResults	get_sales_navigator_people_search_results	get_sales_navigator_people_search_results	Returns Sales Navigator People Search Results	1
https://zapier.com/Search/FindRegistrant	zapier.com.ai	Search	FindRegistrant	find_registrant	find_registrant	Search to find whether a person has registered for a specific event.	1
https://zapier.com/Search/FindDocByTitle	zapier.com.ai	Search	FindDocByTitle	find_doc_by_title	find_doc_by_title	Find a document by its title.	1
https://zapier.com/Search/FindRecentByEmail	zapier.com.ai	Search	FindRecentByEmail	find_recent_by_email	find_recent_by_email	Find the most recent documents by recipient email.	1
https://zapier.com/Search/FindTemplateByTitle	zapier.com.ai	Search	FindTemplateByTitle	find_template_by_title	find_template_by_title	Find regular templates by title.	1
https://zapier.com/Search/FindTemplateLinkByName	zapier.com.ai	Search	FindTemplateLinkByName	find_template_link_by_name	find_template_link_by_name	Find a template link by name.	1
https://zapier.com/Search/Referrer	zapier.com.ai	Search	Referrer	referrer	referrer	Find the referral stats for an existing referrer on your iRefer campaign.	1
https://zapier.com/Search/GetPosts	zapier.com.ai	Search	GetPosts	get_posts	get_posts	Gets the latest posts of a social media account	1
https://zapier.com/Search/GetStats	zapier.com.ai	Search	GetStats	get_stats	get_stats	Gets the stats of a social media account	1
https://zapier.com/Search/ProcessGetDataAction	zapier.com.ai	Search	ProcessGetDataAction	process_get_data_action	process_get_data_action	Gets the current data, info, roles, assignees and tasks for a process	1
https://zapier.com/Search/FindEventCosts	zapier.com.ai	Search	FindEventCosts	find_event_costs	find_event_costs	This search helps you retrieve Costs for Events.	1
https://zapier.com/Search/FindMiscellaneousAnnualExpenses	zapier.com.ai	Search	FindMiscellaneousAnnualExpenses	find_miscellaneous_annual_expenses	find_miscellaneous_annual_expenses	This search helps you retrieve Miscellaneous Annual Expenses.	1
https://zapier.com/Search/FindTasks	zapier.com.ai	Search	FindTasks	find_tasks	find_tasks	This advanced search helps you find Tasks in ExhibitDay based on various filter criteria. If you enter more than one filter, the filters work in conjunction on an "AND-basis".	1
https://zapier.com/Search/RetrieveEventById	zapier.com.ai	Search	RetrieveEventById	retrieve_event_by_id	retrieve_event_by_id	Retrieves an Event by its ExhibitDay Event Id.	1
https://zapier.com/Search/RetrieveTaskById	zapier.com.ai	Search	RetrieveTaskById	retrieve_task_by_id	retrieve_task_by_id	Retrieves an Task by its ExhibitDay Task Id.	1
https://zapier.com/Search/ListNotifications	zapier.com.ai	Search	ListNotifications	list_notifications	list_notifications	Retrieve all notifications for a specific wallet pass using Pass ID or Pass Name	1
https://zapier.com/Search/ListPasses	zapier.com.ai	Search	ListPasses	list_passes	list_passes	Search and retrieve all wallet passes in your workspace	1
https://zapier.com/Search/ListPassLocations	zapier.com.ai	Search	ListPassLocations	list_pass_locations	list_pass_locations	List all locations or locations for a specific pass	1
https://zapier.com/Search/FindComment	zapier.com.ai	Search	FindComment	find_comment	find_comment	Finds a Comment in Webvizio	1
https://zapier.com/Search/LookupTable	zapier.com.ai	Search	LookupTable	lookup_table	lookup_table	Search for data in a table using provided key and value	1
https://zapier.com/Search/GetOutputFile	zapier.com.ai	Search	GetOutputFile	get_output_file	get_output_file	Fetches a specific generated file by its file_id	1
https://zapier.com/Search/SearchInout	zapier.com.ai	Search	SearchInout	search_inout	search_inout	Search Employee Clocking Activity	1
https://zapier.com/Search/SearchStats	zapier.com.ai	Search	SearchStats	search_stats	search_stats	Use this to search all available stats	1
https://zapier.com/Search/FindMailsForForeignEmailProvider	zapier.com.ai	Search	FindMailsForForeignEmailProvider	find_mails_for_foreign_email_provider	find_mails_for_foreign_email_provider	Find contacts based on event date to send addresses to your marketing tool	1
https://zapier.com/Search/FindUdoCharacteristicsByAddress	zapier.com.ai	Search	FindUdoCharacteristicsByAddress	find_udo_characteristics_by_address	find_udo_characteristics_by_address	Find Customer Characteristic by Address	1
https://zapier.com/Search/FindUdoCharacteristicsByEmail	zapier.com.ai	Search	FindUdoCharacteristicsByEmail	find_udo_characteristics_by_email	find_udo_characteristics_by_email	Find Customer Characteristic by Mail	1
https://zapier.com/Search/ProfilAuswahl	zapier.com.ai	Search	ProfilAuswahl	profil_auswahl	profil_auswahl	Find Email or Address for profiles	1
https://zapier.com/Search/GetCase	zapier.com.ai	Search	GetCase	get_case	get_case	Filter case records from Cogmento CRM	1
https://zapier.com/Search/GetModelFields	zapier.com.ai	Search	GetModelFields	get_model_fields	get_model_fields	Return all the model fields available for a given model type	1
https://zapier.com/Search/FindAContact	zapier.com.ai	Search	FindAContact	find_a_contact	find_a_contact	Find an existing contact by email address.	1
https://zapier.com/Search/CanceledPackagesToday	zapier.com.ai	Search	CanceledPackagesToday	canceled_packages_today	canceled_packages_today	Track all packages that canceled today.	1
https://zapier.com/Search/DeliveredPackagesToday	zapier.com.ai	Search	DeliveredPackagesToday	delivered_packages_today	delivered_packages_today	Track all packages that delivered today.	1
https://zapier.com/Search/RetrievedPackagesToday	zapier.com.ai	Search	RetrievedPackagesToday	retrieved_packages_today	retrieved_packages_today	Track all packages that retrieved today.	1
https://zapier.com/Search/TrackPacakge	zapier.com.ai	Search	TrackPacakge	track_pacakge	track_pacakge	Track Your Package To Get the Last Status	1
https://zapier.com/Search/FindAdById	zapier.com.ai	Search	FindAdById	find_ad_by_id	find_ad_by_id	Retrieve the details of a specific ad by its unique identifier (ad_id).	1
https://zapier.com/Search/FindBoardAds	zapier.com.ai	Search	FindBoardAds	find_board_ads	find_board_ads	Retrieve ads associated with a specific board ID with various filters.	1
https://zapier.com/Search/FindBoardBrands	zapier.com.ai	Search	FindBoardBrands	find_board_brands	find_board_brands	Retrieve all brands associated with a specific board.	1
https://zapier.com/Search/FindBrandsByDomain	zapier.com.ai	Search	FindBrandsByDomain	find_brands_by_domain	find_brands_by_domain	Search for brands associated with a specific domain name using multi-database architecture.	1
https://zapier.com/Search/FindBrandAdsByBrandId	zapier.com.ai	Search	FindBrandAdsByBrandId	find_brand_ads_by_brand_id	find_brand_ads_by_brand_id	Retrieve all ads for specific brand IDs with comprehensive filtering and pagination.	1
https://zapier.com/Search/FindBrandAdsByPageId	zapier.com.ai	Search	FindBrandAdsByPageId	find_brand_ads_by_page_id	find_brand_ads_by_page_id	Retrieve all ads for a specific Facebook page ID with comprehensive filtering and pagination. You can find a facebook page ID in the Facebook Ad Library page url.	1
https://zapier.com/Search/FindBrandAnalytics	zapier.com.ai	Search	FindBrandAnalytics	find_brand_analytics	find_brand_analytics	Retrieve comprehensive analytics data for a brand or page over a specified date range, including running ads distribution and creative velocity.	1
https://zapier.com/Search/FindDiscoveryAds	zapier.com.ai	Search	FindDiscoveryAds	find_discovery_ads	find_discovery_ads	Search and filter ads by various criteria with comprehensive filtering and pagination.	1
https://zapier.com/Search/FindSpyderBrand	zapier.com.ai	Search	FindSpyderBrand	find_spyder_brand	find_spyder_brand	Retrieve detailed information for a specific brand that the authenticated user has access to.	1
https://zapier.com/Search/FindSpyderBrands	zapier.com.ai	Search	FindSpyderBrands	find_spyder_brands	find_spyder_brands	Find all brands that the authenticated user has access to in Spyder.	1
https://zapier.com/Search/FindSpyderBrandAds	zapier.com.ai	Search	FindSpyderBrandAds	find_spyder_brand_ads	find_spyder_brand_ads	Retrieve all ads for a specific brand that the authenticated user has access to in Spyder.	1
https://zapier.com/Search/FindSwipefileAds	zapier.com.ai	Search	FindSwipefileAds	find_swipefile_ads	find_swipefile_ads	Retrieve ads from your personal swipefile collection with filtering options.	1
https://zapier.com/Search/FindUserUsage	zapier.com.ai	Search	FindUserUsage	find_user_usage	find_user_usage	Retrieve usage information for the authenticated user, including remaining credits and usage statistics.	1
https://zapier.com/Search/SearchDiscoveryBrands	zapier.com.ai	Search	SearchDiscoveryBrands	search_discovery_brands	search_discovery_brands	Search for brands by name with comprehensive brand discovery capabilities.	1
https://zapier.com/Search/GetAction	zapier.com.ai	Search	GetAction	get_action	get_action	Retrieves a single action by UUID from RAIDLOG.com.	1
https://zapier.com/Search/GetDecision	zapier.com.ai	Search	GetDecision	get_decision	get_decision	Retrieves a single decision by UUID from RAIDLOG.com.	1
https://zapier.com/Search/GetRisk	zapier.com.ai	Search	GetRisk	get_risk	get_risk	Retrieves a single risk by UUID from RAIDLOG.com.	1
https://zapier.com/Search/SearchAction	zapier.com.ai	Search	SearchAction	search_action	search_action	Searches for actions in RAIDLOG.com.	1
https://zapier.com/Search/SearchDecision	zapier.com.ai	Search	SearchDecision	search_decision	search_decision	Searches for decisions in RAIDLOG.com.	1
https://zapier.com/Search/SearchIssue	zapier.com.ai	Search	SearchIssue	search_issue	search_issue	Searches for issues in RAIDLOG.com.	1
https://zapier.com/Search/SearchRisk	zapier.com.ai	Search	SearchRisk	search_risk	search_risk	Search for risks by various criteria	1
https://zapier.com/Search/Findscreen	zapier.com.ai	Search	Findscreen	findscreen	findScreen	Finds a screen by name.	1
https://zapier.com/Search/Findworkflowstatus	zapier.com.ai	Search	Findworkflowstatus	findworkflowstatus	findWorkflowStatus	Finds a project status by name.	1
https://zapier.com/Search/FetchEntities	zapier.com.ai	Search	FetchEntities	fetch_entities	fetch_entities	Fetch an entity records	1
https://zapier.com/Search/FetchEntity	zapier.com.ai	Search	FetchEntity	fetch_entity	fetch_entity	Fetch an entity record	1
https://zapier.com/Search/FetchEntityType	zapier.com.ai	Search	FetchEntityType	fetch_entity_type	fetch_entity_type	Fetch information about a single entity type	1
https://zapier.com/Search/FetchEntityTypes	zapier.com.ai	Search	FetchEntityTypes	fetch_entity_types	fetch_entity_types	Fetch information about entity types	1
https://zapier.com/Search/GetProjectCollectionMetadata	zapier.com.ai	Search	GetProjectCollectionMetadata	get_project_collection_metadata	get_project_collection_metadata	Get project collection metadata.	1
https://zapier.com/Search/GetProjectUser	zapier.com.ai	Search	GetProjectUser	get_project_user	get_project_user	Get a project user's information and wallet address.	1
https://zapier.com/Search/ListTokensByAddress	zapier.com.ai	Search	ListTokensByAddress	list_tokens_by_address	list_tokens_by_address	List all tokens (ERC721, ERC1155, ERC20) owned by a specific address on a given network.	1
https://zapier.com/Search/FindCollection	zapier.com.ai	Search	FindCollection	find_collection	find_collection	Finds an existing collection.	1
https://zapier.com/Search/FindElement	zapier.com.ai	Search	FindElement	find_element	find_element	Find an element in ClearPoint by name and optionally by scorecard.	1
https://zapier.com/Search/GetCustomFieldData	zapier.com.ai	Search	GetCustomFieldData	get_custom_field_data	get_custom_field_data	Gets element custom field data by ID.	1
https://zapier.com/Search/GetElement	zapier.com.ai	Search	GetElement	get_element	get_element	Gets an element in ClearPoint by ID.	1
https://zapier.com/Search/GetElementStatus	zapier.com.ai	Search	GetElementStatus	get_element_status	get_element_status	Gets the status for an element for a specific reporting period.	1
https://zapier.com/Search/GetMeasureData	zapier.com.ai	Search	GetMeasureData	get_measure_data	get_measure_data	Gets measure data for an element.	1
https://zapier.com/Search/ListElements	zapier.com.ai	Search	ListElements	list_elements	list_elements	Lists all elements in the ClearPoint by element type.	1
https://zapier.com/Search/FindExportedProject	zapier.com.ai	Search	FindExportedProject	find_exported_project	find_exported_project	Finds the most recently exported version of a project.	1
https://zapier.com/Search/GetPortalStages	zapier.com.ai	Search	GetPortalStages	get_portal_stages	get_portal_stages	Gets the stages for a given customer portal	1
https://zapier.com/Search/GetContactList	zapier.com.ai	Search	GetContactList	get_contact_list	get_contact_list	Gets your list of existing contacts from Sendblue	1
https://zapier.com/Search/FindLandingpage	zapier.com.ai	Search	FindLandingpage	find_landingpage	find_landingpage	Retrieves a landing page template and its data from the system.	1
https://zapier.com/Search/FindRsvpTemplate	zapier.com.ai	Search	FindRsvpTemplate	find_rsvp_template	find_rsvp_template	Retrieves an RSVP template and its data from the system.	1
https://zapier.com/Search/GetIcs	zapier.com.ai	Search	GetIcs	get_ics	get_ics	Retrieve the ics file (path to file as well as raw body) for a provided event to be typically used as an attachment within an email. Mind that this is not working for dynamic dates (like "today+2")!	1
https://zapier.com/Search/FindCustomProductVariantBySize	zapier.com.ai	Search	FindCustomProductVariantBySize	find_custom_product_variant_by_size	find_custom_product_variant_by_size	Find variants of a custom product by searching for a size.	1
https://zapier.com/Search/SearchCustomProducts	zapier.com.ai	Search	SearchCustomProducts	search_custom_products	search_custom_products	Finds a custom product.	1
https://zapier.com/Search/CheckProjectIsInDailyLog	zapier.com.ai	Search	CheckProjectIsInDailyLog	check_project_is_in_daily_log	check_project_is_in_daily_log	Checks if a specified Project is in a Daily Log.	1
https://zapier.com/Search/Equipmentsearch	zapier.com.ai	Search	Equipmentsearch	equipmentsearch	equipmentSearch	Finds an existing equipment by name.	1
https://zapier.com/Search/FindDailyLogById	zapier.com.ai	Search	FindDailyLogById	find_daily_log_by_id	find_daily_log_by_id	Finds a daily log by their ID.	1
https://zapier.com/Search/FindDailyLogByStatus	zapier.com.ai	Search	FindDailyLogByStatus	find_daily_log_by_status	find_daily_log_by_status	Finds a daily log by their status.	1
https://zapier.com/Search/FindDailyLogByTeam	zapier.com.ai	Search	FindDailyLogByTeam	find_daily_log_by_team	find_daily_log_by_team	Finds a daily log by their team ID.	1
https://zapier.com/Search/FindDailyLogByTeamAndDate	zapier.com.ai	Search	FindDailyLogByTeamAndDate	find_daily_log_by_team_and_date	find_daily_log_by_team_and_date	Finds a daily log by their team ID at the specified date.	1
https://zapier.com/Search/FindDailyLogByTeamLeaderId	zapier.com.ai	Search	FindDailyLogByTeamLeaderId	find_daily_log_by_team_leader_id	find_daily_log_by_team_leader_id	Finds a daily log by their team leader ID.	1
https://zapier.com/Search/FindDailyLogEmployeeById	zapier.com.ai	Search	FindDailyLogEmployeeById	find_daily_log_employee_by_id	find_daily_log_employee_by_id	Finds an Employee in a Daily Log by ID.	1
https://zapier.com/Search/FindDailyLogEquipmentById	zapier.com.ai	Search	FindDailyLogEquipmentById	find_daily_log_equipment_by_id	find_daily_log_equipment_by_id	Finds an Equipment in a Daily Log by ID.	1
https://zapier.com/Search/FindDailyLogProjectById	zapier.com.ai	Search	FindDailyLogProjectById	find_daily_log_project_by_id	find_daily_log_project_by_id	Finds a Project in a Daily Log by ID.	1
https://zapier.com/Search/FindEmployeeById	zapier.com.ai	Search	FindEmployeeById	find_employee_by_id	find_employee_by_id	Finds an employee by their ID.	1
https://zapier.com/Search/FindEmployeeByOccupationId	zapier.com.ai	Search	FindEmployeeByOccupationId	find_employee_by_occupation_id	find_employee_by_occupation_id	Finds an employee by their Occupation ID.	1
https://zapier.com/Search/FindEmployeeByTeamId	zapier.com.ai	Search	FindEmployeeByTeamId	find_employee_by_team_id	find_employee_by_team_id	Finds an employee by their team ID.	1
https://zapier.com/Search/FindJobByDailyLogTask	zapier.com.ai	Search	FindJobByDailyLogTask	find_job_by_daily_log_task	find_job_by_daily_log_task	Finds a Task in a Daily Log by ID.	1
https://zapier.com/Search/FindOrganizationByName	zapier.com.ai	Search	FindOrganizationByName	find_organization_by_name	find_organization_by_name	Finds an organization by it's name.	1
https://zapier.com/Search/FindTeamById	zapier.com.ai	Search	FindTeamById	find_team_by_id	find_team_by_id	Finds a team by their ID.	1
https://zapier.com/Search/FindTeamByTeamLeaderId	zapier.com.ai	Search	FindTeamByTeamLeaderId	find_team_by_team_leader_id	find_team_by_team_leader_id	Finds a team by their team leader ID.	1
https://zapier.com/Search/FindContactsById	zapier.com.ai	Search	FindContactsById	find_contacts_by_id	find_contacts_by_id	Finds a Contact by ID and returns all Contact information	1
https://zapier.com/Search/FindContactCustomConnection	zapier.com.ai	Search	FindContactCustomConnection	find_contact_custom_connection	find_contact_custom_connection	Use a Contact ID and select the Connection Type to retrieve the Connection ID. Useful for updating a Contact custom Connection.	1
https://zapier.com/Search/FindIndividualsByEmail	zapier.com.ai	Search	FindIndividualsByEmail	find_individuals_by_email	find_individuals_by_email	Finds Individuals using an email address	1
https://zapier.com/Search/FindModuleById	zapier.com.ai	Search	FindModuleById	find_module_by_id	find_module_by_id	Find and retrieve a custom module record by ID. Returns standard and custom data.	1
https://zapier.com/Search/FindModuleFile	zapier.com.ai	Search	FindModuleFile	find_module_file	find_module_file	Find a file linked to a Module. Search files using the file label or name	1
https://zapier.com/Search/FindOrganisationsByName	zapier.com.ai	Search	FindOrganisationsByName	find_organisations_by_name	find_organisations_by_name	Finds Organisations by name. Useful if you want to create or update an Organisation.	1
https://zapier.com/Search/GetRequest	zapier.com.ai	Search	GetRequest	get_request	get_request	Gets a request from your Returnless account	1
https://zapier.com/Search/GetReturn	zapier.com.ai	Search	GetReturn	get_return	get_return	Gets a return from your Returnless account	1
https://zapier.com/Search/ListReturns	zapier.com.ai	Search	ListReturns	list_returns	list_returns	Finds Returns in the System	1
https://zapier.com/Search/GetSegment	zapier.com.ai	Search	GetSegment	get_segment	get_segment	Gets a Morning Segment	1
https://zapier.com/Search/FindClientInCrm	zapier.com.ai	Search	FindClientInCrm	find_client_in_crm	find_client_in_crm	Finds a Client in CRM	1
https://zapier.com/Search/FindNextFreeslots	zapier.com.ai	Search	FindNextFreeslots	find_next_freeslots	find_next_freeslots	Finds a Freeslot	1
https://zapier.com/Search/GetClientInCrm	zapier.com.ai	Search	GetClientInCrm	get_client_in_crm	get_client_in_crm	Gets Client in CRM	1
https://zapier.com/Search/FindsInvoice	zapier.com.ai	Search	FindsInvoice	finds_invoice	finds_invoice	Finds one or more invoices using optional parameters.  Output as Line Items	1
https://zapier.com/Search/FindCatalogCategory	zapier.com.ai	Search	FindCatalogCategory	find_catalog_category	find_catalog_category	Finds a Catalog Category.	1
https://zapier.com/Search/FindCatalogItem	zapier.com.ai	Search	FindCatalogItem	find_catalog_item	find_catalog_item	Finds a catalog item.	1
https://zapier.com/Search/FindCatalogServicecharge	zapier.com.ai	Search	FindCatalogServicecharge	find_catalog_servicecharge	find_catalog_serviceCharge	Finds a Catalog Service Charge.	1
https://zapier.com/Search/FindCatalogTax	zapier.com.ai	Search	FindCatalogTax	find_catalog_tax	find_catalog_tax	Finds a Tax in the Catalog.	1
https://zapier.com/Search/Searchfolder	zapier.com.ai	Search	Searchfolder	searchfolder	searchFolder	Search for a folder.	1
https://zapier.com/Search/RunWqlQuery	zapier.com.ai	Search	RunWqlQuery	run_wql_query	run_wql_query	Executes a WQL query and returns the results.	1
https://zapier.com/Search/SupplierPrice	zapier.com.ai	Search	SupplierPrice	supplier_price	supplier_price	Search for a supplier product price by ID, product, name, unit, or currency.	1
https://zapier.com/Search/SupplierProduct	zapier.com.ai	Search	SupplierProduct	supplier_product	supplier_product	Search for a supplier product by ID, supplier, name, or reference.	1
https://zapier.com/Search/Trip	zapier.com.ai	Search	Trip	trip	trip	Finds a trip by it's ID.	1
https://zapier.com/Search/Passsearch	zapier.com.ai	Search	Passsearch	passsearch	passSearch	Searches for a pass by External ID or UUID and returns full pass information including download link and pass status.	1
https://zapier.com/Search/KeyResultSearch	zapier.com.ai	Search	KeyResultSearch	key_result_search	key_result_search	Finds a Key Result.	1
https://zapier.com/Search/ObjectiveSearch	zapier.com.ai	Search	ObjectiveSearch	objective_search	objective_search	Finds a Objective.	1
https://zapier.com/Search/GetPaymentLink	zapier.com.ai	Search	GetPaymentLink	get_payment_link	get_payment_link	Retrieve details of an existing payment link	1
https://zapier.com/Search/SearchActor	zapier.com.ai	Search	SearchActor	search_actor	search_actor	Search actors in a given workspace	1
https://zapier.com/Search/SearchDataprocessing	zapier.com.ai	Search	SearchDataprocessing	search_dataprocessing	search_dataProcessing	Finds a Data Processing	1
https://zapier.com/Search/SearchCustomerSubscriptions	zapier.com.ai	Search	SearchCustomerSubscriptions	search_customer_subscriptions	search_customer_subscriptions	Find subscriptions of given customer	1
https://zapier.com/Search/SearchInvoicesByTrackingNumber	zapier.com.ai	Search	SearchInvoicesByTrackingNumber	search_invoices_by_tracking_number	search_invoices_by_tracking_number	Find invoices with a given tracking number	1
https://zapier.com/Search/GetOrgunitByExtId	zapier.com.ai	Search	GetOrgunitByExtId	get_orgunit_by_ext_id	get_orgunit_by_ext_id	Gets an organization unit with an external id	1
https://zapier.com/Search/GetParticipantByExternalId	zapier.com.ai	Search	GetParticipantByExternalId	get_participant_by_external_id	get_participant_by_external_id	Gets a participation by external id	1
https://zapier.com/Search/GetUserByExternalId	zapier.com.ai	Search	GetUserByExternalId	get_user_by_external_id	get_user_by_external_id	Get user by external id	1
https://zapier.com/Search/Searchservicerequest	zapier.com.ai	Search	Searchservicerequest	searchservicerequest	SearchServiceRequest	Search request using id, please check API user guide for more details (https://servicepro.wiki/wiki/28/technical-documents#ServicePRO-Web-API)	1
https://zapier.com/Search/Mailing	zapier.com.ai	Search	Mailing	mailing	mailing	Search for a Mailing using the name, folder, Modified Date, etc.	1
https://zapier.com/Search/Recipientsearch	zapier.com.ai	Search	Recipientsearch	recipientsearch	recipientSearch	Searched for a Recipient by email address.	1
https://zapier.com/Search/Tagssearch	zapier.com.ai	Search	Tagssearch	tagssearch	tagsSearch	Searches for a Tag by Name.	1
https://zapier.com/Search/Appointment	zapier.com.ai	Search	Appointment	appointment	appointment	Fetch an appointment by Appointment Id	1
https://zapier.com/Search/FindUrl	zapier.com.ai	Search	FindUrl	find_url	find_url	Finds the URL for the generated email content from the email received on the BCC address, with the specified parameters.	1
https://zapier.com/Search/FindConference	zapier.com.ai	Search	FindConference	find_conference	find_conference	Lookup an existing conference	1
https://zapier.com/Search/FindBlogpost	zapier.com.ai	Search	FindBlogpost	find_blogpost	find_blogpost	Finds a Blog article	1
https://zapier.com/Search/ShippingMethod	zapier.com.ai	Search	ShippingMethod	shipping_method	shipping_method	Finds a shipping method	1
https://zapier.com/Search/SearchReview	zapier.com.ai	Search	SearchReview	search_review	search_review	Find WooRank Review data for a given URL.	1
https://zapier.com/Search/FindVaultByEmail	zapier.com.ai	Search	FindVaultByEmail	find_vault_by_email	find_vault_by_email	Finds a vault based on email.	1
https://zapier.com/Search/Searchcompanies	zapier.com.ai	Search	Searchcompanies	searchcompanies	searchCompanies	To query information about a company, you need to know its unique registration number (CUI). If you don't know the CUI, you can search by name or parts of the name to find the CUI for further use.	1
https://zapier.com/Search/FindPatient	zapier.com.ai	Search	FindPatient	find_patient	find_patient	Finds a patient in the system.	1
https://zapier.com/Search/RunQuery	zapier.com.ai	Search	RunQuery	run_query	run_query	Run a query to the database to retrieve objects.	1
https://zapier.com/Search/CredentialLookup	zapier.com.ai	Search	CredentialLookup	credential_lookup	credential_lookup	Fetch the credentials list based on filters	1
https://zapier.com/Search/GroupLookup	zapier.com.ai	Search	GroupLookup	group_lookup	group_lookup	Fetch groups with filters	1
https://zapier.com/Search/FindCustomEntity	zapier.com.ai	Search	FindCustomEntity	find_custom_entity	find_custom_entity	Finds an Existing Custom Entity Record.	1
https://zapier.com/Search/FindDeals	zapier.com.ai	Search	FindDeals	find_deals	find_deals	Finds an existing Deal.	1
https://zapier.com/Search/FindInspection	zapier.com.ai	Search	FindInspection	find_inspection	find_inspection	Finds an inspection by given by id	1
https://zapier.com/Search/FindActiveSpecials	zapier.com.ai	Search	FindActiveSpecials	find_active_specials	find_active_specials	Search active specials for one or more properties.	1
https://zapier.com/Search/FindAllProperties	zapier.com.ai	Search	FindAllProperties	find_all_properties	find_all_properties	Get all properties with their pricing and specials.	1
https://zapier.com/Search/FindFloorPlans	zapier.com.ai	Search	FindFloorPlans	find_floor_plans	find_floor_plans	Search all floor plans for one or more properties.	1
https://zapier.com/Search/FindFloorPlanDetails	zapier.com.ai	Search	FindFloorPlanDetails	find_floor_plan_details	find_floor_plan_details	Get details for floor plans matching selected bedroom and bathroom count.	1
https://zapier.com/Search/FindPriceHistory	zapier.com.ai	Search	FindPriceHistory	find_price_history	find_price_history	Get historical price changes for floor plans for one or more properties.	1
https://zapier.com/Search/Artefactcategorysearch	zapier.com.ai	Search	Artefactcategorysearch	artefactcategorysearch	artefactCategorySearch	Finds an Artefact Category by name.	1
https://zapier.com/Search/Artefactsearch	zapier.com.ai	Search	Artefactsearch	artefactsearch	artefactSearch	Search for artefacts.	1
https://zapier.com/Search/GetShortLink	zapier.com.ai	Search	GetShortLink	get_short_link	get_short_link	Gets details of a short link.	1
https://zapier.com/Search/FindDataEntities	zapier.com.ai	Search	FindDataEntities	find_data_entities	find_data_entities	Find all data entities you've enabled in your project filter.	1
https://zapier.com/Search/GetModeratedText	zapier.com.ai	Search	GetModeratedText	get_moderated_text	get_moderated_text	Get back the moderated text. Make sure to adjust your moderation filter in the project settings on moderationapi.com	1
https://zapier.com/Search/AccountListByExternalIds	zapier.com.ai	Search	AccountListByExternalIds	account_list_by_external_ids	account_list_by_external_ids	Find accounts matching the given external identifiers	1
https://zapier.com/Search/DossierList	zapier.com.ai	Search	DossierList	dossier_list	dossier_list	Returns a list of dossiers (opportunities/deals) from the specified federation using Whoz API	1
https://zapier.com/Search/DossierListByExternalIds	zapier.com.ai	Search	DossierListByExternalIds	dossier_list_by_external_ids	dossier_list_by_external_ids	Returns dossiers (opportunities/deals) matching the given external identifiers using Whoz API V14	1
https://zapier.com/Search/FederationList	zapier.com.ai	Search	FederationList	federation_list	federation_list	Returns the federations accessible to the current API user	1
https://zapier.com/Search/GetDossier	zapier.com.ai	Search	GetDossier	get_dossier	get_dossier	Retrieves a specific Dossier (opportunity/deal) by ID using Whoz API	1
https://zapier.com/Search/GetProfile	zapier.com.ai	Search	GetProfile	get_profile	get_profile	Retrieves a specific Profile by ID using Whoz API	1
https://zapier.com/Search/GetTalent	zapier.com.ai	Search	GetTalent	get_talent	get_talent	Retrieves a specific Talent by ID from Whoz	1
https://zapier.com/Search/ListActivitiesByWorkspace	zapier.com.ai	Search	ListActivitiesByWorkspace	list_activities_by_workspace	list_activities_by_workspace	Lists Activities in a specific Workspace using Whoz API V15. This endpoint returns all types of activities in the workspace.	1
https://zapier.com/Search/ListActivitiesForTalent	zapier.com.ai	Search	ListActivitiesForTalent	list_activities_for_talent	list_activities_for_talent	List activities that directly concern a specific talent. Note: This endpoint only returns activities of type "actions" and not other types of activities.	1
https://zapier.com/Search/ListBillingItems	zapier.com.ai	Search	ListBillingItems	list_billing_items	list_billing_items	Lists all billing items for a specific dossier	1
https://zapier.com/Search/ListProfiles	zapier.com.ai	Search	ListProfiles	list_profiles	list_profiles	Retrieves a list of all Profiles using Whoz API	1
https://zapier.com/Search/ListTasksByWorkspaceId	zapier.com.ai	Search	ListTasksByWorkspaceId	list_tasks_by_workspace_id	list_tasks_by_workspace_id	Find tasks matching the given workspace ID	1
https://zapier.com/Search/ListWorklogs	zapier.com.ai	Search	ListWorklogs	list_worklogs	list_worklogs	List worklogs for a specific talent and month in a workspace	1
https://zapier.com/Search/TalentList	zapier.com.ai	Search	TalentList	talent_list	talent_list	Returns a list of talents (users) from the specified federation using Whoz API	1
https://zapier.com/Search/TalentListByExternalIds	zapier.com.ai	Search	TalentListByExternalIds	talent_list_by_external_ids	talent_list_by_external_ids	Returns talents matching the given external identifiers using Whoz API V14	1
https://zapier.com/Search/TaskListByDossierIds	zapier.com.ai	Search	TaskListByDossierIds	task_list_by_dossier_ids	task_list_by_dossier_ids	Returns tasks belonging to the given dossiers using Whoz API	1
https://zapier.com/Search/TaskListByExternalIds	zapier.com.ai	Search	TaskListByExternalIds	task_list_by_external_ids	task_list_by_external_ids	Find tasks matching the given external identifiers	1
https://zapier.com/Search/UserCurrent	zapier.com.ai	Search	UserCurrent	user_current	user_current	Retrieves information about the currently authenticated user using Whoz API V14	1
https://zapier.com/Search/WorkspaceList	zapier.com.ai	Search	WorkspaceList	workspace_list	workspace_list	Returns a list of workspaces from the specified federation using Whoz API	1
https://zapier.com/Search/Devicesearch	zapier.com.ai	Search	Devicesearch	devicesearch	deviceSearch	Find a device.	1
https://zapier.com/Search/FindPipelineUser	zapier.com.ai	Search	FindPipelineUser	find_pipeline_user	find_pipeline_user	Finds a Subscriber inside WABB by phone.	1
https://zapier.com/Search/FindByInvNumber	zapier.com.ai	Search	FindByInvNumber	find_by_inv_number	find_by_inv_number	Search for a parsed invoice using the invoice number.	1
https://zapier.com/Search/FindInvoiceByVendorName	zapier.com.ai	Search	FindInvoiceByVendorName	find_invoice_by_vendor_name	find_invoice_by_vendor_name	Retrieve the parsed data for a specific vendor name.	1
https://zapier.com/Search/ListInvoices	zapier.com.ai	Search	ListInvoices	list_invoices	list_invoices	List all invoices parsed.	1
https://zapier.com/Search/ListAttendees	zapier.com.ai	Search	ListAttendees	list_attendees	list_attendees	List attendes from some event	1
https://zapier.com/Search/FindPresetAction	zapier.com.ai	Search	FindPresetAction	find_preset_action	find_preset_action	Find preset in account.	1
https://zapier.com/Search/Assessments	zapier.com.ai	Search	Assessments	assessments	assessments	Search for assessments with filtering by property, type, status, and other criteria.	1
https://zapier.com/Search/AssessmentPdfReport	zapier.com.ai	Search	AssessmentPdfReport	assessment_pdf_report	assessment_pdf_report	Gets an PDF report based on the assessment ID.	1
https://zapier.com/Search/AssessmentReportZipBundle	zapier.com.ai	Search	AssessmentReportZipBundle	assessment_report_zip_bundle	assessment_report_zip_bundle	Gets an assessment report bundle based on assessment ID.	1
https://zapier.com/Search/AssessmentSchedules	zapier.com.ai	Search	AssessmentSchedules	assessment_schedules	assessment_schedules	Search for assessment schedules with filtering by property, type, and status.	1
https://zapier.com/Search/AssessmentTypes	zapier.com.ai	Search	AssessmentTypes	assessment_types	assessment_types	Retrieves all available assessment types from Riskbase.	1
https://zapier.com/Search/FindOrCreateProperty	zapier.com.ai	Search	FindOrCreateProperty	find_or_create_property	find_or_create_property	Finds a property or creates it and returns it if it does not exist using the customReference to search.	1
https://zapier.com/Search/FindOrCreateUser	zapier.com.ai	Search	FindOrCreateUser	find_or_create_user	find_or_create_user	Finds or creates a user based on their email/username.	1
https://zapier.com/Search/Plans	zapier.com.ai	Search	Plans	plans	plans	Finds plans, with the option of filtering by property ID.	1
https://zapier.com/Search/PlanDetails	zapier.com.ai	Search	PlanDetails	plan_details	plan_details	Finds details for a specific plan, including file content, based on its ID.	1
https://zapier.com/Search/Properties	zapier.com.ai	Search	Properties	properties	properties	Search for properties by ID, custom reference, or retrieve all properties with optional filtering.	1
https://zapier.com/Search/PropertyGroups	zapier.com.ai	Search	PropertyGroups	property_groups	property_groups	Gets all property groups, with filtering by different criteria.	1
https://zapier.com/Search/PropertyTeamUsers	zapier.com.ai	Search	PropertyTeamUsers	property_team_users	property_team_users	Finds a Property Team, based on name of the property group.	1
https://zapier.com/Search/PropertyTree	zapier.com.ai	Search	PropertyTree	property_tree	property_tree	Returns all property trees within the organisation.	1
https://zapier.com/Search/RiskbaseUsers	zapier.com.ai	Search	RiskbaseUsers	riskbase_users	riskbase_users	Finds RiskBase users based on their email or ID. A RiskBase user includes those added by the admin dashboard	1
https://zapier.com/Search/ScimGroups	zapier.com.ai	Search	ScimGroups	scim_groups	scim_groups	Finds groups based on their ID or display name, with options for how to sort any results using SCIM.	1
https://zapier.com/Search/ScimUsers	zapier.com.ai	Search	ScimUsers	scim_users	scim_users	Finds users, with options to filter based on their email or ID using SCIM.	1
https://zapier.com/Search/TaskStatuses	zapier.com.ai	Search	TaskStatuses	task_statuses	task_statuses	Gets a list of all task status names.	1
https://zapier.com/Search/WebhookDetails	zapier.com.ai	Search	WebhookDetails	webhook_details	webhook_details	Handles create, update, and delete webhooks from Riskbase and pulls out the affected object based on the type and id provided for a raw webhook response.	1
https://zapier.com/Search/FindOnCallUser	zapier.com.ai	Search	FindOnCallUser	find_on_call_user	find_on_call_user	Find the user on call for a specific schedule.	1
https://zapier.com/Search/FindContactStatus	zapier.com.ai	Search	FindContactStatus	find_contact_status	find_contact_status	Finds a Contact Status in the system	1
https://zapier.com/Search/GetPeerPerMail	zapier.com.ai	Search	GetPeerPerMail	get_peer_per_mail	get_peer_per_mail	Get Peer by a Given E-Mail.	1
https://zapier.com/Search/GetVersion	zapier.com.ai	Search	GetVersion	get_version	get_version	Returns the installed version of Project Monitor.	1
https://zapier.com/Search/QueryDatastore	zapier.com.ai	Search	QueryDatastore	query_datastore	query_datastore	Query one of your datastore (semantic search)	1
https://zapier.com/Search/SearchBooking	zapier.com.ai	Search	SearchBooking	search_booking	search_booking	Searches for a Booking and retrieves Booking details.	1
https://zapier.com/Search/FindStatusDeck	zapier.com.ai	Search	FindStatusDeck	find_status_deck	find_status_deck	Retrieve a list of workflow statuses associated with a specific parsed deck id.	1
https://zapier.com/Search/FindStatusMember	zapier.com.ai	Search	FindStatusMember	find_status_member	find_status_member	Retrieve a list of workflow statuses associated with a specific client investor member id.	1
https://zapier.com/Search/FindWorkflowData	zapier.com.ai	Search	FindWorkflowData	find_workflow_data	find_workflow_data	Retrieve comprehensive data for a startup using parsed_deck_id.	1
https://zapier.com/Search/GetAssessment	zapier.com.ai	Search	GetAssessment	get_assessment	get_assessment	Retrive the assessments into the account	1
https://zapier.com/Search/GetAssessments	zapier.com.ai	Search	GetAssessments	get_assessments	get_assessments	Retrive all the assessments in the account	1
https://zapier.com/Search/GetSkillareas	zapier.com.ai	Search	GetSkillareas	get_skillareas	get_skillareas	Retrieve Skillareas	1
https://zapier.com/Search/GetTest	zapier.com.ai	Search	GetTest	get_test	get_test	Retrive the test into the account	1
https://zapier.com/Search/GetTests	zapier.com.ai	Search	GetTests	get_tests	get_tests	Retrive all the tests in the account	1
https://zapier.com/Search/SearchRecipient	zapier.com.ai	Search	SearchRecipient	search_recipient	search_recipient	Searches a subscriber of your organization.	1
https://zapier.com/Search/Interactionsearch	zapier.com.ai	Search	Interactionsearch	interactionsearch	interactionSearch	Search for interactions	1
https://zapier.com/Search/Rewardrequestsearch	zapier.com.ai	Search	Rewardrequestsearch	rewardrequestsearch	rewardRequestSearch	Search for reward requests	1
https://zapier.com/Search/Rewardsearch	zapier.com.ai	Search	Rewardsearch	rewardsearch	rewardSearch	Search for rewards	1
https://zapier.com/Search/OrgSearch	zapier.com.ai	Search	OrgSearch	org_search	org_search	Returns a collection of Orgs whose name contains the given search term or is an exact match on the to.co org domain. The search is case-insensitive. The results are returned in order of the highest match score by default but you can change this using the sort parameter. The response is paginated. The Org response returns an address if present; the registered address for registered organizations or the default address for non-registered organizations.	1
https://zapier.com/Search/ListChannels	zapier.com.ai	Search	ListChannels	list_channels	list_channels	Returns a list of channels for the authenticated user	1
https://zapier.com/Search/SearchSections	zapier.com.ai	Search	SearchSections	search_sections	search_sections	Finds sections in a selected project.	1
https://zapier.com/Search/CompanyDetails	zapier.com.ai	Search	CompanyDetails	company_details	company_details	Get the details of a company identified by its id.	1
https://zapier.com/Search/CompanySummary	zapier.com.ai	Search	CompanySummary	company_summary	company_summary	Get the consolidated risk score of a company identified by its id.	1
https://zapier.com/Search/Ecosystems	zapier.com.ai	Search	Ecosystems	ecosystems	ecosystems	Get the list of ecosystems.	1
https://zapier.com/Search/SystemTag	zapier.com.ai	Search	SystemTag	system_tag	system_tag	Get the details of a system/focus tag of a company identified by its id. Black Kite created system/focus tags to detect vendors that might be affected due to ongoing incidents. The data included in the response is richer than the one returned by the /api/v2/tags/{tagid} for focus tags.	1
https://zapier.com/Search/TrendFinancial	zapier.com.ai	Search	TrendFinancial	trend_financial	trend_financial	Get monthly financial risk score details of a monitored company for the last year period.	1
https://zapier.com/Search/TrendTechnical	zapier.com.ai	Search	TrendTechnical	trend_technical	trend_technical	Get monthly technical risk score details of a monitored company for the last year period.	1
https://zapier.com/Search/Registration	zapier.com.ai	Search	Registration	registration	registration	Search an event registration	1
https://zapier.com/Search/SfMultipleFieldSearch	zapier.com.ai	Search	SfMultipleFieldSearch	sf_multiple_field_search	SF_multiple_field_search	Return contact data based on the data you have available (e.g. Name, Title/Company, Address/Location, Social profile, Email, Phones)	1
https://zapier.com/Search/SfSocialProfileSearch	zapier.com.ai	Search	SfSocialProfileSearch	sf_social_profile_search	SF_social_profile_search	Search Swordfish using only a social profile URL to get contact data for your profile	1
https://zapier.com/Search/FilterSheet	zapier.com.ai	Search	FilterSheet	filter-sheet	filter-sheet	Get Filtered Rows from a Sheet	1
https://zapier.com/Search/FilterSheetCount	zapier.com.ai	Search	FilterSheetCount	filter-sheet-count	filter-sheet-count	Returns the count of rows matching the filter	1
https://zapier.com/Search/Sheetsearch	zapier.com.ai	Search	Sheetsearch	sheetsearch	sheetSearch	Search for a sheet by owner, name, headers and description. Won't search through the sheet data.	1
https://zapier.com/Search/FindBudget	zapier.com.ai	Search	FindBudget	find_budget	find_budget	Finds a Budget in net2rent	1
https://zapier.com/Search/FindCourseByExternalId	zapier.com.ai	Search	FindCourseByExternalId	find_course_by_external_id	find_course_by_external_id	Find Course By External Id	1
https://zapier.com/Search/FindEventByExternalId	zapier.com.ai	Search	FindEventByExternalId	find_event_by_external_id	find_event_by_external_id	Find Event By External Id	1
https://zapier.com/Search/FindEventSeatByUser	zapier.com.ai	Search	FindEventSeatByUser	find_event_seat_by_user	find_event_seat_by_user	Find Event Seat by User	1
https://zapier.com/Search/FindTemplateByExternalId	zapier.com.ai	Search	FindTemplateByExternalId	find_template_by_external_id	find_template_by_external_id	Find Template by External Id	1
https://zapier.com/Search/GetArloEventSessions	zapier.com.ai	Search	GetArloEventSessions	get_arlo_event_sessions	get_arlo_event_sessions	Get Arlo Event Sessions from Arlo Plataform	1
https://zapier.com/Search/GetCourseEnrollmentsByUser	zapier.com.ai	Search	GetCourseEnrollmentsByUser	get_course_enrollments_by_user	get_course_enrollments_by_user	Get course enrollments by user	1
https://zapier.com/Search/FindTrackingInfo	zapier.com.ai	Search	FindTrackingInfo	find_tracking_info	find_tracking_info	Find tracking info by tracking phrase	1
https://zapier.com/Search/SearchRowIds	zapier.com.ai	Search	SearchRowIds	search_row_ids	search_row_ids	Search Row IDs using any text	1
https://zapier.com/Search/GetInfo	zapier.com.ai	Search	GetInfo	get_info	get_info	Gets information about a scheduling page.	1
https://zapier.com/Search/GetSlots	zapier.com.ai	Search	GetSlots	get_slots	get_slots	Finds available slots for a meeting.	1
https://zapier.com/Search/DiffbotEnhanceOrg	zapier.com.ai	Search	DiffbotEnhanceOrg	diffbot_enhance_org	diffbot_enhance_org	Searches for the organization in the Diffbot Knowledge Graph and returns full firmographic data including descriptions, industries, executives, employee count, and revenue (if publicly available).

All fields are optional. Enhance is more likely to match with more fields provided.	1
https://zapier.com/Search/DiffbotEnhancePerson	zapier.com.ai	Search	DiffbotEnhancePerson	diffbot_enhance_person	diffbot_enhance_person	Searches for the person in the Diffbot Knowledge Graph and returns full profile data including education and employment history, skills, images, and locations (if publicly available).

All fields are optional. Enhance is more likely to match with more fields provided.	1
https://zapier.com/Search/FindBoardMembers	zapier.com.ai	Search	FindBoardMembers	find_board_members	find_board_members	Finds all membership for a board.	1
https://zapier.com/Search/FindCards	zapier.com.ai	Search	FindCards	find_cards	find_cards	Finds all cards in a board	1
https://zapier.com/Search/FindMe	zapier.com.ai	Search	FindMe	find_me	find_me	Finds profile of me.	1
https://zapier.com/Search/SearchAgreements	zapier.com.ai	Search	SearchAgreements	search_agreements	search_agreements	Find agreement by customer ID and/or currency.	1
https://zapier.com/Search/SearchSubscriptions	zapier.com.ai	Search	SearchSubscriptions	search_subscriptions	search_subscriptions	Find subscriptions by customer, agreement, product, or billing scheme. Limited to 10.	1
https://zapier.com/Search/GetAsset	zapier.com.ai	Search	GetAsset	get_asset	get_asset	Finds an Asset.	1
https://zapier.com/Search/Phone	zapier.com.ai	Search	Phone	phone	phone	Get detailed information about a phone number	1
https://zapier.com/Search/PhonePic	zapier.com.ai	Search	PhonePic	phone_pic	phone_pic	Get a profile picture associated with a phone number	1
https://zapier.com/Search/Getrecord	zapier.com.ai	Search	Getrecord	getrecord	getRecord	Gets a record by ID.	1
https://zapier.com/Search/FindRelationship	zapier.com.ai	Search	FindRelationship	find_relationship	find_relationship	Finds a Relationship in Parma	1
https://zapier.com/Search/ActionSearchSubscriber	zapier.com.ai	Search	ActionSearchSubscriber	action_search_subscriber	action_search_subscriber	Return subscriber with his fields based on his mail.	1
https://zapier.com/Search/Contactdirectoriessearch	zapier.com.ai	Search	Contactdirectoriessearch	contactdirectoriessearch	ContactDirectoriesSearch	Finds a contact in a directory	1
https://zapier.com/Search/SearchItemById	zapier.com.ai	Search	SearchItemById	search_item_by_id	search_item_by_id	Find an item by ID.	1
https://zapier.com/Search/SearchUsersById	zapier.com.ai	Search	SearchUsersById	search_users_by_id	search_users_by_id	Find a user by ID.	1
https://zapier.com/Search/Getdata	zapier.com.ai	Search	Getdata	getdata	getData	Get data within your WinMan system.	1
https://zapier.com/Search/FindBroadcastRecipient	zapier.com.ai	Search	FindBroadcastRecipient	find_broadcast_recipient	find_broadcast_recipient	Finds an Broadcast Recipient	1
https://zapier.com/Search/GetDatapoints	zapier.com.ai	Search	GetDatapoints	get_datapoints	get_datapoints	Fetches selected datapoints for a specific project.	1
https://zapier.com/Search/Gettabledata	zapier.com.ai	Search	Gettabledata	gettabledata	getTableData	Lists rows from a specified table.	1
https://zapier.com/Search/Gettables	zapier.com.ai	Search	Gettables	gettables	getTables	Lists tables for a selected project.	1
https://zapier.com/Search/Searchdeals	zapier.com.ai	Search	Searchdeals	searchdeals	searchDeals	Search for deals	1
https://zapier.com/Search/FindDatasets	zapier.com.ai	Search	FindDatasets	find_datasets	find_datasets	Search for datasets with optional filters and pagination.	1
https://zapier.com/Search/FindBoxById	zapier.com.ai	Search	FindBoxById	find_box_by_id	find_box_by_id	Finds a Box by its Id	1
https://zapier.com/Search/FindBoxByName	zapier.com.ai	Search	FindBoxByName	find_box_by_name	find_box_by_name	Finds a Box by its Name	1
https://zapier.com/Search/FindFormById	zapier.com.ai	Search	FindFormById	find_form_by_id	find_form_by_id	Finds a Form by its Id	1
https://zapier.com/Search/FindTransactionById	zapier.com.ai	Search	FindTransactionById	find_transaction_by_id	find_transaction_by_id	Finds a transaction by its Id	1
https://zapier.com/Search/FindTracks	zapier.com.ai	Search	FindTracks	find_tracks	find_tracks	Finds Tracks by the filter	1
https://zapier.com/Search/GetCourseByname	zapier.com.ai	Search	GetCourseByname	get_course_byname	get_course_byname	Retrieves information for a specific course by its name. 	1
https://zapier.com/Search/FindorcreateActivity	zapier.com.ai	Search	FindorcreateActivity	findorcreate_activity	findorcreate_activity	Creates the Activity if it does not already exist	1
https://zapier.com/Search/FindorcreateCompanylead	zapier.com.ai	Search	FindorcreateCompanylead	findorcreate_companylead	findorcreate_companylead	Creates the Company Lead if it does not already exist	1
https://zapier.com/Search/FindorcreateContact	zapier.com.ai	Search	FindorcreateContact	findorcreate_contact	findorcreate_contact	Creates the Contact if it does not already exist	1
https://zapier.com/Search/Getconversations	zapier.com.ai	Search	Getconversations	getconversations	getConversations	Get the conversations history of the given chatbot.	1
https://zapier.com/Search/Getleads	zapier.com.ai	Search	Getleads	getleads	getLeads	Get the collected leads of the given chatbot.	1
https://zapier.com/Search/GetActivitiesByClaimId	zapier.com.ai	Search	GetActivitiesByClaimId	get_activities_by_claim_id	get_activities_by_claim_id	Get Claim Activities by Claim Id	1
https://zapier.com/Search/GetActivitiesByContactId	zapier.com.ai	Search	GetActivitiesByContactId	get_activities_by_contact_id	get_activities_by_contact_id	Get Case Activities by Contact Id	1
https://zapier.com/Search/GetActivityById	zapier.com.ai	Search	GetActivityById	get_activity_by_id	get_activity_by_id	Get Activity by Id	1
https://zapier.com/Search/GetActivityFilesUrls	zapier.com.ai	Search	GetActivityFilesUrls	get_activity_files_urls	get_activity_files_urls	Returns file urls to call with Casefunnel's 'Download File' action followed by a 'Looping by Zapier' action.	1
https://zapier.com/Search/GetCaseAttributes	zapier.com.ai	Search	GetCaseAttributes	get_case_attributes	get_case_attributes	Get Case Attributes	1
https://zapier.com/Search/GetClaimsByContact	zapier.com.ai	Search	GetClaimsByContact	get_claims_by_contact	get_claims_by_contact	Get Claims by Contact	1
https://zapier.com/Search/GetClaimAttributes	zapier.com.ai	Search	GetClaimAttributes	get_claim_attributes	get_claim_attributes	Get Claim Attributes	1
https://zapier.com/Search/GetClaimById	zapier.com.ai	Search	GetClaimById	get_claim_by_id	get_claim_by_id	Get Claim by Id	1
https://zapier.com/Search/GetClaimFilesUrls	zapier.com.ai	Search	GetClaimFilesUrls	get_claim_files_urls	get_claim_files_urls	Returns file urls to call with Casefunnel's 'Download File' action followed by a 'Looping by Zapier' action.	1
https://zapier.com/Search/GetClaimGroupById	zapier.com.ai	Search	GetClaimGroupById	get_claim_group_by_id	get_claim_group_by_id	Get Claim Group by Id	1
https://zapier.com/Search/GetClaimIdsByClaimGroupId	zapier.com.ai	Search	GetClaimIdsByClaimGroupId	get_claim_ids_by_claim_group_id	get_claim_ids_by_claim_group_id	Get Claim Ids by Claim Group Id	1
https://zapier.com/Search/GetContactAttributes	zapier.com.ai	Search	GetContactAttributes	get_contact_attributes	get_contact_attributes	Get Contact Attributes	1
https://zapier.com/Search/GetTestimonial	zapier.com.ai	Search	GetTestimonial	get_testimonial	get_testimonial	Find testimonial by id from the system.	1
https://zapier.com/Search/SearchWorkOrders	zapier.com.ai	Search	SearchWorkOrders	search_work_orders	search_work_orders	Finds work orders by status, last updated date, and/or paginate through results.	1
https://zapier.com/Search/FindTopic	zapier.com.ai	Search	FindTopic	find_topic	find_topic	Finds an existing topic.	1
https://zapier.com/Search/Inspectiontemplatestatuslabels	zapier.com.ai	Search	Inspectiontemplatestatuslabels	inspectiontemplatestatuslabels	inspectionTemplateStatusLabels	Get list of status labels defined on inspection template	1
https://zapier.com/Search/Inspectiontemplatetags	zapier.com.ai	Search	Inspectiontemplatetags	inspectiontemplatetags	inspectionTemplateTags	Get list of categories defined on inspection template	1
https://zapier.com/Search/Projectregistrationdrawings	zapier.com.ai	Search	Projectregistrationdrawings	projectregistrationdrawings	projectRegistrationDrawings	Get list of registration drawings defined on project	1
https://zapier.com/Search/FindCardtype	zapier.com.ai	Search	FindCardtype	find_cardtype	find_cardtype	Finds a card type on the selected SwiftKanban board.	1
https://zapier.com/Search/FindCardById	zapier.com.ai	Search	FindCardById	find_card_by_id	find_card_by_id	Finds a card using the card ID in your SwiftKanban board.	1
https://zapier.com/Search/FindCardByName	zapier.com.ai	Search	FindCardByName	find_card_by_name	find_card_by_name	Finds a card using the card name on the selected SwiftKanban board.	1
https://zapier.com/Search/GetBill	zapier.com.ai	Search	GetBill	get_bill	get_bill	Get a bill information	1
https://zapier.com/Search/FindFreePersonalSlot	zapier.com.ai	Search	FindFreePersonalSlot	find_free_personal_slot	find_free_personal_slot	Find the next vacant slot of personal session.	1
https://zapier.com/Search/FindNextFreeClass	zapier.com.ai	Search	FindNextFreeClass	find_next_free_class	find_next_free_class	Find the next class with vacant spot.	1
https://zapier.com/Search/GetClassBooking	zapier.com.ai	Search	GetClassBooking	get_class_booking	get_class_booking	Returns the class booking with the given identifier.	1
https://zapier.com/Search/GetClassBookings	zapier.com.ai	Search	GetClassBookings	get_class_bookings	get_class_bookings	Returns the most upcoming class booking for the given search criteria.	1
https://zapier.com/Search/GetPersonalBooking	zapier.com.ai	Search	GetPersonalBooking	get_personal_booking	get_personal_booking	Returns the personal booking matching the given identifier.	1
https://zapier.com/Search/GetPersonalBookings	zapier.com.ai	Search	GetPersonalBookings	get_personal_bookings	get_personal_bookings	Returns the most upcoming personal booking for the given search criteria.	1
https://zapier.com/Search/GetLeadByPhone	zapier.com.ai	Search	GetLeadByPhone	get_lead_by_phone	get_lead_by_phone	Look up lead data using phone number.	1
https://zapier.com/Search/GetContactDetails	zapier.com.ai	Search	GetContactDetails	get_contact_details	get_contact_details	Find a contact based on the Email Address in order to return all the Contact details.	1
https://zapier.com/Search/GetAccounts	zapier.com.ai	Search	GetAccounts	get_accounts	get_accounts	Returns inventoried accounts.	1
https://zapier.com/Search/GetAccountDetails	zapier.com.ai	Search	GetAccountDetails	get_account_details	get_account_details	Returns inventoried account Detail of selected Id.	1
https://zapier.com/Search/GetHardware	zapier.com.ai	Search	GetHardware	get_hardware	get_hardware	Returns inventoried hardware.	1
https://zapier.com/Search/GetHardwareDetails	zapier.com.ai	Search	GetHardwareDetails	get_hardware_details	get_hardware_details	Returns inventoried hardware Detail of selected Id.	1
https://zapier.com/Search/GetNetworks	zapier.com.ai	Search	GetNetworks	get_networks	get_networks	Returns inventoried network.	1
https://zapier.com/Search/GetNetworkDetails	zapier.com.ai	Search	GetNetworkDetails	get_network_details	get_network_details	Returns inventoried network Detail of selected Id.	1
https://zapier.com/Search/GetSegmentDetails	zapier.com.ai	Search	GetSegmentDetails	get_segment_details	get_segment_details	Returns inventoried Segment Detail of selected Id.	1
https://zapier.com/Search/GetServiceDetails	zapier.com.ai	Search	GetServiceDetails	get_service_details	get_service_details	Returns inventoried Services Detail of selected Id.	1
https://zapier.com/Search/GetSoftware	zapier.com.ai	Search	GetSoftware	get_software	get_software	Returns inventoried Software.	1
https://zapier.com/Search/GetSoftwareDetails	zapier.com.ai	Search	GetSoftwareDetails	get_software_details	get_software_details	Returns inventoried Software Detail of selected Id.	1
https://zapier.com/Search/GetSystems	zapier.com.ai	Search	GetSystems	get_systems	get_systems	Returns inventoried Systems.	1
https://zapier.com/Search/GetSystemDetails	zapier.com.ai	Search	GetSystemDetails	get_system_details	get_system_details	Returns inventoried System Detail of selected Id.	1
https://zapier.com/Search/GetAgent	zapier.com.ai	Search	GetAgent	get_agent	get_agent	Retrieve informations about an agent given its ID	1
https://zapier.com/Search/GetAreasOfService	zapier.com.ai	Search	GetAreasOfService	get_areas_of_service	get_areas_of_service	Retrieve the list of areas of services configured on the platform	1
https://zapier.com/Search/GetAvailabilities	zapier.com.ai	Search	GetAvailabilities	get_availabilities	get_availabilities	Retrieve the list of services availabilities	1
https://zapier.com/Search/GetClients	zapier.com.ai	Search	GetClients	get_clients	get_clients	Retrieve a list of clients on your platform	1
https://zapier.com/Search/GetInfos	zapier.com.ai	Search	GetInfos	get_infos	get_infos	Retrieve informations about the platform	1
https://zapier.com/Search/GetInvoices	zapier.com.ai	Search	GetInvoices	get_invoices	get_invoices	Retrieve a list of invoices	1
https://zapier.com/Search/GetMissions	zapier.com.ai	Search	GetMissions	get_missions	get_missions	Retrieve a list of missions from search criterias	1
https://zapier.com/Search/GetMissionsByRef	zapier.com.ai	Search	GetMissionsByRef	get_missions_by_ref	get_missions_by_ref	Retrieve informations about some missions given their ref	1
https://zapier.com/Search/GetStatuses	zapier.com.ai	Search	GetStatuses	get_statuses	get_statuses	Retrieve the list of missions' possible statuses	1
https://zapier.com/Search/GetVehicleTypes	zapier.com.ai	Search	GetVehicleTypes	get_vehicle_types	get_vehicle_types	Retrieve the list of platform vehicle types	1
https://zapier.com/Search/IsHandledAddress	zapier.com.ai	Search	IsHandledAddress	is_handled_address	is_handled_address	Check if platform is able to create a mission for a given address at a given time	1
https://zapier.com/Search/FindUserProfile	zapier.com.ai	Search	FindUserProfile	find_user_profile	find_user_profile	Find User information by exact match Email.	1
https://zapier.com/Search/ConvertUpcOrEanToAsins	zapier.com.ai	Search	ConvertUpcOrEanToAsins	convert_upc_or_ean_to_asins	convert_upc_or_ean_to_asins	Get ASINs by UPC or EAN	1
https://zapier.com/Search/GetProductIdentifiers	zapier.com.ai	Search	GetProductIdentifiers	get_product_identifiers	get_product_identifiers	Get product identifiers (UPC, EAN, etc.) by ASIN	1
https://zapier.com/Search/Readbouncelistsearch	zapier.com.ai	Search	Readbouncelistsearch	readbouncelistsearch	ReadBounceListSearch	This action reads all bounces for the provided distributors.	1
https://zapier.com/Search/Readdistributorlistsearch	zapier.com.ai	Search	Readdistributorlistsearch	readdistributorlistsearch	ReadDistributorListSearch	This action reads all distributors for the provided conditions.	1
https://zapier.com/Search/Readinterview	zapier.com.ai	Search	Readinterview	readinterview	ReadInterview	Reads interviews of a survey.	1
https://zapier.com/Search/Readinterviewsearch	zapier.com.ai	Search	Readinterviewsearch	readinterviewsearch	ReadInterviewSearch	Reads the answers of an Interview.	1
https://zapier.com/Search/Readmemberlistsearch	zapier.com.ai	Search	Readmemberlistsearch	readmemberlistsearch	ReadMemberListSearch	Reads members of a sample of panel.	1
https://zapier.com/Search/Readmessagetemplatelistsearch	zapier.com.ai	Search	Readmessagetemplatelistsearch	readmessagetemplatelistsearch	ReadMessageTemplateListSearch	This action reads all message templates for the provided workspace.	1
https://zapier.com/Search/Readoptoutlistsearch	zapier.com.ai	Search	Readoptoutlistsearch	readoptoutlistsearch	ReadOptOutListSearch	This action reads all Opt-Outs for the provided workspace or sample/panel.	1
https://zapier.com/Search/Readsamplingprojectlistsearch	zapier.com.ai	Search	Readsamplingprojectlistsearch	readsamplingprojectlistsearch	ReadSamplingProjectListSearch	Reads the available sampling projects.	1
https://zapier.com/Search/Readsurveylinkssearch	zapier.com.ai	Search	Readsurveylinkssearch	readsurveylinkssearch	ReadSurveyLinksSearch	Reads anonymous links of a survey.	1
https://zapier.com/Search/Readsurveylistsearch	zapier.com.ai	Search	Readsurveylistsearch	readsurveylistsearch	ReadSurveyListSearch	Reads the list of surveys for the provided workspace.	1
https://zapier.com/Search/Readworkflowtransitionssearch	zapier.com.ai	Search	Readworkflowtransitionssearch	readworkflowtransitionssearch	ReadWorkflowTransitionsSearch	This action reads the possible workflow transitions for the current state.	1
https://zapier.com/Search/Readworkspacelistsearch	zapier.com.ai	Search	Readworkspacelistsearch	readworkspacelistsearch	ReadWorkspaceListSearch	Reads the list of workspaces.	1
https://zapier.com/Search/Asset	zapier.com.ai	Search	Asset	asset	asset	Obtain information about an Asset from its unique UUID	1
https://zapier.com/Search/Getallorders	zapier.com.ai	Search	Getallorders	getallorders	getAllOrders	Retrieve a list of all orders in your account	1
https://zapier.com/Search/Getorderdetails	zapier.com.ai	Search	Getorderdetails	getorderdetails	getOrderDetails	Get the details of a specific order	1
https://zapier.com/Search/Getorders	zapier.com.ai	Search	Getorders	getorders	getOrders	Retrieve orders in a period of time	1
https://zapier.com/Search/SearchLeadAccountnumber	zapier.com.ai	Search	SearchLeadAccountnumber	search_lead_accountnumber	search_lead_accountnumber	Finds a lead (including their account number).	1
https://zapier.com/Search/SearchSubscriberAccountnumber	zapier.com.ai	Search	SearchSubscriberAccountnumber	search_subscriber_accountnumber	search_subscriber_accountnumber	Finds a subscriber (including their account number).	1
https://zapier.com/Search/ChannelsList	zapier.com.ai	Search	ChannelsList	channels_list	channels_list	Allows fetching all channels configured in the platform.	1
https://zapier.com/Search/ContactGet	zapier.com.ai	Search	ContactGet	contact_get	contact_get	Allows querying the data of a contact in the account.	1
https://zapier.com/Search/GroupsList	zapier.com.ai	Search	GroupsList	groups_list	groups_list	Allows fetching all agent teams configured in the platform.	1
https://zapier.com/Search/UserGet	zapier.com.ai	Search	UserGet	user_get	user_get	Allows querying the data of a user in the account.	1
https://zapier.com/Search/WabaTemplates	zapier.com.ai	Search	WabaTemplates	waba_templates	waba_templates	Allows obtaining the data of the templates from a WABA channel.	1
https://zapier.com/Search/AuthenticationObjectsearch	zapier.com.ai	Search	AuthenticationObjectsearch	authentication_objectsearch	authentication_objectSearch	Search for an authentication object by a filter.	1
https://zapier.com/Search/ContentObjectsearch	zapier.com.ai	Search	ContentObjectsearch	content_objectsearch	content_objectSearch	Search for a content object by a filter.	1
https://zapier.com/Search/Elementsearch	zapier.com.ai	Search	Elementsearch	elementsearch	elementSearch	Search for an element by a filter.	1
https://zapier.com/Search/Searchattachment	zapier.com.ai	Search	Searchattachment	searchattachment	searchAttachment	Search attachment by id	1
https://zapier.com/Search/FineContact	zapier.com.ai	Search	FineContact	fine_contact	fine_contact	Finds a Contact in CaseLocker	1
https://zapier.com/Search/Boardlabels	zapier.com.ai	Search	Boardlabels	boardlabels	boardLabels	Get labels available on Board.	1
https://zapier.com/Search/Cards	zapier.com.ai	Search	Cards	cards	cards	Search cards by given criteria.	1
https://zapier.com/Search/FindContractorByQuery	zapier.com.ai	Search	FindContractorByQuery	find_contractor_by_query	find_contractor_by_query	FInd contractor by name or his requisites	1
https://zapier.com/Search/FindContractorRequisites	zapier.com.ai	Search	FindContractorRequisites	find_contractor_requisites	find_contractor_requisites	Finds a Requisites that blongs to a Contractor	1
https://zapier.com/Search/FindTransactionByQuery	zapier.com.ai	Search	FindTransactionByQuery	find_transaction_by_query	find_transaction_by_query	Find transaction by contractor name, account name, details or sum	1
https://zapier.com/Search/FindProspectDetails	zapier.com.ai	Search	FindProspectDetails	find_prospect_details	find_prospect_details	Find prospect details by email address.	1
https://zapier.com/Search/Listactivities	zapier.com.ai	Search	Listactivities	listactivities	listActivities	Search for one Activity.	1
https://zapier.com/Search/Listassessmentroles	zapier.com.ai	Search	Listassessmentroles	listassessmentroles	listAssessmentRoles	Search for one Assessment Role.	1
https://zapier.com/Search/Listassessments	zapier.com.ai	Search	Listassessments	listassessments	listAssessments	Search for one Assessment.	1
https://zapier.com/Search/Listassessmenttemplates	zapier.com.ai	Search	Listassessmenttemplates	listassessmenttemplates	listAssessmentTemplates	Search for one Assessment Template.	1
https://zapier.com/Search/Listfindingevents	zapier.com.ai	Search	Listfindingevents	listfindingevents	listFindingEvents	Search for one Finding Event.	1
https://zapier.com/Search/Listfindinglayouts	zapier.com.ai	Search	Listfindinglayouts	listfindinglayouts	listFindingLayouts	Search for one Finding Layout.	1
https://zapier.com/Search/Listfindings	zapier.com.ai	Search	Listfindings	listfindings	listFindings	Search for one Finding.	1
https://zapier.com/Search/Listfindingtemplates	zapier.com.ai	Search	Listfindingtemplates	listfindingtemplates	listFindingTemplates	Search for one Finding Template.	1
https://zapier.com/Search/Listglobalroles	zapier.com.ai	Search	Listglobalroles	listglobalroles	listGlobalRoles	Search for one Global Role.	1
https://zapier.com/Search/Listlanguages	zapier.com.ai	Search	Listlanguages	listlanguages	listLanguages	Search for one Language.	1
https://zapier.com/Search/Listoutputfiles	zapier.com.ai	Search	Listoutputfiles	listoutputfiles	listOutputFiles	Search for one Output File.	1
https://zapier.com/Search/Listtargets	zapier.com.ai	Search	Listtargets	listtargets	listTargets	Search for one Target.	1
https://zapier.com/Search/Listtasks	zapier.com.ai	Search	Listtasks	listtasks	listTasks	Search for one Task.	1
https://zapier.com/Search/Listtasksets	zapier.com.ai	Search	Listtasksets	listtasksets	listTaskSets	Search for one Task Set.	1
https://zapier.com/Search/Listthemes	zapier.com.ai	Search	Listthemes	listthemes	listThemes	Search for one Theme.	1
https://zapier.com/Search/Listtoolfindings	zapier.com.ai	Search	Listtoolfindings	listtoolfindings	listToolFindings	Search for one Tool Finding.	1
https://zapier.com/Search/Listtooltargets	zapier.com.ai	Search	Listtooltargets	listtooltargets	listToolTargets	Search for one Tool Target.	1
https://zapier.com/Search/Listusergroups	zapier.com.ai	Search	Listusergroups	listusergroups	listUserGroups	Search for one User Group.	1
https://zapier.com/Search/Listusers	zapier.com.ai	Search	Listusers	listusers	listUsers	Search for one User.	1
https://zapier.com/Search/SearchCandidates	zapier.com.ai	Search	SearchCandidates	search_candidates	Search_candidates	Search one or many Candidates	1
https://zapier.com/Search/Getdocfacts	zapier.com.ai	Search	Getdocfacts	getdocfacts	getdocfacts	Gets all facts on a document in ThoughtTrace.	1
https://zapier.com/Search/Getdoctags	zapier.com.ai	Search	Getdoctags	getdoctags	getdoctags	Gets all tags on a document in ThoughtTrace.	1
https://zapier.com/Search/Getdocthoughts	zapier.com.ai	Search	Getdocthoughts	getdocthoughts	getdocthoughts	Gets all thoughts on a document in ThoughtTrace.	1
https://zapier.com/Search/ObtenerInformacion	zapier.com.ai	Search	ObtenerInformacion	obtener_informacion	obtener_informacion	Get all the information of a contact that is in your account.	1
https://zapier.com/Search/G4cSearchCourse	zapier.com.ai	Search	G4cSearchCourse	g4c_search_course	g4c_search_course	Finds a course in the academy	1
https://zapier.com/Search/Stakeholdersearch	zapier.com.ai	Search	Stakeholdersearch	stakeholdersearch	stakeholderSearch	Finds an existing stakeholder by name.	1
https://zapier.com/Search/FindTypicalResponse	zapier.com.ai	Search	FindTypicalResponse	find_typical_response	find_typical_response	Finds a typical response resource.	1
https://zapier.com/Search/RetrieveTags	zapier.com.ai	Search	RetrieveTags	retrieve_tags	retrieve_tags	Retrieves all tags resources.	1
https://zapier.com/Search/RetrieveTickets	zapier.com.ai	Search	RetrieveTickets	retrieve_tickets	retrieve_tickets	Retrieves all tickets resources.	1
https://zapier.com/Search/RetrieveTypicalResponses	zapier.com.ai	Search	RetrieveTypicalResponses	retrieve_typical_responses	retrieve_typical_responses	Retrieves all typical responses resources.	1
https://zapier.com/Search/UpdateTag	zapier.com.ai	Search	UpdateTag	update_tag	update_tag	Updates the tag resource.	1
https://zapier.com/Search/UpdateTicket	zapier.com.ai	Search	UpdateTicket	update_ticket	update_ticket	Updates the ticket resource.	1
https://zapier.com/Search/UpdateTypicalResponse	zapier.com.ai	Search	UpdateTypicalResponse	update_typical_response	update_typical_response	Updates the typical response resource.	1
https://zapier.com/Search/GetEnrichCrmData	zapier.com.ai	Search	GetEnrichCrmData	get_enrich_crm_data	Get_Enrich_CRM_Data	Enrich-CRM fetches firmographic, technical, and financial data for a specified company.	1
https://zapier.com/Search/SharereviewUrlssearch	zapier.com.ai	Search	SharereviewUrlssearch	sharereview_urlssearch	sharereview_urlsSearch	Search for a Review Url by project and file.	1
https://zapier.com/Search/Taskssearch	zapier.com.ai	Search	Taskssearch	taskssearch	tasksSearch	Finds a tasks by searching.	1
https://zapier.com/Search/Guidesearch	zapier.com.ai	Search	Guidesearch	guidesearch	guideSearch	Finds a guide	1
https://zapier.com/Search/GetCallHistoryItemById	zapier.com.ai	Search	GetCallHistoryItemById	get_call_history_item_by_id	get_call_history_item_by_id	Retreive call history item by ID	1
https://zapier.com/Search/GetCallRecords	zapier.com.ai	Search	GetCallRecords	get_call_records	get_call_records	Retreive Call recording data by recording ID.	1
https://zapier.com/Search/GetGroupById	zapier.com.ai	Search	GetGroupById	get_group_by_id	get_group_by_id	Retreive Employee group data.	1
https://zapier.com/Search/GetVoicemailById	zapier.com.ai	Search	GetVoicemailById	get_voicemail_by_id	get_voicemail_by_id	Retreive Voicemail message by ID.	1
https://zapier.com/Search/GetStatus	zapier.com.ai	Search	GetStatus	get_status	get_status	Search for the status and progress of a lead magnet generation job	1
https://zapier.com/Search/BinLookup	zapier.com.ai	Search	BinLookup	bin_lookup	bin_lookup	Fetches the details of a Bank Identification Number.	1
https://zapier.com/Search/EmailValidation	zapier.com.ai	Search	EmailValidation	email_validation	email_validation	Checks if email is considered as Spam/Fake.	1
https://zapier.com/Search/PhoneValidation	zapier.com.ai	Search	PhoneValidation	phone_validation	phone_validation	Validates a given phone number.	1
https://zapier.com/Search/ProfanityDetection	zapier.com.ai	Search	ProfanityDetection	profanity_detection	profanity_detection	Detects profanity in a given text.	1
https://zapier.com/Search/FindResults	zapier.com.ai	Search	FindResults	find_results	find_results	Finds recent Test Results	1
https://zapier.com/Search/GetTestResults	zapier.com.ai	Search	GetTestResults	get_test_results	get_test_results	Gets the Test Result details	1
https://zapier.com/Search/RandomLocations	zapier.com.ai	Search	RandomLocations	random_locations	random_locations	Returns a set of 1-9 random Location names	1
https://zapier.com/Search/TicketIdentifiersearch	zapier.com.ai	Search	TicketIdentifiersearch	ticket_identifiersearch	ticket_identifierSearch	Find existing ticket in your environment.	1
https://zapier.com/Search/CompanyUser	zapier.com.ai	Search	CompanyUser	company_user	company_user	Finds company users based on criteria.	1
https://zapier.com/Search/Field	zapier.com.ai	Search	Field	field	field	Finds fields based on criteria.	1
https://zapier.com/Search/FormSubmission	zapier.com.ai	Search	FormSubmission	form_submission	form_submission	Finds form submissions based on criteria.	1
https://zapier.com/Search/Space	zapier.com.ai	Search	Space	space	space	Finds spaces based on criteria.	1
https://zapier.com/Search/TaskStatus	zapier.com.ai	Search	TaskStatus	task_status	task_status	Finds task statuses based on criteria.	1
https://zapier.com/Search/TaskType	zapier.com.ai	Search	TaskType	task_type	task_type	Finds task types based on criteria.	1
https://zapier.com/Search/History	zapier.com.ai	Search	History	history	history	Retrieves detailed vehicle history using a VIN, including past ownership, accidents, title records, and other important events.	1
https://zapier.com/Search/Images	zapier.com.ai	Search	Images	images	images	Retrieves high-quality vehicle images by make, model, year, and more. Supports filters like color and background transparency. Attribute values are case-sensitive (e.g., license=Public).	1
https://zapier.com/Search/Internationalvindecoderapi	zapier.com.ai	Search	Internationalvindecoderapi	internationalvindecoderapi	internationalvindecoderapi	Retrieves vehicle details like VIN, make, model, and year using a global VIN database. Useful for getting accurate, up-to-date data.	1
https://zapier.com/Search/Marketvalue	zapier.com.ai	Search	Marketvalue	marketvalue	marketvalue	Retrieves the current market value of a vehicle based on its VIN, helping you assess pricing for sales, loans, or insurance.	1
https://zapier.com/Search/Obdcodesdecoder	zapier.com.ai	Search	Obdcodesdecoder	obdcodesdecoder	obdcodesdecoder	Decode OBD trouble codes and retrieve detailed vehicle diagnostics. This API provides access to a library of over 3,000 codes for quick and accurate fault identification.	1
https://zapier.com/Search/Platedecoder	zapier.com.ai	Search	Platedecoder	platedecoder	platedecoder	Decodes a vehicle license plate to retrieve detailed information such as VIN, make, model, year, and more.	1
https://zapier.com/Search/Plateimagerecognition	zapier.com.ai	Search	Plateimagerecognition	plateimagerecognition	plateimagerecognition	High-accuracy, fast ALPR software via API Cloud for retrieving vehicle license plates or registration numbers from images.	1
https://zapier.com/Search/Recalls	zapier.com.ai	Search	Recalls	recalls	recalls	Retrieve Vehicle Recall information using a VIN (vehicle identification number).	1
https://zapier.com/Search/Specs	zapier.com.ai	Search	Specs	specs	specs	Gets the specifications of a vehicle are requested with a VIN (vehicle identification number).	1
https://zapier.com/Search/Vinocr	zapier.com.ai	Search	Vinocr	vinocr	vinocr	Extract a vehicle's VIN from an image using OCR. Provide an image URL or base64 string to automatically detect and retrieve the VIN for verification or data processing.	1
https://zapier.com/Search/Ymm	zapier.com.ai	Search	Ymm	ymm	ymm	Retrieve detailed vehicle information by specifying the year, make, and model. This API provides comprehensive specs, trims, and features—even without a VIN.	1
https://zapier.com/Search/GetBooking	zapier.com.ai	Search	GetBooking	get_booking	get_booking	Get booking details by ID.	1
https://zapier.com/Search/SearchManager	zapier.com.ai	Search	SearchManager	search_manager	search_manager	Finds a Manager by keywords like- name, email etc	1
https://zapier.com/Search/ConfigurePass	zapier.com.ai	Search	ConfigurePass	configure_pass	configure_pass	Fetches a list of passes and allows users to configure a pass for future use.	1
https://zapier.com/Search/FindAssessmentInvitation	zapier.com.ai	Search	FindAssessmentInvitation	find_assessment_invitation	find_assessment_invitation	Finds an existing assessment invitation. Will also return the assessment result if the assessment has been started already.	1
https://zapier.com/Search/GetJourneysByReferenceNo	zapier.com.ai	Search	GetJourneysByReferenceNo	get_journeys_by_reference_no	get_journeys_by_reference_no	Get Journeys by Reference Number (or user id)	1
https://zapier.com/Search/GetJourneyOptions	zapier.com.ai	Search	GetJourneyOptions	get_journey_options	get_journey_options	Gets full journey details	1
https://zapier.com/Search/PerformAndReturnAmlCheck	zapier.com.ai	Search	PerformAndReturnAmlCheck	perform_and_return_aml_check	perform_and_return_aml_check	Using the applicant's biographic details, perform an AML check and waits for the results and returns it in one call (no need for an extra trigger).	1
https://zapier.com/Search/FindNauticalOrder	zapier.com.ai	Search	FindNauticalOrder	find_nautical_order	find_nautical_order	Finds a Marketplace Order (MPO) by ID	1
https://zapier.com/Search/FindNauticalOrderByNumber	zapier.com.ai	Search	FindNauticalOrderByNumber	find_nautical_order_by_number	find_nautical_order_by_number	Finds a Marketplace Order (MPO) by Order Number	1
https://zapier.com/Search/FindStocks	zapier.com.ai	Search	FindStocks	find_stocks	find_stocks	Finds Stocks in the marketplace	1
https://zapier.com/Search/FindVariant	zapier.com.ai	Search	FindVariant	find_variant	find_variant	Finds a Variant in the marketplace	1
https://zapier.com/Search/FindVariants	zapier.com.ai	Search	FindVariants	find_variants	find_variants	Find Variants in the marketplace	1
https://zapier.com/Search/SearchWorkflow	zapier.com.ai	Search	SearchWorkflow	search_workflow	search_workflow	Find a specific workflow.	1
https://zapier.com/Search/FindBookingPerformances	zapier.com.ai	Search	FindBookingPerformances	find_booking_performances	find_booking_performances	Fetch all performances linked to a specific booking.	1
https://zapier.com/Search/Queuesearch	zapier.com.ai	Search	Queuesearch	queuesearch	queueSearch	Finds a business call queue.	1
https://zapier.com/Search/FindRegistration	zapier.com.ai	Search	FindRegistration	find_registration	find_registration	Find a registration for an event.	1
https://zapier.com/Search/GetActivityNotes	zapier.com.ai	Search	GetActivityNotes	get_activity_notes	get_activity_notes	Get notes for an activity by activity Id.	1
https://zapier.com/Search/GetCaseNotes	zapier.com.ai	Search	GetCaseNotes	get_case_notes	get_case_notes	Get notes for a case by Case Id.	1
https://zapier.com/Search/GetCustomerNotes	zapier.com.ai	Search	GetCustomerNotes	get_customer_notes	get_customer_notes	Get notes for a customer by customer Id.	1
https://zapier.com/Search/GetApiResponse	zapier.com.ai	Search	GetApiResponse	get_api_response	get_api_response	Provide an API url to get the API response.	1
https://zapier.com/Search/GetDocumentFileOriginal	zapier.com.ai	Search	GetDocumentFileOriginal	get_document_file_original	get_document_file_original	Downloads a copy of the document file posted to Data Inbox in its original format.	1
https://zapier.com/Search/GetDocumentFilePdf	zapier.com.ai	Search	GetDocumentFilePdf	get_document_file_pdf	get_document_file_pdf	Downloads a copy of the document file posted to Data Inbox in a converted PDF format.	1
https://zapier.com/Search/GetRecordFieldData	zapier.com.ai	Search	GetRecordFieldData	get_record_field_data	get_record_field_data	Pass in a record UUID to get an object containing underlying field data	1
https://zapier.com/Search/GetRecordFieldNames	zapier.com.ai	Search	GetRecordFieldNames	get_record_field_names	get_record_field_names	Pass in a record UUID to get a list of field names	1
https://zapier.com/Search/GetRecordingUrl	zapier.com.ai	Search	GetRecordingUrl	get_recording_url	get_recording_url	Get a presigned recording URL valid for 1 hour.	1
https://zapier.com/Search/ContactEnrichmentsearch	zapier.com.ai	Search	ContactEnrichmentsearch	contact_enrichmentsearch	contact_enrichmentSearch	Enriches a given contact with upcell mobile	1
https://zapier.com/Search/SocialUrlEnrichmentsearch	zapier.com.ai	Search	SocialUrlEnrichmentsearch	social_url_enrichmentsearch	social_url_enrichmentSearch	Enriches a given contact with social URL	1
https://zapier.com/Search/GetAnswers	zapier.com.ai	Search	GetAnswers	get_answers	get_answers	Returns the Answers of a Flow ID	1
https://zapier.com/Search/SearchWorkorderCategory	zapier.com.ai	Search	SearchWorkorderCategory	search_workorder_category	search_workorder_category	Finds a workorder category.	1
https://zapier.com/Search/GetBusiness	zapier.com.ai	Search	GetBusiness	get_business	get_business	Retrieves business details.	1
https://zapier.com/Search/GetHire	zapier.com.ai	Search	GetHire	get_hire	get_hire	Retrieves hire details	1
https://zapier.com/Search/GetTerm	zapier.com.ai	Search	GetTerm	get_term	get_term	Gets the termination details	1
https://zapier.com/Search/GetAyah	zapier.com.ai	Search	GetAyah	get_ayah	get_ayah	Get an Ayah of the Qur'an	1
https://zapier.com/Search/GetAyahAudio	zapier.com.ai	Search	GetAyahAudio	get_ayah_audio	get_ayah_audio	Get the Audio of an Ayah in the Qur'an	1
https://zapier.com/Search/GetAyahImageSearch	zapier.com.ai	Search	GetAyahImageSearch	get_ayah_image_search	get_ayah_image_search	Get the Image of an Ayah in the Qur'an	1
https://zapier.com/Search/SearchText	zapier.com.ai	Search	SearchText	search_text	search_text	Searches the text of the Qur'an	1
https://zapier.com/Search/PrequalResults	zapier.com.ai	Search	PrequalResults	prequal_results	prequal_results	Get the results of a previously ran prequal application.	1
https://zapier.com/Search/ReadAnalytics	zapier.com.ai	Search	ReadAnalytics	read_analytics	read_analytics	Read the analytics of your Pxl organization	1
https://zapier.com/Search/ReadShort	zapier.com.ai	Search	ReadShort	read_short	read_short	Receive all data of a specific short link. This short link must already exist in your organization.	1
https://zapier.com/Search/SearchShort	zapier.com.ai	Search	SearchShort	search_short	Search_short	Get a list of all short links associated with your organization	1
https://zapier.com/Search/FindRender	zapier.com.ai	Search	FindRender	find_render	find_render	Find a specific render based on UID.	1
https://zapier.com/Search/FindAssetInLibraryByName	zapier.com.ai	Search	FindAssetInLibraryByName	find_asset_in_library_by_name	find_asset_in_library_by_name	This endpoint provides a specific asset by asset name.	1
https://zapier.com/Search/FindSceneInLibraryByName	zapier.com.ai	Search	FindSceneInLibraryByName	find_scene_in_library_by_name	find_scene_in_library_by_name	Find a single scene from the Topia Scenes or My Scenes library. You can search scenes in Topia by clicking Library > Topia Scenes or Library > My Scenes.	1
https://zapier.com/Search/GetInformationForASpecificDroppedAsset	zapier.com.ai	Search	GetInformationForASpecificDroppedAsset	get_information_for_a_specific_dropped_asset	get_information_for_a_specific_dropped_asset	Retrieve a single asset in a world you own by searching for the asset's unique name. You can find an asset's unique name in Topia by clicking Library > Placed Assets > Edit Asset.	1
https://zapier.com/Search/FindSaver	zapier.com.ai	Search	FindSaver	find_saver	find_saver	Search for a saver by email or Digs Saver ID.	1
https://zapier.com/Search/FindSaverProperty	zapier.com.ai	Search	FindSaverProperty	find_saver_property	find_saver_property	Search for a property by Digs Saver email, Digs Saver ID or property ID.	1
https://zapier.com/Search/FindSavingFund	zapier.com.ai	Search	FindSavingFund	find_saving_fund	find_saving_fund	Search for a property by Digs Saver email, Digs Saver ID or savings fund ID.	1
https://zapier.com/Search/FindChemicalProduct	zapier.com.ai	Search	FindChemicalProduct	find_chemical_product	find_chemical_product	Find a chemical product from the storage	1
https://zapier.com/Search/FindChemicalProudctByProductId	zapier.com.ai	Search	FindChemicalProudctByProductId	find_chemical_proudct_by_product_id	find_chemical_proudct_by_product_id	Find a chemical product by product ID	1
https://zapier.com/Search/FindChemicalStorage	zapier.com.ai	Search	FindChemicalStorage	find_chemical_storage	find_chemical_storage	Finds a chemical storage	1
https://zapier.com/Search/FindClaim	zapier.com.ai	Search	FindClaim	find_claim	find_claim	Finds a claim with specfied query parameters	1
https://zapier.com/Search/Contactbyemail	zapier.com.ai	Search	Contactbyemail	contactbyemail	contactbyemail	Search for contact using an email address.	1
https://zapier.com/Search/FindProjectTemplate	zapier.com.ai	Search	FindProjectTemplate	find_project_template	find_project_template	Finds an existing project template in Dunaroo	1
https://zapier.com/Search/SearchConsumer	zapier.com.ai	Search	SearchConsumer	search_consumer	search_consumer	This action will lookup an existing consumer record.	1
https://zapier.com/Search/SearchPartner	zapier.com.ai	Search	SearchPartner	search_partner	search_partner	This action will lookup an existing partner record.	1
https://zapier.com/Search/FindAccountByExternalId	zapier.com.ai	Search	FindAccountByExternalId	find_account_by_external_id	find_account_by_external_id	Find Association by external identifier	1
https://zapier.com/Search/FindPropertyExternalId	zapier.com.ai	Search	FindPropertyExternalId	find_property_external_id	find_property_external_id	Find a Property by a known external identifier.	1
https://zapier.com/Search/GetCcrArticle	zapier.com.ai	Search	GetCcrArticle	get_ccr_article	get_ccr_article	Get CCR Article from a known HOALife CCR article identifier (id, article_id, or ccr_article_id).	1
https://zapier.com/Search/GetEscalation	zapier.com.ai	Search	GetEscalation	get_escalation	get_escalation	Get Violation Escalation from a known HOALife Violation Escalation identifier (id or escalation_id). 	1
https://zapier.com/Search/GetViolation	zapier.com.ai	Search	GetViolation	get_violation	get_violation	Get Violation from a known HOALife Violation identifier (id or violation_id).	1
https://zapier.com/Search/GetViolationType	zapier.com.ai	Search	GetViolationType	get_violation_type	get_violation_type	Get Violation Type from a known HOALife violation type identifier (id, or violation_type_id).	1
https://zapier.com/Search/SupporterSearch	zapier.com.ai	Search	SupporterSearch	supporter_search	supporter_search	Finds a supporter based on name.	1
https://zapier.com/Search/Privatechannelsearch	zapier.com.ai	Search	Privatechannelsearch	privatechannelsearch	privateChannelSearch	Finds a channel.	1
https://zapier.com/Search/FindUserRequests	zapier.com.ai	Search	FindUserRequests	find_user_requests	find_user_requests	Find many requests from Helicone filtered by user ID.	1
https://zapier.com/Search/QueryDatasets	zapier.com.ai	Search	QueryDatasets	query_datasets	query_datasets	Search and filter through experiment datasets or query rows within a Helicone dataset.	1
https://zapier.com/Search/QueryPrompts	zapier.com.ai	Search	QueryPrompts	query_prompts	query_prompts	Search and filter prompts with pagination.	1
https://zapier.com/Search/Clustersearch	zapier.com.ai	Search	Clustersearch	clustersearch	clusterSearch	Finds an existing Serverless tier or Dedicated tier.	1
https://zapier.com/Search/Databasesearch	zapier.com.ai	Search	Databasesearch	databasesearch	databaseSearch	Finds an existing Database.	1
https://zapier.com/Search/RowQuery	zapier.com.ai	Search	RowQuery	row_query	row_query	Finds a Row in a table via a custom query in your control.	1
https://zapier.com/Search/Tablesearch	zapier.com.ai	Search	Tablesearch	tablesearch	tableSearch	Finds an existing table.	1
https://zapier.com/Search/GetAccountActivity	zapier.com.ai	Search	GetAccountActivity	get_account_activity	get_account_activity	This gets a single account activity	1
https://zapier.com/Search/GetCertificationCampaign	zapier.com.ai	Search	GetCertificationCampaign	get_certification_campaign	get_certification_campaign	This gets a single certification campaign by ID.	1
https://zapier.com/Search/ListAccountActivities	zapier.com.ai	Search	ListAccountActivities	list_account_activities	list_account_activities	This gets a collection of account activities that satisfy the given parameters.  To filter results, enable the filter parameter and enter a query (ex. created gt 2018-12-18T23:05:55Z). See the <a href='https://api.sailpoint.com/api_reference/v3/account-activities/listaccountactivities'>docs</a>	1
https://zapier.com/Search/ListCertificationCampaigns	zapier.com.ai	Search	ListCertificationCampaigns	list_certification_campaigns	list_certification_campaigns	This gets multiple certification campaigns that satisfy the given parameters.  To filter results, enable the filter parameter and enter a query (ex. completed eq false). See the <a href='https://developer.sailpoint.com/apis/v3/#operation/listIdentityCertifications'>docs</a>	1
https://zapier.com/Search/ListPublicIdentities	zapier.com.ai	Search	ListPublicIdentities	list_public_identities	list_public_identities	Returns a list of publicly viewable identities in Identity Now.  To filter results, enable the filter parameter and enter a query (ex. email eq "john.doe@bigcorp.com"). See the [docs](https://api.sailpoint.com/api_reference/v3/public-identities/getpublicidentities)	1
https://zapier.com/Search/ListRequestableObjects	zapier.com.ai	Search	ListRequestableObjects	list_requestable_objects	list_requestable_objects	Returns a list of acccess items that that can be requested through the Submit Access Request action.  To filter results, enable the filter parameter and enter a query (ex. name eq \"Employee source\"). See the <a href='https://api.sailpoint.com/api_reference/v3/requestable-objects/listrequestableobjects'>docs</a>	1
https://zapier.com/Search/ScreenCustomer	zapier.com.ai	Search	ScreenCustomer	screen_customer	screen_customer	Screens a customer in the system.	1
https://zapier.com/Search/Getstatus	zapier.com.ai	Search	Getstatus	getstatus	getStatus	Get all status in the system.	1
https://zapier.com/Search/GetAll	zapier.com.ai	Search	GetAll	get_all	get_all	Get all products in the system	1
https://zapier.com/Search/GetByRemoteId	zapier.com.ai	Search	GetByRemoteId	get_by_remote_id	get_by_remote_id	Get Product by Remote id	1
https://zapier.com/Search/GetProductKpis	zapier.com.ai	Search	GetProductKpis	get_product_kpis	get_product_kpis	Get product KPI counts (total products, active, archived, etc.)	1
https://zapier.com/Search/GetProductOptions	zapier.com.ai	Search	GetProductOptions	get_product_options	get_product_options	Get all options for a product	1
https://zapier.com/Search/GetProductVariants	zapier.com.ai	Search	GetProductVariants	get_product_variants	get_product_variants	Get all variants for a product	1
https://zapier.com/Search/GetSubcategories	zapier.com.ai	Search	GetSubcategories	get_subcategories	get_subcategories	Get all subcategories in the system	1
https://zapier.com/Search/GetTaxCategoriesGrouped	zapier.com.ai	Search	GetTaxCategoriesGrouped	get_tax_categories_grouped	get_tax_categories_grouped	Get all tax categories grouped by category	1
https://zapier.com/Search/GetTaxCategoryAssignment	zapier.com.ai	Search	GetTaxCategoryAssignment	get_tax_category_assignment	get_tax_category_assignment	Get the current tax category assignment for a product	1
https://zapier.com/Search/ListCustomers	zapier.com.ai	Search	ListCustomers	list_customers	list_customers	List all customers in the system.	1
https://zapier.com/Search/ListOrders	zapier.com.ai	Search	ListOrders	list_orders	list_orders	List all orders in the system	1
https://zapier.com/Search/UpdateCustomer	zapier.com.ai	Search	UpdateCustomer	update_customer	update_customer	Update a single customer.	1
https://zapier.com/Search/ListCandidates	zapier.com.ai	Search	ListCandidates	list_candidates	list_candidates	Lists all candidates	1
https://zapier.com/Search/ListTests	zapier.com.ai	Search	ListTests	list_tests	list_tests	List all your tests	1
https://zapier.com/Search/GetCollection	zapier.com.ai	Search	GetCollection	get_collection	get_collection	Returns a collection from Tilma.	1
https://zapier.com/Search/GetCollections	zapier.com.ai	Search	GetCollections	get_collections	get_collections	Returns a list of collections from Tilma.	1
https://zapier.com/Search/GetCollectionItems	zapier.com.ai	Search	GetCollectionItems	get_collection_items	get_collection_items	Returns a list of collection items from a given collection on Tilma.	1
https://zapier.com/Search/GetPeople	zapier.com.ai	Search	GetPeople	get_people	get_people	Finds a list of people on Tilma.	1
https://zapier.com/Search/PeopleExport	zapier.com.ai	Search	PeopleExport	people_export	people_export	Initializes an export to return an exportKey used to return large lists of Poeple.	1
https://zapier.com/Search/PeopleExportBatch	zapier.com.ai	Search	PeopleExportBatch	people_export_batch	people_export_batch	Returns a large list of people on Tilma.	1
https://zapier.com/Search/Stormsearch	zapier.com.ai	Search	Stormsearch	stormsearch	stormSearch	Finds an existing storm by title.	1
https://zapier.com/Search/AddressSearch	zapier.com.ai	Search	AddressSearch	address_search	address_search	Search for an Address within a company.	1
https://zapier.com/Search/SearchCode	zapier.com.ai	Search	SearchCode	search_code	search_code	Finds a Code document in a collection	1
https://zapier.com/Search/SearchTable	zapier.com.ai	Search	SearchTable	search_table	search_table	Finds a Table document in a collection	1
https://zapier.com/Search/Answer	zapier.com.ai	Search	Answer	answer	answer	A direct answer for specific queries.	1
https://zapier.com/Search/ResearchGet	zapier.com.ai	Search	ResearchGet	research_get	research_get	Retrieve the status and results of a previously created research task.	1
https://zapier.com/Search/Getpinterestboardlist	zapier.com.ai	Search	Getpinterestboardlist	getpinterestboardlist	getPinterestBoardList	List boards for a connected Pinterest account and the configured default.	1
https://zapier.com/Search/Getposts	zapier.com.ai	Search	Getposts	getposts	getPosts	Retrieve a list of your scheduled and published posts with pagination.	1
https://zapier.com/Search/Getsocialaccounts	zapier.com.ai	Search	Getsocialaccounts	getsocialaccounts	getSocialAccounts	Get connected social media accounts.	1
https://zapier.com/Search/GetVeoResult	zapier.com.ai	Search	GetVeoResult	get_veo_result	get_veo_result	Poll a Veo long-running operation and return the direct download URL when ready.	1
https://zapier.com/Search/GetVideo	zapier.com.ai	Search	GetVideo	get_video	get_video	Retrieve OpenAI Sora video job status by ID. For Veo, use Get Veo Result.	1
https://zapier.com/Search/GetVideoContent	zapier.com.ai	Search	GetVideoContent	get_video_content	get_video_content	Download the generated video content by Sora video ID. For Veo, use Get Veo Result to obtain a direct URL.	1
https://zapier.com/Search/QueryTable	zapier.com.ai	Search	QueryTable	query_table	query_table	Queries for data within a table. Search Query needs to be an exact match with the information you are searching for.	1
https://zapier.com/Search/Artist	zapier.com.ai	Search	Artist	artist	artist	Search for an artist (and similar artists)	1
https://zapier.com/Search/Venuesearch	zapier.com.ai	Search	Venuesearch	venuesearch	venueSearch	Finds a venue.	1
https://zapier.com/Search/MemberSearch	zapier.com.ai	Search	MemberSearch	member_search	member_search	Find a member based on the provided search terms. Fields that will be searched are member_id, first_name, last_name, company_name, mobile, home_email and work_email.	1
https://zapier.com/Search/SearchForEntity	zapier.com.ai	Search	SearchForEntity	search_for_entity	search_for_entity	Searches for an Entity (e.g. Agent, Customer Group, Customer, Group Mailbox, Team, Label)	1
https://zapier.com/Search/Orgquery	zapier.com.ai	Search	Orgquery	orgquery	orgQuery	Searches for items in your Coveo Cloud organization.	1
https://zapier.com/Search/Publicquery	zapier.com.ai	Search	Publicquery	publicquery	publicQuery	Searches for Coveo documentation from our help portal.	1
https://zapier.com/Search/TrainingRegistrationPollResultSetSearch	zapier.com.ai	Search	TrainingRegistrationPollResultSetSearch	training_registration_poll_result_set_search	training_registration_poll_result_set_search	Finds a training poll result set by training registration id.	1
https://zapier.com/Search/UserschoolparticipantSearch	zapier.com.ai	Search	UserschoolparticipantSearch	userschoolparticipant_search	userschoolparticipant_search	Finds a user by email.	1
https://zapier.com/Search/Overview	zapier.com.ai	Search	Overview	overview	overview	View the details of a campaign.	1
https://zapier.com/Search/FindByCustomField	zapier.com.ai	Search	FindByCustomField	find_by_custom_field	find_by_custom_field	Finds a user by custom field.	1
https://zapier.com/Search/FindByName	zapier.com.ai	Search	FindByName	find_by_name	find_by_name	Finds a user by name.	1
https://zapier.com/Search/FindByUserId	zapier.com.ai	Search	FindByUserId	find_by_user_id	find_by_user_id	Finds a user by ID.	1
https://zapier.com/Search/Vehiclesearch	zapier.com.ai	Search	Vehiclesearch	vehiclesearch	vehicleSearch	Search for vehicle by brand, model, registration_number, status or vehicletype.	1
https://zapier.com/Search/FindLicensee	zapier.com.ai	Search	FindLicensee	find_licensee	find_licensee	Search a Licensee by its number	1
https://zapier.com/Search/Getlead	zapier.com.ai	Search	Getlead	getlead	getLead	Get Leads with specific filters.	1
https://zapier.com/Search/ChangeRequestSearch	zapier.com.ai	Search	ChangeRequestSearch	change_request_search	change_request_search	Searches for Change Request record by ID or OID.	1
https://zapier.com/Search/IncidentSearch	zapier.com.ai	Search	IncidentSearch	incident_search	incident_search	Searches for Incident record by ID or OID.	1
https://zapier.com/Search/GetGroupDocumentSecurity	zapier.com.ai	Search	GetGroupDocumentSecurity	get_group_document_security	Get_Group_Document_Security	Get Group Document Security	1
https://zapier.com/Search/GetGroupPermissions	zapier.com.ai	Search	GetGroupPermissions	get_group_permissions	Get_Group_Permissions	Get Group Permissions	1
https://zapier.com/Search/GetLicenses	zapier.com.ai	Search	GetLicenses	get_licenses	Get_Licenses	Get Licenses from GoFileRoom	1
https://zapier.com/Search/GetUserDocumentSecurity	zapier.com.ai	Search	GetUserDocumentSecurity	get_user_document_security	Get_User_Document_Security	Get User Document Security	1
https://zapier.com/Search/GetUserInformation	zapier.com.ai	Search	GetUserInformation	get_user_information	Get_User_Information	Get User Info of GoFileRoom User	1
https://zapier.com/Search/GetUserPermissions	zapier.com.ai	Search	GetUserPermissions	get_user_permissions	Get_User_Permissions	Get User Permissions for GoFileRoom User	1
https://zapier.com/Search/FindFulfillmentCentre	zapier.com.ai	Search	FindFulfillmentCentre	find_fulfillment_centre	find_fulfillment_centre	Gets a Fulfillment centre subscription record by id.	1
https://zapier.com/Search/FindInwardConsignments	zapier.com.ai	Search	FindInwardConsignments	find_inward_consignments	find_inward_consignments	Finds  Inward Consignment.	1
https://zapier.com/Search/FindInwardConsignmentsAppointment	zapier.com.ai	Search	FindInwardConsignmentsAppointment	find_inward_consignments_appointment	find_inward_consignments_appointment	Find appointment for inward consignment.	1
https://zapier.com/Search/FindParty	zapier.com.ai	Search	FindParty	find_party	find_party	Finds a party detail.	1
https://zapier.com/Search/FindPayable	zapier.com.ai	Search	FindPayable	find_payable	find_payable	Finds a Payable.	1
https://zapier.com/Search/FindPayout	zapier.com.ai	Search	FindPayout	find_payout	find_payout	The payout represents the funds a portal receives from their contact. This action finds a payout corresponding to the Reference number, Status, Contact.	1
https://zapier.com/Search/FindRecallConsignments	zapier.com.ai	Search	FindRecallConsignments	find_recall_consignments	find_recall_consignments	Finds a recall consignment.	1
https://zapier.com/Search/FindReturn	zapier.com.ai	Search	FindReturn	find_return	find_return	Finds a Return.	1
https://zapier.com/Search/FindSalesChannel	zapier.com.ai	Search	FindSalesChannel	find_sales_channel	find_sales_channel	Finds a Sales Channel.	1
https://zapier.com/Search/GetOrderDetail	zapier.com.ai	Search	GetOrderDetail	get_order_detail	get_order_detail	Tracks order details	1
https://zapier.com/Search/Transactions	zapier.com.ai	Search	Transactions	transactions	transactions	Gets all the transactions.	1
https://zapier.com/Search/FindCrmData	zapier.com.ai	Search	FindCrmData	find_crm_data	find_crm_data	This action will help you to find existing CRM data.	1
https://zapier.com/Search/DomainEnrichment	zapier.com.ai	Search	DomainEnrichment	domain_enrichment	domain_enrichment	Creates an Enrichment Request for Selected Domain	1
https://zapier.com/Search/EnrichEmail	zapier.com.ai	Search	EnrichEmail	enrich_email	enrich_email	Creates an Enrichment Request for Selected Email	1
https://zapier.com/Search/ValidateEmail	zapier.com.ai	Search	ValidateEmail	validate_email	validate_email	Validate email and get validation results	1
https://zapier.com/Search/FindStructuresOfMission	zapier.com.ai	Search	FindStructuresOfMission	find_structures_of_mission	find_structures_of_mission	Find Structures of Mission	1
https://zapier.com/Search/GetGuest	zapier.com.ai	Search	GetGuest	get_guest	get_guest	Gets a Guest with a specific guestID	1
https://zapier.com/Search/FindAssignee	zapier.com.ai	Search	FindAssignee	find_assignee	find_assignee	Finds an assignee in Gtmhub	1
https://zapier.com/Search/FindMetric	zapier.com.ai	Search	FindMetric	find_metric	find_metric	Searches for a Key result in Gtmhub	1
https://zapier.com/Search/GetGoals	zapier.com.ai	Search	GetGoals	get_goals	get_goals	Gets the objectives from the specified session	1
https://zapier.com/Search/GetKrs	zapier.com.ai	Search	GetKrs	get_krs	get_krs	Finds the Key results for the specified objective	1
https://zapier.com/Search/FindCalls	zapier.com.ai	Search	FindCalls	find_calls	find_calls	Finds a Call.  	1
https://zapier.com/Search/FindDownloadKey	zapier.com.ai	Search	FindDownloadKey	find_download_key	find_download_key	Finds a download key by key.	1
https://zapier.com/Search/Bucketsearch	zapier.com.ai	Search	Bucketsearch	bucketsearch	bucketSearch	Finds an Upload	1
https://zapier.com/Search/SearchCustomerUser	zapier.com.ai	Search	SearchCustomerUser	search_customer_user	search_customer_user	Finds Customer user records in CloudBlue Commerce. Allows filtering the records with the Customer ID and User Type.	1
https://zapier.com/Search/SearchOssSubscription	zapier.com.ai	Search	SearchOssSubscription	search_oss_subscription	search_oss_subscription	Finds and returns the service-specific information of a subscription from the CloudBlue Commerce OSS. For Connect-based services, this information includes the activation parameter URL, activation tile data, and so on.	1
https://zapier.com/Search/SignerFields	zapier.com.ai	Search	SignerFields	signer_fields	signer_fields	Return any Signer fields from a completed document.	1
https://zapier.com/Search/TemplateSenderFields	zapier.com.ai	Search	TemplateSenderFields	template_sender_fields	template_sender_fields	Find the templates sender fields.	1
https://zapier.com/Search/CdvAccount	zapier.com.ai	Search	CdvAccount	cdv_account	cdv_account	Validate a bank account with check digit verification.	1
https://zapier.com/Search/CdvBatch	zapier.com.ai	Search	CdvBatch	cdv_batch	cdv_batch	Use check digit verification to validate a batch of bank accounts.	1
https://zapier.com/Search/CdvBranch	zapier.com.ai	Search	CdvBranch	cdv_branch	cdv_branch	Validates the given branch code and gives the branch details if it is valid.	1
https://zapier.com/Search/Report	zapier.com.ai	Search	Report	report	report	Search for report by ID.	1
https://zapier.com/Search/GetMemberByIdentity	zapier.com.ai	Search	GetMemberByIdentity	get_member_by_identity	get_member_by_identity	Finds a member in your Orbit workspace using their email address, or Twitter, GitHub, Discord, or LinkedIn username.	1
https://zapier.com/Search/FindActivesubscriptioncharges	zapier.com.ai	Search	FindActivesubscriptioncharges	find_activesubscriptioncharges	find_activesubscriptioncharges	Finds the charges on the subscription. Charges are products available on the subscription. Set quantity on the charges to subscribe the customer to the product.	1
https://zapier.com/Search/FindChargesonplan	zapier.com.ai	Search	FindChargesonplan	find_chargesonplan	find_chargesonplan	Find charges on a product plan	1
https://zapier.com/Search/FindCandidateByEmail	zapier.com.ai	Search	FindCandidateByEmail	find_candidate_by_email	find_candidate_by_email	Finds a Candidate given an Email Address	1
https://zapier.com/Search/FindOfferById	zapier.com.ai	Search	FindOfferById	find_offer_by_id	find_offer_by_id	Find an Offer given its ID	1
https://zapier.com/Search/GetJobCandidate	zapier.com.ai	Search	GetJobCandidate	get_job_candidate	get_job_candidate	Get the list of the first 100 candidates that are intresting for your job ad in JobArch.	1
https://zapier.com/Search/Resultsetsearch	zapier.com.ai	Search	Resultsetsearch	resultsetsearch	resultsetSearch	Triggers when there is a response from a respondent.	1
https://zapier.com/Search/Findlist	zapier.com.ai	Search	Findlist	findlist	findList	Finds list of projects	1
https://zapier.com/Search/FindCertifiedCheck	zapier.com.ai	Search	FindCertifiedCheck	find_certified_check	find_certified_check	Finds a Certified Check	1
https://zapier.com/Search/FindSelfcheck	zapier.com.ai	Search	FindSelfcheck	find_selfcheck	find_selfcheck	Find a Selfcheck	1
https://zapier.com/Search/ListChecklists	zapier.com.ai	Search	ListChecklists	list_checklists	list_checklists	List your company's checklists	1
https://zapier.com/Search/Agreement	zapier.com.ai	Search	Agreement	agreement	agreement	Search for an in-progress, active, or completed agreement by name or ID.	1
https://zapier.com/Search/Obligation	zapier.com.ai	Search	Obligation	obligation	obligation	Search for a an obligation by name.	1
https://zapier.com/Search/SearchClientByAttributes	zapier.com.ai	Search	SearchClientByAttributes	search_client_by_attributes	search_client_by_attributes	Find a Client in your ProcessKit account, which has a value in the selected custom client attribute field that contains this text. If there are multiple matches, the Client that was most recently created will be returned.	1
https://zapier.com/Search/SearchProjectsById	zapier.com.ai	Search	SearchProjectsById	search_projects_by_id	search_projects_by_id	Find a project in ProcessKit by its project ID	1
https://zapier.com/Search/SearchProjectByFields	zapier.com.ai	Search	SearchProjectByFields	search_project_by_fields	search_project_by_fields	Find a project in ProcessKit by custom field values	1
https://zapier.com/Search/SearchProjectTasks	zapier.com.ai	Search	SearchProjectTasks	search_project_tasks	search_project_tasks	Find a task within a project in ProcessKit	1
https://zapier.com/Search/SearchTaskBlocks	zapier.com.ai	Search	SearchTaskBlocks	search_task_blocks	search_task_blocks	Find a task field in a task by its label.  Enter the exact label text (case sensitive) for the field you want to find.	1
https://zapier.com/Search/GetClientProjects	zapier.com.ai	Search	GetClientProjects	get_client_projects	Get_Client_Projects	Get all projects of one client in one workspace.	1
https://zapier.com/Search/GetClientTimes	zapier.com.ai	Search	GetClientTimes	get_client_times	Get_Client_Times	Get all times of one client in one workspace.	1
https://zapier.com/Search/GetProjectTasks	zapier.com.ai	Search	GetProjectTasks	get_project_tasks	Get_Project_Tasks	Get all tasks of one project in one workspace.	1
https://zapier.com/Search/GetProjectTimes	zapier.com.ai	Search	GetProjectTimes	get_project_times	Get_Project_Times	Get all times of one project in one workspace.	1
https://zapier.com/Search/GetTimes	zapier.com.ai	Search	GetTimes	get_times	Get_Times	Get all times from a workspace.	1
https://zapier.com/Search/GetTimeTags	zapier.com.ai	Search	GetTimeTags	get_time_tags	Get_Time_Tags	Get all tags from a workspace.	1
https://zapier.com/Search/UpdateClient	zapier.com.ai	Search	UpdateClient	update_client	Update_Client	Update a client in a workspace.	1
https://zapier.com/Search/UpdateCustomfeedevent	zapier.com.ai	Search	UpdateCustomfeedevent	update_customfeedevent	Update_CustomFeedEvent	Update a custom feed entry in a workspace.	1
https://zapier.com/Search/UpdateGroup	zapier.com.ai	Search	UpdateGroup	update_group	Update_Group	Update a group in a workspace.	1
https://zapier.com/Search/UpdateTime	zapier.com.ai	Search	UpdateTime	update_time	Update_Time	Update a time in a workspace.	1
https://zapier.com/Search/UpdateTimeTag	zapier.com.ai	Search	UpdateTimeTag	update_time_tag	Update_Time_Tag	Update a tag in a workspace.	1
https://zapier.com/Search/CheckIp	zapier.com.ai	Search	CheckIp	check_ip	check_ip	Return FraudSentinel data about an IP	1
https://zapier.com/Search/GetTranslationRequest	zapier.com.ai	Search	GetTranslationRequest	get_translation_request	get_translation_request	Collect your translated content.	1
https://zapier.com/Search/Featuresearch	zapier.com.ai	Search	Featuresearch	featuresearch	featureSearch	Search for a feature.	1
https://zapier.com/Search/Accountstatement	zapier.com.ai	Search	Accountstatement	accountstatement	accountStatement	Fetch a account balance / statement for the specified account	1
https://zapier.com/Search/Creditcards	zapier.com.ai	Search	Creditcards	creditcards	creditCards	Fetch user Credit Cards	1
https://zapier.com/Search/Creditcardstatement	zapier.com.ai	Search	Creditcardstatement	creditcardstatement	creditCardStatement	Fetch user Credit Card Statements	1
https://zapier.com/Search/Creditcardtransactions	zapier.com.ai	Search	Creditcardtransactions	creditcardtransactions	creditCardTransactions	Fetch user Credit Card Transactions	1
https://zapier.com/Search/Creditlimits	zapier.com.ai	Search	Creditlimits	creditlimits	creditLimits	Fetch user Credit Limits	1
https://zapier.com/Search/Investments	zapier.com.ai	Search	Investments	investments	investments	Fetch user Investments	1
https://zapier.com/Search/Investmenttransactions	zapier.com.ai	Search	Investmenttransactions	investmenttransactions	investmentTransactions	Fetch Investments Transactions	1
https://zapier.com/Search/Usercashflow	zapier.com.ai	Search	Usercashflow	usercashflow	userCashFlow	Fetch user analytics cash flow data	1
https://zapier.com/Search/Userkyc	zapier.com.ai	Search	Userkyc	userkyc	userKyc	Fetch user "Know Your Customer" data	1
https://zapier.com/Search/Userreceipts	zapier.com.ai	Search	Userreceipts	userreceipts	userReceipts	Fetch user receipt	1
https://zapier.com/Search/GetActivityActionsFeed	zapier.com.ai	Search	GetActivityActionsFeed	get_activity_actions_feed	get_activity_actions_feed	Fetch the activity feed for a user (or any other object type). This activity feed format will return acted upon entities as the main result. Ex. one item per post, article, product, etc. Each single item has associated actions.	1
https://zapier.com/Search/GetActivityFeed	zapier.com.ai	Search	GetActivityFeed	get_activity_feed	get_activity_feed	Fetch the activity feed for a user (or any other object type). This activity feed format will return events in sequential descending order - there will be one activity item for each found action.	1
https://zapier.com/Search/GetActivityOnObject	zapier.com.ai	Search	GetActivityOnObject	get_activity_on_object	get_activity_on_object	Gets recent activity on any object	1
https://zapier.com/Search/GetRecommendedContentForUser	zapier.com.ai	Search	GetRecommendedContentForUser	get_recommended_content_for_user	get_recommended_content_for_user	For a given user (or any object type), get a list of recommended content, based on their behavior/tastes.	1
https://zapier.com/Search/GetRecommendedUsersToFollowForUser	zapier.com.ai	Search	GetRecommendedUsersToFollowForUser	get_recommended_users_to_follow_for_user	get_recommended_users_to_follow_for_user	For a given user (or any object type), get a list of recommended users for the target user to follow, based on their behavior/tastes.	1
https://zapier.com/Search/GetRelatedContent	zapier.com.ai	Search	GetRelatedContent	get_related_content	get_related_content	Gets related content objects based on a specific piece of content of any type.	1
https://zapier.com/Search/GetRelatedTags	zapier.com.ai	Search	GetRelatedTags	get_related_tags	get_related_tags	Gets related tags for a given tag (or any other object type, ex. category).	1
https://zapier.com/Search/GetRelatedUsers	zapier.com.ai	Search	GetRelatedUsers	get_related_users	get_related_users	Get related users based on a target user (or other type).	1
https://zapier.com/Search/Expensesearch	zapier.com.ai	Search	Expensesearch	expensesearch	expenseSearch	Finds an expense by id.	1
https://zapier.com/Search/FindAccountIdForAContact	zapier.com.ai	Search	FindAccountIdForAContact	find_account_id_for_a_contact	find_account_id_for_a_contact	Finds Account ID for a Contact	1
https://zapier.com/Search/FindContactId	zapier.com.ai	Search	FindContactId	find_contact_id	find_contact_id	Finds a Contact ID	1
https://zapier.com/Search/FindExternalLeadTypes	zapier.com.ai	Search	FindExternalLeadTypes	find_external_lead_types	find_external_lead_types	Finds External Lead Type ID	1
https://zapier.com/Search/FindSalesUserId	zapier.com.ai	Search	FindSalesUserId	find_sales_user_id	find_sales_user_id	Finds Sales User ID	1
https://zapier.com/Search/FindTerritoryId	zapier.com.ai	Search	FindTerritoryId	find_territory_id	find_territory_id	Finds Territory ID	1
https://zapier.com/Search/SearchBadge	zapier.com.ai	Search	SearchBadge	search_badge	search_badge	Finds a Badge matching your data	1
https://zapier.com/Search/Ifolio	zapier.com.ai	Search	Ifolio	ifolio	ifolio	Finds a published iFOLIO by name & connected to a specific user	1
https://zapier.com/Search/FindTicketWithReplies	zapier.com.ai	Search	FindTicketWithReplies	find_ticket_with_replies	find_ticket_with_replies	Find a ticket using either the ticket number, the subject, or the email address of the user who opened the ticket.  If the user has multiple tickets in the system, the most recent will be used.	1
https://zapier.com/Search/RetrieveContactStatus	zapier.com.ai	Search	RetrieveContactStatus	retrieve_contact_status	retrieve_contact_status	Retrieve contact's current status from Exceed.ai	1
https://zapier.com/Search/KpiSearch	zapier.com.ai	Search	KpiSearch	kpi_search	kpi_search	Search KPI's using either ID or name.	1
https://zapier.com/Search/KrSearch	zapier.com.ai	Search	KrSearch	kr_search	kr_search	Search Key Result's using either ID or name.	1
https://zapier.com/Search/ScanV2	zapier.com.ai	Search	ScanV2	scan_v2	scan_v2	Scan and classify sensitive data.	1
https://zapier.com/Search/FindOrCreateTax	zapier.com.ai	Search	FindOrCreateTax	find_or_create_tax	find_or_create_tax	Find a Tax to apply on products	1
https://zapier.com/Search/GetShops	zapier.com.ai	Search	GetShops	get_shops	get_shops	Search the list of Shops for your merchant account	1
https://zapier.com/Search/GetShopProducts	zapier.com.ai	Search	GetShopProducts	get_shop_products	get_shop_products	Search for Products in a Shop	1
https://zapier.com/Search/ProductUpdateOrCreate	zapier.com.ai	Search	ProductUpdateOrCreate	product_update_or_create	product_update_or_create	Find a product to update or create it when it cannot be found	1
https://zapier.com/Search/Category	zapier.com.ai	Search	Category	category	category	Retrieve a single category.	1
https://zapier.com/Search/Checkin	zapier.com.ai	Search	Checkin	checkin	checkin	Perform a check-in on a ticket.	1
https://zapier.com/Search/OrderCancel	zapier.com.ai	Search	OrderCancel	order_cancel	order_cancel	Cancel an order including all it's tickets.	1
https://zapier.com/Search/OrderTicket	zapier.com.ai	Search	OrderTicket	order_ticket	order_ticket	Retrieve a single ticket from the selected order.	1
https://zapier.com/Search/OrderTickets	zapier.com.ai	Search	OrderTickets	order_tickets	order_tickets	Retrieve all tickets from selected order.	1
https://zapier.com/Search/ProductPlots	zapier.com.ai	Search	ProductPlots	product_plots	product_plots	Retrieve the created/uploaded plots for a single product.	1
https://zapier.com/Search/ProductUpsells	zapier.com.ai	Search	ProductUpsells	product_upsells	product_upsells	Retrieve upsells for a single product.	1
https://zapier.com/Search/TicketCancel	zapier.com.ai	Search	TicketCancel	ticket_cancel	ticket_cancel	Cancel a single ticket.	1
https://zapier.com/Search/QueryTranslations	zapier.com.ai	Search	QueryTranslations	query_translations	query_translations	Search translations and keys	1
https://zapier.com/Search/GetTracking	zapier.com.ai	Search	GetTracking	get_tracking	get_Tracking	When you want to get tracking of any order .	1
https://zapier.com/Search/Accountbyid	zapier.com.ai	Search	Accountbyid	accountbyid	accountById	Find an Account by Variance ID	1
https://zapier.com/Search/AccountPropertysearch	zapier.com.ai	Search	AccountPropertysearch	account_propertysearch	account_propertySearch	Search account properties by name	1
https://zapier.com/Search/AccountTagsearch	zapier.com.ai	Search	AccountTagsearch	account_tagsearch	account_tagSearch	Search account tags.	1
https://zapier.com/Search/Contactbyid	zapier.com.ai	Search	Contactbyid	contactbyid	contactById	Find a Contact by Variance ID	1
https://zapier.com/Search/ContactPropertysearch	zapier.com.ai	Search	ContactPropertysearch	contact_propertysearch	contact_propertySearch	Search contact properties by name	1
https://zapier.com/Search/ContactTagsearch	zapier.com.ai	Search	ContactTagsearch	contact_tagsearch	contact_tagSearch	Search contact tags.	1
https://zapier.com/Search/Streamsearch	zapier.com.ai	Search	Streamsearch	streamsearch	streamSearch	Search streams by name	1
https://zapier.com/Search/FindWorkByExternalId	zapier.com.ai	Search	FindWorkByExternalId	find_work_by_external_id	find_work_by_external_id	Find Work by external identifier	1
https://zapier.com/Search/Findattendeesearch	zapier.com.ai	Search	Findattendeesearch	findattendeesearch	findAttendeeSearch	Finds an attendee.	1
https://zapier.com/Search/FindAllCustomers	zapier.com.ai	Search	FindAllCustomers	find_all_customers	find_all_customers	Find all customers.	1
https://zapier.com/Search/FindSessionData	zapier.com.ai	Search	FindSessionData	find_session_data	find_session_data	Finds Session Data	1
https://zapier.com/Search/Exportexpenses	zapier.com.ai	Search	Exportexpenses	exportexpenses	exportexpenses	Export expenses using a specified export format and filters.	1
https://zapier.com/Search/Exportreport	zapier.com.ai	Search	Exportreport	exportreport	exportreport	Export a specific expense report as PDF.	1
https://zapier.com/Search/Getdelegatedaccess	zapier.com.ai	Search	Getdelegatedaccess	getdelegatedaccess	getdelegatedaccess	List of delegated access entries.	1
https://zapier.com/Search/Getexpenseimage	zapier.com.ai	Search	Getexpenseimage	getexpenseimage	getexpenseimage	Get the image/receipt file for a specific expense. Returns the image as binary data.	1
https://zapier.com/Search/Getexpenses	zapier.com.ai	Search	Getexpenses	getexpenses	getexpenses	Search and retrieve expenses from your Expensya account with advanced filtering options.	1
https://zapier.com/Search/Getexportformats	zapier.com.ai	Search	Getexportformats	getexportformats	getexportformats	Retrieve available export formats.	1
https://zapier.com/Search/Getimageurl	zapier.com.ai	Search	Getimageurl	getimageurl	getimageurl	Get a direct URL for an expense image using the image ID.	1
https://zapier.com/Search/Getreporthistory	zapier.com.ai	Search	Getreporthistory	getreporthistory	getreporthistory	Retrieve the audit/history events for an expense report.	1
https://zapier.com/Search/Getuserexpenses	zapier.com.ai	Search	Getuserexpenses	getuserexpenses	getuserexpenses	List of expenses for a specific user.	1
https://zapier.com/Search/Getvalidatorreports	zapier.com.ai	Search	Getvalidatorreports	getvalidatorreports	getvalidatorreports	List reports awaiting (or processed by) a specific validator's mailbox.	1
https://zapier.com/Search/Getbatches	zapier.com.ai	Search	Getbatches	getbatches	getBatches	Gets a list of Batches	1
https://zapier.com/Search/Getcredentialsbycredentialuuid	zapier.com.ai	Search	Getcredentialsbycredentialuuid	getcredentialsbycredentialuuid	getCredentialsByCredentialUuid	Gets a credential metadata object by UUID. Passwords are required for private credentials.	1
https://zapier.com/Search/Getcredentialsmetadatalist	zapier.com.ai	Search	Getcredentialsmetadatalist	getcredentialsmetadatalist	getCredentialsMetadataList	Get list of credential metadata	1
https://zapier.com/Search/Getissuerprofile	zapier.com.ai	Search	Getissuerprofile	getissuerprofile	getIssuerProfile	Finds an Issuer profile	1
https://zapier.com/Search/Gettemplatebytemplateid	zapier.com.ai	Search	Gettemplatebytemplateid	gettemplatebytemplateid	getTemplateByTemplateId	Get Template by templateId
	1
https://zapier.com/Search/GetFunnel	zapier.com.ai	Search	GetFunnel	get_funnel	get_funnel	Get a Funnel details	1
https://zapier.com/Search/FindAssessmentTemplate	zapier.com.ai	Search	FindAssessmentTemplate	find_assessment_template	find_assessment_template	Get all assessment template related to my business unit.	1
https://zapier.com/Search/FindOutGoingAssessments	zapier.com.ai	Search	FindOutGoingAssessments	find_out_going_assessments	find_out_going_assessments	Search in outgoing assessments.	1
https://zapier.com/Search/FindPublicUsers	zapier.com.ai	Search	FindPublicUsers	find_public_users	find_public_users	Search a Public User.	1
https://zapier.com/Search/SearchBusinessUnit	zapier.com.ai	Search	SearchBusinessUnit	search_business_unit	search_business_unit	Search business unit.	1
https://zapier.com/Search/SearchBusinessUnitRelationship	zapier.com.ai	Search	SearchBusinessUnitRelationship	search_business_unit_relationship	search_business_unit_relationship	Find a business unit relationship.	1
https://zapier.com/Search/SearchBusinessUnitRelationshipsById	zapier.com.ai	Search	SearchBusinessUnitRelationshipsById	search_business_unit_relationships_by_id	search_business_unit_relationships_by_id	Find business unit relationships by id.	1
https://zapier.com/Search/SearchInGoingAssessments	zapier.com.ai	Search	SearchInGoingAssessments	search_in_going_assessments	Search_In_Going_Assessments	Search ingoing assessments.	1
https://zapier.com/Search/FindRowndData	zapier.com.ai	Search	FindRowndData	find_rownd_data	find_rownd_data	Find a Rownd user-id via email.	1
https://zapier.com/Search/SearchExperienceUser	zapier.com.ai	Search	SearchExperienceUser	search_experience_user	search_experience_user	Search Experience User	1
https://zapier.com/Search/FindOrCreateTeamContact	zapier.com.ai	Search	FindOrCreateTeamContact	find_or_create_team_contact	find_or_create_team_contact	Finds a team contact & creates it if not exist.	1
https://zapier.com/Search/FindTeamContact	zapier.com.ai	Search	FindTeamContact	find_team_contact	find_team_contact	Finds a team contact.	1
https://zapier.com/Search/SearchFiles	zapier.com.ai	Search	SearchFiles	search_files	search_files	Search for a file in Filerobot Asset Hub.	1
https://zapier.com/Search/Searchpagesbytitle	zapier.com.ai	Search	Searchpagesbytitle	searchpagesbytitle	searchPagesByTitle	Search a page by title	1
https://zapier.com/Search/PeopleCreateSearch	zapier.com.ai	Search	PeopleCreateSearch	people_create_search	people_create_search	Find people by search parameter.	1
https://zapier.com/Search/Findorganizationmembers	zapier.com.ai	Search	Findorganizationmembers	findorganizationmembers	findOrganizationMembers	Find organization members	1
https://zapier.com/Search/FindInfluencer	zapier.com.ai	Search	FindInfluencer	find_influencer	find_influencer	Find data about an influencer in Scope	1
https://zapier.com/Search/OutputType	zapier.com.ai	Search	OutputType	output_type	output_type	Search document input types	1
https://zapier.com/Search/Workspace	zapier.com.ai	Search	Workspace	workspace	workspace	Searches a Workspace by name.	1
https://zapier.com/Search/GetConsumer	zapier.com.ai	Search	GetConsumer	get_consumer	get_consumer	Finds consumers by Id/Email/Phone	1
https://zapier.com/Search/Fetchobject	zapier.com.ai	Search	Fetchobject	fetchobject	fetchObject	Search for a record with a specific record Id	1
https://zapier.com/Search/Fetchuser	zapier.com.ai	Search	Fetchuser	fetchuser	fetchUser	Search for a user with a specific user Id	1
https://zapier.com/Search/WorkflowExecution	zapier.com.ai	Search	WorkflowExecution	workflow_execution	workflow_execution	Receives the results of the workflow when they're ready.	1
https://zapier.com/Search/GetAccountStats	zapier.com.ai	Search	GetAccountStats	get_account_stats	get_account_stats	Get selected basic analytics reports for your account.	1
https://zapier.com/Search/GetEventList	zapier.com.ai	Search	GetEventList	get_event_list	get_event_list	Get the event list for selected groups in your account.	1
https://zapier.com/Search/UserExistsInAccount	zapier.com.ai	Search	UserExistsInAccount	user_exists_in_account	user_exists_in_account	Check if a single user is in your account, using email or UserID.	1
https://zapier.com/Search/UserExistsInGroup	zapier.com.ai	Search	UserExistsInGroup	user_exists_in_group	user_exists_in_group	Check if a single user is in a specific group in your account, using email or UserID.	1
https://zapier.com/Search/FindCompanyByProperty	zapier.com.ai	Search	FindCompanyByProperty	find_company_by_property	find_company_by_property	Find an existing Company or Create a new Company if not found	1
https://zapier.com/Search/FindContactByProperty	zapier.com.ai	Search	FindContactByProperty	find_contact_by_property	find_contact_by_property	Find an existing Contact or Create a new Contact if not found	1
https://zapier.com/Search/FindMilestoneWMilestoneName	zapier.com.ai	Search	FindMilestoneWMilestoneName	find_milestone_w_milestone_name	find_milestone_w_milestone_name	Find an existing Milestone or Create a new Milestone if not found	1
https://zapier.com/Search/FindOpportunityByProperty	zapier.com.ai	Search	FindOpportunityByProperty	find_opportunity_by_property	find_opportunity_by_property	Find an existing Opportunity or Create a new Opportunity if not found	1
https://zapier.com/Search/GetCompanyFromExtid	zapier.com.ai	Search	GetCompanyFromExtid	get_company_from_extid	get_company_from_extId	Get an existing Company from External Company ID	1
https://zapier.com/Search/GetMeddpiccFromMspId	zapier.com.ai	Search	GetMeddpiccFromMspId	get_meddpicc_from_msp_id	get_meddpicc_from_msp_id	Gets Methodology Details by MSP ID	1
https://zapier.com/Search/GetMilestonesFromMspId	zapier.com.ai	Search	GetMilestonesFromMspId	get_milestones_from_msp_id	get_milestones_from_msp_id	Gets all existing Milestones details from MSP ID	1
https://zapier.com/Search/GetMilestoneFromMilestoneId	zapier.com.ai	Search	GetMilestoneFromMilestoneId	get_milestone_from_milestone_id	get_milestone_from_milestone_id	Gets existing Milestone details by Milestone ID	1
https://zapier.com/Search/GetMspsAssociatedWithEmailId	zapier.com.ai	Search	GetMspsAssociatedWithEmailId	get_msps_associated_with_email_id	get_msps_associated_with_email_id	Get Associated Mutual Success Plans from the Email ID (You must link your BuyerAssist admin account to use this action)	1
https://zapier.com/Search/GetMspByMspId	zapier.com.ai	Search	GetMspByMspId	get_msp_by_msp_id	get_msp_by_msp_id	Gets existing Mutual Success Plan details from the MSP ID	1
https://zapier.com/Search/GetMspFromOppid	zapier.com.ai	Search	GetMspFromOppid	get_msp_from_oppid	get_msp_from_oppId	Get Mutual Success Plan By Opportunity ID	1
https://zapier.com/Search/GetOppFromExtoppid	zapier.com.ai	Search	GetOppFromExtoppid	get_opp_from_extoppid	get_opp_from_extOppId	Get an existing Opportunity from External Opportunity ID	1
https://zapier.com/Search/GetOppFromOppid	zapier.com.ai	Search	GetOppFromOppid	get_opp_from_oppid	get_opp_from_oppId	Get Opportunity By Opportunity ID	1
https://zapier.com/Search/CaseType	zapier.com.ai	Search	CaseType	case_type	case_type	Find a Practice Area in Lexzur.	1
https://zapier.com/Search/FindMatterContainer	zapier.com.ai	Search	FindMatterContainer	find_matter_container	find_matter_container	Find a Matter Container in Lexzur.	1
https://zapier.com/Search/MatterCaseStage	zapier.com.ai	Search	MatterCaseStage	matter_case_stage	matter_case_stage	Find a Case Stage in Lexzur.	1
https://zapier.com/Search/MatterProviderGroup	zapier.com.ai	Search	MatterProviderGroup	matter_provider_group	matter_provider_group	Find an Assigned Team in Lexzur.	1
https://zapier.com/Search/FindUserAccessibleBoards	zapier.com.ai	Search	FindUserAccessibleBoards	find_user_accessible_boards	find_user_accessible_boards	Provides a list of all User Accessible Boards	1
https://zapier.com/Search/GetDomainDetails	zapier.com.ai	Search	GetDomainDetails	get_domain_details	get_domain_details	Lookup a domain and return its tech spend, company details, social media links, and more	1
https://zapier.com/Search/GetDomainTechnologies	zapier.com.ai	Search	GetDomainTechnologies	get_domain_technologies	get_domain_technologies	Lookup the technologies used on a website, and their tech spend	1
https://zapier.com/Search/GetSearchResults	zapier.com.ai	Search	GetSearchResults	get_search_results	get_search_results	Search for code or technology and get a list of matching websites 	1
https://zapier.com/Search/GetUserCertificates	zapier.com.ai	Search	GetUserCertificates	get_user_certificates	get_user_certificates	Get all the certificates of a user, including their status	1
https://zapier.com/Search/FindRewrite	zapier.com.ai	Search	FindRewrite	find_rewrite	find_rewrite	Finds a Rewrite	1
https://zapier.com/Search/GetAirQuality	zapier.com.ai	Search	GetAirQuality	get_air_quality	get_air_quality	Looks up the current Air Quality (Geospatial, Postal code, Citywise, Countrywise)	1
https://zapier.com/Search/LookupAirQualityForecast	zapier.com.ai	Search	LookupAirQualityForecast	lookup_air_quality_forecast	lookup_air_quality_forecast	Looks Up Air Quality Forecast	1
https://zapier.com/Search/LookupFire	zapier.com.ai	Search	LookupFire	lookup_fire	lookup_fire	Looks Up Current Fire	1
https://zapier.com/Search/LookupNvdi	zapier.com.ai	Search	LookupNvdi	lookup_nvdi	lookup_nvdi	Looks Up Current NDVI	1
https://zapier.com/Search/LookupPollen	zapier.com.ai	Search	LookupPollen	lookup_pollen	lookup_pollen	Looks Up Current Pollen	1
https://zapier.com/Search/LookupWeather	zapier.com.ai	Search	LookupWeather	lookup_weather	lookup_weather	Looks Up Current Weather	1
https://zapier.com/Search/LookupWeatherForecast	zapier.com.ai	Search	LookupWeatherForecast	lookup_weather_forecast	lookup_weather_forecast	Looks Up Weather Forecast	1
https://zapier.com/Search/Accounts	zapier.com.ai	Search	Accounts	accounts	accounts	Find a Clinchd account	1
https://zapier.com/Search/FindAccord	zapier.com.ai	Search	FindAccord	find_accord	find_accord	Finds all steps and stages for an Accord	1
https://zapier.com/Search/AnalyzeText	zapier.com.ai	Search	AnalyzeText	analyze_text	analyze_text	Detects abusive content (cyberbullying, hate speech, profanities, etc.) / sentiment / entities / topics / syntactic structures, and more, in 30+ languages.	1
https://zapier.com/Search/DetectLanguage	zapier.com.ai	Search	DetectLanguage	detect_language	detect_language	Detects languages used in the specified text fragment. (Supports multiple languages in the same text).	1
https://zapier.com/Search/SearchLink	zapier.com.ai	Search	SearchLink	search_link	search_link	Search link by name.	1
https://zapier.com/Search/SearchRow	zapier.com.ai	Search	SearchRow	search_row	search_row	Finds a specific record in the workassist using the filter.	1
https://zapier.com/Search/AddValueToCustomField	zapier.com.ai	Search	AddValueToCustomField	add_value_to_custom_field	add_value_to_custom_field	Add or Update the value for the Custom Field	1
https://zapier.com/Search/AddValueToCustomFieldPicklist	zapier.com.ai	Search	AddValueToCustomFieldPicklist	add_value_to_custom_field_picklist	add_value_to_custom_field_picklist	Add or Update the Value for the Custom Field	1
https://zapier.com/Search/CreatePerson	zapier.com.ai	Search	CreatePerson	create_person	create_person	Creates a new person in Organimi	1
https://zapier.com/Search/GetAllPeople	zapier.com.ai	Search	GetAllPeople	get_all_people	get_all_people	Retrieves all People from Organization in Organimi	1
https://zapier.com/Search/GetAllPeopleForChart	zapier.com.ai	Search	GetAllPeopleForChart	get_all_people_for_chart	get_all_people_for_chart	Retrieves all People for Chart in Organimi	1
https://zapier.com/Search/GetAllPeopleInOrganizationSearch	zapier.com.ai	Search	GetAllPeopleInOrganizationSearch	get_all_people_in_organization_search	get_all_people_in_organization_search	Retrieves all People by Organization Search in Organimi 	1
https://zapier.com/Search/GetAllRolesInChart	zapier.com.ai	Search	GetAllRolesInChart	get_all_roles_in_chart	get_all_roles_in_chart	Retrieves all Roles from Chart in Organimi 	1
https://zapier.com/Search/GetChart	zapier.com.ai	Search	GetChart	get_chart	get_chart	Retrieves Charts in Organimi	1
https://zapier.com/Search/GetChartsForOrganization	zapier.com.ai	Search	GetChartsForOrganization	get_charts_for_organization	get_charts_for_organization	Retrieves Charts for Organization in Organimi	1
https://zapier.com/Search/GetConnectionsForRoles	zapier.com.ai	Search	GetConnectionsForRoles	get_connections_for_roles	get_connections_for_roles	Retrieves Connections for Roles in Organimi	1
https://zapier.com/Search/GetRolesForPerson	zapier.com.ai	Search	GetRolesForPerson	get_roles_for_person	get_roles_for_person	Retrieves Roles for Person by Person Id	1
https://zapier.com/Search/SearchRolesByChart	zapier.com.ai	Search	SearchRolesByChart	search_roles_by_chart	search_roles_by_chart	Searches a Role by Chart	1
https://zapier.com/Search/SearchRolesByOrganization	zapier.com.ai	Search	SearchRolesByOrganization	search_roles_by_organization	search_roles_by_organization	Searches a Role by Organization in Organimi 	1
https://zapier.com/Search/UpdatePerson	zapier.com.ai	Search	UpdatePerson	update_person	update_person	Updates a Person in Organimi	1
https://zapier.com/Search/Getlistitem	zapier.com.ai	Search	Getlistitem	getlistitem	getListItem	Fetches an item from RAPID	1
https://zapier.com/Search/Getlistitems	zapier.com.ai	Search	Getlistitems	getlistitems	getListItems	Fetches a list of items from rapid	1
https://zapier.com/Search/GetComponent	zapier.com.ai	Search	GetComponent	get_component	get_component	Get a component (including its internal id) from a given Contract version, based on a Component code.	1
https://zapier.com/Search/GetContract	zapier.com.ai	Search	GetContract	get_contract	get_contract	Returns a Contract matching a Contract Code.	1
https://zapier.com/Search/GetLatestVersion	zapier.com.ai	Search	GetLatestVersion	get_latest_version	get_latest_version	Get the latest version of a Contract based on a Contract internal id. Draft if it exists, Live otherwise.	1
https://zapier.com/Search/AssetFilter	zapier.com.ai	Search	AssetFilter	asset_filter	asset_filter	Allows assets returned by a trigger to be filtered or ordered.	1
https://zapier.com/Search/GetResults	zapier.com.ai	Search	GetResults	get_results	get_results	Finds a list of results.	1
https://zapier.com/Search/FindLx	zapier.com.ai	Search	FindLx	find_lx	find_lx	Find Learning Experience	1
https://zapier.com/Search/FindTrainee	zapier.com.ai	Search	FindTrainee	find_trainee	find_trainee	Find a Trainee By Email	1
https://zapier.com/Search/GetQuickQuizMark	zapier.com.ai	Search	GetQuickQuizMark	get_quick_quiz_mark	get_quick_quiz_mark	Get Quiz Mark For a Trainee	1
https://zapier.com/Search/FindResourceByEmail	zapier.com.ai	Search	FindResourceByEmail	find_resource_by_email	Find_resource_by_email	Find a resource by email	1
https://zapier.com/Search/FindResourceById	zapier.com.ai	Search	FindResourceById	find_resource_by_id	Find_resource_by_id	Finds a resource by ID	1
https://zapier.com/Search/FindRoleById	zapier.com.ai	Search	FindRoleById	find_role_by_id	Find_role_by_id	Finds a role by ID	1
https://zapier.com/Search/FindScenarioById	zapier.com.ai	Search	FindScenarioById	find_scenario_by_id	Find_scenario_by_id	Finds a scenario by ID	1
https://zapier.com/Search/FindScenarioByName	zapier.com.ai	Search	FindScenarioByName	find_scenario_by_name	Find_scenario_by_name	Finds a scenario by Name	1
https://zapier.com/Search/FindWorkItemByExternalId	zapier.com.ai	Search	FindWorkItemByExternalId	find_work_item_by_external_id	Find_work_item_by_external_id	Finds a work item by External ID	1
https://zapier.com/Search/FindWorkItemByWorkId	zapier.com.ai	Search	FindWorkItemByWorkId	find_work_item_by_work_id	Find_work_item_by_work_id	Finds a work item by Work ID	1
https://zapier.com/Search/FindWorkItemSegmentByWorkIdAndDate	zapier.com.ai	Search	FindWorkItemSegmentByWorkIdAndDate	find_work_item_segment_by_work_id_and_date	Find_work_item_segment_by_work_id_and_date	Finds a work item segment by work ID and start date	1
https://zapier.com/Search/FindBurp	zapier.com.ai	Search	FindBurp	find_burp	find_burp	Finds an existing burp	1
https://zapier.com/Search/GetContactByPhoneNumber	zapier.com.ai	Search	GetContactByPhoneNumber	get_contact_by_phone_number	get_contact_by_phone_number	Retrieves a contact from your account by phone number.	1
https://zapier.com/Search/GetPayees	zapier.com.ai	Search	GetPayees	get_payees	get_payees	This retrieves the payee that your company has a relationship with.	1
https://zapier.com/Search/FindLeadGroup	zapier.com.ai	Search	FindLeadGroup	find_lead_group	find_lead_group	Finds a Lead Group. This action will return all the Lead Groups whose name contains the given name. Result will contain all the Lead Groups when name is not provided	1
https://zapier.com/Search/FindUtilityCompany	zapier.com.ai	Search	FindUtilityCompany	find_utility_company	find_utility_company	Finds Utility Companies	1
https://zapier.com/Search/RandomCard	zapier.com.ai	Search	RandomCard	random_card	random_card	Get a Random Card	1
https://zapier.com/Search/RandomTopic	zapier.com.ai	Search	RandomTopic	random_topic	random_topic	Get a Random Topic	1
https://zapier.com/Search/SearchToolAction	zapier.com.ai	Search	SearchToolAction	search_tool_action	search_tool_action	Find tool by name	1
https://zapier.com/Search/GetAccountSurveys	zapier.com.ai	Search	GetAccountSurveys	get_account_surveys	get_account_surveys	Get Account Surveys (アカウントサーベイ一覧)	1
https://zapier.com/Search/GetAccountSurveyAnswers	zapier.com.ai	Search	GetAccountSurveyAnswers	get_account_survey_answers	get_account_survey_answers	Get Account Survey Answers (アカウントサーベイ回答一覧)	1
https://zapier.com/Search/GetBookmarks	zapier.com.ai	Search	GetBookmarks	get_bookmarks	get_bookmarks	Get Bookmarks (ブックマーク一覧)	1
https://zapier.com/Search/GetExternalAccounts	zapier.com.ai	Search	GetExternalAccounts	get_external_accounts	get_external_accounts	Get External Accounts (外部アカウント一覧)	1
https://zapier.com/Search/InventoryVehicle	zapier.com.ai	Search	InventoryVehicle	inventory_vehicle	inventory_vehicle	Finds a vehicle from inventory based on search criteria.	1
https://zapier.com/Search/LeadType	zapier.com.ai	Search	LeadType	lead_type	lead_type	Finds a lead type based on name.	1
https://zapier.com/Search/Team	zapier.com.ai	Search	Team	team	team	Finds a team.	1
https://zapier.com/Search/SearchCustomerProduct	zapier.com.ai	Search	SearchCustomerProduct	search_customer_product	search_customer_product	Searches for a customer product in the billing system	1
https://zapier.com/Search/SearchTelephone	zapier.com.ai	Search	SearchTelephone	search_telephone	search_telephone	Searches for a telephone number in the billing system	1
https://zapier.com/Search/GetJobStatus	zapier.com.ai	Search	GetJobStatus	get-job-status	get-job-status	Gets the status of a job	1
https://zapier.com/Search/VehiclecontrollerDvlabyvrm	zapier.com.ai	Search	VehiclecontrollerDvlabyvrm	vehiclecontroller_dvlabyvrm	VehicleController_dvlaByVRM	Finds a Vehicle by VRM (License Plate) and returns Vehicle DVLA Data	1
https://zapier.com/Search/VehiclecontrollerMotbyvrm	zapier.com.ai	Search	VehiclecontrollerMotbyvrm	vehiclecontroller_motbyvrm	VehicleController_motByVRM	Finds a Vehicle by VRM (License Plate) and returns Vehicle MOT Data	1
https://zapier.com/Search/VehiclecontrollerUlezbyvrm	zapier.com.ai	Search	VehiclecontrollerUlezbyvrm	vehiclecontroller_ulezbyvrm	VehicleController_ulezByVRM	Finds a Vehicle by VRM (License Plate) and returns Vehicle ULEZ Data	1
https://zapier.com/Search/VehiclecontrollerVehiclebyvrm	zapier.com.ai	Search	VehiclecontrollerVehiclebyvrm	vehiclecontroller_vehiclebyvrm	VehicleController_vehicleByVRM	Finds a Vehicle by VRM (License Plate) and returns Vehicle Data	1
https://zapier.com/Search/SearchDecisions	zapier.com.ai	Search	SearchDecisions	search_decisions	search_decisions	Search for decisions in your journal.	1
https://zapier.com/Search/GetAProject	zapier.com.ai	Search	GetAProject	get_a_project	get_a_project	Retrieves information about the given Project.	1
https://zapier.com/Search/GetARetable	zapier.com.ai	Search	GetARetable	get_a_retable	get_a_retable	Retrieves information about the given Retable.	1
https://zapier.com/Search/GetAWorkspace	zapier.com.ai	Search	GetAWorkspace	get_a_workspace	get_a_workspace	Retrieves information about given Workspace.	1
https://zapier.com/Search/GetProjectsRetables	zapier.com.ai	Search	GetProjectsRetables	get_projects_retables	get_projects_retables	Get all Retables in the given Project.	1
https://zapier.com/Search/GetRows	zapier.com.ai	Search	GetRows	get_rows	get_rows	Retrieves rows of  the given Retable.	1
https://zapier.com/Search/GetWorkspacesProjects	zapier.com.ai	Search	GetWorkspacesProjects	get_workspaces_projects	get_workspaces_projects	Gets all projects in the given Workspace.	1
https://zapier.com/Search/FindPlaylist	zapier.com.ai	Search	FindPlaylist	find_playlist	find_playlist	Finds a Playlist	1
https://zapier.com/Search/BusinessList	zapier.com.ai	Search	BusinessList	business_list	business_list	Retrieve list of businesses matching one or many filter criteria. Consumes 1 credit per request.	1
https://zapier.com/Search/BusinessView	zapier.com.ai	Search	BusinessView	business_view	business_view	Find a business using a unique identifier (ABN, domain, social media URL)	1
https://zapier.com/Search/BusinessViewAds	zapier.com.ai	Search	BusinessViewAds	business_view_ads	business_view_ads	Find a business using a unique identifier (ABN, domain, social media URL) and get its ads data.	1
https://zapier.com/Search/BusinessViewAwards	zapier.com.ai	Search	BusinessViewAwards	business_view_awards	business_view_awards	Find a business using a unique identifier (ABN, domain, social media URL) and get its awards data.	1
https://zapier.com/Search/BusinessViewContracts	zapier.com.ai	Search	BusinessViewContracts	business_view_contracts	business_view_contracts	Find a business using a unique identifier (ABN, domain, social media URL) and get its contracts data.	1
https://zapier.com/Search/BusinessViewCustomerReviews	zapier.com.ai	Search	BusinessViewCustomerReviews	business_view_customer_reviews	business_view_customer_reviews	Find a business using a unique identifier (ABN, domain, social media URL) and get its customer reviews data.	1
https://zapier.com/Search/BusinessViewDomains	zapier.com.ai	Search	BusinessViewDomains	business_view_domains	business_view_domains	Find a business using a unique identifier (ABN, domain, social media URL) and get its domains data.	1
https://zapier.com/Search/BusinessViewEmployeeReviews	zapier.com.ai	Search	BusinessViewEmployeeReviews	business_view_employee_reviews	business_view_employee_reviews	Find a business using a unique identifier (ABN, domain, social media URL) and get its employee reviews data.	1
https://zapier.com/Search/BusinessViewFeed	zapier.com.ai	Search	BusinessViewFeed	business_view_feed	business_view_feed	Find a business using a unique identifier (ABN, domain, social media URL) and get its events feed.	1
https://zapier.com/Search/BusinessViewFinance	zapier.com.ai	Search	BusinessViewFinance	business_view_finance	business_view_finance	Find a business using a unique identifier (ABN, domain, social media URL) and get its finance data.	1
https://zapier.com/Search/BusinessViewJobs	zapier.com.ai	Search	BusinessViewJobs	business_view_jobs	business_view_jobs	Find a business using a unique identifier (ABN, domain, social media URL) and get its jobs data.	1
https://zapier.com/Search/BusinessViewLocations	zapier.com.ai	Search	BusinessViewLocations	business_view_locations	business_view_locations	Find a business using a unique identifier (ABN, domain, social media URL) and get its locations data.	1
https://zapier.com/Search/BusinessViewNews	zapier.com.ai	Search	BusinessViewNews	business_view_news	business_view_news	Find a business using a unique identifier (ABN, domain, social media URL) and get its news data.	1
https://zapier.com/Search/BusinessViewOrganic	zapier.com.ai	Search	BusinessViewOrganic	business_view_organic	business_view_organic	Find a business using a unique identifier (ABN, domain, social media URL) and get its organic search data.	1
https://zapier.com/Search/BusinessViewPeople	zapier.com.ai	Search	BusinessViewPeople	business_view_people	business_view_people	Find a business using a unique identifier (ABN, domain, social media URL) and get its people data.	1
https://zapier.com/Search/BusinessViewSalaries	zapier.com.ai	Search	BusinessViewSalaries	business_view_salaries	business_view_salaries	Find a business using a unique identifier (ABN, domain, social media URL) and get its salaries data.	1
https://zapier.com/Search/BusinessViewSocials	zapier.com.ai	Search	BusinessViewSocials	business_view_socials	business_view_socials	Find a business using a unique identifier (ABN, domain, social media URL) and get its social media data.	1
https://zapier.com/Search/BusinessViewTechStack	zapier.com.ai	Search	BusinessViewTechStack	business_view_tech_stack	business_view_tech_stack	Find a business using a unique identifier (ABN, domain, social media URL) and get its tech stack data.	1
https://zapier.com/Search/BusinessViewTrademarks	zapier.com.ai	Search	BusinessViewTrademarks	business_view_trademarks	business_view_trademarks	Find a business using a unique identifier (ABN, domain, social media URL) and get its trademarks data.	1
https://zapier.com/Search/DomainView	zapier.com.ai	Search	DomainView	domain_view	domain_view	Get data for a domain	1
https://zapier.com/Search/DomainViewAds	zapier.com.ai	Search	DomainViewAds	domain_view_ads	domain_view_ads	Get ads data for a domain	1
https://zapier.com/Search/DomainViewCustomerReviews	zapier.com.ai	Search	DomainViewCustomerReviews	domain_view_customer_reviews	domain_view_customer_reviews	Get customer reviews for a domain	1
https://zapier.com/Search/DomainViewOrganic	zapier.com.ai	Search	DomainViewOrganic	domain_view_organic	domain_view_organic	Get organic search data for a domain	1
https://zapier.com/Search/DomainViewTechStack	zapier.com.ai	Search	DomainViewTechStack	domain_view_tech_stack	domain_view_tech_stack	Get tech stack data for a domain	1
https://zapier.com/Search/DownloadDocument	zapier.com.ai	Search	DownloadDocument	download_document	download_document	Download a document in base64 or binary or get an URL based on a chosen trigger. 	1
https://zapier.com/Search/ExportDocumentVariables	zapier.com.ai	Search	ExportDocumentVariables	export_document_variables	export_document_variables	Export a list of variables from a document based on a chosen trigger. 	1
https://zapier.com/Search/RetrieveADocument	zapier.com.ai	Search	RetrieveADocument	retrieve_a_document	retrieve_a_document	Retrieves a Document based on a chosen trigger. 	1
https://zapier.com/Search/RetrieveATemplate	zapier.com.ai	Search	RetrieveATemplate	retrieve_a_template	retrieve_a_template	Retrieves a Template based on a chosen trigger. 	1
https://zapier.com/Search/RetrieveDocuments	zapier.com.ai	Search	RetrieveDocuments	retrieve_documents	retrieve_documents	Search documents in your workspace based on a chosen trigger. 	1
https://zapier.com/Search/GetOrganisation	zapier.com.ai	Search	GetOrganisation	get_organisation	get_organisation	Retrieves an Organisation from SwiftFox by their ID	1
https://zapier.com/Search/SearchOrganisations	zapier.com.ai	Search	SearchOrganisations	search_organisations	search_organisations	Searches for Organisations in SwiftFox	1
https://zapier.com/Search/SearchPeople	zapier.com.ai	Search	SearchPeople	search_people	search_people	Searches for People in SwiftFox	1
https://zapier.com/Search/FindJob2	zapier.com.ai	Search	FindJob2	find_job_2	find_job_2	Finds a job by many criteria, etc reference number, order number, etc. Optionally, create a job (pickup-dropoff) if none are found.⌕	1
https://zapier.com/Search/UpdateObject	zapier.com.ai	Search	UpdateObject	update_object	update_object	Search for an object and update the object, for example, a task, account, or lead, within the Simbla platform.	1
https://zapier.com/Search/FindActionItem	zapier.com.ai	Search	FindActionItem	find_action_item	find_action_item	Finds an action item	1
https://zapier.com/Search/FindPreparationHighlight	zapier.com.ai	Search	FindPreparationHighlight	find_preparation_highlight	find_preparation_highlight	Finds an agenda item	1
https://zapier.com/Search/FindSummaryHighlight	zapier.com.ai	Search	FindSummaryHighlight	find_summary_highlight	find_summary_highlight	Finds a summary highlight	1
https://zapier.com/Search/FindTranscript	zapier.com.ai	Search	FindTranscript	find_transcript	find_transcript	Finds a session transcript	1
https://zapier.com/Search/Fileresult	zapier.com.ai	Search	Fileresult	fileresult	fileResult	Search for results based on processed file	1
https://zapier.com/Search/Uploadedcollectionfile	zapier.com.ai	Search	Uploadedcollectionfile	uploadedcollectionfile	uploadedCollectionFile	Search for original files uploaded for specified collection. If collection contains single file, original file is downloaded. If collection was created based on multiple files, the result is .zip archive containing all uploaded files.	1
https://zapier.com/Search/GoogleSearch	zapier.com.ai	Search	GoogleSearch	google_search	google_search	Search for a keyword on Google and get results.	1
https://zapier.com/Search/Clients	zapier.com.ai	Search	Clients	clients	clients	This action will retrieve information about clients referred from your White Swan account. To retrieve information about a specific client, you can use their email.	1
https://zapier.com/Search/EarningEvents	zapier.com.ai	Search	EarningEvents	earning_events	earning_events	This action will retrieve information about earnings events within your White Swan account. You can filter events by referring account user, client, and lookback period.	1
https://zapier.com/Search/FindPlanRequest	zapier.com.ai	Search	FindPlanRequest	find_plan_request	find_plan_request	This action will retrieve information about plan requests made through one of your pages.	1
https://zapier.com/Search/PersonalPlans	zapier.com.ai	Search	PersonalPlans	personal_plans	personal_plans	This action will retrieve information about personal plans associated with your account.	1
https://zapier.com/Search/SneakerProduct	zapier.com.ai	Search	SneakerProduct	sneaker_product	sneaker_product	Search for a sneaker reference.	1
https://zapier.com/Search/SneakerReleases	zapier.com.ai	Search	SneakerReleases	sneaker_releases	sneaker_releases	Find the latest sneaker releases.	1
https://zapier.com/Search/CompanyNameToDomain	zapier.com.ai	Search	CompanyNameToDomain	company_name_to_domain	company_name_to_domain	Find company domain based on company name	1
https://zapier.com/Search/ClientLookup	zapier.com.ai	Search	ClientLookup	client_lookup	client_lookup	Busca o client e retorna o token	1
https://zapier.com/Search/GeneratorLookup	zapier.com.ai	Search	GeneratorLookup	generator_lookup	generator_lookup	Find and persist Generator info from MtnStudio.	1
https://zapier.com/Search/ProductLookup	zapier.com.ai	Search	ProductLookup	product_lookup	product_lookup	Find and persist Product ID and name from MtnStudio.	1
https://zapier.com/Search/SendtypeLookup	zapier.com.ai	Search	SendtypeLookup	sendtype_lookup	sendtype_lookup	Find and persist Send Type from MtnStudio.	1
https://zapier.com/Search/Searchconversation	zapier.com.ai	Search	Searchconversation	searchconversation	searchConversation	Search conversations from an organization	1
https://zapier.com/Search/Searchcustomercategory	zapier.com.ai	Search	Searchcustomercategory	searchcustomercategory	searchCustomerCategory	Search customer categories from an organization	1
https://zapier.com/Search/Searchcustomerstatus	zapier.com.ai	Search	Searchcustomerstatus	searchcustomerstatus	searchCustomerStatus	Search customer statuses from an organization	1
https://zapier.com/Search/Searcheventtype	zapier.com.ai	Search	Searcheventtype	searcheventtype	searchEventType	Search event types from an organization	1
https://zapier.com/Search/Searchexportable	zapier.com.ai	Search	Searchexportable	searchexportable	searchExportable	Search exports from an organization	1
https://zapier.com/Search/Searchlist	zapier.com.ai	Search	Searchlist	searchlist	searchList	Search lists from an organization	1
https://zapier.com/Search/Searchnotification	zapier.com.ai	Search	Searchnotification	searchnotification	searchNotification	Search notifications from an organization	1
https://zapier.com/Search/Searchsale	zapier.com.ai	Search	Searchsale	searchsale	searchSale	Search sales from an organization	1
https://zapier.com/Search/Searchtemplate	zapier.com.ai	Search	Searchtemplate	searchtemplate	searchTemplate	Search contracts from an organization	1
https://zapier.com/Search/Searchtimetracking	zapier.com.ai	Search	Searchtimetracking	searchtimetracking	searchTimeTracking	Search time trackings from an organization	1
https://zapier.com/Search/Debtor	zapier.com.ai	Search	Debtor	debtor	debtor	Finds a Debtor or Debtors via their ID.	1
https://zapier.com/Search/FindClientcontact	zapier.com.ai	Search	FindClientcontact	find_clientcontact	find_clientcontact	Finds a Client Contact or Client Contacts, with support for advanced filters.	1
https://zapier.com/Search/FindJoborder	zapier.com.ai	Search	FindJoborder	find_joborder	find_joborder	Finds a Job Order or Job Orders, with support for advanced filters.	1
https://zapier.com/Search/FindJobtemplate	zapier.com.ai	Search	FindJobtemplate	find_jobtemplate	find_jobtemplate	Finds a Job Template or Job Templates, with support for advanced filters.	1
https://zapier.com/Search/FindPayslip	zapier.com.ai	Search	FindPayslip	find_payslip	find_payslip	Finds a payslip. Supports many advanced filters, including searching via Candidate.	1
https://zapier.com/Search/GetCandidateSkills	zapier.com.ai	Search	GetCandidateSkills	get_candidate_skills	get_candidate_skills	Finds a candidate's skills by their Candidate ID.	1
https://zapier.com/Search/Mergezapiertablessearch	zapier.com.ai	Search	Mergezapiertablessearch	mergezapiertablessearch	MergeZapierTablesSearch	Combine two Zapier Tables into a single	1
https://zapier.com/Search/Numbertotextcurrencysearch	zapier.com.ai	Search	Numbertotextcurrencysearch	numbertotextcurrencysearch	numberToTextCurrencySearch	Converts number into text.	1
https://zapier.com/Search/Textextractemailssearch	zapier.com.ai	Search	Textextractemailssearch	textextractemailssearch	textExtractEmailsSearch	Extracts all email addresses from text.	1
https://zapier.com/Search/Textvalidatestartswithsearch	zapier.com.ai	Search	Textvalidatestartswithsearch	textvalidatestartswithsearch	textValidateStartsWithSearch	Validates whether the text begins with the specified prefix.	1
https://zapier.com/Search/FindIssueByName	zapier.com.ai	Search	FindIssueByName	find_issue_by_name	find_issue_by_name	Finds an existing task within a location. Optionally, create a task if none are found.	1
https://zapier.com/Search/FindSubscribers	zapier.com.ai	Search	FindSubscribers	find_subscribers	find_subscribers	Find an existing subscriber by their email address	1
https://zapier.com/Search/Getvatdetails	zapier.com.ai	Search	Getvatdetails	getvatdetails	getVatDetails	Gets VAT information for a company.	1
https://zapier.com/Search/GetDonors	zapier.com.ai	Search	GetDonors	get_donors	get_donors	Retrieves all donors	1
https://zapier.com/Search/GetDonorByCustomDonorId	zapier.com.ai	Search	GetDonorByCustomDonorId	get_donor_by_custom_donor_id	get_donor_by_custom_donor_id	Retrieves a donor by their custom donor ID.	1
https://zapier.com/Search/GetDonorByEmail	zapier.com.ai	Search	GetDonorByEmail	get_donor_by_email	get_donor_by_email	Retrieves a donor by their email.	1
https://zapier.com/Search/GetDonorById	zapier.com.ai	Search	GetDonorById	get_donor_by_id	get_donor_by_id	Retrieves a donor by their ID.	1
https://zapier.com/Search/GetDonorByPhone	zapier.com.ai	Search	GetDonorByPhone	get_donor_by_phone	get_donor_by_phone	Retrieves a donor by their phone number.	1
https://zapier.com/Search/GetTasksByDonorId	zapier.com.ai	Search	GetTasksByDonorId	get_tasks_by_donor_id	get_tasks_by_donor_id	Retrieves touchpoint by donor ID.	1
https://zapier.com/Search/ReadGroupRoster	zapier.com.ai	Search	ReadGroupRoster	read_group_roster	read_group_roster	Read Group Roster with Pagination	1
https://zapier.com/Search/ProcessCheckAction	zapier.com.ai	Search	ProcessCheckAction	process_check_action	process_check_action	Check is processed data is ready.	1
https://zapier.com/Search/DownloadDocumentVersionAction	zapier.com.ai	Search	DownloadDocumentVersionAction	download_document_version_action	download_document_version_action	Downloads document version in given format.	1
https://zapier.com/Search/DownloadExternalFileAction	zapier.com.ai	Search	DownloadExternalFileAction	download_external_file_action	download_external_file_action	Downloads attached file in document record.	1
https://zapier.com/Search/GetDocumentRecordAction	zapier.com.ai	Search	GetDocumentRecordAction	get_document_record_action	get_document_record_action	Gets document records.	1
https://zapier.com/Search/GetDocumentShareAction	zapier.com.ai	Search	GetDocumentShareAction	get_document_share_action	get_document_share_action	Shows sharing of a specific document.	1
https://zapier.com/Search/GetDocumentVersionsAction	zapier.com.ai	Search	GetDocumentVersionsAction	get_document_versions_action	get_document_versions_action	Gets document versions of selected document record.	1
https://zapier.com/Search/GetDocumentVersionAction	zapier.com.ai	Search	GetDocumentVersionAction	get_document_version_action	get_document_version_action	Gets elements and content of document version.	1
https://zapier.com/Search/GetFilesAction	zapier.com.ai	Search	GetFilesAction	get_files_action	get_files_action	Gets files attached to a document record.	1
https://zapier.com/Search/GetObjectsAction	zapier.com.ai	Search	GetObjectsAction	get_objects_action	get_objects_action	Gets objects from workspace.	1
https://zapier.com/Search/GetObjectRecordsAction	zapier.com.ai	Search	GetObjectRecordsAction	get_object_records_action	get_object_records_action	Gets object records.	1
https://zapier.com/Search/GetUsersAction	zapier.com.ai	Search	GetUsersAction	get_users_action	get_users_action	Gets users via Legito API.	1
https://zapier.com/Search/Getinvoice	zapier.com.ai	Search	Getinvoice	getinvoice	getInvoice	Get more detailed information about an invoice	1
https://zapier.com/Search/Getofferings	zapier.com.ai	Search	Getofferings	getofferings	getOfferings	Find all of the offerings in your Paigo account. 	1
https://zapier.com/Search/RecordsFilter	zapier.com.ai	Search	RecordsFilter	records_filter	records_filter	Query an InfoLobby Table by Field Conditions and get back matching Records.	1
https://zapier.com/Search/RecordsQuery	zapier.com.ai	Search	RecordsQuery	records_query	records_query	Search an InfoLobby Table and get back matching Records.	1
https://zapier.com/Search/GetApps	zapier.com.ai	Search	GetApps	get_apps	get_apps	Get all the apps you have made	1
https://zapier.com/Search/FindContractjob	zapier.com.ai	Search	FindContractjob	find_contractjob	find_contractJob	Finds a Contract Job.	1
https://zapier.com/Search/FindContractor	zapier.com.ai	Search	FindContractor	find_contractor	find_contractor	Finds a contract in Bilflo.	1
https://zapier.com/Search/FindTeammember	zapier.com.ai	Search	FindTeammember	find_teammember	find_teamMember	Finds a Team member.	1
https://zapier.com/Search/Getclientaddress	zapier.com.ai	Search	Getclientaddress	getclientaddress	GetClientAddress	Finds all addresses for a client.	1
https://zapier.com/Search/Getclientagreements	zapier.com.ai	Search	Getclientagreements	getclientagreements	GetClientAgreements	Finds Client agreements.	1
https://zapier.com/Search/Getcontractinvoicegroup	zapier.com.ai	Search	Getcontractinvoicegroup	getcontractinvoicegroup	GetContractInvoiceGroup	Find a Contract invoice group.	1
https://zapier.com/Search/Getcontractpo	zapier.com.ai	Search	Getcontractpo	getcontractpo	GetContractPO	Finds all contract POs for a client.	1
https://zapier.com/Search/FindFormResponses	zapier.com.ai	Search	FindFormResponses	find_form_responses	find_form_responses	Find responses of your Magicform	1
https://zapier.com/Search/FindDashboard	zapier.com.ai	Search	FindDashboard	find_dashboard	find_dashboard	Finds a Dashboard and returns the Dashboard ID and Dashboard Name	1
https://zapier.com/Search/FindMany	zapier.com.ai	Search	FindMany	find_many	find_many	Get all data returned by a model.	1
https://zapier.com/Search/FindOne	zapier.com.ai	Search	FindOne	find_one	find_one	Get the first data item returned by a model.	1
https://zapier.com/Search/RunSimple	zapier.com.ai	Search	RunSimple	run_simple	run_simple	Get a single column from the grid.	1
https://zapier.com/Search/RunTemporal	zapier.com.ai	Search	RunTemporal	run_temporal	run_temporal	Get the grid results over time.	1
https://zapier.com/Search/SimpleSearch	zapier.com.ai	Search	SimpleSearch	simple_search	simple_search	Finds a simplesearch based on name.	1
https://zapier.com/Search/GetassetsSearch	zapier.com.ai	Search	GetassetsSearch	getassets_search	getAssets_search	Find Asset by Name.	1
https://zapier.com/Search/GetassetupdatetypesSearch	zapier.com.ai	Search	GetassetupdatetypesSearch	getassetupdatetypes_search	getAssetUpdateTypes_search	Find Asset Update Type by Name.	1
https://zapier.com/Search/GetcountrySearch	zapier.com.ai	Search	GetcountrySearch	getcountry_search	getCountry_search	Find Country by Name or Code.	1
https://zapier.com/Search/GetcurrencySearch	zapier.com.ai	Search	GetcurrencySearch	getcurrency_search	getCurrency_search	Find Currency by Name or Code.	1
https://zapier.com/Search/GetdealsSearch	zapier.com.ai	Search	GetdealsSearch	getdeals_search	getDeals_search	Find Deal in Dealflow by Name or by Contact Person email for a given Pipeline ID.	1
https://zapier.com/Search/GetfundsSearch	zapier.com.ai	Search	GetfundsSearch	getfunds_search	getFunds_search	Find Fund by Name.	1
https://zapier.com/Search/GetmanagerSearch	zapier.com.ai	Search	GetmanagerSearch	getmanager_search	getManager_search	Find Manager by Name.	1
https://zapier.com/Search/GetsectorsSearch	zapier.com.ai	Search	GetsectorsSearch	getsectors_search	getSectors_search	Find Sector in Dealflow by Name for a given Pipeline ID.	1
https://zapier.com/Search/GetsourcesSearch	zapier.com.ai	Search	GetsourcesSearch	getsources_search	getSources_search	Find Source in Dealflow by Name for a given Pipeline ID.	1
https://zapier.com/Search/GetstagesSearch	zapier.com.ai	Search	GetstagesSearch	getstages_search	getStages_search	Find Stage of Deal by Name for a given Pipeline ID.	1
https://zapier.com/Search/GetsubsectorSearch	zapier.com.ai	Search	GetsubsectorSearch	getsubsector_search	getSubSector_search	Find SubSector by Name.	1
https://zapier.com/Search/GetteamsSearch	zapier.com.ai	Search	GetteamsSearch	getteams_search	getTeams_search	Find Pipeline in Dealflow by Name.	1
https://zapier.com/Search/GetJobCandidateAnalysis	zapier.com.ai	Search	GetJobCandidateAnalysis	get_job_candidate_analysis	get_job_candidate_analysis	Gets Job Candidate Analysis from SmartyMeet.	1
https://zapier.com/Search/Businesses	zapier.com.ai	Search	Businesses	businesses	Businesses	Returns a list of businesses	1
https://zapier.com/Search/Getprojects	zapier.com.ai	Search	Getprojects	getprojects	GetProjects	Gets list of the projects	1
https://zapier.com/Search/InvoicesCategoriestoexport	zapier.com.ai	Search	InvoicesCategoriestoexport	invoices_categoriestoexport	Invoices_CategoriesToExport	Returns categories to export	1
https://zapier.com/Search/FindCalibrationsByGageId	zapier.com.ai	Search	FindCalibrationsByGageId	find_calibrations_by_gage_id	find_calibrations_by_gage_id	Finds Calibration records under a Gage.	1
https://zapier.com/Search/FindGageById	zapier.com.ai	Search	FindGageById	find_gage_by_id	find_gage_by_id	Gets a gage based on its Id	1
https://zapier.com/Search/GetAccountSettings	zapier.com.ai	Search	GetAccountSettings	get_account_settings	get_account_settings	Gets the users account settings	1
https://zapier.com/Search/GetAccountStatus	zapier.com.ai	Search	GetAccountStatus	get_account_status	get_account_status	Gets the status of your account.	1
https://zapier.com/Search/GetCustomValues	zapier.com.ai	Search	GetCustomValues	get_custom_values	get_custom_values	Gets the custom field values within a gage or a calibration.	1
https://zapier.com/Search/GetManufacturerByName	zapier.com.ai	Search	GetManufacturerByName	get_manufacturer_by_name	get_manufacturer_by_name	Gets the manufacturer by their name.	1
https://zapier.com/Search/FindBackupById	zapier.com.ai	Search	FindBackupById	find_backup_by_id	find_backup_by_id	Finds a Backup by ID	1
https://zapier.com/Search/GetDownloadLink	zapier.com.ai	Search	GetDownloadLink	get_download_link	get_download_link	Get the download link for a backup or backup log.	1
https://zapier.com/Search/FindMedia	zapier.com.ai	Search	FindMedia	find_media	find_media	Finds a file by id in the system.	1
https://zapier.com/Search/ExecuteAccessor	zapier.com.ai	Search	ExecuteAccessor	execute_accessor	execute_accessor	Execute an accessor in UserClouds	1
https://zapier.com/Search/ResolveTokens	zapier.com.ai	Search	ResolveTokens	resolve_tokens	resolve_tokens	Resolve Tokens from UserClouds	1
https://zapier.com/Search/FindInput	zapier.com.ai	Search	FindInput	find_input	find_input	Find an Input record in the system	1
https://zapier.com/Search/ListOrgProjects	zapier.com.ai	Search	ListOrgProjects	list_org_projects	list_org_projects	This endpoint allows users to fetch all projects from the organisation.	1
https://zapier.com/Search/ListSources	zapier.com.ai	Search	ListSources	list_sources	list_sources	This endpoint allows users to fetch all sources.	1
https://zapier.com/Search/ListWorkflows	zapier.com.ai	Search	ListWorkflows	list_workflows	list_workflows	Retrieves a list of NER workflows.	1
https://zapier.com/Search/ListWorkflowRuns	zapier.com.ai	Search	ListWorkflowRuns	list_workflow_runs	list_workflow_runs	Retrieves a paginated list of execution runs for a specific workflow.	1
https://zapier.com/Search/FindSmsMarketingCampaign	zapier.com.ai	Search	FindSmsMarketingCampaign	find_sms_marketing_campaign	find_sms_marketing_campaign	Finds a SMS Marketing Campaign in the system	1
https://zapier.com/Search/FindSmsPushCampaign	zapier.com.ai	Search	FindSmsPushCampaign	find_sms_push_campaign	find_sms_push_campaign	Finds a SMS Push Campaign in the system	1
https://zapier.com/Search/FindTransactionalSms	zapier.com.ai	Search	FindTransactionalSms	find_transactional_sms	find_transactional_sms	Finds a Transactional SMS in the system	1
https://zapier.com/Search/FindAddressTokenBalance	zapier.com.ai	Search	FindAddressTokenBalance	find_address_token_balance	find_address_token_balance	Find the balance of a token for a given address.	1
https://zapier.com/Search/FindAllRecords	zapier.com.ai	Search	FindAllRecords	find_all_records	find_all_records	Find all records for a given bucket.	1
https://zapier.com/Search/FindAllTokens	zapier.com.ai	Search	FindAllTokens	find_all_tokens	find_all_tokens	Find all tokens associated with a given bucket.	1
https://zapier.com/Search/FindOneRecord	zapier.com.ai	Search	FindOneRecord	find_one_record	find_one_record	Find a single record for a bucket	1
https://zapier.com/Search/FindOneToken	zapier.com.ai	Search	FindOneToken	find_one_token	find_one_token	Find a single token for a bucket.	1
https://zapier.com/Search/FindTokenMetadata	zapier.com.ai	Search	FindTokenMetadata	find_token_metadata	find_token_metadata	Find the metadata for token.	1
https://zapier.com/Search/FindTokenSupply	zapier.com.ai	Search	FindTokenSupply	find_token_supply	find_token_supply	Find the supply of a token.	1
https://zapier.com/Search/FindCampaigns	zapier.com.ai	Search	FindCampaigns	find_campaigns	find_campaigns	Find all campaigns for the user	1
https://zapier.com/Search/SearchSku	zapier.com.ai	Search	SearchSku	search_sku	search_sku	Search for a Product by its SKU and retrieve its basic information	1
https://zapier.com/Search/SearchAttendee	zapier.com.ai	Search	SearchAttendee	search_attendee	search_attendee	Finds an attendee in an event.	1
https://zapier.com/Search/FindBillingSchedule	zapier.com.ai	Search	FindBillingSchedule	find_billing_schedule	find_billing_schedule	Gets the Billing Schedules for a specific Subscription.	1
https://zapier.com/Search/FindApps	zapier.com.ai	Search	FindApps	find_apps	find_apps	Finds the Applications in your project	1
https://zapier.com/Search/FindFlow	zapier.com.ai	Search	FindFlow	find_flow	find_flow	Finds the Flow in your project	1
https://zapier.com/Search/FindIcons	zapier.com.ai	Search	FindIcons	find_icons	find_icons	Finds the Icons in your project	1
https://zapier.com/Search/FindLicense	zapier.com.ai	Search	FindLicense	find_license	find_license	Finds the Licenses in your account	1
https://zapier.com/Search/FindTemplates	zapier.com.ai	Search	FindTemplates	find_templates	find_templates	Finds the Datafields connected to your icons	1
https://zapier.com/Search/FindVersion	zapier.com.ai	Search	FindVersion	find_version	find_version	Finds the Versions in a project 	1
https://zapier.com/Search/Readnewusers	zapier.com.ai	Search	Readnewusers	readnewusers	ReadNewUsers	Get new users matching search criteria	1
https://zapier.com/Search/FindCarrier	zapier.com.ai	Search	FindCarrier	find_carrier	find_carrier	Finds a Carrier in AgencyComp.	1
https://zapier.com/Search/FindIndividual	zapier.com.ai	Search	FindIndividual	find_individual	find_individual	Finds an Individual Client in AgencyComp.	1
https://zapier.com/Search/FindPolicy	zapier.com.ai	Search	FindPolicy	find_policy	find_policy	Finds a Policy in AgencyComp.	1
https://zapier.com/Search/GetImage	zapier.com.ai	Search	GetImage	get_image	get_image	Returns the image details from id_image	1
https://zapier.com/Search/FindFilesFolders	zapier.com.ai	Search	FindFilesFolders	find_files_folders	find_files_folders	Returns the files and folders in a given folder.	1
https://zapier.com/Search/GetProspectContacts	zapier.com.ai	Search	GetProspectContacts	get_prospect_contacts	get_prospect_contacts	List Prospect Contacts	1
https://zapier.com/Search/ListContactsForAProspect	zapier.com.ai	Search	ListContactsForAProspect	list_contacts_for_a_prospect	list_contacts_for_a_prospect	List Contacts for a Prospect Account	1
https://zapier.com/Search/ListProspects	zapier.com.ai	Search	ListProspects	list_prospects	list_prospects	Get List of Prospect Accounts	1
https://zapier.com/Search/Getpreviousemailscan	zapier.com.ai	Search	Getpreviousemailscan	getpreviousemailscan	GetPreviousEmailScan	Fetch results from a previous Postmaster+ Intelligence email scan.	1
https://zapier.com/Search/SearchCollection	zapier.com.ai	Search	SearchCollection	search_collection	search_collection	Searches a Needle collection and returns a list of chunks.	1
https://zapier.com/Search/LyraFind	zapier.com.ai	Search	LyraFind	lyra_find	lyra_find	Finds a Lyra in the organization.	1
https://zapier.com/Search/JobId	zapier.com.ai	Search	JobId	job_id	job_id	Finds Attributions for the specified Job ID	1
https://zapier.com/Search/ExecutiveInfo	zapier.com.ai	Search	ExecutiveInfo	executive_info	executive_info	Gets executive information based on full name.	1
https://zapier.com/Search/OrgchartInfo	zapier.com.ai	Search	OrgchartInfo	orgchart_info	orgchart_info	Gets orgchar tinformation based on company name.	1
https://zapier.com/Search/SearchEmails	zapier.com.ai	Search	SearchEmails	search_emails	search_emails	Make a request to ExactMails to search for emails	1
https://zapier.com/Search/Customerssearch	zapier.com.ai	Search	Customerssearch	customerssearch	customersSearch	Finds a customer.	1
https://zapier.com/Search/CustomerGroupssearch	zapier.com.ai	Search	CustomerGroupssearch	customer_groupssearch	customer_groupsSearch	Finds a customer group.	1
https://zapier.com/Search/Discountssearch	zapier.com.ai	Search	Discountssearch	discountssearch	discountsSearch	Finds a discount.	1
https://zapier.com/Search/DiscountsSummary	zapier.com.ai	Search	DiscountsSummary	discounts_summary	discounts_summary	Finds a discounts summary based on start and end date.	1
https://zapier.com/Search/ItemSalesSummary	zapier.com.ai	Search	ItemSalesSummary	item_sales_summary	item_sales_summary	Finds a item sales summary based on start and end date.	1
https://zapier.com/Search/Modifierssearch	zapier.com.ai	Search	Modifierssearch	modifierssearch	modifiersSearch	Finds a modifier.	1
https://zapier.com/Search/ModifierGroupssearch	zapier.com.ai	Search	ModifierGroupssearch	modifier_groupssearch	modifier_groupsSearch	Finds a modifier group.	1
https://zapier.com/Search/ModifierSalesSummary	zapier.com.ai	Search	ModifierSalesSummary	modifier_sales_summary	modifier_sales_summary	Finds a modifier sales summary based on start and end date.	1
https://zapier.com/Search/Printersearch	zapier.com.ai	Search	Printersearch	printersearch	printerSearch	Finds a printer.	1
https://zapier.com/Search/SalesSummary	zapier.com.ai	Search	SalesSummary	sales_summary	sales_summary	Finds a sales summary based on start and end date.	1
https://zapier.com/Search/ShiftsSummary	zapier.com.ai	Search	ShiftsSummary	shifts_summary	shifts_summary	Finds a shifts summary based on start and end date.	1
https://zapier.com/Search/TaxesSummary	zapier.com.ai	Search	TaxesSummary	taxes_summary	taxes_summary	Finds a taxes summary based on start and end date.	1
https://zapier.com/Search/TaxRatesearch	zapier.com.ai	Search	TaxRatesearch	tax_ratesearch	tax_rateSearch	Finds a tax rate.	1
https://zapier.com/Search/Terminalssearch	zapier.com.ai	Search	Terminalssearch	terminalssearch	terminalsSearch	Finds a terminal.	1
https://zapier.com/Search/VoidedItemsSummary	zapier.com.ai	Search	VoidedItemsSummary	voided_items_summary	voided_items_summary	Finds a voided items summary based on start and end date.	1
https://zapier.com/Search/GetRenter	zapier.com.ai	Search	GetRenter	get_renter	get_renter	To get complete renter details	1
https://zapier.com/Search/PastReviews	zapier.com.ai	Search	PastReviews	past_reviews	past_reviews	Find Past Reviews in the system	1
https://zapier.com/Search/SearchRenter	zapier.com.ai	Search	SearchRenter	search_renter	search_renter	Find a Renter in the system	1
https://zapier.com/Search/FindClip	zapier.com.ai	Search	FindClip	find_clip	find_clip	Search and retrieve clips from KLIPY's database.	1
https://zapier.com/Search/FindGif	zapier.com.ai	Search	FindGif	find_gif	find_gif	Search and retrieve GIFs from KLIPY's database.	1
https://zapier.com/Search/FindSticker	zapier.com.ai	Search	FindSticker	find_sticker	find_sticker	Search and retrieve stickers from KLIPY's database.	1
https://zapier.com/Search/GetContactByEmail	zapier.com.ai	Search	GetContactByEmail	get_contact_by_email	get_contact_by_email	Finds a contact from the contact list.	1
https://zapier.com/Search/GetTransactions	zapier.com.ai	Search	GetTransactions	get_transactions	get_transactions	Searches Bit2Me for account transactions using optional filters such as type, subtype or date range.	1
https://zapier.com/Search/ListSpace	zapier.com.ai	Search	ListSpace	list_space	list_space	Finds a list_space based on name.	1
https://zapier.com/Search/GetRpd	zapier.com.ai	Search	GetRpd	get_rpd	get_rpd	Retrieves the information about an RPD based on its ID. Among the information returned is the features enabled, the readers and the open records of the RPD.	1
https://zapier.com/Search/GetGeneration	zapier.com.ai	Search	GetGeneration	get_generation	get_generation	Retrieves the status and results of an image generation task.	1
https://zapier.com/Search/FindAttribute	zapier.com.ai	Search	FindAttribute	find_attribute	find_attribute	This method returns selected global attribute	1
https://zapier.com/Search/FindCustomerNote	zapier.com.ai	Search	FindCustomerNote	find_customer_note	find_customer_note	This method returns customer note	1
https://zapier.com/Search/FindCustomerNotes	zapier.com.ai	Search	FindCustomerNotes	find_customer_notes	find_customer_notes	Triggers when a new customer note is added.	1
https://zapier.com/Search/FindCustomerStats	zapier.com.ai	Search	FindCustomerStats	find_customer_stats	find_customer_stats	Triggers when a new customer stat is added.	1
https://zapier.com/Search/FindEntitlement	zapier.com.ai	Search	FindEntitlement	find_entitlement	find_entitlement	This method returns entitlement details	1
https://zapier.com/Search/FindEntitlements	zapier.com.ai	Search	FindEntitlements	find_entitlements	find_entitlements	Triggers when a new entitlement is added.	1
https://zapier.com/Search/FindEntitlementActivation	zapier.com.ai	Search	FindEntitlementActivation	find_entitlement_activation	find_entitlement_activation	This method returns activation details including information about attributes and available features	1
https://zapier.com/Search/FindEntitlementActivations	zapier.com.ai	Search	FindEntitlementActivations	find_entitlement_activations	find_entitlement_activations	Triggers when a new entitlement activation is added.	1
https://zapier.com/Search/FindEntitlementActivationsLogs	zapier.com.ai	Search	FindEntitlementActivationsLogs	find_entitlement_activations_logs	find_entitlement_activations_logs	Triggers when a new entitlement activations log is added.	1
https://zapier.com/Search/FindEntitlementGroup	zapier.com.ai	Search	FindEntitlementGroup	find_entitlement_group	find_entitlement_group	This method returns entitlement group details. The amount of data returned can be adjusted by using query expand parameter configuration	1
https://zapier.com/Search/FindEntitlementGroups	zapier.com.ai	Search	FindEntitlementGroups	find_entitlement_groups	find_entitlement_groups	Triggers when a new entitlement group is added.	1
https://zapier.com/Search/FindEntitlementGroupAuthorizedContacts	zapier.com.ai	Search	FindEntitlementGroupAuthorizedContacts	find_entitlement_group_authorized_contacts	find_entitlement_group_authorized_contacts	Triggers when a new entitlement group authorized contact is added.	1
https://zapier.com/Search/FindEntitlementNote	zapier.com.ai	Search	FindEntitlementNote	find_entitlement_note	find_entitlement_note	This method returns entitlement note	1
https://zapier.com/Search/FindEntitlementNotes	zapier.com.ai	Search	FindEntitlementNotes	find_entitlement_notes	find_entitlement_notes	Triggers when a new entitlement note is added.	1
https://zapier.com/Search/FindFeature	zapier.com.ai	Search	FindFeature	find_feature	find_feature	This method returns selected global feature	1
https://zapier.com/Search/FindOffering	zapier.com.ai	Search	FindOffering	find_offering	find_offering	This method returns offering details	1
https://zapier.com/Search/FindOfferings	zapier.com.ai	Search	FindOfferings	find_offerings	find_offerings	Triggers when a new offering is added.	1
https://zapier.com/Search/FindPlans	zapier.com.ai	Search	FindPlans	find_plans	find_plans	Triggers when a new plan is added.	1
https://zapier.com/Search/FindProductAttribute	zapier.com.ai	Search	FindProductAttribute	find_product_attribute	find_product_attribute	This method returns selected attribute. In case of global attribute, if overridden value exists on product level, it will be returned, otherwise global value will be returned.	1
https://zapier.com/Search/FindProductAttributes	zapier.com.ai	Search	FindProductAttributes	find_product_attributes	find_product_attributes	Triggers when a new product attribute is added.	1
https://zapier.com/Search/FindProductEdition	zapier.com.ai	Search	FindProductEdition	find_product_edition	find_product_edition	This method returns product edition details	1
https://zapier.com/Search/FindProductEditions	zapier.com.ai	Search	FindProductEditions	find_product_editions	find_product_editions	Triggers when a new product edition is added.	1
https://zapier.com/Search/FindProductEditionAttribute	zapier.com.ai	Search	FindProductEditionAttribute	find_product_edition_attribute	find_product_edition_attribute	This method returns selected attribute with value defined in edition level (in case of override). If no value is defined in edition level, value defined in higher level is returned.	1
https://zapier.com/Search/FindProductEditionAttributes	zapier.com.ai	Search	FindProductEditionAttributes	find_product_edition_attributes	find_product_edition_attributes	Triggers when a new product edition attribute is added.	1
https://zapier.com/Search/FindProductEditionFeature	zapier.com.ai	Search	FindProductEditionFeature	find_product_edition_feature	find_product_edition_feature	This method returns selected feature with value defined in edition level (in case of override). If no value is defined in edition level, value defined in higher level is returned.	1
https://zapier.com/Search/FindProductEditionFeatures	zapier.com.ai	Search	FindProductEditionFeatures	find_product_edition_features	find_product_edition_features	Triggers when a new product edition feature is added.	1
https://zapier.com/Search/FindProductFeature	zapier.com.ai	Search	FindProductFeature	find_product_feature	find_product_feature	This method returns selected feature. In case of global feature, if overridden value exists on product level, it will be returned, otherwise global value will be returned.	1
https://zapier.com/Search/FindProductFeatures	zapier.com.ai	Search	FindProductFeatures	find_product_features	find_product_features	Triggers when a new product feature is added.	1
https://zapier.com/Search/DealFetch	zapier.com.ai	Search	DealFetch	deal_fetch	deal_fetch	Fetches a specific deal by its public ID.	1
https://zapier.com/Search/SearchFundedCompanies	zapier.com.ai	Search	SearchFundedCompanies	search_funded_companies	search_funded_companies	Searches specifically for funded companies with detailed funding information.	1
https://zapier.com/Search/SearchHiringCompanies	zapier.com.ai	Search	SearchHiringCompanies	search_hiring_companies	search_hiring_companies	Finds companies actively hiring by scraping job boards with optional company enrichment.	1
https://zapier.com/Search/SearchProfiles	zapier.com.ai	Search	SearchProfiles	search_profiles	search_profiles	Searches professional profiles using multiple criteria like job title, industry, school, and location.	1
https://zapier.com/Search/PersonByEmail	zapier.com.ai	Search	PersonByEmail	person_by_email	person_by_email	Finds a person by their email address.	1
https://zapier.com/Search/CheckUsage	zapier.com.ai	Search	CheckUsage	check_usage	check_usage	Check your DeepL API usage and character limits	1
https://zapier.com/Search/ListGlossariesSearch	zapier.com.ai	Search	ListGlossariesSearch	list_glossaries_search	list_glossaries_search	Search for glossaries by ID or name	1
https://zapier.com/Search/ListLanguagesSearch	zapier.com.ai	Search	ListLanguagesSearch	list_languages_search	list_languages_search	Searches for supported languages for translation	1
https://zapier.com/Search/GetUrlAnalytics	zapier.com.ai	Search	GetUrlAnalytics	get_url_analytics	get_url_analytics	Retrieve detailed analytics for a specific short URL.	1
https://zapier.com/Search/MySocialAccounts	zapier.com.ai	Search	MySocialAccounts	my_social_accounts	my_social_accounts	Finds your workspace social accounts	1
https://zapier.com/Search/ListJournals	zapier.com.ai	Search	ListJournals	list_journals	list_journals	Lists all journals in the user's Day One account.	1
https://zapier.com/Search/Clientesearch	zapier.com.ai	Search	Clientesearch	clientesearch	clienteSearch	Search Customer by ID or Tax ID (cif, business name, address, phone, and email)	1
https://zapier.com/Search/Facturasearch	zapier.com.ai	Search	Facturasearch	facturasearch	facturaSearch	Search and load the data of an invoice (including the PDF) by its ID	1
https://zapier.com/Search/FindSourceNumber	zapier.com.ai	Search	FindSourceNumber	find_source_number	find_source_number	Finds all available Source Numbers to send SMS's from	1
https://zapier.com/Search/GetLinks	zapier.com.ai	Search	GetLinks	get_links	get_links	Finds a link on your account.	1
https://zapier.com/Search/FindSpace	zapier.com.ai	Search	FindSpace	find_space	find_space	Finds a space	1
https://zapier.com/Search/FindStory	zapier.com.ai	Search	FindStory	find_story	find_story	Finds a story	1
https://zapier.com/Search/UniversalSearch	zapier.com.ai	Search	UniversalSearch	universal_search	universal_search	Search across all content (stories, spaces, accounts, etc.) with optional filtering	1
https://zapier.com/Search/FindAbuseInformation	zapier.com.ai	Search	FindAbuseInformation	find_abuse_information	find_abuse_information	Retrieves abuse contact and reporting information for an IP address, including organization, network, and abuse email details.	1
https://zapier.com/Search/FindAsnInformation	zapier.com.ai	Search	FindAsnInformation	find_asn_information	find_asn_information	Retrieves Autonomous System Number (ASN) details for an IP address or ASN, including organization, country, and network information.	1
https://zapier.com/Search/FindAstronomyInfo	zapier.com.ai	Search	FindAstronomyInfo	find_astronomy_info	find_astronomy_info	The Astronomy API provides sun, moon data using IP, latitude, longitude, or Location.	1
https://zapier.com/Search/FindAstronomyTimeseriesInfo	zapier.com.ai	Search	FindAstronomyTimeseriesInfo	find_astronomy_timeseries_info	find_astronomy_timeseries_info	Look up astronomy details for any location by providing a starting and ending date for the time series.	1
https://zapier.com/Search/FindBulkIpGeolocation	zapier.com.ai	Search	FindBulkIpGeolocation	find_bulk_ip_geolocation	find_bulk_ip_geolocation	Retrieves geolocation information (country, city, coordinates, etc.) for multiple IP addresses at once.	1
https://zapier.com/Search/FindBulkIpSecurity	zapier.com.ai	Search	FindBulkIpSecurity	find_bulk_ip_security	find_bulk_ip_security	Retrieves security information for multiple IP addresses at once, including proxy, VPN, TOR, and threat intelligence details.	1
https://zapier.com/Search/FindGeolocation	zapier.com.ai	Search	FindGeolocation	find_geolocation	find_geolocation	Retrieves detailed geolocation information (country, city, coordinates, etc.) for a specified IP address.	1
https://zapier.com/Search/FindIpSecurity	zapier.com.ai	Search	FindIpSecurity	find_ip_security	find_ip_security	Retrieves security information about an IP address, including proxy, VPN, TOR, and threat intelligence details.	1
https://zapier.com/Search/FindTimezoneInfo	zapier.com.ai	Search	FindTimezoneInfo	find_timezone_info	find_timezone_info	Provides current date, time, UTC offset, and daylight saving info for any timezone, IP address, or geolocation coordinates via timezone API.	1
https://zapier.com/Search/GetTimeConversion	zapier.com.ai	Search	GetTimeConversion	get_time_conversion	get_time_conversion	Calculates precise time differences in hours and minutes between two locations using time zones, coordinates, or cities	1
https://zapier.com/Search/ParseBulkUserAgents	zapier.com.ai	Search	ParseBulkUserAgents	parse_bulk_user_agents	parse_bulk_user_agents	Retrieves detailed client system and browser information for multiple user agents at once(max 50,000), enabling detection of bots, crawlers, and potential attackers.	1
