id	cip_code	name	career_clusters	subclusters	soc_count	description
agriculture-general	01.0000	Agriculture, General.	agriculture,education,energy-natural-resources	agriculture/animal-systems,agriculture/food-science-processing,agriculture/plant-systems,education/teaching-training-facilitation,energy-natural-resources/ecological-research-development	5	Agriculture, General.
agricultural-business-and-management-general	01.0101	Agricultural Business and Management, General.	agriculture,education	agriculture/agribusiness,education/teaching-training-facilitation	3	Agricultural Business and Management, General.
agribusinessagricultural-business-operations	01.0102	Agribusiness/Agricultural Business Operations.	agriculture,education	agriculture/agribusiness,education/teaching-training-facilitation	2	Agribusiness/Agricultural Business Operations.
agricultural-economics	01.0103	Agricultural Economics.	agriculture,education,management-entrepreneurship	agriculture/agribusiness,education/teaching-training-facilitation,management-entrepreneurship/business-information-management	3	Agricultural Economics.
farmfarm-and-ranch-management	01.0104	Farm/Farm and Ranch Management.	agriculture,education	agriculture/agribusiness,education/teaching-training-facilitation	4	Farm/Farm and Ranch Management.
agriculturalfarm-supplies-retailing-and-wholesaling	01.0105	Agricultural/Farm Supplies Retailing and Wholesaling.	education,marketing-sales,supply-chain-transportation	education/teaching-training-facilitation,marketing-sales/strategic-sales,supply-chain-transportation/purchasing-warehousing	3	Agricultural/Farm Supplies Retailing and Wholesaling.
agricultural-business-technologytechnician	01.0106	Agricultural Business Technology/Technician.	digital-technology,management-entrepreneurship	digital-technology/it-support-services,management-entrepreneurship/leadership-operations	2	Agricultural Business Technology/Technician.
agricultural-business-and-management-other	01.0199	Agricultural Business and Management, Other.	agriculture,education	agriculture/agribusiness,education/teaching-training-facilitation	3	Agricultural Business and Management, Other.
agricultural-mechanization-general	01.0201	Agricultural Mechanization, General.	agriculture,education	agriculture/agricultural-technology-automation,education/teaching-training-facilitation	2	Agricultural Mechanization, General.
agricultural-power-machinery-operation	01.0204	Agricultural Power Machinery Operation.	agriculture,education	agriculture/agricultural-technology-automation,education/teaching-training-facilitation	3	Agricultural Power Machinery Operation.
agricultural-mechanics-and-equipmentmachine-technologytechnician	01.0205	Agricultural Mechanics and Equipment/Machine Technology/Technician.	advanced-manufacturing,agriculture,construction,supply-chain-transportation	advanced-manufacturing/industrial-machinery,agriculture/agricultural-technology-automation,construction/equipment-operation-maintenance,supply-chain-transportation/maintenance-repair	3	Agricultural Mechanics and Equipment/Machine Technology/Technician.
irrigation-management-technologytechnician	01.0207	Irrigation Management Technology/Technician.	agriculture,education	agriculture/water-systems,education/teaching-training-facilitation	2	Irrigation Management Technology/Technician.
agricultural-mechanization-other	01.0299	Agricultural Mechanization, Other.	agriculture,education	agriculture/agricultural-technology-automation,education/teaching-training-facilitation	2	Agricultural Mechanization, Other.
agricultural-production-operations-general	01.0301	Agricultural Production Operations, General.	agriculture,education	agriculture/agribusiness,agriculture/food-science-processing,education/teaching-training-facilitation	3	Agricultural Production Operations, General.
animallivestock-husbandry-and-production	01.0302	Animal/Livestock Husbandry and Production.	agriculture,education	agriculture/agribusiness,agriculture/animal-systems,education/teaching-training-facilitation	5	Animal/Livestock Husbandry and Production.
aquaculture	01.0303	Aquaculture.	agriculture,education	agriculture/water-systems,education/teaching-training-facilitation	3	Aquaculture.
crop-production	01.0304	Crop Production.	agriculture,education	agriculture/food-science-processing,agriculture/plant-systems,education/teaching-training-facilitation	4	Crop Production.
dairy-husbandry-and-production	01.0306	Dairy Husbandry and Production.	agriculture,education	agriculture/food-science-processing,education/teaching-training-facilitation	3	Dairy Husbandry and Production.
horse-husbandryequine-science-and-management	01.0307	Horse Husbandry/Equine Science and Management.	agriculture,education	agriculture/animal-systems,education/teaching-training-facilitation	5	Horse Husbandry/Equine Science and Management.
agroecology-and-sustainable-agriculture	01.0308	Agroecology and Sustainable Agriculture.	agriculture,education,energy-natural-resources	agriculture/agribusiness,agriculture/plant-systems,education/teaching-training-facilitation,energy-natural-resources/conservation-land-management,energy-natural-resources/ecological-research-development	6	Agroecology and Sustainable Agriculture.
apiculture	01.0310	Apiculture.	agriculture,education	agriculture/agribusiness,agriculture/animal-systems,agriculture/water-systems,education/teaching-training-facilitation	6	Apiculture.
agricultural-production-operations-other	01.0399	Agricultural Production Operations, Other.	agriculture,education	agriculture/agribusiness,education/teaching-training-facilitation	3	Agricultural Production Operations, Other.
agricultural-and-food-products-processing	01.0401	Agricultural and Food Products Processing.	agriculture,education	agriculture/agribusiness,agriculture/food-science-processing,education/teaching-training-facilitation	4	Agricultural and Food Products Processing.
dogpetanimal-grooming	01.0504	Dog/Pet/Animal Grooming.	agriculture,education	agriculture/animal-systems,education/teaching-training-facilitation	2	Dog/Pet/Animal Grooming.
animal-training	01.0505	Animal Training.	agriculture,education	agriculture/animal-systems,education/teaching-training-facilitation	2	Animal Training.
equestrianequine-studies	01.0507	Equestrian/Equine Studies.	agriculture,education	agriculture/animal-systems,education/teaching-training-facilitation	2	Equestrian/Equine Studies.
farrier-science	01.0509	Farrier Science.	agriculture,education	agriculture/animal-systems,education/teaching-training-facilitation	2	Farrier Science.
applied-horticulturehorticulture-operations-general	01.0601	Applied Horticulture/Horticulture Operations, General.	agriculture,education,hospitality-events-tourism	agriculture/plant-systems,education/teaching-training-facilitation,hospitality-events-tourism/travel-leisure	5	Applied Horticulture/Horticulture Operations, General.
ornamental-horticulture	01.0603	Ornamental Horticulture.	agriculture,education,hospitality-events-tourism	agriculture/plant-systems,education/teaching-training-facilitation,hospitality-events-tourism/travel-leisure	4	Ornamental Horticulture.
greenhouse-operations-and-management	01.0604	Greenhouse Operations and Management.	agriculture,education,hospitality-events-tourism	agriculture/agribusiness,agriculture/plant-systems,education/teaching-training-facilitation,hospitality-events-tourism/travel-leisure	5	Greenhouse Operations and Management.
landscaping-and-groundskeeping	01.0605	Landscaping and Groundskeeping.	agriculture,education,hospitality-events-tourism	agriculture/plant-systems,education/teaching-training-facilitation,hospitality-events-tourism/travel-leisure	4	Landscaping and Groundskeeping.
plant-nursery-operations-and-management	01.0606	Plant Nursery Operations and Management.	agriculture,education,hospitality-events-tourism	agriculture/agribusiness,agriculture/plant-systems,education/teaching-training-facilitation,hospitality-events-tourism/travel-leisure	7	Plant Nursery Operations and Management.
turf-and-turfgrass-management	01.0607	Turf and Turfgrass Management.	agriculture,education,hospitality-events-tourism	agriculture/plant-systems,education/teaching-training-facilitation,hospitality-events-tourism/travel-leisure	4	Turf and Turfgrass Management.
floriculturefloristry-operations-and-management	01.0608	Floriculture/Floristry Operations and Management.	marketing-sales	marketing-sales/retail-customer-experience	1	Floriculture/Floristry Operations and Management.
public-horticulture	01.0609	Public Horticulture.	agriculture,education	agriculture/plant-systems,education/teaching-training-facilitation	2	Public Horticulture.
urban-and-community-horticulture	01.0610	Urban and Community Horticulture.	agriculture,education	agriculture/plant-systems,education/teaching-training-facilitation	2	Urban and Community Horticulture.
international-agriculture	01.0701	International Agriculture.	agriculture,education	agriculture/food-science-processing,education/teaching-training-facilitation	2	International Agriculture.
agricultural-and-extension-education-services	01.0801	Agricultural and Extension Education Services.	education	education/teaching-training-facilitation	1	Agricultural and Extension Education Services.
agricultural-communicationjournalism	01.0802	Agricultural Communication/Journalism.	arts-entertainment-design	arts-entertainment-design/lighting-sound-technology,arts-entertainment-design/media-production-broadcasting	2	Agricultural Communication/Journalism.
animal-sciences-general	01.0901	Animal Sciences, General.	agriculture,education	agriculture/agribusiness,agriculture/animal-systems,agriculture/plant-systems,education/teaching-training-facilitation	6	Animal Sciences, General.
agricultural-animal-breeding	01.0902	Agricultural Animal Breeding.	agriculture,education	agriculture/agribusiness,agriculture/animal-systems,education/teaching-training-facilitation	4	Agricultural Animal Breeding.
animal-health	01.0903	Animal Health.	agriculture,education	agriculture/agribusiness,agriculture/animal-systems,education/teaching-training-facilitation	3	Animal Health.
animal-nutrition	01.0904	Animal Nutrition.	agriculture,education	agriculture/agribusiness,agriculture/animal-systems,education/teaching-training-facilitation	4	Animal Nutrition.
dairy-science	01.0905	Dairy Science.	agriculture,education	agriculture/agribusiness,agriculture/animal-systems,agriculture/food-science-processing,agriculture/plant-systems,education/teaching-training-facilitation	6	Dairy Science.
livestock-management	01.0906	Livestock Management.	agriculture,education	agriculture/agribusiness,agriculture/animal-systems,education/teaching-training-facilitation	4	Livestock Management.
poultry-science	01.0907	Poultry Science.	agriculture,education	agriculture/agribusiness,agriculture/animal-systems,education/teaching-training-facilitation	5	Poultry Science.
animal-sciences-other	01.0999	Animal Sciences, Other.	agriculture,education	agriculture/agribusiness,agriculture/animal-systems,education/teaching-training-facilitation	5	Animal Sciences, Other.
food-science	01.1001	Food Science.	agriculture,education	agriculture/food-science-processing,education/teaching-training-facilitation	3	Food Science.
food-technology-and-processing	01.1002	Food Technology and Processing.	agriculture	agriculture/food-science-processing	2	Food Technology and Processing.
brewing-science	01.1003	Brewing Science.	advanced-manufacturing,agriculture	advanced-manufacturing/production-automation,agriculture/food-science-processing	4	Brewing Science.
viticulture-and-enology	01.1004	Viticulture and Enology.	advanced-manufacturing,agriculture,education	advanced-manufacturing/production-automation,agriculture/agribusiness,agriculture/food-science-processing,agriculture/plant-systems,education/teaching-training-facilitation	6	Viticulture and Enology.
zymologyfermentation-science	01.1005	Zymology/Fermentation Science.	advanced-manufacturing,agriculture	advanced-manufacturing/production-automation,agriculture/food-science-processing	4	Zymology/Fermentation Science.
food-science-and-technology-other	01.1099	Food Science and Technology, Other.	agriculture,education	agriculture/food-science-processing,education/teaching-training-facilitation	3	Food Science and Technology, Other.
plant-sciences-general	01.1101	Plant Sciences, General.	agriculture,education,energy-natural-resources	agriculture/agribusiness,agriculture/plant-systems,education/teaching-training-facilitation,energy-natural-resources/ecological-research-development	6	Plant Sciences, General.
agronomy-and-crop-science	01.1102	Agronomy and Crop Science.	agriculture,education,energy-natural-resources	agriculture/agribusiness,agriculture/plant-systems,education/teaching-training-facilitation,energy-natural-resources/ecological-research-development	6	Agronomy and Crop Science.
horticultural-science	01.1103	Horticultural Science.	agriculture,education,energy-natural-resources	agriculture/agribusiness,agriculture/plant-systems,education/teaching-training-facilitation,energy-natural-resources/ecological-research-development	4	Horticultural Science.
agricultural-and-horticultural-plant-breeding	01.1104	Agricultural and Horticultural Plant Breeding.	agriculture,education,energy-natural-resources	agriculture/plant-systems,education/teaching-training-facilitation,energy-natural-resources/ecological-research-development	2	Agricultural and Horticultural Plant Breeding.
plant-protection-and-integrated-pest-management	01.1105	Plant Protection and Integrated Pest Management.	agriculture,education,energy-natural-resources	agriculture/agribusiness,agriculture/plant-systems,education/teaching-training-facilitation,energy-natural-resources/ecological-research-development	4	Plant Protection and Integrated Pest Management.
range-science-and-management	01.1106	Range Science and Management.	agriculture,education,energy-natural-resources	agriculture/agribusiness,agriculture/animal-systems,agriculture/plant-systems,education/teaching-training-facilitation,energy-natural-resources/conservation-land-management,energy-natural-resources/ecological-research-development	7	Range Science and Management.
plant-sciences-other	01.1199	Plant Sciences, Other.	agriculture,education,energy-natural-resources	agriculture/plant-systems,education/teaching-training-facilitation,energy-natural-resources/ecological-research-development	2	Plant Sciences, Other.
soil-science-and-agronomy-general	01.1201	Soil Science and Agronomy, General.	agriculture,education,energy-natural-resources	agriculture/plant-systems,education/teaching-training-facilitation,energy-natural-resources/ecological-research-development	3	Soil Science and Agronomy, General.
soil-chemistry-and-physics	01.1202	Soil Chemistry and Physics.	agriculture,education,energy-natural-resources	agriculture/plant-systems,education/teaching-training-facilitation,energy-natural-resources/ecological-research-development	2	Soil Chemistry and Physics.
soil-microbiology	01.1203	Soil Microbiology.	agriculture,education,energy-natural-resources	agriculture/plant-systems,education/teaching-training-facilitation,energy-natural-resources/ecological-research-development	3	Soil Microbiology.
soil-sciences-other	01.1299	Soil Sciences, Other.	agriculture,education,energy-natural-resources	agriculture/plant-systems,education/teaching-training-facilitation,energy-natural-resources/ecological-research-development	2	Soil Sciences, Other.
agricultureveterinary-preparatory-programs-other	01.1399	Agriculture/Veterinary Preparatory Programs, Other.	agriculture	agriculture/animal-systems,agriculture/plant-systems	1	Agriculture/Veterinary Preparatory Programs, Other.
veterinary-medicine	01.8001	Veterinary Medicine.	agriculture,education	agriculture/animal-systems,education/teaching-training-facilitation	2	Veterinary Medicine.
veterinary-sciencesveterinary-clinical-sciences-general	01.8101	Veterinary Sciences/Veterinary Clinical Sciences, General.	agriculture,education	agriculture/animal-systems,education/teaching-training-facilitation	2	Veterinary Sciences/Veterinary Clinical Sciences, General.
comparative-and-laboratory-animal-medicine	01.8102	Comparative and Laboratory Animal Medicine.	agriculture,education	agriculture/animal-systems,education/teaching-training-facilitation	2	Comparative and Laboratory Animal Medicine.
large-animalfood-animal-and-equine-surgery-and-medicine	01.8103	Large Animal/Food Animal and Equine Surgery and Medicine.	agriculture,education	agriculture/animal-systems,education/teaching-training-facilitation	3	Large Animal/Food Animal and Equine Surgery and Medicine.
smallcompanion-animal-surgery-and-medicine	01.8104	Small/Companion Animal Surgery and Medicine.	agriculture,education	agriculture/animal-systems,education/teaching-training-facilitation	2	Small/Companion Animal Surgery and Medicine.
veterinary-anatomy	01.8105	Veterinary Anatomy.	agriculture,education	agriculture/animal-systems,education/teaching-training-facilitation	3	Veterinary Anatomy.
veterinary-infectious-diseases	01.8106	Veterinary Infectious Diseases.	agriculture,education	agriculture/animal-systems,education/teaching-training-facilitation	3	Veterinary Infectious Diseases.
veterinary-microbiology-and-immunobiology	01.8107	Veterinary Microbiology and Immunobiology.	agriculture,education	agriculture/animal-systems,education/teaching-training-facilitation	3	Veterinary Microbiology and Immunobiology.
veterinary-pathology-and-pathobiology	01.8108	Veterinary Pathology and Pathobiology.	agriculture,education	agriculture/animal-systems,education/teaching-training-facilitation	3	Veterinary Pathology and Pathobiology.
veterinary-physiology	01.8109	Veterinary Physiology.	agriculture,education	agriculture/animal-systems,education/teaching-training-facilitation	3	Veterinary Physiology.
veterinary-preventive-medicine-epidemiology-and-public-health	01.8110	Veterinary Preventive Medicine, Epidemiology, and Public Health.	agriculture,education	agriculture/animal-systems,education/teaching-training-facilitation	3	Veterinary Preventive Medicine, Epidemiology, and Public Health.
veterinary-toxicology-and-pharmacology	01.8111	Veterinary Toxicology and Pharmacology.	agriculture,education	agriculture/animal-systems,education/teaching-training-facilitation	3	Veterinary Toxicology and Pharmacology.
veterinary-biomedical-and-clinical-sciences-other	01.8199	Veterinary Biomedical and Clinical Sciences, Other.	agriculture,education	agriculture/animal-systems,education/teaching-training-facilitation	3	Veterinary Biomedical and Clinical Sciences, Other.
veterinary-administrative-services-general	01.8201	Veterinary Administrative Services, General.	healthcare-human-services,management-entrepreneurship	healthcare-human-services/health-data-administration,management-entrepreneurship/leadership-operations	3	Veterinary Administrative Services, General.
veterinary-office-managementadministration	01.8202	Veterinary Office Management/Administration.	healthcare-human-services,management-entrepreneurship	healthcare-human-services/health-data-administration,management-entrepreneurship/leadership-operations	4	Veterinary Office Management/Administration.
veterinary-receptionreceptionist	01.8203	Veterinary Reception/Receptionist.	hospitality-events-tourism,management-entrepreneurship	hospitality-events-tourism/accommodations,management-entrepreneurship/leadership-operations	2	Veterinary Reception/Receptionist.
veterinary-administrativeexecutive-assistant-and-veterinary-secretary	01.8204	Veterinary Administrative/Executive Assistant and Veterinary Secretary.	healthcare-human-services,management-entrepreneurship	healthcare-human-services/health-data-administration,management-entrepreneurship/leadership-operations	2	Veterinary Administrative/Executive Assistant and Veterinary Secretary.
veterinaryanimal-health-technologytechnician-and-veterinary-assistant	01.8301	Veterinary/Animal Health Technology/Technician and Veterinary Assistant.	agriculture,education,healthcare-human-services	agriculture/animal-systems,education/teaching-training-facilitation,healthcare-human-services/health-data-administration	3	Veterinary/Animal Health Technology/Technician and Veterinary Assistant.
veterinaryanimal-health-technologiestechnicians-other	01.8399	Veterinary/Animal Health Technologies/Technicians, Other.	agriculture,healthcare-human-services	agriculture/animal-systems,healthcare-human-services/health-data-administration	2	Veterinary/Animal Health Technologies/Technicians, Other.
natural-resourcesconservation-general	03.0101	Natural Resources/Conservation, General.	agriculture,education,energy-natural-resources	agriculture/plant-systems,education/teaching-training-facilitation,energy-natural-resources/conservation-land-management	4	Natural Resources/Conservation, General.
environmental-studies	03.0103	Environmental Studies.	education,energy-natural-resources,healthcare-human-services,management-entrepreneurship,public-service-safety	education/teaching-training-facilitation,energy-natural-resources/ecological-research-development,healthcare-human-services/biotechnology-research-development,management-entrepreneurship/regulation,public-service-safety/public-safety	3	Environmental Studies.
environmental-science	03.0104	Environmental Science.	advanced-manufacturing,agriculture,education,energy-natural-resources,healthcare-human-services,management-entrepreneurship,public-service-safety	advanced-manufacturing/safety-quality-assurance,agriculture/plant-systems,education/teaching-training-facilitation,energy-natural-resources/conservation-land-management,energy-natural-resources/ecological-research-development,healthcare-human-services/biotechnology-research-development,management-entrepreneurship/regulation,public-service-safety/local-state-federal-services,public-service-safety/public-safety	5	Environmental Science.
environmentalnatural-resources-management-and-policy-general	03.0201	Environmental/Natural Resources Management and Policy, General.	agriculture,education,energy-natural-resources	agriculture/plant-systems,education/teaching-training-facilitation,energy-natural-resources/conservation-land-management	3	Environmental/Natural Resources Management and Policy, General.
water-wetlands-and-marine-resources-management	03.0205	Water, Wetlands, and Marine Resources Management.	education,energy-natural-resources	education/teaching-training-facilitation,energy-natural-resources/conservation-land-management	2	Water, Wetlands, and Marine Resources Management.
land-use-planning-and-managementdevelopment	03.0206	Land Use Planning and Management/Development.	education,energy-natural-resources	education/teaching-training-facilitation,energy-natural-resources/conservation-land-management	2	Land Use Planning and Management/Development.
environmentalnatural-resource-recreation-and-tourism	03.0207	Environmental/Natural Resource Recreation and Tourism.	hospitality-events-tourism	hospitality-events-tourism/travel-leisure	1	Environmental/Natural Resource Recreation and Tourism.
environmentalnatural-resources-law-enforcement-and-protective-services	03.0208	Environmental/Natural Resources Law Enforcement and Protective Services.	education,energy-natural-resources,management-entrepreneurship,public-service-safety	education/teaching-training-facilitation,energy-natural-resources/conservation-land-management,energy-natural-resources/environmental-protection,management-entrepreneurship/regulation,public-service-safety/emergency-response,public-service-safety/local-state-federal-services,public-service-safety/public-safety	7	Environmental/Natural Resources Law Enforcement and Protective Services.
energy-and-environmental-policy	03.0209	Energy and Environmental Policy.	energy-natural-resources,management-entrepreneurship,public-service-safety	energy-natural-resources/conservation-land-management,energy-natural-resources/ecological-research-development,management-entrepreneurship/regulation,public-service-safety/public-safety	2	Energy and Environmental Policy.
environmentalnatural-resources-management-and-policy-other	03.0299	Environmental/Natural Resources Management and Policy, Other.	education	education/teaching-training-facilitation	1	Environmental/Natural Resources Management and Policy, Other.
fishing-and-fisheries-sciences-and-management	03.0301	Fishing and Fisheries Sciences and Management.	agriculture	agriculture/agribusiness,agriculture/water-systems	2	Fishing and Fisheries Sciences and Management.
forestry-general	03.0501	Forestry, General.	agriculture,education,energy-natural-resources	agriculture/agribusiness,agriculture/plant-systems,education/teaching-training-facilitation,energy-natural-resources/conservation-land-management,energy-natural-resources/ecological-research-development	6	Forestry, General.
forest-sciences-and-biology	03.0502	Forest Sciences and Biology.	agriculture,education,energy-natural-resources	agriculture/plant-systems,education/teaching-training-facilitation,energy-natural-resources/conservation-land-management,energy-natural-resources/ecological-research-development	3	Forest Sciences and Biology.
forest-managementforest-resources-management	03.0506	Forest Management/Forest Resources Management.	agriculture,education,energy-natural-resources	agriculture/plant-systems,education/teaching-training-facilitation,energy-natural-resources/conservation-land-management,energy-natural-resources/ecological-research-development	3	Forest Management/Forest Resources Management.
urban-forestry	03.0508	Urban Forestry.	agriculture,education,energy-natural-resources	agriculture/plant-systems,education/teaching-training-facilitation,energy-natural-resources/conservation-land-management	2	Urban Forestry.
wood-science-and-wood-productspulp-and-paper-technologytechnician	03.0509	Wood Science and Wood Products/Pulp and Paper Technology/Technician.	agriculture,education,energy-natural-resources	agriculture/plant-systems,education/teaching-training-facilitation,energy-natural-resources/conservation-land-management	2	Wood Science and Wood Products/Pulp and Paper Technology/Technician.
forest-resources-production-and-management	03.0510	Forest Resources Production and Management.	agriculture,education,energy-natural-resources	agriculture/agribusiness,agriculture/plant-systems,education/teaching-training-facilitation,energy-natural-resources/conservation-land-management,energy-natural-resources/ecological-research-development	4	Forest Resources Production and Management.
forest-technologytechnician	03.0511	Forest Technology/Technician.	agriculture,energy-natural-resources	agriculture/plant-systems,energy-natural-resources/conservation-land-management	2	Forest Technology/Technician.
forestry-other	03.0599	Forestry, Other.	advanced-manufacturing,agriculture,education,energy-natural-resources	advanced-manufacturing/production-automation,agriculture/plant-systems,education/teaching-training-facilitation,energy-natural-resources/conservation-land-management	4	Forestry, Other.
wildlife-fish-and-wildlands-science-and-management	03.0601	Wildlife, Fish and Wildlands Science and Management.	education,energy-natural-resources	education/teaching-training-facilitation,energy-natural-resources/conservation-land-management,energy-natural-resources/environmental-protection	4	Wildlife, Fish and Wildlands Science and Management.
natural-resources-and-conservation-other	03.9999	Natural Resources and Conservation, Other.	education	education/teaching-training-facilitation	1	Natural Resources and Conservation, Other.
architecture	04.0201	Architecture.	construction,education	construction/architecture-civil-engineering,education/teaching-training-facilitation	3	Architecture.
architectural-design	04.0202	Architectural Design.	construction,education	construction/architecture-civil-engineering,education/teaching-training-facilitation	2	Architectural Design.
architecture-other	04.0299	Architecture, Other.	education	education/teaching-training-facilitation	1	Architecture, Other.
cityurban-community-and-regional-planning	04.0301	City/Urban, Community, and Regional Planning.	construction,education,public-service-safety	construction/architecture-civil-engineering,construction/construction-planning-development,education/teaching-training-facilitation,public-service-safety/local-state-federal-services	4	City/Urban, Community, and Regional Planning.
environmental-designarchitecture	04.0401	Environmental Design/Architecture.	arts-entertainment-design,construction,education	arts-entertainment-design/fashion-interiors,construction/architecture-civil-engineering,education/teaching-training-facilitation	4	Environmental Design/Architecture.
healthcare-environment-designarchitecture	04.0402	Healthcare Environment Design/Architecture.	arts-entertainment-design,education	arts-entertainment-design/fashion-interiors,education/teaching-training-facilitation	3	Healthcare Environment Design/Architecture.
sustainable-designarchitecture	04.0403	Sustainable Design/Architecture.	construction,education,public-service-safety	construction/construction-planning-development,education/teaching-training-facilitation,public-service-safety/local-state-federal-services	2	Sustainable Design/Architecture.
environmental-design-other	04.0499	Environmental Design, Other.	education	education/teaching-training-facilitation	1	Environmental Design, Other.
interior-architecture	04.0501	Interior Architecture.	arts-entertainment-design,construction,education	arts-entertainment-design/fashion-interiors,construction/architecture-civil-engineering,education/teaching-training-facilitation	3	Interior Architecture.
landscape-architecture	04.0601	Landscape Architecture.	construction,education	construction/architecture-civil-engineering,education/teaching-training-facilitation	3	Landscape Architecture.
architectural-history-and-criticism-general	04.0801	Architectural History and Criticism, General.	construction,education	construction/architecture-civil-engineering,education/teaching-training-facilitation	2	Architectural History and Criticism, General.
architectural-conservation	04.0802	Architectural Conservation.	construction,education	construction/architecture-civil-engineering,education/teaching-training-facilitation	3	Architectural Conservation.
architectural-studies	04.0803	Architectural Studies.	education	education/teaching-training-facilitation	1	Architectural Studies.
architectural-history-criticism-and-conservation-other	04.0899	Architectural History, Criticism, and Conservation, Other.	education	education/teaching-training-facilitation	1	Architectural History, Criticism, and Conservation, Other.
architectural-technologytechnician	04.0901	Architectural Technology/Technician.	construction	construction/architecture-civil-engineering	1	Architectural Technology/Technician.
architectural-and-building-sciencestechnology	04.0902	Architectural and Building Sciences/Technology.	construction,education	construction/architecture-civil-engineering,education/teaching-training-facilitation	3	Architectural and Building Sciences/Technology.
architectural-sciences-and-technology-other	04.0999	Architectural Sciences and Technology, Other.	construction,education	construction/architecture-civil-engineering,education/teaching-training-facilitation	2	Architectural Sciences and Technology, Other.
real-estate-development	04.1001	Real Estate Development.	construction,education,financial-services,public-service-safety	construction/construction-planning-development,education/teaching-training-facilitation,financial-services/real-estate,public-service-safety/local-state-federal-services	6	Real Estate Development.
african-studies	05.0101	African Studies.	education	education/teaching-training-facilitation	1	African Studies.
americanunited-states-studiescivilization	05.0102	American/United States Studies/Civilization.	education	education/teaching-training-facilitation	1	American/United States Studies/Civilization.
asian-studiescivilization	05.0103	Asian Studies/Civilization.	education	education/teaching-training-facilitation	1	Asian Studies/Civilization.
east-asian-studies	05.0104	East Asian Studies.	education	education/teaching-training-facilitation	1	East Asian Studies.
russian-central-european-east-european-and-eurasian-studies	05.0105	Russian, Central European, East European and Eurasian Studies.	education	education/teaching-training-facilitation	1	Russian, Central European, East European and Eurasian Studies.
european-studiescivilization	05.0106	European Studies/Civilization.	education	education/teaching-training-facilitation	1	European Studies/Civilization.
latin-american-studies	05.0107	Latin American Studies.	education	education/teaching-training-facilitation	1	Latin American Studies.
near-and-middle-eastern-studies	05.0108	Near and Middle Eastern Studies.	education	education/teaching-training-facilitation	1	Near and Middle Eastern Studies.
pacific-areapacific-rim-studies	05.0109	Pacific Area/Pacific Rim Studies.	education	education/teaching-training-facilitation	1	Pacific Area/Pacific Rim Studies.
russian-studies	05.0110	Russian Studies.	education	education/teaching-training-facilitation	1	Russian Studies.
scandinavian-studies	05.0111	Scandinavian Studies.	education	education/teaching-training-facilitation	1	Scandinavian Studies.
south-asian-studies	05.0112	South Asian Studies.	education	education/teaching-training-facilitation	1	South Asian Studies.
southeast-asian-studies	05.0113	Southeast Asian Studies.	education	education/teaching-training-facilitation	1	Southeast Asian Studies.
western-european-studies	05.0114	Western European Studies.	education	education/teaching-training-facilitation	1	Western European Studies.
canadian-studies	05.0115	Canadian Studies.	education	education/teaching-training-facilitation	1	Canadian Studies.
balkans-studies	05.0116	Balkans Studies.	education	education/teaching-training-facilitation	1	Balkans Studies.
baltic-studies	05.0117	Baltic Studies.	education	education/teaching-training-facilitation	1	Baltic Studies.
slavic-studies	05.0118	Slavic Studies.	education	education/teaching-training-facilitation	1	Slavic Studies.
caribbean-studies	05.0119	Caribbean Studies.	education	education/teaching-training-facilitation	1	Caribbean Studies.
ural-altaic-and-central-asian-studies	05.0120	Ural-Altaic and Central Asian Studies.	education	education/teaching-training-facilitation	1	Ural-Altaic and Central Asian Studies.
commonwealth-studies	05.0121	Commonwealth Studies.	education	education/teaching-training-facilitation	1	Commonwealth Studies.
regional-studies-us-canadian-foreign	05.0122	Regional Studies (U.S., Canadian, Foreign).	education	education/teaching-training-facilitation	1	Regional Studies (U.S., Canadian, Foreign).
chinese-studies	05.0123	Chinese Studies.	education	education/teaching-training-facilitation	1	Chinese Studies.
french-studies	05.0124	French Studies.	education	education/teaching-training-facilitation	1	French Studies.
german-studies	05.0125	German Studies.	education	education/teaching-training-facilitation	1	German Studies.
italian-studies	05.0126	Italian Studies.	education	education/teaching-training-facilitation	1	Italian Studies.
japanese-studies	05.0127	Japanese Studies.	education	education/teaching-training-facilitation	1	Japanese Studies.
korean-studies	05.0128	Korean Studies.	education	education/teaching-training-facilitation	1	Korean Studies.
polish-studies	05.0129	Polish Studies.	education	education/teaching-training-facilitation	1	Polish Studies.
spanish-and-iberian-studies	05.0130	Spanish and Iberian Studies.	education	education/teaching-training-facilitation	1	Spanish and Iberian Studies.
tibetan-studies	05.0131	Tibetan Studies.	education	education/teaching-training-facilitation	1	Tibetan Studies.
ukraine-studies	05.0132	Ukraine Studies.	education	education/teaching-training-facilitation	1	Ukraine Studies.
irish-studies	05.0133	Irish Studies.	education	education/teaching-training-facilitation	1	Irish Studies.
latin-american-and-caribbean-studies	05.0134	Latin American and Caribbean Studies.	education	education/teaching-training-facilitation	1	Latin American and Caribbean Studies.
appalachian-studies	05.0135	Appalachian Studies.	education	education/teaching-training-facilitation	1	Appalachian Studies.
arctic-studies	05.0136	Arctic Studies.	education	education/teaching-training-facilitation	1	Arctic Studies.
area-studies-other	05.0199	Area Studies, Other.	education	education/teaching-training-facilitation	1	Area Studies, Other.
ethnic-studies	05.0200	Ethnic Studies.	education	education/teaching-training-facilitation	1	Ethnic Studies.
african-americanblack-studies	05.0201	African-American/Black Studies.	education	education/teaching-training-facilitation	1	African-American/Black Studies.
american-indiannative-american-studies	05.0202	American Indian/Native American Studies.	education	education/teaching-training-facilitation	1	American Indian/Native American Studies.
hispanic-american-puerto-rican-and-mexican-americanchicano-studies	05.0203	Hispanic-American, Puerto Rican, and Mexican-American/Chicano Studies.	education	education/teaching-training-facilitation	1	Hispanic-American, Puerto Rican, and Mexican-American/Chicano Studies.
asian-american-studies	05.0206	Asian-American Studies.	education	education/teaching-training-facilitation	1	Asian-American Studies.
womens-studies	05.0207	Women's Studies.	education	education/teaching-training-facilitation	1	Women's Studies.
gaylesbian-studies	05.0208	Gay/Lesbian Studies.	education	education/teaching-training-facilitation	1	Gay/Lesbian Studies.
folklore-studies	05.0209	Folklore Studies.	education	education/teaching-training-facilitation	1	Folklore Studies.
disability-studies	05.0210	Disability Studies.	education	education/teaching-training-facilitation	1	Disability Studies.
deaf-studies	05.0211	Deaf Studies.	education	education/learner-support-community-engagement,education/teaching-training-facilitation	2	Deaf Studies.
comparative-group-studies	05.0212	Comparative Group Studies.	education	education/teaching-training-facilitation	1	Comparative Group Studies.
ethnic-cultural-minority-gender-and-group-studies-other	05.0299	Ethnic, Cultural Minority, Gender, and Group Studies, Other.	education	education/teaching-training-facilitation	1	Ethnic, Cultural Minority, Gender, and Group Studies, Other.
area-ethnic-cultural-gender-and-group-studies-other	05.9999	Area, Ethnic, Cultural, Gender, and Group Studies, Other.	education	education/teaching-training-facilitation	1	Area, Ethnic, Cultural, Gender, and Group Studies, Other.
communication-general	09.0100	Communication, General.	arts-entertainment-design,education,financial-services,hospitality-events-tourism,management-entrepreneurship	arts-entertainment-design/media-production-broadcasting,education/teaching-training-facilitation,financial-services/financial-strategy-investments,hospitality-events-tourism/conferences-events,management-entrepreneurship/leadership-operations	9	Communication, General.
speech-communication-and-rhetoric	09.0101	Speech Communication and Rhetoric.	arts-entertainment-design,education,management-entrepreneurship	arts-entertainment-design/media-production-broadcasting,education/teaching-training-facilitation,management-entrepreneurship/leadership-operations	6	Speech Communication and Rhetoric.
mass-communicationmedia-studies	09.0102	Mass Communication/Media Studies.	arts-entertainment-design,education,management-entrepreneurship	arts-entertainment-design/media-production-broadcasting,education/teaching-training-facilitation,management-entrepreneurship/leadership-operations	5	Mass Communication/Media Studies.
journalism	09.0401	Journalism.	arts-entertainment-design,education	arts-entertainment-design/media-production-broadcasting,education/teaching-training-facilitation	5	Journalism.
broadcast-journalism	09.0402	Broadcast Journalism.	arts-entertainment-design,education	arts-entertainment-design/media-production-broadcasting,education/teaching-training-facilitation	5	Broadcast Journalism.
photojournalism	09.0404	Photojournalism.	arts-entertainment-design	arts-entertainment-design/design-digital-arts,arts-entertainment-design/fine-arts,arts-entertainment-design/media-production-broadcasting	3	Photojournalism.
business-and-economic-journalism	09.0405	Business and Economic Journalism.	arts-entertainment-design,education	arts-entertainment-design/media-production-broadcasting,education/teaching-training-facilitation	2	Business and Economic Journalism.
cultural-journalism	09.0406	Cultural Journalism.	arts-entertainment-design,education	arts-entertainment-design/media-production-broadcasting,education/teaching-training-facilitation	2	Cultural Journalism.
sciencehealthenvironmental-journalism	09.0407	Science/Health/Environmental Journalism.	arts-entertainment-design,education	arts-entertainment-design/media-production-broadcasting,education/teaching-training-facilitation	2	Science/Health/Environmental Journalism.
journalism-other	09.0499	Journalism, Other.	arts-entertainment-design,education	arts-entertainment-design/media-production-broadcasting,education/teaching-training-facilitation	2	Journalism, Other.
radio-and-television	09.0701	Radio and Television.	arts-entertainment-design,education	arts-entertainment-design/design-digital-arts,arts-entertainment-design/media-production-broadcasting,education/teaching-training-facilitation	5	Radio and Television.
digital-communication-and-mediamultimedia	09.0702	Digital Communication and Media/Multimedia.	arts-entertainment-design,digital-technology,education,management-entrepreneurship	arts-entertainment-design/design-digital-arts,arts-entertainment-design/media-production-broadcasting,digital-technology/web-cloud,education/teaching-training-facilitation,management-entrepreneurship/leadership-operations	4	Digital Communication and Media/Multimedia.
public-relations-advertising-and-applied-communication	09.0900	Public Relations, Advertising, and Applied Communication.	education,financial-services,hospitality-events-tourism,management-entrepreneurship,marketing-sales	education/teaching-training-facilitation,financial-services/financial-strategy-investments,hospitality-events-tourism/conferences-events,management-entrepreneurship/leadership-operations,marketing-sales/marketing-advertising	6	Public Relations, Advertising, and Applied Communication.
organizational-communication-general	09.0901	Organizational Communication, General.	management-entrepreneurship,public-service-safety	management-entrepreneurship/leadership-operations,public-service-safety/local-state-federal-services	3	Organizational Communication, General.
public-relationsimage-management	09.0902	Public Relations/Image Management.	education,financial-services,hospitality-events-tourism,management-entrepreneurship,marketing-sales	education/teaching-training-facilitation,financial-services/financial-strategy-investments,hospitality-events-tourism/conferences-events,management-entrepreneurship/leadership-operations,marketing-sales/marketing-advertising	6	Public Relations/Image Management.
advertising	09.0903	Advertising.	education,marketing-sales	education/teaching-training-facilitation,marketing-sales/marketing-advertising	2	Advertising.
political-communication	09.0904	Political Communication.	arts-entertainment-design,education,hospitality-events-tourism,management-entrepreneurship	arts-entertainment-design/media-production-broadcasting,education/teaching-training-facilitation,hospitality-events-tourism/conferences-events,management-entrepreneurship/leadership-operations	5	Political Communication.
health-communication	09.0905	Health Communication.	education,healthcare-human-services,management-entrepreneurship,public-service-safety	education/teaching-training-facilitation,healthcare-human-services/community-social-services,management-entrepreneurship/leadership-operations,public-service-safety/local-state-federal-services	4	Health Communication.
sports-communication	09.0906	Sports Communication.	arts-entertainment-design,education,management-entrepreneurship	arts-entertainment-design/media-production-broadcasting,arts-entertainment-design/performing-arts,education/teaching-training-facilitation,management-entrepreneurship/leadership-operations	6	Sports Communication.
international-and-intercultural-communication	09.0907	International and Intercultural Communication.	arts-entertainment-design,education,management-entrepreneurship	arts-entertainment-design/media-production-broadcasting,education/teaching-training-facilitation,management-entrepreneurship/leadership-operations	4	International and Intercultural Communication.
technical-and-scientific-communication	09.0908	Technical and Scientific Communication.	arts-entertainment-design,education,energy-natural-resources	arts-entertainment-design/media-production-broadcasting,education/teaching-training-facilitation,energy-natural-resources/ecological-research-development	3	Technical and Scientific Communication.
communication-management-and-strategic-communications	09.0909	Communication Management and Strategic Communications.	financial-services,hospitality-events-tourism,management-entrepreneurship	financial-services/financial-strategy-investments,hospitality-events-tourism/conferences-events,management-entrepreneurship/leadership-operations	2	Communication Management and Strategic Communications.
publishing	09.1001	Publishing.	arts-entertainment-design	arts-entertainment-design/media-production-broadcasting	1	Publishing.
communication-journalism-and-related-programs-other	09.9999	Communication, Journalism, and Related Programs, Other.	arts-entertainment-design,education	arts-entertainment-design/media-production-broadcasting,education/teaching-training-facilitation	3	Communication, Journalism, and Related Programs, Other.
communications-technologytechnician	10.0105	Communications Technology/Technician.	arts-entertainment-design	arts-entertainment-design/lighting-sound-technology,arts-entertainment-design/media-production-broadcasting	4	Communications Technology/Technician.
photographic-and-filmvideo-technologytechnician	10.0201	Photographic and Film/Video Technology/Technician.	arts-entertainment-design	arts-entertainment-design/lighting-sound-technology	2	Photographic and Film/Video Technology/Technician.
radio-and-television-broadcasting-technologytechnician	10.0202	Radio and Television Broadcasting Technology/Technician.	arts-entertainment-design	arts-entertainment-design/lighting-sound-technology,arts-entertainment-design/media-production-broadcasting	4	Radio and Television Broadcasting Technology/Technician.
recording-arts-technologytechnician	10.0203	Recording Arts Technology/Technician.	arts-entertainment-design	arts-entertainment-design/lighting-sound-technology,arts-entertainment-design/media-production-broadcasting	3	Recording Arts Technology/Technician.
voice-writing-technologytechnician	10.0204	Voice Writing Technology/Technician.	public-service-safety	public-service-safety/judicial-systems	1	Voice Writing Technology/Technician.
audiovisual-communications-technologiestechnicians-other	10.0299	Audiovisual Communications Technologies/Technicians, Other.	arts-entertainment-design	arts-entertainment-design/media-production-broadcasting	3	Audiovisual Communications Technologies/Technicians, Other.
graphic-communications-general	10.0301	Graphic Communications, General.	advanced-manufacturing,arts-entertainment-design	advanced-manufacturing/production-automation,arts-entertainment-design/media-production-broadcasting	1	Graphic Communications, General.
printing-management	10.0302	Printing Management.	advanced-manufacturing,arts-entertainment-design	advanced-manufacturing/production-automation,arts-entertainment-design/media-production-broadcasting	2	Printing Management.
prepressdesktop-publishing-and-digital-imaging-design	10.0303	Prepress/Desktop Publishing and Digital Imaging Design.	advanced-manufacturing,management-entrepreneurship	advanced-manufacturing/production-automation,management-entrepreneurship/leadership-operations	2	Prepress/Desktop Publishing and Digital Imaging Design.
animation-interactive-technology-video-graphics-and-special-effects	10.0304	Animation, Interactive Technology, Video Graphics, and Special Effects.	arts-entertainment-design	arts-entertainment-design/design-digital-arts	1	Animation, Interactive Technology, Video Graphics, and Special Effects.
graphic-and-printing-equipment-operator-general-production	10.0305	Graphic and Printing Equipment Operator, General Production.	advanced-manufacturing,arts-entertainment-design	advanced-manufacturing/production-automation,arts-entertainment-design/media-production-broadcasting	3	Graphic and Printing Equipment Operator, General Production.
platemakerimager	10.0306	Platemaker/Imager.	advanced-manufacturing	advanced-manufacturing/production-automation	1	Platemaker/Imager.
printing-press-operator	10.0307	Printing Press Operator.	advanced-manufacturing	advanced-manufacturing/production-automation	2	Printing Press Operator.
computer-typography-and-composition-equipment-operator	10.0308	Computer Typography and Composition Equipment Operator.	advanced-manufacturing,management-entrepreneurship	advanced-manufacturing/production-automation,management-entrepreneurship/leadership-operations	2	Computer Typography and Composition Equipment Operator.
graphic-communications-other	10.0399	Graphic Communications, Other.	advanced-manufacturing,arts-entertainment-design	advanced-manufacturing/production-automation,arts-entertainment-design/media-production-broadcasting	3	Graphic Communications, Other.
computer-and-information-sciences-general	11.0101	Computer and Information Sciences, General.	digital-technology,education	digital-technology/data-science-ai,digital-technology/it-support-services,digital-technology/network-systems-cybersecurity,digital-technology/software-solutions,digital-technology/web-cloud,education/teaching-training-facilitation	11	Computer and Information Sciences, General.
artificial-intelligence	11.0102	Artificial Intelligence.	digital-technology,education	digital-technology/data-science-ai,digital-technology/software-solutions,education/teaching-training-facilitation	4	Artificial Intelligence.
information-technology	11.0103	Information Technology.	digital-technology	digital-technology/data-science-ai,digital-technology/network-systems-cybersecurity,digital-technology/software-solutions,digital-technology/web-cloud	9	Information Technology.
informatics	11.0104	Informatics.	digital-technology	digital-technology/data-science-ai,digital-technology/software-solutions,digital-technology/web-cloud	4	Informatics.
human-centered-technology-design	11.0105	Human-Centered Technology Design.	digital-technology	digital-technology/web-cloud	1	Human-Centered Technology Design.
computer-and-information-sciences-other	11.0199	Computer and Information Sciences,  Other.	digital-technology,education	digital-technology/data-science-ai,education/teaching-training-facilitation	2	Computer and Information Sciences,  Other.
computer-programmingprogrammer-general	11.0201	Computer Programming/Programmer, General.	arts-entertainment-design,digital-technology,education	arts-entertainment-design/design-digital-arts,digital-technology/network-systems-cybersecurity,digital-technology/software-solutions,digital-technology/web-cloud,education/teaching-training-facilitation	7	Computer Programming/Programmer, General.
computer-programming-specific-applications	11.0202	Computer Programming, Specific Applications.	digital-technology	digital-technology/it-support-services,digital-technology/network-systems-cybersecurity,digital-technology/software-solutions	3	Computer Programming, Specific Applications.
computer-programming-vendorproduct-certification	11.0203	Computer Programming, Vendor/Product Certification.	digital-technology	digital-technology/software-solutions	3	Computer Programming, Vendor/Product Certification.
computer-game-programming	11.0204	Computer Game Programming.	digital-technology	digital-technology/software-solutions	3	Computer Game Programming.
computer-programming-specific-platforms	11.0205	Computer Programming, Specific Platforms.	digital-technology	digital-technology/network-systems-cybersecurity,digital-technology/software-solutions	3	Computer Programming, Specific Platforms.
computer-programming-other	11.0299	Computer Programming, Other.	digital-technology	digital-technology/network-systems-cybersecurity,digital-technology/software-solutions	1	Computer Programming, Other.
data-processing-and-data-processing-technologytechnician	11.0301	Data Processing and Data Processing Technology/Technician.	digital-technology	digital-technology/data-science-ai	1	Data Processing and Data Processing Technology/Technician.
information-sciencestudies	11.0401	Information Science/Studies.	digital-technology,education	digital-technology/data-science-ai,digital-technology/network-systems-cybersecurity,digital-technology/software-solutions,digital-technology/web-cloud,education/teaching-training-facilitation	7	Information Science/Studies.
computer-systems-analysisanalyst	11.0501	Computer Systems Analysis/Analyst.	digital-technology,education	digital-technology/data-science-ai,digital-technology/it-support-services,digital-technology/network-systems-cybersecurity,digital-technology/software-solutions,education/teaching-training-facilitation	6	Computer Systems Analysis/Analyst.
data-entrymicrocomputer-applications-general	11.0601	Data Entry/Microcomputer Applications, General.	management-entrepreneurship	management-entrepreneurship/leadership-operations	1	Data Entry/Microcomputer Applications, General.
word-processing	11.0602	Word Processing.	management-entrepreneurship	management-entrepreneurship/leadership-operations	1	Word Processing.
computer-science	11.0701	Computer Science.	digital-technology,education	digital-technology/data-science-ai,digital-technology/network-systems-cybersecurity,digital-technology/software-solutions,digital-technology/web-cloud,education/teaching-training-facilitation	13	Computer Science.
web-page-digitalmultimedia-and-information-resources-design	11.0801	Web Page, Digital/Multimedia and Information Resources Design.	arts-entertainment-design,digital-technology,education	arts-entertainment-design/design-digital-arts,digital-technology/web-cloud,education/teaching-training-facilitation	5	Web Page, Digital/Multimedia and Information Resources Design.
data-modelingwarehousing-and-database-administration	11.0802	Data Modeling/Warehousing and Database Administration.	digital-technology,education	digital-technology/data-science-ai,digital-technology/software-solutions,digital-technology/web-cloud,education/teaching-training-facilitation	5	Data Modeling/Warehousing and Database Administration.
computer-graphics	11.0803	Computer Graphics.	arts-entertainment-design,digital-technology,education	arts-entertainment-design/design-digital-arts,digital-technology/software-solutions,education/teaching-training-facilitation	3	Computer Graphics.
modeling-virtual-environments-and-simulation	11.0804	Modeling, Virtual Environments and Simulation.	arts-entertainment-design,digital-technology,education	arts-entertainment-design/design-digital-arts,digital-technology/data-science-ai,digital-technology/software-solutions,education/teaching-training-facilitation	6	Modeling, Virtual Environments and Simulation.
computer-systems-networking-and-telecommunications	11.0901	Computer Systems Networking and Telecommunications.	digital-technology,education	digital-technology/data-science-ai,digital-technology/network-systems-cybersecurity,digital-technology/web-cloud,education/teaching-training-facilitation	6	Computer Systems Networking and Telecommunications.
cloud-computing	11.0902	Cloud Computing.	digital-technology,education	digital-technology/web-cloud,education/teaching-training-facilitation	7	Cloud Computing.
network-and-system-administrationadministrator	11.1001	Network and System Administration/Administrator.	digital-technology	digital-technology/network-systems-cybersecurity	5	Network and System Administration/Administrator.
system-networking-and-lanwan-managementmanager	11.1002	System, Networking, and LAN/WAN Management/Manager.	digital-technology	digital-technology/network-systems-cybersecurity	3	System, Networking, and LAN/WAN Management/Manager.
computer-and-information-systems-securityauditinginformation-assurance	11.1003	Computer and Information Systems Security/Auditing/Information Assurance.	digital-technology	digital-technology/network-systems-cybersecurity,digital-technology/software-solutions,digital-technology/web-cloud	7	Computer and Information Systems Security/Auditing/Information Assurance.
webmultimedia-management-and-webmaster	11.1004	Web/Multimedia Management and Webmaster.	arts-entertainment-design,digital-technology	arts-entertainment-design/design-digital-arts,digital-technology/web-cloud	2	Web/Multimedia Management and Webmaster.
information-technology-project-management	11.1005	Information Technology Project Management.	digital-technology,management-entrepreneurship	digital-technology/data-science-ai,digital-technology/network-systems-cybersecurity,digital-technology/web-cloud,management-entrepreneurship/leadership-operations,management-entrepreneurship/project-management	5	Information Technology Project Management.
computer-support-specialist	11.1006	Computer Support Specialist.	digital-technology	digital-technology/it-support-services,digital-technology/network-systems-cybersecurity	2	Computer Support Specialist.
funeral-service-and-mortuary-science-general	12.0301	Funeral Service and Mortuary Science, General.	healthcare-human-services,management-entrepreneurship	healthcare-human-services/physical-health,management-entrepreneurship/entrepreneurship-small-business	3	Funeral Service and Mortuary Science, General.
funeral-directionservice	12.0302	Funeral Direction/Service.	healthcare-human-services	healthcare-human-services/physical-health	2	Funeral Direction/Service.
mortuary-science-and-embalmingembalmer	12.0303	Mortuary Science and Embalming/Embalmer.	healthcare-human-services	healthcare-human-services/physical-health	2	Mortuary Science and Embalming/Embalmer.
funeral-service-and-mortuary-science-other	12.0399	Funeral Service and Mortuary Science, Other.	healthcare-human-services	healthcare-human-services/physical-health	3	Funeral Service and Mortuary Science, Other.
cosmetologycosmetologist-general	12.0401	Cosmetology/Cosmetologist, General.	healthcare-human-services	healthcare-human-services/personal-care-services	5	Cosmetology/Cosmetologist, General.
barberingbarber	12.0402	Barbering/Barber.	healthcare-human-services	healthcare-human-services/personal-care-services	1	Barbering/Barber.
electrolysiselectrology-and-electrolysis-technician	12.0404	Electrolysis/Electrology and Electrolysis Technician.	healthcare-human-services	healthcare-human-services/personal-care-services	1	Electrolysis/Electrology and Electrolysis Technician.
make-up-artistspecialist	12.0406	Make-Up Artist/Specialist.	healthcare-human-services	healthcare-human-services/personal-care-services	2	Make-Up Artist/Specialist.
hair-stylingstylist-and-hair-design	12.0407	Hair Styling/Stylist and Hair Design.	healthcare-human-services	healthcare-human-services/personal-care-services	2	Hair Styling/Stylist and Hair Design.
facial-treatment-specialistfacialist	12.0408	Facial Treatment Specialist/Facialist.	healthcare-human-services	healthcare-human-services/personal-care-services	1	Facial Treatment Specialist/Facialist.
aestheticianesthetician-and-skin-care-specialist	12.0409	Aesthetician/Esthetician and Skin Care Specialist.	healthcare-human-services	healthcare-human-services/personal-care-services	1	Aesthetician/Esthetician and Skin Care Specialist.
nail-technicianspecialist-and-manicurist	12.0410	Nail Technician/Specialist and Manicurist.	healthcare-human-services	healthcare-human-services/personal-care-services	1	Nail Technician/Specialist and Manicurist.
permanent-cosmeticsmakeup-and-tattooing	12.0411	Permanent Cosmetics/Makeup and Tattooing.	healthcare-human-services	healthcare-human-services/personal-care-services	2	Permanent Cosmetics/Makeup and Tattooing.
salonbeauty-salon-managementmanager	12.0412	Salon/Beauty Salon Management/Manager.	arts-entertainment-design,healthcare-human-services	arts-entertainment-design/performing-arts,healthcare-human-services/personal-care-services	4	Salon/Beauty Salon Management/Manager.
cosmetology-barberstyling-and-nail-instructor	12.0413	Cosmetology, Barber/Styling, and Nail Instructor.	healthcare-human-services	healthcare-human-services/personal-care-services	2	Cosmetology, Barber/Styling, and Nail Instructor.
master-aestheticianesthetician	12.0414	Master Aesthetician/Esthetician.	healthcare-human-services	healthcare-human-services/personal-care-services	1	Master Aesthetician/Esthetician.
cosmetology-and-related-personal-grooming-arts-other	12.0499	Cosmetology and Related Personal Grooming Arts, Other.	healthcare-human-services	healthcare-human-services/personal-care-services	1	Cosmetology and Related Personal Grooming Arts, Other.
cooking-and-related-culinary-arts-general	12.0500	Cooking and Related Culinary Arts, General.	healthcare-human-services,hospitality-events-tourism,management-entrepreneurship	healthcare-human-services/personal-care-services,hospitality-events-tourism/culinary-food-services,management-entrepreneurship/entrepreneurship-small-business	5	Cooking and Related Culinary Arts, General.
baking-and-pastry-artsbakerpastry-chef	12.0501	Baking and Pastry Arts/Baker/Pastry Chef.	hospitality-events-tourism	hospitality-events-tourism/culinary-food-services	2	Baking and Pastry Arts/Baker/Pastry Chef.
bartendingbartender	12.0502	Bartending/Bartender.	hospitality-events-tourism	hospitality-events-tourism/culinary-food-services	1	Bartending/Bartender.
culinary-artschef-training	12.0503	Culinary Arts/Chef Training.	hospitality-events-tourism,management-entrepreneurship	hospitality-events-tourism/culinary-food-services,management-entrepreneurship/entrepreneurship-small-business	5	Culinary Arts/Chef Training.
restaurant-culinary-and-catering-managementmanager	12.0504	Restaurant, Culinary, and Catering Management/Manager.	hospitality-events-tourism,management-entrepreneurship	hospitality-events-tourism/culinary-food-services,management-entrepreneurship/entrepreneurship-small-business	4	Restaurant, Culinary, and Catering Management/Manager.
food-preparationprofessional-cookingkitchen-assistant	12.0505	Food Preparation/Professional Cooking/Kitchen Assistant.	healthcare-human-services,hospitality-events-tourism,management-entrepreneurship	healthcare-human-services/personal-care-services,hospitality-events-tourism/culinary-food-services,management-entrepreneurship/entrepreneurship-small-business	3	Food Preparation/Professional Cooking/Kitchen Assistant.
meat-cuttingmeat-cutter	12.0506	Meat Cutting/Meat Cutter.	agriculture	agriculture/food-science-processing	2	Meat Cutting/Meat Cutter.
food-service-waiterwaitress-and-dining-room-managementmanager	12.0507	Food Service, Waiter/Waitress, and Dining Room Management/Manager.	hospitality-events-tourism	hospitality-events-tourism/culinary-food-services	1	Food Service, Waiter/Waitress, and Dining Room Management/Manager.
institutional-food-workers	12.0508	Institutional Food Workers.	healthcare-human-services,hospitality-events-tourism,public-service-safety	healthcare-human-services/personal-care-services,hospitality-events-tourism/culinary-food-services,public-service-safety/local-state-federal-services	1	Institutional Food Workers.
culinary-scienceculinology	12.0509	Culinary Science/Culinology.	agriculture,education,hospitality-events-tourism	agriculture/food-science-processing,education/teaching-training-facilitation,hospitality-events-tourism/culinary-food-services	5	Culinary Science/Culinology.
wine-stewardsommelier	12.0510	Wine Steward/Sommelier.	hospitality-events-tourism,marketing-sales,supply-chain-transportation	hospitality-events-tourism/culinary-food-services,marketing-sales/strategic-sales,supply-chain-transportation/purchasing-warehousing	2	Wine Steward/Sommelier.
casino-operations-and-services-general	12.0601	Casino Operations and Services, General.	hospitality-events-tourism,public-service-safety	hospitality-events-tourism/travel-leisure,public-service-safety/public-safety	3	Casino Operations and Services, General.
casino-dealing	12.0602	Casino Dealing.	hospitality-events-tourism	hospitality-events-tourism/travel-leisure	2	Casino Dealing.
culinary-entertainment-and-personal-services-other	12.9999	Culinary, Entertainment, and Personal Services, Other.	hospitality-events-tourism	hospitality-events-tourism/accommodations	1	Culinary, Entertainment, and Personal Services, Other.
education-general	13.0101	Education, General.	education	education/teaching-training-facilitation	2	Education, General.
bilingual-and-multilingual-education	13.0201	Bilingual and Multilingual Education.	education	education/teaching-training-facilitation	8	Bilingual and Multilingual Education.
multicultural-education	13.0202	Multicultural Education.	education	education/teaching-training-facilitation	3	Multicultural Education.
indiannative-american-education	13.0203	Indian/Native American Education.	education	education/teaching-training-facilitation	2	Indian/Native American Education.
bilingual-multilingual-and-multicultural-education-other	13.0299	Bilingual, Multilingual, and Multicultural Education, Other.	education	education/teaching-training-facilitation	2	Bilingual, Multilingual, and Multicultural Education, Other.
curriculum-and-instruction	13.0301	Curriculum and Instruction.	education	education/teaching-training-facilitation	2	Curriculum and Instruction.
educational-leadership-and-administration-general	13.0401	Educational Leadership and Administration, General.	education,healthcare-human-services,public-service-safety	education/early-childhood-development,education/education-administration-leadership,healthcare-human-services/community-social-services,public-service-safety/local-state-federal-services	4	Educational Leadership and Administration, General.
administration-of-special-education	13.0402	Administration of Special Education.	education,public-service-safety	education/education-administration-leadership,public-service-safety/local-state-federal-services	1	Administration of Special Education.
adult-and-continuing-education-administration	13.0403	Adult and Continuing Education Administration.	education,management-entrepreneurship,public-service-safety	education/education-administration-leadership,management-entrepreneurship/leadership-operations,public-service-safety/local-state-federal-services	2	Adult and Continuing Education Administration.
educational-instructional-and-curriculum-supervision	13.0404	Educational, Instructional, and Curriculum Supervision.	education,healthcare-human-services,public-service-safety	education/early-childhood-development,education/education-administration-leadership,healthcare-human-services/community-social-services,public-service-safety/local-state-federal-services	4	Educational, Instructional, and Curriculum Supervision.
higher-educationhigher-education-administration	13.0406	Higher Education/Higher Education Administration.	education,public-service-safety	education/education-administration-leadership,public-service-safety/local-state-federal-services	2	Higher Education/Higher Education Administration.
community-college-administration	13.0407	Community College Administration.	education	education/education-administration-leadership	1	Community College Administration.
elementary-and-middle-school-administrationprincipalship	13.0408	Elementary and Middle School Administration/Principalship.	education	education/education-administration-leadership	1	Elementary and Middle School Administration/Principalship.
secondary-school-administrationprincipalship	13.0409	Secondary School Administration/Principalship.	education	education/education-administration-leadership	1	Secondary School Administration/Principalship.
urban-education-and-leadership	13.0410	Urban Education and Leadership.	education,public-service-safety	education/education-administration-leadership,public-service-safety/local-state-federal-services	1	Urban Education and Leadership.
superintendency-and-educational-system-administration	13.0411	Superintendency and Educational System Administration.	education,healthcare-human-services,public-service-safety	education/early-childhood-development,education/education-administration-leadership,healthcare-human-services/community-social-services,public-service-safety/local-state-federal-services	3	Superintendency and Educational System Administration.
international-school-administrationleadership	13.0412	International School Administration/Leadership.	education,healthcare-human-services,public-service-safety	education/early-childhood-development,education/education-administration-leadership,healthcare-human-services/community-social-services,public-service-safety/local-state-federal-services	4	International School Administration/Leadership.
education-entrepreneurship	13.0413	Education Entrepreneurship.	education,public-service-safety	education/education-administration-leadership,public-service-safety/local-state-federal-services	1	Education Entrepreneurship.
early-childhood-program-administration	13.0414	Early Childhood Program Administration.	education,healthcare-human-services	education/early-childhood-development,education/education-administration-leadership,healthcare-human-services/community-social-services	2	Early Childhood Program Administration.
educational-administration-and-supervision-other	13.0499	Educational Administration and Supervision, Other.	education,public-service-safety	education/education-administration-leadership,public-service-safety/local-state-federal-services	1	Educational Administration and Supervision, Other.
educationalinstructional-technology	13.0501	Educational/Instructional Technology.	education,management-entrepreneurship	education/learner-support-community-engagement,education/teaching-training-facilitation,management-entrepreneurship/leadership-operations	3	Educational/Instructional Technology.
educational-evaluation-and-research	13.0601	Educational Evaluation and Research.	education,management-entrepreneurship,public-service-safety	education/education-administration-leadership,education/teaching-training-facilitation,management-entrepreneurship/business-information-management,public-service-safety/local-state-federal-services	3	Educational Evaluation and Research.
educational-statistics-and-research-methods	13.0603	Educational Statistics and Research Methods.	education,management-entrepreneurship,public-service-safety	education/education-administration-leadership,education/teaching-training-facilitation,management-entrepreneurship/business-information-management,public-service-safety/local-state-federal-services	4	Educational Statistics and Research Methods.
educational-assessment-testing-and-measurement	13.0604	Educational Assessment, Testing, and Measurement.	education,management-entrepreneurship,public-service-safety	education/education-administration-leadership,education/teaching-training-facilitation,management-entrepreneurship/business-information-management,public-service-safety/local-state-federal-services	4	Educational Assessment, Testing, and Measurement.
learning-sciences	13.0607	Learning Sciences.	education,management-entrepreneurship,public-service-safety	education/education-administration-leadership,education/learner-support-community-engagement,education/teaching-training-facilitation,management-entrepreneurship/leadership-operations,public-service-safety/local-state-federal-services	5	Learning Sciences.
institutional-research	13.0608	Institutional Research.	education,public-service-safety	education/education-administration-leadership,public-service-safety/local-state-federal-services	3	Institutional Research.
educational-assessment-evaluation-and-research-other	13.0699	Educational Assessment, Evaluation, and Research, Other.	education,management-entrepreneurship,public-service-safety	education/education-administration-leadership,education/teaching-training-facilitation,management-entrepreneurship/business-information-management,public-service-safety/local-state-federal-services	4	Educational Assessment, Evaluation, and Research, Other.
social-and-philosophical-foundations-of-education	13.0901	Social and Philosophical Foundations of Education.	education	education/teaching-training-facilitation	1	Social and Philosophical Foundations of Education.
special-education-and-teaching-general	13.1001	Special Education and Teaching, General.	education	education/learner-support-community-engagement,education/teaching-training-facilitation	5	Special Education and Teaching, General.
educationteaching-of-individuals-with-hearing-impairments-including-deafness	13.1003	Education/Teaching of Individuals with Hearing Impairments Including Deafness.	education	education/learner-support-community-engagement,education/teaching-training-facilitation	6	Education/Teaching of Individuals with Hearing Impairments Including Deafness.
educationteaching-of-individuals-with-emotional-disturbances	13.1005	Education/Teaching of Individuals with Emotional Disturbances.	education	education/learner-support-community-engagement,education/teaching-training-facilitation	6	Education/Teaching of Individuals with Emotional Disturbances.
educationteaching-of-individuals-with-intellectual-disabilities	13.1006	Education/Teaching of Individuals with Intellectual Disabilities.	education	education/learner-support-community-engagement,education/teaching-training-facilitation	6	Education/Teaching of Individuals with Intellectual Disabilities.
educationteaching-of-individuals-with-multiple-disabilities	13.1007	Education/Teaching of Individuals with Multiple Disabilities.	education	education/learner-support-community-engagement,education/teaching-training-facilitation	6	Education/Teaching of Individuals with Multiple Disabilities.
educationteaching-of-individuals-with-orthopedic-and-other-physical-health-impairments	13.1008	Education/Teaching of Individuals with Orthopedic and Other Physical Health Impairments.	education	education/learner-support-community-engagement,education/teaching-training-facilitation	6	Education/Teaching of Individuals with Orthopedic and Other Physical Health Impairments.
educationteaching-of-individuals-with-vision-impairments-including-blindness	13.1009	Education/Teaching of Individuals with Vision Impairments Including Blindness.	education	education/learner-support-community-engagement,education/teaching-training-facilitation	6	Education/Teaching of Individuals with Vision Impairments Including Blindness.
educationteaching-of-individuals-with-specific-learning-disabilities	13.1011	Education/Teaching of Individuals with Specific Learning Disabilities.	education	education/learner-support-community-engagement,education/teaching-training-facilitation	6	Education/Teaching of Individuals with Specific Learning Disabilities.
educationteaching-of-individuals-with-speech-or-language-impairments	13.1012	Education/Teaching of Individuals with Speech or Language Impairments.	education	education/learner-support-community-engagement,education/teaching-training-facilitation	6	Education/Teaching of Individuals with Speech or Language Impairments.
educationteaching-of-individuals-with-autism	13.1013	Education/Teaching of Individuals with Autism.	education	education/learner-support-community-engagement,education/teaching-training-facilitation	6	Education/Teaching of Individuals with Autism.
educationteaching-of-individuals-who-are-developmentally-delayed	13.1014	Education/Teaching of Individuals Who are Developmentally Delayed.	education	education/learner-support-community-engagement,education/teaching-training-facilitation	6	Education/Teaching of Individuals Who are Developmentally Delayed.
educationteaching-of-individuals-in-early-childhood-special-education-programs	13.1015	Education/Teaching of Individuals in Early Childhood Special Education Programs.	education	education/learner-support-community-engagement,education/teaching-training-facilitation	2	Education/Teaching of Individuals in Early Childhood Special Education Programs.
educationteaching-of-individuals-with-traumatic-brain-injuries	13.1016	Education/Teaching of Individuals with Traumatic Brain Injuries.	education	education/learner-support-community-engagement,education/teaching-training-facilitation	6	Education/Teaching of Individuals with Traumatic Brain Injuries.
educationteaching-of-individuals-in-elementary-special-education-programs	13.1017	Education/Teaching of Individuals in Elementary Special Education Programs.	education	education/learner-support-community-engagement,education/teaching-training-facilitation	2	Education/Teaching of Individuals in Elementary Special Education Programs.
educationteaching-of-individuals-in-junior-highmiddle-school-special-education-programs	13.1018	Education/Teaching of Individuals in Junior High/Middle School Special Education Programs.	education	education/learner-support-community-engagement,education/teaching-training-facilitation	2	Education/Teaching of Individuals in Junior High/Middle School Special Education Programs.
educationteaching-of-individuals-in-secondary-special-education-programs	13.1019	Education/Teaching of Individuals in Secondary Special Education Programs.	education	education/learner-support-community-engagement,education/teaching-training-facilitation	2	Education/Teaching of Individuals in Secondary Special Education Programs.
special-education-and-teaching-other	13.1099	Special Education and Teaching, Other.	education	education/learner-support-community-engagement,education/teaching-training-facilitation	2	Special Education and Teaching, Other.
counselor-educationschool-counseling-and-guidance-services	13.1101	Counselor Education/School Counseling and Guidance Services.	education,healthcare-human-services	education/learner-support-community-engagement,healthcare-human-services/community-social-services	1	Counselor Education/School Counseling and Guidance Services.
college-student-counseling-and-personnel-services	13.1102	College Student Counseling and Personnel Services.	education,healthcare-human-services	education/learner-support-community-engagement,healthcare-human-services/community-social-services	2	College Student Counseling and Personnel Services.
student-counseling-and-personnel-services-other	13.1199	Student Counseling and Personnel Services, Other.	education,healthcare-human-services	education/learner-support-community-engagement,healthcare-human-services/community-social-services	2	Student Counseling and Personnel Services, Other.
adult-and-continuing-education-and-teaching	13.1201	Adult and Continuing Education and Teaching.	education,management-entrepreneurship	education/teaching-training-facilitation,management-entrepreneurship/leadership-operations	3	Adult and Continuing Education and Teaching.
elementary-education-and-teaching	13.1202	Elementary Education and Teaching.	education	education/teaching-training-facilitation	2	Elementary Education and Teaching.
junior-highintermediatemiddle-school-education-and-teaching	13.1203	Junior High/Intermediate/Middle School Education and Teaching.	education	education/teaching-training-facilitation	3	Junior High/Intermediate/Middle School Education and Teaching.
secondary-education-and-teaching	13.1205	Secondary Education and Teaching.	education	education/teaching-training-facilitation	2	Secondary Education and Teaching.
teacher-education-multiple-levels	13.1206	Teacher Education, Multiple Levels.	education	education/teaching-training-facilitation	6	Teacher Education, Multiple Levels.
montessori-teacher-education	13.1207	Montessori Teacher Education.	education	education/teaching-training-facilitation	7	Montessori Teacher Education.
waldorfsteiner-teacher-education	13.1208	Waldorf/Steiner Teacher Education.	education	education/teaching-training-facilitation	7	Waldorf/Steiner Teacher Education.
kindergartenpreschool-education-and-teaching	13.1209	Kindergarten/Preschool Education and Teaching.	education	education/teaching-training-facilitation	3	Kindergarten/Preschool Education and Teaching.
early-childhood-education-and-teaching	13.1210	Early Childhood Education and Teaching.	education	education/teaching-training-facilitation	5	Early Childhood Education and Teaching.
online-educatoronline-teaching	13.1211	Online Educator/Online Teaching.	education	education/teaching-training-facilitation	7	Online Educator/Online Teaching.
international-teaching-and-learning	13.1212	International Teaching and Learning.	education	education/teaching-training-facilitation	5	International Teaching and Learning.
science-technology-engineering-and-mathematics-stem-educational-methods	13.1213	Science, Technology, Engineering, and Mathematics (STEM) Educational Methods.	education	education/teaching-training-facilitation	4	Science, Technology, Engineering, and Mathematics (STEM) Educational Methods.
collegepostsecondaryuniversity-teaching	13.1214	College/Postsecondary/University Teaching.	education	education/teaching-training-facilitation	1	College/Postsecondary/University Teaching.
agricultural-teacher-education	13.1301	Agricultural Teacher Education.	education	education/teaching-training-facilitation	5	Agricultural Teacher Education.
art-teacher-education	13.1302	Art Teacher Education.	education	education/teaching-training-facilitation	4	Art Teacher Education.
business-and-innovationentrepreneurship-teacher-education	13.1303	Business and Innovation/Entrepreneurship Teacher Education.	education	education/teaching-training-facilitation	5	Business and Innovation/Entrepreneurship Teacher Education.
driver-and-safety-teacher-education	13.1304	Driver and Safety Teacher Education.	education	education/teaching-training-facilitation	3	Driver and Safety Teacher Education.
englishlanguage-arts-teacher-education	13.1305	English/Language Arts Teacher Education.	education	education/teaching-training-facilitation	4	English/Language Arts Teacher Education.
foreign-language-teacher-education	13.1306	Foreign Language Teacher  Education.	education	education/teaching-training-facilitation	4	Foreign Language Teacher  Education.
health-teacher-education	13.1307	Health Teacher Education.	education	education/teaching-training-facilitation	3	Health Teacher Education.
family-and-consumer-scienceshome-economics-teacher-education	13.1308	Family and Consumer Sciences/Home Economics Teacher Education.	education	education/teaching-training-facilitation	6	Family and Consumer Sciences/Home Economics Teacher Education.
technology-teacher-educationindustrial-arts-teacher-education	13.1309	Technology Teacher Education/Industrial Arts Teacher Education.	education	education/teaching-training-facilitation	6	Technology Teacher Education/Industrial Arts Teacher Education.
sales-and-marketing-operationsmarketing-and-distribution-teacher-education	13.1310	Sales and Marketing Operations/Marketing and Distribution   Teacher Education.	education	education/teaching-training-facilitation	5	Sales and Marketing Operations/Marketing and Distribution   Teacher Education.
mathematics-teacher-education	13.1311	Mathematics Teacher Education.	education	education/teaching-training-facilitation	4	Mathematics Teacher Education.
music-teacher-education	13.1312	Music Teacher Education.	education	education/teaching-training-facilitation	4	Music Teacher Education.
physical-education-teaching-and-coaching	13.1314	Physical Education Teaching and Coaching.	arts-entertainment-design,education,healthcare-human-services	arts-entertainment-design/performing-arts,education/teaching-training-facilitation,healthcare-human-services/personal-care-services	6	Physical Education Teaching and Coaching.
reading-teacher-education	13.1315	Reading Teacher Education.	education	education/teaching-training-facilitation	3	Reading Teacher Education.
science-teacher-educationgeneral-science-teacher-education	13.1316	Science Teacher Education/General Science Teacher Education.	education	education/teaching-training-facilitation	10	Science Teacher Education/General Science Teacher Education.
social-science-teacher-education	13.1317	Social Science Teacher Education.	education	education/teaching-training-facilitation	3	Social Science Teacher Education.
social-studies-teacher-education	13.1318	Social Studies Teacher Education.	education	education/teaching-training-facilitation	2	Social Studies Teacher Education.
technical-teacher-education	13.1319	Technical Teacher Education.	education	education/teaching-training-facilitation	4	Technical Teacher Education.
trade-and-industrial-teacher-education	13.1320	Trade and Industrial Teacher Education.	education	education/teaching-training-facilitation	4	Trade and Industrial Teacher Education.
computer-teacher-education	13.1321	Computer Teacher Education.	education	education/teaching-training-facilitation	4	Computer Teacher Education.
biology-teacher-education	13.1322	Biology Teacher Education.	education	education/teaching-training-facilitation	4	Biology Teacher Education.
chemistry-teacher-education	13.1323	Chemistry Teacher Education.	education	education/teaching-training-facilitation	4	Chemistry Teacher Education.
drama-and-dance-teacher-education	13.1324	Drama and Dance Teacher Education.	education	education/teaching-training-facilitation	4	Drama and Dance Teacher Education.
french-language-teacher-education	13.1325	French Language Teacher Education.	education	education/teaching-training-facilitation	4	French Language Teacher Education.
german-language-teacher-education	13.1326	German Language Teacher Education.	education	education/teaching-training-facilitation	4	German Language Teacher Education.
health-occupations-teacher-education	13.1327	Health Occupations Teacher Education.	education	education/teaching-training-facilitation	5	Health Occupations Teacher Education.
history-teacher-education	13.1328	History Teacher Education.	education	education/teaching-training-facilitation	4	History Teacher Education.
physics-teacher-education	13.1329	Physics Teacher Education.	education	education/teaching-training-facilitation	3	Physics Teacher Education.
spanish-language-teacher-education	13.1330	Spanish Language Teacher Education.	education	education/teaching-training-facilitation	4	Spanish Language Teacher Education.
speech-teacher-education	13.1331	Speech Teacher Education.	education	education/teaching-training-facilitation	3	Speech Teacher Education.
geography-teacher-education	13.1332	Geography Teacher Education.	education	education/teaching-training-facilitation	4	Geography Teacher Education.
latin-teacher-education	13.1333	Latin Teacher Education.	education	education/teaching-training-facilitation	3	Latin Teacher Education.
school-librarianschool-library-media-specialist	13.1334	School Librarian/School Library Media Specialist.	education	education/learner-support-community-engagement	1	School Librarian/School Library Media Specialist.
psychology-teacher-education	13.1335	Psychology Teacher Education.	education	education/teaching-training-facilitation	2	Psychology Teacher Education.
earth-science-teacher-education	13.1337	Earth Science Teacher Education.	education	education/teaching-training-facilitation	4	Earth Science Teacher Education.
environmental-education	13.1338	Environmental Education.	education	education/teaching-training-facilitation	4	Environmental Education.
communication-arts-and-literature-teacher-education	13.1339	Communication Arts and Literature Teacher Education.	education	education/teaching-training-facilitation	4	Communication Arts and Literature Teacher Education.
teacher-education-and-professional-development-specific-subject-areas-other	13.1399	Teacher Education and Professional Development, Specific Subject Areas, Other.	education	education/teaching-training-facilitation	2	Teacher Education and Professional Development, Specific Subject Areas, Other.
teaching-english-as-a-second-or-foreign-languageesl-language-instructor	13.1401	Teaching English as a Second or Foreign Language/ESL Language Instructor.	education	education/teaching-training-facilitation	6	Teaching English as a Second or Foreign Language/ESL Language Instructor.
teaching-french-as-a-second-or-foreign-language	13.1402	Teaching French as a Second or Foreign Language.	education	education/teaching-training-facilitation	6	Teaching French as a Second or Foreign Language.
teaching-english-or-french-as-a-second-or-foreign-language-other	13.1499	Teaching English or French as a Second or Foreign Language, Other.	education	education/teaching-training-facilitation	6	Teaching English or French as a Second or Foreign Language, Other.
teacher-assistantaide	13.1501	Teacher Assistant/Aide.	education	education/teaching-training-facilitation	1	Teacher Assistant/Aide.
adult-literacy-tutorinstructor	13.1502	Adult Literacy Tutor/Instructor.	education	education/teaching-training-facilitation	1	Adult Literacy Tutor/Instructor.
teaching-assistantsaides-other	13.1599	Teaching Assistants/Aides, Other.	education	education/learner-support-community-engagement,education/teaching-training-facilitation	3	Teaching Assistants/Aides, Other.
education-other	13.9999	Education, Other.	education	education/teaching-training-facilitation	2	Education, Other.
engineering-general	14.0101	Engineering, General.	advanced-manufacturing,education	advanced-manufacturing/engineering,education/teaching-training-facilitation	3	Engineering, General.
applied-engineering	14.0103	Applied Engineering.	advanced-manufacturing	advanced-manufacturing/engineering	1	Applied Engineering.
aerospace-aeronautical-and-astronauticalspace-engineering-general	14.0201	Aerospace, Aeronautical, and Astronautical/Space Engineering, General.	advanced-manufacturing,education	advanced-manufacturing/engineering,education/teaching-training-facilitation	3	Aerospace, Aeronautical, and Astronautical/Space Engineering, General.
astronautical-engineering	14.0202	Astronautical Engineering.	advanced-manufacturing,education	advanced-manufacturing/engineering,education/teaching-training-facilitation	4	Astronautical Engineering.
aerospace-aeronautical-and-astronauticalspace-engineering-other	14.0299	Aerospace, Aeronautical, and Astronautical/Space Engineering, Other.	advanced-manufacturing,education,supply-chain-transportation	advanced-manufacturing/engineering,education/teaching-training-facilitation,supply-chain-transportation/air-space-transportation	4	Aerospace, Aeronautical, and Astronautical/Space Engineering, Other.
agricultural-engineering	14.0301	Agricultural Engineering.	advanced-manufacturing,agriculture,education	advanced-manufacturing/engineering,agriculture/agricultural-technology-automation,education/teaching-training-facilitation	3	Agricultural Engineering.
architectural-engineering	14.0401	Architectural Engineering.	advanced-manufacturing,education	advanced-manufacturing/engineering,education/teaching-training-facilitation	4	Architectural Engineering.
bioengineering-and-biomedical-engineering	14.0501	Bioengineering and Biomedical Engineering.	advanced-manufacturing,education	advanced-manufacturing/engineering,education/teaching-training-facilitation	3	Bioengineering and Biomedical Engineering.
ceramic-sciences-and-engineering	14.0601	Ceramic Sciences and Engineering.	advanced-manufacturing,education	advanced-manufacturing/engineering,advanced-manufacturing/production-automation,education/teaching-training-facilitation	4	Ceramic Sciences and Engineering.
chemical-engineering	14.0701	Chemical Engineering.	advanced-manufacturing,education	advanced-manufacturing/engineering,education/teaching-training-facilitation	3	Chemical Engineering.
chemical-and-biomolecular-engineering	14.0702	Chemical and Biomolecular Engineering.	advanced-manufacturing,education	advanced-manufacturing/engineering,education/teaching-training-facilitation	5	Chemical and Biomolecular Engineering.
chemical-engineering-other	14.0799	Chemical Engineering, Other.	advanced-manufacturing,education	advanced-manufacturing/engineering,education/teaching-training-facilitation	3	Chemical Engineering, Other.
civil-engineering-general	14.0801	Civil Engineering, General.	construction,education,public-service-safety	construction/architecture-civil-engineering,education/teaching-training-facilitation,public-service-safety/local-state-federal-services	3	Civil Engineering, General.
geotechnical-and-geoenvironmental-engineering	14.0802	Geotechnical and Geoenvironmental Engineering.	education,energy-natural-resources,public-service-safety	education/teaching-training-facilitation,energy-natural-resources/ecological-research-development,energy-natural-resources/resource-extraction,energy-natural-resources/utilities,public-service-safety/local-state-federal-services	7	Geotechnical and Geoenvironmental Engineering.
structural-engineering	14.0803	Structural Engineering.	construction,education	construction/architecture-civil-engineering,education/teaching-training-facilitation	3	Structural Engineering.
transportation-and-highway-engineering	14.0804	Transportation and Highway Engineering.	construction,education	construction/architecture-civil-engineering,education/teaching-training-facilitation	3	Transportation and Highway Engineering.
water-resources-engineering	14.0805	Water Resources Engineering.	construction,education,energy-natural-resources	construction/architecture-civil-engineering,education/teaching-training-facilitation,energy-natural-resources/ecological-research-development,energy-natural-resources/utilities	5	Water Resources Engineering.
civil-engineering-other	14.0899	Civil Engineering, Other.	construction,education	construction/architecture-civil-engineering,education/teaching-training-facilitation	3	Civil Engineering, Other.
computer-engineering-general	14.0901	Computer Engineering, General.	digital-technology,education	digital-technology/it-support-services,digital-technology/network-systems-cybersecurity,digital-technology/software-solutions,education/teaching-training-facilitation	6	Computer Engineering, General.
computer-hardware-engineering	14.0902	Computer Hardware Engineering.	digital-technology,education	digital-technology/it-support-services,education/teaching-training-facilitation	2	Computer Hardware Engineering.
computer-software-engineering	14.0903	Computer Software Engineering.	digital-technology,education	digital-technology/it-support-services,digital-technology/software-solutions,education/teaching-training-facilitation	4	Computer Software Engineering.
computer-engineering-other	14.0999	Computer Engineering, Other.	digital-technology,education	digital-technology/network-systems-cybersecurity,education/teaching-training-facilitation	2	Computer Engineering, Other.
electrical-and-electronics-engineering	14.1001	Electrical and Electronics Engineering.	advanced-manufacturing,digital-technology,education,energy-natural-resources	advanced-manufacturing/engineering,digital-technology/it-support-services,education/teaching-training-facilitation,energy-natural-resources/utilities	6	Electrical and Electronics Engineering.
laser-and-optical-engineering	14.1003	Laser and Optical Engineering.	advanced-manufacturing,education	advanced-manufacturing/engineering,education/teaching-training-facilitation	3	Laser and Optical Engineering.
telecommunications-engineering	14.1004	Telecommunications Engineering.	education,energy-natural-resources	education/teaching-training-facilitation,energy-natural-resources/utilities	4	Telecommunications Engineering.
electrical-electronics-and-communications-engineering-other	14.1099	Electrical, Electronics, and Communications Engineering, Other.	advanced-manufacturing,education,energy-natural-resources	advanced-manufacturing/engineering,education/teaching-training-facilitation,energy-natural-resources/utilities	4	Electrical, Electronics, and Communications Engineering, Other.
engineering-mechanics	14.1101	Engineering Mechanics.	advanced-manufacturing,education	advanced-manufacturing/engineering,education/teaching-training-facilitation	4	Engineering Mechanics.
engineering-physicsapplied-physics	14.1201	Engineering Physics/Applied Physics.	advanced-manufacturing,education	advanced-manufacturing/engineering,education/teaching-training-facilitation	4	Engineering Physics/Applied Physics.
engineering-science	14.1301	Engineering Science.	advanced-manufacturing,education	advanced-manufacturing/engineering,education/teaching-training-facilitation	3	Engineering Science.
environmentalenvironmental-health-engineering	14.1401	Environmental/Environmental Health Engineering.	advanced-manufacturing,education,energy-natural-resources,management-entrepreneurship	advanced-manufacturing/engineering,education/teaching-training-facilitation,energy-natural-resources/ecological-research-development,management-entrepreneurship/regulation	4	Environmental/Environmental Health Engineering.
materials-engineering	14.1801	Materials Engineering.	advanced-manufacturing,education,energy-natural-resources	advanced-manufacturing/engineering,advanced-manufacturing/production-automation,education/teaching-training-facilitation,energy-natural-resources/resource-extraction	3	Materials Engineering.
mechanical-engineering	14.1901	Mechanical Engineering.	advanced-manufacturing,education	advanced-manufacturing/engineering,education/teaching-training-facilitation	4	Mechanical Engineering.
metallurgical-engineering	14.2001	Metallurgical Engineering.	advanced-manufacturing,education	advanced-manufacturing/engineering,advanced-manufacturing/production-automation,education/teaching-training-facilitation	3	Metallurgical Engineering.
mining-and-mineral-engineering	14.2101	Mining and Mineral Engineering.	advanced-manufacturing,education,energy-natural-resources	advanced-manufacturing/engineering,education/teaching-training-facilitation,energy-natural-resources/resource-extraction	3	Mining and Mineral Engineering.
naval-architecture-and-marine-engineering	14.2201	Naval Architecture and Marine Engineering.	advanced-manufacturing,education,supply-chain-transportation	advanced-manufacturing/engineering,education/teaching-training-facilitation,supply-chain-transportation/marine-transportation	3	Naval Architecture and Marine Engineering.
nuclear-engineering	14.2301	Nuclear Engineering.	advanced-manufacturing,education,energy-natural-resources	advanced-manufacturing/engineering,education/teaching-training-facilitation,energy-natural-resources/clean-alternative-energy,energy-natural-resources/ecological-research-development	3	Nuclear Engineering.
ocean-engineering	14.2401	Ocean Engineering.	education,energy-natural-resources	education/teaching-training-facilitation,energy-natural-resources/environmental-protection	3	Ocean Engineering.
petroleum-engineering	14.2501	Petroleum Engineering.	education,energy-natural-resources	education/teaching-training-facilitation,energy-natural-resources/resource-extraction	3	Petroleum Engineering.
systems-engineering	14.2701	Systems Engineering.	advanced-manufacturing,digital-technology,education	advanced-manufacturing/engineering,digital-technology/software-solutions,education/teaching-training-facilitation	5	Systems Engineering.
textile-sciences-and-engineering	14.2801	Textile Sciences and Engineering.	advanced-manufacturing,arts-entertainment-design,education	advanced-manufacturing/engineering,advanced-manufacturing/production-automation,arts-entertainment-design/fashion-interiors,education/teaching-training-facilitation	3	Textile Sciences and Engineering.
polymerplastics-engineering	14.3201	Polymer/Plastics Engineering.	advanced-manufacturing,education	advanced-manufacturing/engineering,advanced-manufacturing/production-automation,education/teaching-training-facilitation	4	Polymer/Plastics Engineering.
construction-engineering	14.3301	Construction Engineering.	construction,education	construction/architecture-civil-engineering,construction/construction-planning-development,education/teaching-training-facilitation	5	Construction Engineering.
forest-engineering	14.3401	Forest Engineering.	agriculture,education	agriculture/plant-systems,education/teaching-training-facilitation	3	Forest Engineering.
industrial-engineering	14.3501	Industrial Engineering.	advanced-manufacturing,education	advanced-manufacturing/engineering,advanced-manufacturing/production-automation,education/teaching-training-facilitation	4	Industrial Engineering.
manufacturing-engineering	14.3601	Manufacturing Engineering.	advanced-manufacturing,education	advanced-manufacturing/engineering,education/teaching-training-facilitation	4	Manufacturing Engineering.
operations-research	14.3701	Operations Research.	education,energy-natural-resources,management-entrepreneurship	education/teaching-training-facilitation,energy-natural-resources/conservation-land-management,energy-natural-resources/ecological-research-development,management-entrepreneurship/business-information-management	3	Operations Research.
surveying-engineering	14.3801	Surveying Engineering.	advanced-manufacturing,construction,education,energy-natural-resources	advanced-manufacturing/engineering,construction/architecture-civil-engineering,education/teaching-training-facilitation,energy-natural-resources/resource-extraction	5	Surveying Engineering.
geologicalgeophysical-engineering	14.3901	Geological/Geophysical Engineering.	education,energy-natural-resources	education/teaching-training-facilitation,energy-natural-resources/resource-extraction	4	Geological/Geophysical Engineering.
paper-science-and-engineering	14.4001	Paper Science and Engineering.	advanced-manufacturing,agriculture,education	advanced-manufacturing/engineering,agriculture/plant-systems,education/teaching-training-facilitation	4	Paper Science and Engineering.
electromechanical-engineering	14.4101	Electromechanical Engineering.	advanced-manufacturing,education	advanced-manufacturing/engineering,advanced-manufacturing/production-automation,education/teaching-training-facilitation	5	Electromechanical Engineering.
mechatronics-robotics-and-automation-engineering	14.4201	Mechatronics, Robotics, and Automation Engineering.	advanced-manufacturing,education	advanced-manufacturing/engineering,advanced-manufacturing/production-automation,education/teaching-training-facilitation	3	Mechatronics, Robotics, and Automation Engineering.
biochemical-engineering	14.4301	Biochemical Engineering.	advanced-manufacturing,education	advanced-manufacturing/engineering,education/teaching-training-facilitation	4	Biochemical Engineering.
engineering-chemistry	14.4401	Engineering Chemistry.	advanced-manufacturing,education	advanced-manufacturing/engineering,education/teaching-training-facilitation	4	Engineering Chemistry.
biologicalbiosystems-engineering	14.4501	Biological/Biosystems Engineering.	advanced-manufacturing,education	advanced-manufacturing/engineering,education/teaching-training-facilitation	4	Biological/Biosystems Engineering.
electrical-and-computer-engineering	14.4701	Electrical and Computer Engineering.	advanced-manufacturing,digital-technology,education	advanced-manufacturing/engineering,digital-technology/it-support-services,education/teaching-training-facilitation	5	Electrical and Computer Engineering.
energy-systems-engineering-general	14.4801	Energy Systems Engineering, General.	advanced-manufacturing,education,energy-natural-resources	advanced-manufacturing/engineering,education/teaching-training-facilitation,energy-natural-resources/clean-alternative-energy	3	Energy Systems Engineering, General.
power-plant-engineering	14.4802	Power Plant Engineering.	education,energy-natural-resources	education/teaching-training-facilitation,energy-natural-resources/utilities	3	Power Plant Engineering.
energy-systems-engineering-other	14.4899	Energy Systems Engineering, Other.	education,energy-natural-resources	education/teaching-training-facilitation,energy-natural-resources/utilities	3	Energy Systems Engineering, Other.
engineering-other	14.9999	Engineering, Other.	advanced-manufacturing,education,management-entrepreneurship	advanced-manufacturing/engineering,education/teaching-training-facilitation,management-entrepreneurship/regulation	4	Engineering, Other.
engineering-technologiestechnicians-general	15.0000	Engineering Technologies/Technicians, General.	advanced-manufacturing,energy-natural-resources,supply-chain-transportation	advanced-manufacturing/engineering,advanced-manufacturing/industrial-machinery,advanced-manufacturing/production-automation,energy-natural-resources/resource-extraction,supply-chain-transportation/air-space-transportation	4	Engineering Technologies/Technicians, General.
applied-engineering-technologiestechnicians	15.0001	Applied Engineering Technologies/Technicians.	advanced-manufacturing	advanced-manufacturing/industrial-machinery,advanced-manufacturing/production-automation	3	Applied Engineering Technologies/Technicians.
architectural-engineering-technologiestechnicians	15.0101	Architectural Engineering Technologies/Technicians.	advanced-manufacturing,construction	advanced-manufacturing/production-automation,construction/architecture-civil-engineering	3	Architectural Engineering Technologies/Technicians.
civil-engineering-technologiestechnicians	15.0201	Civil Engineering Technologies/Technicians.	energy-natural-resources,supply-chain-transportation	energy-natural-resources/resource-extraction,supply-chain-transportation/maintenance-repair	2	Civil Engineering Technologies/Technicians.
electrical-electronic-and-communications-engineering-technologytechnician	15.0303	Electrical, Electronic, and Communications Engineering Technology/Technician.	advanced-manufacturing,construction,energy-natural-resources	advanced-manufacturing/engineering,advanced-manufacturing/industrial-machinery,advanced-manufacturing/production-automation,advanced-manufacturing/robotics,advanced-manufacturing/safety-quality-assurance,construction/architecture-civil-engineering,energy-natural-resources/utilities	6	Electrical, Electronic, and Communications Engineering Technology/Technician.
laser-and-optical-technologytechnician	15.0304	Laser and Optical Technology/Technician.	advanced-manufacturing	advanced-manufacturing/engineering	1	Laser and Optical Technology/Technician.
telecommunications-technologytechnician	15.0305	Telecommunications Technology/Technician.	energy-natural-resources	energy-natural-resources/utilities	1	Telecommunications Technology/Technician.
integrated-circuit-design-technologytechnician	15.0306	Integrated Circuit Design Technology/Technician.	advanced-manufacturing,construction	advanced-manufacturing/engineering,advanced-manufacturing/industrial-machinery,advanced-manufacturing/robotics,construction/architecture-civil-engineering	2	Integrated Circuit Design Technology/Technician.
audio-engineering-technologytechnician	15.0307	Audio Engineering Technology/Technician.	advanced-manufacturing,arts-entertainment-design	advanced-manufacturing/engineering,arts-entertainment-design/lighting-sound-technology,arts-entertainment-design/media-production-broadcasting	3	Audio Engineering Technology/Technician.
electricalelectronic-engineering-technologiestechnicians-other	15.0399	Electrical/Electronic Engineering Technologies/Technicians, Other.	advanced-manufacturing	advanced-manufacturing/industrial-machinery,advanced-manufacturing/production-automation,advanced-manufacturing/robotics	1	Electrical/Electronic Engineering Technologies/Technicians, Other.
biomedical-technologytechnician	15.0401	Biomedical Technology/Technician.	advanced-manufacturing	advanced-manufacturing/engineering,advanced-manufacturing/industrial-machinery,advanced-manufacturing/safety-quality-assurance	3	Biomedical Technology/Technician.
electromechanicalelectromechanical-engineering-technologytechnician	15.0403	Electromechanical/Electromechanical Engineering Technology/Technician.	advanced-manufacturing	advanced-manufacturing/engineering,advanced-manufacturing/industrial-machinery,advanced-manufacturing/production-automation,advanced-manufacturing/robotics	2	Electromechanical/Electromechanical Engineering Technology/Technician.
instrumentation-technologytechnician	15.0404	Instrumentation Technology/Technician.	advanced-manufacturing,energy-natural-resources	advanced-manufacturing/industrial-machinery,advanced-manufacturing/production-automation,energy-natural-resources/resource-extraction	3	Instrumentation Technology/Technician.
robotics-technologytechnician	15.0405	Robotics Technology/Technician.	advanced-manufacturing	advanced-manufacturing/industrial-machinery,advanced-manufacturing/robotics	1	Robotics Technology/Technician.
automation-engineer-technologytechnician	15.0406	Automation Engineer Technology/Technician.	advanced-manufacturing	advanced-manufacturing/industrial-machinery,advanced-manufacturing/production-automation	2	Automation Engineer Technology/Technician.
mechatronics-robotics-and-automation-engineering-technologytechnician	15.0407	Mechatronics, Robotics, and Automation Engineering Technology/Technician.	advanced-manufacturing	advanced-manufacturing/industrial-machinery,advanced-manufacturing/robotics	1	Mechatronics, Robotics, and Automation Engineering Technology/Technician.
electromechanical-technologiestechnicians-other	15.0499	Electromechanical Technologies/Technicians, Other.	advanced-manufacturing	advanced-manufacturing/industrial-machinery,advanced-manufacturing/production-automation	1	Electromechanical Technologies/Technicians, Other.
heating-ventilation-air-conditioning-and-refrigeration-engineering-technologytechnician	15.0501	Heating, Ventilation, Air Conditioning and Refrigeration Engineering Technology/Technician.	advanced-manufacturing,construction	advanced-manufacturing/engineering,construction/skilled-trades	2	Heating, Ventilation, Air Conditioning and Refrigeration Engineering Technology/Technician.
water-quality-and-wastewater-treatment-management-and-recycling-technologytechnician	15.0506	Water Quality and Wastewater Treatment Management and Recycling Technology/Technician.	agriculture,energy-natural-resources,public-service-safety	agriculture/water-systems,energy-natural-resources/ecological-research-development,energy-natural-resources/utilities,public-service-safety/local-state-federal-services	3	Water Quality and Wastewater Treatment Management and Recycling Technology/Technician.
environmentalenvironmental-engineering-technologytechnician	15.0507	Environmental/Environmental Engineering Technology/Technician.	energy-natural-resources,public-service-safety	energy-natural-resources/ecological-research-development,public-service-safety/local-state-federal-services	2	Environmental/Environmental Engineering Technology/Technician.
hazardous-materials-management-and-waste-technologytechnician	15.0508	Hazardous Materials Management and Waste Technology/Technician.	advanced-manufacturing,energy-natural-resources,public-service-safety	advanced-manufacturing/safety-quality-assurance,energy-natural-resources/ecological-research-development,energy-natural-resources/utilities,public-service-safety/local-state-federal-services	3	Hazardous Materials Management and Waste Technology/Technician.
environmental-control-technologiestechnicians-other	15.0599	Environmental Control Technologies/Technicians, Other.	advanced-manufacturing,construction	advanced-manufacturing/engineering,construction/architecture-civil-engineering	1	Environmental Control Technologies/Technicians, Other.
plastics-and-polymer-engineering-technologytechnician	15.0607	Plastics and Polymer Engineering Technology/Technician.	advanced-manufacturing	advanced-manufacturing/engineering	1	Plastics and Polymer Engineering Technology/Technician.
metallurgical-technologytechnician	15.0611	Metallurgical Technology/Technician.	advanced-manufacturing	advanced-manufacturing/engineering	1	Metallurgical Technology/Technician.
industrial-technologytechnician	15.0612	Industrial Technology/Technician.	advanced-manufacturing,energy-natural-resources	advanced-manufacturing/engineering,energy-natural-resources/resource-extraction	1	Industrial Technology/Technician.
manufacturing-engineering-technologytechnician	15.0613	Manufacturing Engineering Technology/Technician.	advanced-manufacturing	advanced-manufacturing/engineering,advanced-manufacturing/production-automation	1	Manufacturing Engineering Technology/Technician.
welding-engineering-technologytechnician	15.0614	Welding Engineering Technology/Technician.	advanced-manufacturing,construction	advanced-manufacturing/engineering,advanced-manufacturing/production-automation,construction/skilled-trades	2	Welding Engineering Technology/Technician.
chemical-engineering-technologytechnician	15.0615	Chemical Engineering Technology/Technician.	advanced-manufacturing	advanced-manufacturing/engineering	1	Chemical Engineering Technology/Technician.
semiconductor-manufacturing-technologytechnician	15.0616	Semiconductor Manufacturing Technology/Technician.	advanced-manufacturing	advanced-manufacturing/production-automation,advanced-manufacturing/safety-quality-assurance	2	Semiconductor Manufacturing Technology/Technician.
composite-materials-technologytechnician	15.0617	Composite Materials Technology/Technician.	advanced-manufacturing	advanced-manufacturing/engineering	1	Composite Materials Technology/Technician.
industrial-production-technologiestechnicians-other	15.0699	Industrial Production Technologies/Technicians, Other.	advanced-manufacturing	advanced-manufacturing/engineering	1	Industrial Production Technologies/Technicians, Other.
occupational-safety-and-health-technologytechnician	15.0701	Occupational Safety and Health Technology/Technician.	advanced-manufacturing	advanced-manufacturing/safety-quality-assurance	1	Occupational Safety and Health Technology/Technician.
quality-control-technologytechnician	15.0702	Quality Control Technology/Technician.	advanced-manufacturing	advanced-manufacturing/production-automation,advanced-manufacturing/safety-quality-assurance	1	Quality Control Technology/Technician.
industrial-safety-technologytechnician	15.0703	Industrial Safety Technology/Technician.	advanced-manufacturing	advanced-manufacturing/engineering,advanced-manufacturing/production-automation,advanced-manufacturing/safety-quality-assurance	2	Industrial Safety Technology/Technician.
hazardous-materials-information-systems-technologytechnician	15.0704	Hazardous Materials Information Systems Technology/Technician.	advanced-manufacturing	advanced-manufacturing/safety-quality-assurance	1	Hazardous Materials Information Systems Technology/Technician.
process-safety-technologytechnician	15.0705	Process Safety Technology/Technician.	advanced-manufacturing	advanced-manufacturing/production-automation,advanced-manufacturing/safety-quality-assurance	2	Process Safety Technology/Technician.
aeronauticalaerospace-engineering-technologytechnician	15.0801	Aeronautical/Aerospace Engineering Technology/Technician.	advanced-manufacturing	advanced-manufacturing/engineering	2	Aeronautical/Aerospace Engineering Technology/Technician.
automotive-engineering-technologytechnician	15.0803	Automotive Engineering Technology/Technician.	advanced-manufacturing,supply-chain-transportation	advanced-manufacturing/engineering,supply-chain-transportation/maintenance-repair	3	Automotive Engineering Technology/Technician.
mechanicalmechanical-engineering-technologytechnician	15.0805	Mechanical/Mechanical Engineering Technology/Technician.	advanced-manufacturing	advanced-manufacturing/engineering,advanced-manufacturing/industrial-machinery,advanced-manufacturing/production-automation	3	Mechanical/Mechanical Engineering Technology/Technician.
marine-engineering-technologytechnician	15.0806	Marine Engineering Technology/Technician.	supply-chain-transportation	supply-chain-transportation/maintenance-repair	2	Marine Engineering Technology/Technician.
motorsports-engineering-technologytechnician	15.0807	Motorsports Engineering Technology/Technician.	supply-chain-transportation	supply-chain-transportation/maintenance-repair	2	Motorsports Engineering Technology/Technician.
mechanical-engineering-related-technologiestechnicians-other	15.0899	Mechanical Engineering Related Technologies/Technicians, Other.	advanced-manufacturing	advanced-manufacturing/industrial-machinery	1	Mechanical Engineering Related Technologies/Technicians, Other.
mining-technologytechnician	15.0901	Mining Technology/Technician.	energy-natural-resources	energy-natural-resources/ecological-research-development,energy-natural-resources/resource-extraction	3	Mining Technology/Technician.
petroleum-technologytechnician	15.0903	Petroleum Technology/Technician.	energy-natural-resources	energy-natural-resources/resource-extraction,energy-natural-resources/utilities	2	Petroleum Technology/Technician.
mining-and-petroleum-technologiestechnicians-other	15.0999	Mining and Petroleum Technologies/Technicians, Other.	energy-natural-resources	energy-natural-resources/resource-extraction	1	Mining and Petroleum Technologies/Technicians, Other.
construction-engineering-technologytechnician	15.1001	Construction Engineering Technology/Technician.	construction,supply-chain-transportation	construction/construction-planning-development,supply-chain-transportation/planning-logistics	3	Construction Engineering Technology/Technician.
surveying-technologysurveying	15.1102	Surveying Technology/Surveying.	advanced-manufacturing,energy-natural-resources	advanced-manufacturing/engineering,advanced-manufacturing/production-automation,energy-natural-resources/conservation-land-management,energy-natural-resources/resource-extraction,energy-natural-resources/utilities	4	Surveying Technology/Surveying.
hydraulics-and-fluid-power-technologytechnician	15.1103	Hydraulics and Fluid Power Technology/Technician.	advanced-manufacturing	advanced-manufacturing/engineering,advanced-manufacturing/industrial-machinery	2	Hydraulics and Fluid Power Technology/Technician.
computer-engineering-technologytechnician	15.1201	Computer Engineering Technology/Technician.	digital-technology	digital-technology/software-solutions	1	Computer Engineering Technology/Technician.
computercomputer-systems-technologytechnician	15.1202	Computer/Computer Systems Technology/Technician.	advanced-manufacturing,digital-technology	advanced-manufacturing/production-automation,digital-technology/software-solutions	2	Computer/Computer Systems Technology/Technician.
computer-software-technologytechnician	15.1204	Computer Software Technology/Technician.	digital-technology	digital-technology/network-systems-cybersecurity,digital-technology/software-solutions	3	Computer Software Technology/Technician.
drafting-and-design-technologytechnician-general	15.1301	Drafting and Design Technology/Technician, General.	advanced-manufacturing,construction	advanced-manufacturing/engineering,advanced-manufacturing/production-automation,construction/architecture-civil-engineering	4	Drafting and Design Technology/Technician, General.
cadcadd-drafting-andor-design-technologytechnician	15.1302	CAD/CADD Drafting and/or Design Technology/Technician.	advanced-manufacturing,construction	advanced-manufacturing/engineering,advanced-manufacturing/production-automation,construction/architecture-civil-engineering	4	CAD/CADD Drafting and/or Design Technology/Technician.
architectural-drafting-and-architectural-cadcadd	15.1303	Architectural Drafting and Architectural CAD/CADD.	construction	construction/architecture-civil-engineering	1	Architectural Drafting and Architectural CAD/CADD.
civil-drafting-and-civil-engineering-cadcadd	15.1304	Civil Drafting and Civil Engineering CAD/CADD.	construction	construction/architecture-civil-engineering	1	Civil Drafting and Civil Engineering CAD/CADD.
electricalelectronics-drafting-and-electricalelectronics-cadcadd	15.1305	Electrical/Electronics Drafting and Electrical/Electronics CAD/CADD.	advanced-manufacturing	advanced-manufacturing/engineering	1	Electrical/Electronics Drafting and Electrical/Electronics CAD/CADD.
mechanical-drafting-and-mechanical-drafting-cadcadd	15.1306	Mechanical Drafting and Mechanical Drafting CAD/CADD.	advanced-manufacturing	advanced-manufacturing/engineering,advanced-manufacturing/production-automation	1	Mechanical Drafting and Mechanical Drafting CAD/CADD.
3-d-modeling-and-design-technologytechnician	15.1307	3-D Modeling and Design Technology/Technician.	advanced-manufacturing,construction	advanced-manufacturing/engineering,advanced-manufacturing/production-automation,construction/architecture-civil-engineering	4	3-D Modeling and Design Technology/Technician.
draftingdesign-engineering-technologiestechnicians-other	15.1399	Drafting/Design Engineering Technologies/Technicians, Other.	advanced-manufacturing	advanced-manufacturing/production-automation	1	Drafting/Design Engineering Technologies/Technicians, Other.
nuclear-engineering-technologytechnician	15.1401	Nuclear Engineering Technology/Technician.	advanced-manufacturing,energy-natural-resources	advanced-manufacturing/engineering,energy-natural-resources/clean-alternative-energy,energy-natural-resources/utilities	2	Nuclear Engineering Technology/Technician.
engineeringindustrial-management	15.1501	Engineering/Industrial Management.	advanced-manufacturing,management-entrepreneurship	advanced-manufacturing/engineering,advanced-manufacturing/production-automation,management-entrepreneurship/leadership-operations	5	Engineering/Industrial Management.
engineering-design	15.1502	Engineering Design.	advanced-manufacturing,education	advanced-manufacturing/engineering,education/teaching-training-facilitation	3	Engineering Design.
packaging-science	15.1503	Packaging Science.	advanced-manufacturing,education	advanced-manufacturing/engineering,advanced-manufacturing/production-automation,education/teaching-training-facilitation	6	Packaging Science.
nanotechnology	15.1601	Nanotechnology.	advanced-manufacturing	advanced-manufacturing/engineering	1	Nanotechnology.
energy-systems-technologytechnician	15.1701	Energy Systems Technology/Technician.	energy-natural-resources	energy-natural-resources/clean-alternative-energy	2	Energy Systems Technology/Technician.
power-plant-technologytechnician	15.1702	Power Plant Technology/Technician.	energy-natural-resources	energy-natural-resources/clean-alternative-energy,energy-natural-resources/utilities	3	Power Plant Technology/Technician.
solar-energy-technologytechnician	15.1703	Solar Energy Technology/Technician.	construction,energy-natural-resources	construction/skilled-trades,energy-natural-resources/clean-alternative-energy,energy-natural-resources/utilities	2	Solar Energy Technology/Technician.
wind-energy-technologytechnician	15.1704	Wind Energy Technology/Technician.	energy-natural-resources	energy-natural-resources/clean-alternative-energy,energy-natural-resources/utilities	2	Wind Energy Technology/Technician.
hydroelectric-energy-technologytechnician	15.1705	Hydroelectric Energy Technology/Technician.	energy-natural-resources	energy-natural-resources/clean-alternative-energy	2	Hydroelectric Energy Technology/Technician.
geothermal-energy-technologytechnician	15.1706	Geothermal Energy Technology/Technician.	energy-natural-resources	energy-natural-resources/resource-extraction	1	Geothermal Energy Technology/Technician.
energy-systems-technologiestechnicians-other	15.1799	Energy Systems Technologies/Technicians, Other.	energy-natural-resources	energy-natural-resources/clean-alternative-energy	1	Energy Systems Technologies/Technicians, Other.
foreign-languages-and-literatures-general	16.0101	Foreign Languages and Literatures, General.	education	education/learner-support-community-engagement,education/teaching-training-facilitation	3	Foreign Languages and Literatures, General.
linguistics	16.0102	Linguistics.	education	education/learner-support-community-engagement,education/teaching-training-facilitation	2	Linguistics.
language-interpretation-and-translation	16.0103	Language Interpretation and Translation.	education	education/learner-support-community-engagement,education/teaching-training-facilitation	2	Language Interpretation and Translation.
comparative-literature	16.0104	Comparative Literature.	education	education/teaching-training-facilitation	1	Comparative Literature.
applied-linguistics	16.0105	Applied Linguistics.	education	education/learner-support-community-engagement,education/teaching-training-facilitation	2	Applied Linguistics.
linguistic-comparative-and-related-language-studies-and-services-other	16.0199	Linguistic, Comparative, and Related Language Studies and Services, Other.	education,public-service-safety	education/education-administration-leadership,public-service-safety/local-state-federal-services	1	Linguistic, Comparative, and Related Language Studies and Services, Other.
african-languages-literatures-and-linguistics	16.0201	African Languages, Literatures, and Linguistics.	education	education/learner-support-community-engagement,education/teaching-training-facilitation	2	African Languages, Literatures, and Linguistics.
east-asian-languages-literatures-and-linguistics-general	16.0300	East Asian Languages, Literatures, and Linguistics, General.	education	education/learner-support-community-engagement,education/teaching-training-facilitation	3	East Asian Languages, Literatures, and Linguistics, General.
chinese-language-and-literature	16.0301	Chinese Language and Literature.	education	education/learner-support-community-engagement,education/teaching-training-facilitation	3	Chinese Language and Literature.
japanese-language-and-literature	16.0302	Japanese Language and Literature.	education	education/learner-support-community-engagement,education/teaching-training-facilitation	3	Japanese Language and Literature.
korean-language-and-literature	16.0303	Korean Language and Literature.	education	education/learner-support-community-engagement,education/teaching-training-facilitation	3	Korean Language and Literature.
tibetan-language-and-literature	16.0304	Tibetan Language and Literature.	education	education/learner-support-community-engagement,education/teaching-training-facilitation	2	Tibetan Language and Literature.
east-asian-languages-literatures-and-linguistics-other	16.0399	East Asian Languages, Literatures, and Linguistics, Other.	education	education/learner-support-community-engagement,education/teaching-training-facilitation	3	East Asian Languages, Literatures, and Linguistics, Other.
slavic-languages-literatures-and-linguistics-general	16.0400	Slavic Languages, Literatures, and Linguistics, General.	education	education/learner-support-community-engagement,education/teaching-training-facilitation	2	Slavic Languages, Literatures, and Linguistics, General.
baltic-languages-literatures-and-linguistics	16.0401	Baltic Languages, Literatures, and Linguistics.	education	education/learner-support-community-engagement,education/teaching-training-facilitation	2	Baltic Languages, Literatures, and Linguistics.
russian-language-and-literature	16.0402	Russian Language and Literature.	education	education/learner-support-community-engagement,education/teaching-training-facilitation	3	Russian Language and Literature.
albanian-language-and-literature	16.0404	Albanian Language and Literature.	education	education/learner-support-community-engagement,education/teaching-training-facilitation	2	Albanian Language and Literature.
bulgarian-language-and-literature	16.0405	Bulgarian Language and Literature.	education	education/learner-support-community-engagement,education/teaching-training-facilitation	2	Bulgarian Language and Literature.
czech-language-and-literature	16.0406	Czech Language and Literature.	education	education/learner-support-community-engagement,education/teaching-training-facilitation	2	Czech Language and Literature.
polish-language-and-literature	16.0407	Polish Language and Literature.	education	education/learner-support-community-engagement,education/teaching-training-facilitation	2	Polish Language and Literature.
bosnian-serbian-and-croatian-languages-and-literatures	16.0408	Bosnian, Serbian, and Croatian Languages and Literatures.	education	education/learner-support-community-engagement,education/teaching-training-facilitation	2	Bosnian, Serbian, and Croatian Languages and Literatures.
slovak-language-and-literature	16.0409	Slovak Language and Literature.	education	education/learner-support-community-engagement,education/teaching-training-facilitation	2	Slovak Language and Literature.
ukrainian-language-and-literature	16.0410	Ukrainian Language and Literature.	education	education/learner-support-community-engagement,education/teaching-training-facilitation	2	Ukrainian Language and Literature.
slavic-baltic-and-albanian-languages-literatures-and-linguistics-other	16.0499	Slavic, Baltic, and Albanian Languages, Literatures, and Linguistics, Other.	education	education/learner-support-community-engagement,education/teaching-training-facilitation	2	Slavic, Baltic, and Albanian Languages, Literatures, and Linguistics, Other.
germanic-languages-literatures-and-linguistics-general	16.0500	Germanic Languages, Literatures, and Linguistics, General.	education	education/learner-support-community-engagement,education/teaching-training-facilitation	3	Germanic Languages, Literatures, and Linguistics, General.
german-language-and-literature	16.0501	German Language and Literature.	education	education/learner-support-community-engagement,education/teaching-training-facilitation	3	German Language and Literature.
scandinavian-languages-literatures-and-linguistics	16.0502	Scandinavian Languages, Literatures, and Linguistics.	education	education/learner-support-community-engagement,education/teaching-training-facilitation	2	Scandinavian Languages, Literatures, and Linguistics.
danish-language-and-literature	16.0503	Danish Language and Literature.	education	education/learner-support-community-engagement,education/teaching-training-facilitation	2	Danish Language and Literature.
dutchflemish-language-and-literature	16.0504	Dutch/Flemish Language and Literature.	education	education/learner-support-community-engagement,education/teaching-training-facilitation	2	Dutch/Flemish Language and Literature.
norwegian-language-and-literature	16.0505	Norwegian Language and Literature.	education	education/learner-support-community-engagement,education/teaching-training-facilitation	2	Norwegian Language and Literature.
swedish-language-and-literature	16.0506	Swedish Language and Literature.	education	education/learner-support-community-engagement,education/teaching-training-facilitation	2	Swedish Language and Literature.
germanic-languages-literatures-and-linguistics-other	16.0599	Germanic Languages, Literatures, and Linguistics, Other.	education	education/learner-support-community-engagement,education/teaching-training-facilitation	3	Germanic Languages, Literatures, and Linguistics, Other.
modern-greek-language-and-literature	16.0601	Modern Greek Language and Literature.	education	education/learner-support-community-engagement,education/teaching-training-facilitation	2	Modern Greek Language and Literature.
south-asian-languages-literatures-and-linguistics-general	16.0700	South Asian Languages, Literatures, and Linguistics, General.	education	education/learner-support-community-engagement,education/teaching-training-facilitation	2	South Asian Languages, Literatures, and Linguistics, General.
hindi-language-and-literature	16.0701	Hindi Language and Literature.	education	education/learner-support-community-engagement,education/teaching-training-facilitation	2	Hindi Language and Literature.
sanskrit-and-classical-indian-languages-literatures-and-linguistics	16.0702	Sanskrit and Classical Indian Languages, Literatures, and Linguistics.	education	education/learner-support-community-engagement,education/teaching-training-facilitation	2	Sanskrit and Classical Indian Languages, Literatures, and Linguistics.
bengali-language-and-literature	16.0704	Bengali Language and Literature.	education	education/learner-support-community-engagement,education/teaching-training-facilitation	2	Bengali Language and Literature.
punjabi-language-and-literature	16.0705	Punjabi Language and Literature.	education	education/learner-support-community-engagement,education/teaching-training-facilitation	2	Punjabi Language and Literature.
tamil-language-and-literature	16.0706	Tamil Language and Literature.	education	education/learner-support-community-engagement,education/teaching-training-facilitation	2	Tamil Language and Literature.
urdu-language-and-literature	16.0707	Urdu Language and Literature.	education	education/learner-support-community-engagement,education/teaching-training-facilitation	2	Urdu Language and Literature.
south-asian-languages-literatures-and-linguistics-other	16.0799	South Asian Languages, Literatures, and Linguistics, Other.	education	education/learner-support-community-engagement,education/teaching-training-facilitation	2	South Asian Languages, Literatures, and Linguistics, Other.
iranian-languages-literatures-and-linguistics	16.0801	Iranian Languages, Literatures, and Linguistics.	education	education/learner-support-community-engagement,education/teaching-training-facilitation	2	Iranian Languages, Literatures, and Linguistics.
romance-languages-literatures-and-linguistics-general	16.0900	Romance Languages, Literatures, and Linguistics, General.	education	education/learner-support-community-engagement,education/teaching-training-facilitation	3	Romance Languages, Literatures, and Linguistics, General.
french-language-and-literature	16.0901	French Language and Literature.	education	education/learner-support-community-engagement,education/teaching-training-facilitation	3	French Language and Literature.
italian-language-and-literature	16.0902	Italian Language and Literature.	education	education/learner-support-community-engagement,education/teaching-training-facilitation	3	Italian Language and Literature.
portuguese-language-and-literature	16.0904	Portuguese Language and Literature.	education	education/learner-support-community-engagement,education/teaching-training-facilitation	2	Portuguese Language and Literature.
spanish-language-and-literature	16.0905	Spanish Language and Literature.	education	education/learner-support-community-engagement,education/teaching-training-facilitation	3	Spanish Language and Literature.
romanian-language-and-literature	16.0906	Romanian Language and Literature.	education	education/learner-support-community-engagement,education/teaching-training-facilitation	2	Romanian Language and Literature.
catalan-language-and-literature	16.0907	Catalan Language and Literature.	education	education/learner-support-community-engagement,education/teaching-training-facilitation	2	Catalan Language and Literature.
hispanic-and-latin-american-languages-literatures-and-linguistics-general	16.0908	Hispanic and Latin American Languages, Literatures, and Linguistics, General.	education	education/learner-support-community-engagement,education/teaching-training-facilitation	2	Hispanic and Latin American Languages, Literatures, and Linguistics, General.
romance-languages-literatures-and-linguistics-other	16.0999	Romance Languages, Literatures, and Linguistics, Other.	education	education/learner-support-community-engagement,education/teaching-training-facilitation	3	Romance Languages, Literatures, and Linguistics, Other.
american-indiannative-american-languages-literatures-and-linguistics	16.1001	American Indian/Native American Languages, Literatures, and Linguistics.	education	education/learner-support-community-engagement,education/teaching-training-facilitation	3	American Indian/Native American Languages, Literatures, and Linguistics.
middlenear-eastern-and-semitic-languages-literatures-and-linguistics-general	16.1100	Middle/Near Eastern and Semitic Languages, Literatures, and Linguistics, General.	education	education/learner-support-community-engagement,education/teaching-training-facilitation	2	Middle/Near Eastern and Semitic Languages, Literatures, and Linguistics, General.
arabic-language-and-literature	16.1101	Arabic Language and Literature.	education	education/learner-support-community-engagement,education/teaching-training-facilitation	3	Arabic Language and Literature.
hebrew-language-and-literature	16.1102	Hebrew Language and Literature.	education	education/learner-support-community-engagement,education/teaching-training-facilitation	3	Hebrew Language and Literature.
ancient-near-eastern-and-biblical-languages-literatures-and-linguistics	16.1103	Ancient Near Eastern and Biblical Languages, Literatures, and Linguistics.	education	education/learner-support-community-engagement,education/teaching-training-facilitation	2	Ancient Near Eastern and Biblical Languages, Literatures, and Linguistics.
middlenear-eastern-and-semitic-languages-literatures-and-linguistics-other	16.1199	Middle/Near Eastern and Semitic Languages, Literatures, and Linguistics, Other.	education	education/learner-support-community-engagement,education/teaching-training-facilitation	2	Middle/Near Eastern and Semitic Languages, Literatures, and Linguistics, Other.
classics-and-classical-languages-literatures-and-linguistics-general	16.1200	Classics and Classical Languages, Literatures, and Linguistics, General.	education	education/learner-support-community-engagement,education/teaching-training-facilitation	3	Classics and Classical Languages, Literatures, and Linguistics, General.
ancientclassical-greek-language-and-literature	16.1202	Ancient/Classical Greek Language and Literature.	education	education/learner-support-community-engagement,education/teaching-training-facilitation	3	Ancient/Classical Greek Language and Literature.
latin-language-and-literature	16.1203	Latin Language and Literature.	education	education/learner-support-community-engagement,education/teaching-training-facilitation	3	Latin Language and Literature.
classics-and-classical-languages-literatures-and-linguistics-other	16.1299	Classics and Classical Languages, Literatures, and Linguistics, Other.	education	education/learner-support-community-engagement,education/teaching-training-facilitation	3	Classics and Classical Languages, Literatures, and Linguistics, Other.
celtic-languages-literatures-and-linguistics	16.1301	Celtic Languages, Literatures, and Linguistics.	education	education/learner-support-community-engagement,education/teaching-training-facilitation	2	Celtic Languages, Literatures, and Linguistics.
southeast-asian-languages-literatures-and-linguistics-general	16.1400	Southeast Asian Languages, Literatures, and Linguistics, General.	education	education/learner-support-community-engagement,education/teaching-training-facilitation	2	Southeast Asian Languages, Literatures, and Linguistics, General.
australianoceanicpacific-languages-literatures-and-linguistics	16.1401	Australian/Oceanic/Pacific Languages, Literatures, and Linguistics.	education	education/learner-support-community-engagement,education/teaching-training-facilitation	2	Australian/Oceanic/Pacific Languages, Literatures, and Linguistics.
indonesianmalay-languages-and-literatures	16.1402	Indonesian/Malay Languages and Literatures.	education	education/learner-support-community-engagement,education/teaching-training-facilitation	2	Indonesian/Malay Languages and Literatures.
burmese-language-and-literature	16.1403	Burmese Language and Literature.	education	education/learner-support-community-engagement,education/teaching-training-facilitation	2	Burmese Language and Literature.
filipinotagalog-language-and-literature	16.1404	Filipino/Tagalog Language and Literature.	education	education/learner-support-community-engagement,education/teaching-training-facilitation	2	Filipino/Tagalog Language and Literature.
khmercambodian-language-and-literature	16.1405	Khmer/Cambodian Language and Literature.	education	education/learner-support-community-engagement,education/teaching-training-facilitation	2	Khmer/Cambodian Language and Literature.
lao-language-and-literature	16.1406	Lao Language and Literature.	education	education/learner-support-community-engagement,education/teaching-training-facilitation	2	Lao Language and Literature.
thai-language-and-literature	16.1407	Thai Language and Literature.	education	education/learner-support-community-engagement,education/teaching-training-facilitation	2	Thai Language and Literature.
vietnamese-language-and-literature	16.1408	Vietnamese Language and Literature.	education	education/learner-support-community-engagement,education/teaching-training-facilitation	2	Vietnamese Language and Literature.
hawaiian-language-and-literature	16.1409	Hawaiian Language and Literature.	education	education/learner-support-community-engagement,education/teaching-training-facilitation	3	Hawaiian Language and Literature.
southeast-asian-and-australasianpacific-languages-literatures-and-linguistics-other	16.1499	Southeast Asian and Australasian/Pacific Languages, Literatures, and Linguistics, Other.	education	education/learner-support-community-engagement,education/teaching-training-facilitation	3	Southeast Asian and Australasian/Pacific Languages, Literatures, and Linguistics, Other.
turkish-language-and-literature	16.1501	Turkish Language and Literature.	education	education/learner-support-community-engagement,education/teaching-training-facilitation	2	Turkish Language and Literature.
uralic-languages-literatures-and-linguistics	16.1502	Uralic Languages, Literatures, and Linguistics.	education	education/learner-support-community-engagement,education/teaching-training-facilitation	2	Uralic Languages, Literatures, and Linguistics.
hungarianmagyar-language-and-literature	16.1503	Hungarian/Magyar Language and Literature.	education	education/learner-support-community-engagement,education/teaching-training-facilitation	2	Hungarian/Magyar Language and Literature.
mongolian-language-and-literature	16.1504	Mongolian Language and Literature.	education	education/learner-support-community-engagement,education/teaching-training-facilitation	2	Mongolian Language and Literature.
turkic-uralic-altaic-caucasian-and-central-asian-languages-literatures-and-linguistics-other	16.1599	Turkic, Uralic-Altaic, Caucasian, and Central Asian Languages, Literatures, and Linguistics, Other.	education	education/learner-support-community-engagement,education/teaching-training-facilitation	2	Turkic, Uralic-Altaic, Caucasian, and Central Asian Languages, Literatures, and Linguistics, Other.
american-sign-language-asl	16.1601	American Sign Language (ASL).	education	education/learner-support-community-engagement,education/teaching-training-facilitation	3	American Sign Language (ASL).
linguistics-of-asl-and-other-sign-languages	16.1602	Linguistics of ASL and Other Sign Languages.	education	education/learner-support-community-engagement,education/teaching-training-facilitation	4	Linguistics of ASL and Other Sign Languages.
sign-language-interpretation-and-translation	16.1603	Sign Language Interpretation and Translation.	education	education/learner-support-community-engagement	1	Sign Language Interpretation and Translation.
american-sign-language-other	16.1699	American Sign Language, Other.	education	education/learner-support-community-engagement	1	American Sign Language, Other.
armenian-language-and-literature	16.1801	Armenian Language and Literature.	education	education/learner-support-community-engagement,education/teaching-training-facilitation	2	Armenian Language and Literature.
foreign-languages-literatures-and-linguistics-other	16.9999	Foreign Languages, Literatures, and Linguistics, Other.	education	education/learner-support-community-engagement,education/teaching-training-facilitation	3	Foreign Languages, Literatures, and Linguistics, Other.
family-and-consumer-scienceshuman-sciences-general	19.0101	Family and Consumer Sciences/Human Sciences, General.	education	education/teaching-training-facilitation	3	Family and Consumer Sciences/Human Sciences, General.
business-family-and-consumer-scienceshuman-sciences	19.0201	Business Family and Consumer Sciences/Human Sciences.	education	education/teaching-training-facilitation	2	Business Family and Consumer Sciences/Human Sciences.
family-and-consumer-scienceshuman-sciences-communication	19.0202	Family and Consumer Sciences/Human Sciences Communication.	arts-entertainment-design,education,management-entrepreneurship	arts-entertainment-design/media-production-broadcasting,education/teaching-training-facilitation,management-entrepreneurship/entrepreneurship-small-business,management-entrepreneurship/leadership-operations	4	Family and Consumer Sciences/Human Sciences Communication.
consumer-merchandisingretailing-management	19.0203	Consumer Merchandising/Retailing Management.	education,marketing-sales	education/teaching-training-facilitation,marketing-sales/market-research-analytics-ethics,marketing-sales/marketing-advertising,marketing-sales/retail-customer-experience	5	Consumer Merchandising/Retailing Management.
family-and-consumer-scienceshuman-sciences-business-services-other	19.0299	Family and Consumer Sciences/Human Sciences Business Services, Other.	education	education/teaching-training-facilitation	1	Family and Consumer Sciences/Human Sciences Business Services, Other.
family-resource-management-studies-general	19.0401	Family Resource Management Studies, General.	education,financial-services	education/teaching-training-facilitation,financial-services/accounting,financial-services/financial-strategy-investments	3	Family Resource Management Studies, General.
consumer-economics	19.0402	Consumer Economics.	education	education/teaching-training-facilitation	2	Consumer Economics.
consumer-services-and-advocacy	19.0403	Consumer Services and Advocacy.	education	education/teaching-training-facilitation	2	Consumer Services and Advocacy.
family-and-consumer-economics-and-related-services-other	19.0499	Family and Consumer Economics and Related Services, Other.	education	education/teaching-training-facilitation	2	Family and Consumer Economics and Related Services, Other.
foods-nutrition-and-wellness-studies-general	19.0501	Foods, Nutrition, and Wellness Studies, General.	education,healthcare-human-services	education/teaching-training-facilitation,healthcare-human-services/personal-care-services,healthcare-human-services/physical-health	3	Foods, Nutrition, and Wellness Studies, General.
human-nutrition	19.0504	Human Nutrition.	education,healthcare-human-services	education/teaching-training-facilitation,healthcare-human-services/personal-care-services,healthcare-human-services/physical-health	2	Human Nutrition.
foodservice-systems-administrationmanagement	19.0505	Foodservice Systems Administration/Management.	education,healthcare-human-services,hospitality-events-tourism,public-service-safety	education/teaching-training-facilitation,healthcare-human-services/personal-care-services,healthcare-human-services/physical-health,hospitality-events-tourism/culinary-food-services,public-service-safety/local-state-federal-services	5	Foodservice Systems Administration/Management.
foods-nutrition-and-related-services-other	19.0599	Foods, Nutrition, and Related Services, Other.	education,healthcare-human-services	education/teaching-training-facilitation,healthcare-human-services/physical-health	2	Foods, Nutrition, and Related Services, Other.
housing-and-human-environments-general	19.0601	Housing and Human Environments, General.	education	education/teaching-training-facilitation	2	Housing and Human Environments, General.
facilities-planning-and-management	19.0604	Facilities Planning and Management.	arts-entertainment-design,hospitality-events-tourism,management-entrepreneurship	arts-entertainment-design/fashion-interiors,hospitality-events-tourism/conferences-events,management-entrepreneurship/leadership-operations	3	Facilities Planning and Management.
home-furnishings-and-equipment-installers	19.0605	Home Furnishings and Equipment Installers.	education	education/teaching-training-facilitation	1	Home Furnishings and Equipment Installers.
housing-and-human-environments-other	19.0699	Housing and Human Environments, Other.	arts-entertainment-design	arts-entertainment-design/fashion-interiors	1	Housing and Human Environments, Other.
human-development-and-family-studies-general	19.0701	Human Development and Family Studies, General.	education	education/teaching-training-facilitation	1	Human Development and Family Studies, General.
adult-development-and-aging	19.0702	Adult Development and Aging.	education,healthcare-human-services	education/teaching-training-facilitation,healthcare-human-services/behavioral-mental-health,healthcare-human-services/physical-health	3	Adult Development and Aging.
family-systems	19.0704	Family Systems.	education	education/teaching-training-facilitation	2	Family Systems.
child-development	19.0706	Child Development.	education,healthcare-human-services	education/early-childhood-development,education/teaching-training-facilitation,healthcare-human-services/behavioral-mental-health	6	Child Development.
family-and-community-services	19.0707	Family and Community Services.	education	education/teaching-training-facilitation	1	Family and Community Services.
child-care-and-support-services-management	19.0708	Child Care and Support Services Management.	education	education/early-childhood-development,education/teaching-training-facilitation	2	Child Care and Support Services Management.
child-care-providerassistant	19.0709	Child Care Provider/Assistant.	education	education/early-childhood-development	1	Child Care Provider/Assistant.
developmental-services-worker	19.0710	Developmental Services Worker.	healthcare-human-services	healthcare-human-services/community-social-services	2	Developmental Services Worker.
early-childhood-and-family-studies	19.0711	Early Childhood and Family Studies.	education,healthcare-human-services	education/early-childhood-development,education/teaching-training-facilitation,healthcare-human-services/behavioral-mental-health,healthcare-human-services/community-social-services	4	Early Childhood and Family Studies.
parent-education-services	19.0712	Parent Education Services.	education,healthcare-human-services	education/teaching-training-facilitation,healthcare-human-services/community-social-services	2	Parent Education Services.
apparel-and-textiles-general	19.0901	Apparel and Textiles, General.	education	education/teaching-training-facilitation	2	Apparel and Textiles, General.
apparel-and-textile-manufacture	19.0902	Apparel and Textile Manufacture.	advanced-manufacturing,arts-entertainment-design,education	advanced-manufacturing/production-automation,arts-entertainment-design/fashion-interiors,education/teaching-training-facilitation	3	Apparel and Textile Manufacture.
textile-science	19.0904	Textile Science.	advanced-manufacturing,arts-entertainment-design,education	advanced-manufacturing/engineering,arts-entertainment-design/fashion-interiors,education/teaching-training-facilitation	4	Textile Science.
apparel-and-textile-marketing-management	19.0905	Apparel and Textile Marketing Management.	marketing-sales,supply-chain-transportation	marketing-sales/market-research-analytics-ethics,marketing-sales/marketing-advertising,marketing-sales/strategic-sales,supply-chain-transportation/purchasing-warehousing	3	Apparel and Textile Marketing Management.
fashion-and-fabric-consultant	19.0906	Fashion and Fabric Consultant.	arts-entertainment-design	arts-entertainment-design/fashion-interiors	1	Fashion and Fabric Consultant.
work-and-family-studies	19.1001	Work and Family Studies.	education	education/teaching-training-facilitation	2	Work and Family Studies.
legal-studies	22.0000	Legal Studies.	public-service-safety	public-service-safety/judicial-systems	2	Legal Studies.
law	22.0101	Law.	education,public-service-safety	education/teaching-training-facilitation,public-service-safety/judicial-systems	6	Law.
advanced-legal-researchstudies-general	22.0201	Advanced Legal Research/Studies, General.	education,public-service-safety	education/teaching-training-facilitation,public-service-safety/judicial-systems	2	Advanced Legal Research/Studies, General.
programs-for-foreign-lawyers	22.0202	Programs for Foreign Lawyers.	public-service-safety	public-service-safety/judicial-systems	1	Programs for Foreign Lawyers.
americanus-lawlegal-studiesjurisprudence	22.0203	American/U.S. Law/Legal Studies/Jurisprudence.	education,public-service-safety	education/teaching-training-facilitation,public-service-safety/judicial-systems	2	American/U.S. Law/Legal Studies/Jurisprudence.
canadian-lawlegal-studiesjurisprudence	22.0204	Canadian Law/Legal Studies/Jurisprudence.	education,public-service-safety	education/teaching-training-facilitation,public-service-safety/judicial-systems	2	Canadian Law/Legal Studies/Jurisprudence.
banking-corporate-finance-and-securities-law	22.0205	Banking, Corporate, Finance, and Securities Law.	education,public-service-safety	education/teaching-training-facilitation,public-service-safety/judicial-systems	2	Banking, Corporate, Finance, and Securities Law.
comparative-law	22.0206	Comparative Law.	education,public-service-safety	education/teaching-training-facilitation,public-service-safety/judicial-systems	2	Comparative Law.
energy-environment-and-natural-resources-law	22.0207	Energy, Environment, and Natural Resources Law.	education,public-service-safety	education/teaching-training-facilitation,public-service-safety/judicial-systems	2	Energy, Environment, and Natural Resources Law.
health-law	22.0208	Health Law.	education,public-service-safety	education/teaching-training-facilitation,public-service-safety/judicial-systems	2	Health Law.
international-law-and-legal-studies	22.0209	International Law and Legal Studies.	education,public-service-safety	education/teaching-training-facilitation,public-service-safety/judicial-systems	2	International Law and Legal Studies.
international-business-trade-and-tax-law	22.0210	International Business, Trade, and Tax Law.	education,public-service-safety	education/teaching-training-facilitation,public-service-safety/judicial-systems	2	International Business, Trade, and Tax Law.
tax-lawtaxation	22.0211	Tax Law/Taxation.	education,public-service-safety	education/teaching-training-facilitation,public-service-safety/judicial-systems	2	Tax Law/Taxation.
intellectual-property-law	22.0212	Intellectual Property Law.	education,public-service-safety	education/teaching-training-facilitation,public-service-safety/judicial-systems	2	Intellectual Property Law.
patent-law	22.0213	Patent Law.	education,public-service-safety	education/teaching-training-facilitation,public-service-safety/judicial-systems	2	Patent Law.
agriculture-law	22.0214	Agriculture Law.	education,public-service-safety	education/teaching-training-facilitation,public-service-safety/judicial-systems	2	Agriculture Law.
arts-and-entertainment-law	22.0215	Arts and Entertainment Law.	education,public-service-safety	education/teaching-training-facilitation,public-service-safety/judicial-systems	2	Arts and Entertainment Law.
compliance-law	22.0216	Compliance Law.	education,public-service-safety	education/teaching-training-facilitation,public-service-safety/judicial-systems	2	Compliance Law.
criminal-law-and-procedure	22.0217	Criminal Law and Procedure.	education,public-service-safety	education/teaching-training-facilitation,public-service-safety/judicial-systems	2	Criminal Law and Procedure.
entrepreneurship-law	22.0218	Entrepreneurship Law.	education,public-service-safety	education/teaching-training-facilitation,public-service-safety/judicial-systems	2	Entrepreneurship Law.
familychildelder-law	22.0219	Family/Child/Elder Law.	education,public-service-safety	education/teaching-training-facilitation,public-service-safety/judicial-systems	2	Family/Child/Elder Law.
human-resources-law	22.0220	Human Resources Law.	education,public-service-safety	education/teaching-training-facilitation,public-service-safety/judicial-systems	2	Human Resources Law.
insurance-law	22.0221	Insurance Law.	education,public-service-safety	education/teaching-training-facilitation,public-service-safety/judicial-systems	2	Insurance Law.
real-estate-and-land-development-law	22.0222	Real Estate and Land Development Law.	education,public-service-safety	education/teaching-training-facilitation,public-service-safety/judicial-systems	2	Real Estate and Land Development Law.
transportation-law	22.0223	Transportation Law.	education,public-service-safety	education/teaching-training-facilitation,public-service-safety/judicial-systems	2	Transportation Law.
tribalindigenous-law	22.0224	Tribal/Indigenous Law.	education,public-service-safety	education/teaching-training-facilitation,public-service-safety/judicial-systems	2	Tribal/Indigenous Law.
legal-research-and-advanced-professional-studies-other	22.0299	Legal Research and Advanced Professional Studies, Other.	education,public-service-safety	education/teaching-training-facilitation,public-service-safety/judicial-systems	2	Legal Research and Advanced Professional Studies, Other.
legal-administrative-assistantsecretary	22.0301	Legal Administrative Assistant/Secretary.	public-service-safety	public-service-safety/judicial-systems	1	Legal Administrative Assistant/Secretary.
legal-assistantparalegal	22.0302	Legal Assistant/Paralegal.	financial-services,public-service-safety	financial-services/insurance,public-service-safety/judicial-systems	3	Legal Assistant/Paralegal.
court-reporting-and-captioningcourt-reporter	22.0303	Court Reporting and Captioning/Court Reporter.	public-service-safety	public-service-safety/judicial-systems	1	Court Reporting and Captioning/Court Reporter.
court-interpreter	22.0304	Court Interpreter.	education,public-service-safety	education/learner-support-community-engagement,public-service-safety/judicial-systems	3	Court Interpreter.
scopist	22.0305	Scopist.	public-service-safety	public-service-safety/judicial-systems	1	Scopist.
english-language-and-literature-general	23.0101	English Language and Literature, General.	arts-entertainment-design,education	arts-entertainment-design/media-production-broadcasting,education/teaching-training-facilitation	3	English Language and Literature, General.
writing-general	23.1301	Writing, General.	arts-entertainment-design,education	arts-entertainment-design/media-production-broadcasting,education/teaching-training-facilitation	6	Writing, General.
creative-writing	23.1302	Creative Writing.	arts-entertainment-design,education	arts-entertainment-design/media-production-broadcasting,education/teaching-training-facilitation	4	Creative Writing.
professional-technical-business-and-scientific-writing	23.1303	Professional, Technical, Business, and Scientific Writing.	arts-entertainment-design,education	arts-entertainment-design/media-production-broadcasting,education/teaching-training-facilitation	5	Professional, Technical, Business, and Scientific Writing.
rhetoric-and-composition	23.1304	Rhetoric and Composition.	arts-entertainment-design,education	arts-entertainment-design/media-production-broadcasting,education/teaching-training-facilitation	4	Rhetoric and Composition.
rhetoric-and-compositionwriting-studies-other	23.1399	Rhetoric and Composition/Writing Studies, Other.	arts-entertainment-design,education	arts-entertainment-design/media-production-broadcasting,education/teaching-training-facilitation	4	Rhetoric and Composition/Writing Studies, Other.
general-literature	23.1401	General Literature.	arts-entertainment-design,education	arts-entertainment-design/media-production-broadcasting,education/teaching-training-facilitation	3	General Literature.
american-literature-united-states	23.1402	American Literature (United States).	education	education/teaching-training-facilitation	1	American Literature (United States).
american-literature-canadian	23.1403	American Literature (Canadian).	education	education/teaching-training-facilitation	1	American Literature (Canadian).
english-literature-british-and-commonwealth	23.1404	English Literature (British and Commonwealth).	education	education/teaching-training-facilitation	1	English Literature (British and Commonwealth).
childrens-and-adolescent-literature	23.1405	Children's and Adolescent Literature.	arts-entertainment-design,education	arts-entertainment-design/media-production-broadcasting,education/teaching-training-facilitation	3	Children's and Adolescent Literature.
literature-other	23.1499	Literature, Other.	arts-entertainment-design,education	arts-entertainment-design/media-production-broadcasting,education/teaching-training-facilitation	3	Literature, Other.
english-language-and-literatureletters-other	23.9999	English Language and Literature/Letters, Other.	education	education/teaching-training-facilitation	1	English Language and Literature/Letters, Other.
liberal-arts-and-sciencesliberal-studies	24.0101	Liberal Arts and Sciences/Liberal Studies.	education	education/teaching-training-facilitation	1	Liberal Arts and Sciences/Liberal Studies.
general-studies	24.0102	General Studies.	education	education/teaching-training-facilitation	1	General Studies.
humanitieshumanistic-studies	24.0103	Humanities/Humanistic Studies.	education	education/teaching-training-facilitation	1	Humanities/Humanistic Studies.
library-and-information-science	25.0101	Library and Information Science.	education,management-entrepreneurship	education/learner-support-community-engagement,education/teaching-training-facilitation,management-entrepreneurship/leadership-operations	3	Library and Information Science.
children-and-youth-library-services	25.0102	Children and Youth Library Services.	education	education/learner-support-community-engagement,education/teaching-training-facilitation	2	Children and Youth Library Services.
archivesarchival-administration	25.0103	Archives/Archival Administration.	education,management-entrepreneurship,public-service-safety	education/learner-support-community-engagement,management-entrepreneurship/leadership-operations,public-service-safety/local-state-federal-services	2	Archives/Archival Administration.
library-science-and-administration-other	25.0199	Library Science and Administration, Other.	education	education/learner-support-community-engagement	1	Library Science and Administration, Other.
library-and-archives-assisting	25.0301	Library and Archives Assisting.	education	education/learner-support-community-engagement	1	Library and Archives Assisting.
biologybiological-sciences-general	26.0101	Biology/Biological Sciences, General.	agriculture,education,energy-natural-resources,healthcare-human-services,public-service-safety	agriculture/food-science-processing,agriculture/plant-systems,agriculture/water-systems,education/teaching-training-facilitation,energy-natural-resources/conservation-land-management,energy-natural-resources/ecological-research-development,healthcare-human-services/biotechnology-research-development,public-service-safety/judicial-systems	9	Biology/Biological Sciences, General.
biomedical-sciences-general	26.0102	Biomedical Sciences, General.	education,healthcare-human-services	education/teaching-training-facilitation,healthcare-human-services/biotechnology-research-development	3	Biomedical Sciences, General.
biochemistry	26.0202	Biochemistry.	advanced-manufacturing,agriculture,education,energy-natural-resources,healthcare-human-services	advanced-manufacturing/engineering,agriculture/food-science-processing,education/teaching-training-facilitation,energy-natural-resources/conservation-land-management,energy-natural-resources/ecological-research-development,healthcare-human-services/biotechnology-research-development	6	Biochemistry.
biophysics	26.0203	Biophysics.	advanced-manufacturing,education,healthcare-human-services	advanced-manufacturing/engineering,education/teaching-training-facilitation,healthcare-human-services/biotechnology-research-development	3	Biophysics.
molecular-biology	26.0204	Molecular Biology.	agriculture,education,energy-natural-resources,healthcare-human-services	agriculture/water-systems,education/teaching-training-facilitation,energy-natural-resources/conservation-land-management,energy-natural-resources/ecological-research-development,healthcare-human-services/biotechnology-research-development	5	Molecular Biology.
molecular-biochemistry	26.0205	Molecular Biochemistry.	advanced-manufacturing,education,energy-natural-resources,healthcare-human-services	advanced-manufacturing/engineering,education/teaching-training-facilitation,energy-natural-resources/conservation-land-management,energy-natural-resources/ecological-research-development,healthcare-human-services/biotechnology-research-development	4	Molecular Biochemistry.
molecular-biophysics	26.0206	Molecular Biophysics.	advanced-manufacturing,education	advanced-manufacturing/engineering,education/teaching-training-facilitation	2	Molecular Biophysics.
structural-biology	26.0207	Structural Biology.	advanced-manufacturing,agriculture,education,energy-natural-resources,healthcare-human-services	advanced-manufacturing/engineering,agriculture/plant-systems,agriculture/water-systems,education/teaching-training-facilitation,energy-natural-resources/ecological-research-development,healthcare-human-services/biotechnology-research-development	4	Structural Biology.
photobiology	26.0208	Photobiology.	agriculture,education,energy-natural-resources,healthcare-human-services	agriculture/water-systems,education/teaching-training-facilitation,energy-natural-resources/conservation-land-management,energy-natural-resources/ecological-research-development,healthcare-human-services/biotechnology-research-development	3	Photobiology.
radiation-biologyradiobiology	26.0209	Radiation Biology/Radiobiology.	agriculture,education,energy-natural-resources,healthcare-human-services	agriculture/water-systems,education/teaching-training-facilitation,energy-natural-resources/conservation-land-management,energy-natural-resources/ecological-research-development,healthcare-human-services/biotechnology-research-development	3	Radiation Biology/Radiobiology.
biochemistry-and-molecular-biology	26.0210	Biochemistry and Molecular Biology.	advanced-manufacturing,agriculture,education,energy-natural-resources,healthcare-human-services	advanced-manufacturing/engineering,agriculture/water-systems,education/teaching-training-facilitation,energy-natural-resources/conservation-land-management,energy-natural-resources/ecological-research-development,healthcare-human-services/biotechnology-research-development	4	Biochemistry and Molecular Biology.
biochemistry-biophysics-and-molecular-biology-other	26.0299	Biochemistry, Biophysics and Molecular Biology, Other.	agriculture,education,energy-natural-resources,healthcare-human-services	agriculture/water-systems,education/teaching-training-facilitation,energy-natural-resources/conservation-land-management,energy-natural-resources/ecological-research-development,healthcare-human-services/biotechnology-research-development	3	Biochemistry, Biophysics and Molecular Biology, Other.
botanyplant-biology	26.0301	Botany/Plant Biology.	agriculture,education,energy-natural-resources,healthcare-human-services	agriculture/plant-systems,agriculture/water-systems,education/teaching-training-facilitation,energy-natural-resources/conservation-land-management,energy-natural-resources/ecological-research-development,healthcare-human-services/biotechnology-research-development	4	Botany/Plant Biology.
plant-pathologyphytopathology	26.0305	Plant Pathology/Phytopathology.	agriculture,education,energy-natural-resources,healthcare-human-services	agriculture/plant-systems,agriculture/water-systems,education/teaching-training-facilitation,energy-natural-resources/conservation-land-management,energy-natural-resources/ecological-research-development,healthcare-human-services/biotechnology-research-development	4	Plant Pathology/Phytopathology.
plant-physiology	26.0307	Plant Physiology.	agriculture,education,energy-natural-resources,healthcare-human-services	agriculture/plant-systems,agriculture/water-systems,education/teaching-training-facilitation,energy-natural-resources/conservation-land-management,energy-natural-resources/ecological-research-development,healthcare-human-services/biotechnology-research-development	4	Plant Physiology.
plant-molecular-biology	26.0308	Plant Molecular Biology.	agriculture,energy-natural-resources,healthcare-human-services	agriculture/plant-systems,agriculture/water-systems,energy-natural-resources/ecological-research-development,healthcare-human-services/biotechnology-research-development	2	Plant Molecular Biology.
botanyplant-biology-other	26.0399	Botany/Plant Biology, Other.	agriculture,education,energy-natural-resources,healthcare-human-services	agriculture/plant-systems,agriculture/water-systems,education/teaching-training-facilitation,energy-natural-resources/conservation-land-management,energy-natural-resources/ecological-research-development,healthcare-human-services/biotechnology-research-development	4	Botany/Plant Biology, Other.
cellcellular-biology-and-histology	26.0401	Cell/Cellular Biology and Histology.	education,energy-natural-resources,healthcare-human-services,public-service-safety	education/teaching-training-facilitation,energy-natural-resources/conservation-land-management,energy-natural-resources/ecological-research-development,healthcare-human-services/biotechnology-research-development,healthcare-human-services/physical-health,public-service-safety/local-state-federal-services	6	Cell/Cellular Biology and Histology.
anatomy	26.0403	Anatomy.	agriculture,education,energy-natural-resources,healthcare-human-services	agriculture/water-systems,education/teaching-training-facilitation,energy-natural-resources/ecological-research-development,healthcare-human-services/biotechnology-research-development	4	Anatomy.
developmental-biology-and-embryology	26.0404	Developmental Biology and Embryology.	agriculture,education,energy-natural-resources,healthcare-human-services	agriculture/water-systems,education/teaching-training-facilitation,energy-natural-resources/ecological-research-development,healthcare-human-services/biotechnology-research-development	4	Developmental Biology and Embryology.
cellcellular-and-molecular-biology	26.0406	Cell/Cellular and Molecular Biology.	agriculture,education,energy-natural-resources,healthcare-human-services	agriculture/water-systems,education/teaching-training-facilitation,energy-natural-resources/ecological-research-development,healthcare-human-services/biotechnology-research-development	4	Cell/Cellular and Molecular Biology.
cell-biology-and-anatomy	26.0407	Cell Biology and Anatomy.	agriculture,education,energy-natural-resources,healthcare-human-services	agriculture/water-systems,education/teaching-training-facilitation,energy-natural-resources/ecological-research-development,healthcare-human-services/biotechnology-research-development	3	Cell Biology and Anatomy.
cellcellular-biology-and-anatomical-sciences-other	26.0499	Cell/Cellular Biology and Anatomical Sciences, Other.	advanced-manufacturing,agriculture,education,energy-natural-resources,healthcare-human-services	advanced-manufacturing/engineering,agriculture/plant-systems,agriculture/water-systems,education/teaching-training-facilitation,energy-natural-resources/ecological-research-development,healthcare-human-services/biotechnology-research-development	4	Cell/Cellular Biology and Anatomical Sciences, Other.
microbiology-general	26.0502	Microbiology, General.	agriculture,education,energy-natural-resources,healthcare-human-services	agriculture/food-science-processing,agriculture/plant-systems,education/teaching-training-facilitation,energy-natural-resources/ecological-research-development,healthcare-human-services/biotechnology-research-development	4	Microbiology, General.
medical-microbiology-and-bacteriology	26.0503	Medical Microbiology and Bacteriology.	agriculture,education,energy-natural-resources,healthcare-human-services	agriculture/water-systems,education/teaching-training-facilitation,energy-natural-resources/ecological-research-development,healthcare-human-services/biotechnology-research-development	5	Medical Microbiology and Bacteriology.
virology	26.0504	Virology.	agriculture,education,energy-natural-resources,healthcare-human-services	agriculture/plant-systems,agriculture/water-systems,education/teaching-training-facilitation,energy-natural-resources/ecological-research-development,healthcare-human-services/biotechnology-research-development	4	Virology.
parasitology	26.0505	Parasitology.	agriculture,education,energy-natural-resources,healthcare-human-services	agriculture/plant-systems,agriculture/water-systems,education/teaching-training-facilitation,energy-natural-resources/ecological-research-development,healthcare-human-services/biotechnology-research-development	4	Parasitology.
mycology	26.0506	Mycology.	agriculture,education,energy-natural-resources,healthcare-human-services	agriculture/water-systems,education/teaching-training-facilitation,energy-natural-resources/ecological-research-development,healthcare-human-services/biotechnology-research-development	2	Mycology.
immunology	26.0507	Immunology.	agriculture,education,energy-natural-resources,healthcare-human-services	agriculture/plant-systems,agriculture/water-systems,education/teaching-training-facilitation,energy-natural-resources/ecological-research-development,healthcare-human-services/biotechnology-research-development	4	Immunology.
microbiology-and-immunology	26.0508	Microbiology and Immunology.	agriculture,education,energy-natural-resources,healthcare-human-services	agriculture/plant-systems,agriculture/water-systems,education/teaching-training-facilitation,energy-natural-resources/ecological-research-development,healthcare-human-services/biotechnology-research-development	5	Microbiology and Immunology.
infectious-disease-and-global-health	26.0509	Infectious Disease and Global Health.	agriculture,energy-natural-resources,healthcare-human-services,public-service-safety	agriculture/water-systems,energy-natural-resources/ecological-research-development,healthcare-human-services/biotechnology-research-development,healthcare-human-services/health-data-administration,public-service-safety/local-state-federal-services	4	Infectious Disease and Global Health.
microbiological-sciences-and-immunology-other	26.0599	Microbiological Sciences and Immunology, Other.	agriculture,education,energy-natural-resources	agriculture/plant-systems,education/teaching-training-facilitation,energy-natural-resources/ecological-research-development	2	Microbiological Sciences and Immunology, Other.
zoologyanimal-biology	26.0701	Zoology/Animal Biology.	education,energy-natural-resources,healthcare-human-services	education/teaching-training-facilitation,energy-natural-resources/conservation-land-management,energy-natural-resources/ecological-research-development,healthcare-human-services/biotechnology-research-development	3	Zoology/Animal Biology.
entomology	26.0702	Entomology.	agriculture,education,energy-natural-resources,healthcare-human-services	agriculture/plant-systems,agriculture/water-systems,education/teaching-training-facilitation,energy-natural-resources/conservation-land-management,energy-natural-resources/ecological-research-development,healthcare-human-services/biotechnology-research-development	3	Entomology.
animal-physiology	26.0707	Animal Physiology.	agriculture,education,energy-natural-resources,healthcare-human-services	agriculture/animal-systems,agriculture/water-systems,education/teaching-training-facilitation,energy-natural-resources/conservation-land-management,energy-natural-resources/ecological-research-development,healthcare-human-services/biotechnology-research-development	3	Animal Physiology.
animal-behavior-and-ethology	26.0708	Animal Behavior and Ethology.	energy-natural-resources,healthcare-human-services	energy-natural-resources/conservation-land-management,healthcare-human-services/biotechnology-research-development	2	Animal Behavior and Ethology.
wildlife-biology	26.0709	Wildlife Biology.	energy-natural-resources,healthcare-human-services	energy-natural-resources/conservation-land-management,healthcare-human-services/biotechnology-research-development	2	Wildlife Biology.
zoologyanimal-biology-other	26.0799	Zoology/Animal Biology, Other.	education,energy-natural-resources	education/teaching-training-facilitation,energy-natural-resources/conservation-land-management	2	Zoology/Animal Biology, Other.
genetics-general	26.0801	Genetics, General.	agriculture,education,energy-natural-resources,healthcare-human-services	agriculture/plant-systems,agriculture/water-systems,education/teaching-training-facilitation,energy-natural-resources/ecological-research-development,healthcare-human-services/biotechnology-research-development,healthcare-human-services/physical-health	4	Genetics, General.
molecular-genetics	26.0802	Molecular Genetics.	agriculture,education,energy-natural-resources,healthcare-human-services	agriculture/water-systems,education/teaching-training-facilitation,energy-natural-resources/ecological-research-development,healthcare-human-services/biotechnology-research-development,healthcare-human-services/physical-health	3	Molecular Genetics.
microbial-and-eukaryotic-genetics	26.0803	Microbial and Eukaryotic Genetics.	agriculture,education,energy-natural-resources,healthcare-human-services	agriculture/water-systems,education/teaching-training-facilitation,energy-natural-resources/ecological-research-development,healthcare-human-services/biotechnology-research-development	2	Microbial and Eukaryotic Genetics.
animal-genetics	26.0804	Animal Genetics.	agriculture,education,energy-natural-resources,healthcare-human-services	agriculture/animal-systems,education/teaching-training-facilitation,energy-natural-resources/ecological-research-development,healthcare-human-services/biotechnology-research-development	2	Animal Genetics.
plant-genetics	26.0805	Plant Genetics.	agriculture,education,energy-natural-resources,healthcare-human-services	agriculture/plant-systems,education/teaching-training-facilitation,energy-natural-resources/ecological-research-development,healthcare-human-services/biotechnology-research-development	2	Plant Genetics.
humanmedical-genetics	26.0806	Human/Medical Genetics.	education,healthcare-human-services	education/teaching-training-facilitation,healthcare-human-services/biotechnology-research-development,healthcare-human-services/physical-health	3	Human/Medical Genetics.
genome-sciencesgenomics	26.0807	Genome Sciences/Genomics.	education,energy-natural-resources,healthcare-human-services	education/teaching-training-facilitation,energy-natural-resources/ecological-research-development,healthcare-human-services/biotechnology-research-development,healthcare-human-services/physical-health	3	Genome Sciences/Genomics.
genetics-other	26.0899	Genetics, Other.	education,energy-natural-resources,healthcare-human-services	education/teaching-training-facilitation,energy-natural-resources/ecological-research-development,healthcare-human-services/biotechnology-research-development,healthcare-human-services/physical-health	3	Genetics, Other.
physiology-general	26.0901	Physiology, General.	education,healthcare-human-services	education/teaching-training-facilitation,healthcare-human-services/biotechnology-research-development	2	Physiology, General.
molecular-physiology	26.0902	Molecular Physiology.	education,healthcare-human-services	education/teaching-training-facilitation,healthcare-human-services/biotechnology-research-development	2	Molecular Physiology.
cell-physiology	26.0903	Cell Physiology.	education,healthcare-human-services	education/teaching-training-facilitation,healthcare-human-services/biotechnology-research-development	2	Cell Physiology.
endocrinology	26.0904	Endocrinology.	education,healthcare-human-services	education/teaching-training-facilitation,healthcare-human-services/biotechnology-research-development	2	Endocrinology.
reproductive-biology	26.0905	Reproductive Biology.	education,healthcare-human-services	education/teaching-training-facilitation,healthcare-human-services/biotechnology-research-development	2	Reproductive Biology.
cardiovascular-science	26.0907	Cardiovascular Science.	education,healthcare-human-services	education/teaching-training-facilitation,healthcare-human-services/biotechnology-research-development	2	Cardiovascular Science.
exercise-physiology-and-kinesiology	26.0908	Exercise Physiology and Kinesiology.	education,healthcare-human-services	education/teaching-training-facilitation,healthcare-human-services/biotechnology-research-development,healthcare-human-services/physical-health	3	Exercise Physiology and Kinesiology.
vision-sciencephysiological-optics	26.0909	Vision Science/Physiological Optics.	education,healthcare-human-services	education/teaching-training-facilitation,healthcare-human-services/biotechnology-research-development	2	Vision Science/Physiological Optics.
pathologyexperimental-pathology	26.0910	Pathology/Experimental Pathology.	education,energy-natural-resources,healthcare-human-services	education/teaching-training-facilitation,energy-natural-resources/ecological-research-development,healthcare-human-services/biotechnology-research-development	3	Pathology/Experimental Pathology.
oncology-and-cancer-biology	26.0911	Oncology and Cancer Biology.	education,healthcare-human-services	education/teaching-training-facilitation,healthcare-human-services/biotechnology-research-development	2	Oncology and Cancer Biology.
aerospace-physiology-and-medicine	26.0912	Aerospace Physiology and Medicine.	education,healthcare-human-services	education/teaching-training-facilitation,healthcare-human-services/biotechnology-research-development	2	Aerospace Physiology and Medicine.
biomechanics	26.0913	Biomechanics.	advanced-manufacturing,education,healthcare-human-services	advanced-manufacturing/engineering,education/teaching-training-facilitation,healthcare-human-services/biotechnology-research-development	4	Biomechanics.
physiology-pathology-and-related-sciences-other	26.0999	Physiology, Pathology, and Related Sciences, Other.	education,healthcare-human-services	education/teaching-training-facilitation,healthcare-human-services/biotechnology-research-development	2	Physiology, Pathology, and Related Sciences, Other.
pharmacology	26.1001	Pharmacology.	education,energy-natural-resources,healthcare-human-services	education/teaching-training-facilitation,energy-natural-resources/ecological-research-development,healthcare-human-services/biotechnology-research-development	4	Pharmacology.
molecular-pharmacology	26.1002	Molecular Pharmacology.	education,healthcare-human-services	education/teaching-training-facilitation,healthcare-human-services/biotechnology-research-development	2	Molecular Pharmacology.
neuropharmacology	26.1003	Neuropharmacology.	education,healthcare-human-services	education/teaching-training-facilitation,healthcare-human-services/biotechnology-research-development	2	Neuropharmacology.
toxicology	26.1004	Toxicology.	agriculture,education,energy-natural-resources,healthcare-human-services	agriculture/plant-systems,agriculture/water-systems,education/teaching-training-facilitation,energy-natural-resources/ecological-research-development,healthcare-human-services/biotechnology-research-development	5	Toxicology.
molecular-toxicology	26.1005	Molecular Toxicology.	education,energy-natural-resources,healthcare-human-services	education/teaching-training-facilitation,energy-natural-resources/ecological-research-development,healthcare-human-services/biotechnology-research-development	3	Molecular Toxicology.
environmental-toxicology	26.1006	Environmental Toxicology.	advanced-manufacturing,education,energy-natural-resources,healthcare-human-services,public-service-safety	advanced-manufacturing/safety-quality-assurance,education/teaching-training-facilitation,energy-natural-resources/ecological-research-development,healthcare-human-services/biotechnology-research-development,public-service-safety/local-state-federal-services	7	Environmental Toxicology.
pharmacology-and-toxicology	26.1007	Pharmacology and Toxicology.	education,healthcare-human-services	education/teaching-training-facilitation,healthcare-human-services/biotechnology-research-development	2	Pharmacology and Toxicology.
pharmacology-and-toxicology-other	26.1099	Pharmacology and Toxicology, Other.	education,healthcare-human-services	education/teaching-training-facilitation,healthcare-human-services/biotechnology-research-development	2	Pharmacology and Toxicology, Other.
biometrybiometrics	26.1101	Biometry/Biometrics.	education,energy-natural-resources,healthcare-human-services	education/teaching-training-facilitation,energy-natural-resources/ecological-research-development,healthcare-human-services/biotechnology-research-development	3	Biometry/Biometrics.
biostatistics	26.1102	Biostatistics.	agriculture,education,energy-natural-resources,healthcare-human-services	agriculture/water-systems,education/teaching-training-facilitation,energy-natural-resources/ecological-research-development,healthcare-human-services/biotechnology-research-development	6	Biostatistics.
bioinformatics	26.1103	Bioinformatics.	digital-technology,healthcare-human-services	digital-technology/data-science-ai,healthcare-human-services/biotechnology-research-development	4	Bioinformatics.
computational-biology	26.1104	Computational Biology.	agriculture,digital-technology,education,energy-natural-resources,healthcare-human-services	agriculture/plant-systems,agriculture/water-systems,digital-technology/data-science-ai,education/teaching-training-facilitation,energy-natural-resources/ecological-research-development,healthcare-human-services/biotechnology-research-development	6	Computational Biology.
biomathematics-bioinformatics-and-computational-biology-other	26.1199	Biomathematics, Bioinformatics, and Computational Biology, Other.	advanced-manufacturing,agriculture,digital-technology,education,energy-natural-resources,healthcare-human-services	advanced-manufacturing/engineering,agriculture/water-systems,digital-technology/data-science-ai,education/teaching-training-facilitation,energy-natural-resources/ecological-research-development,healthcare-human-services/biotechnology-research-development	5	Biomathematics, Bioinformatics, and Computational Biology, Other.
biotechnology	26.1201	Biotechnology.	education,energy-natural-resources,healthcare-human-services	education/teaching-training-facilitation,energy-natural-resources/ecological-research-development,healthcare-human-services/biotechnology-research-development	2	Biotechnology.
ecology	26.1301	Ecology.	education,energy-natural-resources,healthcare-human-services	education/teaching-training-facilitation,energy-natural-resources/conservation-land-management,energy-natural-resources/ecological-research-development,healthcare-human-services/biotechnology-research-development	6	Ecology.
marine-biology-and-biological-oceanography	26.1302	Marine Biology and Biological Oceanography.	agriculture,education,energy-natural-resources,healthcare-human-services	agriculture/water-systems,education/teaching-training-facilitation,energy-natural-resources/conservation-land-management,energy-natural-resources/ecological-research-development,healthcare-human-services/biotechnology-research-development	4	Marine Biology and Biological Oceanography.
evolutionary-biology	26.1303	Evolutionary Biology.	agriculture,education,energy-natural-resources,healthcare-human-services	agriculture/animal-systems,agriculture/plant-systems,agriculture/water-systems,education/teaching-training-facilitation,energy-natural-resources/conservation-land-management,energy-natural-resources/ecological-research-development,healthcare-human-services/biotechnology-research-development	3	Evolutionary Biology.
aquatic-biologylimnology	26.1304	Aquatic Biology/Limnology.	agriculture,education,energy-natural-resources,healthcare-human-services	agriculture/water-systems,education/teaching-training-facilitation,energy-natural-resources/ecological-research-development,healthcare-human-services/biotechnology-research-development	3	Aquatic Biology/Limnology.
environmental-biology	26.1305	Environmental Biology.	agriculture,education,energy-natural-resources,healthcare-human-services	agriculture/plant-systems,agriculture/water-systems,education/teaching-training-facilitation,energy-natural-resources/conservation-land-management,energy-natural-resources/ecological-research-development,healthcare-human-services/biotechnology-research-development	4	Environmental Biology.
population-biology	26.1306	Population Biology.	agriculture,education,energy-natural-resources,healthcare-human-services	agriculture/plant-systems,agriculture/water-systems,education/teaching-training-facilitation,energy-natural-resources/ecological-research-development,healthcare-human-services/biotechnology-research-development	2	Population Biology.
conservation-biology	26.1307	Conservation Biology.	agriculture,education,energy-natural-resources,healthcare-human-services	agriculture/plant-systems,agriculture/water-systems,education/teaching-training-facilitation,energy-natural-resources/conservation-land-management,energy-natural-resources/ecological-research-development,healthcare-human-services/biotechnology-research-development	4	Conservation Biology.
systematic-biologybiological-systematics	26.1308	Systematic Biology/Biological Systematics.	education,energy-natural-resources,healthcare-human-services	education/teaching-training-facilitation,energy-natural-resources/ecological-research-development,energy-natural-resources/environmental-protection,healthcare-human-services/biotechnology-research-development	2	Systematic Biology/Biological Systematics.
epidemiology	26.1309	Epidemiology.	education,healthcare-human-services,public-service-safety	education/teaching-training-facilitation,healthcare-human-services/biotechnology-research-development,public-service-safety/local-state-federal-services	3	Epidemiology.
ecology-and-evolutionary-biology	26.1310	Ecology and Evolutionary Biology.	education,energy-natural-resources,healthcare-human-services	education/teaching-training-facilitation,energy-natural-resources/conservation-land-management,energy-natural-resources/ecological-research-development,energy-natural-resources/environmental-protection,healthcare-human-services/biotechnology-research-development	4	Ecology and Evolutionary Biology.
epidemiology-and-biostatistics	26.1311	Epidemiology and Biostatistics.	agriculture,education,energy-natural-resources,healthcare-human-services,public-service-safety	agriculture/plant-systems,agriculture/water-systems,education/teaching-training-facilitation,energy-natural-resources/ecological-research-development,healthcare-human-services/biotechnology-research-development,public-service-safety/local-state-federal-services	4	Epidemiology and Biostatistics.
ecology-evolution-systematics-and-population-biology-other	26.1399	Ecology, Evolution, Systematics and Population Biology, Other.	education,energy-natural-resources,healthcare-human-services	education/teaching-training-facilitation,energy-natural-resources/conservation-land-management,energy-natural-resources/ecological-research-development,healthcare-human-services/biotechnology-research-development	5	Ecology, Evolution, Systematics and Population Biology, Other.
molecular-medicine	26.1401	Molecular Medicine.	education,healthcare-human-services	education/teaching-training-facilitation,healthcare-human-services/biotechnology-research-development	2	Molecular Medicine.
neuroscience	26.1501	Neuroscience.	education,energy-natural-resources,healthcare-human-services	education/teaching-training-facilitation,energy-natural-resources/ecological-research-development,healthcare-human-services/biotechnology-research-development	3	Neuroscience.
neuroanatomy	26.1502	Neuroanatomy.	education,energy-natural-resources,healthcare-human-services	education/teaching-training-facilitation,energy-natural-resources/ecological-research-development,healthcare-human-services/biotechnology-research-development	3	Neuroanatomy.
neurobiology-and-anatomy	26.1503	Neurobiology and Anatomy.	education,energy-natural-resources,healthcare-human-services	education/teaching-training-facilitation,energy-natural-resources/ecological-research-development,healthcare-human-services/biotechnology-research-development	3	Neurobiology and Anatomy.
neurobiology-and-behavior	26.1504	Neurobiology and Behavior.	education,energy-natural-resources,healthcare-human-services	education/teaching-training-facilitation,energy-natural-resources/ecological-research-development,healthcare-human-services/biotechnology-research-development	3	Neurobiology and Behavior.
neurobiology-and-neurosciences-other	26.1599	Neurobiology and Neurosciences, Other.	education,energy-natural-resources,healthcare-human-services	education/teaching-training-facilitation,energy-natural-resources/ecological-research-development,healthcare-human-services/biotechnology-research-development	3	Neurobiology and Neurosciences, Other.
biological-and-biomedical-sciences-other	26.9999	Biological and Biomedical Sciences, Other.	education,energy-natural-resources,healthcare-human-services	education/teaching-training-facilitation,energy-natural-resources/ecological-research-development,healthcare-human-services/biotechnology-research-development	3	Biological and Biomedical Sciences, Other.
mathematics-general	27.0101	Mathematics, General.	advanced-manufacturing,digital-technology,education,financial-services,management-entrepreneurship	advanced-manufacturing/engineering,digital-technology/data-science-ai,education/teaching-training-facilitation,financial-services/financial-strategy-investments,management-entrepreneurship/business-information-management	7	Mathematics, General.
algebra-and-number-theory	27.0102	Algebra and Number Theory.	advanced-manufacturing,digital-technology,education	advanced-manufacturing/engineering,digital-technology/data-science-ai,education/teaching-training-facilitation	3	Algebra and Number Theory.
analysis-and-functional-analysis	27.0103	Analysis and Functional Analysis.	advanced-manufacturing,digital-technology,education	advanced-manufacturing/engineering,digital-technology/data-science-ai,education/teaching-training-facilitation	3	Analysis and Functional Analysis.
geometrygeometric-analysis	27.0104	Geometry/Geometric Analysis.	advanced-manufacturing,digital-technology,education	advanced-manufacturing/engineering,digital-technology/data-science-ai,education/teaching-training-facilitation	3	Geometry/Geometric Analysis.
topology-and-foundations	27.0105	Topology and Foundations.	advanced-manufacturing,digital-technology,education	advanced-manufacturing/engineering,digital-technology/data-science-ai,education/teaching-training-facilitation	3	Topology and Foundations.
mathematics-other	27.0199	Mathematics, Other.	advanced-manufacturing,digital-technology,education	advanced-manufacturing/engineering,digital-technology/data-science-ai,education/teaching-training-facilitation	3	Mathematics, Other.
applied-mathematics-general	27.0301	Applied Mathematics, General.	advanced-manufacturing,digital-technology,education,financial-services,management-entrepreneurship	advanced-manufacturing/engineering,digital-technology/data-science-ai,education/teaching-training-facilitation,financial-services/financial-strategy-investments,financial-services/insurance,management-entrepreneurship/business-information-management	7	Applied Mathematics, General.
computational-mathematics	27.0303	Computational Mathematics.	advanced-manufacturing,digital-technology,financial-services,management-entrepreneurship	advanced-manufacturing/engineering,digital-technology/data-science-ai,financial-services/financial-strategy-investments,management-entrepreneurship/business-information-management	4	Computational Mathematics.
computational-and-applied-mathematics	27.0304	Computational and Applied Mathematics.	advanced-manufacturing,digital-technology,education,financial-services,management-entrepreneurship	advanced-manufacturing/engineering,digital-technology/data-science-ai,education/teaching-training-facilitation,financial-services/financial-strategy-investments,financial-services/insurance,management-entrepreneurship/business-information-management	7	Computational and Applied Mathematics.
financial-mathematics	27.0305	Financial Mathematics.	digital-technology,education,financial-services,management-entrepreneurship	digital-technology/data-science-ai,education/teaching-training-facilitation,financial-services/financial-strategy-investments,financial-services/insurance,management-entrepreneurship/business-information-management,management-entrepreneurship/leadership-operations	8	Financial Mathematics.
mathematical-biology	27.0306	Mathematical Biology.	agriculture,digital-technology,education,energy-natural-resources,healthcare-human-services	agriculture/plant-systems,agriculture/water-systems,digital-technology/data-science-ai,education/teaching-training-facilitation,energy-natural-resources/conservation-land-management,energy-natural-resources/ecological-research-development,healthcare-human-services/biotechnology-research-development	6	Mathematical Biology.
applied-mathematics-other	27.0399	Applied Mathematics, Other.	digital-technology,education,financial-services,management-entrepreneurship,marketing-sales	digital-technology/data-science-ai,education/teaching-training-facilitation,financial-services/financial-strategy-investments,management-entrepreneurship/business-information-management,marketing-sales/market-research-analytics-ethics	4	Applied Mathematics, Other.
statistics-general	27.0501	Statistics, General.	digital-technology,education,energy-natural-resources,financial-services,healthcare-human-services,management-entrepreneurship,marketing-sales,public-service-safety	digital-technology/data-science-ai,education/teaching-training-facilitation,energy-natural-resources/ecological-research-development,financial-services/insurance,healthcare-human-services/biotechnology-research-development,management-entrepreneurship/business-information-management,marketing-sales/market-research-analytics-ethics,public-service-safety/local-state-federal-services	5	Statistics, General.
mathematical-statistics-and-probability	27.0502	Mathematical Statistics and Probability.	digital-technology,education,energy-natural-resources,financial-services,management-entrepreneurship,marketing-sales	digital-technology/data-science-ai,education/teaching-training-facilitation,energy-natural-resources/ecological-research-development,financial-services/insurance,management-entrepreneurship/business-information-management,marketing-sales/market-research-analytics-ethics	5	Mathematical Statistics and Probability.
mathematics-and-statistics	27.0503	Mathematics and Statistics.	digital-technology,education,financial-services,management-entrepreneurship,marketing-sales	digital-technology/data-science-ai,education/teaching-training-facilitation,financial-services/insurance,management-entrepreneurship/business-information-management,marketing-sales/market-research-analytics-ethics	5	Mathematics and Statistics.
statistics-other	27.0599	Statistics, Other.	education,financial-services,management-entrepreneurship,marketing-sales	education/teaching-training-facilitation,financial-services/insurance,management-entrepreneurship/business-information-management,marketing-sales/market-research-analytics-ethics	3	Statistics, Other.
applied-statistics-general	27.0601	Applied Statistics, General.	digital-technology,education,energy-natural-resources,financial-services,healthcare-human-services,management-entrepreneurship,marketing-sales,public-service-safety	digital-technology/data-science-ai,education/teaching-training-facilitation,energy-natural-resources/ecological-research-development,financial-services/insurance,healthcare-human-services/biotechnology-research-development,management-entrepreneurship/business-information-management,marketing-sales/market-research-analytics-ethics,public-service-safety/local-state-federal-services	6	Applied Statistics, General.
mathematics-and-statistics-other	27.9999	Mathematics and Statistics, Other.	digital-technology,education,financial-services,management-entrepreneurship,marketing-sales	digital-technology/data-science-ai,education/teaching-training-facilitation,financial-services/financial-strategy-investments,management-entrepreneurship/business-information-management,marketing-sales/market-research-analytics-ethics	4	Mathematics and Statistics, Other.
military-operational-art-and-sciencestudies	28.0503	Military Operational Art and Science/Studies.	public-service-safety	public-service-safety/military-national-security	1	Military Operational Art and Science/Studies.
advanced-military-and-operational-studies	28.0504	Advanced Military and Operational Studies.	public-service-safety	public-service-safety/military-national-security	1	Advanced Military and Operational Studies.
naval-science-and-operational-studies	28.0505	Naval Science and Operational Studies.	public-service-safety	public-service-safety/military-national-security	1	Naval Science and Operational Studies.
special-irregular-and-counterterrorist-operations	28.0506	Special, Irregular and Counterterrorist Operations.	public-service-safety	public-service-safety/military-national-security	2	Special, Irregular and Counterterrorist Operations.
military-science-and-operational-studies-other	28.0599	Military Science and Operational Studies, Other.	public-service-safety	public-service-safety/military-national-security	2	Military Science and Operational Studies, Other.
strategic-studies-general	28.0601	Strategic Studies, General.	public-service-safety	public-service-safety/military-national-security	1	Strategic Studies, General.
military-and-strategic-leadership	28.0602	Military and Strategic Leadership.	public-service-safety	public-service-safety/military-national-security	2	Military and Strategic Leadership.
joint-operations-planning-and-strategy	28.0604	Joint Operations Planning and Strategy.	public-service-safety	public-service-safety/military-national-security	1	Joint Operations Planning and Strategy.
weapons-of-mass-destruction	28.0605	Weapons of Mass Destruction.	public-service-safety	public-service-safety/military-national-security	2	Weapons of Mass Destruction.
intelligence-general	29.0201	Intelligence, General.	public-service-safety	public-service-safety/military-national-security	2	Intelligence, General.
strategic-intelligence	29.0202	Strategic Intelligence.	public-service-safety	public-service-safety/military-national-security	2	Strategic Intelligence.
signalgeospatial-intelligence	29.0203	Signal/Geospatial Intelligence.	energy-natural-resources,public-service-safety	energy-natural-resources/resource-extraction,public-service-safety/military-national-security,public-service-safety/public-safety	5	Signal/Geospatial Intelligence.
command-control-c3-c4i-systems-and-operations	29.0204	Command & Control (C3, C4I) Systems and Operations.	public-service-safety	public-service-safety/emergency-response,public-service-safety/military-national-security	2	Command & Control (C3, C4I) Systems and Operations.
information-operationsjoint-information-operations	29.0205	Information Operations/Joint Information Operations.	public-service-safety	public-service-safety/emergency-response,public-service-safety/military-national-security	2	Information Operations/Joint Information Operations.
informationpsychological-warfare-and-military-media-relations	29.0206	Information/Psychological Warfare and Military Media Relations.	public-service-safety	public-service-safety/emergency-response,public-service-safety/military-national-security	2	Information/Psychological Warfare and Military Media Relations.
cyberelectronic-operations-and-warfare	29.0207	Cyber/Electronic Operations and Warfare.	public-service-safety	public-service-safety/emergency-response,public-service-safety/military-national-security	2	Cyber/Electronic Operations and Warfare.
intelligence-command-control-and-information-operations-other	29.0299	Intelligence, Command Control and Information Operations, Other.	public-service-safety	public-service-safety/emergency-response,public-service-safety/military-national-security	2	Intelligence, Command Control and Information Operations, Other.
combat-systems-engineering	29.0301	Combat Systems Engineering.	public-service-safety	public-service-safety/military-national-security	1	Combat Systems Engineering.
engineering-acoustics	29.0303	Engineering Acoustics.	advanced-manufacturing,arts-entertainment-design	advanced-manufacturing/engineering,arts-entertainment-design/lighting-sound-technology	1	Engineering Acoustics.
operational-oceanography	29.0306	Operational Oceanography.	advanced-manufacturing	advanced-manufacturing/engineering	1	Operational Oceanography.
undersea-warfare	29.0307	Undersea Warfare.	advanced-manufacturing,public-service-safety	advanced-manufacturing/engineering,public-service-safety/military-national-security	1	Undersea Warfare.
aerospace-ground-equipment-technology	29.0401	Aerospace Ground Equipment Technology.	advanced-manufacturing,public-service-safety,supply-chain-transportation	advanced-manufacturing/engineering,public-service-safety/military-national-security,supply-chain-transportation/air-space-transportation	2	Aerospace Ground Equipment Technology.
air-and-space-operations-technology	29.0402	Air and Space Operations Technology.	supply-chain-transportation	supply-chain-transportation/air-space-transportation	1	Air and Space Operations Technology.
explosive-ordinancebomb-disposal	29.0404	Explosive Ordinance/Bomb Disposal.	public-service-safety	public-service-safety/military-national-security	2	Explosive Ordinance/Bomb Disposal.
joint-commandtask-force-c3-c4i-systems	29.0405	Joint Command/Task Force (C3, C4I) Systems.	public-service-safety	public-service-safety/emergency-response,public-service-safety/military-national-security	2	Joint Command/Task Force (C3, C4I) Systems.
military-information-systems-technology	29.0406	Military Information Systems Technology.	public-service-safety	public-service-safety/emergency-response,public-service-safety/military-national-security	2	Military Information Systems Technology.
missile-and-space-systems-technology	29.0407	Missile and Space Systems Technology.	public-service-safety	public-service-safety/military-national-security	2	Missile and Space Systems Technology.
munitions-systemsordinance-technology	29.0408	Munitions Systems/Ordinance Technology.	public-service-safety	public-service-safety/military-national-security	1	Munitions Systems/Ordinance Technology.
radar-communications-and-systems-technology	29.0409	Radar Communications and Systems Technology.	advanced-manufacturing,public-service-safety	advanced-manufacturing/engineering,public-service-safety/military-national-security	1	Radar Communications and Systems Technology.
biological-and-physical-sciences	30.0101	Biological and Physical Sciences.	education,energy-natural-resources	education/teaching-training-facilitation,energy-natural-resources/conservation-land-management,energy-natural-resources/ecological-research-development	3	Biological and Physical Sciences.
peace-studies-and-conflict-resolution	30.0501	Peace Studies and Conflict Resolution.	education,public-service-safety	education/teaching-training-facilitation,public-service-safety/judicial-systems,public-service-safety/local-state-federal-services	3	Peace Studies and Conflict Resolution.
systems-science-and-theory	30.0601	Systems Science and Theory.	education,management-entrepreneurship	education/teaching-training-facilitation,management-entrepreneurship/leadership-operations	2	Systems Science and Theory.
mathematics-and-computer-science	30.0801	Mathematics and Computer Science.	digital-technology,education,energy-natural-resources,financial-services,management-entrepreneurship	digital-technology/data-science-ai,digital-technology/network-systems-cybersecurity,digital-technology/software-solutions,digital-technology/web-cloud,education/teaching-training-facilitation,energy-natural-resources/conservation-land-management,energy-natural-resources/ecological-research-development,financial-services/financial-strategy-investments,management-entrepreneurship/business-information-management	9	Mathematics and Computer Science.
biopsychology	30.1001	Biopsychology.	education,energy-natural-resources,healthcare-human-services	education/teaching-training-facilitation,energy-natural-resources/conservation-land-management,energy-natural-resources/ecological-research-development,healthcare-human-services/behavioral-mental-health,healthcare-human-services/biotechnology-research-development	5	Biopsychology.
gerontology	30.1101	Gerontology.	education,healthcare-human-services	education/teaching-training-facilitation,healthcare-human-services/biotechnology-research-development,healthcare-human-services/physical-health	4	Gerontology.
historic-preservation-and-conservation-general	30.1201	Historic Preservation and Conservation, General.	education,management-entrepreneurship,public-service-safety	education/learner-support-community-engagement,education/teaching-training-facilitation,management-entrepreneurship/leadership-operations,public-service-safety/local-state-federal-services	4	Historic Preservation and Conservation, General.
cultural-resource-management-and-policy-analysis	30.1202	Cultural Resource Management and Policy Analysis.	education,management-entrepreneurship,public-service-safety	education/learner-support-community-engagement,education/teaching-training-facilitation,management-entrepreneurship/leadership-operations,public-service-safety/local-state-federal-services	4	Cultural Resource Management and Policy Analysis.
historic-preservation-and-conservation-other	30.1299	Historic Preservation and Conservation, Other.	education,management-entrepreneurship	education/learner-support-community-engagement,education/teaching-training-facilitation,management-entrepreneurship/leadership-operations	4	Historic Preservation and Conservation, Other.
medieval-and-renaissance-studies	30.1301	Medieval and Renaissance Studies.	education	education/teaching-training-facilitation	2	Medieval and Renaissance Studies.
museologymuseum-studies	30.1401	Museology/Museum Studies.	arts-entertainment-design,education,hospitality-events-tourism	arts-entertainment-design/fine-arts,education/learner-support-community-engagement,education/teaching-training-facilitation,hospitality-events-tourism/travel-leisure	4	Museology/Museum Studies.
science-technology-and-society	30.1501	Science, Technology and Society.	education,public-service-safety	education/teaching-training-facilitation,public-service-safety/local-state-federal-services	2	Science, Technology and Society.
accounting-and-computer-science	30.1601	Accounting and Computer Science.	digital-technology,education,financial-services,management-entrepreneurship	digital-technology/data-science-ai,education/teaching-training-facilitation,financial-services/accounting,management-entrepreneurship/business-information-management	5	Accounting and Computer Science.
behavioral-sciences	30.1701	Behavioral Sciences.	education,healthcare-human-services,public-service-safety	education/teaching-training-facilitation,healthcare-human-services/behavioral-mental-health,healthcare-human-services/community-social-services,public-service-safety/local-state-federal-services	7	Behavioral Sciences.
natural-sciences	30.1801	Natural Sciences.	education,energy-natural-resources	education/teaching-training-facilitation,energy-natural-resources/conservation-land-management,energy-natural-resources/ecological-research-development	4	Natural Sciences.
nutrition-sciences	30.1901	Nutrition Sciences.	agriculture,education,energy-natural-resources,healthcare-human-services	agriculture/water-systems,education/teaching-training-facilitation,energy-natural-resources/conservation-land-management,energy-natural-resources/ecological-research-development,healthcare-human-services/biotechnology-research-development,healthcare-human-services/physical-health	9	Nutrition Sciences.
internationalglobalization-studies	30.2001	International/Globalization Studies.	education,management-entrepreneurship,public-service-safety	education/teaching-training-facilitation,management-entrepreneurship/leadership-operations,public-service-safety/local-state-federal-services	2	International/Globalization Studies.
holocaust-and-related-studies	30.2101	Holocaust and Related Studies.	education,public-service-safety	education/teaching-training-facilitation,public-service-safety/local-state-federal-services	4	Holocaust and Related Studies.
ancient-studiescivilization	30.2201	Ancient Studies/Civilization.	education	education/teaching-training-facilitation	5	Ancient Studies/Civilization.
classical-ancient-mediterranean-and-near-eastern-studies-and-archaeology	30.2202	Classical, Ancient Mediterranean, and Near Eastern Studies and Archaeology.	education	education/teaching-training-facilitation	4	Classical, Ancient Mediterranean, and Near Eastern Studies and Archaeology.
classical-and-ancient-studies-other	30.2299	Classical and Ancient Studies, Other.	education	education/teaching-training-facilitation	5	Classical and Ancient Studies, Other.
interculturalmulticultural-and-diversity-studies	30.2301	Intercultural/Multicultural and Diversity Studies.	education,public-service-safety	education/teaching-training-facilitation,public-service-safety/local-state-federal-services	2	Intercultural/Multicultural and Diversity Studies.
cognitive-science-general	30.2501	Cognitive Science, General.	education	education/teaching-training-facilitation	1	Cognitive Science, General.
contemplative-studiesinquiry	30.2502	Contemplative Studies/Inquiry.	education,healthcare-human-services	education/teaching-training-facilitation,healthcare-human-services/community-social-services	5	Contemplative Studies/Inquiry.
cognitive-science-other	30.2599	Cognitive Science, Other.	education	education/teaching-training-facilitation	1	Cognitive Science, Other.
cultural-studiescritical-theory-and-analysis	30.2601	Cultural Studies/Critical Theory and Analysis.	education,public-service-safety	education/teaching-training-facilitation,public-service-safety/local-state-federal-services	3	Cultural Studies/Critical Theory and Analysis.
human-biology	30.2701	Human Biology.	education,energy-natural-resources,healthcare-human-services	education/teaching-training-facilitation,energy-natural-resources/conservation-land-management,energy-natural-resources/ecological-research-development,healthcare-human-services/biotechnology-research-development	5	Human Biology.
dispute-resolution	30.2801	Dispute Resolution.	education,management-entrepreneurship,public-service-safety	education/teaching-training-facilitation,management-entrepreneurship/leadership-operations,public-service-safety/judicial-systems	4	Dispute Resolution.
maritime-studies	30.2901	Maritime Studies.	education	education/teaching-training-facilitation	2	Maritime Studies.
computational-science	30.3001	Computational Science.	digital-technology,education,financial-services,management-entrepreneurship	digital-technology/data-science-ai,digital-technology/network-systems-cybersecurity,education/teaching-training-facilitation,financial-services/financial-strategy-investments,management-entrepreneurship/business-information-management	6	Computational Science.
human-computer-interaction	30.3101	Human Computer Interaction.	digital-technology,education	digital-technology/data-science-ai,digital-technology/it-support-services,digital-technology/web-cloud,education/teaching-training-facilitation	5	Human Computer Interaction.
marine-sciences	30.3201	Marine Sciences.	agriculture,education,energy-natural-resources,healthcare-human-services	agriculture/water-systems,education/teaching-training-facilitation,energy-natural-resources/conservation-land-management,energy-natural-resources/ecological-research-development,energy-natural-resources/resource-extraction,healthcare-human-services/biotechnology-research-development	7	Marine Sciences.
sustainability-studies	30.3301	Sustainability Studies.	construction,education,energy-natural-resources,healthcare-human-services,public-service-safety	construction/construction-planning-development,education/teaching-training-facilitation,energy-natural-resources/conservation-land-management,energy-natural-resources/ecological-research-development,energy-natural-resources/environmental-protection,healthcare-human-services/biotechnology-research-development,public-service-safety/local-state-federal-services	8	Sustainability Studies.
anthrozoology	30.3401	Anthrozoology.	agriculture,education,public-service-safety	agriculture/agribusiness,agriculture/animal-systems,education/teaching-training-facilitation,public-service-safety/local-state-federal-services	6	Anthrozoology.
climate-science	30.3501	Climate Science.	education,energy-natural-resources,public-service-safety	education/teaching-training-facilitation,energy-natural-resources/conservation-land-management,energy-natural-resources/ecological-research-development,public-service-safety/local-state-federal-services,public-service-safety/military-national-security	4	Climate Science.
cultural-studies-and-comparative-literature	30.3601	Cultural Studies and Comparative Literature.	education	education/teaching-training-facilitation	3	Cultural Studies and Comparative Literature.
design-for-human-health	30.3701	Design for Human Health.	arts-entertainment-design,construction,education,public-service-safety	arts-entertainment-design/fashion-interiors,construction/construction-planning-development,education/teaching-training-facilitation,public-service-safety/local-state-federal-services	3	Design for Human Health.
earth-systems-science	30.3801	Earth Systems Science.	education,energy-natural-resources	education/teaching-training-facilitation,energy-natural-resources/conservation-land-management,energy-natural-resources/ecological-research-development,energy-natural-resources/resource-extraction	6	Earth Systems Science.
economics-and-computer-science	30.3901	Economics and Computer Science.	digital-technology,education,management-entrepreneurship,public-service-safety	digital-technology/data-science-ai,digital-technology/software-solutions,digital-technology/web-cloud,education/teaching-training-facilitation,management-entrepreneurship/business-information-management,management-entrepreneurship/leadership-operations,public-service-safety/local-state-federal-services	7	Economics and Computer Science.
economics-and-foreign-languageliterature	30.4001	Economics and Foreign Language/Literature.	education,management-entrepreneurship,public-service-safety	education/learner-support-community-engagement,education/teaching-training-facilitation,management-entrepreneurship/business-information-management,management-entrepreneurship/leadership-operations,public-service-safety/local-state-federal-services	7	Economics and Foreign Language/Literature.
environmental-geosciences	30.4101	Environmental Geosciences.	agriculture,education,energy-natural-resources,financial-services,healthcare-human-services,public-service-safety	agriculture/water-systems,education/teaching-training-facilitation,energy-natural-resources/conservation-land-management,energy-natural-resources/ecological-research-development,energy-natural-resources/resource-extraction,financial-services/insurance,healthcare-human-services/biotechnology-research-development,public-service-safety/local-state-federal-services,public-service-safety/public-safety	10	Environmental Geosciences.
geoarcheaology	30.4201	Geoarcheaology.	education,energy-natural-resources,management-entrepreneurship,public-service-safety	education/teaching-training-facilitation,energy-natural-resources/resource-extraction,management-entrepreneurship/leadership-operations,public-service-safety/local-state-federal-services	6	Geoarcheaology.
geobiology	30.4301	Geobiology.	education,energy-natural-resources,healthcare-human-services	education/teaching-training-facilitation,energy-natural-resources/resource-extraction,healthcare-human-services/physical-health	4	Geobiology.
geography-and-environmental-studies	30.4401	Geography and Environmental Studies.	education,energy-natural-resources,healthcare-human-services,public-service-safety	education/teaching-training-facilitation,energy-natural-resources/conservation-land-management,energy-natural-resources/ecological-research-development,healthcare-human-services/biotechnology-research-development,public-service-safety/local-state-federal-services	8	Geography and Environmental Studies.
history-and-languageliterature	30.4501	History and Language/Literature.	education,management-entrepreneurship	education/learner-support-community-engagement,education/teaching-training-facilitation,management-entrepreneurship/leadership-operations	7	History and Language/Literature.
history-and-political-science	30.4601	History and Political Science.	education,management-entrepreneurship,public-service-safety	education/teaching-training-facilitation,management-entrepreneurship/leadership-operations,public-service-safety/local-state-federal-services	7	History and Political Science.
linguistics-and-anthropology	30.4701	Linguistics and Anthropology.	education,management-entrepreneurship,public-service-safety	education/teaching-training-facilitation,management-entrepreneurship/leadership-operations,public-service-safety/local-state-federal-services	6	Linguistics and Anthropology.
linguistics-and-computer-science	30.4801	Linguistics and Computer Science.	digital-technology,education	digital-technology/data-science-ai,digital-technology/software-solutions,education/teaching-training-facilitation	4	Linguistics and Computer Science.
mathematical-economics	30.4901	Mathematical Economics.	education,financial-services,management-entrepreneurship,marketing-sales,public-service-safety	education/teaching-training-facilitation,financial-services/financial-strategy-investments,management-entrepreneurship/business-information-management,management-entrepreneurship/leadership-operations,marketing-sales/market-research-analytics-ethics,public-service-safety/local-state-federal-services	5	Mathematical Economics.
mathematics-and-atmosphericoceanic-science	30.5001	Mathematics and Atmospheric/Oceanic Science.	education,energy-natural-resources,healthcare-human-services,public-service-safety	education/teaching-training-facilitation,energy-natural-resources/ecological-research-development,healthcare-human-services/biotechnology-research-development,public-service-safety/local-state-federal-services,public-service-safety/military-national-security	5	Mathematics and Atmospheric/Oceanic Science.
philosophy-politics-and-economics	30.5101	Philosophy, Politics, and Economics.	education,management-entrepreneurship,public-service-safety	education/teaching-training-facilitation,management-entrepreneurship/business-information-management,management-entrepreneurship/leadership-operations,public-service-safety/local-state-federal-services	7	Philosophy, Politics, and Economics.
digital-humanities-and-textual-studies-general	30.5201	Digital Humanities and Textual Studies, General.	arts-entertainment-design,education,management-entrepreneurship	arts-entertainment-design/fine-arts,education/learner-support-community-engagement,education/teaching-training-facilitation,management-entrepreneurship/leadership-operations	5	Digital Humanities and Textual Studies, General.
digital-humanities	30.5202	Digital Humanities.	arts-entertainment-design,education,management-entrepreneurship	arts-entertainment-design/fine-arts,education/learner-support-community-engagement,education/teaching-training-facilitation,management-entrepreneurship/leadership-operations	6	Digital Humanities.
textual-studies	30.5203	Textual Studies.	arts-entertainment-design,education,management-entrepreneurship	arts-entertainment-design/fine-arts,education/learner-support-community-engagement,education/teaching-training-facilitation,management-entrepreneurship/leadership-operations	6	Textual Studies.
thanatology	30.5301	Thanatology.	education,healthcare-human-services	education/teaching-training-facilitation,healthcare-human-services/behavioral-mental-health,healthcare-human-services/community-social-services,healthcare-human-services/physical-health	8	Thanatology.
data-science-general	30.7001	Data Science, General.	digital-technology,education,management-entrepreneurship,marketing-sales,public-service-safety	digital-technology/data-science-ai,digital-technology/software-solutions,digital-technology/web-cloud,education/teaching-training-facilitation,management-entrepreneurship/business-information-management,marketing-sales/market-research-analytics-ethics,public-service-safety/local-state-federal-services	8	Data Science, General.
data-science-other	30.7099	Data Science, Other.	digital-technology,education,management-entrepreneurship,marketing-sales	digital-technology/data-science-ai,digital-technology/software-solutions,education/teaching-training-facilitation,management-entrepreneurship/business-information-management,marketing-sales/market-research-analytics-ethics	5	Data Science, Other.
data-analytics-general	30.7101	Data Analytics, General.	digital-technology,education,management-entrepreneurship,marketing-sales	digital-technology/data-science-ai,digital-technology/network-systems-cybersecurity,education/teaching-training-facilitation,management-entrepreneurship/business-information-management,marketing-sales/market-research-analytics-ethics	5	Data Analytics, General.
business-analytics	30.7102	Business Analytics.	digital-technology,management-entrepreneurship,marketing-sales	digital-technology/data-science-ai,management-entrepreneurship/business-information-management,marketing-sales/market-research-analytics-ethics	4	Business Analytics.
data-visualization	30.7103	Data Visualization.	digital-technology,education,management-entrepreneurship	digital-technology/data-science-ai,digital-technology/software-solutions,education/teaching-training-facilitation,management-entrepreneurship/business-information-management	4	Data Visualization.
financial-analytics	30.7104	Financial Analytics.	education,financial-services,management-entrepreneurship	education/teaching-training-facilitation,financial-services/financial-strategy-investments,financial-services/insurance,management-entrepreneurship/business-information-management,management-entrepreneurship/regulation	5	Financial Analytics.
data-analytics-other	30.7199	Data Analytics, Other.	digital-technology,education,management-entrepreneurship,marketing-sales	digital-technology/data-science-ai,digital-technology/network-systems-cybersecurity,education/teaching-training-facilitation,management-entrepreneurship/business-information-management,marketing-sales/market-research-analytics-ethics	5	Data Analytics, Other.
parks-recreation-and-leisure-studies	31.0101	Parks, Recreation, and Leisure Studies.	education	education/teaching-training-facilitation	1	Parks, Recreation, and Leisure Studies.
parks-recreation-and-leisure-facilities-management-general	31.0301	Parks, Recreation, and Leisure Facilities Management, General.	energy-natural-resources,hospitality-events-tourism,management-entrepreneurship	energy-natural-resources/conservation-land-management,hospitality-events-tourism/travel-leisure,management-entrepreneurship/leadership-operations	3	Parks, Recreation, and Leisure Facilities Management, General.
golf-course-operation-and-grounds-management	31.0302	Golf Course Operation and Grounds Management.	hospitality-events-tourism	hospitality-events-tourism/travel-leisure	3	Golf Course Operation and Grounds Management.
parks-recreation-and-leisure-facilities-management-other	31.0399	Parks, Recreation, and Leisure Facilities Management, Other.	energy-natural-resources,hospitality-events-tourism,management-entrepreneurship	energy-natural-resources/conservation-land-management,hospitality-events-tourism/travel-leisure,management-entrepreneurship/leadership-operations	2	Parks, Recreation, and Leisure Facilities Management, Other.
sports-kinesiology-and-physical-educationfitness-general	31.0501	Sports, Kinesiology, and Physical Education/Fitness, General.	arts-entertainment-design,education,healthcare-human-services	arts-entertainment-design/performing-arts,education/teaching-training-facilitation,healthcare-human-services/personal-care-services	4	Sports, Kinesiology, and Physical Education/Fitness, General.
sport-and-fitness-administrationmanagement	31.0504	Sport and Fitness Administration/Management.	arts-entertainment-design,education,healthcare-human-services,hospitality-events-tourism	arts-entertainment-design/performing-arts,education/teaching-training-facilitation,healthcare-human-services/personal-care-services,hospitality-events-tourism/travel-leisure	4	Sport and Fitness Administration/Management.
exercise-science-and-kinesiology	31.0505	Exercise Science and Kinesiology.	healthcare-human-services	healthcare-human-services/physical-health	1	Exercise Science and Kinesiology.
physical-fitness-technician	31.0507	Physical Fitness Technician.	arts-entertainment-design,healthcare-human-services	arts-entertainment-design/performing-arts,healthcare-human-services/personal-care-services	2	Physical Fitness Technician.
sports-studies	31.0508	Sports Studies.	education	education/teaching-training-facilitation	1	Sports Studies.
outdoor-education	31.0601	Outdoor Education.	arts-entertainment-design,hospitality-events-tourism	arts-entertainment-design/performing-arts,hospitality-events-tourism/travel-leisure	2	Outdoor Education.
philosophy-and-religious-studies-general	38.0001	Philosophy and Religious Studies, General.	education	education/teaching-training-facilitation	1	Philosophy and Religious Studies, General.
philosophy	38.0101	Philosophy.	education	education/teaching-training-facilitation	1	Philosophy.
logic	38.0102	Logic.	education,management-entrepreneurship	education/teaching-training-facilitation,management-entrepreneurship/business-information-management,management-entrepreneurship/leadership-operations	3	Logic.
ethics	38.0103	Ethics.	education	education/teaching-training-facilitation	1	Ethics.
applied-and-professional-ethics	38.0104	Applied and Professional Ethics.	education	education/teaching-training-facilitation	1	Applied and Professional Ethics.
philosophy-other	38.0199	Philosophy, Other.	education	education/teaching-training-facilitation	1	Philosophy, Other.
religionreligious-studies	38.0201	Religion/Religious Studies.	education	education/teaching-training-facilitation	1	Religion/Religious Studies.
buddhist-studies	38.0202	Buddhist Studies.	education	education/teaching-training-facilitation	1	Buddhist Studies.
christian-studies	38.0203	Christian Studies.	education	education/teaching-training-facilitation	1	Christian Studies.
hindu-studies	38.0204	Hindu Studies.	education	education/teaching-training-facilitation	1	Hindu Studies.
islamic-studies	38.0205	Islamic Studies.	education	education/teaching-training-facilitation	1	Islamic Studies.
jewishjudaic-studies	38.0206	Jewish/Judaic Studies.	education	education/teaching-training-facilitation	1	Jewish/Judaic Studies.
talmudic-studies	38.0207	Talmudic Studies.	education	education/teaching-training-facilitation	1	Talmudic Studies.
catholic-studies	38.0208	Catholic Studies.	education	education/teaching-training-facilitation	1	Catholic Studies.
mormon-studies	38.0209	Mormon Studies.	education	education/teaching-training-facilitation	1	Mormon Studies.
philosophy-and-religious-studies-other	38.9999	Philosophy and Religious Studies, Other.	education	education/teaching-training-facilitation	1	Philosophy and Religious Studies, Other.
biblebiblical-studies	39.0201	Bible/Biblical Studies.	education,healthcare-human-services	education/teaching-training-facilitation,healthcare-human-services/community-social-services	2	Bible/Biblical Studies.
missionsmissionary-studies	39.0301	Missions/Missionary Studies.	education,healthcare-human-services	education/teaching-training-facilitation,healthcare-human-services/community-social-services	2	Missions/Missionary Studies.
church-planting	39.0302	Church Planting.	healthcare-human-services	healthcare-human-services/community-social-services	1	Church Planting.
missionsmissionary-studies-and-missiology-other	39.0399	Missions/Missionary Studies and Missiology, Other.	healthcare-human-services	healthcare-human-services/community-social-services	1	Missions/Missionary Studies and Missiology, Other.
religious-education	39.0401	Religious Education.	education,healthcare-human-services	education/teaching-training-facilitation,healthcare-human-services/community-social-services	2	Religious Education.
religioussacred-music	39.0501	Religious/Sacred Music.	arts-entertainment-design,education	arts-entertainment-design/media-production-broadcasting,education/teaching-training-facilitation	2	Religious/Sacred Music.
worship-ministry	39.0502	Worship Ministry.	arts-entertainment-design,education,healthcare-human-services	arts-entertainment-design/media-production-broadcasting,education/teaching-training-facilitation,healthcare-human-services/community-social-services	3	Worship Ministry.
religious-music-and-worship-other	39.0599	Religious Music and Worship, Other.	healthcare-human-services	healthcare-human-services/community-social-services	2	Religious Music and Worship, Other.
theologytheological-studies	39.0601	Theology/Theological Studies.	education,healthcare-human-services	education/teaching-training-facilitation,healthcare-human-services/community-social-services	2	Theology/Theological Studies.
divinityministry	39.0602	Divinity/Ministry.	education,healthcare-human-services	education/teaching-training-facilitation,healthcare-human-services/community-social-services	2	Divinity/Ministry.
pre-theologypre-ministerial-studies	39.0604	Pre-Theology/Pre-Ministerial Studies.	education,healthcare-human-services	education/teaching-training-facilitation,healthcare-human-services/community-social-services	2	Pre-Theology/Pre-Ministerial Studies.
rabbinical-studies	39.0605	Rabbinical Studies.	education,healthcare-human-services	education/teaching-training-facilitation,healthcare-human-services/community-social-services	2	Rabbinical Studies.
theological-and-ministerial-studies-other	39.0699	Theological and Ministerial Studies, Other.	education,healthcare-human-services	education/teaching-training-facilitation,healthcare-human-services/community-social-services	3	Theological and Ministerial Studies, Other.
pastoral-studiescounseling	39.0701	Pastoral Studies/Counseling.	education,healthcare-human-services	education/teaching-training-facilitation,healthcare-human-services/behavioral-mental-health,healthcare-human-services/community-social-services	6	Pastoral Studies/Counseling.
youth-ministry	39.0702	Youth Ministry.	healthcare-human-services	healthcare-human-services/community-social-services	2	Youth Ministry.
urban-ministry	39.0703	Urban Ministry.	education,healthcare-human-services	education/teaching-training-facilitation,healthcare-human-services/community-social-services	3	Urban Ministry.
womens-ministry	39.0704	Women's Ministry.	healthcare-human-services	healthcare-human-services/community-social-services	2	Women's Ministry.
lay-ministry	39.0705	Lay Ministry.	healthcare-human-services	healthcare-human-services/community-social-services	2	Lay Ministry.
chaplainchaplaincy-studies	39.0706	Chaplain/Chaplaincy Studies.	education,healthcare-human-services	education/teaching-training-facilitation,healthcare-human-services/community-social-services	4	Chaplain/Chaplaincy Studies.
pastoral-counseling-and-specialized-ministries-other	39.0799	Pastoral Counseling and Specialized Ministries, Other.	healthcare-human-services	healthcare-human-services/behavioral-mental-health,healthcare-human-services/community-social-services	4	Pastoral Counseling and Specialized Ministries, Other.
religious-institution-administration-and-management	39.0801	Religious Institution Administration and Management.	financial-services,management-entrepreneurship	financial-services/financial-strategy-investments,management-entrepreneurship/leadership-operations	2	Religious Institution Administration and Management.
religiouscanon-law	39.0802	Religious/Canon Law.	education,healthcare-human-services	education/teaching-training-facilitation,healthcare-human-services/community-social-services	3	Religious/Canon Law.
physical-sciences-general	40.0101	Physical Sciences, General.	education,energy-natural-resources	education/teaching-training-facilitation,energy-natural-resources/conservation-land-management,energy-natural-resources/ecological-research-development	2	Physical Sciences, General.
astronomy	40.0201	Astronomy.	education,energy-natural-resources,public-service-safety,supply-chain-transportation	education/teaching-training-facilitation,energy-natural-resources/conservation-land-management,energy-natural-resources/ecological-research-development,public-service-safety/local-state-federal-services,public-service-safety/military-national-security,supply-chain-transportation/air-space-transportation	3	Astronomy.
astrophysics	40.0202	Astrophysics.	education,energy-natural-resources,public-service-safety,supply-chain-transportation	education/teaching-training-facilitation,energy-natural-resources/conservation-land-management,energy-natural-resources/ecological-research-development,public-service-safety/local-state-federal-services,public-service-safety/military-national-security,supply-chain-transportation/air-space-transportation	4	Astrophysics.
planetary-astronomy-and-science	40.0203	Planetary Astronomy and Science.	education,energy-natural-resources,public-service-safety,supply-chain-transportation	education/teaching-training-facilitation,energy-natural-resources/conservation-land-management,energy-natural-resources/ecological-research-development,public-service-safety/local-state-federal-services,public-service-safety/military-national-security,supply-chain-transportation/air-space-transportation	3	Planetary Astronomy and Science.
astronomy-and-astrophysics-other	40.0299	Astronomy and Astrophysics, Other.	education,energy-natural-resources,public-service-safety,supply-chain-transportation	education/teaching-training-facilitation,energy-natural-resources/conservation-land-management,energy-natural-resources/ecological-research-development,public-service-safety/local-state-federal-services,public-service-safety/military-national-security,supply-chain-transportation/air-space-transportation	4	Astronomy and Astrophysics, Other.
atmospheric-sciences-and-meteorology-general	40.0401	Atmospheric Sciences and Meteorology, General.	education,energy-natural-resources,public-service-safety,supply-chain-transportation	education/teaching-training-facilitation,energy-natural-resources/conservation-land-management,energy-natural-resources/ecological-research-development,public-service-safety/local-state-federal-services,public-service-safety/military-national-security,supply-chain-transportation/air-space-transportation	4	Atmospheric Sciences and Meteorology, General.
atmospheric-chemistry-and-climatology	40.0402	Atmospheric Chemistry and Climatology.	education,energy-natural-resources,public-service-safety,supply-chain-transportation	education/teaching-training-facilitation,energy-natural-resources/conservation-land-management,energy-natural-resources/ecological-research-development,public-service-safety/local-state-federal-services,public-service-safety/military-national-security,supply-chain-transportation/air-space-transportation	3	Atmospheric Chemistry and Climatology.
atmospheric-physics-and-dynamics	40.0403	Atmospheric Physics and Dynamics.	education,energy-natural-resources,public-service-safety,supply-chain-transportation	education/teaching-training-facilitation,energy-natural-resources/conservation-land-management,energy-natural-resources/ecological-research-development,public-service-safety/local-state-federal-services,public-service-safety/military-national-security,supply-chain-transportation/air-space-transportation	3	Atmospheric Physics and Dynamics.
meteorology	40.0404	Meteorology.	education,energy-natural-resources,public-service-safety,supply-chain-transportation	education/teaching-training-facilitation,energy-natural-resources/conservation-land-management,energy-natural-resources/ecological-research-development,public-service-safety/local-state-federal-services,public-service-safety/military-national-security,supply-chain-transportation/air-space-transportation	3	Meteorology.
atmospheric-sciences-and-meteorology-other	40.0499	Atmospheric Sciences and Meteorology, Other.	education,energy-natural-resources,public-service-safety,supply-chain-transportation	education/teaching-training-facilitation,energy-natural-resources/conservation-land-management,energy-natural-resources/ecological-research-development,public-service-safety/local-state-federal-services,public-service-safety/military-national-security,supply-chain-transportation/air-space-transportation	3	Atmospheric Sciences and Meteorology, Other.
chemistry-general	40.0501	Chemistry, General.	advanced-manufacturing,agriculture,education,energy-natural-resources,public-service-safety	advanced-manufacturing/engineering,advanced-manufacturing/production-automation,agriculture/food-science-processing,education/teaching-training-facilitation,energy-natural-resources/conservation-land-management,energy-natural-resources/ecological-research-development,public-service-safety/judicial-systems	7	Chemistry, General.
analytical-chemistry	40.0502	Analytical Chemistry.	advanced-manufacturing,education,energy-natural-resources	advanced-manufacturing/engineering,advanced-manufacturing/production-automation,education/teaching-training-facilitation,energy-natural-resources/conservation-land-management,energy-natural-resources/ecological-research-development	4	Analytical Chemistry.
inorganic-chemistry	40.0503	Inorganic Chemistry.	advanced-manufacturing,education,energy-natural-resources	advanced-manufacturing/engineering,advanced-manufacturing/production-automation,education/teaching-training-facilitation,energy-natural-resources/conservation-land-management,energy-natural-resources/ecological-research-development	4	Inorganic Chemistry.
organic-chemistry	40.0504	Organic Chemistry.	advanced-manufacturing,education,energy-natural-resources	advanced-manufacturing/engineering,advanced-manufacturing/production-automation,education/teaching-training-facilitation,energy-natural-resources/conservation-land-management,energy-natural-resources/ecological-research-development	4	Organic Chemistry.
physical-chemistry	40.0506	Physical Chemistry.	advanced-manufacturing,education,energy-natural-resources	advanced-manufacturing/engineering,education/teaching-training-facilitation,energy-natural-resources/conservation-land-management,energy-natural-resources/ecological-research-development	3	Physical Chemistry.
polymer-chemistry	40.0507	Polymer Chemistry.	advanced-manufacturing,education,energy-natural-resources	advanced-manufacturing/engineering,education/teaching-training-facilitation,energy-natural-resources/conservation-land-management,energy-natural-resources/ecological-research-development	3	Polymer Chemistry.
chemical-physics	40.0508	Chemical Physics.	advanced-manufacturing,education,energy-natural-resources	advanced-manufacturing/engineering,education/teaching-training-facilitation,energy-natural-resources/conservation-land-management,energy-natural-resources/ecological-research-development	4	Chemical Physics.
environmental-chemistry	40.0509	Environmental Chemistry.	advanced-manufacturing,education,energy-natural-resources,healthcare-human-services,public-service-safety	advanced-manufacturing/engineering,advanced-manufacturing/production-automation,education/teaching-training-facilitation,energy-natural-resources/conservation-land-management,energy-natural-resources/ecological-research-development,healthcare-human-services/biotechnology-research-development,public-service-safety/local-state-federal-services	7	Environmental Chemistry.
forensic-chemistry	40.0510	Forensic Chemistry.	advanced-manufacturing,education,public-service-safety	advanced-manufacturing/engineering,education/teaching-training-facilitation,public-service-safety/judicial-systems	3	Forensic Chemistry.
theoretical-chemistry	40.0511	Theoretical Chemistry.	advanced-manufacturing,education	advanced-manufacturing/engineering,education/teaching-training-facilitation	2	Theoretical Chemistry.
cheminformaticschemistry-informatics	40.0512	Cheminformatics/Chemistry Informatics.	advanced-manufacturing,digital-technology,education,energy-natural-resources	advanced-manufacturing/engineering,digital-technology/data-science-ai,education/teaching-training-facilitation,energy-natural-resources/conservation-land-management,energy-natural-resources/ecological-research-development	6	Cheminformatics/Chemistry Informatics.
chemistry-other	40.0599	Chemistry, Other.	advanced-manufacturing,education,energy-natural-resources	advanced-manufacturing/engineering,education/teaching-training-facilitation,energy-natural-resources/conservation-land-management,energy-natural-resources/ecological-research-development	3	Chemistry, Other.
geologyearth-science-general	40.0601	Geology/Earth Science, General.	agriculture,education,energy-natural-resources,public-service-safety	agriculture/water-systems,education/teaching-training-facilitation,energy-natural-resources/conservation-land-management,energy-natural-resources/ecological-research-development,energy-natural-resources/resource-extraction,public-service-safety/local-state-federal-services	5	Geology/Earth Science, General.
geochemistry	40.0602	Geochemistry.	education,energy-natural-resources	education/teaching-training-facilitation,energy-natural-resources/conservation-land-management,energy-natural-resources/ecological-research-development,energy-natural-resources/resource-extraction	4	Geochemistry.
geophysics-and-seismology	40.0603	Geophysics and Seismology.	education,energy-natural-resources	education/teaching-training-facilitation,energy-natural-resources/conservation-land-management,energy-natural-resources/ecological-research-development,energy-natural-resources/resource-extraction	3	Geophysics and Seismology.
paleontology	40.0604	Paleontology.	education,energy-natural-resources	education/teaching-training-facilitation,energy-natural-resources/conservation-land-management,energy-natural-resources/ecological-research-development,energy-natural-resources/resource-extraction	3	Paleontology.
hydrology-and-water-resources-science	40.0605	Hydrology and Water Resources Science.	agriculture,education,energy-natural-resources	agriculture/water-systems,education/teaching-training-facilitation,energy-natural-resources/conservation-land-management,energy-natural-resources/ecological-research-development,energy-natural-resources/environmental-protection,energy-natural-resources/resource-extraction	4	Hydrology and Water Resources Science.
geochemistry-and-petrology	40.0606	Geochemistry and Petrology.	education,energy-natural-resources	education/teaching-training-facilitation,energy-natural-resources/resource-extraction	2	Geochemistry and Petrology.
oceanography-chemical-and-physical	40.0607	Oceanography, Chemical and Physical.	agriculture,education,energy-natural-resources	agriculture/water-systems,education/teaching-training-facilitation,energy-natural-resources/conservation-land-management,energy-natural-resources/ecological-research-development,energy-natural-resources/resource-extraction	4	Oceanography, Chemical and Physical.
geological-and-earth-sciencesgeosciences-other	40.0699	Geological and Earth Sciences/Geosciences, Other.	education,energy-natural-resources	education/teaching-training-facilitation,energy-natural-resources/conservation-land-management,energy-natural-resources/ecological-research-development,energy-natural-resources/resource-extraction	3	Geological and Earth Sciences/Geosciences, Other.
physics-general	40.0801	Physics, General.	education,energy-natural-resources,public-service-safety	education/teaching-training-facilitation,energy-natural-resources/conservation-land-management,energy-natural-resources/ecological-research-development,public-service-safety/local-state-federal-services,public-service-safety/military-national-security	4	Physics, General.
atomicmolecular-physics	40.0802	Atomic/Molecular Physics.	advanced-manufacturing,education,energy-natural-resources,public-service-safety	advanced-manufacturing/engineering,education/teaching-training-facilitation,energy-natural-resources/conservation-land-management,energy-natural-resources/ecological-research-development,public-service-safety/local-state-federal-services,public-service-safety/military-national-security	3	Atomic/Molecular Physics.
elementary-particle-physics	40.0804	Elementary Particle Physics.	advanced-manufacturing,education,energy-natural-resources,public-service-safety	advanced-manufacturing/engineering,education/teaching-training-facilitation,energy-natural-resources/conservation-land-management,energy-natural-resources/ecological-research-development,public-service-safety/local-state-federal-services,public-service-safety/military-national-security	3	Elementary Particle Physics.
plasma-and-high-temperature-physics	40.0805	Plasma and High-Temperature Physics.	advanced-manufacturing,education,energy-natural-resources,public-service-safety	advanced-manufacturing/engineering,education/teaching-training-facilitation,energy-natural-resources/conservation-land-management,energy-natural-resources/ecological-research-development,public-service-safety/local-state-federal-services,public-service-safety/military-national-security	3	Plasma and High-Temperature Physics.
nuclear-physics	40.0806	Nuclear Physics.	advanced-manufacturing,education,energy-natural-resources	advanced-manufacturing/engineering,education/teaching-training-facilitation,energy-natural-resources/clean-alternative-energy,energy-natural-resources/conservation-land-management,energy-natural-resources/ecological-research-development	3	Nuclear Physics.
opticsoptical-sciences	40.0807	Optics/Optical Sciences.	advanced-manufacturing,education,energy-natural-resources,public-service-safety	advanced-manufacturing/engineering,education/teaching-training-facilitation,energy-natural-resources/conservation-land-management,energy-natural-resources/ecological-research-development,public-service-safety/local-state-federal-services,public-service-safety/military-national-security	3	Optics/Optical Sciences.
condensed-matter-and-materials-physics	40.0808	Condensed Matter and Materials Physics.	advanced-manufacturing,education,energy-natural-resources,public-service-safety	advanced-manufacturing/engineering,education/teaching-training-facilitation,energy-natural-resources/conservation-land-management,energy-natural-resources/ecological-research-development,public-service-safety/local-state-federal-services,public-service-safety/military-national-security	3	Condensed Matter and Materials Physics.
acoustics	40.0809	Acoustics.	advanced-manufacturing,education,energy-natural-resources,public-service-safety	advanced-manufacturing/engineering,education/teaching-training-facilitation,energy-natural-resources/conservation-land-management,energy-natural-resources/ecological-research-development,public-service-safety/local-state-federal-services,public-service-safety/military-national-security	3	Acoustics.
theoretical-and-mathematical-physics	40.0810	Theoretical and Mathematical Physics.	advanced-manufacturing,education,energy-natural-resources,public-service-safety	advanced-manufacturing/engineering,education/teaching-training-facilitation,energy-natural-resources/conservation-land-management,energy-natural-resources/ecological-research-development,public-service-safety/local-state-federal-services,public-service-safety/military-national-security	3	Theoretical and Mathematical Physics.
physics-other	40.0899	Physics, Other.	advanced-manufacturing,education,energy-natural-resources,public-service-safety	advanced-manufacturing/engineering,education/teaching-training-facilitation,energy-natural-resources/conservation-land-management,energy-natural-resources/ecological-research-development,public-service-safety/local-state-federal-services,public-service-safety/military-national-security	3	Physics, Other.
materials-science	40.1001	Materials Science.	advanced-manufacturing,education	advanced-manufacturing/engineering,education/teaching-training-facilitation	4	Materials Science.
materials-chemistry	40.1002	Materials Chemistry.	advanced-manufacturing,education,energy-natural-resources	advanced-manufacturing/engineering,education/teaching-training-facilitation,energy-natural-resources/conservation-land-management,energy-natural-resources/ecological-research-development	5	Materials Chemistry.
materials-sciences-other	40.1099	Materials Sciences, Other.	advanced-manufacturing,education,energy-natural-resources	advanced-manufacturing/engineering,education/teaching-training-facilitation,energy-natural-resources/conservation-land-management,energy-natural-resources/ecological-research-development	3	Materials Sciences, Other.
physics-and-astronomy	40.1101	Physics and Astronomy.	advanced-manufacturing,education,energy-natural-resources,public-service-safety	advanced-manufacturing/engineering,education/teaching-training-facilitation,energy-natural-resources/conservation-land-management,energy-natural-resources/ecological-research-development,public-service-safety/local-state-federal-services,public-service-safety/military-national-security	5	Physics and Astronomy.
physical-sciences-other	40.9999	Physical Sciences, Other.	advanced-manufacturing,education,energy-natural-resources	advanced-manufacturing/engineering,education/teaching-training-facilitation,energy-natural-resources/conservation-land-management,energy-natural-resources/ecological-research-development	3	Physical Sciences, Other.
science-technologiestechnicians-general	41.0000	Science Technologies/Technicians, General.	agriculture,education,energy-natural-resources,public-service-safety	agriculture/water-systems,education/teaching-training-facilitation,energy-natural-resources/ecological-research-development,energy-natural-resources/environmental-protection,public-service-safety/local-state-federal-services	3	Science Technologies/Technicians, General.
biologybiotechnology-technologytechnician	41.0101	Biology/Biotechnology Technology/Technician.	healthcare-human-services	healthcare-human-services/biotechnology-research-development	1	Biology/Biotechnology Technology/Technician.
industrial-radiologic-technologytechnician	41.0204	Industrial Radiologic Technology/Technician.	advanced-manufacturing,energy-natural-resources,public-service-safety	advanced-manufacturing/engineering,energy-natural-resources/clean-alternative-energy,public-service-safety/military-national-security	1	Industrial Radiologic Technology/Technician.
nuclearnuclear-power-technologytechnician	41.0205	Nuclear/Nuclear Power Technology/Technician.	advanced-manufacturing,energy-natural-resources	advanced-manufacturing/engineering,energy-natural-resources/clean-alternative-energy	2	Nuclear/Nuclear Power Technology/Technician.
nuclear-and-industrial-radiologic-technologiestechnicians-other	41.0299	Nuclear and Industrial Radiologic Technologies/Technicians, Other.	advanced-manufacturing,energy-natural-resources	advanced-manufacturing/engineering,energy-natural-resources/clean-alternative-energy	1	Nuclear and Industrial Radiologic Technologies/Technicians, Other.
chemical-technologytechnician	41.0301	Chemical Technology/Technician.	advanced-manufacturing	advanced-manufacturing/engineering,advanced-manufacturing/production-automation	3	Chemical Technology/Technician.
chemical-process-technology	41.0303	Chemical Process Technology.	advanced-manufacturing,education	advanced-manufacturing/engineering,advanced-manufacturing/production-automation,education/teaching-training-facilitation	4	Chemical Process Technology.
physical-science-technologiestechnicians-other	41.0399	Physical Science Technologies/Technicians, Other.	agriculture,education,energy-natural-resources,public-service-safety	agriculture/water-systems,education/teaching-training-facilitation,energy-natural-resources/conservation-land-management,energy-natural-resources/ecological-research-development,energy-natural-resources/environmental-protection,public-service-safety/local-state-federal-services	4	Physical Science Technologies/Technicians, Other.
science-technologiestechnicians-other	41.9999	Science Technologies/Technicians, Other.	agriculture,education,energy-natural-resources,public-service-safety	agriculture/water-systems,education/teaching-training-facilitation,energy-natural-resources/ecological-research-development,energy-natural-resources/environmental-protection,energy-natural-resources/resource-extraction,public-service-safety/local-state-federal-services	4	Science Technologies/Technicians, Other.
psychology-general	42.0101	Psychology, General.	education,healthcare-human-services,management-entrepreneurship	education/teaching-training-facilitation,healthcare-human-services/behavioral-mental-health,management-entrepreneurship/leadership-operations	6	Psychology, General.
cognitive-psychology-and-psycholinguistics	42.2701	Cognitive Psychology and Psycholinguistics.	education,healthcare-human-services,management-entrepreneurship	education/teaching-training-facilitation,healthcare-human-services/behavioral-mental-health,management-entrepreneurship/leadership-operations	3	Cognitive Psychology and Psycholinguistics.
comparative-psychology	42.2702	Comparative Psychology.	education,healthcare-human-services,management-entrepreneurship	education/teaching-training-facilitation,healthcare-human-services/behavioral-mental-health,management-entrepreneurship/leadership-operations	3	Comparative Psychology.
developmental-and-child-psychology	42.2703	Developmental and Child Psychology.	education,healthcare-human-services,management-entrepreneurship	education/learner-support-community-engagement,education/teaching-training-facilitation,healthcare-human-services/behavioral-mental-health,healthcare-human-services/community-social-services,management-entrepreneurship/leadership-operations	4	Developmental and Child Psychology.
experimental-psychology	42.2704	Experimental Psychology.	education,healthcare-human-services,management-entrepreneurship	education/teaching-training-facilitation,healthcare-human-services/behavioral-mental-health,management-entrepreneurship/leadership-operations	3	Experimental Psychology.
personality-psychology	42.2705	Personality Psychology.	education,healthcare-human-services,management-entrepreneurship	education/teaching-training-facilitation,healthcare-human-services/behavioral-mental-health,management-entrepreneurship/leadership-operations	3	Personality Psychology.
behavioral-neuroscience	42.2706	Behavioral Neuroscience.	education,energy-natural-resources,healthcare-human-services,management-entrepreneurship	education/teaching-training-facilitation,energy-natural-resources/ecological-research-development,healthcare-human-services/behavioral-mental-health,healthcare-human-services/biotechnology-research-development,management-entrepreneurship/leadership-operations	5	Behavioral Neuroscience.
social-psychology	42.2707	Social Psychology.	education,healthcare-human-services,management-entrepreneurship	education/teaching-training-facilitation,healthcare-human-services/behavioral-mental-health,management-entrepreneurship/leadership-operations	3	Social Psychology.
psychometrics-and-quantitative-psychology	42.2708	Psychometrics and Quantitative Psychology.	education,healthcare-human-services,management-entrepreneurship	education/teaching-training-facilitation,healthcare-human-services/behavioral-mental-health,management-entrepreneurship/leadership-operations	5	Psychometrics and Quantitative Psychology.
psychopharmacology	42.2709	Psychopharmacology.	education,healthcare-human-services,management-entrepreneurship	education/teaching-training-facilitation,healthcare-human-services/behavioral-mental-health,healthcare-human-services/biotechnology-research-development,management-entrepreneurship/leadership-operations	4	Psychopharmacology.
developmental-and-adolescent-psychology	42.2710	Developmental and Adolescent Psychology.	education,healthcare-human-services,management-entrepreneurship	education/learner-support-community-engagement,education/teaching-training-facilitation,healthcare-human-services/community-social-services,management-entrepreneurship/leadership-operations	3	Developmental and Adolescent Psychology.
research-and-experimental-psychology-other	42.2799	Research and Experimental Psychology, Other.	education,healthcare-human-services,management-entrepreneurship	education/teaching-training-facilitation,healthcare-human-services/behavioral-mental-health,management-entrepreneurship/leadership-operations	3	Research and Experimental Psychology, Other.
clinical-psychology	42.2801	Clinical Psychology.	education,healthcare-human-services,management-entrepreneurship	education/teaching-training-facilitation,healthcare-human-services/behavioral-mental-health,management-entrepreneurship/leadership-operations	3	Clinical Psychology.
community-psychology	42.2802	Community Psychology.	education,healthcare-human-services,management-entrepreneurship	education/teaching-training-facilitation,healthcare-human-services/behavioral-mental-health,management-entrepreneurship/leadership-operations	3	Community Psychology.
counseling-psychology	42.2803	Counseling Psychology.	education,healthcare-human-services,management-entrepreneurship	education/teaching-training-facilitation,healthcare-human-services/behavioral-mental-health,management-entrepreneurship/leadership-operations	5	Counseling Psychology.
industrial-and-organizational-psychology	42.2804	Industrial and Organizational Psychology.	education,management-entrepreneurship	education/teaching-training-facilitation,management-entrepreneurship/business-information-management,management-entrepreneurship/leadership-operations	8	Industrial and Organizational Psychology.
school-psychology	42.2805	School Psychology.	education,healthcare-human-services,management-entrepreneurship	education/learner-support-community-engagement,education/teaching-training-facilitation,healthcare-human-services/community-social-services,management-entrepreneurship/leadership-operations	4	School Psychology.
educational-psychology	42.2806	Educational Psychology.	education,healthcare-human-services,management-entrepreneurship	education/learner-support-community-engagement,education/teaching-training-facilitation,healthcare-human-services/behavioral-mental-health,management-entrepreneurship/leadership-operations	4	Educational Psychology.
clinical-child-psychology	42.2807	Clinical Child Psychology.	education,healthcare-human-services,management-entrepreneurship	education/teaching-training-facilitation,healthcare-human-services/behavioral-mental-health,management-entrepreneurship/leadership-operations	4	Clinical Child Psychology.
environmental-psychology	42.2808	Environmental Psychology.	education,healthcare-human-services,management-entrepreneurship	education/teaching-training-facilitation,healthcare-human-services/behavioral-mental-health,management-entrepreneurship/leadership-operations	3	Environmental Psychology.
geropsychology	42.2809	Geropsychology.	education,healthcare-human-services,management-entrepreneurship	education/teaching-training-facilitation,healthcare-human-services/behavioral-mental-health,management-entrepreneurship/leadership-operations	3	Geropsychology.
healthmedical-psychology	42.2810	Health/Medical Psychology.	education,healthcare-human-services,management-entrepreneurship	education/teaching-training-facilitation,healthcare-human-services/behavioral-mental-health,management-entrepreneurship/leadership-operations	4	Health/Medical Psychology.
family-psychology	42.2811	Family Psychology.	education,healthcare-human-services,management-entrepreneurship	education/teaching-training-facilitation,healthcare-human-services/behavioral-mental-health,management-entrepreneurship/leadership-operations	4	Family Psychology.
forensic-psychology	42.2812	Forensic Psychology.	education,healthcare-human-services,management-entrepreneurship	education/teaching-training-facilitation,healthcare-human-services/behavioral-mental-health,management-entrepreneurship/leadership-operations	3	Forensic Psychology.
applied-psychology	42.2813	Applied Psychology.	education,healthcare-human-services,management-entrepreneurship	education/teaching-training-facilitation,healthcare-human-services/behavioral-mental-health,management-entrepreneurship/leadership-operations	3	Applied Psychology.
applied-behavior-analysis	42.2814	Applied Behavior Analysis.	education,healthcare-human-services,management-entrepreneurship	education/teaching-training-facilitation,healthcare-human-services/behavioral-mental-health,management-entrepreneurship/leadership-operations	4	Applied Behavior Analysis.
performance-and-sport-psychology	42.2815	Performance and Sport Psychology.	arts-entertainment-design,education,healthcare-human-services	arts-entertainment-design/performing-arts,education/teaching-training-facilitation,healthcare-human-services/behavioral-mental-health	3	Performance and Sport Psychology.
somatic-psychology	42.2816	Somatic Psychology.	education,healthcare-human-services	education/teaching-training-facilitation,healthcare-human-services/behavioral-mental-health	2	Somatic Psychology.
transpersonalspiritual-psychology	42.2817	Transpersonal/Spiritual Psychology.	education,healthcare-human-services	education/teaching-training-facilitation,healthcare-human-services/behavioral-mental-health	2	Transpersonal/Spiritual Psychology.
clinical-counseling-and-applied-psychology-other	42.2899	Clinical, Counseling and Applied Psychology, Other.	education,healthcare-human-services,management-entrepreneurship	education/teaching-training-facilitation,healthcare-human-services/behavioral-mental-health,management-entrepreneurship/leadership-operations	3	Clinical, Counseling and Applied Psychology, Other.
psychology-other	42.9999	Psychology, Other.	education,healthcare-human-services,management-entrepreneurship	education/teaching-training-facilitation,healthcare-human-services/behavioral-mental-health,management-entrepreneurship/leadership-operations	3	Psychology, Other.
criminal-justice-and-corrections-general	43.0100	Criminal Justice and Corrections, General.	education,management-entrepreneurship,public-service-safety	education/teaching-training-facilitation,management-entrepreneurship/leadership-operations,public-service-safety/judicial-systems,public-service-safety/public-safety	9	Criminal Justice and Corrections, General.
corrections	43.0102	Corrections.	education,public-service-safety	education/teaching-training-facilitation,public-service-safety/public-safety	4	Corrections.
criminal-justicelaw-enforcement-administration	43.0103	Criminal Justice/Law Enforcement Administration.	education,management-entrepreneurship,public-service-safety	education/teaching-training-facilitation,management-entrepreneurship/leadership-operations,public-service-safety/public-safety	3	Criminal Justice/Law Enforcement Administration.
criminal-justicesafety-studies	43.0104	Criminal Justice/Safety Studies.	education,public-service-safety	education/teaching-training-facilitation,public-service-safety/public-safety	4	Criminal Justice/Safety Studies.
criminal-justicepolice-science	43.0107	Criminal Justice/Police Science.	education,public-service-safety	education/teaching-training-facilitation,public-service-safety/public-safety	5	Criminal Justice/Police Science.
security-and-loss-prevention-services	43.0109	Security and Loss Prevention Services.	education,public-service-safety	education/teaching-training-facilitation,public-service-safety/public-safety	5	Security and Loss Prevention Services.
juvenile-corrections	43.0110	Juvenile Corrections.	education,healthcare-human-services,public-service-safety	education/learner-support-community-engagement,education/teaching-training-facilitation,healthcare-human-services/community-social-services,public-service-safety/public-safety	3	Juvenile Corrections.
securities-services-administrationmanagement	43.0112	Securities Services Administration/Management.	education,public-service-safety	education/teaching-training-facilitation,public-service-safety/public-safety	3	Securities Services Administration/Management.
corrections-administration	43.0113	Corrections Administration.	education,public-service-safety	education/teaching-training-facilitation,public-service-safety/public-safety	2	Corrections Administration.
law-enforcement-investigation-and-interviewing	43.0114	Law Enforcement Investigation and Interviewing.	education,public-service-safety	education/teaching-training-facilitation,public-service-safety/public-safety	3	Law Enforcement Investigation and Interviewing.
law-enforcement-record-keeping-and-evidence-management	43.0115	Law Enforcement Record-Keeping and Evidence Management.	education,management-entrepreneurship,public-service-safety	education/teaching-training-facilitation,management-entrepreneurship/leadership-operations,public-service-safety/public-safety	6	Law Enforcement Record-Keeping and Evidence Management.
critical-incident-responsespecial-police-operations	43.0119	Critical Incident Response/Special Police Operations.	education,public-service-safety	education/teaching-training-facilitation,public-service-safety/emergency-response,public-service-safety/public-safety	4	Critical Incident Response/Special Police Operations.
protective-services-operations	43.0120	Protective Services Operations.	education,public-service-safety	education/teaching-training-facilitation,public-service-safety/emergency-response,public-service-safety/public-safety	5	Protective Services Operations.
suspension-and-debarment-investigation	43.0121	Suspension and Debarment Investigation.	education,financial-services,public-service-safety	education/teaching-training-facilitation,financial-services/banking-credit,financial-services/insurance,public-service-safety/public-safety	4	Suspension and Debarment Investigation.
maritime-law-enforcement	43.0122	Maritime Law Enforcement.	education,public-service-safety	education/teaching-training-facilitation,public-service-safety/public-safety	5	Maritime Law Enforcement.
culturalarchaelogical-resources-protection	43.0123	Cultural/Archaelogical Resources Protection.	education,public-service-safety	education/teaching-training-facilitation,public-service-safety/local-state-federal-services,public-service-safety/public-safety	5	Cultural/Archaelogical Resources Protection.
corrections-and-criminal-justice-other	43.0199	Corrections and Criminal Justice, Other.	education,public-service-safety	education/teaching-training-facilitation,public-service-safety/public-safety	2	Corrections and Criminal Justice, Other.
fire-prevention-and-safety-technologytechnician	43.0201	Fire Prevention and Safety Technology/Technician.	public-service-safety	public-service-safety/emergency-response,public-service-safety/public-safety	3	Fire Prevention and Safety Technology/Technician.
fire-services-administration	43.0202	Fire Services Administration.	education,management-entrepreneurship,public-service-safety	education/teaching-training-facilitation,management-entrepreneurship/leadership-operations,public-service-safety/emergency-response	3	Fire Services Administration.
fire-sciencefire-fighting	43.0203	Fire Science/Fire-fighting.	public-service-safety	public-service-safety/emergency-response,public-service-safety/public-safety	4	Fire Science/Fire-fighting.
firearson-investigation-and-prevention	43.0205	Fire/Arson Investigation and Prevention.	public-service-safety	public-service-safety/emergency-response,public-service-safety/public-safety	2	Fire/Arson Investigation and Prevention.
wildlandforest-firefighting-and-investigation	43.0206	Wildland/Forest Firefighting and Investigation.	public-service-safety	public-service-safety/emergency-response,public-service-safety/public-safety	2	Wildland/Forest Firefighting and Investigation.
fire-protection-other	43.0299	Fire Protection, Other.	public-service-safety	public-service-safety/emergency-response	2	Fire Protection, Other.
homeland-security	43.0301	Homeland Security.	management-entrepreneurship,public-service-safety	management-entrepreneurship/leadership-operations,public-service-safety/emergency-response,public-service-safety/public-safety	3	Homeland Security.
crisisemergencydisaster-management	43.0302	Crisis/Emergency/Disaster Management.	management-entrepreneurship,public-service-safety	management-entrepreneurship/leadership-operations,public-service-safety/emergency-response,public-service-safety/public-safety	3	Crisis/Emergency/Disaster Management.
critical-infrastructure-protection	43.0303	Critical Infrastructure Protection.	management-entrepreneurship,public-service-safety	management-entrepreneurship/leadership-operations,public-service-safety/emergency-response,public-service-safety/public-safety	3	Critical Infrastructure Protection.
terrorism-and-counterterrorism-operations	43.0304	Terrorism and Counterterrorism Operations.	education,management-entrepreneurship,public-service-safety	education/teaching-training-facilitation,management-entrepreneurship/leadership-operations,public-service-safety/emergency-response,public-service-safety/military-national-security,public-service-safety/public-safety	7	Terrorism and Counterterrorism Operations.
homeland-security-other	43.0399	Homeland Security, Other.	education,public-service-safety	education/teaching-training-facilitation,public-service-safety/military-national-security,public-service-safety/public-safety	3	Homeland Security, Other.
security-science-and-technology-general	43.0401	Security Science and Technology, General.	education,public-service-safety	education/teaching-training-facilitation,public-service-safety/public-safety	4	Security Science and Technology, General.
criminalistics-and-criminal-science	43.0402	Criminalistics and Criminal Science.	education,public-service-safety	education/teaching-training-facilitation,public-service-safety/judicial-systems,public-service-safety/public-safety	5	Criminalistics and Criminal Science.
cybercomputer-forensics-and-counterterrorism	43.0403	Cyber/Computer Forensics and Counterterrorism.	digital-technology,education,public-service-safety	digital-technology/data-science-ai,digital-technology/network-systems-cybersecurity,education/teaching-training-facilitation,public-service-safety/military-national-security,public-service-safety/public-safety	5	Cyber/Computer Forensics and Counterterrorism.
cybersecurity-defense-strategypolicy	43.0404	Cybersecurity Defense Strategy/Policy.	education,management-entrepreneurship,public-service-safety	education/teaching-training-facilitation,management-entrepreneurship/leadership-operations,public-service-safety/military-national-security,public-service-safety/public-safety	6	Cybersecurity Defense Strategy/Policy.
financial-forensics-and-fraud-investigation	43.0405	Financial Forensics and Fraud Investigation.	education,financial-services,public-service-safety	education/teaching-training-facilitation,financial-services/accounting,financial-services/banking-credit,public-service-safety/public-safety	5	Financial Forensics and Fraud Investigation.
forensic-science-and-technology	43.0406	Forensic Science and Technology.	education,public-service-safety	education/teaching-training-facilitation,public-service-safety/judicial-systems	3	Forensic Science and Technology.
geospatial-intelligence	43.0407	Geospatial Intelligence.	education,energy-natural-resources,public-service-safety	education/teaching-training-facilitation,energy-natural-resources/conservation-land-management,energy-natural-resources/resource-extraction,public-service-safety/local-state-federal-services,public-service-safety/military-national-security,public-service-safety/public-safety	8	Geospatial Intelligence.
law-enforcement-intelligence-analysis	43.0408	Law Enforcement Intelligence Analysis.	education,public-service-safety	education/teaching-training-facilitation,public-service-safety/public-safety	2	Law Enforcement Intelligence Analysis.
security-science-and-technology-other	43.0499	Security Science and Technology, Other.	education,public-service-safety	education/teaching-training-facilitation,public-service-safety/public-safety	3	Security Science and Technology, Other.
human-services-general	44.0000	Human Services, General.	healthcare-human-services	healthcare-human-services/community-social-services	3	Human Services, General.
community-organization-and-advocacy	44.0201	Community Organization and Advocacy.	healthcare-human-services,public-service-safety	healthcare-human-services/community-social-services,public-service-safety/local-state-federal-services	3	Community Organization and Advocacy.
public-administration	44.0401	Public Administration.	healthcare-human-services,management-entrepreneurship,public-service-safety,supply-chain-transportation	healthcare-human-services/community-social-services,management-entrepreneurship/leadership-operations,public-service-safety/local-state-federal-services,supply-chain-transportation/planning-logistics	7	Public Administration.
public-works-management	44.0402	Public Works Management.	construction,management-entrepreneurship	construction/construction-planning-development,management-entrepreneurship/leadership-operations	2	Public Works Management.
transportation-and-infrastructure-planningstudies	44.0403	Transportation and Infrastructure Planning/Studies.	construction,public-service-safety,supply-chain-transportation	construction/construction-planning-development,public-service-safety/local-state-federal-services,supply-chain-transportation/maintenance-repair,supply-chain-transportation/planning-logistics	3	Transportation and Infrastructure Planning/Studies.
public-administration-other	44.0499	Public Administration, Other.	management-entrepreneurship	management-entrepreneurship/leadership-operations	1	Public Administration, Other.
public-policy-analysis-general	44.0501	Public Policy Analysis, General.	education,public-service-safety	education/teaching-training-facilitation,public-service-safety/local-state-federal-services	4	Public Policy Analysis, General.
education-policy-analysis	44.0502	Education Policy Analysis.	education,public-service-safety	education/education-administration-leadership,education/teaching-training-facilitation,public-service-safety/local-state-federal-services	4	Education Policy Analysis.
health-policy-analysis	44.0503	Health Policy Analysis.	education,healthcare-human-services,public-service-safety	education/teaching-training-facilitation,healthcare-human-services/health-data-administration,public-service-safety/local-state-federal-services	4	Health Policy Analysis.
international-policy-analysis	44.0504	International Policy Analysis.	education,public-service-safety	education/teaching-training-facilitation,public-service-safety/local-state-federal-services	3	International Policy Analysis.
social-work	44.0701	Social Work.	education,healthcare-human-services,public-service-safety	education/learner-support-community-engagement,education/teaching-training-facilitation,healthcare-human-services/behavioral-mental-health,healthcare-human-services/community-social-services,public-service-safety/public-safety	9	Social Work.
youth-servicesadministration	44.0702	Youth Services/Administration.	education,healthcare-human-services	education/learner-support-community-engagement,healthcare-human-services/community-social-services	2	Youth Services/Administration.
forensic-social-work	44.0703	Forensic Social Work.	education,healthcare-human-services	education/learner-support-community-engagement,education/teaching-training-facilitation,healthcare-human-services/community-social-services	5	Forensic Social Work.
social-work-other	44.0799	Social Work, Other.	education,healthcare-human-services	education/learner-support-community-engagement,education/teaching-training-facilitation,healthcare-human-services/community-social-services	6	Social Work, Other.
social-sciences-general	45.0101	Social Sciences, General.	education,management-entrepreneurship,public-service-safety	education/teaching-training-facilitation,management-entrepreneurship/leadership-operations,public-service-safety/local-state-federal-services	5	Social Sciences, General.
research-methodology-and-quantitative-methods	45.0102	Research Methodology and Quantitative Methods.	education,energy-natural-resources,healthcare-human-services,management-entrepreneurship,public-service-safety	education/teaching-training-facilitation,energy-natural-resources/ecological-research-development,healthcare-human-services/biotechnology-research-development,management-entrepreneurship/leadership-operations,public-service-safety/local-state-federal-services	5	Research Methodology and Quantitative Methods.
survey-researchmethodology	45.0103	Survey Research/Methodology.	education,management-entrepreneurship,public-service-safety	education/teaching-training-facilitation,management-entrepreneurship/leadership-operations,public-service-safety/local-state-federal-services	6	Survey Research/Methodology.
social-sciences-other	45.0199	Social Sciences, Other.	education,management-entrepreneurship,public-service-safety	education/teaching-training-facilitation,management-entrepreneurship/leadership-operations,public-service-safety/local-state-federal-services	6	Social Sciences, Other.
anthropology-general	45.0201	Anthropology, General.	education,healthcare-human-services,management-entrepreneurship	education/teaching-training-facilitation,healthcare-human-services/biotechnology-research-development,management-entrepreneurship/leadership-operations	3	Anthropology, General.
physical-and-biological-anthropology	45.0202	Physical and Biological Anthropology.	education,healthcare-human-services,management-entrepreneurship	education/teaching-training-facilitation,healthcare-human-services/biotechnology-research-development,management-entrepreneurship/leadership-operations	3	Physical and Biological Anthropology.
medical-anthropology	45.0203	Medical Anthropology.	education,healthcare-human-services,management-entrepreneurship	education/teaching-training-facilitation,healthcare-human-services/biotechnology-research-development,management-entrepreneurship/leadership-operations	3	Medical Anthropology.
cultural-anthropology	45.0204	Cultural Anthropology.	education,healthcare-human-services,management-entrepreneurship	education/teaching-training-facilitation,healthcare-human-services/biotechnology-research-development,management-entrepreneurship/leadership-operations	4	Cultural Anthropology.
forensic-anthropology	45.0205	Forensic Anthropology.	education,healthcare-human-services,management-entrepreneurship,public-service-safety	education/teaching-training-facilitation,healthcare-human-services/biotechnology-research-development,management-entrepreneurship/leadership-operations,public-service-safety/judicial-systems	5	Forensic Anthropology.
anthropology-other	45.0299	Anthropology, Other.	education,management-entrepreneurship	education/teaching-training-facilitation,management-entrepreneurship/leadership-operations	3	Anthropology, Other.
archeology	45.0301	Archeology.	education,hospitality-events-tourism,management-entrepreneurship	education/teaching-training-facilitation,hospitality-events-tourism/travel-leisure,management-entrepreneurship/leadership-operations	4	Archeology.
criminology	45.0401	Criminology.	education,healthcare-human-services,management-entrepreneurship,public-service-safety	education/teaching-training-facilitation,healthcare-human-services/behavioral-mental-health,management-entrepreneurship/leadership-operations,public-service-safety/local-state-federal-services	5	Criminology.
demography-and-population-studies	45.0501	Demography and Population Studies.	education,management-entrepreneurship,marketing-sales,public-service-safety	education/teaching-training-facilitation,management-entrepreneurship/leadership-operations,marketing-sales/market-research-analytics-ethics,public-service-safety/local-state-federal-services	4	Demography and Population Studies.
applied-demography	45.0502	Applied Demography.	education,management-entrepreneurship,marketing-sales,public-service-safety	education/teaching-training-facilitation,management-entrepreneurship/leadership-operations,marketing-sales/market-research-analytics-ethics,public-service-safety/local-state-federal-services	4	Applied Demography.
demography-other	45.0599	Demography, Other.	education,management-entrepreneurship,public-service-safety	education/teaching-training-facilitation,management-entrepreneurship/leadership-operations,public-service-safety/local-state-federal-services	4	Demography, Other.
economics-general	45.0601	Economics, General.	education,energy-natural-resources,healthcare-human-services,management-entrepreneurship,public-service-safety	education/teaching-training-facilitation,energy-natural-resources/ecological-research-development,healthcare-human-services/biotechnology-research-development,management-entrepreneurship/business-information-management,management-entrepreneurship/leadership-operations,public-service-safety/local-state-federal-services	6	Economics, General.
applied-economics	45.0602	Applied Economics.	education,energy-natural-resources,healthcare-human-services,management-entrepreneurship,marketing-sales,public-service-safety	education/teaching-training-facilitation,energy-natural-resources/ecological-research-development,healthcare-human-services/biotechnology-research-development,management-entrepreneurship/business-information-management,management-entrepreneurship/leadership-operations,marketing-sales/market-research-analytics-ethics,public-service-safety/local-state-federal-services	6	Applied Economics.
econometrics-and-quantitative-economics	45.0603	Econometrics and Quantitative Economics.	digital-technology,education,financial-services,management-entrepreneurship,public-service-safety	digital-technology/data-science-ai,education/teaching-training-facilitation,financial-services/financial-strategy-investments,management-entrepreneurship/business-information-management,management-entrepreneurship/leadership-operations,public-service-safety/local-state-federal-services	6	Econometrics and Quantitative Economics.
development-economics-and-international-development	45.0604	Development Economics and International Development.	education,management-entrepreneurship,public-service-safety	education/teaching-training-facilitation,management-entrepreneurship/business-information-management,management-entrepreneurship/leadership-operations,public-service-safety/local-state-federal-services	4	Development Economics and International Development.
international-economics	45.0605	International Economics.	education,management-entrepreneurship	education/teaching-training-facilitation,management-entrepreneurship/business-information-management,management-entrepreneurship/leadership-operations	3	International Economics.
economics-other	45.0699	Economics, Other.	education,management-entrepreneurship	education/teaching-training-facilitation,management-entrepreneurship/business-information-management,management-entrepreneurship/leadership-operations	3	Economics, Other.
geography	45.0701	Geography.	education,energy-natural-resources,management-entrepreneurship	education/teaching-training-facilitation,energy-natural-resources/utilities,management-entrepreneurship/leadership-operations	4	Geography.
geographic-information-science-and-cartography	45.0702	Geographic Information Science and Cartography.	education,energy-natural-resources,management-entrepreneurship	education/teaching-training-facilitation,energy-natural-resources/resource-extraction,energy-natural-resources/utilities,management-entrepreneurship/leadership-operations	5	Geographic Information Science and Cartography.
geography-other	45.0799	Geography, Other.	education,management-entrepreneurship	education/teaching-training-facilitation,management-entrepreneurship/leadership-operations	3	Geography, Other.
international-relations-and-affairs	45.0901	International Relations and Affairs.	education,management-entrepreneurship,public-service-safety	education/teaching-training-facilitation,management-entrepreneurship/leadership-operations,public-service-safety/local-state-federal-services	3	International Relations and Affairs.
national-security-policy-studies	45.0902	National Security Policy Studies.	education,management-entrepreneurship,public-service-safety	education/teaching-training-facilitation,management-entrepreneurship/leadership-operations,public-service-safety/local-state-federal-services,public-service-safety/military-national-security	3	National Security Policy Studies.
international-relations-and-national-security-studies-other	45.0999	International Relations and National Security Studies, Other.	education,management-entrepreneurship,public-service-safety	education/teaching-training-facilitation,management-entrepreneurship/leadership-operations,public-service-safety/local-state-federal-services,public-service-safety/military-national-security	3	International Relations and National Security Studies, Other.
political-science-and-government-general	45.1001	Political Science and Government, General.	education,management-entrepreneurship,public-service-safety	education/teaching-training-facilitation,management-entrepreneurship/leadership-operations,public-service-safety/local-state-federal-services	5	Political Science and Government, General.
american-government-and-politics-united-states	45.1002	American Government and Politics (United States).	education,management-entrepreneurship,public-service-safety	education/teaching-training-facilitation,management-entrepreneurship/leadership-operations,public-service-safety/local-state-federal-services	4	American Government and Politics (United States).
canadian-government-and-politics	45.1003	Canadian Government and Politics.	education,management-entrepreneurship,public-service-safety	education/teaching-training-facilitation,management-entrepreneurship/leadership-operations,public-service-safety/local-state-federal-services	3	Canadian Government and Politics.
political-economy	45.1004	Political Economy.	education,management-entrepreneurship,public-service-safety	education/teaching-training-facilitation,management-entrepreneurship/business-information-management,management-entrepreneurship/leadership-operations,public-service-safety/local-state-federal-services	6	Political Economy.
political-science-and-government-other	45.1099	Political Science and Government, Other.	education,management-entrepreneurship,public-service-safety	education/teaching-training-facilitation,management-entrepreneurship/leadership-operations,public-service-safety/local-state-federal-services	4	Political Science and Government, Other.
sociology-general	45.1101	Sociology, General.	education,management-entrepreneurship,public-service-safety	education/teaching-training-facilitation,management-entrepreneurship/leadership-operations,public-service-safety/local-state-federal-services	4	Sociology, General.
appliedpublic-sociology	45.1102	Applied/Public Sociology.	education,management-entrepreneurship,public-service-safety	education/teaching-training-facilitation,management-entrepreneurship/leadership-operations,public-service-safety/local-state-federal-services	4	Applied/Public Sociology.
rural-sociology	45.1103	Rural Sociology.	education,management-entrepreneurship,public-service-safety	education/teaching-training-facilitation,management-entrepreneurship/leadership-operations,public-service-safety/local-state-federal-services	4	Rural Sociology.
sociology-other	45.1199	Sociology, Other.	education,management-entrepreneurship,public-service-safety	education/teaching-training-facilitation,management-entrepreneurship/leadership-operations,public-service-safety/local-state-federal-services	4	Sociology, Other.
urban-studiesaffairs	45.1201	Urban Studies/Affairs.	construction,education,management-entrepreneurship,public-service-safety	construction/construction-planning-development,education/teaching-training-facilitation,management-entrepreneurship/leadership-operations,public-service-safety/local-state-federal-services	4	Urban Studies/Affairs.
sociology-and-anthropology	45.1301	Sociology and Anthropology.	education,management-entrepreneurship,public-service-safety	education/teaching-training-facilitation,management-entrepreneurship/leadership-operations,public-service-safety/local-state-federal-services	5	Sociology and Anthropology.
geography-and-anthropology	45.1501	Geography and Anthropology.	education,management-entrepreneurship	education/teaching-training-facilitation,management-entrepreneurship/leadership-operations	5	Geography and Anthropology.
social-sciences-other	45.9999	Social Sciences, Other.	education,management-entrepreneurship,public-service-safety	education/teaching-training-facilitation,management-entrepreneurship/leadership-operations,public-service-safety/local-state-federal-services	3	Social Sciences, Other.
construction-trades-general	46.0000	Construction Trades, General.	construction,energy-natural-resources	construction/construction-planning-development,energy-natural-resources/resource-extraction	1	Construction Trades, General.
masonmasonry	46.0101	Mason/Masonry.	construction,energy-natural-resources	construction/construction-planning-development,construction/skilled-trades,energy-natural-resources/resource-extraction	4	Mason/Masonry.
carpentrycarpenter	46.0201	Carpentry/Carpenter.	construction,energy-natural-resources	construction/construction-planning-development,construction/skilled-trades,energy-natural-resources/resource-extraction	2	Carpentry/Carpenter.
electrical-and-power-transmission-installationinstaller-general	46.0301	Electrical and Power Transmission Installation/Installer, General.	advanced-manufacturing,construction,energy-natural-resources	advanced-manufacturing/industrial-machinery,construction/equipment-operation-maintenance,energy-natural-resources/utilities	3	Electrical and Power Transmission Installation/Installer, General.
electrician	46.0302	Electrician.	construction,energy-natural-resources,supply-chain-transportation	construction/construction-planning-development,construction/skilled-trades,energy-natural-resources/resource-extraction,supply-chain-transportation/maintenance-repair	4	Electrician.
lineworker	46.0303	Lineworker.	advanced-manufacturing,construction,energy-natural-resources	advanced-manufacturing/industrial-machinery,construction/equipment-operation-maintenance,energy-natural-resources/utilities	2	Lineworker.
electrical-and-power-transmission-installers-other	46.0399	Electrical and Power Transmission Installers, Other.	energy-natural-resources	energy-natural-resources/utilities	1	Electrical and Power Transmission Installers, Other.
buildingproperty-maintenance	46.0401	Building/Property Maintenance.	construction,hospitality-events-tourism,management-entrepreneurship	construction/construction-planning-development,construction/skilled-trades,hospitality-events-tourism/accommodations,management-entrepreneurship/leadership-operations	4	Building/Property Maintenance.
concrete-finishingconcrete-finisher	46.0402	Concrete Finishing/Concrete Finisher.	construction	construction/construction-planning-development,construction/skilled-trades	2	Concrete Finishing/Concrete Finisher.
buildinghomeconstruction-inspectioninspector	46.0403	Building/Home/Construction Inspection/Inspector.	construction,energy-natural-resources,public-service-safety	construction/construction-planning-development,energy-natural-resources/resource-extraction,public-service-safety/local-state-federal-services	2	Building/Home/Construction Inspection/Inspector.
drywall-installationdrywaller	46.0404	Drywall Installation/Drywaller.	construction	construction/construction-planning-development,construction/skilled-trades	2	Drywall Installation/Drywaller.
glazier	46.0406	Glazier.	construction	construction/construction-planning-development,construction/skilled-trades	2	Glazier.
paintingpainter-and-wall-coverer	46.0408	Painting/Painter and Wall Coverer.	construction	construction/construction-planning-development,construction/skilled-trades	3	Painting/Painter and Wall Coverer.
roofer	46.0410	Roofer.	construction,energy-natural-resources	construction/construction-planning-development,construction/skilled-trades,energy-natural-resources/utilities	3	Roofer.
metal-building-assemblyassembler	46.0411	Metal Building Assembly/Assembler.	construction	construction/skilled-trades	1	Metal Building Assembly/Assembler.
buildingconstruction-site-managementmanager	46.0412	Building/Construction Site Management/Manager.	advanced-manufacturing,construction,energy-natural-resources,management-entrepreneurship	advanced-manufacturing/production-automation,construction/construction-planning-development,energy-natural-resources/resource-extraction,management-entrepreneurship/leadership-operations	3	Building/Construction Site Management/Manager.
carpet-floor-and-tile-worker	46.0413	Carpet, Floor, and Tile Worker.	construction	construction/construction-planning-development,construction/skilled-trades	6	Carpet, Floor, and Tile Worker.
insulator	46.0414	Insulator.	construction	construction/construction-planning-development,construction/skilled-trades	3	Insulator.
building-construction-technologytechnician	46.0415	Building Construction Technology/Technician.	construction,energy-natural-resources	construction/architecture-civil-engineering,construction/construction-planning-development,energy-natural-resources/resource-extraction	2	Building Construction Technology/Technician.
pipefittingpipefitter-and-sprinkler-fitter	46.0502	Pipefitting/Pipefitter and Sprinkler Fitter.	construction	construction/construction-planning-development,construction/skilled-trades	2	Pipefitting/Pipefitter and Sprinkler Fitter.
plumbing-technologyplumber	46.0503	Plumbing Technology/Plumber.	construction,energy-natural-resources	construction/construction-planning-development,construction/skilled-trades,energy-natural-resources/utilities	3	Plumbing Technology/Plumber.
well-drillingdriller	46.0504	Well Drilling/Driller.	construction,energy-natural-resources	construction/construction-planning-development,energy-natural-resources/resource-extraction	5	Well Drilling/Driller.
blastingblaster	46.0505	Blasting/Blaster.	construction,energy-natural-resources	construction/construction-planning-development,energy-natural-resources/resource-extraction	2	Blasting/Blaster.
plumbing-and-related-water-supply-services-other	46.0599	Plumbing and Related Water Supply Services, Other.	construction	construction/skilled-trades	1	Plumbing and Related Water Supply Services, Other.
mechanics-and-repairers-general	47.0000	Mechanics and Repairers, General.	advanced-manufacturing,construction	advanced-manufacturing/industrial-machinery,construction/equipment-operation-maintenance,construction/skilled-trades	2	Mechanics and Repairers, General.
electricalelectronics-equipment-installation-and-repair-technologytechnician-general	47.0101	Electrical/Electronics Equipment Installation and Repair Technology/Technician, General.	advanced-manufacturing,construction,supply-chain-transportation	advanced-manufacturing/industrial-machinery,construction/skilled-trades,supply-chain-transportation/ground-rail-transportation,supply-chain-transportation/maintenance-repair	2	Electrical/Electronics Equipment Installation and Repair Technology/Technician, General.
business-machine-repair	47.0102	Business Machine Repair.	advanced-manufacturing	advanced-manufacturing/industrial-machinery	1	Business Machine Repair.
communications-systems-installation-and-repair-technologytechnician	47.0103	Communications Systems Installation and Repair Technology/Technician.	arts-entertainment-design,energy-natural-resources	arts-entertainment-design/lighting-sound-technology,energy-natural-resources/utilities	5	Communications Systems Installation and Repair Technology/Technician.
computer-installation-and-repair-technologytechnician	47.0104	Computer Installation and Repair Technology/Technician.	construction,marketing-sales	construction/equipment-operation-maintenance,marketing-sales/retail-customer-experience	2	Computer Installation and Repair Technology/Technician.
industrial-electronics-technologytechnician	47.0105	Industrial Electronics Technology/Technician.	advanced-manufacturing	advanced-manufacturing/industrial-machinery,advanced-manufacturing/production-automation	2	Industrial Electronics Technology/Technician.
appliance-installation-and-repair-technologytechnician	47.0106	Appliance Installation and Repair Technology/Technician.	construction	construction/skilled-trades	1	Appliance Installation and Repair Technology/Technician.
security-system-installation-repair-and-inspection-technologytechnician	47.0110	Security System Installation, Repair, and Inspection Technology/Technician.	construction	construction/skilled-trades	1	Security System Installation, Repair, and Inspection Technology/Technician.
electricalelectronics-maintenance-and-repair-technologiestechnicians-other	47.0199	Electrical/Electronics Maintenance and Repair Technologies/Technicians, Other.	energy-natural-resources	energy-natural-resources/utilities	1	Electrical/Electronics Maintenance and Repair Technologies/Technicians, Other.
heating-air-conditioning-ventilation-and-refrigeration-maintenance-technologytechnician	47.0201	Heating, Air Conditioning, Ventilation and Refrigeration Maintenance Technology/Technician.	construction	construction/skilled-trades	1	Heating, Air Conditioning, Ventilation and Refrigeration Maintenance Technology/Technician.
heavy-equipment-maintenance-technologytechnician	47.0302	Heavy Equipment Maintenance Technology/Technician.	advanced-manufacturing,construction,supply-chain-transportation	advanced-manufacturing/industrial-machinery,construction/equipment-operation-maintenance,construction/skilled-trades,supply-chain-transportation/maintenance-repair	3	Heavy Equipment Maintenance Technology/Technician.
industrial-mechanics-and-maintenance-technologytechnician	47.0303	Industrial Mechanics and Maintenance Technology/Technician.	advanced-manufacturing,construction,energy-natural-resources	advanced-manufacturing/industrial-machinery,construction/equipment-operation-maintenance,construction/skilled-trades,energy-natural-resources/clean-alternative-energy,energy-natural-resources/utilities	7	Industrial Mechanics and Maintenance Technology/Technician.
gunsmithinggunsmith	47.0402	Gunsmithing/Gunsmith.	advanced-manufacturing	advanced-manufacturing/engineering	1	Gunsmithing/Gunsmith.
locksmithing-and-safe-repair	47.0403	Locksmithing and Safe Repair.	construction	construction/skilled-trades	1	Locksmithing and Safe Repair.
musical-instrument-fabrication-and-repair	47.0404	Musical Instrument Fabrication and Repair.	advanced-manufacturing	advanced-manufacturing/engineering	1	Musical Instrument Fabrication and Repair.
watchmaking-and-jewelrymaking	47.0408	Watchmaking and Jewelrymaking.	advanced-manufacturing	advanced-manufacturing/engineering	3	Watchmaking and Jewelrymaking.
parts-and-warehousing-operations-and-maintenance-technologytechnician	47.0409	Parts and Warehousing Operations and Maintenance Technology/Technician.	construction	construction/skilled-trades	1	Parts and Warehousing Operations and Maintenance Technology/Technician.
precision-systems-maintenance-and-repair-technologiestechnicians-other	47.0499	Precision Systems Maintenance and Repair Technologies/Technicians, Other.	advanced-manufacturing,arts-entertainment-design	advanced-manufacturing/engineering,arts-entertainment-design/media-production-broadcasting	2	Precision Systems Maintenance and Repair Technologies/Technicians, Other.
vehicle-maintenance-and-repair-technologytechnician-general	47.0600	Vehicle Maintenance and Repair Technology/Technician, General.	construction,supply-chain-transportation	construction/equipment-operation-maintenance,supply-chain-transportation/maintenance-repair	2	Vehicle Maintenance and Repair Technology/Technician, General.
autobodycollision-and-repair-technologytechnician	47.0603	Autobody/Collision and Repair Technology/Technician.	financial-services,supply-chain-transportation	financial-services/insurance,supply-chain-transportation/maintenance-repair	4	Autobody/Collision and Repair Technology/Technician.
automobileautomotive-mechanics-technologytechnician	47.0604	Automobile/Automotive Mechanics Technology/Technician.	supply-chain-transportation	supply-chain-transportation/maintenance-repair	3	Automobile/Automotive Mechanics Technology/Technician.
diesel-mechanics-technologytechnician	47.0605	Diesel Mechanics Technology/Technician.	supply-chain-transportation	supply-chain-transportation/maintenance-repair	1	Diesel Mechanics Technology/Technician.
small-engine-mechanics-and-repair-technologytechnician	47.0606	Small Engine Mechanics and Repair Technology/Technician.	energy-natural-resources,supply-chain-transportation	energy-natural-resources/utilities,supply-chain-transportation/maintenance-repair	2	Small Engine Mechanics and Repair Technology/Technician.
airframe-mechanics-and-aircraft-maintenance-technologytechnician	47.0607	Airframe Mechanics and Aircraft Maintenance Technology/Technician.	supply-chain-transportation	supply-chain-transportation/maintenance-repair	2	Airframe Mechanics and Aircraft Maintenance Technology/Technician.
aircraft-powerplant-technologytechnician	47.0608	Aircraft Powerplant Technology/Technician.	supply-chain-transportation	supply-chain-transportation/maintenance-repair	2	Aircraft Powerplant Technology/Technician.
avionics-maintenance-technologytechnician	47.0609	Avionics Maintenance Technology/Technician.	advanced-manufacturing,supply-chain-transportation	advanced-manufacturing/engineering,supply-chain-transportation/air-space-transportation,supply-chain-transportation/maintenance-repair	3	Avionics Maintenance Technology/Technician.
bicycle-mechanics-and-repair-technologytechnician	47.0610	Bicycle Mechanics and Repair Technology/Technician.	supply-chain-transportation	supply-chain-transportation/maintenance-repair	1	Bicycle Mechanics and Repair Technology/Technician.
motorcycle-maintenance-and-repair-technologytechnician	47.0611	Motorcycle Maintenance and Repair Technology/Technician.	supply-chain-transportation	supply-chain-transportation/maintenance-repair	1	Motorcycle Maintenance and Repair Technology/Technician.
vehicle-emissions-inspection-and-maintenance-technologytechnician	47.0612	Vehicle Emissions Inspection and Maintenance Technology/Technician.	supply-chain-transportation	supply-chain-transportation/maintenance-repair	1	Vehicle Emissions Inspection and Maintenance Technology/Technician.
mediumheavy-vehicle-and-truck-technologytechnician	47.0613	Medium/Heavy Vehicle and Truck Technology/Technician.	supply-chain-transportation	supply-chain-transportation/maintenance-repair	2	Medium/Heavy Vehicle and Truck Technology/Technician.
alternative-fuel-vehicle-technologytechnician	47.0614	Alternative Fuel Vehicle Technology/Technician.	supply-chain-transportation	supply-chain-transportation/maintenance-repair	1	Alternative Fuel Vehicle Technology/Technician.
engine-machinist	47.0615	Engine Machinist.	advanced-manufacturing	advanced-manufacturing/industrial-machinery	1	Engine Machinist.
marine-maintenancefitter-and-ship-repair-technologytechnician	47.0616	Marine Maintenance/Fitter and Ship Repair Technology/Technician.	supply-chain-transportation	supply-chain-transportation/maintenance-repair	1	Marine Maintenance/Fitter and Ship Repair Technology/Technician.
high-performance-and-custom-engine-technicianmechanic	47.0617	High Performance and Custom Engine Technician/Mechanic.	advanced-manufacturing,construction,supply-chain-transportation	advanced-manufacturing/industrial-machinery,construction/equipment-operation-maintenance,supply-chain-transportation/maintenance-repair	2	High Performance and Custom Engine Technician/Mechanic.
recreation-vehicle-rv-service-technician	47.0618	Recreation Vehicle (RV) Service Technician.	construction,supply-chain-transportation	construction/equipment-operation-maintenance,supply-chain-transportation/maintenance-repair	2	Recreation Vehicle (RV) Service Technician.
energy-systems-installation-and-repair-technologytechnician	47.0701	Energy Systems Installation and Repair Technology/Technician.	advanced-manufacturing,construction,energy-natural-resources	advanced-manufacturing/industrial-machinery,construction/skilled-trades,energy-natural-resources/utilities	4	Energy Systems Installation and Repair Technology/Technician.
solar-energy-system-installation-and-repair-technologytechnician	47.0703	Solar Energy System Installation and Repair Technology/Technician.	construction,energy-natural-resources	construction/equipment-operation-maintenance,construction/skilled-trades,energy-natural-resources/utilities	3	Solar Energy System Installation and Repair Technology/Technician.
wind-energy-system-installation-and-repair-technologytechnician	47.0704	Wind Energy System Installation and Repair Technology/Technician.	construction,energy-natural-resources	construction/construction-planning-development,energy-natural-resources/utilities	2	Wind Energy System Installation and Repair Technology/Technician.
hydroelectric-energy-system-installation-and-repair-technologytechnician	47.0705	Hydroelectric Energy System Installation and Repair Technology/Technician.	advanced-manufacturing,construction,energy-natural-resources	advanced-manufacturing/industrial-machinery,construction/equipment-operation-maintenance,construction/skilled-trades,energy-natural-resources/clean-alternative-energy	3	Hydroelectric Energy System Installation and Repair Technology/Technician.
geothermal-energy-system-installation-and-repair-technologytechnician	47.0706	Geothermal Energy System Installation and Repair Technology/Technician.	advanced-manufacturing,construction,energy-natural-resources	advanced-manufacturing/industrial-machinery,construction/equipment-operation-maintenance,construction/skilled-trades,energy-natural-resources/resource-extraction	3	Geothermal Energy System Installation and Repair Technology/Technician.
energy-systems-maintenance-and-repair-technologiestechnicians-other	47.0799	Energy Systems Maintenance and Repair Technologies/Technicians, Other.	construction	construction/skilled-trades	1	Energy Systems Maintenance and Repair Technologies/Technicians, Other.
upholsteryupholsterer	48.0303	Upholstery/Upholsterer.	advanced-manufacturing	advanced-manufacturing/production-automation	1	Upholstery/Upholsterer.
shoe-boot-and-leather-repair	48.0304	Shoe, Boot and Leather Repair.	advanced-manufacturing	advanced-manufacturing/production-automation	2	Shoe, Boot and Leather Repair.
machine-tool-technologymachinist	48.0501	Machine Tool Technology/Machinist.	advanced-manufacturing	advanced-manufacturing/industrial-machinery,advanced-manufacturing/production-automation	13	Machine Tool Technology/Machinist.
machine-shop-technologyassistant	48.0503	Machine Shop Technology/Assistant.	advanced-manufacturing	advanced-manufacturing/engineering,advanced-manufacturing/industrial-machinery,advanced-manufacturing/production-automation	9	Machine Shop Technology/Assistant.
sheet-metal-technologysheetworking	48.0506	Sheet Metal Technology/Sheetworking.	advanced-manufacturing,construction	advanced-manufacturing/industrial-machinery,advanced-manufacturing/production-automation,construction/skilled-trades	5	Sheet Metal Technology/Sheetworking.
tool-and-die-technologytechnician	48.0507	Tool and Die Technology/Technician.	construction	construction/skilled-trades	1	Tool and Die Technology/Technician.
welding-technologywelder	48.0508	Welding Technology/Welder.	construction	construction/skilled-trades	2	Welding Technology/Welder.
ironworkingironworker	48.0509	Ironworking/Ironworker.	advanced-manufacturing	advanced-manufacturing/production-automation	1	Ironworking/Ironworker.
computer-numerically-controlled-cnc-machinist-technologycnc-machinist	48.0510	Computer Numerically Controlled (CNC) Machinist Technology/CNC Machinist.	advanced-manufacturing	advanced-manufacturing/production-automation	2	Computer Numerically Controlled (CNC) Machinist Technology/CNC Machinist.
metal-fabricator	48.0511	Metal Fabricator.	advanced-manufacturing	advanced-manufacturing/engineering,advanced-manufacturing/production-automation	1	Metal Fabricator.
precision-metal-working-other	48.0599	Precision Metal Working, Other.	advanced-manufacturing	advanced-manufacturing/production-automation	1	Precision Metal Working, Other.
woodworking-general	48.0701	Woodworking, General.	advanced-manufacturing,construction	advanced-manufacturing/production-automation,construction/skilled-trades	2	Woodworking, General.
furniture-design-and-manufacturing	48.0702	Furniture Design and Manufacturing.	advanced-manufacturing,construction	advanced-manufacturing/production-automation,construction/skilled-trades	2	Furniture Design and Manufacturing.
cabinetmaking-and-millwork	48.0703	Cabinetmaking and Millwork.	advanced-manufacturing,construction	advanced-manufacturing/production-automation,construction/skilled-trades	6	Cabinetmaking and Millwork.
wooden-boatbuilding-technologytechnician	48.0704	Wooden Boatbuilding Technology/Technician.	advanced-manufacturing,construction	advanced-manufacturing/production-automation,construction/skilled-trades	2	Wooden Boatbuilding Technology/Technician.
woodworking-other	48.0799	Woodworking, Other.	advanced-manufacturing,construction	advanced-manufacturing/production-automation,construction/skilled-trades	1	Woodworking, Other.
boilermakingboilermaker	48.0801	Boilermaking/Boilermaker.	construction	construction/skilled-trades	1	Boilermaking/Boilermaker.
aeronauticsaviationaerospace-science-and-technology-general	49.0101	Aeronautics/Aviation/Aerospace Science and Technology, General.	supply-chain-transportation	supply-chain-transportation/planning-logistics	1	Aeronautics/Aviation/Aerospace Science and Technology, General.
airlinecommercialprofessional-pilot-and-flight-crew	49.0102	Airline/Commercial/Professional Pilot and Flight Crew.	supply-chain-transportation	supply-chain-transportation/air-space-transportation	2	Airline/Commercial/Professional Pilot and Flight Crew.
aviationairway-management-and-operations	49.0104	Aviation/Airway Management and Operations.	supply-chain-transportation	supply-chain-transportation/planning-logistics	1	Aviation/Airway Management and Operations.
air-traffic-controller	49.0105	Air Traffic Controller.	supply-chain-transportation	supply-chain-transportation/air-space-transportation	2	Air Traffic Controller.
airline-flight-attendant	49.0106	Airline Flight Attendant.	supply-chain-transportation	supply-chain-transportation/air-space-transportation,supply-chain-transportation/planning-logistics	2	Airline Flight Attendant.
flight-instructor	49.0108	Flight Instructor.	supply-chain-transportation	supply-chain-transportation/air-space-transportation	2	Flight Instructor.
constructionheavy-equipmentearthmoving-equipment-operation	49.0202	Construction/Heavy Equipment/Earthmoving Equipment Operation.	advanced-manufacturing,agriculture,construction,energy-natural-resources,supply-chain-transportation	advanced-manufacturing/industrial-machinery,agriculture/plant-systems,construction/equipment-operation-maintenance,energy-natural-resources/resource-extraction,supply-chain-transportation/maintenance-repair	15	Construction/Heavy Equipment/Earthmoving Equipment Operation.
truck-and-bus-drivercommercial-vehicle-operator-and-instructor	49.0205	Truck and Bus Driver/Commercial Vehicle Operator and Instructor.	education,supply-chain-transportation	education/teaching-training-facilitation,supply-chain-transportation/ground-rail-transportation	6	Truck and Bus Driver/Commercial Vehicle Operator and Instructor.
mobil-crane-operatoroperation	49.0206	Mobil Crane Operator/Operation.	advanced-manufacturing,construction	advanced-manufacturing/industrial-machinery,construction/equipment-operation-maintenance	2	Mobil Crane Operator/Operation.
flagging-and-traffic-control	49.0207	Flagging and Traffic Control.	construction	construction/equipment-operation-maintenance	1	Flagging and Traffic Control.
railroad-and-railway-transportation	49.0208	Railroad and Railway Transportation.	supply-chain-transportation	supply-chain-transportation/ground-rail-transportation,supply-chain-transportation/planning-logistics	7	Railroad and Railway Transportation.
forklift-operationoperator	49.0209	Forklift Operation/Operator.	supply-chain-transportation	supply-chain-transportation/ground-rail-transportation	1	Forklift Operation/Operator.
commercial-fishing	49.0303	Commercial Fishing.	supply-chain-transportation	supply-chain-transportation/marine-transportation	1	Commercial Fishing.
diver-professional-and-instructor	49.0304	Diver, Professional and Instructor.	supply-chain-transportation	supply-chain-transportation/ground-rail-transportation	1	Diver, Professional and Instructor.
marine-sciencemerchant-marine-officer	49.0309	Marine Science/Merchant Marine Officer.	supply-chain-transportation	supply-chain-transportation/marine-transportation	3	Marine Science/Merchant Marine Officer.
marine-transportation-other	49.0399	Marine Transportation, Other.	supply-chain-transportation	supply-chain-transportation/marine-transportation	1	Marine Transportation, Other.
visual-and-performing-arts-general	50.0101	Visual and Performing Arts, General.	arts-entertainment-design,education	arts-entertainment-design/fine-arts,arts-entertainment-design/performing-arts,education/teaching-training-facilitation	5	Visual and Performing Arts, General.
digital-arts	50.0102	Digital Arts.	arts-entertainment-design,education	arts-entertainment-design/design-digital-arts,arts-entertainment-design/fine-arts,arts-entertainment-design/performing-arts,education/teaching-training-facilitation	6	Digital Arts.
craftscraft-design-folk-art-and-artisanry	50.0201	Crafts/Craft Design, Folk Art and Artisanry.	arts-entertainment-design,education	arts-entertainment-design/fine-arts,arts-entertainment-design/performing-arts,education/teaching-training-facilitation	3	Crafts/Craft Design, Folk Art and Artisanry.
dance-general	50.0301	Dance, General.	arts-entertainment-design,education	arts-entertainment-design/performing-arts,education/teaching-training-facilitation	3	Dance, General.
ballet	50.0302	Ballet.	arts-entertainment-design,education	arts-entertainment-design/performing-arts,education/teaching-training-facilitation	3	Ballet.
dance-other	50.0399	Dance, Other.	arts-entertainment-design,education	arts-entertainment-design/performing-arts,education/teaching-training-facilitation	3	Dance, Other.
design-and-visual-communications-general	50.0401	Design and Visual Communications, General.	advanced-manufacturing,arts-entertainment-design,digital-technology,education	advanced-manufacturing/engineering,arts-entertainment-design/design-digital-arts,arts-entertainment-design/performing-arts,digital-technology/web-cloud,education/teaching-training-facilitation	6	Design and Visual Communications, General.
commercial-and-advertising-art	50.0402	Commercial and Advertising Art.	advanced-manufacturing,arts-entertainment-design	advanced-manufacturing/engineering,arts-entertainment-design/design-digital-arts,arts-entertainment-design/performing-arts	3	Commercial and Advertising Art.
industrial-and-product-design	50.0404	Industrial and Product Design.	advanced-manufacturing,arts-entertainment-design,construction,education	advanced-manufacturing/engineering,arts-entertainment-design/design-digital-arts,construction/architecture-civil-engineering,education/teaching-training-facilitation	4	Industrial and Product Design.
commercial-photography	50.0406	Commercial Photography.	education,marketing-sales	education/teaching-training-facilitation,marketing-sales/marketing-advertising	2	Commercial Photography.
fashionapparel-design	50.0407	Fashion/Apparel Design.	arts-entertainment-design,education	arts-entertainment-design/fashion-interiors,education/teaching-training-facilitation	2	Fashion/Apparel Design.
interior-design	50.0408	Interior Design.	arts-entertainment-design,education	arts-entertainment-design/fashion-interiors,education/teaching-training-facilitation	2	Interior Design.
graphic-design	50.0409	Graphic Design.	arts-entertainment-design,digital-technology,education	arts-entertainment-design/design-digital-arts,arts-entertainment-design/fine-arts,arts-entertainment-design/performing-arts,digital-technology/web-cloud,education/teaching-training-facilitation	6	Graphic Design.
illustration	50.0410	Illustration.	arts-entertainment-design,education	arts-entertainment-design/design-digital-arts,arts-entertainment-design/performing-arts,education/teaching-training-facilitation	4	Illustration.
game-and-interactive-media-design	50.0411	Game and Interactive Media Design.	arts-entertainment-design,education	arts-entertainment-design/design-digital-arts,education/teaching-training-facilitation	2	Game and Interactive Media Design.
drama-and-dramaticstheatre-arts-general	50.0501	Drama and Dramatics/Theatre Arts, General.	arts-entertainment-design,education	arts-entertainment-design/media-production-broadcasting,arts-entertainment-design/performing-arts,education/teaching-training-facilitation	4	Drama and Dramatics/Theatre Arts, General.
technical-theatretheatre-design-and-technology	50.0502	Technical Theatre/Theatre Design and Technology.	arts-entertainment-design,education	arts-entertainment-design/performing-arts,education/teaching-training-facilitation	2	Technical Theatre/Theatre Design and Technology.
playwriting-and-screenwriting	50.0504	Playwriting and Screenwriting.	arts-entertainment-design,education	arts-entertainment-design/media-production-broadcasting,education/teaching-training-facilitation	2	Playwriting and Screenwriting.
theatre-literature-history-and-criticism	50.0505	Theatre Literature, History and Criticism.	education	education/teaching-training-facilitation	1	Theatre Literature, History and Criticism.
acting	50.0506	Acting.	arts-entertainment-design,education	arts-entertainment-design/performing-arts,education/teaching-training-facilitation	2	Acting.
directing-and-theatrical-production	50.0507	Directing and Theatrical Production.	arts-entertainment-design,education	arts-entertainment-design/media-production-broadcasting,arts-entertainment-design/performing-arts,education/teaching-training-facilitation	4	Directing and Theatrical Production.
musical-theatre	50.0509	Musical Theatre.	arts-entertainment-design,education	arts-entertainment-design/media-production-broadcasting,arts-entertainment-design/performing-arts,education/teaching-training-facilitation	7	Musical Theatre.
costume-design	50.0510	Costume Design.	arts-entertainment-design,education	arts-entertainment-design/fashion-interiors,education/teaching-training-facilitation	2	Costume Design.
comedy-writing-and-performance	50.0511	Comedy Writing and Performance.	arts-entertainment-design,education	arts-entertainment-design/media-production-broadcasting,arts-entertainment-design/performing-arts,education/teaching-training-facilitation	3	Comedy Writing and Performance.
theatre-and-dance	50.0512	Theatre and Dance.	arts-entertainment-design,education	arts-entertainment-design/media-production-broadcasting,arts-entertainment-design/performing-arts,education/teaching-training-facilitation	6	Theatre and Dance.
dramatictheatre-arts-and-stagecraft-other	50.0599	Dramatic/Theatre Arts and Stagecraft, Other.	arts-entertainment-design,education	arts-entertainment-design/media-production-broadcasting,arts-entertainment-design/performing-arts,education/teaching-training-facilitation	5	Dramatic/Theatre Arts and Stagecraft, Other.
filmcinemamedia-studies	50.0601	Film/Cinema/Media Studies.	arts-entertainment-design,education	arts-entertainment-design/media-production-broadcasting,education/teaching-training-facilitation	2	Film/Cinema/Media Studies.
cinematography-and-filmvideo-production	50.0602	Cinematography and Film/Video Production.	arts-entertainment-design,education	arts-entertainment-design/media-production-broadcasting,education/teaching-training-facilitation	4	Cinematography and Film/Video Production.
photography	50.0605	Photography.	arts-entertainment-design,education	arts-entertainment-design/fine-arts,education/teaching-training-facilitation	2	Photography.
documentary-production	50.0607	Documentary Production.	arts-entertainment-design,education	arts-entertainment-design/media-production-broadcasting,education/teaching-training-facilitation	5	Documentary Production.
filmvideo-and-photographic-arts-other	50.0699	Film/Video and Photographic Arts, Other.	education	education/teaching-training-facilitation	1	Film/Video and Photographic Arts, Other.
artart-studies-general	50.0701	Art/Art Studies, General.	arts-entertainment-design,education	arts-entertainment-design/fine-arts,education/teaching-training-facilitation	5	Art/Art Studies, General.
finestudio-arts-general	50.0702	Fine/Studio Arts, General.	arts-entertainment-design,education	arts-entertainment-design/fine-arts,arts-entertainment-design/performing-arts,education/teaching-training-facilitation	3	Fine/Studio Arts, General.
art-history-criticism-and-conservation	50.0703	Art History, Criticism and Conservation.	arts-entertainment-design,education,financial-services,hospitality-events-tourism	arts-entertainment-design/fine-arts,education/learner-support-community-engagement,education/teaching-training-facilitation,financial-services/real-estate,hospitality-events-tourism/travel-leisure	5	Art History, Criticism and Conservation.
drawing	50.0705	Drawing.	arts-entertainment-design,education	arts-entertainment-design/design-digital-arts,arts-entertainment-design/fine-arts,education/teaching-training-facilitation	4	Drawing.
intermediamultimedia	50.0706	Intermedia/Multimedia.	arts-entertainment-design,education	arts-entertainment-design/design-digital-arts,arts-entertainment-design/fine-arts,education/teaching-training-facilitation	4	Intermedia/Multimedia.
painting	50.0708	Painting.	arts-entertainment-design,education	arts-entertainment-design/design-digital-arts,arts-entertainment-design/fine-arts,education/teaching-training-facilitation	4	Painting.
sculpture	50.0709	Sculpture.	arts-entertainment-design,education	arts-entertainment-design/fine-arts,education/teaching-training-facilitation	3	Sculpture.
printmaking	50.0710	Printmaking.	arts-entertainment-design,education	arts-entertainment-design/fine-arts,education/teaching-training-facilitation	3	Printmaking.
ceramic-arts-and-ceramics	50.0711	Ceramic Arts and Ceramics.	arts-entertainment-design,education	arts-entertainment-design/fine-arts,education/teaching-training-facilitation	3	Ceramic Arts and Ceramics.
fiber-textile-and-weaving-arts	50.0712	Fiber, Textile and Weaving Arts.	arts-entertainment-design,education	arts-entertainment-design/fine-arts,education/teaching-training-facilitation	2	Fiber, Textile and Weaving Arts.
jewelry-arts	50.0713	Jewelry Arts.	advanced-manufacturing,arts-entertainment-design,education	advanced-manufacturing/production-automation,arts-entertainment-design/fine-arts,education/teaching-training-facilitation	3	Jewelry Arts.
metal-arts	50.0714	Metal Arts.	advanced-manufacturing,arts-entertainment-design,education	advanced-manufacturing/production-automation,arts-entertainment-design/fine-arts,education/teaching-training-facilitation	3	Metal Arts.
fine-arts-and-art-studies-other	50.0799	Fine Arts and Art Studies, Other.	arts-entertainment-design,education	arts-entertainment-design/fine-arts,arts-entertainment-design/performing-arts,education/teaching-training-facilitation	3	Fine Arts and Art Studies, Other.
music-general	50.0901	Music, General.	arts-entertainment-design,education	arts-entertainment-design/performing-arts,education/teaching-training-facilitation	2	Music, General.
music-history-literature-and-theory	50.0902	Music History, Literature, and Theory.	education	education/teaching-training-facilitation	1	Music History, Literature, and Theory.
music-performance-general	50.0903	Music Performance, General.	arts-entertainment-design,education	arts-entertainment-design/media-production-broadcasting,arts-entertainment-design/performing-arts,education/teaching-training-facilitation	3	Music Performance, General.
music-theory-and-composition	50.0904	Music Theory and Composition.	arts-entertainment-design,education	arts-entertainment-design/media-production-broadcasting,education/teaching-training-facilitation	2	Music Theory and Composition.
musicology-and-ethnomusicology	50.0905	Musicology and Ethnomusicology.	arts-entertainment-design,education	arts-entertainment-design/media-production-broadcasting,education/teaching-training-facilitation	2	Musicology and Ethnomusicology.
conducting	50.0906	Conducting.	arts-entertainment-design,education	arts-entertainment-design/media-production-broadcasting,education/teaching-training-facilitation	2	Conducting.
keyboard-instruments	50.0907	Keyboard Instruments.	arts-entertainment-design,education	arts-entertainment-design/performing-arts,education/teaching-training-facilitation	2	Keyboard Instruments.
voice-and-opera	50.0908	Voice and Opera.	arts-entertainment-design,education	arts-entertainment-design/media-production-broadcasting,arts-entertainment-design/performing-arts,education/teaching-training-facilitation	3	Voice and Opera.
jazzjazz-studies	50.0910	Jazz/Jazz Studies.	arts-entertainment-design,education	arts-entertainment-design/performing-arts,education/teaching-training-facilitation	2	Jazz/Jazz Studies.
stringed-instruments	50.0911	Stringed Instruments.	arts-entertainment-design,education	arts-entertainment-design/performing-arts,education/teaching-training-facilitation	2	Stringed Instruments.
music-pedagogy	50.0912	Music Pedagogy.	arts-entertainment-design,education	arts-entertainment-design/performing-arts,education/teaching-training-facilitation	2	Music Pedagogy.
music-technology	50.0913	Music Technology.	arts-entertainment-design,education	arts-entertainment-design/lighting-sound-technology,arts-entertainment-design/media-production-broadcasting,education/teaching-training-facilitation	4	Music Technology.
brass-instruments	50.0914	Brass Instruments.	arts-entertainment-design,education	arts-entertainment-design/performing-arts,education/teaching-training-facilitation	2	Brass Instruments.
woodwind-instruments	50.0915	Woodwind Instruments.	arts-entertainment-design,education	arts-entertainment-design/performing-arts,education/teaching-training-facilitation	2	Woodwind Instruments.
percussion-instruments	50.0916	Percussion Instruments.	arts-entertainment-design,education	arts-entertainment-design/performing-arts,education/teaching-training-facilitation	2	Percussion Instruments.
sound-arts	50.0917	Sound Arts.	arts-entertainment-design,education	arts-entertainment-design/media-production-broadcasting,education/teaching-training-facilitation	2	Sound Arts.
music-other	50.0999	Music, Other.	arts-entertainment-design,education	arts-entertainment-design/media-production-broadcasting,arts-entertainment-design/performing-arts,education/teaching-training-facilitation	3	Music, Other.
arts-entertainment-and-media-management-general	50.1001	Arts, Entertainment, and Media Management, General.	arts-entertainment-design,education,management-entrepreneurship	arts-entertainment-design/performing-arts,education/teaching-training-facilitation,management-entrepreneurship/leadership-operations	3	Arts, Entertainment, and Media Management, General.
fine-and-studio-arts-management	50.1002	Fine and Studio Arts Management.	arts-entertainment-design,education,management-entrepreneurship	arts-entertainment-design/performing-arts,education/teaching-training-facilitation,management-entrepreneurship/leadership-operations	3	Fine and Studio Arts Management.
music-management	50.1003	Music Management.	arts-entertainment-design,education	arts-entertainment-design/media-production-broadcasting,education/teaching-training-facilitation	2	Music Management.
theatretheatre-arts-management	50.1004	Theatre/Theatre Arts Management.	arts-entertainment-design,education,management-entrepreneurship	arts-entertainment-design/media-production-broadcasting,education/teaching-training-facilitation,management-entrepreneurship/leadership-operations	3	Theatre/Theatre Arts Management.
arts-entertainment-and-media-management-other	50.1099	Arts, Entertainment, and Media Management, Other.	arts-entertainment-design,education,management-entrepreneurship	arts-entertainment-design/performing-arts,education/teaching-training-facilitation,management-entrepreneurship/leadership-operations	3	Arts, Entertainment, and Media Management, Other.
communityenvironmentalsocially-engaged-art	50.1101	Community/Environmental/Socially-Engaged Art.	arts-entertainment-design,education	arts-entertainment-design/fine-arts,arts-entertainment-design/performing-arts,education/teaching-training-facilitation	3	Community/Environmental/Socially-Engaged Art.
visual-and-performing-arts-other	50.9999	Visual and Performing Arts, Other.	education	education/teaching-training-facilitation	1	Visual and Performing Arts, Other.
health-and-wellness-general	51.0001	Health and Wellness, General.	healthcare-human-services	healthcare-human-services/community-social-services	2	Health and Wellness, General.
chiropractic	51.0101	Chiropractic.	education,healthcare-human-services	education/teaching-training-facilitation,healthcare-human-services/physical-health	2	Chiropractic.
communication-sciences-and-disorders-general	51.0201	Communication Sciences and Disorders, General.	education,healthcare-human-services	education/teaching-training-facilitation,healthcare-human-services/personal-care-services,healthcare-human-services/physical-health	3	Communication Sciences and Disorders, General.
audiologyaudiologist	51.0202	Audiology/Audiologist.	education,healthcare-human-services	education/teaching-training-facilitation,healthcare-human-services/physical-health	2	Audiology/Audiologist.
speech-language-pathologypathologist	51.0203	Speech-Language Pathology/Pathologist.	education,healthcare-human-services	education/teaching-training-facilitation,healthcare-human-services/personal-care-services	2	Speech-Language Pathology/Pathologist.
audiologyaudiologist-and-speech-language-pathologypathologist	51.0204	Audiology/Audiologist and Speech-Language Pathology/Pathologist.	education,healthcare-human-services	education/teaching-training-facilitation,healthcare-human-services/personal-care-services,healthcare-human-services/physical-health	3	Audiology/Audiologist and Speech-Language Pathology/Pathologist.
communication-disorders-sciences-and-services-other	51.0299	Communication Disorders Sciences and Services, Other.	education,healthcare-human-services	education/teaching-training-facilitation,healthcare-human-services/personal-care-services,healthcare-human-services/physical-health	3	Communication Disorders Sciences and Services, Other.
dentistry	51.0401	Dentistry.	education,healthcare-human-services	education/teaching-training-facilitation,healthcare-human-services/physical-health	2	Dentistry.
dental-clinical-sciences-general	51.0501	Dental Clinical Sciences, General.	education,healthcare-human-services	education/teaching-training-facilitation,healthcare-human-services/physical-health	2	Dental Clinical Sciences, General.
advanced-general-dentistry	51.0502	Advanced General Dentistry.	education,healthcare-human-services	education/teaching-training-facilitation,healthcare-human-services/physical-health	2	Advanced General Dentistry.
oral-biology-and-oral-and-maxillofacial-pathology	51.0503	Oral Biology and Oral and Maxillofacial Pathology.	healthcare-human-services	healthcare-human-services/physical-health	1	Oral Biology and Oral and Maxillofacial Pathology.
dental-public-health-and-education	51.0504	Dental Public Health and Education.	education,healthcare-human-services	education/teaching-training-facilitation,healthcare-human-services/community-social-services,healthcare-human-services/physical-health	3	Dental Public Health and Education.
dental-materials	51.0505	Dental Materials.	education,healthcare-human-services	education/teaching-training-facilitation,healthcare-human-services/physical-health	2	Dental Materials.
endodonticsendodontology	51.0506	Endodontics/Endodontology.	education,healthcare-human-services	education/teaching-training-facilitation,healthcare-human-services/physical-health	2	Endodontics/Endodontology.
oralmaxillofacial-surgery	51.0507	Oral/Maxillofacial Surgery.	education,healthcare-human-services	education/teaching-training-facilitation,healthcare-human-services/physical-health	2	Oral/Maxillofacial Surgery.
orthodonticsorthodontology	51.0508	Orthodontics/Orthodontology.	education,healthcare-human-services	education/teaching-training-facilitation,healthcare-human-services/physical-health	2	Orthodontics/Orthodontology.
pediatric-dentistrypedodontics	51.0509	Pediatric Dentistry/Pedodontics.	education,healthcare-human-services	education/teaching-training-facilitation,healthcare-human-services/physical-health	2	Pediatric Dentistry/Pedodontics.
periodonticsperiodontology	51.0510	Periodontics/Periodontology.	education,healthcare-human-services	education/teaching-training-facilitation,healthcare-human-services/physical-health	2	Periodontics/Periodontology.
prosthodonticsprosthodontology	51.0511	Prosthodontics/Prosthodontology.	education,healthcare-human-services	education/teaching-training-facilitation,healthcare-human-services/physical-health	2	Prosthodontics/Prosthodontology.
digital-dentistry	51.0512	Digital Dentistry.	education,healthcare-human-services	education/teaching-training-facilitation,healthcare-human-services/physical-health	2	Digital Dentistry.
geriatric-dentistry	51.0513	Geriatric Dentistry.	education,healthcare-human-services	education/teaching-training-facilitation,healthcare-human-services/physical-health	2	Geriatric Dentistry.
implantologyimplant-dentistry	51.0514	Implantology/Implant Dentistry.	education,healthcare-human-services	education/teaching-training-facilitation,healthcare-human-services/physical-health	2	Implantology/Implant Dentistry.
advancedgraduate-dentistry-and-oral-sciences-other	51.0599	Advanced/Graduate Dentistry and Oral Sciences, Other.	education,healthcare-human-services	education/teaching-training-facilitation,healthcare-human-services/physical-health	2	Advanced/Graduate Dentistry and Oral Sciences, Other.
dental-assistingassistant	51.0601	Dental Assisting/Assistant.	education,healthcare-human-services	education/teaching-training-facilitation,healthcare-human-services/physical-health	2	Dental Assisting/Assistant.
dental-hygienehygienist	51.0602	Dental Hygiene/Hygienist.	education,healthcare-human-services	education/teaching-training-facilitation,healthcare-human-services/physical-health	2	Dental Hygiene/Hygienist.
dental-laboratory-technologytechnician	51.0603	Dental Laboratory Technology/Technician.	education,healthcare-human-services	education/teaching-training-facilitation,healthcare-human-services/physical-health	2	Dental Laboratory Technology/Technician.
healthhealth-care-administrationmanagement	51.0701	Health/Health Care Administration/Management.	healthcare-human-services	healthcare-human-services/health-data-administration	1	Health/Health Care Administration/Management.
hospital-and-health-care-facilities-administrationmanagement	51.0702	Hospital and Health Care Facilities Administration/Management.	education,healthcare-human-services,management-entrepreneurship	education/teaching-training-facilitation,healthcare-human-services/health-data-administration,management-entrepreneurship/leadership-operations	3	Hospital and Health Care Facilities Administration/Management.
health-unit-coordinatorward-clerk	51.0703	Health Unit Coordinator/Ward Clerk.	healthcare-human-services	healthcare-human-services/physical-health	1	Health Unit Coordinator/Ward Clerk.
health-unit-managerward-supervisor	51.0704	Health Unit Manager/Ward Supervisor.	healthcare-human-services	healthcare-human-services/health-data-administration	1	Health Unit Manager/Ward Supervisor.
medical-office-managementadministration	51.0705	Medical Office Management/Administration.	management-entrepreneurship	management-entrepreneurship/leadership-operations	1	Medical Office Management/Administration.
health-informationmedical-records-administrationadministrator	51.0706	Health Information/Medical Records Administration/Administrator.	healthcare-human-services	healthcare-human-services/health-data-administration	3	Health Information/Medical Records Administration/Administrator.
health-informationmedical-records-technologytechnician	51.0707	Health Information/Medical Records Technology/Technician.	healthcare-human-services	healthcare-human-services/health-data-administration	2	Health Information/Medical Records Technology/Technician.
medical-transcriptiontranscriptionist	51.0708	Medical Transcription/Transcriptionist.	healthcare-human-services	healthcare-human-services/health-data-administration	1	Medical Transcription/Transcriptionist.
medical-office-computer-specialistassistant	51.0709	Medical Office Computer Specialist/Assistant.	digital-technology,healthcare-human-services	digital-technology/network-systems-cybersecurity,healthcare-human-services/health-data-administration	2	Medical Office Computer Specialist/Assistant.
medical-office-assistantspecialist	51.0710	Medical Office Assistant/Specialist.	healthcare-human-services	healthcare-human-services/health-data-administration	1	Medical Office Assistant/Specialist.
medicalhealth-management-and-clinical-assistantspecialist	51.0711	Medical/Health Management and Clinical Assistant/Specialist.	healthcare-human-services,management-entrepreneurship	healthcare-human-services/health-data-administration,healthcare-human-services/personal-care-services,healthcare-human-services/physical-health,management-entrepreneurship/leadership-operations	6	Medical/Health Management and Clinical Assistant/Specialist.
medical-receptionreceptionist	51.0712	Medical Reception/Receptionist.	healthcare-human-services,management-entrepreneurship	healthcare-human-services/health-data-administration,management-entrepreneurship/leadership-operations	2	Medical Reception/Receptionist.
medical-insurance-coding-specialistcoder	51.0713	Medical Insurance Coding Specialist/Coder.	healthcare-human-services	healthcare-human-services/health-data-administration	2	Medical Insurance Coding Specialist/Coder.
medical-insurance-specialistmedical-biller	51.0714	Medical Insurance Specialist/Medical Biller.	healthcare-human-services	healthcare-human-services/health-data-administration,healthcare-human-services/physical-health	2	Medical Insurance Specialist/Medical Biller.
healthmedical-claims-examiner	51.0715	Health/Medical Claims Examiner.	financial-services	financial-services/insurance	1	Health/Medical Claims Examiner.
medical-administrativeexecutive-assistant-and-medical-secretary	51.0716	Medical Administrative/Executive Assistant and Medical Secretary.	healthcare-human-services	healthcare-human-services/health-data-administration	1	Medical Administrative/Executive Assistant and Medical Secretary.
medical-staff-services-technologytechnician	51.0717	Medical Staff Services Technology/Technician.	financial-services,healthcare-human-services,public-service-safety	financial-services/insurance,healthcare-human-services/physical-health,public-service-safety/public-safety	2	Medical Staff Services Technology/Technician.
long-term-care-administrationmanagement	51.0718	Long Term Care Administration/Management.	healthcare-human-services	healthcare-human-services/health-data-administration	1	Long Term Care Administration/Management.
clinical-research-coordinator	51.0719	Clinical Research Coordinator.	education,healthcare-human-services,management-entrepreneurship	education/education-administration-leadership,healthcare-human-services/health-data-administration,management-entrepreneurship/leadership-operations	3	Clinical Research Coordinator.
regulatory-scienceaffairs	51.0720	Regulatory Science/Affairs.	financial-services,healthcare-human-services,public-service-safety	financial-services/insurance,healthcare-human-services/health-data-administration,public-service-safety/public-safety	2	Regulatory Science/Affairs.
disease-registry-data-management	51.0721	Disease Registry Data Management.	healthcare-human-services	healthcare-human-services/health-data-administration	3	Disease Registry Data Management.
healthcare-innovation	51.0722	Healthcare Innovation.	healthcare-human-services	healthcare-human-services/health-data-administration	1	Healthcare Innovation.
healthcare-information-privacy-assurance-and-security	51.0723	Healthcare Information Privacy Assurance and Security.	digital-technology,healthcare-human-services	digital-technology/network-systems-cybersecurity,healthcare-human-services/health-data-administration	2	Healthcare Information Privacy Assurance and Security.
health-and-medical-administrative-services-other	51.0799	Health and Medical Administrative Services, Other.	healthcare-human-services	healthcare-human-services/physical-health	1	Health and Medical Administrative Services, Other.
medicalclinical-assistant	51.0801	Medical/Clinical Assistant.	education,healthcare-human-services	education/teaching-training-facilitation,healthcare-human-services/health-data-administration	2	Medical/Clinical Assistant.
clinicalmedical-laboratory-assistant	51.0802	Clinical/Medical Laboratory Assistant.	education,healthcare-human-services	education/teaching-training-facilitation,healthcare-human-services/physical-health	2	Clinical/Medical Laboratory Assistant.
occupational-therapist-assistant	51.0803	Occupational Therapist Assistant.	education,healthcare-human-services	education/teaching-training-facilitation,healthcare-human-services/physical-health	2	Occupational Therapist Assistant.
pharmacy-technicianassistant	51.0805	Pharmacy Technician/Assistant.	education,healthcare-human-services	education/teaching-training-facilitation,healthcare-human-services/physical-health	2	Pharmacy Technician/Assistant.
physical-therapy-assistant	51.0806	Physical Therapy Assistant.	healthcare-human-services	healthcare-human-services/physical-health	1	Physical Therapy Assistant.
anesthesiologist-assistant	51.0809	Anesthesiologist Assistant.	healthcare-human-services	healthcare-human-services/health-data-administration	1	Anesthesiologist Assistant.
emergency-care-attendant-emt-ambulance	51.0810	Emergency Care Attendant (EMT Ambulance).	supply-chain-transportation	supply-chain-transportation/ground-rail-transportation	1	Emergency Care Attendant (EMT Ambulance).
pathologypathologist-assistant	51.0811	Pathology/Pathologist Assistant.	healthcare-human-services	healthcare-human-services/physical-health	1	Pathology/Pathologist Assistant.
respiratory-therapy-technicianassistant	51.0812	Respiratory Therapy Technician/Assistant.	healthcare-human-services	healthcare-human-services/physical-health	1	Respiratory Therapy Technician/Assistant.
chiropractic-technicianassistant	51.0813	Chiropractic Technician/Assistant.	healthcare-human-services	healthcare-human-services/health-data-administration	1	Chiropractic Technician/Assistant.
radiologist-assistant	51.0814	Radiologist Assistant.	healthcare-human-services	healthcare-human-services/physical-health	2	Radiologist Assistant.
lactation-consultant	51.0815	Lactation Consultant.	healthcare-human-services	healthcare-human-services/physical-health	1	Lactation Consultant.
speech-language-pathology-assistant	51.0816	Speech-Language Pathology Assistant.	healthcare-human-services	healthcare-human-services/physical-health	1	Speech-Language Pathology Assistant.
allied-health-and-medical-assisting-services-other	51.0899	Allied Health and Medical Assisting Services, Other.	healthcare-human-services	healthcare-human-services/physical-health	1	Allied Health and Medical Assisting Services, Other.
cardiovascular-technologytechnologist	51.0901	Cardiovascular Technology/Technologist.	education,healthcare-human-services	education/teaching-training-facilitation,healthcare-human-services/physical-health	2	Cardiovascular Technology/Technologist.
electrocardiograph-technologytechnician	51.0902	Electrocardiograph Technology/Technician.	education,healthcare-human-services	education/teaching-training-facilitation,healthcare-human-services/physical-health	2	Electrocardiograph Technology/Technician.
electroneurodiagnosticelectroencephalographic-technologytechnologist	51.0903	Electroneurodiagnostic/Electroencephalographic Technology/Technologist.	education,healthcare-human-services	education/teaching-training-facilitation,healthcare-human-services/physical-health	2	Electroneurodiagnostic/Electroencephalographic Technology/Technologist.
emergency-medical-technologytechnician-emt-paramedic	51.0904	Emergency Medical Technology/Technician (EMT Paramedic).	education,healthcare-human-services	education/teaching-training-facilitation,healthcare-human-services/physical-health	3	Emergency Medical Technology/Technician (EMT Paramedic).
nuclear-medical-technologytechnologist	51.0905	Nuclear Medical Technology/Technologist.	education,healthcare-human-services	education/teaching-training-facilitation,healthcare-human-services/physical-health	2	Nuclear Medical Technology/Technologist.
perfusion-technologyperfusionist	51.0906	Perfusion Technology/Perfusionist.	education,healthcare-human-services	education/teaching-training-facilitation,healthcare-human-services/physical-health	2	Perfusion Technology/Perfusionist.
medical-radiologic-technologyscience-radiation-therapist	51.0907	Medical Radiologic Technology/Science - Radiation Therapist.	education,healthcare-human-services	education/teaching-training-facilitation,healthcare-human-services/physical-health	5	Medical Radiologic Technology/Science - Radiation Therapist.
respiratory-care-therapytherapist	51.0908	Respiratory Care Therapy/Therapist.	education,healthcare-human-services	education/teaching-training-facilitation,healthcare-human-services/physical-health	3	Respiratory Care Therapy/Therapist.
surgical-technologytechnologist	51.0909	Surgical Technology/Technologist.	education,healthcare-human-services	education/teaching-training-facilitation,healthcare-human-services/physical-health	3	Surgical Technology/Technologist.
diagnostic-medical-sonographysonographer-and-ultrasound-technician	51.0910	Diagnostic Medical Sonography/Sonographer and Ultrasound Technician.	education,healthcare-human-services	education/teaching-training-facilitation,healthcare-human-services/physical-health	2	Diagnostic Medical Sonography/Sonographer and Ultrasound Technician.
radiologic-technologyscience-radiographer	51.0911	Radiologic Technology/Science - Radiographer.	education,healthcare-human-services	education/teaching-training-facilitation,healthcare-human-services/physical-health	2	Radiologic Technology/Science - Radiographer.
physician-assistant	51.0912	Physician Assistant.	education,healthcare-human-services	education/teaching-training-facilitation,healthcare-human-services/physical-health	2	Physician Assistant.
athletic-trainingtrainer	51.0913	Athletic Training/Trainer.	arts-entertainment-design,education	arts-entertainment-design/performing-arts,education/teaching-training-facilitation	2	Athletic Training/Trainer.
genegenetic-therapy	51.0914	Gene/Genetic Therapy.	education,healthcare-human-services	education/teaching-training-facilitation,healthcare-human-services/physical-health	2	Gene/Genetic Therapy.
cardiopulmonary-technologytechnologist	51.0915	Cardiopulmonary Technology/Technologist.	education,healthcare-human-services	education/teaching-training-facilitation,healthcare-human-services/physical-health	3	Cardiopulmonary Technology/Technologist.
radiation-protectionhealth-physics-technician	51.0916	Radiation Protection/Health Physics Technician.	advanced-manufacturing,education,energy-natural-resources,healthcare-human-services	advanced-manufacturing/engineering,advanced-manufacturing/safety-quality-assurance,education/teaching-training-facilitation,energy-natural-resources/clean-alternative-energy,healthcare-human-services/physical-health	4	Radiation Protection/Health Physics Technician.
polysomnography	51.0917	Polysomnography.	education,healthcare-human-services	education/teaching-training-facilitation,healthcare-human-services/physical-health	2	Polysomnography.
hearing-instrument-specialist	51.0918	Hearing Instrument Specialist.	healthcare-human-services	healthcare-human-services/physical-health	1	Hearing Instrument Specialist.
mammography-technologytechnician	51.0919	Mammography Technology/Technician.	education,healthcare-human-services	education/teaching-training-facilitation,healthcare-human-services/physical-health	2	Mammography Technology/Technician.
magnetic-resonance-imaging-mri-technologytechnician	51.0920	Magnetic Resonance Imaging (MRI) Technology/Technician.	education,healthcare-human-services	education/teaching-training-facilitation,healthcare-human-services/physical-health	2	Magnetic Resonance Imaging (MRI) Technology/Technician.
hyperbaric-medicine-technologytechnician	51.0921	Hyperbaric Medicine Technology/Technician.	education,healthcare-human-services	education/teaching-training-facilitation,healthcare-human-services/physical-health	2	Hyperbaric Medicine Technology/Technician.
intraoperative-neuromonitoring-technologytechnician	51.0922	Intraoperative Neuromonitoring Technology/Technician.	education,healthcare-human-services	education/teaching-training-facilitation,healthcare-human-services/physical-health	2	Intraoperative Neuromonitoring Technology/Technician.
orthopedic-technologytechnician	51.0923	Orthopedic Technology/Technician.	education,healthcare-human-services	education/teaching-training-facilitation,healthcare-human-services/physical-health	2	Orthopedic Technology/Technician.
allied-health-diagnostic-intervention-and-treatment-professions-other	51.0999	Allied Health Diagnostic, Intervention, and Treatment Professions, Other.	education,healthcare-human-services	education/teaching-training-facilitation,healthcare-human-services/physical-health	2	Allied Health Diagnostic, Intervention, and Treatment Professions, Other.
blood-bank-technology-specialist	51.1001	Blood Bank Technology Specialist.	education,healthcare-human-services	education/teaching-training-facilitation,healthcare-human-services/physical-health	2	Blood Bank Technology Specialist.
cytotechnologycytotechnologist	51.1002	Cytotechnology/Cytotechnologist.	education,healthcare-human-services	education/teaching-training-facilitation,healthcare-human-services/physical-health	2	Cytotechnology/Cytotechnologist.
hematology-technologytechnician	51.1003	Hematology Technology/Technician.	education,healthcare-human-services	education/teaching-training-facilitation,healthcare-human-services/physical-health	2	Hematology Technology/Technician.
clinicalmedical-laboratory-technician	51.1004	Clinical/Medical Laboratory Technician.	education,healthcare-human-services	education/teaching-training-facilitation,healthcare-human-services/physical-health	2	Clinical/Medical Laboratory Technician.
clinical-laboratory-sciencemedical-technologytechnologist	51.1005	Clinical Laboratory Science/Medical Technology/Technologist.	education,healthcare-human-services	education/teaching-training-facilitation,healthcare-human-services/physical-health	2	Clinical Laboratory Science/Medical Technology/Technologist.
ophthalmic-laboratory-technologytechnician	51.1006	Ophthalmic Laboratory Technology/Technician.	education,healthcare-human-services	education/teaching-training-facilitation,healthcare-human-services/physical-health	2	Ophthalmic Laboratory Technology/Technician.
histologic-technologyhistotechnologist	51.1007	Histologic Technology/Histotechnologist.	education,healthcare-human-services	education/teaching-training-facilitation,healthcare-human-services/physical-health	2	Histologic Technology/Histotechnologist.
histologic-technician	51.1008	Histologic Technician.	education,healthcare-human-services	education/teaching-training-facilitation,healthcare-human-services/physical-health	2	Histologic Technician.
phlebotomy-technicianphlebotomist	51.1009	Phlebotomy Technician/Phlebotomist.	education,healthcare-human-services	education/teaching-training-facilitation,healthcare-human-services/physical-health	2	Phlebotomy Technician/Phlebotomist.
cytogeneticsgeneticsclinical-genetics-technologytechnologist	51.1010	Cytogenetics/Genetics/Clinical Genetics Technology/Technologist.	education,healthcare-human-services	education/teaching-training-facilitation,healthcare-human-services/physical-health	2	Cytogenetics/Genetics/Clinical Genetics Technology/Technologist.
renaldialysis-technologisttechnician	51.1011	Renal/Dialysis Technologist/Technician.	education,healthcare-human-services	education/teaching-training-facilitation,healthcare-human-services/physical-health	2	Renal/Dialysis Technologist/Technician.
sterile-processing-technologytechnician	51.1012	Sterile Processing Technology/Technician.	education,healthcare-human-services	education/teaching-training-facilitation,healthcare-human-services/physical-health	3	Sterile Processing Technology/Technician.
clinicalmedical-laboratory-science-and-allied-professions-other	51.1099	Clinical/Medical Laboratory Science and Allied Professions, Other.	education,healthcare-human-services	education/teaching-training-facilitation,healthcare-human-services/physical-health	2	Clinical/Medical Laboratory Science and Allied Professions, Other.
medicine	51.1201	Medicine.	healthcare-human-services	healthcare-human-services/physical-health	17	Medicine.
osteopathic-medicineosteopathy	51.1202	Osteopathic Medicine/Osteopathy.	healthcare-human-services	healthcare-human-services/physical-health	17	Osteopathic Medicine/Osteopathy.
podiatric-medicinepodiatry	51.1203	Podiatric Medicine/Podiatry.	healthcare-human-services	healthcare-human-services/physical-health	1	Podiatric Medicine/Podiatry.
medical-sciencescientist	51.1401	Medical Science/Scientist.	healthcare-human-services,public-service-safety	healthcare-human-services/biotechnology-research-development,public-service-safety/local-state-federal-services	2	Medical Science/Scientist.
clinical-and-translational-science	51.1402	Clinical and Translational Science.	healthcare-human-services	healthcare-human-services/biotechnology-research-development	1	Clinical and Translational Science.
pain-management	51.1403	Pain Management.	healthcare-human-services	healthcare-human-services/physical-health	1	Pain Management.
temporomandibular-disorders-and-orofacial-pain	51.1404	Temporomandibular Disorders and Orofacial Pain.	healthcare-human-services	healthcare-human-services/physical-health	1	Temporomandibular Disorders and Orofacial Pain.
tropical-medicine	51.1405	Tropical Medicine.	education,healthcare-human-services	education/teaching-training-facilitation,healthcare-human-services/biotechnology-research-development	2	Tropical Medicine.
medical-clinical-sciencesgraduate-medical-studies-other	51.1499	Medical Clinical Sciences/Graduate Medical Studies, Other.	healthcare-human-services	healthcare-human-services/biotechnology-research-development	1	Medical Clinical Sciences/Graduate Medical Studies, Other.
substance-abuseaddiction-counseling	51.1501	Substance Abuse/Addiction Counseling.	education,healthcare-human-services	education/teaching-training-facilitation,healthcare-human-services/behavioral-mental-health	2	Substance Abuse/Addiction Counseling.
psychiatricmental-health-services-technician	51.1502	Psychiatric/Mental Health Services Technician.	healthcare-human-services	healthcare-human-services/physical-health	2	Psychiatric/Mental Health Services Technician.
clinicalmedical-social-work	51.1503	Clinical/Medical Social Work.	education,healthcare-human-services	education/teaching-training-facilitation,healthcare-human-services/behavioral-mental-health,healthcare-human-services/community-social-services	4	Clinical/Medical Social Work.
community-health-servicesliaisoncounseling	51.1504	Community Health Services/Liaison/Counseling.	healthcare-human-services	healthcare-human-services/community-social-services	2	Community Health Services/Liaison/Counseling.
marriage-and-family-therapycounseling	51.1505	Marriage and Family Therapy/Counseling.	education,healthcare-human-services	education/teaching-training-facilitation,healthcare-human-services/behavioral-mental-health	2	Marriage and Family Therapy/Counseling.
clinical-pastoral-counselingpatient-counseling	51.1506	Clinical Pastoral Counseling/Patient Counseling.	healthcare-human-services	healthcare-human-services/behavioral-mental-health,healthcare-human-services/community-social-services	5	Clinical Pastoral Counseling/Patient Counseling.
psychoanalysis-and-psychotherapy	51.1507	Psychoanalysis and Psychotherapy.	healthcare-human-services	healthcare-human-services/behavioral-mental-health	1	Psychoanalysis and Psychotherapy.
mental-health-counselingcounselor	51.1508	Mental Health Counseling/Counselor.	healthcare-human-services	healthcare-human-services/behavioral-mental-health	1	Mental Health Counseling/Counselor.
genetic-counselingcounselor	51.1509	Genetic Counseling/Counselor.	healthcare-human-services	healthcare-human-services/physical-health	1	Genetic Counseling/Counselor.
infanttoddler-mental-health-services	51.1510	Infant/Toddler Mental Health Services.	education,healthcare-human-services	education/learner-support-community-engagement,healthcare-human-services/behavioral-mental-health,healthcare-human-services/community-social-services	3	Infant/Toddler Mental Health Services.
medical-family-therapytherapist	51.1511	Medical Family Therapy/Therapist.	healthcare-human-services	healthcare-human-services/behavioral-mental-health,healthcare-human-services/community-social-services	2	Medical Family Therapy/Therapist.
hospice-and-palliative-care	51.1512	Hospice and Palliative Care.	healthcare-human-services	healthcare-human-services/community-social-services	2	Hospice and Palliative Care.
trauma-counseling	51.1513	Trauma Counseling.	healthcare-human-services	healthcare-human-services/behavioral-mental-health	1	Trauma Counseling.
optometry	51.1701	Optometry.	healthcare-human-services	healthcare-human-services/physical-health	1	Optometry.
opticianryophthalmic-dispensing-optician	51.1801	Opticianry/Ophthalmic Dispensing Optician.	healthcare-human-services	healthcare-human-services/physical-health	1	Opticianry/Ophthalmic Dispensing Optician.
optometric-technicianassistant	51.1802	Optometric Technician/Assistant.	healthcare-human-services	healthcare-human-services/physical-health	1	Optometric Technician/Assistant.
ophthalmic-techniciantechnologist	51.1803	Ophthalmic Technician/Technologist.	healthcare-human-services	healthcare-human-services/physical-health	1	Ophthalmic Technician/Technologist.
orthopticsorthoptist	51.1804	Orthoptics/Orthoptist.	healthcare-human-services	healthcare-human-services/physical-health	1	Orthoptics/Orthoptist.
pharmacy	51.2001	Pharmacy.	education,healthcare-human-services	education/teaching-training-facilitation,healthcare-human-services/health-data-administration,healthcare-human-services/physical-health	3	Pharmacy.
pharmacy-administration-and-pharmacy-policy-and-regulatory-affairs	51.2002	Pharmacy Administration and Pharmacy Policy and Regulatory Affairs.	education,healthcare-human-services	education/teaching-training-facilitation,healthcare-human-services/health-data-administration	2	Pharmacy Administration and Pharmacy Policy and Regulatory Affairs.
pharmaceutics-and-drug-design	51.2003	Pharmaceutics and Drug Design.	advanced-manufacturing,education,healthcare-human-services	advanced-manufacturing/engineering,education/teaching-training-facilitation,healthcare-human-services/biotechnology-research-development	3	Pharmaceutics and Drug Design.
medicinal-and-pharmaceutical-chemistry	51.2004	Medicinal and Pharmaceutical Chemistry.	advanced-manufacturing,education,healthcare-human-services	advanced-manufacturing/engineering,education/teaching-training-facilitation,healthcare-human-services/biotechnology-research-development	4	Medicinal and Pharmaceutical Chemistry.
natural-products-chemistry-and-pharmacognosy	51.2005	Natural Products Chemistry and Pharmacognosy.	education,healthcare-human-services	education/teaching-training-facilitation,healthcare-human-services/biotechnology-research-development	2	Natural Products Chemistry and Pharmacognosy.
clinical-and-industrial-drug-development	51.2006	Clinical and Industrial Drug Development.	advanced-manufacturing,education	advanced-manufacturing/production-automation,advanced-manufacturing/safety-quality-assurance,education/teaching-training-facilitation	3	Clinical and Industrial Drug Development.
pharmacoeconomicspharmaceutical-economics	51.2007	Pharmacoeconomics/Pharmaceutical Economics.	education,healthcare-human-services,management-entrepreneurship	education/teaching-training-facilitation,healthcare-human-services/health-data-administration,management-entrepreneurship/business-information-management,management-entrepreneurship/leadership-operations	4	Pharmacoeconomics/Pharmaceutical Economics.
clinical-hospital-and-managed-care-pharmacy	51.2008	Clinical, Hospital, and Managed Care Pharmacy.	education,healthcare-human-services	education/teaching-training-facilitation,healthcare-human-services/health-data-administration,healthcare-human-services/physical-health	3	Clinical, Hospital, and Managed Care Pharmacy.
industrial-and-physical-pharmacy-and-cosmetic-sciences	51.2009	Industrial and Physical Pharmacy and Cosmetic Sciences.	advanced-manufacturing,education,management-entrepreneurship	advanced-manufacturing/production-automation,education/teaching-training-facilitation,management-entrepreneurship/leadership-operations	3	Industrial and Physical Pharmacy and Cosmetic Sciences.
pharmaceutical-sciences	51.2010	Pharmaceutical Sciences.	education,healthcare-human-services	education/teaching-training-facilitation,healthcare-human-services/biotechnology-research-development	2	Pharmaceutical Sciences.
pharmaceutical-marketing-and-management	51.2011	Pharmaceutical Marketing and Management.	education,healthcare-human-services,marketing-sales	education/teaching-training-facilitation,healthcare-human-services/health-data-administration,marketing-sales/marketing-advertising,marketing-sales/retail-customer-experience	4	Pharmaceutical Marketing and Management.
pharmacy-pharmaceutical-sciences-and-administration-other	51.2099	Pharmacy, Pharmaceutical Sciences, and Administration, Other.	education	education/teaching-training-facilitation	1	Pharmacy, Pharmaceutical Sciences, and Administration, Other.
public-health-general	51.2201	Public Health, General.	education,healthcare-human-services	education/teaching-training-facilitation,healthcare-human-services/community-social-services,healthcare-human-services/health-data-administration	4	Public Health, General.
environmental-health	51.2202	Environmental Health.	advanced-manufacturing,education,energy-natural-resources,healthcare-human-services,public-service-safety	advanced-manufacturing/safety-quality-assurance,education/teaching-training-facilitation,energy-natural-resources/ecological-research-development,healthcare-human-services/biotechnology-research-development,public-service-safety/local-state-federal-services	6	Environmental Health.
healthmedical-physics	51.2205	Health/Medical  Physics.	education,healthcare-human-services	education/teaching-training-facilitation,healthcare-human-services/biotechnology-research-development	3	Health/Medical  Physics.
occupational-health-and-industrial-hygiene	51.2206	Occupational Health and Industrial Hygiene.	advanced-manufacturing,education	advanced-manufacturing/safety-quality-assurance,education/teaching-training-facilitation	3	Occupational Health and Industrial Hygiene.
public-health-education-and-promotion	51.2207	Public Health Education and Promotion.	education,healthcare-human-services	education/teaching-training-facilitation,healthcare-human-services/community-social-services	3	Public Health Education and Promotion.
community-health-and-preventive-medicine	51.2208	Community Health and Preventive Medicine.	education,healthcare-human-services	education/teaching-training-facilitation,healthcare-human-services/community-social-services,healthcare-human-services/health-data-administration	3	Community Health and Preventive Medicine.
maternal-and-child-health	51.2209	Maternal and Child Health.	education,healthcare-human-services	education/teaching-training-facilitation,healthcare-human-services/community-social-services	3	Maternal and Child Health.
international-public-healthinternational-health	51.2210	International Public Health/International Health.	healthcare-human-services	healthcare-human-services/community-social-services,healthcare-human-services/health-data-administration	2	International Public Health/International Health.
health-services-administration	51.2211	Health Services Administration.	healthcare-human-services	healthcare-human-services/health-data-administration	1	Health Services Administration.
behavioral-aspects-of-health	51.2212	Behavioral Aspects of Health.	education,healthcare-human-services	education/teaching-training-facilitation,healthcare-human-services/community-social-services	3	Behavioral Aspects of Health.
patient-safety-and-healthcare-quality	51.2213	Patient Safety and Healthcare Quality.	education,financial-services,healthcare-human-services,management-entrepreneurship,public-service-safety	education/teaching-training-facilitation,financial-services/insurance,healthcare-human-services/health-data-administration,management-entrepreneurship/regulation,public-service-safety/public-safety	5	Patient Safety and Healthcare Quality.
public-health-genetics	51.2214	Public Health Genetics.	education,healthcare-human-services	education/teaching-training-facilitation,healthcare-human-services/health-data-administration,healthcare-human-services/physical-health	3	Public Health Genetics.
public-health-other	51.2299	Public Health, Other.	education,healthcare-human-services	education/teaching-training-facilitation,healthcare-human-services/health-data-administration	2	Public Health, Other.
rehabilitation-and-therapeutic-professions-general	51.2300	Rehabilitation and Therapeutic Professions, General.	education,healthcare-human-services	education/teaching-training-facilitation,healthcare-human-services/behavioral-mental-health	2	Rehabilitation and Therapeutic Professions, General.
art-therapytherapist	51.2301	Art Therapy/Therapist.	education,healthcare-human-services	education/teaching-training-facilitation,healthcare-human-services/behavioral-mental-health	2	Art Therapy/Therapist.
dance-therapytherapist	51.2302	Dance Therapy/Therapist.	education,healthcare-human-services	education/teaching-training-facilitation,healthcare-human-services/behavioral-mental-health	2	Dance Therapy/Therapist.
music-therapytherapist	51.2305	Music Therapy/Therapist.	education,healthcare-human-services	education/teaching-training-facilitation,healthcare-human-services/behavioral-mental-health	2	Music Therapy/Therapist.
occupational-therapytherapist	51.2306	Occupational Therapy/Therapist.	education,healthcare-human-services	education/teaching-training-facilitation,healthcare-human-services/community-social-services	2	Occupational Therapy/Therapist.
orthotistprosthetist	51.2307	Orthotist/Prosthetist.	education,healthcare-human-services	education/teaching-training-facilitation,healthcare-human-services/physical-health	3	Orthotist/Prosthetist.
physical-therapytherapist	51.2308	Physical Therapy/Therapist.	education,healthcare-human-services	education/teaching-training-facilitation,healthcare-human-services/physical-health	2	Physical Therapy/Therapist.
therapeutic-recreationrecreational-therapy	51.2309	Therapeutic Recreation/Recreational Therapy.	education,healthcare-human-services	education/teaching-training-facilitation,healthcare-human-services/behavioral-mental-health	2	Therapeutic Recreation/Recreational Therapy.
vocational-rehabilitation-counselingcounselor	51.2310	Vocational Rehabilitation Counseling/Counselor.	education,healthcare-human-services	education/teaching-training-facilitation,healthcare-human-services/behavioral-mental-health	2	Vocational Rehabilitation Counseling/Counselor.
kinesiotherapykinesiotherapist	51.2311	Kinesiotherapy/Kinesiotherapist.	healthcare-human-services	healthcare-human-services/physical-health	2	Kinesiotherapy/Kinesiotherapist.
assistiveaugmentative-technology-and-rehabilitation-engineering	51.2312	Assistive/Augmentative Technology and Rehabilitation Engineering.	advanced-manufacturing,healthcare-human-services	advanced-manufacturing/engineering,healthcare-human-services/behavioral-mental-health,healthcare-human-services/physical-health	4	Assistive/Augmentative Technology and Rehabilitation Engineering.
animal-assisted-therapy	51.2313	Animal-Assisted Therapy.	education,healthcare-human-services	education/teaching-training-facilitation,healthcare-human-services/behavioral-mental-health	2	Animal-Assisted Therapy.
rehabilitation-science	51.2314	Rehabilitation Science.	education,healthcare-human-services	education/teaching-training-facilitation,healthcare-human-services/behavioral-mental-health	3	Rehabilitation Science.
drama-therapytherapist	51.2315	Drama Therapy/Therapist.	education,healthcare-human-services	education/teaching-training-facilitation,healthcare-human-services/behavioral-mental-health	2	Drama Therapy/Therapist.
horticulture-therapytherapist	51.2316	Horticulture Therapy/Therapist.	education,healthcare-human-services	education/teaching-training-facilitation,healthcare-human-services/behavioral-mental-health	2	Horticulture Therapy/Therapist.
play-therapytherapist	51.2317	Play Therapy/Therapist.	education,healthcare-human-services	education/teaching-training-facilitation,healthcare-human-services/behavioral-mental-health	2	Play Therapy/Therapist.
rehabilitation-and-therapeutic-professions-other	51.2399	Rehabilitation and Therapeutic Professions, Other.	education,healthcare-human-services	education/teaching-training-facilitation,healthcare-human-services/behavioral-mental-health	2	Rehabilitation and Therapeutic Professions, Other.
health-aide	51.2601	Health Aide.	healthcare-human-services	healthcare-human-services/physical-health	2	Health Aide.
home-health-aidehome-attendant	51.2602	Home Health Aide/Home Attendant.	healthcare-human-services	healthcare-human-services/personal-care-services	1	Home Health Aide/Home Attendant.
medication-aide	51.2603	Medication Aide.	healthcare-human-services	healthcare-human-services/physical-health	1	Medication Aide.
rehabilitation-aide	51.2604	Rehabilitation Aide.	healthcare-human-services	healthcare-human-services/behavioral-mental-health,healthcare-human-services/physical-health	3	Rehabilitation Aide.
physical-therapy-technicianaide	51.2605	Physical Therapy Technician/Aide.	healthcare-human-services	healthcare-human-services/physical-health	1	Physical Therapy Technician/Aide.
medical-illustrationmedical-illustrator	51.2703	Medical Illustration/Medical Illustrator.	arts-entertainment-design	arts-entertainment-design/fine-arts	1	Medical Illustration/Medical Illustrator.
medical-informatics	51.2706	Medical Informatics.	digital-technology,education,healthcare-human-services	digital-technology/data-science-ai,education/teaching-training-facilitation,healthcare-human-services/health-data-administration	4	Medical Informatics.
dieteticsdietitian	51.3101	Dietetics/Dietitian.	healthcare-human-services	healthcare-human-services/physical-health	2	Dietetics/Dietitian.
clinical-nutritionnutritionist	51.3102	Clinical Nutrition/Nutritionist.	healthcare-human-services	healthcare-human-services/physical-health	1	Clinical Nutrition/Nutritionist.
dietetic-technician	51.3103	Dietetic Technician.	healthcare-human-services	healthcare-human-services/physical-health	1	Dietetic Technician.
dietitian-assistant	51.3104	Dietitian Assistant.	healthcare-human-services	healthcare-human-services/physical-health	1	Dietitian Assistant.
dietetics-and-clinical-nutrition-services-other	51.3199	Dietetics and Clinical Nutrition Services, Other.	healthcare-human-services	healthcare-human-services/physical-health	1	Dietetics and Clinical Nutrition Services, Other.
bioethicsmedical-ethics	51.3201	Bioethics/Medical Ethics.	education,healthcare-human-services	education/teaching-training-facilitation,healthcare-human-services/community-social-services,healthcare-human-services/physical-health	3	Bioethics/Medical Ethics.
health-professions-education	51.3202	Health Professions Education.	education	education/education-administration-leadership,education/teaching-training-facilitation	3	Health Professions Education.
nursing-education	51.3203	Nursing Education.	education	education/education-administration-leadership,education/teaching-training-facilitation	2	Nursing Education.
medicalhealth-humanities	51.3204	Medical/Health Humanities.	education,healthcare-human-services,public-service-safety	education/teaching-training-facilitation,healthcare-human-services/health-data-administration,healthcare-human-services/physical-health,public-service-safety/local-state-federal-services	7	Medical/Health Humanities.
history-of-medicine	51.3205	History of Medicine.	education,healthcare-human-services	education/teaching-training-facilitation,healthcare-human-services/health-data-administration	2	History of Medicine.
arts-in-medicinehealth	51.3206	Arts in Medicine/Health.	healthcare-human-services	healthcare-human-services/community-social-services,healthcare-human-services/health-data-administration	2	Arts in Medicine/Health.
health-professions-education-ethics-and-humanities-other	51.3299	Health Professions Education, Ethics, and Humanities, Other.	education,healthcare-human-services	education/teaching-training-facilitation,healthcare-human-services/health-data-administration	2	Health Professions Education, Ethics, and Humanities, Other.
alternative-and-complementary-medicine-and-medical-systems-general	51.3300	Alternative and Complementary Medicine and Medical Systems, General.	healthcare-human-services	healthcare-human-services/physical-health	1	Alternative and Complementary Medicine and Medical Systems, General.
acupuncture-and-oriental-medicine	51.3301	Acupuncture and Oriental Medicine.	healthcare-human-services	healthcare-human-services/physical-health	2	Acupuncture and Oriental Medicine.
traditional-chinese-medicine-and-chinese-herbology	51.3302	Traditional Chinese Medicine and Chinese Herbology.	healthcare-human-services	healthcare-human-services/physical-health	1	Traditional Chinese Medicine and Chinese Herbology.
naturopathic-medicinenaturopathy	51.3303	Naturopathic Medicine/Naturopathy.	healthcare-human-services	healthcare-human-services/physical-health	1	Naturopathic Medicine/Naturopathy.
homeopathic-medicinehomeopathy	51.3304	Homeopathic Medicine/Homeopathy.	healthcare-human-services	healthcare-human-services/physical-health	1	Homeopathic Medicine/Homeopathy.
ayurvedic-medicineayurveda	51.3305	Ayurvedic Medicine/Ayurveda.	healthcare-human-services	healthcare-human-services/physical-health	1	Ayurvedic Medicine/Ayurveda.
holisticintegrative-health	51.3306	Holistic/Integrative Health.	healthcare-human-services	healthcare-human-services/physical-health	1	Holistic/Integrative Health.
alternative-and-complementary-medicine-and-medical-systems-other	51.3399	Alternative and Complementary Medicine and Medical Systems, Other.	healthcare-human-services	healthcare-human-services/physical-health	1	Alternative and Complementary Medicine and Medical Systems, Other.
direct-entry-midwifery	51.3401	Direct Entry Midwifery.	healthcare-human-services	healthcare-human-services/physical-health	1	Direct Entry Midwifery.
alternative-and-complementary-medical-support-services-other	51.3499	Alternative and Complementary Medical Support Services, Other.	healthcare-human-services	healthcare-human-services/physical-health	1	Alternative and Complementary Medical Support Services, Other.
massage-therapytherapeutic-massage	51.3501	Massage Therapy/Therapeutic Massage.	education,healthcare-human-services	education/teaching-training-facilitation,healthcare-human-services/personal-care-services	2	Massage Therapy/Therapeutic Massage.
asian-bodywork-therapy	51.3502	Asian Bodywork Therapy.	education,healthcare-human-services	education/teaching-training-facilitation,healthcare-human-services/personal-care-services	2	Asian Bodywork Therapy.
somatic-bodywork	51.3503	Somatic Bodywork.	education,healthcare-human-services	education/teaching-training-facilitation,healthcare-human-services/personal-care-services	2	Somatic Bodywork.
somatic-bodywork-and-related-therapeutic-services-other	51.3599	Somatic Bodywork and Related Therapeutic Services, Other.	education,healthcare-human-services	education/teaching-training-facilitation,healthcare-human-services/personal-care-services	2	Somatic Bodywork and Related Therapeutic Services, Other.
movement-therapy-and-movement-education	51.3601	Movement Therapy and Movement Education.	healthcare-human-services	healthcare-human-services/behavioral-mental-health	1	Movement Therapy and Movement Education.
yoga-teacher-trainingyoga-therapy	51.3602	Yoga Teacher Training/Yoga Therapy.	healthcare-human-services	healthcare-human-services/personal-care-services	1	Yoga Teacher Training/Yoga Therapy.
hypnotherapyhypnotherapist	51.3603	Hypnotherapy/Hypnotherapist.	education	education/teaching-training-facilitation	1	Hypnotherapy/Hypnotherapist.
aromatherapy	51.3701	Aromatherapy.	healthcare-human-services	healthcare-human-services/physical-health	1	Aromatherapy.
herbalismherbalist	51.3702	Herbalism/Herbalist.	healthcare-human-services	healthcare-human-services/physical-health	2	Herbalism/Herbalist.
polarity-therapy	51.3703	Polarity Therapy.	healthcare-human-services	healthcare-human-services/physical-health	1	Polarity Therapy.
reiki	51.3704	Reiki.	healthcare-human-services	healthcare-human-services/physical-health	1	Reiki.
energy-and-biologically-based-therapies-other	51.3799	Energy and Biologically Based Therapies, Other.	healthcare-human-services	healthcare-human-services/physical-health	1	Energy and Biologically Based Therapies, Other.
registered-nursingregistered-nurse	51.3801	Registered Nursing/Registered Nurse.	education,healthcare-human-services	education/teaching-training-facilitation,healthcare-human-services/physical-health	2	Registered Nursing/Registered Nurse.
nursing-administration	51.3802	Nursing Administration.	healthcare-human-services	healthcare-human-services/health-data-administration,healthcare-human-services/physical-health	3	Nursing Administration.
adult-health-nursenursing	51.3803	Adult Health Nurse/Nursing.	education,healthcare-human-services	education/teaching-training-facilitation,healthcare-human-services/physical-health	3	Adult Health Nurse/Nursing.
nurse-anesthetist	51.3804	Nurse Anesthetist.	education,healthcare-human-services	education/teaching-training-facilitation,healthcare-human-services/physical-health	2	Nurse Anesthetist.
family-practice-nursenursing	51.3805	Family Practice Nurse/Nursing.	education,healthcare-human-services	education/teaching-training-facilitation,healthcare-human-services/physical-health	3	Family Practice Nurse/Nursing.
maternalchild-health-and-neonatal-nursenursing	51.3806	Maternal/Child Health and Neonatal Nurse/Nursing.	education,healthcare-human-services	education/teaching-training-facilitation,healthcare-human-services/physical-health	3	Maternal/Child Health and Neonatal Nurse/Nursing.
nurse-midwifenursing-midwifery	51.3807	Nurse Midwife/Nursing Midwifery.	education,healthcare-human-services	education/teaching-training-facilitation,healthcare-human-services/physical-health	2	Nurse Midwife/Nursing Midwifery.
nursing-science	51.3808	Nursing Science.	education,healthcare-human-services	education/teaching-training-facilitation,healthcare-human-services/physical-health	3	Nursing Science.
pediatric-nursenursing	51.3809	Pediatric Nurse/Nursing.	education,healthcare-human-services	education/teaching-training-facilitation,healthcare-human-services/physical-health	3	Pediatric Nurse/Nursing.
psychiatricmental-health-nursenursing	51.3810	Psychiatric/Mental Health Nurse/Nursing.	education,healthcare-human-services	education/teaching-training-facilitation,healthcare-human-services/physical-health	3	Psychiatric/Mental Health Nurse/Nursing.
public-healthcommunity-nursenursing	51.3811	Public Health/Community Nurse/Nursing.	education,healthcare-human-services	education/teaching-training-facilitation,healthcare-human-services/physical-health	3	Public Health/Community Nurse/Nursing.
perioperativeoperating-room-and-surgical-nursenursing	51.3812	Perioperative/Operating Room and Surgical Nurse/Nursing.	education,healthcare-human-services	education/teaching-training-facilitation,healthcare-human-services/physical-health	3	Perioperative/Operating Room and Surgical Nurse/Nursing.
clinical-nurse-specialist	51.3813	Clinical Nurse Specialist.	education,healthcare-human-services	education/teaching-training-facilitation,healthcare-human-services/physical-health	3	Clinical Nurse Specialist.
critical-care-nursing	51.3814	Critical Care Nursing.	education,healthcare-human-services	education/teaching-training-facilitation,healthcare-human-services/physical-health	3	Critical Care Nursing.
occupational-and-environmental-health-nursing	51.3815	Occupational and Environmental Health Nursing.	education,healthcare-human-services	education/teaching-training-facilitation,healthcare-human-services/physical-health	3	Occupational and Environmental Health Nursing.
emergency-roomtrauma-nursing	51.3816	Emergency Room/Trauma Nursing.	education,healthcare-human-services	education/teaching-training-facilitation,healthcare-human-services/physical-health	3	Emergency Room/Trauma Nursing.
nursing-practice	51.3818	Nursing Practice.	education,healthcare-human-services	education/teaching-training-facilitation,healthcare-human-services/health-data-administration,healthcare-human-services/physical-health	4	Nursing Practice.
palliative-care-nursing	51.3819	Palliative Care Nursing.	education,healthcare-human-services	education/teaching-training-facilitation,healthcare-human-services/physical-health	3	Palliative Care Nursing.
clinical-nurse-leader	51.3820	Clinical Nurse Leader.	education,healthcare-human-services	education/teaching-training-facilitation,healthcare-human-services/health-data-administration,healthcare-human-services/physical-health	4	Clinical Nurse Leader.
geriatric-nursenursing	51.3821	Geriatric Nurse/Nursing.	education,healthcare-human-services	education/teaching-training-facilitation,healthcare-human-services/physical-health	3	Geriatric Nurse/Nursing.
womens-health-nursenursing	51.3822	Women's Health Nurse/Nursing.	education,healthcare-human-services	education/teaching-training-facilitation,healthcare-human-services/physical-health	3	Women's Health Nurse/Nursing.
forensic-nursing	51.3824	Forensic Nursing.	education,healthcare-human-services	education/teaching-training-facilitation,healthcare-human-services/physical-health	3	Forensic Nursing.
registered-nursing-nursing-administration-nursing-research-and-clinical-nursing-other	51.3899	Registered Nursing, Nursing Administration, Nursing Research and Clinical Nursing, Other.	education,healthcare-human-services	education/teaching-training-facilitation,healthcare-human-services/physical-health	3	Registered Nursing, Nursing Administration, Nursing Research and Clinical Nursing, Other.
licensed-practicalvocational-nurse-training	51.3901	Licensed Practical/Vocational Nurse Training.	healthcare-human-services	healthcare-human-services/physical-health	1	Licensed Practical/Vocational Nurse Training.
nursing-assistantaide-and-patient-care-assistantaide	51.3902	Nursing Assistant/Aide and Patient Care Assistant/Aide.	healthcare-human-services	healthcare-human-services/physical-health	1	Nursing Assistant/Aide and Patient Care Assistant/Aide.
practical-nursing-vocational-nursing-and-nursing-assistants-other	51.3999	Practical Nursing, Vocational Nursing and Nursing Assistants, Other.	healthcare-human-services	healthcare-human-services/physical-health	2	Practical Nursing, Vocational Nursing and Nursing Assistants, Other.
businesscommerce-general	52.0101	Business/Commerce, General.	advanced-manufacturing,arts-entertainment-design,construction,education,financial-services,healthcare-human-services,hospitality-events-tourism,management-entrepreneurship,marketing-sales,supply-chain-transportation	advanced-manufacturing/production-automation,arts-entertainment-design/performing-arts,construction/construction-planning-development,education/teaching-training-facilitation,financial-services/real-estate,healthcare-human-services/community-social-services,hospitality-events-tourism/travel-leisure,management-entrepreneurship/business-information-management,management-entrepreneurship/entrepreneurship-small-business,management-entrepreneurship/leadership-operations,management-entrepreneurship/project-management,marketing-sales/retail-customer-experience,supply-chain-transportation/planning-logistics	17	Business/Commerce, General.
business-administration-and-management-general	52.0201	Business Administration and Management, General.	advanced-manufacturing,arts-entertainment-design,construction,education,financial-services,healthcare-human-services,hospitality-events-tourism,management-entrepreneurship,marketing-sales,supply-chain-transportation	advanced-manufacturing/production-automation,arts-entertainment-design/performing-arts,construction/construction-planning-development,education/teaching-training-facilitation,financial-services/insurance,healthcare-human-services/community-social-services,hospitality-events-tourism/travel-leisure,management-entrepreneurship/business-information-management,management-entrepreneurship/entrepreneurship-small-business,management-entrepreneurship/leadership-operations,management-entrepreneurship/project-management,marketing-sales/retail-customer-experience,supply-chain-transportation/planning-logistics	23	Business Administration and Management, General.
purchasing-procurementacquisitions-and-contracts-management	52.0202	Purchasing, Procurement/Acquisitions and Contracts Management.	arts-entertainment-design,education,management-entrepreneurship,marketing-sales,supply-chain-transportation	arts-entertainment-design/performing-arts,education/teaching-training-facilitation,management-entrepreneurship/leadership-operations,marketing-sales/strategic-sales,supply-chain-transportation/purchasing-warehousing	6	Purchasing, Procurement/Acquisitions and Contracts Management.
logistics-materials-and-supply-chain-management	52.0203	Logistics, Materials, and Supply Chain Management.	education,supply-chain-transportation	education/teaching-training-facilitation,supply-chain-transportation/planning-logistics	4	Logistics, Materials, and Supply Chain Management.
office-management-and-supervision	52.0204	Office Management and Supervision.	management-entrepreneurship	management-entrepreneurship/leadership-operations	2	Office Management and Supervision.
operations-management-and-supervision	52.0205	Operations Management and Supervision.	advanced-manufacturing,construction,digital-technology,education,management-entrepreneurship,supply-chain-transportation	advanced-manufacturing/industrial-machinery,advanced-manufacturing/production-automation,construction/construction-planning-development,construction/equipment-operation-maintenance,digital-technology/web-cloud,education/teaching-training-facilitation,management-entrepreneurship/leadership-operations,supply-chain-transportation/planning-logistics	8	Operations Management and Supervision.
non-profitpublicorganizational-management	52.0206	Non-Profit/Public/Organizational Management.	education,financial-services,healthcare-human-services,hospitality-events-tourism,management-entrepreneurship,public-service-safety	education/education-administration-leadership,education/teaching-training-facilitation,financial-services/financial-strategy-investments,healthcare-human-services/community-social-services,healthcare-human-services/health-data-administration,hospitality-events-tourism/conferences-events,management-entrepreneurship/leadership-operations,public-service-safety/local-state-federal-services	9	Non-Profit/Public/Organizational Management.
customer-service-management	52.0207	Customer Service Management.	management-entrepreneurship	management-entrepreneurship/entrepreneurship-small-business,management-entrepreneurship/leadership-operations	2	Customer Service Management.
e-commerceelectronic-commerce	52.0208	E-Commerce/Electronic Commerce.	management-entrepreneurship,marketing-sales	management-entrepreneurship/business-information-management,management-entrepreneurship/entrepreneurship-small-business,management-entrepreneurship/leadership-operations,marketing-sales/retail-customer-experience	3	E-Commerce/Electronic Commerce.
transportationmobility-management	52.0209	Transportation/Mobility Management.	supply-chain-transportation	supply-chain-transportation/planning-logistics,supply-chain-transportation/purchasing-warehousing	1	Transportation/Mobility Management.
research-and-development-management	52.0210	Research and Development Management.	education,energy-natural-resources,healthcare-human-services,management-entrepreneurship	education/teaching-training-facilitation,energy-natural-resources/conservation-land-management,energy-natural-resources/ecological-research-development,healthcare-human-services/health-data-administration,management-entrepreneurship/leadership-operations	4	Research and Development Management.
project-management	52.0211	Project Management.	education,management-entrepreneurship	education/teaching-training-facilitation,management-entrepreneurship/leadership-operations,management-entrepreneurship/project-management	3	Project Management.
retail-management	52.0212	Retail Management.	arts-entertainment-design,education,management-entrepreneurship,marketing-sales	arts-entertainment-design/performing-arts,education/teaching-training-facilitation,management-entrepreneurship/entrepreneurship-small-business,management-entrepreneurship/leadership-operations,marketing-sales/retail-customer-experience	4	Retail Management.
organizational-leadership	52.0213	Organizational Leadership.	education,financial-services,hospitality-events-tourism,management-entrepreneurship	education/teaching-training-facilitation,financial-services/financial-strategy-investments,hospitality-events-tourism/conferences-events,management-entrepreneurship/business-information-management,management-entrepreneurship/entrepreneurship-small-business,management-entrepreneurship/leadership-operations	6	Organizational Leadership.
research-administration	52.0214	Research Administration.	education,energy-natural-resources,healthcare-human-services,hospitality-events-tourism,management-entrepreneurship	education/education-administration-leadership,energy-natural-resources/conservation-land-management,energy-natural-resources/ecological-research-development,healthcare-human-services/health-data-administration,hospitality-events-tourism/conferences-events,management-entrepreneurship/leadership-operations	5	Research Administration.
risk-management	52.0215	Risk Management.	financial-services,management-entrepreneurship	financial-services/financial-strategy-investments,financial-services/insurance,management-entrepreneurship/leadership-operations,management-entrepreneurship/regulation	5	Risk Management.
sciencetechnology-management	52.0216	Science/Technology Management.	advanced-manufacturing,energy-natural-resources,healthcare-human-services,management-entrepreneurship	advanced-manufacturing/engineering,advanced-manufacturing/production-automation,energy-natural-resources/conservation-land-management,energy-natural-resources/ecological-research-development,healthcare-human-services/health-data-administration,management-entrepreneurship/entrepreneurship-small-business,management-entrepreneurship/leadership-operations,management-entrepreneurship/project-management	6	Science/Technology Management.
accounting	52.0301	Accounting.	education,financial-services,public-service-safety	education/teaching-training-facilitation,financial-services/accounting,financial-services/banking-credit,financial-services/financial-strategy-investments,financial-services/real-estate,public-service-safety/local-state-federal-services	9	Accounting.
accounting-technologytechnician-and-bookkeeping	52.0302	Accounting Technology/Technician and Bookkeeping.	financial-services,management-entrepreneurship	financial-services/accounting,financial-services/financial-strategy-investments,management-entrepreneurship/entrepreneurship-small-business,management-entrepreneurship/leadership-operations	5	Accounting Technology/Technician and Bookkeeping.
auditing	52.0303	Auditing.	education,financial-services	education/teaching-training-facilitation,financial-services/accounting,financial-services/banking-credit	3	Auditing.
accounting-and-finance	52.0304	Accounting and Finance.	education,financial-services,management-entrepreneurship,public-service-safety	education/teaching-training-facilitation,financial-services/accounting,financial-services/financial-strategy-investments,financial-services/real-estate,management-entrepreneurship/regulation,public-service-safety/local-state-federal-services	7	Accounting and Finance.
accounting-and-businessmanagement	52.0305	Accounting and Business/Management.	education,financial-services,management-entrepreneurship	education/teaching-training-facilitation,financial-services/accounting,financial-services/financial-strategy-investments,financial-services/real-estate,management-entrepreneurship/regulation	6	Accounting and Business/Management.
administrative-assistant-and-secretarial-science-general	52.0401	Administrative Assistant and Secretarial Science, General.	management-entrepreneurship	management-entrepreneurship/leadership-operations	4	Administrative Assistant and Secretarial Science, General.
executive-assistantexecutive-secretary	52.0402	Executive Assistant/Executive Secretary.	management-entrepreneurship	management-entrepreneurship/leadership-operations	3	Executive Assistant/Executive Secretary.
receptionist	52.0406	Receptionist.	hospitality-events-tourism,management-entrepreneurship,marketing-sales	hospitality-events-tourism/accommodations,management-entrepreneurship/leadership-operations,marketing-sales/retail-customer-experience	3	Receptionist.
businessoffice-automationtechnologydata-entry	52.0407	Business/Office Automation/Technology/Data Entry.	management-entrepreneurship	management-entrepreneurship/leadership-operations	2	Business/Office Automation/Technology/Data Entry.
general-office-occupations-and-clerical-services	52.0408	General Office Occupations and Clerical Services.	financial-services,management-entrepreneurship,public-service-safety,supply-chain-transportation	financial-services/financial-strategy-investments,financial-services/insurance,management-entrepreneurship/leadership-operations,public-service-safety/local-state-federal-services,supply-chain-transportation/ground-rail-transportation,supply-chain-transportation/marine-transportation,supply-chain-transportation/purchasing-warehousing	8	General Office Occupations and Clerical Services.
parts-warehousing-and-inventory-management-operations	52.0409	Parts, Warehousing, and Inventory Management Operations.	supply-chain-transportation	supply-chain-transportation/purchasing-warehousing	1	Parts, Warehousing, and Inventory Management Operations.
traffic-customs-and-transportation-clerktechnician	52.0410	Traffic, Customs, and Transportation Clerk/Technician.	public-service-safety,supply-chain-transportation	public-service-safety/public-safety,supply-chain-transportation/ground-rail-transportation,supply-chain-transportation/marine-transportation	2	Traffic, Customs, and Transportation Clerk/Technician.
customer-service-supportcall-centerteleservice-operation	52.0411	Customer Service Support/Call Center/Teleservice Operation.	management-entrepreneurship,marketing-sales	management-entrepreneurship/leadership-operations,marketing-sales/retail-customer-experience	2	Customer Service Support/Call Center/Teleservice Operation.
business-operations-support-and-secretarial-services-other	52.0499	Business Operations Support and Secretarial Services, Other.	management-entrepreneurship	management-entrepreneurship/business-information-management	1	Business Operations Support and Secretarial Services, Other.
businesscorporate-communications-general	52.0501	Business/Corporate Communications, General.	arts-entertainment-design,education,management-entrepreneurship	arts-entertainment-design/media-production-broadcasting,education/teaching-training-facilitation,management-entrepreneurship/leadership-operations	8	Business/Corporate Communications, General.
grantsmanship	52.0502	Grantsmanship.	arts-entertainment-design,financial-services,hospitality-events-tourism	arts-entertainment-design/media-production-broadcasting,financial-services/financial-strategy-investments,hospitality-events-tourism/conferences-events	4	Grantsmanship.
businesscorporate-communications-other	52.0599	Business/Corporate Communications, Other.	arts-entertainment-design,education,management-entrepreneurship	arts-entertainment-design/media-production-broadcasting,education/teaching-training-facilitation,management-entrepreneurship/entrepreneurship-small-business,management-entrepreneurship/leadership-operations	7	Business/Corporate Communications, Other.
businessmanagerial-economics	52.0601	Business/Managerial Economics.	education,energy-natural-resources,financial-services,healthcare-human-services,management-entrepreneurship,public-service-safety	education/teaching-training-facilitation,energy-natural-resources/ecological-research-development,financial-services/financial-strategy-investments,healthcare-human-services/biotechnology-research-development,management-entrepreneurship/business-information-management,public-service-safety/local-state-federal-services	5	Business/Managerial Economics.
entrepreneurshipentrepreneurial-studies	52.0701	Entrepreneurship/Entrepreneurial Studies.	education,management-entrepreneurship	education/teaching-training-facilitation,management-entrepreneurship/entrepreneurship-small-business,management-entrepreneurship/leadership-operations	4	Entrepreneurship/Entrepreneurial Studies.
franchising-and-franchise-operations	52.0702	Franchising and Franchise Operations.	education,management-entrepreneurship	education/teaching-training-facilitation,management-entrepreneurship/leadership-operations	2	Franchising and Franchise Operations.
small-business-administrationmanagement	52.0703	Small Business Administration/Management.	arts-entertainment-design,management-entrepreneurship	arts-entertainment-design/performing-arts,management-entrepreneurship/entrepreneurship-small-business,management-entrepreneurship/leadership-operations	2	Small Business Administration/Management.
social-entrepreneurship	52.0704	Social Entrepreneurship.	management-entrepreneurship	management-entrepreneurship/entrepreneurship-small-business,management-entrepreneurship/leadership-operations	3	Social Entrepreneurship.
finance-general	52.0801	Finance, General.	education,financial-services,management-entrepreneurship,public-service-safety	education/teaching-training-facilitation,financial-services/accounting,financial-services/banking-credit,financial-services/financial-strategy-investments,financial-services/insurance,financial-services/real-estate,management-entrepreneurship/leadership-operations,management-entrepreneurship/regulation,public-service-safety/local-state-federal-services	13	Finance, General.
banking-and-financial-support-services	52.0803	Banking and Financial Support Services.	financial-services	financial-services/accounting,financial-services/banking-credit	6	Banking and Financial Support Services.
financial-planning-and-services	52.0804	Financial Planning and Services.	education,financial-services	education/teaching-training-facilitation,financial-services/accounting,financial-services/banking-credit,financial-services/financial-strategy-investments	4	Financial Planning and Services.
international-finance	52.0806	International Finance.	education,financial-services,management-entrepreneurship	education/teaching-training-facilitation,financial-services/financial-strategy-investments,management-entrepreneurship/regulation	4	International Finance.
investments-and-securities	52.0807	Investments and Securities.	education,financial-services	education/teaching-training-facilitation,financial-services/financial-strategy-investments	4	Investments and Securities.
public-finance	52.0808	Public Finance.	education,financial-services,management-entrepreneurship,public-service-safety	education/teaching-training-facilitation,financial-services/financial-strategy-investments,management-entrepreneurship/regulation,public-service-safety/local-state-federal-services	5	Public Finance.
credit-management	52.0809	Credit Management.	financial-services,management-entrepreneurship	financial-services/banking-credit,management-entrepreneurship/regulation	4	Credit Management.
financial-risk-management	52.0810	Financial Risk Management.	education,financial-services,management-entrepreneurship	education/teaching-training-facilitation,financial-services/banking-credit,financial-services/financial-strategy-investments,financial-services/insurance,management-entrepreneurship/leadership-operations,management-entrepreneurship/regulation	7	Financial Risk Management.
finance-and-financial-management-services-other	52.0899	Finance and Financial Management Services, Other.	management-entrepreneurship	management-entrepreneurship/regulation	1	Finance and Financial Management Services, Other.
hospitality-administrationmanagement-general	52.0901	Hospitality Administration/Management, General.	arts-entertainment-design,hospitality-events-tourism	arts-entertainment-design/performing-arts,hospitality-events-tourism/accommodations,hospitality-events-tourism/culinary-food-services,hospitality-events-tourism/travel-leisure	4	Hospitality Administration/Management, General.
tourism-and-travel-services-management	52.0903	Tourism and Travel Services Management.	arts-entertainment-design,hospitality-events-tourism,management-entrepreneurship	arts-entertainment-design/performing-arts,hospitality-events-tourism/travel-leisure,management-entrepreneurship/leadership-operations	3	Tourism and Travel Services Management.
hotelmotel-administrationmanagement	52.0904	Hotel/Motel Administration/Management.	hospitality-events-tourism,management-entrepreneurship	hospitality-events-tourism/accommodations,hospitality-events-tourism/culinary-food-services,management-entrepreneurship/business-information-management,management-entrepreneurship/leadership-operations	4	Hotel/Motel Administration/Management.
restaurantfood-services-management	52.0905	Restaurant/Food Services Management.	hospitality-events-tourism	hospitality-events-tourism/accommodations,hospitality-events-tourism/culinary-food-services	2	Restaurant/Food Services Management.
resort-management	52.0906	Resort Management.	hospitality-events-tourism	hospitality-events-tourism/accommodations,hospitality-events-tourism/travel-leisure	2	Resort Management.
meeting-and-event-planning	52.0907	Meeting and Event Planning.	hospitality-events-tourism	hospitality-events-tourism/conferences-events	1	Meeting and Event Planning.
casino-management	52.0908	Casino Management.	hospitality-events-tourism	hospitality-events-tourism/travel-leisure	2	Casino Management.
hotel-motel-and-restaurant-management	52.0909	Hotel, Motel, and Restaurant Management.	education,hospitality-events-tourism	education/teaching-training-facilitation,hospitality-events-tourism/accommodations,hospitality-events-tourism/culinary-food-services	3	Hotel, Motel, and Restaurant Management.
brewerybrewpub-operationsmanagement	52.0910	Brewery/Brewpub Operations/Management.	hospitality-events-tourism	hospitality-events-tourism/culinary-food-services	1	Brewery/Brewpub Operations/Management.
hospitality-administrationmanagement-other	52.0999	Hospitality Administration/Management, Other.	hospitality-events-tourism,management-entrepreneurship	hospitality-events-tourism/accommodations,hospitality-events-tourism/culinary-food-services,management-entrepreneurship/leadership-operations	3	Hospitality Administration/Management, Other.
human-resources-managementpersonnel-administration-general	52.1001	Human Resources Management/Personnel Administration, General.	education,financial-services,management-entrepreneurship,public-service-safety	education/teaching-training-facilitation,financial-services/insurance,management-entrepreneurship/leadership-operations,public-service-safety/public-safety	10	Human Resources Management/Personnel Administration, General.
labor-and-industrial-relations	52.1002	Labor and Industrial Relations.	education,financial-services,management-entrepreneurship,public-service-safety	education/teaching-training-facilitation,financial-services/insurance,management-entrepreneurship/leadership-operations,public-service-safety/public-safety	6	Labor and Industrial Relations.
organizational-behavior-studies	52.1003	Organizational Behavior Studies.	education,management-entrepreneurship	education/teaching-training-facilitation,management-entrepreneurship/leadership-operations	5	Organizational Behavior Studies.
labor-studies	52.1004	Labor Studies.	education,management-entrepreneurship	education/teaching-training-facilitation,management-entrepreneurship/leadership-operations	3	Labor Studies.
human-resources-development	52.1005	Human Resources Development.	management-entrepreneurship	management-entrepreneurship/leadership-operations	1	Human Resources Development.
executivecareer-coaching	52.1006	Executive/Career Coaching.	education,healthcare-human-services,management-entrepreneurship	education/learner-support-community-engagement,healthcare-human-services/behavioral-mental-health,healthcare-human-services/community-social-services,management-entrepreneurship/leadership-operations	6	Executive/Career Coaching.
human-resources-management-and-services-other	52.1099	Human Resources Management and Services, Other.	management-entrepreneurship	management-entrepreneurship/leadership-operations	2	Human Resources Management and Services, Other.
international-businesstradecommerce	52.1101	International Business/Trade/Commerce.	education,management-entrepreneurship	education/teaching-training-facilitation,management-entrepreneurship/business-information-management,management-entrepreneurship/leadership-operations	4	International Business/Trade/Commerce.
management-information-systems-general	52.1201	Management Information Systems, General.	digital-technology,education	digital-technology/network-systems-cybersecurity,digital-technology/software-solutions,digital-technology/web-cloud,education/teaching-training-facilitation	4	Management Information Systems, General.
information-resources-management	52.1206	Information Resources Management.	digital-technology,education	digital-technology/web-cloud,education/teaching-training-facilitation	2	Information Resources Management.
knowledge-management	52.1207	Knowledge Management.	digital-technology,education	digital-technology/web-cloud,education/teaching-training-facilitation	2	Knowledge Management.
management-information-systems-and-services-other	52.1299	Management Information Systems and Services, Other.	digital-technology,education	digital-technology/web-cloud,education/teaching-training-facilitation	2	Management Information Systems and Services, Other.
management-science	52.1301	Management Science.	digital-technology,education,management-entrepreneurship	digital-technology/data-science-ai,education/teaching-training-facilitation,management-entrepreneurship/business-information-management,management-entrepreneurship/leadership-operations	6	Management Science.
business-statistics	52.1302	Business Statistics.	digital-technology,education,energy-natural-resources,financial-services,healthcare-human-services,management-entrepreneurship,public-service-safety	digital-technology/data-science-ai,education/teaching-training-facilitation,energy-natural-resources/ecological-research-development,financial-services/financial-strategy-investments,healthcare-human-services/biotechnology-research-development,management-entrepreneurship/business-information-management,public-service-safety/local-state-federal-services	5	Business Statistics.
actuarial-science	52.1304	Actuarial Science.	education,financial-services	education/teaching-training-facilitation,financial-services/financial-strategy-investments,financial-services/insurance	4	Actuarial Science.
marketingmarketing-management-general	52.1401	Marketing/Marketing Management, General.	education,financial-services,hospitality-events-tourism,marketing-sales	education/teaching-training-facilitation,financial-services/financial-strategy-investments,hospitality-events-tourism/conferences-events,marketing-sales/market-research-analytics-ethics,marketing-sales/marketing-advertising,marketing-sales/retail-customer-experience	7	Marketing/Marketing Management, General.
marketing-research	52.1402	Marketing Research.	education,healthcare-human-services,marketing-sales,public-service-safety	education/teaching-training-facilitation,healthcare-human-services/biotechnology-research-development,marketing-sales/market-research-analytics-ethics,marketing-sales/marketing-advertising,public-service-safety/local-state-federal-services	4	Marketing Research.
international-marketing	52.1403	International Marketing.	education,marketing-sales	education/teaching-training-facilitation,marketing-sales/market-research-analytics-ethics,marketing-sales/marketing-advertising	3	International Marketing.
digital-marketing	52.1404	Digital Marketing.	digital-technology,education,marketing-sales	digital-technology/web-cloud,education/teaching-training-facilitation,marketing-sales/market-research-analytics-ethics,marketing-sales/marketing-advertising	4	Digital Marketing.
marketing-other	52.1499	Marketing, Other.	education,marketing-sales	education/teaching-training-facilitation,marketing-sales/market-research-analytics-ethics,marketing-sales/marketing-advertising	3	Marketing, Other.
real-estate	52.1501	Real Estate.	financial-services	financial-services/real-estate	4	Real Estate.
taxation	52.1601	Taxation.	financial-services,public-service-safety	financial-services/accounting,financial-services/banking-credit,financial-services/financial-strategy-investments,financial-services/real-estate,public-service-safety/local-state-federal-services	5	Taxation.
insurance	52.1701	Insurance.	education,financial-services,management-entrepreneurship	education/teaching-training-facilitation,financial-services/insurance,financial-services/real-estate,management-entrepreneurship/leadership-operations	8	Insurance.
sales-distribution-and-marketing-operations-general	52.1801	Sales, Distribution, and Marketing Operations, General.	education,marketing-sales,supply-chain-transportation	education/teaching-training-facilitation,marketing-sales/strategic-sales,supply-chain-transportation/purchasing-warehousing	3	Sales, Distribution, and Marketing Operations, General.
merchandising-and-buying-operations	52.1802	Merchandising and Buying Operations.	marketing-sales	marketing-sales/strategic-sales	1	Merchandising and Buying Operations.
retailing-and-retail-operations	52.1803	Retailing and Retail Operations.	marketing-sales	marketing-sales/marketing-advertising,marketing-sales/retail-customer-experience,marketing-sales/strategic-sales	4	Retailing and Retail Operations.
selling-skills-and-sales-operations	52.1804	Selling Skills and Sales Operations.	hospitality-events-tourism,marketing-sales	hospitality-events-tourism/travel-leisure,marketing-sales/retail-customer-experience,marketing-sales/strategic-sales	8	Selling Skills and Sales Operations.
general-merchandising-sales-and-related-marketing-operations-other	52.1899	General Merchandising, Sales, and Related Marketing Operations, Other.	marketing-sales	marketing-sales/retail-customer-experience,marketing-sales/strategic-sales	4	General Merchandising, Sales, and Related Marketing Operations, Other.
auctioneering	52.1901	Auctioneering.	marketing-sales	marketing-sales/retail-customer-experience	1	Auctioneering.
fashion-merchandising	52.1902	Fashion Merchandising.	marketing-sales	marketing-sales/strategic-sales	2	Fashion Merchandising.
fashion-modeling	52.1903	Fashion Modeling.	arts-entertainment-design	arts-entertainment-design/fashion-interiors,arts-entertainment-design/performing-arts	2	Fashion Modeling.
apparel-and-accessories-marketing-operations	52.1904	Apparel and Accessories Marketing Operations.	marketing-sales	marketing-sales/market-research-analytics-ethics,marketing-sales/strategic-sales	3	Apparel and Accessories Marketing Operations.
tourism-and-travel-services-marketing-operations	52.1905	Tourism and Travel Services Marketing Operations.	hospitality-events-tourism,marketing-sales	hospitality-events-tourism/travel-leisure,marketing-sales/market-research-analytics-ethics	2	Tourism and Travel Services Marketing Operations.
tourism-promotion-operations	52.1906	Tourism Promotion Operations.	marketing-sales	marketing-sales/market-research-analytics-ethics	1	Tourism Promotion Operations.
vehicle-and-vehicle-parts-and-accessories-marketing-operations	52.1907	Vehicle and Vehicle Parts and Accessories Marketing Operations.	marketing-sales	marketing-sales/market-research-analytics-ethics,marketing-sales/retail-customer-experience	2	Vehicle and Vehicle Parts and Accessories Marketing Operations.
business-and-personalfinancial-services-marketing-operations	52.1908	Business and Personal/Financial Services Marketing Operations.	financial-services,marketing-sales	financial-services/financial-strategy-investments,marketing-sales/market-research-analytics-ethics	2	Business and Personal/Financial Services Marketing Operations.
special-products-marketing-operations	52.1909	Special Products Marketing Operations.	marketing-sales	marketing-sales/market-research-analytics-ethics,marketing-sales/retail-customer-experience,marketing-sales/strategic-sales	5	Special Products Marketing Operations.
hospitality-and-recreation-marketing-operations	52.1910	Hospitality and Recreation Marketing Operations.	marketing-sales	marketing-sales/market-research-analytics-ethics,marketing-sales/marketing-advertising	2	Hospitality and Recreation Marketing Operations.
construction-management-general	52.2001	Construction Management, General.	construction	construction/construction-planning-development	1	Construction Management, General.
construction-project-management	52.2002	Construction Project Management.	construction,education,management-entrepreneurship	construction/construction-planning-development,education/teaching-training-facilitation,management-entrepreneurship/project-management	3	Construction Project Management.
construction-management-other	52.2099	Construction Management, Other.	construction,education	construction/construction-planning-development,education/teaching-training-facilitation	2	Construction Management, Other.
telecommunications-management	52.2101	Telecommunications Management.	digital-technology,education,management-entrepreneurship	digital-technology/web-cloud,education/teaching-training-facilitation,management-entrepreneurship/leadership-operations	3	Telecommunications Management.
history-general	54.0101	History, General.	education,hospitality-events-tourism,management-entrepreneurship	education/teaching-training-facilitation,hospitality-events-tourism/travel-leisure,management-entrepreneurship/leadership-operations	5	History, General.
american-history-united-states	54.0102	American  History (United States).	education,management-entrepreneurship	education/teaching-training-facilitation,management-entrepreneurship/leadership-operations	4	American  History (United States).
european-history	54.0103	European History.	education,management-entrepreneurship	education/teaching-training-facilitation,management-entrepreneurship/leadership-operations	3	European History.
history-and-philosophy-of-science-and-technology	54.0104	History and Philosophy of Science and Technology.	education,management-entrepreneurship	education/teaching-training-facilitation,management-entrepreneurship/leadership-operations	3	History and Philosophy of Science and Technology.
publicapplied-history	54.0105	Public/Applied History.	arts-entertainment-design,education,hospitality-events-tourism,management-entrepreneurship	arts-entertainment-design/fine-arts,education/learner-support-community-engagement,education/teaching-training-facilitation,hospitality-events-tourism/travel-leisure,management-entrepreneurship/leadership-operations	6	Public/Applied History.
asian-history	54.0106	Asian History.	education,management-entrepreneurship	education/teaching-training-facilitation,management-entrepreneurship/leadership-operations	3	Asian History.
canadian-history	54.0107	Canadian History.	education,management-entrepreneurship	education/teaching-training-facilitation,management-entrepreneurship/leadership-operations	3	Canadian History.
military-history	54.0108	Military History.	education,management-entrepreneurship	education/teaching-training-facilitation,management-entrepreneurship/leadership-operations	3	Military History.
history-other	54.0199	History, Other.	education,management-entrepreneurship	education/teaching-training-facilitation,management-entrepreneurship/leadership-operations	3	History, Other.
oral-and-maxillofacial-surgery-residency-program	60.0101	Oral and Maxillofacial Surgery Residency Program.	healthcare-human-services	healthcare-human-services/physical-health	1	Oral and Maxillofacial Surgery Residency Program.
dental-public-health-residency-program	60.0102	Dental Public Health Residency Program.	healthcare-human-services	healthcare-human-services/physical-health	2	Dental Public Health Residency Program.
endodontics-residency-program	60.0103	Endodontics Residency Program.	healthcare-human-services	healthcare-human-services/physical-health	1	Endodontics Residency Program.
oral-and-maxillofacial-pathology-residency-program	60.0104	Oral and Maxillofacial Pathology Residency Program.	healthcare-human-services	healthcare-human-services/physical-health	1	Oral and Maxillofacial Pathology Residency Program.
orthodontics-residency-program	60.0105	Orthodontics Residency Program.	healthcare-human-services	healthcare-human-services/physical-health	1	Orthodontics Residency Program.
pediatric-dentistry-residency-program	60.0106	Pediatric Dentistry Residency Program.	healthcare-human-services	healthcare-human-services/physical-health	2	Pediatric Dentistry Residency Program.
periodontology-residency-program	60.0107	Periodontology Residency Program.	healthcare-human-services	healthcare-human-services/physical-health	1	Periodontology Residency Program.
prosthodontics-residency-program	60.0108	Prosthodontics Residency Program.	healthcare-human-services	healthcare-human-services/physical-health	1	Prosthodontics Residency Program.
oral-and-maxillofacial-radiology-residency-program	60.0109	Oral and Maxillofacial Radiology Residency Program.	healthcare-human-services	healthcare-human-services/physical-health	1	Oral and Maxillofacial Radiology Residency Program.
implantology-fellowship-program	60.0110	Implantology Fellowship Program.	healthcare-human-services	healthcare-human-services/physical-health	1	Implantology Fellowship Program.
dental-residencyfellowship-program-other	60.0199	Dental Residency/Fellowship Program, Other.	healthcare-human-services	healthcare-human-services/physical-health	1	Dental Residency/Fellowship Program, Other.
veterinary-anesthesiology-residency-program	60.0301	Veterinary Anesthesiology Residency Program.	agriculture	agriculture/animal-systems	1	Veterinary Anesthesiology Residency Program.
veterinary-dentistry-residency-program	60.0302	Veterinary Dentistry Residency Program.	agriculture	agriculture/animal-systems	1	Veterinary Dentistry Residency Program.
veterinary-dermatology-residency-program	60.0303	Veterinary Dermatology Residency Program.	agriculture	agriculture/animal-systems	1	Veterinary Dermatology Residency Program.
veterinary-emergency-and-critical-care-medicine-residency-program	60.0304	Veterinary Emergency and Critical Care Medicine Residency Program.	agriculture	agriculture/animal-systems	1	Veterinary Emergency and Critical Care Medicine Residency Program.
veterinary-internal-medicine-residency-program	60.0305	Veterinary Internal Medicine Residency Program.	agriculture	agriculture/animal-systems	1	Veterinary Internal Medicine Residency Program.
laboratory-animal-medicine-residency-program	60.0306	Laboratory Animal Medicine Residency Program.	agriculture	agriculture/animal-systems	1	Laboratory Animal Medicine Residency Program.
veterinary-microbiology-residency-program	60.0307	Veterinary Microbiology Residency Program.	agriculture	agriculture/animal-systems	1	Veterinary Microbiology Residency Program.
veterinary-nutrition-residency-program	60.0308	Veterinary Nutrition Residency Program.	agriculture	agriculture/animal-systems	1	Veterinary Nutrition Residency Program.
veterinary-ophthalmology-residency-program	60.0309	Veterinary Ophthalmology Residency Program.	agriculture	agriculture/animal-systems	1	Veterinary Ophthalmology Residency Program.
veterinary-pathology-residency-program	60.0310	Veterinary Pathology Residency Program.	agriculture	agriculture/animal-systems	1	Veterinary Pathology Residency Program.
veterinary-practice-residency-program	60.0311	Veterinary Practice Residency Program.	agriculture	agriculture/animal-systems	1	Veterinary Practice Residency Program.
veterinary-preventive-medicine-residency-program	60.0312	Veterinary Preventive Medicine Residency Program.	agriculture	agriculture/animal-systems	1	Veterinary Preventive Medicine Residency Program.
veterinary-radiology-residency-program	60.0313	Veterinary Radiology Residency Program.	agriculture	agriculture/animal-systems	1	Veterinary Radiology Residency Program.
veterinary-surgery-residency-program	60.0314	Veterinary Surgery Residency Program.	agriculture	agriculture/animal-systems	1	Veterinary Surgery Residency Program.
theriogenology-residency-program	60.0315	Theriogenology Residency Program.	agriculture	agriculture/animal-systems	1	Theriogenology Residency Program.
veterinary-toxicology-residency-program	60.0316	Veterinary Toxicology Residency Program.	agriculture	agriculture/animal-systems	1	Veterinary Toxicology Residency Program.
zoological-medicine-residency-program	60.0317	Zoological Medicine Residency Program.	agriculture	agriculture/animal-systems	1	Zoological Medicine Residency Program.
poultry-veterinarian-residency-program	60.0318	Poultry Veterinarian Residency Program.	agriculture	agriculture/animal-systems	1	Poultry Veterinarian Residency Program.
veterinary-behaviorist-residency-program	60.0319	Veterinary Behaviorist Residency Program.	agriculture	agriculture/animal-systems	1	Veterinary Behaviorist Residency Program.
veterinary-clinical-pharmacology-residency-program	60.0320	Veterinary Clinical Pharmacology Residency Program.	agriculture	agriculture/animal-systems	1	Veterinary Clinical Pharmacology Residency Program.
veterinary-residencyfellowship-program-other	60.0399	Veterinary Residency/Fellowship Program, Other.	agriculture	agriculture/animal-systems	1	Veterinary Residency/Fellowship Program, Other.
nurse-practitioner-residencyfellowship-program-general	60.0701	Nurse Practitioner Residency/Fellowship Program, General.	healthcare-human-services	healthcare-human-services/physical-health	1	Nurse Practitioner Residency/Fellowship Program, General.
combined-nurse-practitioner-residencyfellowship-program	60.0702	Combined Nurse Practitioner Residency/Fellowship Program.	healthcare-human-services	healthcare-human-services/physical-health	1	Combined Nurse Practitioner Residency/Fellowship Program.
acute-care-nurse-practitioner-residencyfellowship-program	60.0703	Acute Care Nurse Practitioner Residency/Fellowship Program.	healthcare-human-services	healthcare-human-services/physical-health	1	Acute Care Nurse Practitioner Residency/Fellowship Program.
adultgerontology-acute-care-nurse-practitioner-residencyfellowship-program	60.0704	Adult/Gerontology Acute Care Nurse Practitioner Residency/Fellowship Program.	healthcare-human-services	healthcare-human-services/physical-health	1	Adult/Gerontology Acute Care Nurse Practitioner Residency/Fellowship Program.
adultgerontology-critical-care-nurse-practitioner-residencyfellowship-program	60.0705	Adult/Gerontology Critical Care Nurse Practitioner Residency/Fellowship Program.	healthcare-human-services	healthcare-human-services/physical-health	1	Adult/Gerontology Critical Care Nurse Practitioner Residency/Fellowship Program.
cardiologycardiovascular-nurse-practitioner-residencyfellowship-program	60.0706	Cardiology/Cardiovascular Nurse Practitioner Residency/Fellowship Program.	healthcare-human-services	healthcare-human-services/physical-health	1	Cardiology/Cardiovascular Nurse Practitioner Residency/Fellowship Program.
clinical-informatics-nurse-practitioner-residencyfellowship-program	60.0707	Clinical Informatics Nurse Practitioner Residency/Fellowship Program.	healthcare-human-services	healthcare-human-services/physical-health	1	Clinical Informatics Nurse Practitioner Residency/Fellowship Program.
dermatology-nurse-practitioner-residencyfellowship-program	60.0708	Dermatology Nurse Practitioner Residency/Fellowship Program.	healthcare-human-services	healthcare-human-services/physical-health	1	Dermatology Nurse Practitioner Residency/Fellowship Program.
developmental-and-behavioral-pediatrics-nurse-practitioner-residencyfellowship-program	60.0709	Developmental and Behavioral Pediatrics Nurse Practitioner Residency/Fellowship Program.	healthcare-human-services	healthcare-human-services/physical-health	1	Developmental and Behavioral Pediatrics Nurse Practitioner Residency/Fellowship Program.
diabetes-nurse-practitioner-residencyfellowship-program	60.0710	Diabetes Nurse Practitioner Residency/Fellowship Program.	healthcare-human-services	healthcare-human-services/physical-health	1	Diabetes Nurse Practitioner Residency/Fellowship Program.
emergency-medicine-nurse-practitioner-residencyfellowship-program	60.0711	Emergency Medicine Nurse Practitioner Residency/Fellowship Program.	healthcare-human-services	healthcare-human-services/physical-health	1	Emergency Medicine Nurse Practitioner Residency/Fellowship Program.
endocrinology-nurse-practitioner-residencyfellowship-program	60.0712	Endocrinology Nurse Practitioner Residency/Fellowship Program.	healthcare-human-services	healthcare-human-services/physical-health	1	Endocrinology Nurse Practitioner Residency/Fellowship Program.
family-medicine-nurse-practitioner-residencyfellowship-program	60.0713	Family Medicine Nurse Practitioner Residency/Fellowship Program.	healthcare-human-services	healthcare-human-services/physical-health	1	Family Medicine Nurse Practitioner Residency/Fellowship Program.
gastroenterology-and-hepatology-nurse-practitioner-residencyfellowship-program	60.0714	Gastroenterology and Hepatology Nurse Practitioner Residency/Fellowship Program.	healthcare-human-services	healthcare-human-services/physical-health	1	Gastroenterology and Hepatology Nurse Practitioner Residency/Fellowship Program.
gastroenterology-nurse-practitioner-residencyfellowship-program	60.0715	Gastroenterology Nurse Practitioner Residency/Fellowship Program.	healthcare-human-services	healthcare-human-services/physical-health	1	Gastroenterology Nurse Practitioner Residency/Fellowship Program.
genetics-nurse-practitioner-residencyfellowship-program	60.0716	Genetics Nurse Practitioner Residency/Fellowship Program.	healthcare-human-services	healthcare-human-services/physical-health	1	Genetics Nurse Practitioner Residency/Fellowship Program.
gerontology-nurse-practitioner-residencyfellowship-program	60.0717	Gerontology Nurse Practitioner Residency/Fellowship Program.	healthcare-human-services	healthcare-human-services/physical-health	1	Gerontology Nurse Practitioner Residency/Fellowship Program.
global-health-nurse-practitioner-residencyfellowship-program	60.0718	Global Health Nurse Practitioner Residency/Fellowship Program.	healthcare-human-services	healthcare-human-services/physical-health	1	Global Health Nurse Practitioner Residency/Fellowship Program.
hematology-oncology-nurse-practitioner-residencyfellowship-program	60.0719	Hematology-Oncology Nurse Practitioner Residency/Fellowship Program.	healthcare-human-services	healthcare-human-services/physical-health	1	Hematology-Oncology Nurse Practitioner Residency/Fellowship Program.
hepatology-nurse-practitioner-residencyfellowship-program	60.0720	Hepatology Nurse Practitioner Residency/Fellowship Program.	healthcare-human-services	healthcare-human-services/physical-health	1	Hepatology Nurse Practitioner Residency/Fellowship Program.
home-based-primary-care-nurse-practitioner-residencyfellowship-program	60.0721	Home-Based Primary Care Nurse Practitioner Residency/Fellowship Program.	healthcare-human-services	healthcare-human-services/physical-health	1	Home-Based Primary Care Nurse Practitioner Residency/Fellowship Program.
hospice-and-palliative-medicine-nurse-practitioner-residencyfellowship-program	60.0722	Hospice and Palliative Medicine Nurse Practitioner Residency/Fellowship Program.	healthcare-human-services	healthcare-human-services/physical-health	1	Hospice and Palliative Medicine Nurse Practitioner Residency/Fellowship Program.
hospital-medicine-nurse-practitioner-residencyfellowship-program	60.0723	Hospital Medicine Nurse Practitioner Residency/Fellowship Program.	healthcare-human-services	healthcare-human-services/physical-health	1	Hospital Medicine Nurse Practitioner Residency/Fellowship Program.
infectious-diseases-nurse-practitioner-residencyfellowship-program	60.0724	Infectious Diseases Nurse Practitioner Residency/Fellowship Program.	healthcare-human-services	healthcare-human-services/physical-health	1	Infectious Diseases Nurse Practitioner Residency/Fellowship Program.
neonatal-nurse-practitioner-residencyfellowship-program	60.0725	Neonatal Nurse Practitioner Residency/Fellowship Program.	healthcare-human-services	healthcare-human-services/physical-health	1	Neonatal Nurse Practitioner Residency/Fellowship Program.
nephrology-nurse-practitioner-residencyfellowship-program	60.0726	Nephrology Nurse Practitioner Residency/Fellowship Program.	healthcare-human-services	healthcare-human-services/physical-health	1	Nephrology Nurse Practitioner Residency/Fellowship Program.
neurology-nurse-practitioner-residencyfellowship-program	60.0727	Neurology Nurse Practitioner Residency/Fellowship Program.	healthcare-human-services	healthcare-human-services/physical-health	1	Neurology Nurse Practitioner Residency/Fellowship Program.
neuroscience-nurse-practitioner-residencyfellowship-program	60.0728	Neuroscience Nurse Practitioner Residency/Fellowship Program.	healthcare-human-services	healthcare-human-services/physical-health	1	Neuroscience Nurse Practitioner Residency/Fellowship Program.
obstetrics-and-gynecology-nurse-practitioner-residencyfellowship-program	60.0729	Obstetrics and Gynecology Nurse Practitioner Residency/Fellowship Program.	healthcare-human-services	healthcare-human-services/physical-health	1	Obstetrics and Gynecology Nurse Practitioner Residency/Fellowship Program.
occupational-health-nurse-practitioner-residencyfellowship-program	60.0730	Occupational Health Nurse Practitioner Residency/Fellowship Program.	healthcare-human-services	healthcare-human-services/physical-health	1	Occupational Health Nurse Practitioner Residency/Fellowship Program.
orthopedic-nurse-practitioner-residencyfellowship-program	60.0731	Orthopedic Nurse Practitioner Residency/Fellowship Program.	healthcare-human-services	healthcare-human-services/physical-health	1	Orthopedic Nurse Practitioner Residency/Fellowship Program.
orthopedic-surgery-nurse-practitioner-residencyfellowship-program	60.0732	Orthopedic Surgery Nurse Practitioner Residency/Fellowship Program.	healthcare-human-services	healthcare-human-services/physical-health	1	Orthopedic Surgery Nurse Practitioner Residency/Fellowship Program.
pain-management-nurse-practitioner-residencyfellowship-program	60.0733	Pain Management Nurse Practitioner Residency/Fellowship Program.	healthcare-human-services	healthcare-human-services/physical-health	1	Pain Management Nurse Practitioner Residency/Fellowship Program.
palliative-care-nurse-practitioner-residencyfellowship-program	60.0734	Palliative Care Nurse Practitioner Residency/Fellowship Program.	healthcare-human-services	healthcare-human-services/physical-health	1	Palliative Care Nurse Practitioner Residency/Fellowship Program.
pediatric-hematology-oncology-nurse-practitioner-residencyfellowship-program	60.0735	Pediatric Hematology-Oncology Nurse Practitioner Residency/Fellowship Program.	healthcare-human-services	healthcare-human-services/physical-health	1	Pediatric Hematology-Oncology Nurse Practitioner Residency/Fellowship Program.
pediatric-nurse-practitioner-residencyfellowship-program	60.0736	Pediatric Nurse Practitioner Residency/Fellowship Program.	healthcare-human-services	healthcare-human-services/physical-health	1	Pediatric Nurse Practitioner Residency/Fellowship Program.
pediatric-rehabilitation-nurse-practitioner-residencyfellowship-program	60.0737	Pediatric Rehabilitation Nurse Practitioner Residency/Fellowship Program.	healthcare-human-services	healthcare-human-services/physical-health	1	Pediatric Rehabilitation Nurse Practitioner Residency/Fellowship Program.
psychiatricmental-health-nurse-practitioner-residencyfellowship-program	60.0738	Psychiatric/Mental Health Nurse Practitioner Residency/Fellowship Program.	healthcare-human-services	healthcare-human-services/physical-health	1	Psychiatric/Mental Health Nurse Practitioner Residency/Fellowship Program.
publiccommunity-health-nurse-practitioner-residencyfellowship-program	60.0739	Public/Community Health Nurse Practitioner Residency/Fellowship Program.	healthcare-human-services	healthcare-human-services/physical-health	1	Public/Community Health Nurse Practitioner Residency/Fellowship Program.
pulmonary-nurse-practitioner-residencyfellowship-program	60.0740	Pulmonary Nurse Practitioner Residency/Fellowship Program.	healthcare-human-services	healthcare-human-services/physical-health	1	Pulmonary Nurse Practitioner Residency/Fellowship Program.
rheumatology-nurse-practitioner-residencyfellowship-program	60.0741	Rheumatology Nurse Practitioner Residency/Fellowship Program.	healthcare-human-services	healthcare-human-services/physical-health	1	Rheumatology Nurse Practitioner Residency/Fellowship Program.
rural-health-nurse-practitioner-residencyfellowship-program	60.0742	Rural Health Nurse Practitioner Residency/Fellowship Program.	healthcare-human-services	healthcare-human-services/physical-health	1	Rural Health Nurse Practitioner Residency/Fellowship Program.
sleep-medicine-nurse-practitioner-residencyfellowship-program	60.0743	Sleep Medicine Nurse Practitioner Residency/Fellowship Program.	healthcare-human-services	healthcare-human-services/physical-health	1	Sleep Medicine Nurse Practitioner Residency/Fellowship Program.
surgical-and-critical-care-nurse-practitioner-residencyfellowship-program	60.0744	Surgical and Critical Care Nurse Practitioner Residency/Fellowship Program.	healthcare-human-services	healthcare-human-services/physical-health	1	Surgical and Critical Care Nurse Practitioner Residency/Fellowship Program.
surgical-wound-and-reconstruction-nurse-practitioner-residencyfellowship-program	60.0745	Surgical Wound and Reconstruction Nurse Practitioner Residency/Fellowship Program.	healthcare-human-services	healthcare-human-services/physical-health	1	Surgical Wound and Reconstruction Nurse Practitioner Residency/Fellowship Program.
transplantation-nurse-practitioner-residencyfellowship-program	60.0746	Transplantation Nurse Practitioner Residency/Fellowship Program.	healthcare-human-services	healthcare-human-services/physical-health	1	Transplantation Nurse Practitioner Residency/Fellowship Program.
trauma-and-critical-care-nurse-practitioner-residencyfellowship-program	60.0747	Trauma and Critical Care Nurse Practitioner Residency/Fellowship Program.	healthcare-human-services	healthcare-human-services/physical-health	1	Trauma and Critical Care Nurse Practitioner Residency/Fellowship Program.
urgent-care-nurse-practitioner-residencyfellowship-program	60.0748	Urgent Care Nurse Practitioner Residency/Fellowship Program.	healthcare-human-services	healthcare-human-services/physical-health	1	Urgent Care Nurse Practitioner Residency/Fellowship Program.
urology-nurse-practitioner-residencyfellowship-program	60.0749	Urology Nurse Practitioner Residency/Fellowship Program.	healthcare-human-services	healthcare-human-services/physical-health	1	Urology Nurse Practitioner Residency/Fellowship Program.
womens-health-nurse-practitioner-residencyfellowship-program	60.0750	Women's Health Nurse Practitioner Residency/Fellowship Program.	healthcare-human-services	healthcare-human-services/physical-health	1	Women's Health Nurse Practitioner Residency/Fellowship Program.
wound-care-nurse-practitioner-residencyfellowship-program	60.0751	Wound Care Nurse Practitioner Residency/Fellowship Program.	healthcare-human-services	healthcare-human-services/physical-health	1	Wound Care Nurse Practitioner Residency/Fellowship Program.
nurse-practitioner-residencyfellowship-program-other	60.0799	Nurse Practitioner Residency/Fellowship Program, Other.	healthcare-human-services	healthcare-human-services/physical-health	1	Nurse Practitioner Residency/Fellowship Program, Other.
pharmacy-residencyfellowship-program-general	60.0801	Pharmacy Residency/Fellowship Program, General.	healthcare-human-services	healthcare-human-services/physical-health	1	Pharmacy Residency/Fellowship Program, General.
combined-pharmacy-residencyfellowship-program	60.0802	Combined Pharmacy Residency/Fellowship Program.	healthcare-human-services	healthcare-human-services/physical-health	1	Combined Pharmacy Residency/Fellowship Program.
ambulatory-care-pharmacy-residencyfellowship-program	60.0803	Ambulatory Care Pharmacy Residency/Fellowship Program.	healthcare-human-services	healthcare-human-services/physical-health	1	Ambulatory Care Pharmacy Residency/Fellowship Program.
cardiology-pharmacy-residencyfellowship-program	60.0804	Cardiology Pharmacy Residency/Fellowship Program.	healthcare-human-services	healthcare-human-services/physical-health	1	Cardiology Pharmacy Residency/Fellowship Program.
clinical-pharmacogenomics-pharmacy-residencyfellowship-program	60.0805	Clinical Pharmacogenomics Pharmacy Residency/Fellowship Program.	healthcare-human-services	healthcare-human-services/physical-health	1	Clinical Pharmacogenomics Pharmacy Residency/Fellowship Program.
communitycommunity-based-pharmacy-residencyfellowship-program	60.0806	Community/Community-Based Pharmacy Residency/Fellowship Program.	healthcare-human-services	healthcare-human-services/physical-health	1	Community/Community-Based Pharmacy Residency/Fellowship Program.
corporate-pharmacy-leadership-residencyfellowship-program	60.0807	Corporate Pharmacy Leadership Residency/Fellowship Program.	healthcare-human-services	healthcare-human-services/physical-health	1	Corporate Pharmacy Leadership Residency/Fellowship Program.
critical-care-pharmacy-residencyfellowship-program	60.0808	Critical Care Pharmacy Residency/Fellowship Program.	healthcare-human-services	healthcare-human-services/physical-health	1	Critical Care Pharmacy Residency/Fellowship Program.
drug-information-pharmacy-residencyfellowship-program	60.0809	Drug Information Pharmacy Residency/Fellowship Program	healthcare-human-services	healthcare-human-services/physical-health	1	Drug Information Pharmacy Residency/Fellowship Program
emergency-medicine-pharmacy-residencyfellowship-program	60.0810	Emergency Medicine Pharmacy Residency/Fellowship Program.	healthcare-human-services	healthcare-human-services/physical-health	1	Emergency Medicine Pharmacy Residency/Fellowship Program.
family-medicine-pharmacy-residencyfellowship-program	60.0811	Family Medicine Pharmacy Residency/Fellowship Program.	healthcare-human-services	healthcare-human-services/physical-health	1	Family Medicine Pharmacy Residency/Fellowship Program.
geriatric-pharmacy-residencyfellowship-program	60.0812	Geriatric Pharmacy Residency/Fellowship Program.	healthcare-human-services	healthcare-human-services/physical-health	1	Geriatric Pharmacy Residency/Fellowship Program.
health-system-medication-management-pharmacy-residencyfellowship-program	60.0813	Health System Medication Management Pharmacy Residency/Fellowship Program.	healthcare-human-services	healthcare-human-services/physical-health	1	Health System Medication Management Pharmacy Residency/Fellowship Program.
health-system-pharmacy-administration-and-leadership-residencyfellowship-program	60.0814	Health System Pharmacy Administration and Leadership Residency/Fellowship Program.	healthcare-human-services	healthcare-human-services/physical-health	1	Health System Pharmacy Administration and Leadership Residency/Fellowship Program.
infectious-diseases-pharmacy-residencyfellowship-program	60.0815	Infectious Diseases Pharmacy Residency/Fellowship Program.	healthcare-human-services	healthcare-human-services/physical-health	1	Infectious Diseases Pharmacy Residency/Fellowship Program.
internal-medicine-pharmacy-residencyfellowship-program	60.0816	Internal Medicine Pharmacy Residency/Fellowship Program.	healthcare-human-services	healthcare-human-services/physical-health	1	Internal Medicine Pharmacy Residency/Fellowship Program.
investigational-drugs-and-research-pharmacy-residencyfellowship-program	60.0817	Investigational Drugs and Research Pharmacy Residency/Fellowship Program.	healthcare-human-services	healthcare-human-services/physical-health	1	Investigational Drugs and Research Pharmacy Residency/Fellowship Program.
managed-care-pharmacy-residencyfellowship-program	60.0818	Managed Care Pharmacy Residency/Fellowship Program.	healthcare-human-services	healthcare-human-services/physical-health	1	Managed Care Pharmacy Residency/Fellowship Program.
medication-systems-and-operations-pharmacy-residencyfellowship-program	60.0819	Medication Systems and Operations Pharmacy Residency/Fellowship Program.	healthcare-human-services	healthcare-human-services/physical-health	1	Medication Systems and Operations Pharmacy Residency/Fellowship Program.
medication-use-safety-pharmacy-residencyfellowship-program	60.0820	Medication-Use Safety Pharmacy Residency/Fellowship Program.	healthcare-human-services	healthcare-human-services/physical-health	1	Medication-Use Safety Pharmacy Residency/Fellowship Program.
neonatal-pharmacy-residencyfellowship-program	60.0821	Neonatal Pharmacy Residency/Fellowship Program.	healthcare-human-services	healthcare-human-services/physical-health	1	Neonatal Pharmacy Residency/Fellowship Program.
nephrology-pharmacy-residencyfellowship-program	60.0822	Nephrology Pharmacy Residency/Fellowship Program.	healthcare-human-services	healthcare-human-services/physical-health	1	Nephrology Pharmacy Residency/Fellowship Program.
neurology-pharmacy-residencyfellowship-program	60.0823	Neurology Pharmacy Residency/Fellowship Program.	healthcare-human-services	healthcare-human-services/physical-health	1	Neurology Pharmacy Residency/Fellowship Program.
nuclear-pharmacy-residencyfellowship-program	60.0824	Nuclear Pharmacy Residency/Fellowship Program.	healthcare-human-services	healthcare-human-services/physical-health	1	Nuclear Pharmacy Residency/Fellowship Program.
nutrition-support-pharmacy-residencyfellowship-program	60.0825	Nutrition Support Pharmacy Residency/Fellowship Program.	healthcare-human-services	healthcare-human-services/physical-health	1	Nutrition Support Pharmacy Residency/Fellowship Program.
oncology-pharmacy-residencyfellowship-program	60.0826	Oncology Pharmacy Residency/Fellowship Program.	healthcare-human-services	healthcare-human-services/physical-health	1	Oncology Pharmacy Residency/Fellowship Program.
palliative-carepain-management-pharmacy-residencyfellowship-program	60.0827	Palliative Care/Pain Management Pharmacy Residency/Fellowship Program.	healthcare-human-services	healthcare-human-services/physical-health	1	Palliative Care/Pain Management Pharmacy Residency/Fellowship Program.
pediatric-pharmacy-residencyfellowship-program	60.0828	Pediatric Pharmacy Residency/Fellowship Program.	healthcare-human-services	healthcare-human-services/physical-health	1	Pediatric Pharmacy Residency/Fellowship Program.
pharmacotherapy-pharmacy-residencyfellowship-program	60.0829	Pharmacotherapy Pharmacy Residency/Fellowship Program.	healthcare-human-services	healthcare-human-services/physical-health	1	Pharmacotherapy Pharmacy Residency/Fellowship Program.
pharmacy-informatics-pharmacy-residencyfellowship-program	60.0830	Pharmacy Informatics Pharmacy Residency/Fellowship Program.	healthcare-human-services	healthcare-human-services/physical-health	1	Pharmacy Informatics Pharmacy Residency/Fellowship Program.
psychiatric-pharmacy-residencyfellowship-program	60.0831	Psychiatric Pharmacy Residency/Fellowship Program.	healthcare-human-services	healthcare-human-services/physical-health	1	Psychiatric Pharmacy Residency/Fellowship Program.
transplantation-pharmacy-residencyfellowship-program	60.0832	Transplantation Pharmacy Residency/Fellowship Program.	healthcare-human-services	healthcare-human-services/physical-health	1	Transplantation Pharmacy Residency/Fellowship Program.
pharmacy-residency-programs-other	60.0899	Pharmacy Residency Programs, Other.	healthcare-human-services	healthcare-human-services/physical-health	1	Pharmacy Residency Programs, Other.
physician-assistant-residencyfellowship-program-general	60.0901	Physician Assistant Residency/Fellowship Program, General.	healthcare-human-services	healthcare-human-services/physical-health	1	Physician Assistant Residency/Fellowship Program, General.
combined-physician-assistant-residencyfellowship-program	60.0902	Combined Physician Assistant Residency/Fellowship Program.	healthcare-human-services	healthcare-human-services/physical-health	1	Combined Physician Assistant Residency/Fellowship Program.
acute-care-medicine-physician-assistant-residencyfellowship-program	60.0903	Acute Care Medicine Physician Assistant Residency/Fellowship Program.	healthcare-human-services	healthcare-human-services/physical-health	1	Acute Care Medicine Physician Assistant Residency/Fellowship Program.
acute-care-surgery-physician-assistant-residencyfellowship-program	60.0904	Acute Care Surgery Physician Assistant Residency/Fellowship Program.	healthcare-human-services	healthcare-human-services/physical-health	1	Acute Care Surgery Physician Assistant Residency/Fellowship Program.
cardiology-physician-assistant-residencyfellowship-program	60.0905	Cardiology Physician Assistant Residency/Fellowship Program.	healthcare-human-services	healthcare-human-services/physical-health	1	Cardiology Physician Assistant Residency/Fellowship Program.
cardiothoracic-surgery-physician-assistant-residencyfellowship-program	60.0906	Cardiothoracic Surgery Physician Assistant Residency/Fellowship Program.	healthcare-human-services	healthcare-human-services/physical-health	1	Cardiothoracic Surgery Physician Assistant Residency/Fellowship Program.
critical-care-physician-assistant-residencyfellowship-program	60.0907	Critical Care Physician Assistant Residency/Fellowship Program.	healthcare-human-services	healthcare-human-services/physical-health	1	Critical Care Physician Assistant Residency/Fellowship Program.
critical-care-and-trauma-surgery-physician-assistant-residencyfellowship-program	60.0908	Critical Care and Trauma Surgery Physician Assistant Residency/Fellowship Program.	healthcare-human-services	healthcare-human-services/physical-health	1	Critical Care and Trauma Surgery Physician Assistant Residency/Fellowship Program.
emergency-medicine-physician-assistant-residencyfellowship-program	60.0909	Emergency Medicine Physician Assistant Residency/Fellowship Program.	healthcare-human-services	healthcare-human-services/physical-health	1	Emergency Medicine Physician Assistant Residency/Fellowship Program.
ent-surgery-physician-assistant-residencyfellowship-program	60.0910	ENT Surgery Physician Assistant Residency/Fellowship Program.	healthcare-human-services	healthcare-human-services/physical-health	1	ENT Surgery Physician Assistant Residency/Fellowship Program.
family-medicine-physician-assistant-residencyfellowship-program	60.0911	Family Medicine Physician Assistant Residency/Fellowship Program.	healthcare-human-services	healthcare-human-services/physical-health	1	Family Medicine Physician Assistant Residency/Fellowship Program.
geriatrics-physician-assistant-residencyfellowship-program	60.0912	Geriatrics Physician Assistant Residency/Fellowship Program.	healthcare-human-services	healthcare-human-services/physical-health	1	Geriatrics Physician Assistant Residency/Fellowship Program.
hematology-oncology-physician-assistant-residencyfellowship-program	60.0913	Hematology-Oncology Physician Assistant Residency/Fellowship Program.	healthcare-human-services	healthcare-human-services/physical-health	1	Hematology-Oncology Physician Assistant Residency/Fellowship Program.
hepatobiliary-surgery-physician-assistant-residencyfellowship-program	60.0914	Hepatobiliary Surgery Physician Assistant Residency/Fellowship Program.	healthcare-human-services	healthcare-human-services/physical-health	1	Hepatobiliary Surgery Physician Assistant Residency/Fellowship Program.
hospitalist-physician-assistant-residencyfellowship-program	60.0915	Hospitalist Physician Assistant Residency/Fellowship Program.	healthcare-human-services	healthcare-human-services/physical-health	1	Hospitalist Physician Assistant Residency/Fellowship Program.
neurosurgery-physician-assistant-residencyfellowship-program	60.0916	Neurosurgery Physician Assistant Residency/Fellowship Program.	healthcare-human-services	healthcare-human-services/physical-health	1	Neurosurgery Physician Assistant Residency/Fellowship Program.
orthopedic-surgery-physician-assistant-residencyfellowship-program	60.0917	Orthopedic Surgery Physician Assistant Residency/Fellowship Program.	healthcare-human-services	healthcare-human-services/physical-health	1	Orthopedic Surgery Physician Assistant Residency/Fellowship Program.
pediatric-surgery-physician-assistant-residencyfellowship-program	60.0918	Pediatric Surgery Physician Assistant Residency/Fellowship Program.	healthcare-human-services	healthcare-human-services/physical-health	1	Pediatric Surgery Physician Assistant Residency/Fellowship Program.
transplant-surgery-physician-assistant-residencyfellowship-program	60.0919	Transplant Surgery Physician Assistant Residency/Fellowship Program.	healthcare-human-services	healthcare-human-services/physical-health	1	Transplant Surgery Physician Assistant Residency/Fellowship Program.
urology-physician-assistant-residencyfellowship-program	60.0920	Urology Physician Assistant Residency/Fellowship Program.	healthcare-human-services	healthcare-human-services/physical-health	1	Urology Physician Assistant Residency/Fellowship Program.
physician-assistant-residencyfellowship-program-other	60.0999	Physician Assistant Residency/Fellowship Program, Other.	healthcare-human-services	healthcare-human-services/physical-health	1	Physician Assistant Residency/Fellowship Program, Other.
combined-medical-residencyfellowship-program-general	61.0101	Combined Medical Residency/Fellowship Program, General.	education,healthcare-human-services	education/teaching-training-facilitation,healthcare-human-services/biotechnology-research-development,healthcare-human-services/physical-health	4	Combined Medical Residency/Fellowship Program, General.
diagnostic-radiologynuclear-medicine-combined-specialty-program	61.0102	Diagnostic Radiology/Nuclear Medicine Combined Specialty Program.	education,healthcare-human-services	education/teaching-training-facilitation,healthcare-human-services/biotechnology-research-development,healthcare-human-services/physical-health	3	Diagnostic Radiology/Nuclear Medicine Combined Specialty Program.
emergency-medicineanesthesiology-combined-specialty-program	61.0103	Emergency Medicine/Anesthesiology Combined Specialty Program.	education,healthcare-human-services	education/teaching-training-facilitation,healthcare-human-services/biotechnology-research-development,healthcare-human-services/physical-health	4	Emergency Medicine/Anesthesiology Combined Specialty Program.
family-medicineemergency-medicine-combined-specialty-program	61.0104	Family Medicine/Emergency Medicine Combined Specialty Program.	education,healthcare-human-services	education/teaching-training-facilitation,healthcare-human-services/biotechnology-research-development,healthcare-human-services/physical-health	4	Family Medicine/Emergency Medicine Combined Specialty Program.
family-medicineosteopathic-neuromusculoskeletal-medicine-combined-specialty-program	61.0105	Family Medicine/Osteopathic Neuromusculoskeletal Medicine Combined Specialty Program.	education,healthcare-human-services	education/teaching-training-facilitation,healthcare-human-services/biotechnology-research-development,healthcare-human-services/physical-health	4	Family Medicine/Osteopathic Neuromusculoskeletal Medicine Combined Specialty Program.
family-medicinepreventive-medicine-combined-specialty-program	61.0106	Family Medicine/Preventive Medicine Combined Specialty Program.	education,healthcare-human-services	education/teaching-training-facilitation,healthcare-human-services/biotechnology-research-development,healthcare-human-services/physical-health	4	Family Medicine/Preventive Medicine Combined Specialty Program.
family-medicinepsychiatry-combined-specialty-program	61.0107	Family Medicine/Psychiatry Combined Specialty Program.	education,healthcare-human-services	education/teaching-training-facilitation,healthcare-human-services/biotechnology-research-development,healthcare-human-services/physical-health	4	Family Medicine/Psychiatry Combined Specialty Program.
internal-medicineanesthesiology-combined-specialty-program	61.0108	Internal Medicine/Anesthesiology Combined Specialty Program.	education,healthcare-human-services	education/teaching-training-facilitation,healthcare-human-services/biotechnology-research-development,healthcare-human-services/physical-health	4	Internal Medicine/Anesthesiology Combined Specialty Program.
internal-medicinedermatology-combined-specialty-program	61.0109	Internal Medicine/Dermatology Combined Specialty Program.	education,healthcare-human-services	education/teaching-training-facilitation,healthcare-human-services/biotechnology-research-development,healthcare-human-services/physical-health	4	Internal Medicine/Dermatology Combined Specialty Program.
internal-medicineemergency-medicine-combined-specialty-program	61.0110	Internal Medicine/Emergency Medicine Combined Specialty Program.	education,healthcare-human-services	education/teaching-training-facilitation,healthcare-human-services/biotechnology-research-development,healthcare-human-services/physical-health	4	Internal Medicine/Emergency Medicine Combined Specialty Program.
internal-medicineemergency-medicinecritical-care-medicine-combined-specialty-program	61.0111	Internal Medicine/Emergency Medicine/Critical Care Medicine Combined Specialty Program.	education,healthcare-human-services	education/teaching-training-facilitation,healthcare-human-services/biotechnology-research-development,healthcare-human-services/physical-health	4	Internal Medicine/Emergency Medicine/Critical Care Medicine Combined Specialty Program.
internal-medicinefamily-medicine-combined-specialty-program	61.0112	Internal Medicine/Family Medicine Combined Specialty Program.	education,healthcare-human-services	education/teaching-training-facilitation,healthcare-human-services/biotechnology-research-development,healthcare-human-services/physical-health	4	Internal Medicine/Family Medicine Combined Specialty Program.
internal-medicinemedical-genetics-and-genomics-combined-specialty-program	61.0113	Internal Medicine/Medical Genetics and Genomics Combined Specialty Program.	education,healthcare-human-services	education/teaching-training-facilitation,healthcare-human-services/biotechnology-research-development,healthcare-human-services/physical-health	3	Internal Medicine/Medical Genetics and Genomics Combined Specialty Program.
internal-medicineneurology-combined-specialty-program	61.0114	Internal Medicine/Neurology Combined Specialty Program.	education,healthcare-human-services	education/teaching-training-facilitation,healthcare-human-services/biotechnology-research-development,healthcare-human-services/physical-health	4	Internal Medicine/Neurology Combined Specialty Program.
internal-medicinepediatrics-combined-specialty-program	61.0115	Internal Medicine/Pediatrics Combined Specialty Program.	education,healthcare-human-services	education/teaching-training-facilitation,healthcare-human-services/biotechnology-research-development,healthcare-human-services/physical-health	4	Internal Medicine/Pediatrics Combined Specialty Program.
internal-medicinepreventive-medicine-combined-specialty-program	61.0116	Internal Medicine/Preventive Medicine Combined Specialty Program.	education,healthcare-human-services	education/teaching-training-facilitation,healthcare-human-services/biotechnology-research-development,healthcare-human-services/physical-health	4	Internal Medicine/Preventive Medicine Combined Specialty Program.
internal-medicinepsychiatry-combined-specialty-program	61.0117	Internal Medicine/Psychiatry Combined Specialty Program.	education,healthcare-human-services	education/teaching-training-facilitation,healthcare-human-services/biotechnology-research-development,healthcare-human-services/physical-health	4	Internal Medicine/Psychiatry Combined Specialty Program.
medical-genetics-and-genomicsmaternal-fetal-medicine-combined-specialty-program	61.0118	Medical Genetics and Genomics/Maternal-Fetal Medicine Combined Specialty Program.	education,healthcare-human-services	education/teaching-training-facilitation,healthcare-human-services/biotechnology-research-development,healthcare-human-services/physical-health	3	Medical Genetics and Genomics/Maternal-Fetal Medicine Combined Specialty Program.
pediatricsanesthesiology-combined-specialty-program	61.0119	Pediatrics/Anesthesiology Combined Specialty Program.	education,healthcare-human-services	education/teaching-training-facilitation,healthcare-human-services/biotechnology-research-development,healthcare-human-services/physical-health	4	Pediatrics/Anesthesiology Combined Specialty Program.
pediatricsemergency-medicine-combined-specialty-program	61.0120	Pediatrics/Emergency Medicine Combined Specialty Program.	education,healthcare-human-services	education/teaching-training-facilitation,healthcare-human-services/biotechnology-research-development,healthcare-human-services/physical-health	4	Pediatrics/Emergency Medicine Combined Specialty Program.
pediatricsmedical-genetics-and-genomics-combined-specialty-program	61.0121	Pediatrics/Medical Genetics and Genomics Combined Specialty Program.	education,healthcare-human-services	education/teaching-training-facilitation,healthcare-human-services/biotechnology-research-development,healthcare-human-services/physical-health	4	Pediatrics/Medical Genetics and Genomics Combined Specialty Program.
pediatricsphysical-medicine-rehabilitation-combined-specialty-program	61.0122	Pediatrics/Physical Medicine & Rehabilitation Combined Specialty Program.	education,healthcare-human-services	education/teaching-training-facilitation,healthcare-human-services/biotechnology-research-development,healthcare-human-services/physical-health	4	Pediatrics/Physical Medicine & Rehabilitation Combined Specialty Program.
pediatricspsychologychild-adolescent-psychology-combined-specialty-program	61.0123	Pediatrics/Psychology/Child-Adolescent Psychology Combined Specialty Program.	education,healthcare-human-services	education/teaching-training-facilitation,healthcare-human-services/biotechnology-research-development,healthcare-human-services/physical-health	4	Pediatrics/Psychology/Child-Adolescent Psychology Combined Specialty Program.
psychiatryneurology-combined-specialty-program	61.0124	Psychiatry/Neurology Combined Specialty Program.	education,healthcare-human-services	education/teaching-training-facilitation,healthcare-human-services/biotechnology-research-development,healthcare-human-services/physical-health	4	Psychiatry/Neurology Combined Specialty Program.
reproductive-endocrinology-and-infertilitymedical-genetics-and-genomics-combined-specialty-program	61.0125	Reproductive Endocrinology and Infertility/Medical Genetics and Genomics Combined Specialty Program.	education,healthcare-human-services	education/teaching-training-facilitation,healthcare-human-services/biotechnology-research-development,healthcare-human-services/physical-health	3	Reproductive Endocrinology and Infertility/Medical Genetics and Genomics Combined Specialty Program.
combined-medical-residencyfellowship-programs-other	61.0199	Combined Medical Residency/Fellowship Programs, Other.	education,healthcare-human-services	education/teaching-training-facilitation,healthcare-human-services/biotechnology-research-development,healthcare-human-services/physical-health	4	Combined Medical Residency/Fellowship Programs, Other.
critical-care-medicine-fellowship-program	61.0202	Critical Care Medicine Fellowship Program.	education,healthcare-human-services	education/teaching-training-facilitation,healthcare-human-services/biotechnology-research-development,healthcare-human-services/physical-health	3	Critical Care Medicine Fellowship Program.
geriatric-medicine-fellowship-program	61.0203	Geriatric Medicine Fellowship Program.	education,healthcare-human-services	education/teaching-training-facilitation,healthcare-human-services/biotechnology-research-development,healthcare-human-services/physical-health	3	Geriatric Medicine Fellowship Program.
health-policy-fellowship-program	61.0204	Health Policy Fellowship Program.	education	education/teaching-training-facilitation	1	Health Policy Fellowship Program.
hospice-and-palliative-medicine-fellowship-program	61.0205	Hospice and Palliative Medicine Fellowship Program.	education,healthcare-human-services	education/teaching-training-facilitation,healthcare-human-services/biotechnology-research-development,healthcare-human-services/physical-health	3	Hospice and Palliative Medicine Fellowship Program.
integrative-medicine-fellowship-program	61.0206	Integrative Medicine Fellowship Program.	education,healthcare-human-services	education/teaching-training-facilitation,healthcare-human-services/biotechnology-research-development,healthcare-human-services/physical-health	3	Integrative Medicine Fellowship Program.
medical-education-fellowship-program	61.0207	Medical Education Fellowship Program.	education	education/education-administration-leadership,education/teaching-training-facilitation	2	Medical Education Fellowship Program.
medical-toxicology-fellowship-program	61.0208	Medical Toxicology Fellowship Program.	education,healthcare-human-services	education/teaching-training-facilitation,healthcare-human-services/biotechnology-research-development,healthcare-human-services/physical-health	4	Medical Toxicology Fellowship Program.
neuromuscular-medicine-fellowship-program	61.0209	Neuromuscular Medicine Fellowship Program.	education,healthcare-human-services	education/teaching-training-facilitation,healthcare-human-services/biotechnology-research-development,healthcare-human-services/physical-health	3	Neuromuscular Medicine Fellowship Program.
pain-medicine-fellowship-program	61.0210	Pain Medicine Fellowship Program.	education,healthcare-human-services	education/teaching-training-facilitation,healthcare-human-services/biotechnology-research-development,healthcare-human-services/physical-health	3	Pain Medicine Fellowship Program.
simulation-fellowship-program	61.0211	Simulation Fellowship Program.	education	education/education-administration-leadership,education/teaching-training-facilitation	2	Simulation Fellowship Program.
sleep-medicine-fellowship-program	61.0212	Sleep Medicine Fellowship Program.	education,healthcare-human-services	education/teaching-training-facilitation,healthcare-human-services/biotechnology-research-development,healthcare-human-services/physical-health	3	Sleep Medicine Fellowship Program.
sports-medicine-fellowship-program	61.0213	Sports Medicine Fellowship Program.	education,healthcare-human-services	education/teaching-training-facilitation,healthcare-human-services/biotechnology-research-development,healthcare-human-services/physical-health	3	Sports Medicine Fellowship Program.
surgery-of-the-hand-fellowship-program	61.0214	Surgery of the Hand Fellowship Program.	education,healthcare-human-services	education/teaching-training-facilitation,healthcare-human-services/biotechnology-research-development,healthcare-human-services/physical-health	3	Surgery of the Hand Fellowship Program.
telemedicine-fellowship-program	61.0215	Telemedicine Fellowship Program.	education,healthcare-human-services	education/teaching-training-facilitation,healthcare-human-services/biotechnology-research-development,healthcare-human-services/physical-health	3	Telemedicine Fellowship Program.
undersea-and-hyperbaric-medicine-fellowship-program	61.0216	Undersea and Hyperbaric Medicine Fellowship Program.	education,healthcare-human-services	education/teaching-training-facilitation,healthcare-human-services/biotechnology-research-development,healthcare-human-services/physical-health	3	Undersea and Hyperbaric Medicine Fellowship Program.
wilderness-medicine-fellowship-program	61.0217	Wilderness Medicine Fellowship Program.	education,healthcare-human-services	education/teaching-training-facilitation,healthcare-human-services/biotechnology-research-development,healthcare-human-services/physical-health	3	Wilderness Medicine Fellowship Program.
womens-health-fellowship-program	61.0218	Women's Health Fellowship Program.	education,healthcare-human-services	education/teaching-training-facilitation,healthcare-human-services/biotechnology-research-development,healthcare-human-services/physical-health	3	Women's Health Fellowship Program.
multiple-pathway-medical-fellowship-programs-other	61.0299	Multiple-Pathway Medical Fellowship Programs, Other.	education,healthcare-human-services	education/teaching-training-facilitation,healthcare-human-services/biotechnology-research-development,healthcare-human-services/physical-health	4	Multiple-Pathway Medical Fellowship Programs, Other.
allergy-and-immunology-fellowship-program	61.0301	Allergy and Immunology Fellowship Program.	education,healthcare-human-services	education/teaching-training-facilitation,healthcare-human-services/biotechnology-research-development,healthcare-human-services/physical-health	3	Allergy and Immunology Fellowship Program.
allergy-and-immunology-residencyfellowship-programs-other	61.0399	Allergy and Immunology Residency/Fellowship Programs, Other.	education,healthcare-human-services	education/teaching-training-facilitation,healthcare-human-services/biotechnology-research-development,healthcare-human-services/physical-health	3	Allergy and Immunology Residency/Fellowship Programs, Other.
anesthesiology-residency-program	61.0401	Anesthesiology Residency Program.	education,healthcare-human-services	education/teaching-training-facilitation,healthcare-human-services/physical-health	2	Anesthesiology Residency Program.
anesthesiology-residencyfellowship-programs-other	61.0499	Anesthesiology Residency/Fellowship Programs, Other.	education,healthcare-human-services	education/teaching-training-facilitation,healthcare-human-services/biotechnology-research-development,healthcare-human-services/physical-health	3	Anesthesiology Residency/Fellowship Programs, Other.
dermatology-residency-program	61.0501	Dermatology Residency Program.	education,healthcare-human-services	education/teaching-training-facilitation,healthcare-human-services/physical-health	2	Dermatology Residency Program.
dermatopathology-fellowship-program	61.0502	Dermatopathology Fellowship Program.	education,healthcare-human-services	education/teaching-training-facilitation,healthcare-human-services/biotechnology-research-development,healthcare-human-services/physical-health	4	Dermatopathology Fellowship Program.
pediatric-dermatology-fellowship-program	61.0503	Pediatric Dermatology Fellowship Program.	education,healthcare-human-services	education/teaching-training-facilitation,healthcare-human-services/biotechnology-research-development,healthcare-human-services/physical-health	3	Pediatric Dermatology Fellowship Program.
dermatology-residencyfellowship-programs-other	61.0599	Dermatology Residency/Fellowship Programs, Other.	education,healthcare-human-services	education/teaching-training-facilitation,healthcare-human-services/biotechnology-research-development,healthcare-human-services/physical-health	3	Dermatology Residency/Fellowship Programs, Other.
emergency-medicine-residency-program	61.0601	Emergency Medicine Residency Program.	education,healthcare-human-services	education/teaching-training-facilitation,healthcare-human-services/physical-health	2	Emergency Medicine Residency Program.
disaster-medicine-fellowship-program	61.0602	Disaster Medicine Fellowship Program.	education,healthcare-human-services	education/teaching-training-facilitation,healthcare-human-services/biotechnology-research-development,healthcare-human-services/physical-health	3	Disaster Medicine Fellowship Program.
emergency-medical-services-fellowship-program	61.0603	Emergency Medical Services Fellowship Program.	education,healthcare-human-services,public-service-safety	education/teaching-training-facilitation,healthcare-human-services/biotechnology-research-development,healthcare-human-services/physical-health,public-service-safety/emergency-response	4	Emergency Medical Services Fellowship Program.
emergency-medicine-residencyfellowship-programs-other	61.0699	Emergency Medicine Residency/Fellowship Programs, Other.	education,healthcare-human-services	education/teaching-training-facilitation,healthcare-human-services/biotechnology-research-development,healthcare-human-services/physical-health	3	Emergency Medicine Residency/Fellowship Programs, Other.
family-medicine-residency-program	61.0701	Family Medicine Residency Program.	education,healthcare-human-services	education/teaching-training-facilitation,healthcare-human-services/physical-health	2	Family Medicine Residency Program.
family-medicine-residencyfellowship-programs-other	61.0799	Family Medicine Residency/Fellowship Programs, Other.	education,healthcare-human-services	education/teaching-training-facilitation,healthcare-human-services/biotechnology-research-development,healthcare-human-services/physical-health	3	Family Medicine Residency/Fellowship Programs, Other.
internal-medicine-residency-program	61.0801	Internal Medicine Residency Program.	education,healthcare-human-services	education/teaching-training-facilitation,healthcare-human-services/physical-health	2	Internal Medicine Residency Program.
cardiovascular-disease-fellowship-program	61.0804	Cardiovascular Disease Fellowship Program.	education,healthcare-human-services	education/teaching-training-facilitation,healthcare-human-services/biotechnology-research-development,healthcare-human-services/physical-health	3	Cardiovascular Disease Fellowship Program.
clinical-cardiac-electrophysiology-fellowship-program	61.0805	Clinical Cardiac Electrophysiology Fellowship Program.	education,healthcare-human-services	education/teaching-training-facilitation,healthcare-human-services/biotechnology-research-development,healthcare-human-services/physical-health	3	Clinical Cardiac Electrophysiology Fellowship Program.
endocrinology-diabetes-and-metabolism-fellowship-program	61.0806	Endocrinology, Diabetes, and Metabolism Fellowship Program.	education,healthcare-human-services	education/teaching-training-facilitation,healthcare-human-services/biotechnology-research-development,healthcare-human-services/physical-health	3	Endocrinology, Diabetes, and Metabolism Fellowship Program.
gastroenterology-fellowship-program	61.0807	Gastroenterology Fellowship Program.	education,healthcare-human-services	education/teaching-training-facilitation,healthcare-human-services/biotechnology-research-development,healthcare-human-services/physical-health	3	Gastroenterology Fellowship Program.
hematology-fellowship-program	61.0808	Hematology Fellowship Program.	education,healthcare-human-services	education/teaching-training-facilitation,healthcare-human-services/biotechnology-research-development,healthcare-human-services/physical-health	3	Hematology Fellowship Program.
hematology-oncology-fellowship-program	61.0809	Hematology-Oncology Fellowship Program.	education,healthcare-human-services	education/teaching-training-facilitation,healthcare-human-services/biotechnology-research-development,healthcare-human-services/physical-health	3	Hematology-Oncology Fellowship Program.
infectious-disease-fellowship-program	61.0810	Infectious Disease Fellowship Program.	education,healthcare-human-services	education/teaching-training-facilitation,healthcare-human-services/biotechnology-research-development,healthcare-human-services/physical-health	3	Infectious Disease Fellowship Program.
interventional-cardiology-fellowship-program	61.0811	Interventional Cardiology Fellowship Program.	education,healthcare-human-services	education/teaching-training-facilitation,healthcare-human-services/biotechnology-research-development,healthcare-human-services/physical-health	3	Interventional Cardiology Fellowship Program.
nephrology-fellowship-program	61.0812	Nephrology Fellowship Program.	education,healthcare-human-services	education/teaching-training-facilitation,healthcare-human-services/biotechnology-research-development,healthcare-human-services/physical-health	3	Nephrology Fellowship Program.
medical-oncology-fellowship-program	61.0813	Medical Oncology Fellowship Program.	education,healthcare-human-services	education/teaching-training-facilitation,healthcare-human-services/biotechnology-research-development,healthcare-human-services/physical-health	3	Medical Oncology Fellowship Program.
pulmonary-disease-fellowship-program	61.0814	Pulmonary Disease Fellowship Program.	education,healthcare-human-services	education/teaching-training-facilitation,healthcare-human-services/biotechnology-research-development,healthcare-human-services/physical-health	3	Pulmonary Disease Fellowship Program.
rheumatology-fellowship-program	61.0816	Rheumatology Fellowship Program.	education,healthcare-human-services	education/teaching-training-facilitation,healthcare-human-services/biotechnology-research-development,healthcare-human-services/physical-health	3	Rheumatology Fellowship Program.
transplant-hepatology-fellowship-program	61.0818	Transplant Hepatology Fellowship Program.	education,healthcare-human-services	education/teaching-training-facilitation,healthcare-human-services/biotechnology-research-development,healthcare-human-services/physical-health	3	Transplant Hepatology Fellowship Program.
internal-medicine-residencyfellowship-programs-other	61.0899	Internal Medicine Residency/Fellowship Programs, Other.	education,healthcare-human-services	education/teaching-training-facilitation,healthcare-human-services/biotechnology-research-development,healthcare-human-services/physical-health	3	Internal Medicine Residency/Fellowship Programs, Other.
clinical-biochemical-genetics-residency-program	61.0901	Clinical Biochemical Genetics Residency Program.	education,healthcare-human-services	education/teaching-training-facilitation,healthcare-human-services/biotechnology-research-development,healthcare-human-services/physical-health	3	Clinical Biochemical Genetics Residency Program.
clinical-genetics-and-genomics-residency-program	61.0902	Clinical Genetics and Genomics Residency Program.	education,healthcare-human-services	education/teaching-training-facilitation,healthcare-human-services/biotechnology-research-development,healthcare-human-services/physical-health	3	Clinical Genetics and Genomics Residency Program.
laboratory-genetics-and-genomics-residency-program	61.0903	Laboratory Genetics and Genomics Residency Program.	education,healthcare-human-services	education/teaching-training-facilitation,healthcare-human-services/biotechnology-research-development,healthcare-human-services/physical-health	3	Laboratory Genetics and Genomics Residency Program.
medical-biochemical-genetics-residency-program	61.0904	Medical Biochemical Genetics Residency Program.	education,healthcare-human-services	education/teaching-training-facilitation,healthcare-human-services/biotechnology-research-development,healthcare-human-services/physical-health	3	Medical Biochemical Genetics Residency Program.
medical-genetics-and-genomics-residencyfellowship-programs-other	61.0999	Medical Genetics and Genomics Residency/Fellowship Programs, Other.	education,healthcare-human-services	education/teaching-training-facilitation,healthcare-human-services/biotechnology-research-development,healthcare-human-services/physical-health	3	Medical Genetics and Genomics Residency/Fellowship Programs, Other.
neurological-surgery-residency-program	61.1001	Neurological Surgery Residency Program.	education,healthcare-human-services	education/teaching-training-facilitation,healthcare-human-services/physical-health	2	Neurological Surgery Residency Program.
neurological-surgery-residencyfellowship-programs-other	61.1099	Neurological Surgery Residency/Fellowship Programs, Other.	education,healthcare-human-services	education/teaching-training-facilitation,healthcare-human-services/biotechnology-research-development,healthcare-human-services/physical-health	3	Neurological Surgery Residency/Fellowship Programs, Other.
neurology-residency-program	61.1101	Neurology Residency Program.	education,healthcare-human-services	education/teaching-training-facilitation,healthcare-human-services/physical-health	2	Neurology Residency Program.
child-neurology-residency-program	61.1102	Child Neurology Residency Program.	education,healthcare-human-services	education/teaching-training-facilitation,healthcare-human-services/physical-health	2	Child Neurology Residency Program.
clinical-neurophysiology-fellowship-program	61.1103	Clinical Neurophysiology Fellowship Program.	education,healthcare-human-services	education/teaching-training-facilitation,healthcare-human-services/biotechnology-research-development,healthcare-human-services/physical-health	3	Clinical Neurophysiology Fellowship Program.
epilepsy-fellowship-program	61.1104	Epilepsy Fellowship Program.	education,healthcare-human-services	education/teaching-training-facilitation,healthcare-human-services/biotechnology-research-development,healthcare-human-services/physical-health	3	Epilepsy Fellowship Program.
headache-medicine-fellowship-program	61.1105	Headache Medicine Fellowship Program.	education,healthcare-human-services	education/teaching-training-facilitation,healthcare-human-services/biotechnology-research-development,healthcare-human-services/physical-health	3	Headache Medicine Fellowship Program.
neurodevelopmental-disabilities-fellowship-program	61.1106	Neurodevelopmental Disabilities Fellowship Program.	education,healthcare-human-services	education/teaching-training-facilitation,healthcare-human-services/biotechnology-research-development,healthcare-human-services/physical-health	3	Neurodevelopmental Disabilities Fellowship Program.
vascular-neurology-fellowship-program	61.1107	Vascular Neurology Fellowship Program.	education,healthcare-human-services	education/teaching-training-facilitation,healthcare-human-services/biotechnology-research-development,healthcare-human-services/physical-health	3	Vascular Neurology Fellowship Program.
neurology-residencyfellowship-programs-other	61.1199	Neurology Residency/Fellowship Programs, Other.	education,healthcare-human-services	education/teaching-training-facilitation,healthcare-human-services/biotechnology-research-development,healthcare-human-services/physical-health	3	Neurology Residency/Fellowship Programs, Other.
nuclear-medicine-residency-program	61.1201	Nuclear Medicine Residency Program.	education,healthcare-human-services	education/teaching-training-facilitation,healthcare-human-services/physical-health	2	Nuclear Medicine Residency Program.
nuclear-medicine-residencyfellowship-programs-other	61.1299	Nuclear Medicine Residency/Fellowship Programs, Other.	education,healthcare-human-services	education/teaching-training-facilitation,healthcare-human-services/biotechnology-research-development,healthcare-human-services/physical-health	3	Nuclear Medicine Residency/Fellowship Programs, Other.
obstetrics-and-gynecology-residency-program	61.1301	Obstetrics and Gynecology Residency Program.	education,healthcare-human-services	education/teaching-training-facilitation,healthcare-human-services/physical-health	2	Obstetrics and Gynecology Residency Program.
gynecologic-oncology-fellowship-program	61.1302	Gynecologic Oncology Fellowship Program.	education,healthcare-human-services	education/teaching-training-facilitation,healthcare-human-services/biotechnology-research-development,healthcare-human-services/physical-health	3	Gynecologic Oncology Fellowship Program.
maternal-and-fetal-medicine-fellowship-program	61.1303	Maternal and Fetal Medicine Fellowship Program.	education,healthcare-human-services	education/teaching-training-facilitation,healthcare-human-services/biotechnology-research-development,healthcare-human-services/physical-health	3	Maternal and Fetal Medicine Fellowship Program.
reproductive-endocrinologyinfertility-fellowship-program	61.1304	Reproductive Endocrinology/Infertility Fellowship Program.	education,healthcare-human-services	education/teaching-training-facilitation,healthcare-human-services/biotechnology-research-development,healthcare-human-services/physical-health	3	Reproductive Endocrinology/Infertility Fellowship Program.
obstetrics-and-gynecology-residencyfellowship-programs-other	61.1399	Obstetrics and Gynecology Residency/Fellowship Programs, Other.	education,healthcare-human-services	education/teaching-training-facilitation,healthcare-human-services/biotechnology-research-development,healthcare-human-services/physical-health	3	Obstetrics and Gynecology Residency/Fellowship Programs, Other.
ophthalmology-residency-program	61.1401	Ophthalmology Residency Program.	education,healthcare-human-services	education/teaching-training-facilitation,healthcare-human-services/physical-health	2	Ophthalmology Residency Program.
ophthalmology-residencyfellowship-programs-other	61.1499	Ophthalmology Residency/Fellowship Programs, Other.	education,healthcare-human-services	education/teaching-training-facilitation,healthcare-human-services/biotechnology-research-development,healthcare-human-services/physical-health	3	Ophthalmology Residency/Fellowship Programs, Other.
orthopedic-surgery-residency-program	61.1501	Orthopedic Surgery Residency Program.	education,healthcare-human-services	education/teaching-training-facilitation,healthcare-human-services/physical-health	3	Orthopedic Surgery Residency Program.
musculoskeletal-oncology-fellowship-program	61.1502	Musculoskeletal Oncology Fellowship Program.	education,healthcare-human-services	education/teaching-training-facilitation,healthcare-human-services/biotechnology-research-development,healthcare-human-services/physical-health	3	Musculoskeletal Oncology Fellowship Program.
orthopedic-sports-medicine-fellowship-program	61.1503	Orthopedic Sports Medicine Fellowship Program.	education,healthcare-human-services	education/teaching-training-facilitation,healthcare-human-services/biotechnology-research-development,healthcare-human-services/physical-health	3	Orthopedic Sports Medicine Fellowship Program.
orthopedic-surgery-of-the-spine-fellowship-program	61.1504	Orthopedic Surgery of the Spine Fellowship Program.	education,healthcare-human-services	education/teaching-training-facilitation,healthcare-human-services/biotechnology-research-development,healthcare-human-services/physical-health	4	Orthopedic Surgery of the Spine Fellowship Program.
pediatric-orthopedics-fellowship-program	61.1505	Pediatric Orthopedics Fellowship Program.	education,healthcare-human-services	education/teaching-training-facilitation,healthcare-human-services/biotechnology-research-development,healthcare-human-services/physical-health	3	Pediatric Orthopedics Fellowship Program.
orthopedic-surgery-residencyfellowship-programs-other	61.1599	Orthopedic Surgery Residency/Fellowship Programs, Other.	education,healthcare-human-services	education/teaching-training-facilitation,healthcare-human-services/biotechnology-research-development,healthcare-human-services/physical-health	3	Orthopedic Surgery Residency/Fellowship Programs, Other.
osteopathic-neuromusculoskeletal-medicine-residency-program	61.1601	Osteopathic Neuromusculoskeletal Medicine Residency Program.	education,healthcare-human-services	education/teaching-training-facilitation,healthcare-human-services/physical-health	2	Osteopathic Neuromusculoskeletal Medicine Residency Program.
osteopathic-medicine-residencyfellowship-programs-other	61.1699	Osteopathic Medicine Residency/Fellowship Programs, Other.	education,healthcare-human-services	education/teaching-training-facilitation,healthcare-human-services/biotechnology-research-development,healthcare-human-services/physical-health	3	Osteopathic Medicine Residency/Fellowship Programs, Other.
otolaryngology-residency-program	61.1701	Otolaryngology Residency Program.	education,healthcare-human-services	education/teaching-training-facilitation,healthcare-human-services/physical-health	3	Otolaryngology Residency Program.
neurotology-fellowship-program	61.1702	Neurotology Fellowship Program.	education,healthcare-human-services	education/teaching-training-facilitation,healthcare-human-services/biotechnology-research-development,healthcare-human-services/physical-health	4	Neurotology Fellowship Program.
pediatric-otolaryngology-fellowship-program	61.1703	Pediatric Otolaryngology Fellowship Program.	education,healthcare-human-services	education/teaching-training-facilitation,healthcare-human-services/biotechnology-research-development,healthcare-human-services/physical-health	4	Pediatric Otolaryngology Fellowship Program.
otolaryngology-residencyfellowship-programs-other	61.1799	Otolaryngology Residency/Fellowship Programs, Other.	education,healthcare-human-services	education/teaching-training-facilitation,healthcare-human-services/biotechnology-research-development,healthcare-human-services/physical-health	4	Otolaryngology Residency/Fellowship Programs, Other.
combined-anatomic-and-clinical-pathology-residency-program	61.1801	Combined Anatomic and Clinical Pathology Residency Program.	education,healthcare-human-services	education/teaching-training-facilitation,healthcare-human-services/physical-health	2	Combined Anatomic and Clinical Pathology Residency Program.
anatomic-pathology-residency-program	61.1802	Anatomic Pathology Residency Program.	education,healthcare-human-services	education/teaching-training-facilitation,healthcare-human-services/physical-health	2	Anatomic Pathology Residency Program.
clinical-pathology-residency-program	61.1803	Clinical Pathology Residency Program.	education,healthcare-human-services	education/teaching-training-facilitation,healthcare-human-services/physical-health	2	Clinical Pathology Residency Program.
blood-bankingtransfusion-medicine-fellowship-program	61.1804	Blood Banking/Transfusion Medicine Fellowship Program.	education,healthcare-human-services	education/teaching-training-facilitation,healthcare-human-services/biotechnology-research-development,healthcare-human-services/physical-health	4	Blood Banking/Transfusion Medicine Fellowship Program.
chemical-pathology-fellowship-program	61.1805	Chemical Pathology Fellowship Program.	education,healthcare-human-services	education/teaching-training-facilitation,healthcare-human-services/biotechnology-research-development,healthcare-human-services/physical-health	3	Chemical Pathology Fellowship Program.
cytopathology-fellowship-program	61.1806	Cytopathology Fellowship Program.	education,healthcare-human-services	education/teaching-training-facilitation,healthcare-human-services/biotechnology-research-development,healthcare-human-services/physical-health	3	Cytopathology Fellowship Program.
forensic-pathology-fellowship-program	61.1807	Forensic Pathology Fellowship Program.	education,healthcare-human-services	education/teaching-training-facilitation,healthcare-human-services/biotechnology-research-development,healthcare-human-services/physical-health	3	Forensic Pathology Fellowship Program.
hematological-pathology-fellowship-program	61.1808	Hematological Pathology Fellowship Program.	education,healthcare-human-services	education/teaching-training-facilitation,healthcare-human-services/biotechnology-research-development,healthcare-human-services/physical-health	3	Hematological Pathology Fellowship Program.
immunopathology-fellowship-program	61.1809	Immunopathology Fellowship Program.	education,healthcare-human-services	education/teaching-training-facilitation,healthcare-human-services/biotechnology-research-development,healthcare-human-services/physical-health	3	Immunopathology Fellowship Program.
laboratory-medicine-fellowship-program	61.1810	Laboratory Medicine Fellowship Program.	education,healthcare-human-services	education/teaching-training-facilitation,healthcare-human-services/biotechnology-research-development,healthcare-human-services/physical-health	3	Laboratory Medicine Fellowship Program.
medical-microbiology-fellowship-program	61.1811	Medical Microbiology Fellowship Program.	education,healthcare-human-services	education/teaching-training-facilitation,healthcare-human-services/biotechnology-research-development,healthcare-human-services/physical-health	3	Medical Microbiology Fellowship Program.
molecular-genetic-pathology-fellowship-program	61.1812	Molecular Genetic Pathology Fellowship Program.	education,healthcare-human-services	education/teaching-training-facilitation,healthcare-human-services/biotechnology-research-development,healthcare-human-services/physical-health	3	Molecular Genetic Pathology Fellowship Program.
neuropathology-fellowship-program	61.1813	Neuropathology Fellowship Program.	education,healthcare-human-services	education/teaching-training-facilitation,healthcare-human-services/biotechnology-research-development,healthcare-human-services/physical-health	3	Neuropathology Fellowship Program.
pediatric-pathology-fellowship-program	61.1814	Pediatric Pathology Fellowship Program.	education,healthcare-human-services	education/teaching-training-facilitation,healthcare-human-services/biotechnology-research-development,healthcare-human-services/physical-health	3	Pediatric Pathology Fellowship Program.
radioisotopic-pathology-fellowship-program	61.1815	Radioisotopic Pathology Fellowship Program.	education,healthcare-human-services	education/teaching-training-facilitation,healthcare-human-services/biotechnology-research-development,healthcare-human-services/physical-health	3	Radioisotopic Pathology Fellowship Program.
pathology-residencyfellowship-programs-other	61.1899	Pathology Residency/Fellowship Programs, Other.	education,healthcare-human-services	education/teaching-training-facilitation,healthcare-human-services/biotechnology-research-development,healthcare-human-services/physical-health	3	Pathology Residency/Fellowship Programs, Other.
pediatrics-residency-program	61.1901	Pediatrics Residency Program.	education,healthcare-human-services	education/teaching-training-facilitation,healthcare-human-services/physical-health	2	Pediatrics Residency Program.
adolescent-medicine-fellowship-program	61.1902	Adolescent Medicine Fellowship Program.	education,healthcare-human-services	education/teaching-training-facilitation,healthcare-human-services/biotechnology-research-development,healthcare-human-services/physical-health	4	Adolescent Medicine Fellowship Program.
child-abuse-pediatrics-fellowship-program	61.1903	Child Abuse Pediatrics Fellowship Program.	education,healthcare-human-services	education/teaching-training-facilitation,healthcare-human-services/biotechnology-research-development,healthcare-human-services/physical-health	3	Child Abuse Pediatrics Fellowship Program.
developmental-behavioral-pediatrics-fellowship-program	61.1904	Developmental-Behavioral Pediatrics Fellowship Program.	education,healthcare-human-services	education/teaching-training-facilitation,healthcare-human-services/biotechnology-research-development,healthcare-human-services/physical-health	3	Developmental-Behavioral Pediatrics Fellowship Program.
neonatal-perinatal-medicine-fellowship-program	61.1905	Neonatal-Perinatal Medicine Fellowship Program.	education,healthcare-human-services	education/teaching-training-facilitation,healthcare-human-services/biotechnology-research-development,healthcare-human-services/physical-health	3	Neonatal-Perinatal Medicine Fellowship Program.
pediatric-cardiology-fellowship-program	61.1906	Pediatric Cardiology Fellowship Program.	education,healthcare-human-services	education/teaching-training-facilitation,healthcare-human-services/biotechnology-research-development,healthcare-human-services/physical-health	4	Pediatric Cardiology Fellowship Program.
pediatric-critical-care-medicine-fellowship-program	61.1907	Pediatric Critical Care Medicine Fellowship Program.	education,healthcare-human-services	education/teaching-training-facilitation,healthcare-human-services/biotechnology-research-development,healthcare-human-services/physical-health	4	Pediatric Critical Care Medicine Fellowship Program.
pediatric-emergency-medicine-fellowship-program	61.1908	Pediatric Emergency Medicine Fellowship Program.	education,healthcare-human-services	education/teaching-training-facilitation,healthcare-human-services/biotechnology-research-development,healthcare-human-services/physical-health	4	Pediatric Emergency Medicine Fellowship Program.
pediatric-endocrinology-fellowship-program	61.1909	Pediatric Endocrinology Fellowship Program.	education,healthcare-human-services	education/teaching-training-facilitation,healthcare-human-services/biotechnology-research-development,healthcare-human-services/physical-health	3	Pediatric Endocrinology Fellowship Program.
pediatric-gastroenterology-fellowship-program	61.1910	Pediatric Gastroenterology Fellowship Program.	education,healthcare-human-services	education/teaching-training-facilitation,healthcare-human-services/biotechnology-research-development,healthcare-human-services/physical-health	3	Pediatric Gastroenterology Fellowship Program.
pediatric-hematology-oncology-fellowship-program	61.1911	Pediatric Hematology-Oncology Fellowship Program.	education,healthcare-human-services	education/teaching-training-facilitation,healthcare-human-services/biotechnology-research-development,healthcare-human-services/physical-health	3	Pediatric Hematology-Oncology Fellowship Program.
pediatric-infectious-diseases-fellowship-program	61.1912	Pediatric Infectious Diseases Fellowship Program.	education,healthcare-human-services	education/teaching-training-facilitation,healthcare-human-services/biotechnology-research-development,healthcare-human-services/physical-health	3	Pediatric Infectious Diseases Fellowship Program.
pediatric-nephrology-fellowship-program	61.1913	Pediatric Nephrology Fellowship Program.	education,healthcare-human-services	education/teaching-training-facilitation,healthcare-human-services/biotechnology-research-development,healthcare-human-services/physical-health	3	Pediatric Nephrology Fellowship Program.
pediatric-pulmonology-fellowship-program	61.1914	Pediatric Pulmonology Fellowship Program.	education,healthcare-human-services	education/teaching-training-facilitation,healthcare-human-services/biotechnology-research-development,healthcare-human-services/physical-health	3	Pediatric Pulmonology Fellowship Program.
pediatric-rheumatology-fellowship-program	61.1915	Pediatric Rheumatology Fellowship Program.	education,healthcare-human-services	education/teaching-training-facilitation,healthcare-human-services/biotechnology-research-development,healthcare-human-services/physical-health	3	Pediatric Rheumatology Fellowship Program.
pediatric-transplant-hepatology-fellowship-program	61.1917	Pediatric Transplant Hepatology Fellowship Program.	education,healthcare-human-services	education/teaching-training-facilitation,healthcare-human-services/biotechnology-research-development,healthcare-human-services/physical-health	3	Pediatric Transplant Hepatology Fellowship Program.
pediatrics-residencyfellowship-programs-other	61.1999	Pediatrics Residency/Fellowship Programs, Other.	education,healthcare-human-services	education/teaching-training-facilitation,healthcare-human-services/biotechnology-research-development,healthcare-human-services/physical-health	3	Pediatrics Residency/Fellowship Programs, Other.
physical-medicine-and-rehabilitation-residency-program	61.2001	Physical Medicine and Rehabilitation Residency Program.	education,healthcare-human-services	education/teaching-training-facilitation,healthcare-human-services/physical-health	2	Physical Medicine and Rehabilitation Residency Program.
spinal-cord-injury-medicine-fellowship-program	61.2002	Spinal Cord Injury Medicine Fellowship Program.	education,healthcare-human-services	education/teaching-training-facilitation,healthcare-human-services/biotechnology-research-development,healthcare-human-services/physical-health	3	Spinal Cord Injury Medicine Fellowship Program.
pediatric-rehabilitation-medicine-fellowship-program	61.2003	Pediatric Rehabilitation Medicine Fellowship Program.	education,healthcare-human-services	education/teaching-training-facilitation,healthcare-human-services/biotechnology-research-development,healthcare-human-services/physical-health	3	Pediatric Rehabilitation Medicine Fellowship Program.
physical-medicine-and-rehabilitation-residencyfellowship-programs-other	61.2099	Physical Medicine and Rehabilitation Residency/Fellowship Programs, Other.	education,healthcare-human-services	education/teaching-training-facilitation,healthcare-human-services/biotechnology-research-development,healthcare-human-services/physical-health	3	Physical Medicine and Rehabilitation Residency/Fellowship Programs, Other.
plastic-surgery-residency-program	61.2101	Plastic Surgery Residency Program.	education,healthcare-human-services	education/teaching-training-facilitation,healthcare-human-services/physical-health	3	Plastic Surgery Residency Program.
integrated-plastic-surgery-residency-program	61.2102	Integrated Plastic Surgery Residency Program.	education,healthcare-human-services	education/teaching-training-facilitation,healthcare-human-services/physical-health	3	Integrated Plastic Surgery Residency Program.
plastic-surgery-within-the-head-and-neck-fellowship-program	61.2103	Plastic Surgery Within the Head and Neck Fellowship Program.	education,healthcare-human-services	education/teaching-training-facilitation,healthcare-human-services/biotechnology-research-development,healthcare-human-services/physical-health	4	Plastic Surgery Within the Head and Neck Fellowship Program.
plastic-surgery-residencyfellowship-programs-other	61.2199	Plastic Surgery Residency/Fellowship Programs, Other.	education,healthcare-human-services	education/teaching-training-facilitation,healthcare-human-services/biotechnology-research-development,healthcare-human-services/physical-health	4	Plastic Surgery Residency/Fellowship Programs, Other.
podiatric-medicine-and-surgery-residency-program	61.2201	Podiatric Medicine and Surgery Residency Program.	education,healthcare-human-services	education/teaching-training-facilitation,healthcare-human-services/physical-health	2	Podiatric Medicine and Surgery Residency Program.
podiatric-medicine-residencyfellowship-programs-other	61.2299	Podiatric Medicine Residency/Fellowship Programs, Other.	education,healthcare-human-services	education/teaching-training-facilitation,healthcare-human-services/biotechnology-research-development,healthcare-human-services/physical-health	3	Podiatric Medicine Residency/Fellowship Programs, Other.
public-health-and-general-preventive-medicine-residency-program	61.2301	Public Health and General Preventive Medicine Residency Program.	education,healthcare-human-services	education/teaching-training-facilitation,healthcare-human-services/physical-health	2	Public Health and General Preventive Medicine Residency Program.
aerospace-medicine-residency-program	61.2302	Aerospace Medicine Residency Program.	education,healthcare-human-services	education/teaching-training-facilitation,healthcare-human-services/physical-health	2	Aerospace Medicine Residency Program.
occupational-medicine-residency-program	61.2303	Occupational Medicine Residency Program.	education,healthcare-human-services	education/teaching-training-facilitation,healthcare-human-services/physical-health	2	Occupational Medicine Residency Program.
preventive-medicine-residencyfellowship-programs-other	61.2399	Preventive Medicine Residency/Fellowship Programs, Other.	education,healthcare-human-services	education/teaching-training-facilitation,healthcare-human-services/biotechnology-research-development,healthcare-human-services/physical-health	3	Preventive Medicine Residency/Fellowship Programs, Other.
psychiatry-residency-program	61.2401	Psychiatry Residency Program.	education,healthcare-human-services	education/teaching-training-facilitation,healthcare-human-services/physical-health	2	Psychiatry Residency Program.
addiction-psychiatry-fellowship-program	61.2402	Addiction Psychiatry Fellowship Program.	education,healthcare-human-services	education/teaching-training-facilitation,healthcare-human-services/biotechnology-research-development,healthcare-human-services/physical-health	3	Addiction Psychiatry Fellowship Program.
child-and-adolescent-psychiatry-fellowship-program	61.2403	Child and Adolescent Psychiatry Fellowship Program.	education,healthcare-human-services	education/teaching-training-facilitation,healthcare-human-services/biotechnology-research-development,healthcare-human-services/physical-health	3	Child and Adolescent Psychiatry Fellowship Program.
consultation-liaison-psychiatry-fellowship-program	61.2404	Consultation-Liaison Psychiatry Fellowship Program.	education,healthcare-human-services	education/teaching-training-facilitation,healthcare-human-services/biotechnology-research-development,healthcare-human-services/physical-health	3	Consultation-Liaison Psychiatry Fellowship Program.
forensic-psychiatry-fellowship-program	61.2405	Forensic Psychiatry Fellowship Program.	education,healthcare-human-services	education/teaching-training-facilitation,healthcare-human-services/biotechnology-research-development,healthcare-human-services/physical-health	3	Forensic Psychiatry Fellowship Program.
geriatric-psychiatry-fellowship-program	61.2406	Geriatric Psychiatry Fellowship Program.	education,healthcare-human-services	education/teaching-training-facilitation,healthcare-human-services/biotechnology-research-development,healthcare-human-services/physical-health	3	Geriatric Psychiatry Fellowship Program.
psychiatry-residencyfellowship-programs-other	61.2499	Psychiatry Residency/Fellowship Programs, Other.	education,healthcare-human-services	education/teaching-training-facilitation,healthcare-human-services/biotechnology-research-development,healthcare-human-services/physical-health	3	Psychiatry Residency/Fellowship Programs, Other.
radiation-oncology-residency-program	61.2501	Radiation Oncology Residency Program.	education,healthcare-human-services	education/teaching-training-facilitation,healthcare-human-services/physical-health	3	Radiation Oncology Residency Program.
radiation-oncology-residencyfellowship-programs-other	61.2599	Radiation Oncology Residency/Fellowship Programs, Other.	education,healthcare-human-services	education/teaching-training-facilitation,healthcare-human-services/biotechnology-research-development,healthcare-human-services/physical-health	4	Radiation Oncology Residency/Fellowship Programs, Other.
diagnostic-radiology-residency-program	61.2601	Diagnostic Radiology Residency Program.	education,healthcare-human-services	education/teaching-training-facilitation,healthcare-human-services/physical-health	2	Diagnostic Radiology Residency Program.
integrated-interventional-radiology-residency-program	61.2602	Integrated Interventional Radiology Residency Program.	education,healthcare-human-services	education/teaching-training-facilitation,healthcare-human-services/physical-health	2	Integrated Interventional Radiology Residency Program.
abdominal-radiology-fellowship-program	61.2603	Abdominal Radiology Fellowship Program.	education,healthcare-human-services	education/teaching-training-facilitation,healthcare-human-services/biotechnology-research-development,healthcare-human-services/physical-health	3	Abdominal Radiology Fellowship Program.
diagnostic-radiologic-physics-residency-program	61.2604	Diagnostic Radiologic Physics Residency Program.	education,healthcare-human-services	education/teaching-training-facilitation,healthcare-human-services/physical-health	2	Diagnostic Radiologic Physics Residency Program.
medical-nuclear-physics-residency-program	61.2605	Medical Nuclear Physics Residency Program.	education,healthcare-human-services	education/teaching-training-facilitation,healthcare-human-services/physical-health	2	Medical Nuclear Physics Residency Program.
musculoskeletal-radiology-fellowship-program	61.2606	Musculoskeletal Radiology Fellowship Program.	education,healthcare-human-services	education/teaching-training-facilitation,healthcare-human-services/biotechnology-research-development,healthcare-human-services/physical-health	3	Musculoskeletal Radiology Fellowship Program.
neuroradiology-fellowship-program	61.2607	Neuroradiology Fellowship Program.	education,healthcare-human-services	education/teaching-training-facilitation,healthcare-human-services/biotechnology-research-development,healthcare-human-services/physical-health	3	Neuroradiology Fellowship Program.
nuclear-radiology-fellowship-program	61.2608	Nuclear Radiology Fellowship Program.	education,healthcare-human-services	education/teaching-training-facilitation,healthcare-human-services/biotechnology-research-development,healthcare-human-services/physical-health	3	Nuclear Radiology Fellowship Program.
pediatric-radiology-fellowship-program	61.2609	Pediatric Radiology Fellowship Program.	education,healthcare-human-services	education/teaching-training-facilitation,healthcare-human-services/biotechnology-research-development,healthcare-human-services/physical-health	4	Pediatric Radiology Fellowship Program.
radiologic-physics-residency-program	61.2610	Radiologic Physics Residency Program.	education,healthcare-human-services	education/teaching-training-facilitation,healthcare-human-services/physical-health	2	Radiologic Physics Residency Program.
therapeutic-radiologic-physics-residency-program	61.2611	Therapeutic Radiologic Physics Residency Program.	education,healthcare-human-services	education/teaching-training-facilitation,healthcare-human-services/physical-health	2	Therapeutic Radiologic Physics Residency Program.
vascular-and-interventional-radiology-fellowship-program	61.2612	Vascular and Interventional Radiology Fellowship Program.	education,healthcare-human-services	education/teaching-training-facilitation,healthcare-human-services/biotechnology-research-development,healthcare-human-services/physical-health	3	Vascular and Interventional Radiology Fellowship Program.
radiology-residencyfellowship-programs-other	61.2699	Radiology Residency/Fellowship Programs, Other.	education,healthcare-human-services	education/teaching-training-facilitation,healthcare-human-services/biotechnology-research-development,healthcare-human-services/physical-health	3	Radiology Residency/Fellowship Programs, Other.
general-surgery-residency-program	61.2701	General Surgery Residency Program.	education,healthcare-human-services	education/teaching-training-facilitation,healthcare-human-services/physical-health	2	General Surgery Residency Program.
colon-and-rectal-surgery-residency-program	61.2702	Colon and Rectal Surgery Residency Program.	education,healthcare-human-services	education/teaching-training-facilitation,healthcare-human-services/physical-health	2	Colon and Rectal Surgery Residency Program.
complex-general-surgical-oncology-fellowship-program	61.2703	Complex General Surgical Oncology Fellowship Program.	education,healthcare-human-services	education/teaching-training-facilitation,healthcare-human-services/biotechnology-research-development,healthcare-human-services/physical-health	3	Complex General Surgical Oncology Fellowship Program.
congenital-cardiac-surgery-fellowship-program	61.2704	Congenital Cardiac Surgery Fellowship Program.	education,healthcare-human-services	education/teaching-training-facilitation,healthcare-human-services/biotechnology-research-development,healthcare-human-services/physical-health	4	Congenital Cardiac Surgery Fellowship Program.
pediatric-surgery-fellowship-program	61.2705	Pediatric Surgery Fellowship Program.	education,healthcare-human-services	education/teaching-training-facilitation,healthcare-human-services/biotechnology-research-development,healthcare-human-services/physical-health	3	Pediatric Surgery Fellowship Program.
surgical-critical-care-fellowship-program	61.2706	Surgical Critical Care Fellowship Program.	education,healthcare-human-services	education/teaching-training-facilitation,healthcare-human-services/biotechnology-research-development,healthcare-human-services/physical-health	3	Surgical Critical Care Fellowship Program.
thoracic-surgery-fellowship-program	61.2707	Thoracic Surgery Fellowship Program.	education,healthcare-human-services	education/teaching-training-facilitation,healthcare-human-services/biotechnology-research-development,healthcare-human-services/physical-health	3	Thoracic Surgery Fellowship Program.
vascular-surgery-fellowship-program	61.2708	Vascular Surgery Fellowship Program.	education,healthcare-human-services	education/teaching-training-facilitation,healthcare-human-services/biotechnology-research-development,healthcare-human-services/physical-health	3	Vascular Surgery Fellowship Program.
surgery-residencyfellowship-programs-other	61.2799	Surgery Residency/Fellowship Programs, Other.	education,healthcare-human-services	education/teaching-training-facilitation,healthcare-human-services/biotechnology-research-development,healthcare-human-services/physical-health	3	Surgery Residency/Fellowship Programs, Other.
urology-residency-program	61.2801	Urology Residency Program.	education,healthcare-human-services	education/teaching-training-facilitation,healthcare-human-services/physical-health	2	Urology Residency Program.
pediatric-urology-fellowship-program	61.2802	Pediatric Urology Fellowship Program.	education,healthcare-human-services	education/teaching-training-facilitation,healthcare-human-services/biotechnology-research-development,healthcare-human-services/physical-health	3	Pediatric Urology Fellowship Program.
urology-residencyfellowship-programs-other	61.2899	Urology Residency/Fellowship Programs, Other.	education,healthcare-human-services	education/teaching-training-facilitation,healthcare-human-services/biotechnology-research-development,healthcare-human-services/physical-health	3	Urology Residency/Fellowship Programs, Other.
medical-residencyfellowship-programs-other	61.9999	Medical Residency/Fellowship Programs, Other.	education,healthcare-human-services	education/teaching-training-facilitation,healthcare-human-services/biotechnology-research-development,healthcare-human-services/physical-health	4	Medical Residency/Fellowship Programs, Other.
no-match	99.9999	NO MATCH	advanced-manufacturing,agriculture,arts-entertainment-design,construction,education,energy-natural-resources,financial-services,healthcare-human-services,hospitality-events-tourism,management-entrepreneurship,marketing-sales,public-service-safety,supply-chain-transportation	advanced-manufacturing/industrial-machinery,advanced-manufacturing/production-automation,advanced-manufacturing/safety-quality-assurance,agriculture/agricultural-technology-automation,agriculture/animal-systems,agriculture/food-science-processing,agriculture/plant-systems,arts-entertainment-design/design-digital-arts,arts-entertainment-design/fashion-interiors,arts-entertainment-design/lighting-sound-technology,arts-entertainment-design/performing-arts,construction/skilled-trades,education/learner-support-community-engagement,education/teaching-training-facilitation,energy-natural-resources/clean-alternative-energy,energy-natural-resources/resource-extraction,energy-natural-resources/utilities,financial-services/accounting,financial-services/financial-strategy-investments,healthcare-human-services/community-social-services,healthcare-human-services/health-data-administration,healthcare-human-services/personal-care-services,healthcare-human-services/physical-health,hospitality-events-tourism/accommodations,hospitality-events-tourism/culinary-food-services,hospitality-events-tourism/travel-leisure,management-entrepreneurship/leadership-operations,marketing-sales/retail-customer-experience,marketing-sales/strategic-sales,public-service-safety/emergency-response,public-service-safety/local-state-federal-services,public-service-safety/military-national-security,public-service-safety/public-safety,supply-chain-transportation/air-space-transportation,supply-chain-transportation/ground-rail-transportation,supply-chain-transportation/maintenance-repair,supply-chain-transportation/marine-transportation,supply-chain-transportation/planning-logistics,supply-chain-transportation/purchasing-warehousing	178	NO MATCH
