child	childCode	parent	parentCode	level
ArtistsBrushesApplicators	10001674	ArtistsPaintingDrawingSupplies	70010100	Brick→Class
ArtistsCanvasPrePrimedBoards	10001679	ArtistsPaintingDrawingSupplies	70010100	Brick→Class
ArtistsDrawingBoards	10005372	ArtistsPaintingDrawingSupplies	70010100	Brick→Class
ArtistsEasels	10001681	ArtistsPaintingDrawingSupplies	70010100	Brick→Class
ArtistsPaintingSurfaceAgents	10001678	ArtistsPaintingDrawingSupplies	70010100	Brick→Class
ArtistsPaintingDrawingSuppliesOther	10001685	ArtistsPaintingDrawingSupplies	70010100	Brick→Class
ArtistsPaintingDrawingSuppliesVarietyPacks	10001684	ArtistsPaintingDrawingSupplies	70010100	Brick→Class
ArtistsPaintsDyes	10001676	ArtistsPaintingDrawingSupplies	70010100	Brick→Class
ArtistsPalettes	10001680	ArtistsPaintingDrawingSupplies	70010100	Brick→Class
PastelsCharcoalCrayonsChalk	10001677	ArtistsPaintingDrawingSupplies	70010100	Brick→Class
ArtsCraftsNeedleworkStorageOrganizers	10001712	ArtsCraftsNeedleworkStorageOrganizers	70011600	Brick→Class
ArtsCraftsNeedleworkAdornments	10001714	ArtsCraftsNeedleworkSupplies	70011400	Brick→Class
ArtsCraftsNeedleworkBeadsStones	10001717	ArtsCraftsNeedleworkSupplies	70011400	Brick→Class
ArtsCraftsNeedleworkFabricsTextiles	10001699	ArtsCraftsNeedleworkSupplies	70011400	Brick→Class
ArtsCraftsNeedleworkFasteners	10001710	ArtsCraftsNeedleworkSupplies	70011400	Brick→Class
ArtsCraftsNeedleworkFibresYarns	10001756	ArtsCraftsNeedleworkSupplies	70011400	Brick→Class
ArtsCraftsNeedleworkLaceRibbonsCordsBraids	10001700	ArtsCraftsNeedleworkSupplies	70011400	Brick→Class
ArtsCraftsNeedleworkMoulds	10001737	ArtsCraftsNeedleworkSupplies	70011400	Brick→Class
ArtsCraftsNeedleworkSandSupplies	10001683	ArtsCraftsNeedleworkSupplies	70011400	Brick→Class
ArtsCraftsNeedleworkSuppliesAccessories	10008365	ArtsCraftsNeedleworkSupplies	70011400	Brick→Class
ArtsCraftsNeedleworkSuppliesVarietyPacks	10008397	ArtsCraftsNeedleworkSupplies	70011400	Brick→Class
ArtsCraftsNeedleworkTemplates	10001713	ArtsCraftsNeedleworkSupplies	70011400	Brick→Class
ArtsCraftsNeedleworkThreads	10001701	ArtsCraftsNeedleworkSupplies	70011400	Brick→Class
AirbrushesPowered	10001686	ArtsCraftsNeedleworkTools	70011500	Brick→Class
ArtsCraftsNeedleworkNeedles	10001702	ArtsCraftsNeedleworkTools	70011500	Brick→Class
ArtsCraftsNeedleworkToolsReplacementParts	10008399	ArtsCraftsNeedleworkTools	70011500	Brick→Class
ArtsCraftsNeedleworkToolsNonPowered	10008401	ArtsCraftsNeedleworkTools	70011500	Brick→Class
ArtsCraftsNeedleworkToolsVarietyPacks	10008400	ArtsCraftsNeedleworkTools	70011500	Brick→Class
BurningEngravingCraftToolsNonPowered	10001743	ArtsCraftsNeedleworkTools	70011500	Brick→Class
BurningEngravingCraftToolsPowered	10001742	ArtsCraftsNeedleworkTools	70011500	Brick→Class
KilnsPowered	10001694	ArtsCraftsNeedleworkTools	70011500	Brick→Class
MelterNonPowered	10008398	ArtsCraftsNeedleworkTools	70011500	Brick→Class
MelterPowered	10001732	ArtsCraftsNeedleworkTools	70011500	Brick→Class
PaperCraftToolsNonPowered	10001726	ArtsCraftsNeedleworkTools	70011500	Brick→Class
PotteryWheelsNonPowered	10001696	ArtsCraftsNeedleworkTools	70011500	Brick→Class
PotteryWheelsPowered	10001695	ArtsCraftsNeedleworkTools	70011500	Brick→Class
PrintingCraftToolsNonPowered	10001748	ArtsCraftsNeedleworkTools	70011500	Brick→Class
PrintingPressNonPowered	10001750	ArtsCraftsNeedleworkTools	70011500	Brick→Class
PrintingPressPowered	10001749	ArtsCraftsNeedleworkTools	70011500	Brick→Class
SculptorsToolsNonPowered	10001692	ArtsCraftsNeedleworkTools	70011500	Brick→Class
SculptorsToolsPowered	10001693	ArtsCraftsNeedleworkTools	70011500	Brick→Class
SewingKnittingToolsNonPowered	10001706	ArtsCraftsNeedleworkTools	70011500	Brick→Class
SewingKnittingToolsPowered	10001707	ArtsCraftsNeedleworkTools	70011500	Brick→Class
SpinningWeavingToolsNonPowered	10001755	ArtsCraftsNeedleworkTools	70011500	Brick→Class
SpinningWeavingToolsPowered	10001754	ArtsCraftsNeedleworkTools	70011500	Brick→Class
ArtsCraftsNeedleworkVarietyPacks	10001760	ArtsCraftsNeedleworkVarietyPacks	70011300	Brick→Class
PaperCraftCardMakingSupplies	10001730	PaperCardMakingCraftSupplies	70010700	Brick→Class
PaperCraftCardMakingSuppliesVarietyPacks	10001729	PaperCardMakingCraftSupplies	70010700	Brick→Class
AnalogueDigitalConverters	10005726	AudioVisualAccessories	68010700	Brick→Class
AudioHeadsets	10001467	AudioVisualAccessories	68010700	Brick→Class
AudioVisualAccessoriesReplacementParts	10001483	AudioVisualAccessories	68010700	Brick→Class
AudioVisualAccessoriesOther	10001484	AudioVisualAccessories	68010700	Brick→Class
AudioVisualAccessoriesVarietyPacks	10001482	AudioVisualAccessories	68010700	Brick→Class
AudioVisualBagsBoxesCasesWallets	10001478	AudioVisualAccessories	68010700	Brick→Class
AudioVisualCleaningProducts	10001480	AudioVisualAccessories	68010700	Brick→Class
AudioVisualLabellingSystems	10005744	AudioVisualAccessories	68010700	Brick→Class
AudioVisualStandsBrackets	10001477	AudioVisualAccessories	68010700	Brick→Class
ConverterCassettes	10001475	AudioVisualAccessories	68010700	Brick→Class
Megaphones	10005204	AudioVisualAccessories	68010700	Brick→Class
Microphones	10001476	AudioVisualAccessories	68010700	Brick→Class
Mp3DockingStations	10005747	AudioVisualAccessories	68010700	Brick→Class
SignalBoosters	10001468	AudioVisualAccessories	68010700	Brick→Class
SoundActiveEffectLighting	10005809	AudioVisualAccessories	68010700	Brick→Class
SwitchBoxes	10001472	AudioVisualAccessories	68010700	Brick→Class
TelevisionInternetPacks	10001479	AudioVisualAccessories	68010700	Brick→Class
UniversalRemoteControls	10001470	AudioVisualAccessories	68010700	Brick→Class
VibrationAbsorbersDampers	10005746	AudioVisualAccessories	68010700	Brick→Class
VisualDistributionAmplifiers	10005735	AudioVisualAccessories	68010700	Brick→Class
WirelessTelevisionLinks	10001469	AudioVisualAccessories	68010700	Brick→Class
AudioVisualEquipmentVarietyPacks	10001485	AudioVisualEquipmentVarietyPacks	68010800	Brick→Class
HomeAudioAmplifiersPreamplifiers	10001429	HomeAudioEquipment	68010400	Brick→Class
HomeAudioCassetteDecks	10001432	HomeAudioEquipment	68010400	Brick→Class
HomeAudioCdDecks	10001433	HomeAudioEquipment	68010400	Brick→Class
HomeAudioEffectsEquipment	10001443	HomeAudioEquipment	68010400	Brick→Class
HomeAudioEquipmentReplacementPartsAccessories	10001447	HomeAudioEquipment	68010400	Brick→Class
HomeAudioEquipmentOther	10001448	HomeAudioEquipment	68010400	Brick→Class
HomeAudioEquipmentVarietyPacks	10001446	HomeAudioEquipment	68010400	Brick→Class
HomeAudioJukeboxes	10001440	HomeAudioEquipment	68010400	Brick→Class
HomeAudioKaraokeSystems	10001441	HomeAudioEquipment	68010400	Brick→Class
HomeAudioMdDecks	10001434	HomeAudioEquipment	68010400	Brick→Class
HomeAudioReceiversTunersRadios	10001437	HomeAudioEquipment	68010400	Brick→Class
HomeAudioSpeakerSystems	10001436	HomeAudioEquipment	68010400	Brick→Class
HomeAudioSpeakersIndividual	10001435	HomeAudioEquipment	68010400	Brick→Class
HomeAudioVisualMixers	10001442	HomeAudioEquipment	68010400	Brick→Class
HomeStereoSystems	10001430	HomeAudioEquipment	68010400	Brick→Class
HomeTheatreSystems	10001431	HomeAudioEquipment	68010400	Brick→Class
TurntablesCd	10001444	HomeAudioEquipment	68010400	Brick→Class
TurntablesVinyl	10001439	HomeAudioEquipment	68010400	Brick→Class
ClockRadios	10001424	PortableAudioVideo	68010300	Brick→Class
DictationMachines	10001425	PortableAudioVideo	68010300	Brick→Class
PortableAudioCassettePlayers	10001419	PortableAudioVideo	68010300	Brick→Class
PortableAudioVideoReplacementPartsAccessories	10001427	PortableAudioVideo	68010300	Brick→Class
PortableAudioVideoOther	10001428	PortableAudioVideo	68010300	Brick→Class
PortableAudioVideoVarietyPacks	10001426	PortableAudioVideo	68010300	Brick→Class
PortableCdPlayers	10001416	PortableAudioVideo	68010300	Brick→Class
PortableDigitalVideoPlayers	10001421	PortableAudioVideo	68010300	Brick→Class
PortableDvdPlayers	10001420	PortableAudioVideo	68010300	Brick→Class
PortableFmFrequencyModulationTransmitters	10005765	PortableAudioVideo	68010300	Brick→Class
PortableMdPlayers	10001417	PortableAudioVideo	68010300	Brick→Class
PortableMp3Players	10001418	PortableAudioVideo	68010300	Brick→Class
PortablePaPublicAddressMusicSystems	10005807	PortableAudioVideo	68010300	Brick→Class
PortableRadioRecorders	10001423	PortableAudioVideo	68010300	Brick→Class
PortableRadios	10001422	PortableAudioVideo	68010300	Brick→Class
PortableSpeakers	10005710	PortableAudioVideo	68010300	Brick→Class
TelevisionCombinations	10001401	Televisions	68010100	Brick→Class
Televisions	10001400	Televisions	68010100	Brick→Class
TelevisionsHandHeld	10001402	Televisions	68010100	Brick→Class
TelevisionsReplacementPartsAccessories	10001404	Televisions	68010100	Brick→Class
TelevisionsOther	10001405	Televisions	68010100	Brick→Class
TelevisionsVarietyPacks	10001403	Televisions	68010100	Brick→Class
Aerials	10001411	VideoReceivingInstallation	68010900	Brick→Class
AudioVisualReceivers	10005841	VideoReceivingInstallation	68010900	Brick→Class
LowNoiseBlockLnbConverters	10005736	VideoReceivingInstallation	68010900	Brick→Class
SatelliteReceptionAccessories	10005760	VideoReceivingInstallation	68010900	Brick→Class
SatelliteTerrestrialAntennaSystems	10005829	VideoReceivingInstallation	68010900	Brick→Class
SetTopBoxes	10001409	VideoReceivingInstallation	68010900	Brick→Class
VideoReceivingInstallationAccessories	10005738	VideoReceivingInstallation	68010900	Brick→Class
VideoReceivingInstallationVarietyPacks	10005739	VideoReceivingInstallation	68010900	Brick→Class
Audiograms	10005808	VideoRecordingPlayback	68010200	Brick→Class
Camcorders	10001406	VideoRecordingPlayback	68010200	Brick→Class
CombinationPlayersRecorders	10001408	VideoRecordingPlayback	68010200	Brick→Class
DvdPlayersRecorders	10001407	VideoRecordingPlayback	68010200	Brick→Class
MemoryCardRecorders	10005748	VideoRecordingPlayback	68010200	Brick→Class
VideoCassettePlayersRecorders	10001412	VideoRecordingPlayback	68010200	Brick→Class
VideoHardDiscRecorders	10001410	VideoRecordingPlayback	68010200	Brick→Class
VideoRecordingPlaybackReplacementPartsAccessories	10001414	VideoRecordingPlayback	68010200	Brick→Class
VideoRecordingPlaybackVarietyPacks	10001413	VideoRecordingPlayback	68010200	Brick→Class
AudioNonMusicDigital	10006240	PreRecordedOrDigitalContentMedia	68040100	Brick→Class
AudioCassettesPreRecorded	10001464	PreRecordedOrDigitalContentMedia	68040100	Brick→Class
CdMdPreRecorded	10001459	PreRecordedOrDigitalContentMedia	68040100	Brick→Class
DualDiscsPreRecorded	10003718	PreRecordedOrDigitalContentMedia	68040100	Brick→Class
DvdPreRecorded	10001460	PreRecordedOrDigitalContentMedia	68040100	Brick→Class
GraphicsDigital	10006245	PreRecordedOrDigitalContentMedia	68040100	Brick→Class
MoviesDigital	10006241	PreRecordedOrDigitalContentMedia	68040100	Brick→Class
MusicDigital	10006239	PreRecordedOrDigitalContentMedia	68040100	Brick→Class
PreRecordedMediaOther	10001466	PreRecordedOrDigitalContentMedia	68040100	Brick→Class
PreRecordedMediaVarietyPacks	10001465	PreRecordedOrDigitalContentMedia	68040100	Brick→Class
RingTonesDigital	10006243	PreRecordedOrDigitalContentMedia	68040100	Brick→Class
TelevisionShowsDigital	10006244	PreRecordedOrDigitalContentMedia	68040100	Brick→Class
VideoNonMoviesDigital	10006242	PreRecordedOrDigitalContentMedia	68040100	Brick→Class
VideoCassettesPreRecorded	10001463	PreRecordedOrDigitalContentMedia	68040100	Brick→Class
VinylPreRecorded	10001462	PreRecordedOrDigitalContentMedia	68040100	Brick→Class
AudioCassettesRecordable	10001449	RecordableMedia	68040200	Brick→Class
CdMdRecordable	10001450	RecordableMedia	68040200	Brick→Class
DvdRecordable	10001451	RecordableMedia	68040200	Brick→Class
FloppyDiscs	10001456	RecordableMedia	68040200	Brick→Class
MemoryCards	10001452	RecordableMedia	68040200	Brick→Class
RecordableMediaOther	10001458	RecordableMedia	68040200	Brick→Class
RecordableMediaVarietyPacks	10001457	RecordableMedia	68040200	Brick→Class
UsbFlashDrivesThumbDrives	10006398	RecordableMedia	68040200	Brick→Class
VideoCassettesRecordable	10001455	RecordableMedia	68040200	Brick→Class
AudioVisualPhotographyVarietyPacks	10003777	AudioVisualPhotographyVarietyPacks	68050100	Brick→Class
CarAudioReplacementPartsAccessories	10001533	CarAudio	68030200	Brick→Class
CarAudioAerials	10001531	CarAudio	68030200	Brick→Class
CarAudioAmplifiers	10001530	CarAudio	68030200	Brick→Class
CarAudioCassettePlayersChangers	10005205	CarAudio	68030200	Brick→Class
CarAudioCdPlayersChangers	10001527	CarAudio	68030200	Brick→Class
CarAudioHeadUnits	10001525	CarAudio	68030200	Brick→Class
CarAudioMdPlayersChangers	10001528	CarAudio	68030200	Brick→Class
CarAudioOther	10001534	CarAudio	68030200	Brick→Class
CarAudioSpeakers	10001529	CarAudio	68030200	Brick→Class
CarAudioSubwoofers	10005828	CarAudio	68030200	Brick→Class
CarAudioTunersReceivers	10001526	CarAudio	68030200	Brick→Class
CarAudioVarietyPacks	10001532	CarAudio	68030200	Brick→Class
AutomotiveGpsMountsAndCradles	10006403	CarVideoNavigation	68030100	Brick→Class
CarDvdPlayers	10001519	CarVideoNavigation	68030100	Brick→Class
CarGpsAntennae	10005749	CarVideoNavigation	68030100	Brick→Class
CarNavigationEquipment	10001517	CarVideoNavigation	68030100	Brick→Class
CarRadarDetectors	10005728	CarVideoNavigation	68030100	Brick→Class
CarVideoCassettePlayers	10001520	CarVideoNavigation	68030100	Brick→Class
CarVideoMonitors	10001518	CarVideoNavigation	68030100	Brick→Class
CarVideoReceivingEquipment	10001521	CarVideoNavigation	68030100	Brick→Class
CarVideoNavigationReplacementPartsAccessories	10001523	CarVideoNavigation	68030100	Brick→Class
CarVideoNavigationOther	10001524	CarVideoNavigation	68030100	Brick→Class
CarVideoNavigationVarietyPacks	10001522	CarVideoNavigation	68030100	Brick→Class
InCarElectronicsVarietyPacks	10003685	InCarElectronicsVarietyPacks	68030300	Brick→Class
Binoculars	10001499	Optics	68020200	Brick→Class
MagnifyingGlasses	10003776	Optics	68020200	Brick→Class
Microscopes	10001502	Optics	68020200	Brick→Class
MonocularsTelescopes	10001501	Optics	68020200	Brick→Class
OpticsReplacementPartsAccessories	10001505	Optics	68020200	Brick→Class
OpticsOther	10001506	Optics	68020200	Brick→Class
OpticsVarietyPacks	10001504	Optics	68020200	Brick→Class
AnalogueCameras	10001486	Photography	68020100	Brick→Class
CameraFlashAccessories	10005750	Photography	68020100	Brick→Class
CameraFlashes	10001489	Photography	68020100	Brick→Class
DigitalCameras	10001487	Photography	68020100	Brick→Class
DigitalPhotoFrames	10005700	Photography	68020100	Brick→Class
InterchangeableLenses	10001491	Photography	68020100	Brick→Class
MobilePhotoStorage	10005842	Photography	68020100	Brick→Class
PhotographAlbumsReplacementPartsAccessories	10005207	Photography	68020100	Brick→Class
PhotographAlbumsCubes	10001495	Photography	68020100	Brick→Class
PhotographicCameraFilters	10005755	Photography	68020100	Brick→Class
PhotographicFilm	10001490	Photography	68020100	Brick→Class
PhotographicSlideProjectors	10001492	Photography	68020100	Brick→Class
PhotographicSlideStorage	10005752	Photography	68020100	Brick→Class
PhotographicSlides	10001493	Photography	68020100	Brick→Class
PhotographicSlidesReplacementPartsAccessories	10005751	Photography	68020100	Brick→Class
PhotographicStudioFlashGun	10005753	Photography	68020100	Brick→Class
PhotographyReplacementPartsAccessories	10001494	Photography	68020100	Brick→Class
PhotographyOther	10001498	Photography	68020100	Brick→Class
PhotographyVarietyPacks	10001496	Photography	68020100	Brick→Class
PhotographDevelopingChemicals	10001507	PhotographyPrintingDarkRoomEquipment	68020300	Brick→Class
PhotographEnlargers	10001508	PhotographyPrintingDarkRoomEquipment	68020300	Brick→Class
PhotographicPaper	10001510	PhotographyPrintingDarkRoomEquipment	68020300	Brick→Class
PhotographyDarkRoomSafelights	10001512	PhotographyPrintingDarkRoomEquipment	68020300	Brick→Class
PhotographyDarkRoomTanksTraysReels	10001513	PhotographyPrintingDarkRoomEquipment	68020300	Brick→Class
PhotographyDryingEquipment	10001511	PhotographyPrintingDarkRoomEquipment	68020300	Brick→Class
PhotographyPrintingDarkRoomEquipmentReplacementPartsAccessories	10001515	PhotographyPrintingDarkRoomEquipment	68020300	Brick→Class
PhotographyPrintingDarkRoomEquipmentOther	10001516	PhotographyPrintingDarkRoomEquipment	68020300	Brick→Class
PhotographyPrintingDarkRoomEquipmentVarietyPacks	10001514	PhotographyPrintingDarkRoomEquipment	68020300	Brick→Class
PhotographyOpticsVarietyPacks	10003686	PhotographyOpticsVarietyPacks	68020400	Brick→Class
BeautyPersonalCareHygieneVarietyPacks	10000666	BeautyPersonalCareHygieneVarietyPacks	53220100	Brick→Class
BathMassageToning	10000807	BodyMassageToning	53201000	Brick→Class
BodyMassageToningReplacementParts	10000758	BodyMassageToning	53201000	Brick→Class
BodyMassageToningOther	10000760	BodyMassageToning	53201000	Brick→Class
BodyMassageToningVarietyPacks	10000668	BodyMassageToning	53201000	Brick→Class
BodyToningFirmingProductsPowered	10000567	BodyMassageToning	53201000	Brick→Class
PersonalWarmingMassagingNonPowered	10000566	BodyMassageToning	53201000	Brick→Class
PersonalWarmingMassagingPowered	10000759	BodyMassageToning	53201000	Brick→Class
AromatherapyCushions	10000772	Aromatherapy	53161500	Brick→Class
AromatherapyOther	10000779	Aromatherapy	53161500	Brick→Class
AromatherapyVarietyPacks	10000774	Aromatherapy	53161500	Brick→Class
BaseCarrierOils	10000773	Aromatherapy	53161500	Brick→Class
EssentialOils	10000771	Aromatherapy	53161500	Brick→Class
OilDiffusersNonPowered	10000769	Aromatherapy	53161500	Brick→Class
OilDiffusersPowered	10000770	Aromatherapy	53161500	Brick→Class
BreastHipEnhancerPads	10000762	CosmeticMakeupProducts	53161000	Brick→Class
CosmeticMakeupComplexion	10000532	CosmeticMakeupProducts	53161000	Brick→Class
CosmeticMakeupEyes	10000533	CosmeticMakeupProducts	53161000	Brick→Class
CosmeticMakeupLips	10000534	CosmeticMakeupProducts	53161000	Brick→Class
CosmeticMakeupMultizone	10008306	CosmeticMakeupProducts	53161000	Brick→Class
CosmeticMakeupAidsAccessories	10000377	CosmeticMakeupProducts	53161000	Brick→Class
CosmeticMakeupApplicators	10008024	CosmeticMakeupProducts	53161000	Brick→Class
CosmeticMakeupDisplayTest	10006201	CosmeticMakeupProducts	53161000	Brick→Class
CosmeticMakeupPaintsShimmersGlitters	10000761	CosmeticMakeupProducts	53161000	Brick→Class
CosmeticMakeupProductsVarietyPacks	10000669	CosmeticMakeupProducts	53161000	Brick→Class
EyelashesFalse	10000764	CosmeticMakeupProducts	53161000	Brick→Class
SkinLightening	10000486	CosmeticMakeupProducts	53161000	Brick→Class
TattoosStencilsStickOnJewelleryTemporary	10000763	CosmeticMakeupProducts	53161000	Brick→Class
CosmeticsFragrancesVarietyPacks	10000672	CosmeticsFragrancesVarietyPacks	53161400	Brick→Class
Fragrances	10000365	Fragrances	53161300	Brick→Class
CosmeticsNails	10000360	NailCosmeticCareProducts	53161200	Brick→Class
NailCosmeticCareProductsReplacementParts	10000768	NailCosmeticCareProducts	53161200	Brick→Class
NailCosmeticCareProductsOther	10000778	NailCosmeticCareProducts	53161200	Brick→Class
NailCosmeticCareProductsVarietyPacks	10000671	NailCosmeticCareProducts	53161200	Brick→Class
NailsAccessoriesNonPowered	10000385	NailCosmeticCareProducts	53161200	Brick→Class
NailsAccessoriesPowered	10000767	NailCosmeticCareProducts	53161200	Brick→Class
NailsAidsNonPowered	10000358	NailCosmeticCareProducts	53161200	Brick→Class
NailsAidsPowered	10000780	NailCosmeticCareProducts	53161200	Brick→Class
NailsCleansersCosmeticRemovers	10000333	NailCosmeticCareProducts	53161200	Brick→Class
NailsFalse	10000359	NailCosmeticCareProducts	53161200	Brick→Class
NailsTreatments	10000361	NailCosmeticCareProducts	53161200	Brick→Class
HairAccessories	10000379	HairCareProducts	53141100	Brick→Class
HairAidsNonPowered	10000564	HairCareProducts	53141100	Brick→Class
HairAidsPowered	10000828	HairCareProducts	53141100	Brick→Class
HairBrushesAndCombs	10008023	HairCareProducts	53141100	Brick→Class
HairColour	10000345	HairCareProducts	53141100	Brick→Class
HairConditionerTreatment	10000346	HairCareProducts	53141100	Brick→Class
HairFalse	10000343	HairCareProducts	53141100	Brick→Class
HairPerming	10000348	HairCareProducts	53141100	Brick→Class
HairShampoo	10000368	HairCareProducts	53141100	Brick→Class
HairStylingNonPowered	10000381	HairCareProducts	53141100	Brick→Class
HairStylingPowered	10000678	HairCareProducts	53141100	Brick→Class
HairCareProductsReplacementParts	10000833	HairCareProducts	53141100	Brick→Class
HairCareProductsOther	10000834	HairCareProducts	53141100	Brick→Class
HairCareProductsVarietyPacks	10000677	HairCareProducts	53141100	Brick→Class
HairCurlersRollers	10000829	HairCareProducts	53141100	Brick→Class
HairProductsVarietyPacks	10000676	HairProductsVarietyPacks	53141200	Brick→Class
BleachingLighteningProducts	10000329	HairRemovalMaskingProducts	53141000	Brick→Class
DepilationEpilationNonPowered	10000340	HairRemovalMaskingProducts	53141000	Brick→Class
DepilationEpilationPowered	10000830	HairRemovalMaskingProducts	53141000	Brick→Class
HairRemovalCare	10000350	HairRemovalMaskingProducts	53141000	Brick→Class
HairRemovalMaskingProductsReplacementParts	10000832	HairRemovalMaskingProducts	53141000	Brick→Class
HairRemovalMaskingProductsOther	10000835	HairRemovalMaskingProducts	53141000	Brick→Class
HairRemovalMaskingProductsVarietyPacks	10000680	HairRemovalMaskingProducts	53141000	Brick→Class
HairRemovalShavingAccessories	10000349	HairRemovalMaskingProducts	53141000	Brick→Class
MirrorsPersonalCare	10000679	HairRemovalMaskingProducts	53141000	Brick→Class
ShavingBlades	10000369	HairRemovalMaskingProducts	53141000	Brick→Class
ShavingRazorsDisposableNonPowered	10000370	HairRemovalMaskingProducts	53141000	Brick→Class
ShavingRazorsNonDisposableNonPowered	10000730	HairRemovalMaskingProducts	53141000	Brick→Class
ShavingRazorsPowered	10000831	HairRemovalMaskingProducts	53141000	Brick→Class
ShavingPreparations	10000535	HairRemovalMaskingProducts	53141000	Brick→Class
MaternityBelt	10008238	MaternityProducts	53240100	Brick→Class
MaternitySkinCareMoisturingProducts	10008239	MaternityProducts	53240100	Brick→Class
AdultIncontinencePads	10000481	AdultIncontinence	53181300	Brick→Class
AdultIncontinenceSupplies	10000321	AdultIncontinence	53181300	Brick→Class
AdultIncontinenceUnderwearDisposable	10000709	AdultIncontinence	53181300	Brick→Class
AdultIncontinenceUnderwearNonDisposable	10000710	AdultIncontinence	53181300	Brick→Class
AdultIncontinenceOther	10000784	AdultIncontinence	53181300	Brick→Class
AdultIncontinenceVarietyPacks	10000713	AdultIncontinence	53181300	Brick→Class
BabyDiapersDisposable	10000494	BabyDiapersAccessories	53181700	Brick→Class
BabyDiapersNonDisposable	10000728	BabyDiapersAccessories	53181700	Brick→Class
BabyDiapersAccessories	10000496	BabyDiapersAccessories	53181700	Brick→Class
BabyDiapersAccessoriesOther	10006821	BabyDiapersAccessories	53181700	Brick→Class
BabyDiapersAccessoriesVarietyPacks	10006822	BabyDiapersAccessories	53181700	Brick→Class
BabyInsertsPads	10000495	BabyDiapersAccessories	53181700	Brick→Class
ChildIncontinenceDiapersDisposable	10008296	ChildIncontinence	53181800	Brick→Class
ChildIncontinenceDiapersNonDisposable	10008297	ChildIncontinence	53181800	Brick→Class
ChildIncontinenceOther	10008300	ChildIncontinence	53181800	Brick→Class
ChildIncontinencePads	10008295	ChildIncontinence	53181800	Brick→Class
ChildIncontinenceUnderwearDisposable	10008298	ChildIncontinence	53181800	Brick→Class
ChildIncontinenceUnderwearNonDisposable	10008299	ChildIncontinence	53181800	Brick→Class
ChildIncontinenceVarietyPacks	10008301	ChildIncontinence	53181800	Brick→Class
FeminineHygieneAccessories	10000344	FeminineNursingHygiene	53181200	Brick→Class
FeminineHygieneCups	10000482	FeminineNursingHygiene	53181200	Brick→Class
FeminineHygienePantyLiners	10000483	FeminineNursingHygiene	53181200	Brick→Class
FeminineHygieneTampons	10000320	FeminineNursingHygiene	53181200	Brick→Class
FeminineHygieneTowelsPads	10000376	FeminineNursingHygiene	53181200	Brick→Class
FeminineNursingHygieneOther	10000785	FeminineNursingHygiene	53181200	Brick→Class
FeminineNursingHygieneVarietyPacks	10000714	FeminineNursingHygiene	53181200	Brick→Class
NursingHygieneAccessories	10000362	FeminineNursingHygiene	53181200	Brick→Class
AntiperspirantsDeodorants	10000338	GeneralPersonalHygiene	53181100	Brick→Class
CottonWoolProducts	10000335	GeneralPersonalHygiene	53181100	Brick→Class
EarNasalCare	10000341	GeneralPersonalHygiene	53181100	Brick→Class
FacialTissueHandkerchiefsDisposable	10000485	GeneralPersonalHygiene	53181100	Brick→Class
GeneralPersonalHygieneOther	10000786	GeneralPersonalHygiene	53181100	Brick→Class
GeneralPersonalHygieneVarietyPacks	10000715	GeneralPersonalHygiene	53181100	Brick→Class
ToiletPaper	10000375	GeneralPersonalHygiene	53181100	Brick→Class
BreathFresheners	10008369	OralHygiene	53181500	Brick→Class
DentalCleansingToothpaste	10000383	OralHygiene	53181500	Brick→Class
DentalFlossTape	10008377	OralHygiene	53181500	Brick→Class
DentureOrthodonticBrush	10008371	OralHygiene	53181500	Brick→Class
DentureOrthodonticCare	10000336	OralHygiene	53181500	Brick→Class
DentureOrthodonticCleansing	10000337	OralHygiene	53181500	Brick→Class
GumStimulatorMassager	10008378	OralHygiene	53181500	Brick→Class
InterdentalBrush	10008375	OralHygiene	53181500	Brick→Class
MouthwashOralRinses	10000536	OralHygiene	53181500	Brick→Class
OralCareAccessories	10000363	OralHygiene	53181500	Brick→Class
OralCareCentreBrushCleanserStoragePowered	10005839	OralHygiene	53181500	Brick→Class
OralCleanerSystemPowered	10008374	OralHygiene	53181500	Brick→Class
OralHygieneReplacementParts	10000782	OralHygiene	53181500	Brick→Class
OralHygieneOther	10000783	OralHygiene	53181500	Brick→Class
OralHygieneVarietyPacks	10000716	OralHygiene	53181500	Brick→Class
OralIrrigator	10008381	OralHygiene	53181500	Brick→Class
TongueCleaner	10008376	OralHygiene	53181500	Brick→Class
TongueCleansing	10008370	OralHygiene	53181500	Brick→Class
ToothStainRemoversWhitenerNonPowered	10008379	OralHygiene	53181500	Brick→Class
ToothStainRemoversWhitenerPowered	10008380	OralHygiene	53181500	Brick→Class
ToothbrushNonPowered	10008372	OralHygiene	53181500	Brick→Class
ToothbrushPowered	10008373	OralHygiene	53181500	Brick→Class
PersonalHygieneProductsVarietyPacks	10000712	PersonalHygieneProductsVarietyPacks	53181600	Brick→Class
PenetrationAccessoriesNonPowered	10006247	SexualToysAids	53230100	Brick→Class
PenetrationAccessoriesPowered	10006246	SexualToysAids	53230100	Brick→Class
SuctionDevicesNonPowered	10006249	SexualToysAids	53230100	Brick→Class
SuctionDevicesPowered	10006248	SexualToysAids	53230100	Brick→Class
BathAdditives	10000328	BodyWashing	53131300	Brick→Class
BodyWashingOther	10000813	BodyWashing	53131300	Brick→Class
BodyWashingVarietyPacks	10000722	BodyWashing	53131300	Brick→Class
CleansingWashingAccessoriesPersonal	10000334	BodyWashing	53131300	Brick→Class
CleansingWashingSoapBody	10000330	BodyWashing	53131300	Brick→Class
WipesPersonal	10000573	BodyWashing	53131300	Brick→Class
AfterShaveCare	10000324	SkinCare	53131100	Brick→Class
AfterSunMoisturisers	10006275	SkinCare	53131100	Brick→Class
AntiSpotAidsNonPowered	10000327	SkinCare	53131100	Brick→Class
AntiSpotAidsPowered	10000806	SkinCare	53131100	Brick→Class
CleansersCosmeticsRemoversNonPowered	10000332	SkinCare	53131100	Brick→Class
CleansersCosmeticsRemoversPowered	10000808	SkinCare	53131100	Brick→Class
CoolingFaceBodyMisters	10000719	SkinCare	53131100	Brick→Class
ExfoliantsMasks	10000342	SkinCare	53131100	Brick→Class
LipBalms	10005727	SkinCare	53131100	Brick→Class
SkinCareReplacementParts	10000810	SkinCare	53131100	Brick→Class
SkinCareOther	10000812	SkinCare	53131100	Brick→Class
SkinCareVarietyPacks	10000721	SkinCare	53131100	Brick→Class
SkinCareMoisturisingProducts	10000356	SkinCare	53131100	Brick→Class
SkinDryingPowder	10000374	SkinCare	53131100	Brick→Class
TonersAstringents	10000484	SkinCare	53131100	Brick→Class
SkinProductsVarietyPacks	10000717	SkinProductsVarietyPacks	53131400	Brick→Class
SkinTanningProductsReplacementParts	10000811	SkinTanningProducts	53131200	Brick→Class
SkinTanningProductsOther	10000814	SkinTanningProducts	53131200	Brick→Class
SkinTanningProductsVarietyPacks	10000723	SkinTanningProducts	53131200	Brick→Class
SunProtectionProducts	10000373	SkinTanningProducts	53131200	Brick→Class
SunTanAcceleratorProducts	10000388	SkinTanningProducts	53131200	Brick→Class
SunlessTanningOralNonPowered	10000731	SkinTanningProducts	53131200	Brick→Class
SunlessTanningTopicalNonPowered	10000355	SkinTanningProducts	53131200	Brick→Class
SunlessTanningPowered	10000809	SkinTanningProducts	53131200	Brick→Class
TattoosPermanentStudioEquipment	10008454	TattoosPermanent	53250100	Brick→Class
TattoosPermanentTattooingEquipment	10008453	TattoosPermanent	53250100	Brick→Class
AbrasivePadsSteelWool	10003157	Abrasives	83011800	Brick→Class
AbrasivesOther	10003163	Abrasives	83011800	Brick→Class
AbrasivesReplacementPartsAccessories	10005124	Abrasives	83011800	Brick→Class
AbrasivesVarietyPacks	10003164	Abrasives	83011800	Brick→Class
EmeryClothsSheets	10003159	Abrasives	83011800	Brick→Class
FloorScreeds	10003766	Abrasives	83011800	Brick→Class
MineralAbrasives	10003162	Abrasives	83011800	Brick→Class
PolishingCompound	10003765	Abrasives	83011800	Brick→Class
Sandpaper	10003156	Abrasives	83011800	Brick→Class
WireBrushes	10005715	Abrasives	83011800	Brick→Class
AccessCoversPanels	10006900	AccessCoversPanels	83012500	Brick→Class
Aggregate	10002521	AsphaltConcreteMasonry	83010600	Brick→Class
AsphaltConcretePatching	10003898	AsphaltConcreteMasonry	83010600	Brick→Class
AsphaltConcreteMasonryOther	10003904	AsphaltConcreteMasonry	83010600	Brick→Class
AsphaltConcreteMasonryReplacementPartsAccessories	10005632	AsphaltConcreteMasonry	83010600	Brick→Class
AsphaltConcreteMasonryVarietyPacks	10003903	AsphaltConcreteMasonry	83010600	Brick→Class
BrickBlock	10002525	AsphaltConcreteMasonry	83010600	Brick→Class
Cement	10002526	AsphaltConcreteMasonry	83010600	Brick→Class
ConcreteAirEntrainingAgents	10003901	AsphaltConcreteMasonry	83010600	Brick→Class
ConcreteBondingAgents	10003899	AsphaltConcreteMasonry	83010600	Brick→Class
ConcreteColouringAgentsDyes	10003900	AsphaltConcreteMasonry	83010600	Brick→Class
ConcreteMixes	10002522	AsphaltConcreteMasonry	83010600	Brick→Class
GypsumCementBoardRepairKit	10008047	AsphaltConcreteMasonry	83010600	Brick→Class
LevelingCementMortar	10007760	AsphaltConcreteMasonry	83010600	Brick→Class
LimeDiy	10002529	AsphaltConcreteMasonry	83010600	Brick→Class
MortarMixes	10003902	AsphaltConcreteMasonry	83010600	Brick→Class
MortarTubsBuildersBuckets	10007546	AsphaltConcreteMasonry	83010600	Brick→Class
MortarCementPlasterGroutAdditives	10008045	AsphaltConcreteMasonry	83010600	Brick→Class
Pavers	10002518	AsphaltConcreteMasonry	83010600	Brick→Class
PlasterMixesPlasterboardJointing	10002528	AsphaltConcreteMasonry	83010600	Brick→Class
PlasterOfParisMouldingPlaster	10003896	AsphaltConcreteMasonry	83010600	Brick→Class
SandCement	10008064	AsphaltConcreteMasonry	83010600	Brick→Class
SandDiy	10003897	AsphaltConcreteMasonry	83010600	Brick→Class
Screed	10008063	AsphaltConcreteMasonry	83010600	Brick→Class
Stucco	10002527	AsphaltConcreteMasonry	83010600	Brick→Class
BuildingProductsOther	10006895	BuildingProductsOther	83012400	Brick→Class
BuildingProductsVarietyPacks	10002506	BuildingProductsVarietyPacks	83010500	Brick→Class
CurtainHoldbacks	10005688	CurtainPartsAccessories	83012000	Brick→Class
CurtainPartsAccessoriesOther	10003201	CurtainPartsAccessories	83012000	Brick→Class
CurtainPartsAccessoriesVarietyPacks	10003202	CurtainPartsAccessories	83012000	Brick→Class
CurtainPoleRodAccessories	10003767	CurtainPartsAccessories	83012000	Brick→Class
CurtainPolesRods	10003196	CurtainPartsAccessories	83012000	Brick→Class
CurtainTrackAccessories	10007277	CurtainPartsAccessories	83012000	Brick→Class
CurtainTracks	10003197	CurtainPartsAccessories	83012000	Brick→Class
BalustradeRailingSystems	10003961	DeckingRailing	83011500	Brick→Class
DeckDrainageSystems	10002672	DeckingRailing	83011500	Brick→Class
DeckRailingParts	10002668	DeckingRailing	83011500	Brick→Class
DeckRailingSystems	10002671	DeckingRailing	83011500	Brick→Class
Decking	10002669	DeckingRailing	83011500	Brick→Class
DeckingAccessories	10002670	DeckingRailing	83011500	Brick→Class
DeckingRailingOther	10002673	DeckingRailing	83011500	Brick→Class
DeckingRailingVarietyPacks	10002674	DeckingRailing	83011500	Brick→Class
StairRailingSystems	10003960	DeckingRailing	83011500	Brick→Class
BellsChimesBuzzers	10005560	DoorHardware	83011200	Brick→Class
DoorClosers	10002574	DoorHardware	83011200	Brick→Class
DoorHandlesKnobsLevers	10002573	DoorHardware	83011200	Brick→Class
DoorHardwareOther	10003918	DoorHardware	83011200	Brick→Class
DoorHardwareVarietyPacks	10003919	DoorHardware	83011200	Brick→Class
DoorKnockers	10002581	DoorHardware	83011200	Brick→Class
DoorPlates	10002572	DoorHardware	83011200	Brick→Class
DoorThresholds	10003906	DoorHardware	83011200	Brick→Class
DoorWeatherExcluders	10002575	DoorHardware	83011200	Brick→Class
HingesDoor	10003191	DoorHardware	83011200	Brick→Class
HouseIdentificationNumbersLetters	10002579	DoorHardware	83011200	Brick→Class
Keys	10003914	DoorHardware	83011200	Brick→Class
LetterBoxes	10002578	DoorHardware	83011200	Brick→Class
MezzanineAtticLadders	10002515	DoorHardware	83011200	Brick→Class
StormScreenDoorReplacementHardware	10003916	DoorHardware	83011200	Brick→Class
CatDogFlaps	10002577	Doors	83011100	Brick→Class
DoorAccessories	10005471	Doors	83011100	Brick→Class
DoorsBulkheadBasement	10003921	Doors	83011100	Brick→Class
DoorsExterior	10002570	Doors	83011100	Brick→Class
DoorsGarage	10002568	Doors	83011100	Brick→Class
DoorsInterior	10002567	Doors	83011100	Brick→Class
DoorsPatio	10002569	Doors	83011100	Brick→Class
DoorsStormScreenCombination	10003920	Doors	83011100	Brick→Class
DoorsOther	10003923	Doors	83011100	Brick→Class
DoorsVarietyPacks	10003924	Doors	83011100	Brick→Class
GateGarageDoorOpenerReplacementPartsAndAccessories	10006404	Doors	83011100	Brick→Class
GateGarageDoorOpeningSystems	10005673	Doors	83011100	Brick→Class
AnchorsWallPlugsFixingsFasteners	10003179	FixingsFastenersHardware	83011900	Brick→Class
BearingsBushings	10003170	FixingsFastenersHardware	83011900	Brick→Class
BiscuitsDiy	10007002	FixingsFastenersHardware	83011900	Brick→Class
BoltsThreadedRods	10003185	FixingsFastenersHardware	83011900	Brick→Class
BracketsBraces	10003186	FixingsFastenersHardware	83011900	Brick→Class
CatchesFixingsFasteners	10003187	FixingsFastenersHardware	83011900	Brick→Class
DowelPins	10007001	FixingsFastenersHardware	83011900	Brick→Class
FixingsFastenersHardwareAccessories	10005670	FixingsFastenersHardware	83011900	Brick→Class
FixingsFastenersHardwareOther	10003194	FixingsFastenersHardware	83011900	Brick→Class
FixingsFastenersHardwareVarietyPacks	10003195	FixingsFastenersHardware	83011900	Brick→Class
HooksFixingsFasteners	10003171	FixingsFastenersHardware	83011900	Brick→Class
MountingRails	10006794	FixingsFastenersHardware	83011900	Brick→Class
NailsPinsFixingsFasteners	10003182	FixingsFastenersHardware	83011900	Brick→Class
NutsFixingsFasteners	10003184	FixingsFastenersHardware	83011900	Brick→Class
RingsGrommets	10003166	FixingsFastenersHardware	83011900	Brick→Class
RivetsFixingsFasteners	10003190	FixingsFastenersHardware	83011900	Brick→Class
RopesChainsCablesFixingsFasteners	10003167	FixingsFastenersHardware	83011900	Brick→Class
Screws	10003181	FixingsFastenersHardware	83011900	Brick→Class
Springs	10003168	FixingsFastenersHardware	83011900	Brick→Class
StaplesFixingsFasteners	10003183	FixingsFastenersHardware	83011900	Brick→Class
Tubing	10003173	FixingsFastenersHardware	83011900	Brick→Class
TurnbucklesFixingsFasteners	10003165	FixingsFastenersHardware	83011900	Brick→Class
WashersFixingsFasteners	10003180	FixingsFastenersHardware	83011900	Brick→Class
DecorativeGlassInserts	10003926	Glass	83011300	Brick→Class
Glass	10002584	Glass	83011300	Brick→Class
GlassBlockGridSystems	10003925	Glass	83011300	Brick→Class
TransparentThermoplastic	10008143	Glass	83011300	Brick→Class
ChannelGutteringDrainage	10006902	GutteringDrainage	83011400	Brick→Class
DownSpoutPartsFittings	10003956	GutteringDrainage	83011400	Brick→Class
DrainCoversGutteringDrainage	10005668	GutteringDrainage	83011400	Brick→Class
DrainGridsGutteringDrainage	10007013	GutteringDrainage	83011400	Brick→Class
DropOutletsGutteringDrainage	10003955	GutteringDrainage	83011400	Brick→Class
GutteringPartsFittings	10002665	GutteringDrainage	83011400	Brick→Class
GutteringDrainageOther	10002666	GutteringDrainage	83011400	Brick→Class
GutteringDrainageVarietyPacks	10002664	GutteringDrainage	83011400	Brick→Class
LawnGroundLevelDrainagePartsFittings	10002663	GutteringDrainage	83011400	Brick→Class
FloorDoor	10007930	Insulation	83010300	Brick→Class
InsulationBoardsRollsBlankets	10002454	Insulation	83010300	Brick→Class
InsulationLooseFillSprayFoam	10002456	Insulation	83010300	Brick→Class
InsulationPipeLaggingWrapping	10005733	Insulation	83010300	Brick→Class
InsulationRadiantBarriersHeatShields	10005342	Insulation	83010300	Brick→Class
InsulationOther	10002460	Insulation	83010300	Brick→Class
InsulationSupportsAnchors	10005345	Insulation	83010300	Brick→Class
InsulationVarietyPacks	10002461	Insulation	83010300	Brick→Class
VapourBarriersAndInsulatingFoles	10007928	Insulation	83010300	Brick→Class
WaterproofingSpraysImpregnationAgents	10007929	Insulation	83010300	Brick→Class
DimensionStructuralLumberTimber	10002536	LumberWoodPanelGypsum	83010800	Brick→Class
EngineeredWoodDimensionStructural	10002537	LumberWoodPanelGypsum	83010800	Brick→Class
GypsumCementBoard	10002540	LumberWoodPanelGypsum	83010800	Brick→Class
Laths	10005721	LumberWoodPanelGypsum	83010800	Brick→Class
LumberWoodPanelGypsumOther	10003932	LumberWoodPanelGypsum	83010800	Brick→Class
LumberWoodPanelGypsumVarietyPacks	10003933	LumberWoodPanelGypsum	83010800	Brick→Class
PlywoodOsbSoftwood	10002538	LumberWoodPanelGypsum	83010800	Brick→Class
PolesPilingsRods	10005424	LumberWoodPanelGypsum	83010800	Brick→Class
XpsConstructionBoardsAndTileElements	10007958	LumberWoodPanelGypsum	83010800	Brick→Class
IronOnEdgingStripBanding	10006793	MouldingsMillworkStairParts	83011000	Brick→Class
JambsMouldingsMillwork	10005428	MouldingsMillworkStairParts	83011000	Brick→Class
MillworkOrnaments	10003939	MouldingsMillworkStairParts	83011000	Brick→Class
Mouldings	10003934	MouldingsMillworkStairParts	83011000	Brick→Class
MouldingsMillworkStairPartsOther	10005431	MouldingsMillworkStairParts	83011000	Brick→Class
MouldingsMillworkStairPartsVarietyPacks	10005432	MouldingsMillworkStairParts	83011000	Brick→Class
NewelPosts	10002512	MouldingsMillworkStairParts	83011000	Brick→Class
StairReplacementPartsFittings	10005425	MouldingsMillworkStairParts	83011000	Brick→Class
StairsPrefabricated	10002507	MouldingsMillworkStairParts	83011000	Brick→Class
Carport	10006998	OutdoorRoofShelterStructures	83012600	Brick→Class
Garage	10007000	OutdoorRoofShelterStructures	83012600	Brick→Class
PatioRoofShelter	10006999	OutdoorRoofShelterStructures	83012600	Brick→Class
AirHopperGunsSprayers	10005805	Painting	83010400	Brick→Class
DecorativeFauxPaintingEquipment	10005730	Painting	83010400	Brick→Class
DustSheetsDropSheets	10002490	Painting	83010400	Brick→Class
HouseholdPaintBrushesRollersApplicators	10005708	Painting	83010400	Brick→Class
HouseholdPaints	10003874	Painting	83010400	Brick→Class
PaintAdditivesEnhancers	10005655	Painting	83010400	Brick→Class
PaintStainStrainers	10005706	Painting	83010400	Brick→Class
PaintVarnishRemoversCleaners	10002501	Painting	83010400	Brick→Class
PaintingMaskingPaperFilm	10005724	Painting	83010400	Brick→Class
PaintingOther	10002505	Painting	83010400	Brick→Class
PaintingVarietyPacks	10002504	Painting	83010400	Brick→Class
PreserversPreservatives	10005657	Painting	83010400	Brick→Class
SpecialPurposePaints	10002462	Painting	83010400	Brick→Class
TrimPaints	10005687	Painting	83010400	Brick→Class
UndercoatsPrimers	10008048	Painting	83010400	Brick→Class
WoodFinishTreatmentsCoatings	10002466	Painting	83010400	Brick→Class
RollRoofing	10002684	Roofing	83011700	Brick→Class
RoofCoatings	10002688	Roofing	83011700	Brick→Class
RoofVentFlashingTrimCoils	10002689	Roofing	83011700	Brick→Class
RoofingThatch	10003974	Roofing	83011700	Brick→Class
RoofingAccessories	10003977	Roofing	83011700	Brick→Class
RoofingMembranes	10002687	Roofing	83011700	Brick→Class
RoofingOther	10002692	Roofing	83011700	Brick→Class
RoofingPanelsSlabs	10002686	Roofing	83011700	Brick→Class
RoofingTilesSlatesShinglesShakes	10002683	Roofing	83011700	Brick→Class
RoofingVarietyPacks	10002693	Roofing	83011700	Brick→Class
Caulking	10003208	SealantsFillersAdhesivesDefectAgents	83012100	Brick→Class
ConstructionCompound	10008000	SealantsFillersAdhesivesDefectAgents	83012100	Brick→Class
DefectCrackExaminationAgents	10007722	SealantsFillersAdhesivesDefectAgents	83012100	Brick→Class
Fillers	10003205	SealantsFillersAdhesivesDefectAgents	83012100	Brick→Class
GlueAdhesive	10003207	SealantsFillersAdhesivesDefectAgents	83012100	Brick→Class
Grout	10003203	SealantsFillersAdhesivesDefectAgents	83012100	Brick→Class
PreprocessingSolution	10008001	SealantsFillersAdhesivesDefectAgents	83012100	Brick→Class
Sealants	10003204	SealantsFillersAdhesivesDefectAgents	83012100	Brick→Class
SealantsFillersAdhesivesDefectAgentsOther	10003210	SealantsFillersAdhesivesDefectAgents	83012100	Brick→Class
SealantsFillersAdhesivesDefectAgentsVarietyPacks	10003211	SealantsFillersAdhesivesDefectAgents	83012100	Brick→Class
TapeDiy	10003206	SealantsFillersAdhesivesDefectAgents	83012100	Brick→Class
ExteriorTrimCorbelsPediments	10003966	SidingExteriorTrim	83012300	Brick→Class
ExteriorTrimSiding	10002677	SidingExteriorTrim	83012300	Brick→Class
ExteriorTrimSidingAccessories	10005705	SidingExteriorTrim	83012300	Brick→Class
ExteriorTrimSkirtingUnderpinning	10005731	SidingExteriorTrim	83012300	Brick→Class
ExteriorTrimVeneers	10003969	SidingExteriorTrim	83012300	Brick→Class
ColumnsStructural	10002530	StructuralComponentsAssemblies	83010700	Brick→Class
FloorTrusses	10002533	StructuralComponentsAssemblies	83010700	Brick→Class
MetalComponentsDimensionStructural	10008281	StructuralComponentsAssemblies	83010700	Brick→Class
MobileHomeAssemblySetUpEquipment	10005732	StructuralComponentsAssemblies	83010700	Brick→Class
RoofTrusses	10005659	StructuralComponentsAssemblies	83010700	Brick→Class
StructuralBeams	10002534	StructuralComponentsAssemblies	83010700	Brick→Class
StructuralComponentsAssembliesOther	10003942	StructuralComponentsAssemblies	83010700	Brick→Class
StructuralComponentsAssembliesReplacementPartsAccessories	10003943	StructuralComponentsAssemblies	83010700	Brick→Class
BaseboardsCrownMoldings	10007607	WallCeilingFlooringCoverings	83010100	Brick→Class
BaseboardsCrownMoldingsAccessories	10008452	WallCeilingFlooringCoverings	83010100	Brick→Class
CeilingGridSystems	10003981	WallCeilingFlooringCoverings	83010100	Brick→Class
CopingStones	10006791	WallCeilingFlooringCoverings	83010100	Brick→Class
CornerEdgingPlasteringConductorProfile	10008046	WallCeilingFlooringCoverings	83010100	Brick→Class
CornerGuards	10005722	WallCeilingFlooringCoverings	83010100	Brick→Class
EdgeTrims	10007608	WallCeilingFlooringCoverings	83010100	Brick→Class
EntranceGridMatFrame	10006901	WallCeilingFlooringCoverings	83010100	Brick→Class
FinishingAndTextureCoatings	10008116	WallCeilingFlooringCoverings	83010100	Brick→Class
FlooringCarpet	10002446	WallCeilingFlooringCoverings	83010100	Brick→Class
FlooringCeramicPorcelainTiles	10002443	WallCeilingFlooringCoverings	83010100	Brick→Class
FlooringCorkBamboo	10002449	WallCeilingFlooringCoverings	83010100	Brick→Class
FlooringEngineeredWood	10005370	WallCeilingFlooringCoverings	83010100	Brick→Class
FlooringLaminate	10002451	WallCeilingFlooringCoverings	83010100	Brick→Class
FlooringSolidWood	10002447	WallCeilingFlooringCoverings	83010100	Brick→Class
FlooringStoneMarble	10002450	WallCeilingFlooringCoverings	83010100	Brick→Class
FlooringUnderlay	10006841	WallCeilingFlooringCoverings	83010100	Brick→Class
FlooringVinylRubberLinoleum	10002448	WallCeilingFlooringCoverings	83010100	Brick→Class
FlooringAccessories	10002444	WallCeilingFlooringCoverings	83010100	Brick→Class
FlooringOther	10002452	WallCeilingFlooringCoverings	83010100	Brick→Class
FlooringVarietyPacks	10002453	WallCeilingFlooringCoverings	83010100	Brick→Class
ShimsSpacers	10002532	WallCeilingFlooringCoverings	83010100	Brick→Class
WallAndCeilingCoveringsSheetsPanelsSlabs	10002433	WallCeilingFlooringCoverings	83010100	Brick→Class
WallCoveringsRolls	10002429	WallCeilingFlooringCoverings	83010100	Brick→Class
WallCoveringsTiles	10002431	WallCeilingFlooringCoverings	83010100	Brick→Class
WallCeilingCoveringAccessories	10002432	WallCeilingFlooringCoverings	83010100	Brick→Class
WallCeilingCoveringsOther	10002441	WallCeilingFlooringCoverings	83010100	Brick→Class
WallCeilingCoveringsVarietyPacks	10002442	WallCeilingFlooringCoverings	83010100	Brick→Class
AwningsNonPowered	10005291	WindowPartsAccessories	83010900	Brick→Class
AwningsPowered	10002551	WindowPartsAccessories	83010900	Brick→Class
InsectScreensInsectCurtains	10002550	WindowPartsAccessories	83010900	Brick→Class
WindowBalances	10002557	WindowPartsAccessories	83010900	Brick→Class
WindowFilm	10002547	WindowPartsAccessories	83010900	Brick→Class
WindowFrames	10002543	WindowPartsAccessories	83010900	Brick→Class
WindowHandles	10002552	WindowPartsAccessories	83010900	Brick→Class
WindowLocksBolts	10002548	WindowPartsAccessories	83010900	Brick→Class
WindowOperators	10005298	WindowPartsAccessories	83010900	Brick→Class
WindowPartsAccessoriesOther	10005292	WindowPartsAccessories	83010900	Brick→Class
WindowPartsAccessoriesVarietyPacks	10003944	WindowPartsAccessories	83010900	Brick→Class
WindowScreensReplacementPartsAccessories	10008286	WindowPartsAccessories	83010900	Brick→Class
WindowShutterMotorisation	10007039	WindowPartsAccessories	83010900	Brick→Class
WindowShutters	10003968	WindowPartsAccessories	83010900	Brick→Class
WindowWells	10002554	WindowPartsAccessories	83010900	Brick→Class
WindowsReplacementSashNonWood	10005293	WindowPartsAccessories	83010900	Brick→Class
WindowsReplacementSashWood	10005294	WindowPartsAccessories	83010900	Brick→Class
Windowsill	10006792	WindowPartsAccessories	83010900	Brick→Class
SkylightsCladWood	10005289	Windows	83012200	Brick→Class
SkylightsNonWood	10002544	Windows	83012200	Brick→Class
SkylightsTubular	10005288	Windows	83012200	Brick→Class
WindowsBayBowCladWood	10005297	Windows	83012200	Brick→Class
WindowsBayBowNonWood	10005296	Windows	83012200	Brick→Class
WindowsBayBowWood	10005295	Windows	83012200	Brick→Class
WindowsCombinationUnitsCladWood	10005287	Windows	83012200	Brick→Class
WindowsCombinationUnitsNonWood	10005286	Windows	83012200	Brick→Class
WindowsCombinationUnitsWood	10002542	Windows	83012200	Brick→Class
WindowsOther	10005290	Windows	83012200	Brick→Class
WindowsSingleUnitsCladWood	10005284	Windows	83012200	Brick→Class
WindowsSingleUnitsNonWood	10005285	Windows	83012200	Brick→Class
WindowsSingleUnitsWood	10003946	Windows	83012200	Brick→Class
WindowsStorm	10002553	Windows	83012200	Brick→Class
CampingCookingDrinkingEatingEquipmentReplacementPartsAccessories	10002093	CampingCookingDrinkingEatingEquipment	74010400	Brick→Class
CampingCookingDrinkingEatingEquipmentOther	10002094	CampingCookingDrinkingEatingEquipment	74010400	Brick→Class
CampingCookingDrinkingEatingEquipmentVarietyPacks	10002095	CampingCookingDrinkingEatingEquipment	74010400	Brick→Class
CampingCookware	10002092	CampingCookingDrinkingEatingEquipment	74010400	Brick→Class
CampingStovesGrillsOvens	10002087	CampingCookingDrinkingEatingEquipment	74010400	Brick→Class
CampingTableware	10003773	CampingCookingDrinkingEatingEquipment	74010400	Brick→Class
CampingWaterEquipment	10002088	CampingCookingDrinkingEatingEquipment	74010400	Brick→Class
CampingWaterPurificationTreatments	10005198	CampingCookingDrinkingEatingEquipment	74010400	Brick→Class
InsulatedBoxesBags	10002091	CampingCookingDrinkingEatingEquipment	74010400	Brick→Class
CampingBedsSleepingMats	10002079	CampingFurnitureFurnishings	74010300	Brick→Class
CampingFurnitureFurnishingsOther	10002085	CampingFurnitureFurnishings	74010300	Brick→Class
CampingFurnitureFurnishingsVarietyPacks	10002086	CampingFurnitureFurnishings	74010300	Brick→Class
CampingSeating	10002081	CampingFurnitureFurnishings	74010300	Brick→Class
CampingStorage	10002083	CampingFurnitureFurnishings	74010300	Brick→Class
CampingTables	10002084	CampingFurnitureFurnishings	74010300	Brick→Class
SleepingBags	10002080	CampingFurnitureFurnishings	74010300	Brick→Class
CampingHeatingLightingEquipmentOther	10002077	CampingHeatingLightingEquipment	74010200	Brick→Class
CampingHeatingLightingEquipmentVarietyPacks	10002078	CampingHeatingLightingEquipment	74010200	Brick→Class
CampingLanterns	10002076	CampingHeatingLightingEquipment	74010200	Brick→Class
CampingWaterHeaters	10004099	CampingHeatingLightingEquipment	74010200	Brick→Class
TentHeaters	10002075	CampingHeatingLightingEquipment	74010200	Brick→Class
CampingVarietyPacks	10002101	CampingVarietyPacks	74010600	Brick→Class
CampingShowers	10002097	CampingWashingSanitaryEquipment	74010500	Brick→Class
CampingToiletsNonPowered	10002096	CampingWashingSanitaryEquipment	74010500	Brick→Class
CampingToiletsPowered	10004100	CampingWashingSanitaryEquipment	74010500	Brick→Class
CampingWashingSanitaryEquipmentReplacementPartsAccessories	10002098	CampingWashingSanitaryEquipment	74010500	Brick→Class
CampingWashingSanitaryEquipmentOther	10002099	CampingWashingSanitaryEquipment	74010500	Brick→Class
CampingWashingSanitaryEquipmentVarietyPacks	10002100	CampingWashingSanitaryEquipment	74010500	Brick→Class
CampingTentAccessories	10002072	TentsWeatherStructures	74010100	Brick→Class
CampingTentTreatmentsRepairKits	10002071	TentsWeatherStructures	74010100	Brick→Class
CampingTents	10002069	TentsWeatherStructures	74010100	Brick→Class
TentsWeatherStructuresOther	10002073	TentsWeatherStructures	74010100	Brick→Class
TentsWeatherStructuresVarietyPacks	10002074	TentsWeatherStructures	74010100	Brick→Class
WeatherStructuresTentExtensions	10002070	TentsWeatherStructures	74010100	Brick→Class
BabySurfaceCleaners	10000505	Cleaners	47101600	Brick→Class
BiologicalActivator	10007932	Cleaners	47101600	Brick→Class
Bleach	10000531	Cleaners	47101600	Brick→Class
CleanersOther	10000746	Cleaners	47101600	Brick→Class
CleanersVarietyPacks	10000698	Cleaners	47101600	Brick→Class
Descalers	10000442	Cleaners	47101600	Brick→Class
Disinfectants	10000441	Cleaners	47101600	Brick→Class
DrainTreatmentsPipeUnblockers	10000423	Cleaners	47101600	Brick→Class
FoodTreatments	10006233	Cleaners	47101600	Brick→Class
MouldMildewRemovers	10000440	Cleaners	47101600	Brick→Class
Sanitizers	10006234	Cleaners	47101600	Brick→Class
StainRemovers	10000443	Cleaners	47101600	Brick→Class
SurfaceCleaners	10000405	Cleaners	47101600	Brick→Class
ToiletCleaningProducts	10000426	Cleaners	47101600	Brick→Class
WaterSofteners	10000446	Cleaners	47101600	Brick→Class
CleaningVarietyPacks	10000702	CleaningVarietyPacks	47102000	Brick→Class
AutomaticDishwasherAdditivesBooster	10008148	DishCare	47102100	Brick→Class
AutomaticDishwasherDetergent	10008119	DishCare	47102100	Brick→Class
AutomaticDishwasherFreshenersDeodorants	10008144	DishCare	47102100	Brick→Class
AutomaticDishwasherGlassCare	10000445	DishCare	47102100	Brick→Class
AutomaticDishwasherRinseAid	10008147	DishCare	47102100	Brick→Class
AutomaticDishwasherSalt	10008146	DishCare	47102100	Brick→Class
DishPreWashTreatment	10008149	DishCare	47102100	Brick→Class
HandDishDetergent	10008145	DishCare	47102100	Brick→Class
AirFreshenersDeodorisersNonPowered	10000402	FreshenersDeodorisers	47101500	Brick→Class
AirFreshenersDeodorisersPowered	10000696	FreshenersDeodorisers	47101500	Brick→Class
FreshenersFabric	10000740	FreshenersDeodorisers	47101500	Brick→Class
FreshenersDeodorisersOther	10000745	FreshenersDeodorisers	47101500	Brick→Class
FreshenersDeodorisersVarietyPacks	10000697	FreshenersDeodorisers	47101500	Brick→Class
DetergentBoostersLaundryBleaches	10000743	Laundry	47101700	Brick→Class
FabricFinishersStarch	10000742	Laundry	47101700	Brick→Class
FabricProtectors	10000741	Laundry	47101700	Brick→Class
FabricSoftenersConditioners	10000744	Laundry	47101700	Brick→Class
LaundryColourCare	10000427	Laundry	47101700	Brick→Class
LaundryDetergents	10000424	Laundry	47101700	Brick→Class
LaundryDryCleaning	10000444	Laundry	47101700	Brick→Class
LaundryOther	10000747	Laundry	47101700	Brick→Class
LaundryVarietyPacks	10000699	Laundry	47101700	Brick→Class
ScratchRemoverKitRepairs	10000556	SurfaceCare	47101900	Brick→Class
SurfaceCareOther	10000749	SurfaceCare	47101900	Brick→Class
SurfaceCareVarietyPacks	10000701	SurfaceCare	47101900	Brick→Class
SurfaceCareProtection	10000434	SurfaceCare	47101900	Brick→Class
CleaningHygieneProductsVarietyPacks	10000694	CleaningHygieneProductsVarietyPacks	47190100	Brick→Class
BroomsBrushes	10008122	CleaningAids	47200200	Brick→Class
Buckets	10008123	CleaningAids	47200200	Brick→Class
CarpetBeaters	10008124	CleaningAids	47200200	Brick→Class
CleaningAidVarietyPacks	10008130	CleaningAids	47200200	Brick→Class
CleaningAidsAccessories	10000397	CleaningAids	47200200	Brick→Class
CleaningCloths	10008125	CleaningAids	47200200	Brick→Class
CleaningSqueegees	10008127	CleaningAids	47200200	Brick→Class
HouseholdSponges	10008129	CleaningAids	47200200	Brick→Class
MopBucketAssembly	10008128	CleaningAids	47200200	Brick→Class
Mops	10008126	CleaningAids	47200200	Brick→Class
PaperTowels	10000447	CleaningAids	47200200	Brick→Class
SweepersNonPowered	10005811	CleaningAids	47200200	Brick→Class
ClothesFolderNonPowered	10008277	LaundryAndIroningAids	47200300	Brick→Class
ClothesFolderPowered	10008278	LaundryAndIroningAids	47200300	Brick→Class
ClothesHangers	10008131	LaundryAndIroningAids	47200300	Brick→Class
ClothesIronsPowered	10002023	LaundryAndIroningAids	47200300	Brick→Class
ClothesPresses	10002025	LaundryAndIroningAids	47200300	Brick→Class
ClothingLintRemoverRollerBrush	10008132	LaundryAndIroningAids	47200300	Brick→Class
IroningBoardsNonPowered	10008133	LaundryAndIroningAids	47200300	Brick→Class
IroningBoardsPowered	10002024	LaundryAndIroningAids	47200300	Brick→Class
IroningSteamStation	10005830	LaundryAndIroningAids	47200300	Brick→Class
LaundryBags	10008135	LaundryAndIroningAids	47200300	Brick→Class
LaundryBaskets	10008134	LaundryAndIroningAids	47200300	Brick→Class
LaundryDryersNonPowered	10008137	LaundryAndIroningAids	47200300	Brick→Class
LaundryHangingAids	10008136	LaundryAndIroningAids	47200300	Brick→Class
SteamCleaners	10002031	LaundryAndIroningAids	47200300	Brick→Class
DispensersForCleaningHygieneProducts	10006215	ProductSuppliesDispensers	47200100	Brick→Class
IndustrialFloorCleanerPowered	10008006	IndustrialFloorCleaning	47220100	Brick→Class
IndustrialFloorCleanerAccessories	10008007	IndustrialFloorCleaning	47220100	Brick→Class
RefuseWasteBins	10002125	WasteStorageProducts	47210100	Brick→Class
RefuseBags	10001761	WasteStorageProducts	47210100	Brick→Class
WasteStorageProductsOther	10006817	WasteStorageProducts	47210100	Brick→Class
WasteStorageProductsReplacementParts	10006816	WasteStorageProducts	47210100	Brick→Class
WasteStorageProductsVarietyPacks	10006815	WasteStorageProducts	47210100	Brick→Class
ActivewearBadgesBuckles	10004115	Activewear	67030100	Brick→Class
SportswearBelts	10004114	Activewear	67030100	Brick→Class
SportswearFullBodyWear	10001342	Activewear	67030100	Brick→Class
SportswearHandwear	10003707	Activewear	67030100	Brick→Class
SportswearHeadwear	10003708	Activewear	67030100	Brick→Class
SportswearLowerBodyWear	10001343	Activewear	67030100	Brick→Class
SportswearNeckwear	10004113	Activewear	67030100	Brick→Class
SportswearOther	10006840	Activewear	67030100	Brick→Class
SportswearUpperBodyWear	10001344	Activewear	67030100	Brick→Class
SportswearHosiery	10003709	Activewear	67030100	Brick→Class
SportswearVarietyPacks	10001359	Activewear	67030100	Brick→Class
BeltsBracesCummerbunds	10001326	ClothingAccessories	67010100	Brick→Class
ClothingAccessoriesVarietyPacks	10001354	ClothingAccessories	67010100	Brick→Class
ClothingAdornmentFloralAccessoriesBadgesBuckles	10001331	ClothingAccessories	67010100	Brick→Class
ClothingFashionTape	10006903	ClothingAccessories	67010100	Brick→Class
Handwear	10001328	ClothingAccessories	67010100	Brick→Class
Headwear	10001329	ClothingAccessories	67010100	Brick→Class
PocketSquareHandkerchiefs	10001327	ClothingAccessories	67010100	Brick→Class
ScarfTieNeckwear	10001330	ClothingAccessories	67010100	Brick→Class
ClothingVarietyPacks	10002102	ClothingVarietyPacks	67011100	Brick→Class
Dresses	10001333	FullBodyWear	67010200	Brick→Class
FullBodyWearVarietyPacks	10001355	FullBodyWear	67010200	Brick→Class
OverallsBodysuits	10001332	FullBodyWear	67010200	Brick→Class
LowerBodyWearBottomsVarietyPacks	10001356	LowerBodyWearBottoms	67010300	Brick→Class
Skirts	10001334	LowerBodyWearBottoms	67010300	Brick→Class
TrousersShorts	10001335	LowerBodyWearBottoms	67010300	Brick→Class
JacketsBlazersCardigansWaistcoats	10001350	UpperBodyWearTops	67010800	Brick→Class
ShirtsBlousesPoloShirtsTShirts	10001352	UpperBodyWearTops	67010800	Brick→Class
SweatersPullovers	10001351	UpperBodyWearTops	67010800	Brick→Class
UpperBodyWearTopsVarietyPacks	10001361	UpperBodyWearTops	67010800	Brick→Class
EnvironmentalRespiratoryProtectionNonPowered	10005106	ProtectiveWear	67050100	Brick→Class
EnvironmentalRespiratoryProtectionPowered	10005105	ProtectiveWear	67050100	Brick→Class
FaceShieldsGuards	10005112	ProtectiveWear	67050100	Brick→Class
FeedingEatingBibs	10000732	ProtectiveWear	67050100	Brick→Class
Gloves	10005894	ProtectiveWear	67050100	Brick→Class
HardHatsCaps	10005111	ProtectiveWear	67050100	Brick→Class
HearingProtectionNonPowered	10005108	ProtectiveWear	67050100	Brick→Class
HearingProtectionPowered	10005107	ProtectiveWear	67050100	Brick→Class
HelmetsNonPowered	10005110	ProtectiveWear	67050100	Brick→Class
HelmetsPowered	10005109	ProtectiveWear	67050100	Brick→Class
ProtectiveFullBodyWear	10001394	ProtectiveWear	67050100	Brick→Class
ProtectiveHandwear	10001395	ProtectiveWear	67050100	Brick→Class
ProtectiveKneePads	10007933	ProtectiveWear	67050100	Brick→Class
ProtectiveLowerBodyWear	10001397	ProtectiveWear	67050100	Brick→Class
ProtectivePersonalAidsOther	10005116	ProtectiveWear	67050100	Brick→Class
ProtectivePersonalAidsReplacementPartsAccessories	10005115	ProtectiveWear	67050100	Brick→Class
ProtectivePersonalAidsVarietyPacks	10005117	ProtectiveWear	67050100	Brick→Class
ProtectiveUpperBodyWear	10001398	ProtectiveWear	67050100	Brick→Class
ProtectiveWearAccessories	10003704	ProtectiveWear	67050100	Brick→Class
ProtectiveWearVarietyPacks	10003705	ProtectiveWear	67050100	Brick→Class
SafetyGlassesGoggles	10003586	ProtectiveWear	67050100	Brick→Class
SwaddleBlanketWrapCloth	10008243	ProtectiveWear	67050100	Brick→Class
DressingGowns	10001338	Sleepwear	67020100	Brick→Class
NightDressesShirts	10001339	Sleepwear	67020100	Brick→Class
SleepHeadwear	10001340	Sleepwear	67020100	Brick→Class
SleepTrousersShorts	10001341	Sleepwear	67020100	Brick→Class
SleepwearVarietyPacks	10001358	Sleepwear	67020100	Brick→Class
BeachwearCoverUps	10006964	Swimwear	67060100	Brick→Class
Swimsuit2+Pieces	10008068	Swimwear	67060100	Brick→Class
SwimsuitBottom	10008066	Swimwear	67060100	Brick→Class
SwimsuitTop	10008065	Swimwear	67060100	Brick→Class
SwimsuitOnePiece	10008067	Swimwear	67060100	Brick→Class
SwimwearOther	10006965	Swimwear	67060100	Brick→Class
BrasBasquesCorsets	10001345	Underwear	67040100	Brick→Class
FullBodyUnderwear	10001346	Underwear	67040100	Brick→Class
PantsBriefsUndershorts	10001347	Underwear	67040100	Brick→Class
PantyhoseStockings	10002425	Underwear	67040100	Brick→Class
PetticoatsUnderskirtsSlips	10002424	Underwear	67040100	Brick→Class
Socks	10001348	Underwear	67040100	Brick→Class
SuspendersGarters	10002426	Underwear	67040100	Brick→Class
UndershirtsChemisesCamisoles	10001349	Underwear	67040100	Brick→Class
UnderwearVarietyPacks	10001360	Underwear	67040100	Brick→Class
CallerIdDisplays	10001174	CommunicationAccessories	66010100	Brick→Class
CommunicationAccessoriesOther	10001379	CommunicationAccessories	66010100	Brick→Class
CommunicationAccessoriesVarietyPacks	10001380	CommunicationAccessories	66010100	Brick→Class
CommunicationHeadphonesReplacementPartsAccessories	10005745	CommunicationAccessories	66010100	Brick→Class
CommunicationsHandsFreeKitsHeadphones	10001181	CommunicationAccessories	66010100	Brick→Class
DigitalEnhancedCordlessTelecommunicationsDectRepeaters	10005740	CommunicationAccessories	66010100	Brick→Class
MobilePhoneCases	10001178	CommunicationAccessories	66010100	Brick→Class
MobilePhoneFascias	10001182	CommunicationAccessories	66010100	Brick→Class
MobilePhoneRadiationGuards	10001183	CommunicationAccessories	66010100	Brick→Class
PhoneHolders	10001177	CommunicationAccessories	66010100	Brick→Class
TelephoneWipes	10005680	CommunicationAccessories	66010100	Brick→Class
CommunicationVarietyPacks	10001382	CommunicationVarietyPacks	66010400	Brick→Class
AnsweringMachines	10001184	FixedCommunicationDevices	66010200	Brick→Class
ConferencingSystems	10001185	FixedCommunicationDevices	66010200	Brick→Class
FaxMachineConsumables	10005677	FixedCommunicationDevices	66010200	Brick→Class
FaxMachines	10001186	FixedCommunicationDevices	66010200	Brick→Class
FixedCommunicationDevicesAccessories	10005681	FixedCommunicationDevices	66010200	Brick→Class
FixedCommunicationDevicesOther	10001383	FixedCommunicationDevices	66010200	Brick→Class
FixedCommunicationDevicesVarietyPacks	10001384	FixedCommunicationDevices	66010200	Brick→Class
FixedCommunicationPrePayVouchersCallingCards	10001188	FixedCommunicationDevices	66010200	Brick→Class
Intercoms	10001189	FixedCommunicationDevices	66010200	Brick→Class
TelephoneSwitchboards	10001190	FixedCommunicationDevices	66010200	Brick→Class
Telephones	10001191	FixedCommunicationDevices	66010200	Brick→Class
CommunicationRadioSets	10001192	MobileCommunicationDevicesServices	66010300	Brick→Class
GpsEquipmentMobileCommunications	10001193	MobileCommunicationDevicesServices	66010300	Brick→Class
GpsSoftwareMobileCommunications	10001194	MobileCommunicationDevicesServices	66010300	Brick→Class
GpsSoftwareMobileCommunicationsDigital	10006237	MobileCommunicationDevicesServices	66010300	Brick→Class
MobileCommunicationDevicesServicesReplacementParts	10003779	MobileCommunicationDevicesServices	66010300	Brick→Class
MobileCommunicationDevicesServicesOther	10001385	MobileCommunicationDevicesServices	66010300	Brick→Class
MobileCommunicationDevicesServicesVarietyPacks	10001386	MobileCommunicationDevicesServices	66010300	Brick→Class
MobilePhoneSimCardsSimCardAdapters	10001196	MobileCommunicationDevicesServices	66010300	Brick→Class
MobilePhoneSoftware	10001197	MobileCommunicationDevicesServices	66010300	Brick→Class
MobilePhoneSoftwareDigital	10006238	MobileCommunicationDevicesServices	66010300	Brick→Class
MobilePhoneSmartphoneAccessories	10007020	MobileCommunicationDevicesServices	66010300	Brick→Class
MobilePhonesSmartphones	10001198	MobileCommunicationDevicesServices	66010300	Brick→Class
Pagers	10001199	MobileCommunicationDevicesServices	66010300	Brick→Class
PersonalDigitalBroadcastersTrackers	10005711	MobileCommunicationDevicesServices	66010300	Brick→Class
TwoWayRadios	10001200	MobileCommunicationDevicesServices	66010300	Brick→Class
SignReplacementPartAccessory	10006227	Signage	66010500	Brick→Class
SignHolders	10006226	Signage	66010500	Brick→Class
SignsCombination	10006225	Signage	66010500	Brick→Class
SignsPreprinted	10006223	Signage	66010500	Brick→Class
SignsUnprinted	10006224	Signage	66010500	Brick→Class
ComputerCasingHousing	10001117	ComputerComponents	65010200	Brick→Class
ComputerComponentsReplacementPartsAccessories	10001118	ComputerComponents	65010200	Brick→Class
ComputerComponentsOther	10001119	ComputerComponents	65010200	Brick→Class
ComputerComponentsVarietyPacks	10001120	ComputerComponents	65010200	Brick→Class
ComputerCooling	10001121	ComputerComponents	65010200	Brick→Class
ComputerMemory	10001122	ComputerComponents	65010200	Brick→Class
ComputerMotherboards	10001123	ComputerComponents	65010200	Brick→Class
ComputerProcessors	10001125	ComputerComponents	65010200	Brick→Class
ComputerVideoGamesMassStorage	10005683	ComputerComponents	65010200	Brick→Class
ExpansionBoardsCards	10001126	ComputerComponents	65010200	Brick→Class
ComputerDrivesReplacementPartsAccessories	10001129	ComputerDrives	65010300	Brick→Class
ComputerDrivesOther	10001130	ComputerDrives	65010300	Brick→Class
ComputerDrivesVarietyPacks	10001131	ComputerDrives	65010300	Brick→Class
FloppyDiscDrives	10001132	ComputerDrives	65010300	Brick→Class
HardDiscDrives	10001133	ComputerDrives	65010300	Brick→Class
OpticalDrivesReadingOnly	10001128	ComputerDrives	65010300	Brick→Class
OpticalDrivesReadingWriting	10001127	ComputerDrives	65010300	Brick→Class
SwapDrives	10001134	ComputerDrives	65010300	Brick→Class
TapeDrivesStreamers	10001135	ComputerDrives	65010300	Brick→Class
ZipJazDiskDrives	10001136	ComputerDrives	65010300	Brick→Class
ComputerNetworkingEquipmentReplacementPartsAccessories	10001172	ComputerNetworkingEquipment	65010800	Brick→Class
ComputerNetworkingEquipmentOther	10001170	ComputerNetworkingEquipment	65010800	Brick→Class
ComputerNetworkingEquipmentVarietyPacks	10001171	ComputerNetworkingEquipment	65010800	Brick→Class
Firewalls	10001162	ComputerNetworkingEquipment	65010800	Brick→Class
Gateways	10001163	ComputerNetworkingEquipment	65010800	Brick→Class
Modems	10001164	ComputerNetworkingEquipment	65010800	Brick→Class
NetworkAccessPoints	10001165	ComputerNetworkingEquipment	65010800	Brick→Class
NetworkInterfaceCards	10001167	ComputerNetworkingEquipment	65010800	Brick→Class
NetworkRouters	10001168	ComputerNetworkingEquipment	65010800	Brick→Class
NetworkSwitches	10001169	ComputerNetworkingEquipment	65010800	Brick→Class
NetworkUsbHubs	10001166	ComputerNetworkingEquipment	65010800	Brick→Class
Repeaters	10001173	ComputerNetworkingEquipment	65010800	Brick→Class
UsbInternetStick	10005831	ComputerNetworkingEquipment	65010800	Brick→Class
CardReaders	10001115	ComputerVideoGameAccessories	65010100	Brick→Class
ComputerCasingHousingAccessories	10001116	ComputerVideoGameAccessories	65010100	Brick→Class
ComputerDockingPortsCradles	10001109	ComputerVideoGameAccessories	65010100	Brick→Class
ComputerPowerSupplies	10001124	ComputerVideoGameAccessories	65010100	Brick→Class
ComputerStandsSupports	10005438	ComputerVideoGameAccessories	65010100	Brick→Class
ComputerToolsToolKits	10001112	ComputerVideoGameAccessories	65010100	Brick→Class
ComputerVideoGameAccessoriesOther	10001362	ComputerVideoGameAccessories	65010100	Brick→Class
ComputerVideoGameAccessoriesVarietyPacks	10001363	ComputerVideoGameAccessories	65010100	Brick→Class
ComputerVideoGameCasesCarriers	10001107	ComputerVideoGameAccessories	65010100	Brick→Class
ComputerVideoGameCleaningProducts	10001108	ComputerVideoGameAccessories	65010100	Brick→Class
ComputerVideoGameHeadsets	10005741	ComputerVideoGameAccessories	65010100	Brick→Class
ComputerVideoGameSecurityProducts	10001111	ComputerVideoGameAccessories	65010100	Brick→Class
FiltersCoversElectronicEquipment	10001110	ComputerVideoGameAccessories	65010100	Brick→Class
MatsRestsComputing	10001113	ComputerVideoGameAccessories	65010100	Brick→Class
PersonalDataAssistantOrganiserStylus	10001114	ComputerVideoGameAccessories	65010100	Brick→Class
PersonalVideoRecorder	10006744	ComputerVideoGameAccessories	65010100	Brick→Class
VideoEditor	10005843	ComputerVideoGameAccessories	65010100	Brick→Class
ComputerGraphicsTablets	10001149	ComputerVideoGameControlInputDevices	65010600	Brick→Class
ComputerKeyboards	10001150	ComputerVideoGameControlInputDevices	65010600	Brick→Class
ComputerPointingDevices	10001151	ComputerVideoGameControlInputDevices	65010600	Brick→Class
ComputerVideoGameControlDevices	10001148	ComputerVideoGameControlInputDevices	65010600	Brick→Class
ComputerVideoGameControlInputDevicesReplacementPartsAccessories	10001152	ComputerVideoGameControlInputDevices	65010600	Brick→Class
ComputerVideoGameControlInputDevicesOther	10001364	ComputerVideoGameControlInputDevices	65010600	Brick→Class
ComputerVideoGameControlInputDevicesVarietyPacks	10001365	ComputerVideoGameControlInputDevices	65010600	Brick→Class
DigitalPens	10005686	ComputerVideoGameControlInputDevices	65010600	Brick→Class
ComputerSpeakersMiniSpeakers	10001154	ComputerVideoGamePeripherals	65010700	Brick→Class
ComputerVideoGameMonitors	10001153	ComputerVideoGamePeripherals	65010700	Brick→Class
ComputerVideoGamePeripheralsReplacementPartsAccessories	10001155	ComputerVideoGamePeripherals	65010700	Brick→Class
ComputerVideoGamePeripheralsOther	10001366	ComputerVideoGamePeripherals	65010700	Brick→Class
ComputerVideoGamePeripheralsVarietyPacks	10001367	ComputerVideoGamePeripherals	65010700	Brick→Class
KeyboardVoiceMouseKvmSwitch	10006745	ComputerVideoGamePeripherals	65010700	Brick→Class
PrinterConsumables	10001156	ComputerVideoGamePeripherals	65010700	Brick→Class
Printers	10001158	ComputerVideoGamePeripherals	65010700	Brick→Class
ProjectionSystems	10001159	ComputerVideoGamePeripherals	65010700	Brick→Class
Scanners	10001160	ComputerVideoGamePeripherals	65010700	Brick→Class
WebCameras	10001161	ComputerVideoGamePeripherals	65010700	Brick→Class
ComputerSoftwareNonGames	10001138	ComputerVideoGameSoftware	65010400	Brick→Class
ComputerSoftwareNonGamesDigital	10006236	ComputerVideoGameSoftware	65010400	Brick→Class
ComputerVideoGameGamingSoftware	10001137	ComputerVideoGameSoftware	65010400	Brick→Class
ComputerVideoGameGamingSoftwareDigital	10006235	ComputerVideoGameSoftware	65010400	Brick→Class
ComputerVideoGameSoftwareOther	10001139	ComputerVideoGameSoftware	65010400	Brick→Class
ComputerVideoGameSoftwareVarietyPacks	10001140	ComputerVideoGameSoftware	65010400	Brick→Class
ComputersReplacementPartsAccessories	10001141	Computers	65010500	Brick→Class
ComputersOther	10001142	Computers	65010500	Brick→Class
ElectronicOrganisers	10001143	Computers	65010500	Brick→Class
PersonalComputersAllInOne	10006405	Computers	65010500	Brick→Class
PersonalComputersDesktopInternetTerminal	10001144	Computers	65010500	Brick→Class
PersonalComputersPortable	10001145	Computers	65010500	Brick→Class
PersonalComputersTabletsEBookReaders	10006276	Computers	65010500	Brick→Class
PersonalDigitalAssistants	10001146	Computers	65010500	Brick→Class
Servers	10001147	Computers	65010500	Brick→Class
SmartWatches	10006743	Computers	65010500	Brick→Class
ComputersVideoGamesVarietyPacks	10001370	ComputersVideoGamesVarietyPacks	65010900	Brick→Class
ConsoleAccessories	10005763	VideoGameConsoles	65011000	Brick→Class
VideoGameConsolesNonPortable	10003817	VideoGameConsoles	65011000	Brick→Class
VideoGameConsolesPortable	10003818	VideoGameConsoles	65011000	Brick→Class
VideoGameConsolesReplacementParts	10003819	VideoGameConsoles	65011000	Brick→Class
BimiBroccoliniplantsBrassicaOleraceaItalicaXAlboglabra	10007523	BrassicaVegetablesCabbageType	94022200	Brick→Class
BroccoliplantsBrassicaOleraceaVar.Italica	10007530	BrassicaVegetablesCabbageType	94022200	Brick→Class
BrusselsSproutplantsBrassicaOleraceaVar.Gemmifera	10007529	BrassicaVegetablesCabbageType	94022200	Brick→Class
CauliflowerplantsBrassicaOleraceaVar.Botrytis	10007525	BrassicaVegetablesCabbageType	94022200	Brick→Class
CommonTurnipplantsBrassicaRapaSubsp.Rapa	10007534	BrassicaVegetablesCabbageType	94022200	Brick→Class
CurlyKaleplantsBrassicaOleraceaVar.Sabellica	10007532	BrassicaVegetablesCabbageType	94022200	Brick→Class
KaiLanplantsBrassicaOleraceaVar.Alboglabra	10007524	BrassicaVegetablesCabbageType	94022200	Brick→Class
OxheartCabbageplantsBrassicaOleraceaVar.CapitataF.Conica	10007527	BrassicaVegetablesCabbageType	94022200	Brick→Class
RedCabbageplantsBrassicaOleraceaVar.CapitataF.Rubra	10007528	BrassicaVegetablesCabbageType	94022200	Brick→Class
RomanescoplantsBrassicaOleraceaConvar.BotrytisVar.Botrytis	10007522	BrassicaVegetablesCabbageType	94022200	Brick→Class
SavoyCabbageplantsBrassicaOleraceaVar.Sabauda	10007531	BrassicaVegetablesCabbageType	94022200	Brick→Class
SwedishTurnipsRutabagaplantsBrassicaNapobrassica	10007521	BrassicaVegetablesCabbageType	94022200	Brick→Class
WhiteCabbageplantsBrassicaOleraceaVar.Capitata	10007526	BrassicaVegetablesCabbageType	94022200	Brick→Class
AbyssinianOatplantsAvenaAbyssinica	10007279	CerealsAndGrainsCrops	94021900	Brick→Class
AfricanRiceplantsOryzaGlaberrima	10007291	CerealsAndGrainsCrops	94021900	Brick→Class
BarleyplantsHordeumVulgare	10007319	CerealsAndGrainsCrops	94021900	Brick→Class
BlackFonioplantsDigitariaIburua	10007286	CerealsAndGrainsCrops	94021900	Brick→Class
BlackOatplantsAvenaStrigosa	10007281	CerealsAndGrainsCrops	94021900	Brick→Class
BuckwheatplantsFagopyrumEsculentum	10007290	CerealsAndGrainsCrops	94021900	Brick→Class
CanaguaOrCoaihuaplantsChenopodiumPallidicaule	10007282	CerealsAndGrainsCrops	94021900	Brick→Class
CanaryGrassplantsPhalarisCanariensis	10007296	CerealsAndGrainsCrops	94021900	Brick→Class
FingerMilletplantsEleusineCoracana	10007288	CerealsAndGrainsCrops	94021900	Brick→Class
JapaneseMilletplantsEchinochloaFrumentacea	10007287	CerealsAndGrainsCrops	94021900	Brick→Class
Job'sTearsplantsCoixLacrymaJobi	10007284	CerealsAndGrainsCrops	94021900	Brick→Class
KamutplantsTriticumTurgidumSubsp.Turanicum	10007301	CerealsAndGrainsCrops	94021900	Brick→Class
KodaOrDitchMilletplantsPaspalumScrobiculatum	10007294	CerealsAndGrainsCrops	94021900	Brick→Class
MaizeplantsZeaMaysSubsp.Mays	10007302	CerealsAndGrainsCrops	94021900	Brick→Class
MilletplantsPanicumSpp.	10007293	CerealsAndGrainsCrops	94021900	Brick→Class
OatsplantsAvenaSativa	10007280	CerealsAndGrainsCrops	94021900	Brick→Class
PearlOrCattailMilletplantsPennisetumGlaucum	10007295	CerealsAndGrainsCrops	94021900	Brick→Class
PolishWheatplantsTriticumPolonicum	10007299	CerealsAndGrainsCrops	94021900	Brick→Class
QuinoaplantsChenopodiumQuinoa	10007283	CerealsAndGrainsCrops	94021900	Brick→Class
RiceplantsOryzaSativa	10007292	CerealsAndGrainsCrops	94021900	Brick→Class
RyeplantsSecaleCereale	10007320	CerealsAndGrainsCrops	94021900	Brick→Class
SorghumplantsSorghumBicolor	10007297	CerealsAndGrainsCrops	94021900	Brick→Class
SpeltplantsTriticumSpelta	10007300	CerealsAndGrainsCrops	94021900	Brick→Class
TeffIngeraplantsEragrostisTef	10007289	CerealsAndGrainsCrops	94021900	Brick→Class
TriticaleplantsTriticosecale	10007298	CerealsAndGrainsCrops	94021900	Brick→Class
WheatplantsTriticumSpp.	10007321	CerealsAndGrainsCrops	94021900	Brick→Class
WhiteFonioplantsDigitariaExilis	10007285	CerealsAndGrainsCrops	94021900	Brick→Class
WildRiceplantsZizaniaAquatica	10007303	CerealsAndGrainsCrops	94021900	Brick→Class
AloeVeraplantsAloeVera	10007211	CropsForBeverages	94021800	Brick→Class
AsamGelugurtreesGarciniaAtroviridis	10007212	CropsForBeverages	94021800	Brick→Class
BasswoodtreesTilia	10007213	CropsForBeverages	94021800	Brick→Class
CacaotreesTheobromaCacao	10007214	CropsForBeverages	94021800	Brick→Class
CamomilaplantsMatricariaChamomilla	10007215	CropsForBeverages	94021800	Brick→Class
CapeAloeplantsAloeFerox	10007216	CropsForBeverages	94021800	Brick→Class
CoffeeshrubsCoffea	10007217	CropsForBeverages	94021800	Brick→Class
ElecampaneplantsInulaHelenium	10007218	CropsForBeverages	94021800	Brick→Class
GuaranaplantsPaulliniaCupana	10007219	CropsForBeverages	94021800	Brick→Class
HopplantsHumulusLupulus	10007220	CropsForBeverages	94021800	Brick→Class
ImbetreesGarciniaLivingstonei	10007221	CropsForBeverages	94021800	Brick→Class
JasmineplantsJasminumOfficinale	10007222	CropsForBeverages	94021800	Brick→Class
KavashrubsPiperMethysticum	10007223	CropsForBeverages	94021800	Brick→Class
KinatreesCinchona	10007774	CropsForBeverages	94021800	Brick→Class
KnapweedplantsCentaurea	10007224	CropsForBeverages	94021800	Brick→Class
LedumplantsLedumGroenlandicum	10007225	CropsForBeverages	94021800	Brick→Class
MoringatreesMoringaOleifera	10007226	CropsForBeverages	94021800	Brick→Class
RooibosplantsAspalathusLinearis	10007227	CropsForBeverages	94021800	Brick→Class
RoselleplantsHibiscusSabdariffa	10007228	CropsForBeverages	94021800	Brick→Class
RoseplantsRosa	10007229	CropsForBeverages	94021800	Brick→Class
SennaplantsSennaAlexandrina	10007230	CropsForBeverages	94021800	Brick→Class
SocotrineAloeplantsAloePerryi	10007231	CropsForBeverages	94021800	Brick→Class
TeashrubsCamelliaSinensis	10007232	CropsForBeverages	94021800	Brick→Class
TeatreeplantsLeptospermum	10007233	CropsForBeverages	94021800	Brick→Class
VioletplantsViola	10007234	CropsForBeverages	94021800	Brick→Class
WinePalmtreesJubaea	10007235	CropsForBeverages	94021800	Brick→Class
WinegrapeplantsVitisVinifera	10007236	CropsForBeverages	94021800	Brick→Class
YerbaMateplantsIlexParaguariensis	10007237	CropsForBeverages	94021800	Brick→Class
AtemoyaTreesAnnonaXAtemoya	10006932	CropsForProductionOfAnnonafruit	94020100	Brick→Class
BullockHeartTreesAnnonaReticulata	10006930	CropsForProductionOfAnnonafruit	94020100	Brick→Class
CherimoyaTreesAnnonaCherimola	10006927	CropsForProductionOfAnnonafruit	94020100	Brick→Class
IlamaTreesAnnonaDiversifolia	10006928	CropsForProductionOfAnnonafruit	94020100	Brick→Class
PawpawTreesAsimina	10006933	CropsForProductionOfAnnonafruit	94020100	Brick→Class
SoursopTreesAnnonaMuricata	10006929	CropsForProductionOfAnnonafruit	94020100	Brick→Class
SweetsopSugarAppleTreesAnnonaSquamosa	10006931	CropsForProductionOfAnnonafruit	94020100	Brick→Class
AbyssinianBananaTreesEnseteVentricosum	10006935	CropsForProductionOfBananaFruit	94020200	Brick→Class
BabybananaShrubsMusaAcuminataAa	10006938	CropsForProductionOfBananaFruit	94020200	Brick→Class
CavendishBananaShrubsMusaAcuminataAaa	10006937	CropsForProductionOfBananaFruit	94020200	Brick→Class
LacatanBananaShrubsMusaAcuminata×M.BalbisianaAaGroupLakatan	10006941	CropsForProductionOfBananaFruit	94020200	Brick→Class
LatundanOrAppleBananaShrubsMusaAcuminata×M.BalbisianaAabGroupSilk	10006940	CropsForProductionOfBananaFruit	94020200	Brick→Class
PlantainBananaShrubsMusaXParadisiacaAab	10006936	CropsForProductionOfBananaFruit	94020200	Brick→Class
RedDaccaBananaShrubsMusaAcuminataAaaVar.Rubra	10006939	CropsForProductionOfBananaFruit	94020200	Brick→Class
SnowbananaTreesEnseteGlaucum	10006934	CropsForProductionOfBananaFruit	94020200	Brick→Class
AcerolaBarbadosCherrytreesMalpighiaEmarginata	10007049	CropsForProductionOfBerriesAndSmallFruit	94020500	Brick→Class
AmelanchiershrubsAmelanchier	10007040	CropsForProductionOfBerriesAndSmallFruit	94020500	Brick→Class
AmericanCranberryshrubsVacciniumMacrocarpon	10007062	CropsForProductionOfBerriesAndSmallFruit	94020500	Brick→Class
AmericanGooseberryshrubsRibesHirtellum	10007778	CropsForProductionOfBerriesAndSmallFruit	94020500	Brick→Class
BearberrytreesArctostaphylosUvaUrsi	10007042	CropsForProductionOfBerriesAndSmallFruit	94020500	Brick→Class
BilberryshrubsVacciniumMyrtillus	10007064	CropsForProductionOfBerriesAndSmallFruit	94020500	Brick→Class
BlackHuckleberryshrubsVacciniumMembranaceum	10007063	CropsForProductionOfBerriesAndSmallFruit	94020500	Brick→Class
BlackberryplantsRubusFruticosus	10007052	CropsForProductionOfBerriesAndSmallFruit	94020500	Brick→Class
BlackcurrantShrubsRibesNigrum	10007780	CropsForProductionOfBerriesAndSmallFruit	94020500	Brick→Class
BlueCascadeHuckleberryshrubsVacciniumDeliciosum	10007061	CropsForProductionOfBerriesAndSmallFruit	94020500	Brick→Class
BlueberryshrubsVacciniumSect.Cyanococcus	10007067	CropsForProductionOfBerriesAndSmallFruit	94020500	Brick→Class
BoysenberryplantsRubusUrsinus	10007055	CropsForProductionOfBerriesAndSmallFruit	94020500	Brick→Class
ChokeberryshrubsAronia	10007043	CropsForProductionOfBerriesAndSmallFruit	94020500	Brick→Class
CloudberryshrubsRubusChamaemorus	10007787	CropsForProductionOfBerriesAndSmallFruit	94020500	Brick→Class
CowberryLingonberryshrubsVacciniumVitisIdaea	10007068	CropsForProductionOfBerriesAndSmallFruit	94020500	Brick→Class
CrowberryShrubsEmpetrumNigrum	10007046	CropsForProductionOfBerriesAndSmallFruit	94020500	Brick→Class
DewberryshrubsRubusFlagellaris	10007051	CropsForProductionOfBerriesAndSmallFruit	94020500	Brick→Class
EldershrubsSambucus	10007057	CropsForProductionOfBerriesAndSmallFruit	94020500	Brick→Class
FiveFlavorBerryshrubsSchisandraChinensis	10007058	CropsForProductionOfBerriesAndSmallFruit	94020500	Brick→Class
GoldenCurrantshrubsRibesAureum	10007050	CropsForProductionOfBerriesAndSmallFruit	94020500	Brick→Class
GooseberryshrubsRibesUvaCrispa	10007784	CropsForProductionOfBerriesAndSmallFruit	94020500	Brick→Class
GoumitreesElaeagnusMultiflora	10007045	CropsForProductionOfBerriesAndSmallFruit	94020500	Brick→Class
HawthornshrubsCrataegus	10007044	CropsForProductionOfBerriesAndSmallFruit	94020500	Brick→Class
JostaberryshrubsRibesXNidigrolaria	10007786	CropsForProductionOfBerriesAndSmallFruit	94020500	Brick→Class
LoganberrytreesRubusXLoganobaccus	10007056	CropsForProductionOfBerriesAndSmallFruit	94020500	Brick→Class
MadronatreesArbutusMenziesii	10007041	CropsForProductionOfBerriesAndSmallFruit	94020500	Brick→Class
NannyberrytreesViburnumLentago	10007069	CropsForProductionOfBerriesAndSmallFruit	94020500	Brick→Class
RaspberryplantsRubusIdaeus	10007053	CropsForProductionOfBerriesAndSmallFruit	94020500	Brick→Class
RedCurrantshrubsRibesRubrum	10007782	CropsForProductionOfBerriesAndSmallFruit	94020500	Brick→Class
RedHuckleberryshrubsVacciniumParvifolium	10007066	CropsForProductionOfBerriesAndSmallFruit	94020500	Brick→Class
RowanberrytreesSorbusAucuparia	10007059	CropsForProductionOfBerriesAndSmallFruit	94020500	Brick→Class
SeaBuckthornshrubsHippophae	10007048	CropsForProductionOfBerriesAndSmallFruit	94020500	Brick→Class
ServicetreesSorbusDomestica	10007060	CropsForProductionOfBerriesAndSmallFruit	94020500	Brick→Class
SmallCranberryshrubsVacciniumOxycoccos	10007065	CropsForProductionOfBerriesAndSmallFruit	94020500	Brick→Class
StrawberryplantsFragariaXAnanassa	10007047	CropsForProductionOfBerriesAndSmallFruit	94020500	Brick→Class
TablegrapeplantsVitisSp.	10007070	CropsForProductionOfBerriesAndSmallFruit	94020500	Brick→Class
TayberryshrubsRubusTayberryHybrids	10007054	CropsForProductionOfBerriesAndSmallFruit	94020500	Brick→Class
WineberryplantsRubusPhoenicolasius	10007788	CropsForProductionOfBerriesAndSmallFruit	94020500	Brick→Class
BaeltreesAegleMarmelos	10007071	CropsForProductionOfCitrusAndOtherRutaceaeFruits	94020600	Brick→Class
CalamondintreesCitrofortunellaMicrocarpa	10007072	CropsForProductionOfCitrusAndOtherRutaceaeFruits	94020600	Brick→Class
CitrontreesCitrusMedica	10007073	CropsForProductionOfCitrusAndOtherRutaceaeFruits	94020600	Brick→Class
ClementinetreesCitrusClementina	10007074	CropsForProductionOfCitrusAndOtherRutaceaeFruits	94020600	Brick→Class
GraprefruittreesCitrusParadisi	10007075	CropsForProductionOfCitrusAndOtherRutaceaeFruits	94020600	Brick→Class
HardyOrangetreesPoncirusTrifolata	10007076	CropsForProductionOfCitrusAndOtherRutaceaeFruits	94020600	Brick→Class
IndianLimetreesCitrusLimettioides	10007077	CropsForProductionOfCitrusAndOtherRutaceaeFruits	94020600	Brick→Class
KingtreesCitrusNobilis	10007078	CropsForProductionOfCitrusAndOtherRutaceaeFruits	94020600	Brick→Class
KumquattreesCitrusJaponica	10007079	CropsForProductionOfCitrusAndOtherRutaceaeFruits	94020600	Brick→Class
LemontreesCitrusLimon	10007080	CropsForProductionOfCitrusAndOtherRutaceaeFruits	94020600	Brick→Class
LimetreesCitrusLatifolia	10007081	CropsForProductionOfCitrusAndOtherRutaceaeFruits	94020600	Brick→Class
MandarintreesCitrusXReticulata	10007082	CropsForProductionOfCitrusAndOtherRutaceaeFruits	94020600	Brick→Class
MexicanLimetreesCitrusAurantifolia	10007083	CropsForProductionOfCitrusAndOtherRutaceaeFruits	94020600	Brick→Class
MinneolatreesCitrusXTangelo	10007084	CropsForProductionOfCitrusAndOtherRutaceaeFruits	94020600	Brick→Class
PapedatreesCitrusPapeda	10007085	CropsForProductionOfCitrusAndOtherRutaceaeFruits	94020600	Brick→Class
PomelotreesCitrusMaxima	10007086	CropsForProductionOfCitrusAndOtherRutaceaeFruits	94020600	Brick→Class
SatsumatreesCitrusReticulata'satsuma'	10007087	CropsForProductionOfCitrusAndOtherRutaceaeFruits	94020600	Brick→Class
SourOrangetreesCitrusAurantium	10007088	CropsForProductionOfCitrusAndOtherRutaceaeFruits	94020600	Brick→Class
SweetLimetreesCitrusLimetta	10007089	CropsForProductionOfCitrusAndOtherRutaceaeFruits	94020600	Brick→Class
SweetOrangetreesCitrusSinensis	10007090	CropsForProductionOfCitrusAndOtherRutaceaeFruits	94020600	Brick→Class
TangerinetreesCitrusTangerina	10007091	CropsForProductionOfCitrusAndOtherRutaceaeFruits	94020600	Brick→Class
WampeetreesClausenaLansium	10007092	CropsForProductionOfCitrusAndOtherRutaceaeFruits	94020600	Brick→Class
CactusFigplantsOpuntiaFicusIndica	10007104	CropsForProductionOfEdibleCactusfruits	94020800	Brick→Class
RedfleshedSweetPitahayaOrDragonfruitplantsHylocereusCostaricensis	10007105	CropsForProductionOfEdibleCactusfruits	94020800	Brick→Class
SourPitayaplantsStenocereus	10007106	CropsForProductionOfEdibleCactusfruits	94020800	Brick→Class
WhitefleshedPitahayaOrDragonfruitplantsHylocereusUndatus	10007107	CropsForProductionOfEdibleCactusfruits	94020800	Brick→Class
YellowPitahayaplantsSelenicereusMegalanthus	10007108	CropsForProductionOfEdibleCactusfruits	94020800	Brick→Class
AmericanPersimmontreesDiospyrosVirginiana	10007151	CropsForProductionOfEdibleFruitFromOtherTreesAndPlants	94021500	Brick→Class
AvocadotreesPerseaAmericana	10007152	CropsForProductionOfEdibleFruitFromOtherTreesAndPlants	94021500	Brick→Class
BarbadineGiantGranadillatreesPassifloraQuadrangularis	10007153	CropsForProductionOfEdibleFruitFromOtherTreesAndPlants	94021500	Brick→Class
BayberrytreesMyrica	10007154	CropsForProductionOfEdibleFruitFromOtherTreesAndPlants	94021500	Brick→Class
BilimbitreesAverrhoaBilimbi	10007155	CropsForProductionOfEdibleFruitFromOtherTreesAndPlants	94021500	Brick→Class
BlackSapotetreesDiospyrosDigyna	10007156	CropsForProductionOfEdibleFruitFromOtherTreesAndPlants	94021500	Brick→Class
BreadfruittreesArtocarpusAltilis	10007791	CropsForProductionOfEdibleFruitFromOtherTreesAndPlants	94021500	Brick→Class
CapeGooseberrytreesPhysalisPeruviana	10007157	CropsForProductionOfEdibleFruitFromOtherTreesAndPlants	94021500	Brick→Class
CarambolaStarfruittreesAverrhoaCarambola	10007158	CropsForProductionOfEdibleFruitFromOtherTreesAndPlants	94021500	Brick→Class
ChempedaktreesArtocarpusInteger	10007159	CropsForProductionOfEdibleFruitFromOtherTreesAndPlants	94021500	Brick→Class
ChineseJujubetreesZiziphusJujuba	10007160	CropsForProductionOfEdibleFruitFromOtherTreesAndPlants	94021500	Brick→Class
CupuaçutreesTheobromaGrandiflora	10007161	CropsForProductionOfEdibleFruitFromOtherTreesAndPlants	94021500	Brick→Class
CurabastreesPassifloraMollissima	10007792	CropsForProductionOfEdibleFruitFromOtherTreesAndPlants	94021500	Brick→Class
DuriantreesDurioZibethinus	10007162	CropsForProductionOfEdibleFruitFromOtherTreesAndPlants	94021500	Brick→Class
FigtreesFicusCarica	10007163	CropsForProductionOfEdibleFruitFromOtherTreesAndPlants	94021500	Brick→Class
GuamachilManilaTamarindtreesPithecellobiumDulce	10007164	CropsForProductionOfEdibleFruitFromOtherTreesAndPlants	94021500	Brick→Class
IndianJujubetreesZiziphusMauritiana	10007165	CropsForProductionOfEdibleFruitFromOtherTreesAndPlants	94021500	Brick→Class
IndianPlumtreesFlacourtiaIndica	10007166	CropsForProductionOfEdibleFruitFromOtherTreesAndPlants	94021500	Brick→Class
JackfruitNankatreesArtocarpusHeterophyllus	10007167	CropsForProductionOfEdibleFruitFromOtherTreesAndPlants	94021500	Brick→Class
JamaicaCherrytreesMuntingiaCalabura	10007168	CropsForProductionOfEdibleFruitFromOtherTreesAndPlants	94021500	Brick→Class
JengkoltreesArchidendronJiringa	10007169	CropsForProductionOfEdibleFruitFromOtherTreesAndPlants	94021500	Brick→Class
KakitreesDiospyrosKaki	10007170	CropsForProductionOfEdibleFruitFromOtherTreesAndPlants	94021500	Brick→Class
KiwifruittreesActinidiaDeliciosa	10007171	CropsForProductionOfEdibleFruitFromOtherTreesAndPlants	94021500	Brick→Class
KokumtreesGarciniaIndica	10007172	CropsForProductionOfEdibleFruitFromOtherTreesAndPlants	94021500	Brick→Class
LangsattreesLansiumDomesticum	10007173	CropsForProductionOfEdibleFruitFromOtherTreesAndPlants	94021500	Brick→Class
MabolotreesDiospyrosDiscolor	10007174	CropsForProductionOfEdibleFruitFromOtherTreesAndPlants	94021500	Brick→Class
MangosteentreesGarciniaMangostana	10007175	CropsForProductionOfEdibleFruitFromOtherTreesAndPlants	94021500	Brick→Class
MaracujatreesPassifloraEdulis	10007176	CropsForProductionOfEdibleFruitFromOtherTreesAndPlants	94021500	Brick→Class
MountainPapayatreesVasconcelleaPubescens	10007177	CropsForProductionOfEdibleFruitFromOtherTreesAndPlants	94021500	Brick→Class
MulberrytreesMorus	10007178	CropsForProductionOfEdibleFruitFromOtherTreesAndPlants	94021500	Brick→Class
NonitreesMorindaCitrifolia	10007179	CropsForProductionOfEdibleFruitFromOtherTreesAndPlants	94021500	Brick→Class
PapayatreesCaricaPapaya	10007180	CropsForProductionOfEdibleFruitFromOtherTreesAndPlants	94021500	Brick→Class
PineappleplantsAnanasComosus	10007181	CropsForProductionOfEdibleFruitFromOtherTreesAndPlants	94021500	Brick→Class
PomegranatetreesPunicaGranatum	10007182	CropsForProductionOfEdibleFruitFromOtherTreesAndPlants	94021500	Brick→Class
SantoltreesSandoricumKoetjape	10007183	CropsForProductionOfEdibleFruitFromOtherTreesAndPlants	94021500	Brick→Class
SweetGranadillatreesPassifloraLigularis	10007184	CropsForProductionOfEdibleFruitFromOtherTreesAndPlants	94021500	Brick→Class
TamarillotreesCyphomandraBetacea	10007185	CropsForProductionOfEdibleFruitFromOtherTreesAndPlants	94021500	Brick→Class
TamarindOrIndianDatetreesTamarindusIndica	10007186	CropsForProductionOfEdibleFruitFromOtherTreesAndPlants	94021500	Brick→Class
AcaipalmtreesEuterpeOleracea	10007109	CropsForProductionOfEdibleFruitFromPalmtrees	94020900	Brick→Class
CoconutPalmtreesCocosNucifera	10007110	CropsForProductionOfEdibleFruitFromPalmtrees	94020900	Brick→Class
DatepalmtreesPhoenixDactylifera	10007111	CropsForProductionOfEdibleFruitFromPalmtrees	94020900	Brick→Class
PalmyraPalmtreesBorassus	10007112	CropsForProductionOfEdibleFruitFromPalmtrees	94020900	Brick→Class
SalaktreesSalaccaEdulis	10007113	CropsForProductionOfEdibleFruitFromPalmtrees	94020900	Brick→Class
BignayChineseLaurelOrSalamandertreesAntidesmaBunius	10007145	CropsForProductionOfEdibleFruitFromPhyllantaceaeTrees	94021400	Brick→Class
BurmeseGrapetreesBaccaureaRamiflora	10007146	CropsForProductionOfEdibleFruitFromPhyllantaceaeTrees	94021400	Brick→Class
IndianGooseberrytreesPhyllanthusEmblica	10007147	CropsForProductionOfEdibleFruitFromPhyllantaceaeTrees	94021400	Brick→Class
RambaitreesBaccaureaMotleyana	10007148	CropsForProductionOfEdibleFruitFromPhyllantaceaeTrees	94021400	Brick→Class
StarGooseberrytreesPhyllanthusAcidus	10007149	CropsForProductionOfEdibleFruitFromPhyllantaceaeTrees	94021400	Brick→Class
TampoitreesBaccaureaMacrocarpa	10007150	CropsForProductionOfEdibleFruitFromPhyllantaceaeTrees	94021400	Brick→Class
AfricanStarAppleWhiteStarAppletreesChrysophyllumAlbidum	10007137	CropsForProductionOfEdibleFruitFromSapoteTrees	94021300	Brick→Class
LucumatreesPouteriaLucuma	10007138	CropsForProductionOfEdibleFruitFromSapoteTrees	94021300	Brick→Class
MameySapotetreesPouteriaSapota	10007139	CropsForProductionOfEdibleFruitFromSapoteTrees	94021300	Brick→Class
SapodillatreesManilkaraZapota	10007140	CropsForProductionOfEdibleFruitFromSapoteTrees	94021300	Brick→Class
StarAppletreesChrysophyllumCainito	10007141	CropsForProductionOfEdibleFruitFromSapoteTrees	94021300	Brick→Class
WhiteSapotetreesCasimiroaEdulis	10007142	CropsForProductionOfEdibleFruitFromSapoteTrees	94021300	Brick→Class
YellowMameytreesMammeaAmericana	10007143	CropsForProductionOfEdibleFruitFromSapoteTrees	94021300	Brick→Class
YellowSapotetreesPouteriaCampechiana	10007144	CropsForProductionOfEdibleFruitFromSapoteTrees	94021300	Brick→Class
AckeetreesBlighiaSapida	10007132	CropsForProductionOfEdibleFruitsFromSoapberrytrees	94021200	Brick→Class
LongantreesDimocarpusLongan	10007133	CropsForProductionOfEdibleFruitsFromSoapberrytrees	94021200	Brick→Class
LycheetreesLitchiChinensis	10007134	CropsForProductionOfEdibleFruitsFromSoapberrytrees	94021200	Brick→Class
MamoncillotreesMeliococcusBijgatus	10007776	CropsForProductionOfEdibleFruitsFromSoapberrytrees	94021200	Brick→Class
RambutantreesNepheliumLappaceum	10007135	CropsForProductionOfEdibleFruitsFromSoapberrytrees	94021200	Brick→Class
TavatreesPometiaPinnata	10007136	CropsForProductionOfEdibleFruitsFromSoapberrytrees	94021200	Brick→Class
AmericanGroundnutplantsApiosAmericana	10007207	CropsForProductionOfEdibleGroundnuts	94021700	Brick→Class
BambaraGroundnutplantsVignaSubterranea	10007208	CropsForProductionOfEdibleGroundnuts	94021700	Brick→Class
HausaGroundnutplantsMacrotylomaGeocarpum	10007209	CropsForProductionOfEdibleGroundnuts	94021700	Brick→Class
PeanutplantsArachisHypogaea	10007210	CropsForProductionOfEdibleGroundnuts	94021700	Brick→Class
FeijoatreesFeijoaSellowiana	10007114	CropsForProductionOfEdibleMyrtletreeFruits	94021000	Brick→Class
GuavetreesPsidiumGuajava	10007115	CropsForProductionOfEdibleMyrtletreeFruits	94021000	Brick→Class
JabuticabatreesMyrciariaCauliflora	10007116	CropsForProductionOfEdibleMyrtletreeFruits	94021000	Brick→Class
JambolantreesSyzygiumCumini	10007117	CropsForProductionOfEdibleMyrtletreeFruits	94021000	Brick→Class
JavaAppletreesSyzygiumSamarangense	10007118	CropsForProductionOfEdibleMyrtletreeFruits	94021000	Brick→Class
MaKiangtreesCleistocalyxOperculatusVar.Paniala	10007119	CropsForProductionOfEdibleMyrtletreeFruits	94021000	Brick→Class
MalayroseAppletreesSyzygiumMalaccense	10007120	CropsForProductionOfEdibleMyrtletreeFruits	94021000	Brick→Class
StrawberryGuavatreesPsidiumCattleianum	10007121	CropsForProductionOfEdibleMyrtletreeFruits	94021000	Brick→Class
WaterAppletreesSyzygiumAqueum	10007122	CropsForProductionOfEdibleMyrtletreeFruits	94021000	Brick→Class
AlmondtreesPrunusDulcisVar.Dulcis	10007187	CropsForProductionOfEdibleNuts	94021600	Brick→Class
BetelPalmsArecaPalmstreesArecaCatechu	10007188	CropsForProductionOfEdibleNuts	94021600	Brick→Class
BitterAlmondtreesPrunusDulcisVar.Amara	10007189	CropsForProductionOfEdibleNuts	94021600	Brick→Class
BraziltreesBertholletiaExcelsa	10007190	CropsForProductionOfEdibleNuts	94021600	Brick→Class
ButterOrSwarriNuttreesCaryocarNuciferum	10007191	CropsForProductionOfEdibleNuts	94021600	Brick→Class
CashewtreesAnacardiumOccidentale	10007192	CropsForProductionOfEdibleNuts	94021600	Brick→Class
ChestnuttreesCastaneaSativa	10007193	CropsForProductionOfEdibleNuts	94021600	Brick→Class
ChinquapintreesCastanopsis	10007194	CropsForProductionOfEdibleNuts	94021600	Brick→Class
HazeltreesCorylusAvellana	10007195	CropsForProductionOfEdibleNuts	94021600	Brick→Class
IndianAlmondtreesTerminaliaCatappa	10007196	CropsForProductionOfEdibleNuts	94021600	Brick→Class
JavaAlmondtreesCanariumIndicum	10007197	CropsForProductionOfEdibleNuts	94021600	Brick→Class
KolatreesColaAcuminata	10007198	CropsForProductionOfEdibleNuts	94021600	Brick→Class
MacadamiatreesMacadamiaTernifolia	10007199	CropsForProductionOfEdibleNuts	94021600	Brick→Class
MonkeypottreesLecythisOllaria	10007200	CropsForProductionOfEdibleNuts	94021600	Brick→Class
MozindatreesTreculiaAfricana	10007201	CropsForProductionOfEdibleNuts	94021600	Brick→Class
ParadiseOrSapucaiaNuttreesLecythisZabucajo	10007202	CropsForProductionOfEdibleNuts	94021600	Brick→Class
PecannuttreesCaryaIllinoinensis	10007203	CropsForProductionOfEdibleNuts	94021600	Brick→Class
PinetreesPinusPinea	10007204	CropsForProductionOfEdibleNuts	94021600	Brick→Class
PistacciotreesPistaciaVera	10007205	CropsForProductionOfEdibleNuts	94021600	Brick→Class
SheatreesVitellariaParadoxa	10007206	CropsForProductionOfEdibleNuts	94021600	Brick→Class
AmbarellatreesSpondiasDulcis	10007123	CropsForProductionOfEdibleSumacfruits	94021100	Brick→Class
ArgusPheasanttreesDracontomelonDao	10007124	CropsForProductionOfEdibleSumacfruits	94021100	Brick→Class
CajatreesSpondiasMombin	10007125	CropsForProductionOfEdibleSumacfruits	94021100	Brick→Class
GandariaMarianPlumtreesBoueaMacrophylla	10007126	CropsForProductionOfEdibleSumacfruits	94021100	Brick→Class
HorseMangotreesMangiferaFoetida	10007127	CropsForProductionOfEdibleSumacfruits	94021100	Brick→Class
KuwinitreesMangiferaOdorata	10007128	CropsForProductionOfEdibleSumacfruits	94021100	Brick→Class
MangotreesMangiferaIndica	10007129	CropsForProductionOfEdibleSumacfruits	94021100	Brick→Class
MarulatreesSclerocaryaBirrea	10007130	CropsForProductionOfEdibleSumacfruits	94021100	Brick→Class
PurpleMombriltreesSpondiasPurpurea	10007131	CropsForProductionOfEdibleSumacfruits	94021100	Brick→Class
UmbuBraziliaPlumtreesSpondiasTuberosa	10007790	CropsForProductionOfEdibleSumacfruits	94021100	Brick→Class
ApricottreesPrunusArmeniaca	10007093	CropsForProductionOfStonefruits	94020700	Brick→Class
DamsontreesPrunusDomesticaSsp.Insititia	10007094	CropsForProductionOfStonefruits	94020700	Brick→Class
GreengagetreesPrunusDomesticaSsp.Italica	10007095	CropsForProductionOfStonefruits	94020700	Brick→Class
NectarinetreesPrunusPersicaVarNucipersica	10007096	CropsForProductionOfStonefruits	94020700	Brick→Class
ParaguayotreesPrunusPersicaVar.Platycarpa	10007097	CropsForProductionOfStonefruits	94020700	Brick→Class
PeachtreesPrunusPersica	10007098	CropsForProductionOfStonefruits	94020700	Brick→Class
PlumtreesPrunusDomestica	10007099	CropsForProductionOfStonefruits	94020700	Brick→Class
PrunusInterspecificHybridtreesPrunusHybrids	10007100	CropsForProductionOfStonefruits	94020700	Brick→Class
SloetreesPrunusSpinosa	10007101	CropsForProductionOfStonefruits	94020700	Brick→Class
SourCherrietreesPrunusCerasus	10007102	CropsForProductionOfStonefruits	94020700	Brick→Class
SweetCherrietreesPrunusAvium	10007103	CropsForProductionOfStonefruits	94020700	Brick→Class
ElephantGarlicplantsAlliumAmpeloprasum	10006951	EdibleBulbCrops	94020400	Brick→Class
GarlicplantsAlliumSativum	10006957	EdibleBulbCrops	94020400	Brick→Class
KurratplantsAlliumKurrat	10006956	EdibleBulbCrops	94020400	Brick→Class
OnionplantsAlliumCepa	10006953	EdibleBulbCrops	94020400	Brick→Class
ScallionplantsAlliumCepaVar.Cepa	10006954	EdibleBulbCrops	94020400	Brick→Class
ShallotplantsAlliumAscalonicum	10006952	EdibleBulbCrops	94020400	Brick→Class
WelshOnionplantsAlliumFistulosum	10006955	EdibleBulbCrops	94020400	Brick→Class
BeechMushroomsFunghiHypsizygusTessellatus	10007714	EdibleFunghi	94022600	Brick→Class
CepFunghiBoletusEdulis	10007710	EdibleFunghi	94022600	Brick→Class
ChantarelleFunghiCantharellusCibarius	10007711	EdibleFunghi	94022600	Brick→Class
CommonMushroomFunghiAgaricus	10007709	EdibleFunghi	94022600	Brick→Class
EnokitakeFunghiFlammulinaVelutipes	10007712	EdibleFunghi	94022600	Brick→Class
EryngiiFunghiPleurotusEryngii	10007717	EdibleFunghi	94022600	Brick→Class
LinghziReishiFunghiGanodermaLucidum	10007713	EdibleFunghi	94022600	Brick→Class
MorelFunghiMorchellaEsculenta	10007716	EdibleFunghi	94022600	Brick→Class
OysterMushroomFunghiPleurotusOstreatus	10007718	EdibleFunghi	94022600	Brick→Class
ShiitakeMushroomFunghiLentinulaEdodes	10007715	EdibleFunghi	94022600	Brick→Class
TruffleFunghiTuberAestivum	10007719	EdibleFunghi	94022600	Brick→Class
WildMushroomFunghi	10007720	EdibleFunghi	94022600	Brick→Class
AlexandersplantsSmyrniumOlusatrum	10007813	EdibleHerbs	94023500	Brick→Class
AngelicaplantsAngelicaArchangelica	10007814	EdibleHerbs	94023500	Brick→Class
AniseplantsPimpinellaAnisum	10007815	EdibleHerbs	94023500	Brick→Class
AsiaticGinsengplantsPanax	10007816	EdibleHerbs	94023500	Brick→Class
BasilplantsBasilicumSpp.	10007817	EdibleHerbs	94023500	Brick→Class
BayleafplantsLaurusNobilis	10007818	EdibleHerbs	94023500	Brick→Class
BeeBalmplantsMonardaDidyma	10007819	EdibleHerbs	94023500	Brick→Class
BlessedMilkthistleplantsSilybumMarianum	10007820	EdibleHerbs	94023500	Brick→Class
BoldoplantsPeumusBoldus	10007821	EdibleHerbs	94023500	Brick→Class
BorageplantsBoragoOfficinalis	10007822	EdibleHerbs	94023500	Brick→Class
BurnetplantsSanguisorbaSpp.	10007823	EdibleHerbs	94023500	Brick→Class
CeleryplantsApiumGraveolens	10007824	EdibleHerbs	94023500	Brick→Class
ChervilplantsAnthriscusCerefolium	10007825	EdibleHerbs	94023500	Brick→Class
ChiveplantsAlliumSchoenoprasum	10007826	EdibleHerbs	94023500	Brick→Class
CilantroCorianderplantsCoriandrumSativum	10007827	EdibleHerbs	94023500	Brick→Class
CountryBorageMexicanMintplantsPlectranthusAmboinicus	10007828	EdibleHerbs	94023500	Brick→Class
DandelionplantsTaraxacum	10007829	EdibleHerbs	94023500	Brick→Class
DillplantsAnethumGraveolens	10007830	EdibleHerbs	94023500	Brick→Class
EdibleHerbsOther	10008388	EdibleHerbs	94023500	Brick→Class
FenugreekplantsTrigonellaFoenumGraecum	10007831	EdibleHerbs	94023500	Brick→Class
FingerrootplantsBoesenbergiaRotunda	10007832	EdibleHerbs	94023500	Brick→Class
GarlicChiveplantsAlliumTuberosum	10007833	EdibleHerbs	94023500	Brick→Class
GentianplantsGentianaSpp.	10007834	EdibleHerbs	94023500	Brick→Class
GuascaplantsGalinsogaParviflora	10007835	EdibleHerbs	94023500	Brick→Class
HyssopplantsHyssopusOfficinalis	10007836	EdibleHerbs	94023500	Brick→Class
IndianTobaccoplantsLobeliaInflata	10007837	EdibleHerbs	94023500	Brick→Class
JohnnyJumpplantsViolaTricolor	10007838	EdibleHerbs	94023500	Brick→Class
LemonBalmplantsMelissaOfficinalis	10007839	EdibleHerbs	94023500	Brick→Class
LemonVerbenaplantsAloysiaCitriodora	10007840	EdibleHerbs	94023500	Brick→Class
LemongrassCitronellaplantsCymbopogonCitratus	10007841	EdibleHerbs	94023500	Brick→Class
LovageplantsLevisticumOfficinale	10007842	EdibleHerbs	94023500	Brick→Class
MarjoramplantsOriganumMajorana	10007843	EdibleHerbs	94023500	Brick→Class
MeadowsweetplantsFilipendulaUlmaria	10007844	EdibleHerbs	94023500	Brick→Class
MintplantsMenthaSpp.	10007845	EdibleHerbs	94023500	Brick→Class
MugwortplantsArtemisiaVulgaris	10007846	EdibleHerbs	94023500	Brick→Class
NobleDendrobiumplantsDendrobiumNobile	10008387	EdibleHerbs	94023500	Brick→Class
OriganoplantsOriganumVulgare	10007847	EdibleHerbs	94023500	Brick→Class
ParsleyplantsPetroselinumCrispum	10007848	EdibleHerbs	94023500	Brick→Class
PerillaAndShisoplantsPerillaFrutescens	10007849	EdibleHerbs	94023500	Brick→Class
PotMarigoldplantsCalendulaOfficinalis	10007850	EdibleHerbs	94023500	Brick→Class
PurpleConeflowerplantsEchinaceaPurpurea	10007851	EdibleHerbs	94023500	Brick→Class
RamsonplantsAlliumUrsinum	10007852	EdibleHerbs	94023500	Brick→Class
RibwortPlantainplantsPlantagoLanceolata	10007853	EdibleHerbs	94023500	Brick→Class
RicePaddyHerbplantsLimnophilaAromatica	10007854	EdibleHerbs	94023500	Brick→Class
RosemaryplantsRosmarinusOfficinalis	10007855	EdibleHerbs	94023500	Brick→Class
RueplantsRutaGraveolens	10007856	EdibleHerbs	94023500	Brick→Class
SageplantsSalviaOfficinalis	10007857	EdibleHerbs	94023500	Brick→Class
SassafrasplantsSassafrasAlbidum	10007858	EdibleHerbs	94023500	Brick→Class
SavoryplantsSatureja	10007859	EdibleHerbs	94023500	Brick→Class
SourDockplantsRumexArcticus	10007860	EdibleHerbs	94023500	Brick→Class
SteviaplantsSteviaRebaudiana	10007861	EdibleHerbs	94023500	Brick→Class
SweetCicelyplantsMyrrhisOdorata	10007862	EdibleHerbs	94023500	Brick→Class
TarragonplantsArtemisiaDracunculus	10007863	EdibleHerbs	94023500	Brick→Class
ThymeplantsThymusVulgaris	10007864	EdibleHerbs	94023500	Brick→Class
WasibiplantsEutremaJaponicum	10007865	EdibleHerbs	94023500	Brick→Class
WormwoodplantsAbsinthArtemisiaAbsinthium	10007866	EdibleHerbs	94023500	Brick→Class
AdzukiBeanPlansplantsVignaAngularis	10007573	EdibleLegumeCrops	94022300	Brick→Class
AfricanLocustBeantreesParkiaBiglobosa	10007557	EdibleLegumeCrops	94022300	Brick→Class
AsianPigeonwingplantsClitoriaTernatea	10007550	EdibleLegumeCrops	94022300	Brick→Class
AsparagusPeaplantsTetragonolobusPurpureus	10007569	EdibleLegumeCrops	94022300	Brick→Class
BlackeyedPeaplantsVignaUnguiculata	10007576	EdibleLegumeCrops	94022300	Brick→Class
BroadBeanplantsViciaFabaVar.Major	10007572	EdibleLegumeCrops	94022300	Brick→Class
ChikpeaplantsCicerArietinum	10007549	EdibleLegumeCrops	94022300	Brick→Class
EarthnutPeaplantsLathyrusTuberosus	10007554	EdibleLegumeCrops	94022300	Brick→Class
FieldBeanplantsViciaFabaSubsp.Minor	10007570	EdibleLegumeCrops	94022300	Brick→Class
FieldPeaplantsPisumSativumSubsp.Arvense	10007565	EdibleLegumeCrops	94022300	Brick→Class
FrenchAndWaxbeanplantsPhaseolusVulgaris	10007562	EdibleLegumeCrops	94022300	Brick→Class
GardenPeaplantsPisumSativum	10007564	EdibleLegumeCrops	94022300	Brick→Class
GuarBeanplantsCyamopsisTetragonoloba	10007551	EdibleLegumeCrops	94022300	Brick→Class
HorseBeanplantsViciaFabaVar.Equina	10007571	EdibleLegumeCrops	94022300	Brick→Class
JackBeanplantsCanavaliaEnsiformis	10007547	EdibleLegumeCrops	94022300	Brick→Class
KidneyBeanplantsPhaseolusVulgaris	10007563	EdibleLegumeCrops	94022300	Brick→Class
LablabplantsLablabPurpureus	10007552	EdibleLegumeCrops	94022300	Brick→Class
LentilplantsLensCulinaris	10007555	EdibleLegumeCrops	94022300	Brick→Class
LimaBeanplantsPhaseolusLunatus	10007561	EdibleLegumeCrops	94022300	Brick→Class
MungBeanplantsVignaRadiata	10007574	EdibleLegumeCrops	94022300	Brick→Class
PetehBeantreesParkiaSpeciosa	10007558	EdibleLegumeCrops	94022300	Brick→Class
PigeonPeaplantsCajanusCajan	10007544	EdibleLegumeCrops	94022300	Brick→Class
RiceBeanplantsVignaUmbellata	10007575	EdibleLegumeCrops	94022300	Brick→Class
RunnerBeanplantsPhaseolusCoccineus	10007560	EdibleLegumeCrops	94022300	Brick→Class
SnowPeaplantsPisumSativumVar.Saccharatum	10007567	EdibleLegumeCrops	94022300	Brick→Class
SweetPeaplantsLathyrusOdoratus	10007553	EdibleLegumeCrops	94022300	Brick→Class
SwordBeanplantsCanavaliaGladiata	10007548	EdibleLegumeCrops	94022300	Brick→Class
TeparyBeanplantsPhaseolusAcutifolius	10007559	EdibleLegumeCrops	94022300	Brick→Class
VelvetBeanplantsMucunaPruriens	10007556	EdibleLegumeCrops	94022300	Brick→Class
WingedBeanplantsPsophocarpusTetragonolobus	10007568	EdibleLegumeCrops	94022300	Brick→Class
YardlongBeanplantsVignaUnguiculataSubsp.Sesquipedalis	10007577	EdibleLegumeCrops	94022300	Brick→Class
AppletreesMalusDomestica	10006944	EdiblePomefruitCrops	94020300	Brick→Class
CrabappletreesMalusSylvestris	10006945	EdiblePomefruitCrops	94020300	Brick→Class
HarbinpeartreesPyrusUssuriensis	10006950	EdiblePomefruitCrops	94020300	Brick→Class
JapaneseMedlartreesEriobotryaJaponica	10006943	EdiblePomefruitCrops	94020300	Brick→Class
MedlartreesMespilusGermanica	10006946	EdiblePomefruitCrops	94020300	Brick→Class
NashipeartreesPyrusPyrifolia	10006949	EdiblePomefruitCrops	94020300	Brick→Class
PeartreesPyrusCommunis	10006948	EdiblePomefruitCrops	94020300	Brick→Class
QuincetreesCydoniaOblonga	10006942	EdiblePomefruitCrops	94020300	Brick→Class
YaPeartreesPyrusBretschneideri	10006947	EdiblePomefruitCrops	94020300	Brick→Class
AfricanPeppertreesXylopiaAethiopica	10007867	EdibleSpices	94023600	Brick→Class
AjwainplantsTrachyspermumAmmi	10007868	EdibleSpices	94023600	Brick→Class
AllspicePimentplantsPimentaDioica	10007869	EdibleSpices	94023600	Brick→Class
AmargoshrubsQuassiaAmara	10007870	EdibleSpices	94023600	Brick→Class
AnnatoAchiotetreesBixaOrellana	10007871	EdibleSpices	94023600	Brick→Class
BlackCardamomtreesAmomumSubulatum	10007872	EdibleSpices	94023600	Brick→Class
BlackCuminplantsBuniumBulbocastanum	10007873	EdibleSpices	94023600	Brick→Class
BlackPeppervinesPiperNigrum	10007874	EdibleSpices	94023600	Brick→Class
BrazilianPeppertreesSchinusTerebinthifolia	10007875	EdibleSpices	94023600	Brick→Class
CaperBushshrubsCapparisSpinosa	10007876	EdibleSpices	94023600	Brick→Class
CarawayplantsCarumCarvi	10007877	EdibleSpices	94023600	Brick→Class
CassiatreesCinnamomumCassia	10007878	EdibleSpices	94023600	Brick→Class
ChameleonplantsHouttuyniaCordata	10007879	EdibleSpices	94023600	Brick→Class
CinnamontreesCinnamomumVerum	10007880	EdibleSpices	94023600	Brick→Class
ClovetreesSyzygiumAromaticum	10007881	EdibleSpices	94023600	Brick→Class
CubebplantsPiperCubeba	10007882	EdibleSpices	94023600	Brick→Class
CuminplantsCuminumCyminum	10007883	EdibleSpices	94023600	Brick→Class
CurryplantsMurrayaKoenigii	10007884	EdibleSpices	94023600	Brick→Class
EpazoteplantsChenopodiumAmbrosioides	10007885	EdibleSpices	94023600	Brick→Class
GalengaltreesAlpiniaGalanga	10007886	EdibleSpices	94023600	Brick→Class
GreenCardamomtreesElettariaCardamomum	10007887	EdibleSpices	94023600	Brick→Class
IndianLongpepperplantsPiperLongum	10007888	EdibleSpices	94023600	Brick→Class
IndonesianBayLeaftreesEugeniaPolyantha	10007889	EdibleSpices	94023600	Brick→Class
JunipertreesJuniperusCommunis	10007890	EdibleSpices	94023600	Brick→Class
KawakawaplantsPiperExcelsum	10007891	EdibleSpices	94023600	Brick→Class
LemonMyrtleplantsBackhousiaCitriodoria	10007892	EdibleSpices	94023600	Brick→Class
LicoricetreesGlycyrrhizaGlabra	10007893	EdibleSpices	94023600	Brick→Class
LongCorianderCulantroplantsEryngiumFoetidum	10007894	EdibleSpices	94023600	Brick→Class
MahlebtreesPrunusMahaleb	10007895	EdibleSpices	94023600	Brick→Class
MalaguettaPepperGrainsOfParadiseplantsAframomumMelegueta	10007896	EdibleSpices	94023600	Brick→Class
MexicanPepperleafplantsPiperAuritum	10007897	EdibleSpices	94023600	Brick→Class
MountainHoropitotreesPseudowinteraColorata	10007898	EdibleSpices	94023600	Brick→Class
MyrtleplantsMyrtus	10007899	EdibleSpices	94023600	Brick→Class
NigellaBlackCarawayplantsNigellaSativa	10007900	EdibleSpices	94023600	Brick→Class
NjangsatreesRicinodendronHeudelotii	10007901	EdibleSpices	94023600	Brick→Class
NutmegtreesMyristicaFragrans	10007902	EdibleSpices	94023600	Brick→Class
PandantreesPandanusUtilis	10007903	EdibleSpices	94023600	Brick→Class
PinkPeruvianPeppertreesSchinusMolle	10007904	EdibleSpices	94023600	Brick→Class
PoppyplantsPapaverSomniferum	10007905	EdibleSpices	94023600	Brick→Class
PotMajoramplantsOriganumOnites	10007906	EdibleSpices	94023600	Brick→Class
SaffronplantsCrocusSativus	10007907	EdibleSpices	94023600	Brick→Class
SalepplantsOrchisMilitaris	10007908	EdibleSpices	94023600	Brick→Class
SichuanPepperplantsZanthoxylum	10007909	EdibleSpices	94023600	Brick→Class
SouthernwoodshrubsArtemisiaAbrotanum	10007910	EdibleSpices	94023600	Brick→Class
StarAnisetreesIlliciumVerum	10007911	EdibleSpices	94023600	Brick→Class
SumactreesRhusCoriaria	10007912	EdibleSpices	94023600	Brick→Class
TasmanianPeppershrubsDrimysLanceolata	10007913	EdibleSpices	94023600	Brick→Class
TonkaBeanplantsDipteryxOdorata	10007914	EdibleSpices	94023600	Brick→Class
TurmericplantsCurcumaLonga	10007915	EdibleSpices	94023600	Brick→Class
VanillaplantsVanillaPlanifolia	10007916	EdibleSpices	94023600	Brick→Class
VietnameseCorianderplantsPersicariaOdorata	10007917	EdibleSpices	94023600	Brick→Class
VitextreesVitexAgnusCastus	10007918	EdibleSpices	94023600	Brick→Class
WaterpepperplantsPersicariaHydropiper	10007919	EdibleSpices	94023600	Brick→Class
ZedoaryplantsCurcumaZedoaria	10007920	EdibleSpices	94023600	Brick→Class
AjiplantsCapsicumBaccatum	10007730	FruitingVegetableCropsSolanaceae	94022700	Brick→Class
AntroewaplantsSolanumMacrocarpon	10007735	FruitingVegetableCropsSolanaceae	94022700	Brick→Class
AubergineplantsEggplantsSolanumMelongena	10007736	FruitingVegetableCropsSolanaceae	94022700	Brick→Class
BellPepperplantsCapsicumAnnuum	10007728	FruitingVegetableCropsSolanaceae	94022700	Brick→Class
CayennePeppertreesCapsicumAnnuum	10007729	FruitingVegetableCropsSolanaceae	94022700	Brick→Class
ChilipepperplantsCapsicumFrutescens	10007731	FruitingVegetableCropsSolanaceae	94022700	Brick→Class
GojiberrieplantsLyciumBarbarum	10007732	FruitingVegetableCropsSolanaceae	94022700	Brick→Class
LuloplantsSolanumQuitoense	10007738	FruitingVegetableCropsSolanaceae	94022700	Brick→Class
PepinoplantsSolanumMuricatum	10007737	FruitingVegetableCropsSolanaceae	94022700	Brick→Class
TomatilloplantsPhysalisPhiladelphica	10007733	FruitingVegetableCropsSolanaceae	94022700	Brick→Class
TomatoplantsSolanumLycopersicum	10007734	FruitingVegetableCropsSolanaceae	94022700	Brick→Class
WonderberrieplantsSolanumRetroflexum	10007739	FruitingVegetableCropsSolanaceae	94022700	Brick→Class
ArmenianCucumberplantsCucumisMeloVar.Flexuosus	10007745	FruitingVegetableCropsSquashAndGourds	94022800	Brick→Class
AshGourdplantsBenincasaHispida	10007740	FruitingVegetableCropsSquashAndGourds	94022800	Brick→Class
BitterMelonplantsMomordicaCharantia	10007757	FruitingVegetableCropsSquashAndGourds	94022800	Brick→Class
ButternutSquashplantsCucurbitaMoschata	10007754	FruitingVegetableCropsSquashAndGourds	94022800	Brick→Class
CalabashGourdplantsLagenariaSiceraria	10007755	FruitingVegetableCropsSquashAndGourds	94022800	Brick→Class
CantaloupeMelonplantsCucumisMeloVar.Cantaloupensis	10007743	FruitingVegetableCropsSquashAndGourds	94022800	Brick→Class
ChayoteGourdplantsSechiumEdule	10007758	FruitingVegetableCropsSquashAndGourds	94022800	Brick→Class
ConomonMelonplantsCucumisMeloVar.Conomon	10007744	FruitingVegetableCropsSquashAndGourds	94022800	Brick→Class
CucumberplantsCucumisSativus	10007749	FruitingVegetableCropsSquashAndGourds	94022800	Brick→Class
GiantPumpkinplantsCucurbitaMaxima	10007750	FruitingVegetableCropsSquashAndGourds	94022800	Brick→Class
HornedMelonplantsCucumisMetuliferus	10007748	FruitingVegetableCropsSquashAndGourds	94022800	Brick→Class
IvyGourdTindolaplantsCocciniaGrandis	10007742	FruitingVegetableCropsSquashAndGourds	94022800	Brick→Class
LuffaplantsLuffa	10007756	FruitingVegetableCropsSquashAndGourds	94022800	Brick→Class
MarrowCourgetteAndOtherCucurbitaPepoVarietiesCucurbitaPepo	10007752	FruitingVegetableCropsSquashAndGourds	94022800	Brick→Class
MuskmelonplantsCucumisMeloVar.Reticulatus	10007747	FruitingVegetableCropsSquashAndGourds	94022800	Brick→Class
PattypanSquashplantsCucurbitaMelopepo	10007753	FruitingVegetableCropsSquashAndGourds	94022800	Brick→Class
WatermelonplantsCitrullusLunatus	10007741	FruitingVegetableCropsSquashAndGourds	94022800	Brick→Class
WintermelonplantsCucumisMeloVar.Inodorus	10007746	FruitingVegetableCropsSquashAndGourds	94022800	Brick→Class
MelinjotreesGnetumGnemon	10007762	FruitingVegetablesOther	94022900	Brick→Class
MuskOkraplantsAbelmoschusMoschatus	10007761	FruitingVegetablesOther	94022900	Brick→Class
OkraplantsAbelmoschusEsculentus	10007759	FruitingVegetablesOther	94022900	Brick→Class
SweetcornplantsZeaMaysSubsp.Saccharata	10007763	FruitingVegetablesOther	94022900	Brick→Class
ChineseCabbageplantsBrassicaPekinensis	10007796	LeafVegetableCropsBrassicaceae	94023200	Brick→Class
ChoySumplantsBrassicaChinensisVar.Parachinensis	10007779	LeafVegetableCropsBrassicaceae	94023200	Brick→Class
CollardGreenplantsBrassicaOleraceaVar.Viridis	10007789	LeafVegetableCropsBrassicaceae	94023200	Brick→Class
CressplantsLepidiumSativum	10007797	LeafVegetableCropsBrassicaceae	94023200	Brick→Class
KomatsunaplantsBrassicaPerviridis	10007793	LeafVegetableCropsBrassicaceae	94023200	Brick→Class
LeafMustardSareptaplantsBrassicaJuncea	10007781	LeafVegetableCropsBrassicaceae	94023200	Brick→Class
MibunaplantsBrassicaRapaJaponica	10007794	LeafVegetableCropsBrassicaceae	94023200	Brick→Class
MizunaJapaneseMustardplantsBrassicaRapaSubsp.Nipposinica	10007795	LeafVegetableCropsBrassicaceae	94023200	Brick→Class
PakChoyplantsBrassicaChinensis	10007785	LeafVegetableCropsBrassicaceae	94023200	Brick→Class
RocketplantsErucaSativa	10007777	LeafVegetableCropsBrassicaceae	94023200	Brick→Class
TatsoiplantsBrassicaNarinosa	10007783	LeafVegetableCropsBrassicaceae	94023200	Brick→Class
WatercressplantsNasturtiumOfficinale	10007798	LeafVegetableCropsBrassicaceae	94023200	Brick→Class
BelgianEndiveWitloofplantsCichoriumIntybusVar.Foliosum	10007769	LeafVegetableCropsCichoryplants	94023000	Brick→Class
EndiveplantsCichoriumEndivia	10007764	LeafVegetableCropsCichoryplants	94023000	Brick→Class
PuntarelleplantsCichoriumIntybusGr.Catalugna	10007770	LeafVegetableCropsCichoryplants	94023000	Brick→Class
RadicchioRossoplantsCichoriumIntybusVar.Foliosum	10007765	LeafVegetableCropsCichoryplants	94023000	Brick→Class
RootChicoryplantsCichoriumIntybusVar.Sativum	10007767	LeafVegetableCropsCichoryplants	94023000	Brick→Class
SugarloafplantsCichoriumIntybusVar.Foliosum	10007766	LeafVegetableCropsCichoryplants	94023000	Brick→Class
CeltuceplantsLactucaSativaVar.Angustana	10007775	LeafVegetableCropsLettuceplants	94023100	Brick→Class
HeadLettuceplantsLactucaSativaVar.Capitata	10007771	LeafVegetableCropsLettuceplants	94023100	Brick→Class
LeafLettuceplantsLactucaSativaVar.Crispa	10007773	LeafVegetableCropsLettuceplants	94023100	Brick→Class
RomaineCosLettuceplantsLactucaSativaVar.Romana	10007772	LeafVegetableCropsLettuceplants	94023100	Brick→Class
ChayatreesCnidoscolusAconitifolius	10007803	LeafVegetableCropsOther	94023400	Brick→Class
LambsLettuceplantsValerianellaLocusta	10007804	LeafVegetableCropsOther	94023400	Brick→Class
LeekplantsAlliumPorrum	10007809	LeafVegetableCropsOther	94023400	Brick→Class
NewZealandSpinachplantsTetragoniaTetragonioides	10007808	LeafVegetableCropsOther	94023400	Brick→Class
OngChoyKangkungplantsIpomoeaAquatica	10007805	LeafVegetableCropsOther	94023400	Brick→Class
PurslaneplantsPortulacaOleracea	10007806	LeafVegetableCropsOther	94023400	Brick→Class
SorrelDockplantsRumexAcetosa	10007807	LeafVegetableCropsOther	94023400	Brick→Class
AmaranthplantsAmaranthus	10007799	LeafVegetableCropsSpinachtype	94023300	Brick→Class
ChardplantsBetaVulgarisSubsp.VulgarisVar.Cicla	10007801	LeafVegetableCropsSpinachtype	94023300	Brick→Class
OracheplantsAtriplex	10007800	LeafVegetableCropsSpinachtype	94023300	Brick→Class
SpinachplantsSpinaciaOleracea	10007802	LeafVegetableCropsSpinachtype	94023300	Brick→Class
ArtichokeplantsCynaraScolymus	10007657	StemVegetables	94022400	Brick→Class
AsparagusplantsAsparagusOfficinalis	10007651	StemVegetables	94022400	Brick→Class
CardoonplantsCynaraCardunculus	10007655	StemVegetables	94022400	Brick→Class
FennelplantsFoeniculumVulgare	10007658	StemVegetables	94022400	Brick→Class
IceplantMesembryanthemumCrystallinum	10007653	StemVegetables	94022400	Brick→Class
KohlrabiplantsBrassicaOleraceaVar.Gongylodes	10007654	StemVegetables	94022400	Brick→Class
RhubarbplantsRheumRhaponticum	10007660	StemVegetables	94022400	Brick→Class
SagoPalmtreesMetroxylonSpp.	10007659	StemVegetables	94022400	Brick→Class
SugarCaneplantsSaccharumOfficinarum	10007307	SugarCrops	94022000	Brick→Class
SugarMapletreesAcerSaccharum	10007304	SugarCrops	94022000	Brick→Class
SugarPalmtreesArengaSaccharifera	10007305	SugarCrops	94022000	Brick→Class
SugarbeetplantsBetaVulgarisSubsp.vulgarisVar.Altissima	10007306	SugarCrops	94022000	Brick→Class
SweetSorghumplantsSorghumSaccharatum	10007308	SugarCrops	94022000	Brick→Class
AfricanYamBeanplantsSphenostylisStenocarpa	10007703	VegetableCropsEdibleRootsTubersAndRhizomes	94022500	Brick→Class
AirpotatoeplantsDioscoreaBulbifera	10007683	VegetableCropsEdibleRootsTubersAndRhizomes	94022500	Brick→Class
AjipoplantsPachyrhizusTuberosus	10007694	VegetableCropsEdibleRootsTubersAndRhizomes	94022500	Brick→Class
ArracachaplantsArracaciaXanthorrhiza	10007672	VegetableCropsEdibleRootsTubersAndRhizomes	94022500	Brick→Class
ArrowrootplantsMarantaArundinacea	10007690	VegetableCropsEdibleRootsTubersAndRhizomes	94022500	Brick→Class
CarrotplantsDaucusCarota	10007678	VegetableCropsEdibleRootsTubersAndRhizomes	94022500	Brick→Class
CassaveplantsManihotEsculenta	10007689	VegetableCropsEdibleRootsTubersAndRhizomes	94022500	Brick→Class
CeleryPlantsApiumGraveolens	10007668	VegetableCropsEdibleRootsTubersAndRhizomes	94022500	Brick→Class
CommonRadishplantsRaphanusSativus	10007696	VegetableCropsEdibleRootsTubersAndRhizomes	94022500	Brick→Class
DaikonplantsRaphanusSativusVar.Longipinnatus	10007697	VegetableCropsEdibleRootsTubersAndRhizomes	94022500	Brick→Class
EddoplantsColocasiaAntiquorum	10007674	VegetableCropsEdibleRootsTubersAndRhizomes	94022500	Brick→Class
GiantTaroplantsAlocasiaMacrorrhizos	10007665	VegetableCropsEdibleRootsTubersAndRhizomes	94022500	Brick→Class
GingerplantsZingiberOfficinale	10007708	VegetableCropsEdibleRootsTubersAndRhizomes	94022500	Brick→Class
GoboRootBurdockplantsArctiumLappa	10007670	VegetableCropsEdibleRootsTubersAndRhizomes	94022500	Brick→Class
JerusalemArtichokeplantsHelianthusTuberosus	10007687	VegetableCropsEdibleRootsTubersAndRhizomes	94022500	Brick→Class
JicamaBeanplantsPachyrhizusErosus	10007693	VegetableCropsEdibleRootsTubersAndRhizomes	94022500	Brick→Class
KonjacplantsAmorphophallusKonjac	10007667	VegetableCropsEdibleRootsTubersAndRhizomes	94022500	Brick→Class
LotusrootplantsNelumboNucifera	10007691	VegetableCropsEdibleRootsTubersAndRhizomes	94022500	Brick→Class
MashuaplantsTropaeolumTuberosum	10007705	VegetableCropsEdibleRootsTubersAndRhizomes	94022500	Brick→Class
NameMapueyplantsDioscoreaTrifida	10007684	VegetableCropsEdibleRootsTubersAndRhizomes	94022500	Brick→Class
OcaplantsOxalisTuberosa	10007692	VegetableCropsEdibleRootsTubersAndRhizomes	94022500	Brick→Class
ParsnipplantsPastinacaSativa	10007695	VegetableCropsEdibleRootsTubersAndRhizomes	94022500	Brick→Class
PotatoeplantsSolanumTuberosum	10007702	VegetableCropsEdibleRootsTubersAndRhizomes	94022500	Brick→Class
RedBeetBeetrootplantsBetaVulgarisSubsp.VulgarisVar.Conditiva	10007673	VegetableCropsEdibleRootsTubersAndRhizomes	94022500	Brick→Class
SalsifyOysterplantsTragopogonPorrifolius	10007704	VegetableCropsEdibleRootsTubersAndRhizomes	94022500	Brick→Class
ScorzoneraplantsScorzoneraHispanica	10007699	VegetableCropsEdibleRootsTubersAndRhizomes	94022500	Brick→Class
SkirretplantsSiumSisarum	10007700	VegetableCropsEdibleRootsTubersAndRhizomes	94022500	Brick→Class
SweetPotatoeplantsIpomoeaBatatas	10007688	VegetableCropsEdibleRootsTubersAndRhizomes	94022500	Brick→Class
TanniaplantsXanthosomaSagittifolium	10007707	VegetableCropsEdibleRootsTubersAndRhizomes	94022500	Brick→Class
TaroplantsColocasiaEsculenta	10007675	VegetableCropsEdibleRootsTubersAndRhizomes	94022500	Brick→Class
TigernutsedgeCyperusEsculentus	10007677	VegetableCropsEdibleRootsTubersAndRhizomes	94022500	Brick→Class
UbeplantsDioscoreaAlata	10007681	VegetableCropsEdibleRootsTubersAndRhizomes	94022500	Brick→Class
UllucusplantsUllucusTuberosus	10007706	VegetableCropsEdibleRootsTubersAndRhizomes	94022500	Brick→Class
WaterChestnutplantsEleocharisDulcis	10007685	VegetableCropsEdibleRootsTubersAndRhizomes	94022500	Brick→Class
WinterRadishplantsRaphanusSativusVar.Niger	10007698	VegetableCropsEdibleRootsTubersAndRhizomes	94022500	Brick→Class
YaconplantsSmallanthusSonchifolius	10007701	VegetableCropsEdibleRootsTubersAndRhizomes	94022500	Brick→Class
YamplantsDioscoreaEsculenta	10007680	VegetableCropsEdibleRootsTubersAndRhizomes	94022500	Brick→Class
AfricanOilPalmstreesElaeisGuineensis	10007313	VegetableOilSeedCrops	94022100	Brick→Class
AmericanOilPalmstreesElaeisOleifera	10007314	VegetableOilSeedCrops	94022100	Brick→Class
BabussaPalmtreesAttaleaSpeciosa	10007309	VegetableOilSeedCrops	94022100	Brick→Class
CanolaRapeseedplantsBrassicaNapus	10007310	VegetableOilSeedCrops	94022100	Brick→Class
CommonSesameplantsSesamumIndicum	10007318	VegetableOilSeedCrops	94022100	Brick→Class
FlaxplantsForOilLinumUsitatissimum	10007316	VegetableOilSeedCrops	94022100	Brick→Class
OlivetreesOleaEuropea	10007317	VegetableOilSeedCrops	94022100	Brick→Class
SafflowerplantsCarthamusTinctorius	10007311	VegetableOilSeedCrops	94022100	Brick→Class
SoyBeanplantsGlycineMax	10007312	VegetableOilSeedCrops	94022100	Brick→Class
SunflowerplantsHelianthusAnnuus	10007315	VegetableOilSeedCrops	94022100	Brick→Class
AsafoetidaPlantsFerulaAssaFoetida	10006905	CropsForLatexProductionLatexCrops	94010200	Brick→Class
GuayulePlantsPartheniumArgentatum	10006907	CropsForLatexProductionLatexCrops	94010200	Brick→Class
GuttaPerchaTreesPalaquiumSp.	10006906	CropsForLatexProductionLatexCrops	94010200	Brick→Class
RubbertreesHeveaBrasiliensis	10006892	CropsForLatexProductionLatexCrops	94010200	Brick→Class
RussianDandelionPlantsTaraxacumKokSaghyz	10006908	CropsForLatexProductionLatexCrops	94010200	Brick→Class
AraminaFiberplantsMusaTextilis	10006888	CropsForNaturalFibreAndResinsProductionFibreCrops	94010100	Brick→Class
BambooshrubsBambuseae	10006877	CropsForNaturalFibreAndResinsProductionFibreCrops	94010100	Brick→Class
ChinaJuteplantsAbutilonAvicennae	10006868	CropsForNaturalFibreAndResinsProductionFibreCrops	94010100	Brick→Class
CongoJutePlantsUrenaLobata	10006890	CropsForNaturalFibreAndResinsProductionFibreCrops	94010100	Brick→Class
CottonplantsGossypiumHirsutum	10006884	CropsForNaturalFibreAndResinsProductionFibreCrops	94010100	Brick→Class
FlaxplantsLinumUsitatissimum	10006887	CropsForNaturalFibreAndResinsProductionFibreCrops	94010100	Brick→Class
HempplantsCannabisSativa	10006880	CropsForNaturalFibreAndResinsProductionFibreCrops	94010100	Brick→Class
HenequenPlantsAgaveFourcroydes	10006872	CropsForNaturalFibreAndResinsProductionFibreCrops	94010100	Brick→Class
IndianFlaxplantsAbromaAugustum	10006867	CropsForNaturalFibreAndResinsProductionFibreCrops	94010100	Brick→Class
IxtleOrTampicoPlantsAgaveLecheguilla	10006873	CropsForNaturalFibreAndResinsProductionFibreCrops	94010100	Brick→Class
JuteshrubsCorchorus	10006882	CropsForNaturalFibreAndResinsProductionFibreCrops	94010100	Brick→Class
KapoktreesCeibaPentandra	10006881	CropsForNaturalFibreAndResinsProductionFibreCrops	94010100	Brick→Class
KenafplantsHibiscusCannabinus	10006885	CropsForNaturalFibreAndResinsProductionFibreCrops	94010100	Brick→Class
KyenkyenUpastreesAntiarisAfricana	10006876	CropsForNaturalFibreAndResinsProductionFibreCrops	94010100	Brick→Class
MagueyPlantsAgaveCantala	10006870	CropsForNaturalFibreAndResinsProductionFibreCrops	94010100	Brick→Class
MauritianHempplantsFurcraeaFoetida	10006871	CropsForNaturalFibreAndResinsProductionFibreCrops	94010100	Brick→Class
NettleplantsUrticaDioica	10006891	CropsForNaturalFibreAndResinsProductionFibreCrops	94010100	Brick→Class
OtherAgaveHempPlantsAgaveLetonae	10006874	CropsForNaturalFibreAndResinsProductionFibreCrops	94010100	Brick→Class
PitaPlantsAgaveAmericana	10006869	CropsForNaturalFibreAndResinsProductionFibreCrops	94010100	Brick→Class
RaffiaPalmtreesRaphiaFarinifera	10006889	CropsForNaturalFibreAndResinsProductionFibreCrops	94010100	Brick→Class
RamieplantsBoehmeriaNivea	10006878	CropsForNaturalFibreAndResinsProductionFibreCrops	94010100	Brick→Class
RattanPalmtreesCalamusRotang	10006879	CropsForNaturalFibreAndResinsProductionFibreCrops	94010100	Brick→Class
RoselleHempplantsHibiscusSabdariffaVar.Altissima	10006886	CropsForNaturalFibreAndResinsProductionFibreCrops	94010100	Brick→Class
SeaIslandCottonPlantsGossypiumBarbadense	10006883	CropsForNaturalFibreAndResinsProductionFibreCrops	94010100	Brick→Class
SisalplantsAgaveSisalane	10006875	CropsForNaturalFibreAndResinsProductionFibreCrops	94010100	Brick→Class
AfricanBirchtreesAnogeissusLeiocarpa	10007335	CropsForProductionOfNaturalPigmentsResinsAndWaxes	94010300	Brick→Class
AfricanMarigoldplantsTagetesErecta	10007334	CropsForProductionOfNaturalPigmentsResinsAndWaxes	94010300	Brick→Class
AgarwoodTreesAquilariaMalaccensis	10006909	CropsForProductionOfNaturalPigmentsResinsAndWaxes	94010300	Brick→Class
ArabicGumTreesAcaciaSenegal	10006910	CropsForProductionOfNaturalPigmentsResinsAndWaxes	94010300	Brick→Class
BalsamFirTreesAbiesBalsamea	10006911	CropsForProductionOfNaturalPigmentsResinsAndWaxes	94010300	Brick→Class
Dyer'sBroomShrubsGenistaTinctoria	10006913	CropsForProductionOfNaturalPigmentsResinsAndWaxes	94010300	Brick→Class
GalbanumPlantsFerulaGummosa	10006914	CropsForProductionOfNaturalPigmentsResinsAndWaxes	94010300	Brick→Class
HennaTreesLawsoniaInermis	10006915	CropsForProductionOfNaturalPigmentsResinsAndWaxes	94010300	Brick→Class
IndigoPlantsIndigoferaTinctoria	10006916	CropsForProductionOfNaturalPigmentsResinsAndWaxes	94010300	Brick→Class
KamalaTreesMallotusPhilippensis	10006917	CropsForProductionOfNaturalPigmentsResinsAndWaxes	94010300	Brick→Class
LabdanumTreesCistusLadanifer	10006918	CropsForProductionOfNaturalPigmentsResinsAndWaxes	94010300	Brick→Class
MadderPlantsRubiaTinctorum	10006919	CropsForProductionOfNaturalPigmentsResinsAndWaxes	94010300	Brick→Class
MasticShrubsPistaciaLentiscus	10006920	CropsForProductionOfNaturalPigmentsResinsAndWaxes	94010300	Brick→Class
OlibanumTreesBoswelia	10006924	CropsForProductionOfNaturalPigmentsResinsAndWaxes	94010300	Brick→Class
PeruBalsamTreesMyroxylonBalsamum	10006921	CropsForProductionOfNaturalPigmentsResinsAndWaxes	94010300	Brick→Class
SenegalRosewoodTreesPterocarpusErinaceus	10006922	CropsForProductionOfNaturalPigmentsResinsAndWaxes	94010300	Brick→Class
StyraxTreesStyraxBenzoin	10006923	CropsForProductionOfNaturalPigmentsResinsAndWaxes	94010300	Brick→Class
TaraplantsCaesalpiniaSpinosa	10007333	CropsForProductionOfNaturalPigmentsResinsAndWaxes	94010300	Brick→Class
TurpentineTreesPistaciaTerebinthus	10006925	CropsForProductionOfNaturalPigmentsResinsAndWaxes	94010300	Brick→Class
WaxPalmTreesCeroxylonQuindiuense	10006926	CropsForProductionOfNaturalPigmentsResinsAndWaxes	94010300	Brick→Class
AfricanLaburnumplantsCassiaSieberiana	10007444	NonToxicPlantsForMedicinesAndEssentialOils	94010700	Brick→Class
AfricanWormwoodshrubsArtemisiaAfra	10007427	NonToxicPlantsForMedicinesAndEssentialOils	94010700	Brick→Class
AmmishrubsAmmi	10007425	NonToxicPlantsForMedicinesAndEssentialOils	94010700	Brick→Class
ArborVitaetreesThujaOccidentalis	10007486	NonToxicPlantsForMedicinesAndEssentialOils	94010700	Brick→Class
AsarabaccaplantsAsarumEuropaeum	10007432	NonToxicPlantsForMedicinesAndEssentialOils	94010700	Brick→Class
BeardLichenUsnea	10007487	NonToxicPlantsForMedicinesAndEssentialOils	94010700	Brick→Class
BoroniashrubsBoronia	10007436	NonToxicPlantsForMedicinesAndEssentialOils	94010700	Brick→Class
BuchutreesAgathosma	10007424	NonToxicPlantsForMedicinesAndEssentialOils	94010700	Brick→Class
CabreuvaplantsMyrocarpusFrondosus	10007471	NonToxicPlantsForMedicinesAndEssentialOils	94010700	Brick→Class
CalamintplantsClinopodiumNepeta	10007450	NonToxicPlantsForMedicinesAndEssentialOils	94010700	Brick→Class
CamphorTreesCinnamomumCamphora	10007447	NonToxicPlantsForMedicinesAndEssentialOils	94010700	Brick→Class
CanangaYlangYlangtreesCanangaOdorata	10007491	NonToxicPlantsForMedicinesAndEssentialOils	94010700	Brick→Class
CandytuftplantsIberis	10007464	NonToxicPlantsForMedicinesAndEssentialOils	94010700	Brick→Class
CastorOilPlantsRicinusCommunis	10007478	NonToxicPlantsForMedicinesAndEssentialOils	94010700	Brick→Class
CocaplantsErythroxylumCoca	10007457	NonToxicPlantsForMedicinesAndEssentialOils	94010700	Brick→Class
ColocynthplantsCitrullusColocynthis	10007448	NonToxicPlantsForMedicinesAndEssentialOils	94010700	Brick→Class
CopaibaDieseltreesCopaiferaLangsdorffii	10007452	NonToxicPlantsForMedicinesAndEssentialOils	94010700	Brick→Class
CostmaryplantsTanacetumBalsamita	10007500	NonToxicPlantsForMedicinesAndEssentialOils	94010700	Brick→Class
CurryplantsHelichrysumItalicum	10007460	NonToxicPlantsForMedicinesAndEssentialOils	94010700	Brick→Class
DamaskRoseplantsRosa×Damascena	10007479	NonToxicPlantsForMedicinesAndEssentialOils	94010700	Brick→Class
EpazoteplantsDysphaniaAmbrosioides	10007456	NonToxicPlantsForMedicinesAndEssentialOils	94010700	Brick→Class
EucalyptustreesEucalyptusSp.	10007493	NonToxicPlantsForMedicinesAndEssentialOils	94010700	Brick→Class
EveningPrimroseplantsOenotheraFruticosa	10007472	NonToxicPlantsForMedicinesAndEssentialOils	94010700	Brick→Class
FraxinellaplantsDictamnusAlbus	10007454	NonToxicPlantsForMedicinesAndEssentialOils	94010700	Brick→Class
GinkgoBilobaplantsGinkgoBiloba	10007459	NonToxicPlantsForMedicinesAndEssentialOils	94010700	Brick→Class
GoldenrodplantsSolidago	10007483	NonToxicPlantsForMedicinesAndEssentialOils	94010700	Brick→Class
GypsywortplantsLycopusEuropaeus	10007470	NonToxicPlantsForMedicinesAndEssentialOils	94010700	Brick→Class
HenbaneBellplantsScopoliaCarniolica	10007480	NonToxicPlantsForMedicinesAndEssentialOils	94010700	Brick→Class
IpecactreesCarapicheaIpecacuanha	10007442	NonToxicPlantsForMedicinesAndEssentialOils	94010700	Brick→Class
JalapplantsIpomoeaPurga	10007465	NonToxicPlantsForMedicinesAndEssentialOils	94010700	Brick→Class
JojobaplantsSimmondsiaChinensis	10007481	NonToxicPlantsForMedicinesAndEssentialOils	94010700	Brick→Class
KanukashrubsKunzea	10007468	NonToxicPlantsForMedicinesAndEssentialOils	94010700	Brick→Class
KinatreesForMedicinesCinchona	10007446	NonToxicPlantsForMedicinesAndEssentialOils	94010700	Brick→Class
LavenderplantsLavandulaAngustifolia	10007494	NonToxicPlantsForMedicinesAndEssentialOils	94010700	Brick→Class
MalefernsDryopterisFilixMas	10007455	NonToxicPlantsForMedicinesAndEssentialOils	94010700	Brick→Class
MayChangtreesLitseaCubeba	10007495	NonToxicPlantsForMedicinesAndEssentialOils	94010700	Brick→Class
MilkvetchplantsAstragalus	10007433	NonToxicPlantsForMedicinesAndEssentialOils	94010700	Brick→Class
NardusplantsNardostachysJatamansi	10007497	NonToxicPlantsForMedicinesAndEssentialOils	94010700	Brick→Class
OakmossEverniaPrunastri	10007458	NonToxicPlantsForMedicinesAndEssentialOils	94010700	Brick→Class
PaperbarkTeatreesMelaleucaSp.	10007496	NonToxicPlantsForMedicinesAndEssentialOils	94010700	Brick→Class
ParacressplantsAcmellaOleracea	10007422	NonToxicPlantsForMedicinesAndEssentialOils	94010700	Brick→Class
PatchoulishrubsPogostemonCablin	10007498	NonToxicPlantsForMedicinesAndEssentialOils	94010700	Brick→Class
Pheasant'sEyeplantsAdonisVernalis	10007423	NonToxicPlantsForMedicinesAndEssentialOils	94010700	Brick→Class
PsylliumplantsPlantagoOvata	10007475	NonToxicPlantsForMedicinesAndEssentialOils	94010700	Brick→Class
PurgingCrotonplantsCrotonTiglium	10007453	NonToxicPlantsForMedicinesAndEssentialOils	94010700	Brick→Class
RavensaretreesRavensaraAromatica	10007499	NonToxicPlantsForMedicinesAndEssentialOils	94010700	Brick→Class
RedCedartreesJuniperusVirginiana	10007467	NonToxicPlantsForMedicinesAndEssentialOils	94010700	Brick→Class
RomanChamomileplantsChamaemelumNobile	10007445	NonToxicPlantsForMedicinesAndEssentialOils	94010700	Brick→Class
SantonicashrubsArtemisiaCina	10007430	NonToxicPlantsForMedicinesAndEssentialOils	94010700	Brick→Class
SarsaparillaplantsSmilax	10007482	NonToxicPlantsForMedicinesAndEssentialOils	94010700	Brick→Class
SavinshrubsJuniperusSabina	10007466	NonToxicPlantsForMedicinesAndEssentialOils	94010700	Brick→Class
SeaWormwoodplantsArtemisiaMaritima	10007431	NonToxicPlantsForMedicinesAndEssentialOils	94010700	Brick→Class
SenegalRosewoodtreesPterocarpusErinaceus	10007476	NonToxicPlantsForMedicinesAndEssentialOils	94010700	Brick→Class
SerpentineWoodplantsRauvolfiaSerpentina	10007477	NonToxicPlantsForMedicinesAndEssentialOils	94010700	Brick→Class
StJohn'sWortplantsHypericumPerforatum	10007461	NonToxicPlantsForMedicinesAndEssentialOils	94010700	Brick→Class
SweetWormwoodplantsArtemisiaAnnua	10007428	NonToxicPlantsForMedicinesAndEssentialOils	94010700	Brick→Class
SyrianBindweedplantsConvolvulusScammonia	10007451	NonToxicPlantsForMedicinesAndEssentialOils	94010700	Brick→Class
SyrianRueshrubsPeganumHarmala	10007474	NonToxicPlantsForMedicinesAndEssentialOils	94010700	Brick→Class
TarwiplantsLupinusMutabilis	10007469	NonToxicPlantsForMedicinesAndEssentialOils	94010700	Brick→Class
TreeWormwoodtreesArtemisiaArborescens	10007429	NonToxicPlantsForMedicinesAndEssentialOils	94010700	Brick→Class
UdjongAtuptreesBaeckeaFrutescens	10007434	NonToxicPlantsForMedicinesAndEssentialOils	94010700	Brick→Class
ValerianplantsValerianaOfficinalis	10007488	NonToxicPlantsForMedicinesAndEssentialOils	94010700	Brick→Class
VanillaleafplantsAchlysTriphylla	10007421	NonToxicPlantsForMedicinesAndEssentialOils	94010700	Brick→Class
VerawoodtreesBulnesiaSarmientoi	10007440	NonToxicPlantsForMedicinesAndEssentialOils	94010700	Brick→Class
VerbenaplantsVerbena	10007489	NonToxicPlantsForMedicinesAndEssentialOils	94010700	Brick→Class
VetivergrassChrysopogonZizanioides	10007492	NonToxicPlantsForMedicinesAndEssentialOils	94010700	Brick→Class
WhiteBryonyplantsBryoniaAlba	10007438	NonToxicPlantsForMedicinesAndEssentialOils	94010700	Brick→Class
WildGarmanderplantsTeucriumChamaedrys	10007485	NonToxicPlantsForMedicinesAndEssentialOils	94010700	Brick→Class
Wolf'sBaneplantsArnicaMontana	10007426	NonToxicPlantsForMedicinesAndEssentialOils	94010700	Brick→Class
YarrowplantsAchilleaMillefolium	10007420	NonToxicPlantsForMedicinesAndEssentialOils	94010700	Brick→Class
YohimbetreesPausinystaliaJohimbe	10007473	NonToxicPlantsForMedicinesAndEssentialOils	94010700	Brick→Class
YuccaplantsYucca	10007490	NonToxicPlantsForMedicinesAndEssentialOils	94010700	Brick→Class
AutumnCrocusplantsColchicumAutumnale	10007505	ToxicPlantForMedicines	94010800	Brick→Class
BelladonnaplantsAtropaBelladonna	10007503	ToxicPlantForMedicines	94010800	Brick→Class
BittersweetshrubsSolanumDulcamara	10007514	ToxicPlantForMedicines	94010800	Brick→Class
BlackNightshadeplantsSolanumNigrum	10007515	ToxicPlantForMedicines	94010800	Brick→Class
BloodrootplantsSanguinariaCanadensis	10007513	ToxicPlantForMedicines	94010800	Brick→Class
BrackenplantsPteridiumAquilinum	10007512	ToxicPlantForMedicines	94010800	Brick→Class
CalamusplantsAcorusCalamus	10007502	ToxicPlantForMedicines	94010800	Brick→Class
DaturaweedDatura	10007507	ToxicPlantForMedicines	94010800	Brick→Class
DrimiaMaritimaplantsUrgineaMaritima	10007519	ToxicPlantForMedicines	94010800	Brick→Class
ErgotFunghiClavicepsPurpurea	10007504	ToxicPlantForMedicines	94010800	Brick→Class
FoxgloveplantsDigitalisPurpurea	10007508	ToxicPlantForMedicines	94010800	Brick→Class
HenbaneplantsHyoscyamusNiger	10007509	ToxicPlantForMedicines	94010800	Brick→Class
KombeArrowPoisonvinesStrophantusKombe	10007516	ToxicPlantForMedicines	94010800	Brick→Class
LilyOfTheValleyplantsConvallariaMajalis	10007506	ToxicPlantForMedicines	94010800	Brick→Class
MandrakeplantsMandragoraOfficinarum	10007510	ToxicPlantForMedicines	94010800	Brick→Class
MayappleplantsPodophyllumPeltatum	10007511	ToxicPlantForMedicines	94010800	Brick→Class
MonkshoodplantsAconitum	10007501	ToxicPlantForMedicines	94010800	Brick→Class
PeriwinkleplantsVinca	10007520	ToxicPlantForMedicines	94010800	Brick→Class
StrychninetreesStrychnosNuxVomica	10007517	ToxicPlantForMedicines	94010800	Brick→Class
TansyplantsTanacetumVulgare	10007518	ToxicPlantForMedicines	94010800	Brick→Class
BlackMustardplantsBrassicaNigra	10007338	CrucifeiraFeedCrops	94030200	Brick→Class
CharlockplantsSinapisArvensis	10007340	CrucifeiraFeedCrops	94030200	Brick→Class
FalseFlaxplantsCamelinaSativa	10007339	CrucifeiraFeedCrops	94030200	Brick→Class
FodderbeetplantsBetaVulgarisSubsp.VulgarisVar.Crassa	10007337	CrucifeiraFeedCrops	94030200	Brick→Class
WhiteMustardplantsSinapsisAlba	10007341	CrucifeiraFeedCrops	94030200	Brick→Class
YellowRocketplantsBarbareaVulgaris	10007336	CrucifeiraFeedCrops	94030200	Brick→Class
AlangAlangImperataCylindrica	10007619	GraminoidsGrasses	94030100	Brick→Class
AmericanBeachgrassAmmophilaBreviligulata	10007326	GraminoidsGrasses	94030100	Brick→Class
AmericanDuneGrassLeymusSpp.	10007622	GraminoidsGrasses	94030100	Brick→Class
AnthephoraAnthephoraSpp.	10007328	GraminoidsGrasses	94030100	Brick→Class
BahiaGrassPaspalumNotatum	10007635	GraminoidsGrasses	94030100	Brick→Class
BambooDendrocalamusStrictus	10007537	GraminoidsGrasses	94030100	Brick→Class
BeardgrassAndropogonSpp.	10007327	GraminoidsGrasses	94030100	Brick→Class
BentgrassAgrostisSpp.	10007324	GraminoidsGrasses	94030100	Brick→Class
BermudaGrassCynodonDactylon	10007449	GraminoidsGrasses	94030100	Brick→Class
BluegrassDichanthiumSpp.	10007538	GraminoidsGrasses	94030100	Brick→Class
BluegrassPoaSpp.	10007642	GraminoidsGrasses	94030100	Brick→Class
BluestemgrassBothriochloaSpp.	10007331	GraminoidsGrasses	94030100	Brick→Class
BuffaloGrassPaspalumConjugatum	10007634	GraminoidsGrasses	94030100	Brick→Class
BuffelgrassCenchrusCiliaris	10007437	GraminoidsGrasses	94030100	Brick→Class
CanarygrassPhalarisSpp.	10007638	GraminoidsGrasses	94030100	Brick→Class
CarpetgrassAxonopusSpp.	10007330	GraminoidsGrasses	94030100	Brick→Class
CentipedegrassEremochloaOphiuroides	10007611	GraminoidsGrasses	94030100	Brick→Class
CocksfootDactylisGlomerata	10007535	GraminoidsGrasses	94030100	Brick→Class
ColumbusGrassSorghumXAlmum	10007666	GraminoidsGrasses	94030100	Brick→Class
CouchGrassElymusRepens	10007542	GraminoidsGrasses	94030100	Brick→Class
CrestedDog'stailCynosurusCristatus	10007462	GraminoidsGrasses	94030100	Brick→Class
EgyptianCrowfootGrassDactylocteniumAegyptium	10007536	GraminoidsGrasses	94030100	Brick→Class
EuropeanBeachgrassAmmophilaArenaria	10007325	GraminoidsGrasses	94030100	Brick→Class
FingergrassDigitariaSpp.	10007539	GraminoidsGrasses	94030100	Brick→Class
FlatsedgesPapyrusCyperusSpp.	10007463	GraminoidsGrasses	94030100	Brick→Class
FowlMeadowgrassPoaPalustris	10007640	GraminoidsGrasses	94030100	Brick→Class
FoxtailGrassSetariaSpp.	10007661	GraminoidsGrasses	94030100	Brick→Class
FoxtailMilletSetariaItalica	10007652	GraminoidsGrasses	94030100	Brick→Class
GamagrassTripsacumSpp.	10007676	GraminoidsGrasses	94030100	Brick→Class
GiantReedArundoDonax	10007329	GraminoidsGrasses	94030100	Brick→Class
GooseGrassEleusineIndica	10007541	GraminoidsGrasses	94030100	Brick→Class
GramagrassBoutelouaSpp.	10007332	GraminoidsGrasses	94030100	Brick→Class
GuineaGrassPanicumMaximum	10007632	GraminoidsGrasses	94030100	Brick→Class
HardFescueFestucaBrevipila	10007612	GraminoidsGrasses	94030100	Brick→Class
HybridFescue×SchedoliumLoliaceum	10007322	GraminoidsGrasses	94030100	Brick→Class
HybridRyegrassLoliumXHybridum	10007625	GraminoidsGrasses	94030100	Brick→Class
IndianRicegrassOryzopsisHymenoides	10007630	GraminoidsGrasses	94030100	Brick→Class
ItalianRyegrassLolliumMultiflorum	10007623	GraminoidsGrasses	94030100	Brick→Class
JaraguaHyparrheniaRufa	10007618	GraminoidsGrasses	94030100	Brick→Class
JavaGrassPolytriasArmaura	10007643	GraminoidsGrasses	94030100	Brick→Class
Job'sTearsCoixLacrymaJobi	10007443	GraminoidsGrasses	94030100	Brick→Class
KentuckyBluegrassPoaPratensis	10007641	GraminoidsGrasses	94030100	Brick→Class
KikuyuGrassPennisetumClandestinum	10007637	GraminoidsGrasses	94030100	Brick→Class
KleinGrassPanicumColoratum	10007631	GraminoidsGrasses	94030100	Brick→Class
KoraliSetariaPumila	10007656	GraminoidsGrasses	94030100	Brick→Class
LimpoGrassHemarthriaAltissima	10007616	GraminoidsGrasses	94030100	Brick→Class
LiverseedGrassUrochloaPanicoides	10007682	GraminoidsGrasses	94030100	Brick→Class
LovegrassEragrostisSpp.	10007543	GraminoidsGrasses	94030100	Brick→Class
MeadowfescueFestucaPratensis	10007614	GraminoidsGrasses	94030100	Brick→Class
MurainagrassIschaemumSpp.	10007620	GraminoidsGrasses	94030100	Brick→Class
NapierGrassPennisetumPurpureum	10007627	GraminoidsGrasses	94030100	Brick→Class
NatalGrassMelinisRepens	10007626	GraminoidsGrasses	94030100	Brick→Class
NileGrassAcrocerasMacrum	10007323	GraminoidsGrasses	94030100	Brick→Class
ParagrassBrachiariaMutica	10007435	GraminoidsGrasses	94030100	Brick→Class
PernnialRyeLoliumPerenne	10007624	GraminoidsGrasses	94030100	Brick→Class
RedOatGrassThemedaTriandra	10007671	GraminoidsGrasses	94030100	Brick→Class
RedfescueFestucaRubra	10007615	GraminoidsGrasses	94030100	Brick→Class
RhodesGrassChlorisGayana	10007439	GraminoidsGrasses	94030100	Brick→Class
SabiGrassUrochloaMosambicensis	10007679	GraminoidsGrasses	94030100	Brick→Class
ScrobicGrassPaspalumScrobiculatum	10007636	GraminoidsGrasses	94030100	Brick→Class
SheepsfescueFestucaOvina	10007613	GraminoidsGrasses	94030100	Brick→Class
SouthernCutgrassLeersiaHexandra	10007621	GraminoidsGrasses	94030100	Brick→Class
SpearGrassHeteropogonContortus	10007617	GraminoidsGrasses	94030100	Brick→Class
StAugustineGrassStenotaphrumSecundatum	10007669	GraminoidsGrasses	94030100	Brick→Class
SudanGrassSorghum×Drummondii	10007663	GraminoidsGrasses	94030100	Brick→Class
SwitchGrassPanicumVirgatum	10007633	GraminoidsGrasses	94030100	Brick→Class
TallFescueSchedonorusArundinaceus	10007644	GraminoidsGrasses	94030100	Brick→Class
TimothygrassPhleumPratense	10007639	GraminoidsGrasses	94030100	Brick→Class
VetivergrassChrysopogonSpp.	10007441	GraminoidsGrasses	94030100	Brick→Class
WeepingMeadowGrassEhrhartaStipoides	10007540	GraminoidsGrasses	94030100	Brick→Class
ZoysiaGrassZoysiaSpp.	10007686	GraminoidsGrasses	94030100	Brick→Class
AcaciatreesAcaciaSpp.	10007342	LegumeFeedCrops	94030300	Brick→Class
AfricanLocustBeanplantsParkiaAfricana	10007386	LegumeFeedCrops	94030300	Brick→Class
AhuhuplantsTephrosiaPurpurea	10007393	LegumeFeedCrops	94030300	Brick→Class
AlbiziaTreesAlbiziaSpp.	10007344	LegumeFeedCrops	94030300	Brick→Class
AlfalfaPlantsMedicagoSativa	10007379	LegumeFeedCrops	94030300	Brick→Class
AlyceCloverPlantsAlysicarpusSpp.	10007345	LegumeFeedCrops	94030300	Brick→Class
AmericanJointvetchPlantsAeschynomeneAmericana	10007343	LegumeFeedCrops	94030300	Brick→Class
AppleRingAcaciaTreesFaidherbiaAlbida	10007363	LegumeFeedCrops	94030300	Brick→Class
ArrowleafCloverplantsTrifoliumVesiculosum	10007402	LegumeFeedCrops	94030300	Brick→Class
BarrelMedicPlantsMedicagoTruncatula	10007380	LegumeFeedCrops	94030300	Brick→Class
BauhiniaPlantsBauhiniaSpp.	10007348	LegumeFeedCrops	94030300	Brick→Class
BerseemplantsTrifoliumAlexandrinum	10007395	LegumeFeedCrops	94030300	Brick→Class
BirdsfootTrefoilPlantsLotusCorniculatus	10007373	LegumeFeedCrops	94030300	Brick→Class
BlackGramplantsVignaMungo	10007405	LegumeFeedCrops	94030300	Brick→Class
BlackMedicPlantsMedicagoLupulina	10007377	LegumeFeedCrops	94030300	Brick→Class
BurCloverPlantsMedicagoPolymorpha	10007378	LegumeFeedCrops	94030300	Brick→Class
CalliandratreesCalliandraCalothyrsus	10007349	LegumeFeedCrops	94030300	Brick→Class
CalopoPlantsCalopogoniumSpp.	10007350	LegumeFeedCrops	94030300	Brick→Class
CarobPlantsCeratoniaSiliqua	10007351	LegumeFeedCrops	94030300	Brick→Class
CoraltreesErythrinaSpp.	10007362	LegumeFeedCrops	94030300	Brick→Class
CratyliaPlantsCratyliaArgentea	10007354	LegumeFeedCrops	94030300	Brick→Class
CrimsonCloverplantsTrifoliumIncarnatum	10007397	LegumeFeedCrops	94030300	Brick→Class
CrotalariaPlantsCrotalariaSpp.	10007355	LegumeFeedCrops	94030300	Brick→Class
DesmanthusplantsDesmanthusSpp.	10007357	LegumeFeedCrops	94030300	Brick→Class
DesmodiumplantsDesmodiumSpp.	10007359	LegumeFeedCrops	94030300	Brick→Class
FlemingiaPlantsFlemingiaMacrophylla	10007364	LegumeFeedCrops	94030300	Brick→Class
FodderPeaplantsPisumSativumVar.Arvense	10007387	LegumeFeedCrops	94030300	Brick→Class
GliricidiaTreesGliricidiaSepium	10007366	LegumeFeedCrops	94030300	Brick→Class
GrassPeaplantsLathyrusSativus	10007369	LegumeFeedCrops	94030300	Brick→Class
GuanacastetreesEnterolobiumCyclocarpum	10007361	LegumeFeedCrops	94030300	Brick→Class
HairyVetchplantsViciaVillosa	10007404	LegumeFeedCrops	94030300	Brick→Class
HoneyLocustTreesGleditsiaTriacanthos	10007365	LegumeFeedCrops	94030300	Brick→Class
HybridCloverAlsikeplantsTrifoliumHybridum	10007396	LegumeFeedCrops	94030300	Brick→Class
IndigoplantsIndigoferaSpp.	10007368	LegumeFeedCrops	94030300	Brick→Class
KudzuplantsPuerariaSpp.	10007390	LegumeFeedCrops	94030300	Brick→Class
LeucaenaTreesLeucaenaLeucocephala	10007371	LegumeFeedCrops	94030300	Brick→Class
LotononisTreesLotononisBainesii	10007372	LegumeFeedCrops	94030300	Brick→Class
LupinplantsLupinusSpp.	10007374	LegumeFeedCrops	94030300	Brick→Class
ManilaTamarindtreesPithecellobiumDulce	10007388	LegumeFeedCrops	94030300	Brick→Class
PerennialSoybeanplantsGlycineWightii	10007383	LegumeFeedCrops	94030300	Brick→Class
PersianCloverplantsTrifoliumResupinatum	10007400	LegumeFeedCrops	94030300	Brick→Class
PhaseyBeanPlantsMacroptiliumLathyroides	10007376	LegumeFeedCrops	94030300	Brick→Class
PintoPeanutPlantsArachisPintoi	10007347	LegumeFeedCrops	94030300	Brick→Class
ProsopisplantsProsopisSpp.	10007389	LegumeFeedCrops	94030300	Brick→Class
RedCloverplantsTrifoliumPratense	10007398	LegumeFeedCrops	94030300	Brick→Class
RhizomaPeanutPlantsArachisGlabrata	10007346	LegumeFeedCrops	94030300	Brick→Class
RoundLeafCassiaPlantsChamaecristaRotundifolia	10007352	LegumeFeedCrops	94030300	Brick→Class
SainfoinplantsOnobrychisViciifolia	10007384	LegumeFeedCrops	94030300	Brick→Class
SericeaPlantsLespedezaCuneata	10007370	LegumeFeedCrops	94030300	Brick→Class
SerradellaplantsOrnithopusSativus	10007385	LegumeFeedCrops	94030300	Brick→Class
SesbanplantsSesbaniaSpp.	10007391	LegumeFeedCrops	94030300	Brick→Class
SicklebushPlantsDichrostachysCinerea	10007360	LegumeFeedCrops	94030300	Brick→Class
SiratroPlantsPhaseolusAtropurpureus	10007375	LegumeFeedCrops	94030300	Brick→Class
SourCloverPlantsMelilotusIndicus	10007382	LegumeFeedCrops	94030300	Brick→Class
StyloplantsStylosanthesSpp.	10007392	LegumeFeedCrops	94030300	Brick→Class
SubcloverplantsTrifoliumSubterraneum	10007401	LegumeFeedCrops	94030300	Brick→Class
SullaPlantsHedysarumCoronarium	10007367	LegumeFeedCrops	94030300	Brick→Class
TagasastePlantsCytisusProliferus	10007356	LegumeFeedCrops	94030300	Brick→Class
UnspecifiedCloverplantsplantsTrifolium	10007394	LegumeFeedCrops	94030300	Brick→Class
VetchplantsViciaSativa	10007403	LegumeFeedCrops	94030300	Brick→Class
WhiteCloverplantsTrifoliumRepens	10007399	LegumeFeedCrops	94030300	Brick→Class
WhiteMelilotplantsMelilotusAlbus	10007381	LegumeFeedCrops	94030300	Brick→Class
YehebPlantsCordeauxiaEdulis	10007353	LegumeFeedCrops	94030300	Brick→Class
AfricanBaobabtreesAdansoniaDigitata	10007406	OtherFeedCrops	94030400	Brick→Class
AfricanMarigoldTagetesErecta	10007417	OtherFeedCrops	94030400	Brick→Class
AmaranthFeedplantsAmaranthusSpp.	10007408	OtherFeedCrops	94030400	Brick→Class
ArakplantsSalvadoraPersica	10007415	OtherFeedCrops	94030400	Brick→Class
ArganplantsArganiaSpinosa	10007409	OtherFeedCrops	94030400	Brick→Class
BuffaloThorntreesZiziphusMucronata	10007419	OtherFeedCrops	94030400	Brick→Class
CadabaplantsCadabaFarinosa	10007411	OtherFeedCrops	94030400	Brick→Class
CombretumtreesCombretumAculeatum	10007412	OtherFeedCrops	94030400	Brick→Class
CornSpuryplantsSpergulaArvensis	10007416	OtherFeedCrops	94030400	Brick→Class
KapokBushplantsAervaJavanica	10007407	OtherFeedCrops	94030400	Brick→Class
MexicanSunflowerplantsTithoniaDiversifolia	10007418	OtherFeedCrops	94030400	Brick→Class
OaktreesQuercusSpp	10007414	OtherFeedCrops	94030400	Brick→Class
SaltbushplantsAtriplexSpp.	10007410	OtherFeedCrops	94030400	Brick→Class
TansyPhaceliaplantsPhaceliaTanacetifolia	10007413	OtherFeedCrops	94030400	Brick→Class
CrossSegmentVarietyPacks	10000624	CrossSegment	58010100	Brick→Class
TemporaryClassification	99999999	CrossSegment	58010100	Brick→Class
CableClipsGrommetsTies	10005651	CablingWiringManagementControl	78040100	Brick→Class
CableConduitFittings	10005660	CablingWiringManagementControl	78040100	Brick→Class
CableMarkers	10005648	CablingWiringManagementControl	78040100	Brick→Class
CableMarkingAccessories	10005674	CablingWiringManagementControl	78040100	Brick→Class
CableReelsPullers	10005649	CablingWiringManagementControl	78040100	Brick→Class
CableWireConduitDuctingRaceways	10005647	CablingWiringManagementControl	78040100	Brick→Class
CablingWiringProtectionWrapping	10005650	CablingWiringManagementControl	78040100	Brick→Class
AudioVisualCables	10005757	ElectricalCables	78040300	Brick→Class
ComputerCables	10005754	ElectricalCables	78040300	Brick→Class
SatelliteInstallationCables	10005759	ElectricalCables	78040300	Brick→Class
TelecommunicationCables	10005758	ElectricalCables	78040300	Brick→Class
ElectricalWires	10005541	ElectricalWiring	78040400	Brick→Class
Batteries	10000546	BatteriesChargers	78021100	Brick→Class
BatteriesChargersVarietyPacks	10000704	BatteriesChargers	78021100	Brick→Class
BatteryBoxes	10005764	BatteriesChargers	78021100	Brick→Class
Chargers	10000548	BatteriesChargers	78021100	Brick→Class
ConnectorsElectrical	10005573	ElectricalConnection	78020500	Brick→Class
ElectricalConnectionVarietyPacks	10005572	ElectricalConnection	78020500	Brick→Class
Plugs	10000551	ElectricalConnection	78020500	Brick→Class
SocketsReceptaclesOutlets	10005567	ElectricalConnection	78020500	Brick→Class
AdaptorsElectrical	10005496	ElectricalDistribution	78020600	Brick→Class
BusbarsBusways	10005575	ElectricalDistribution	78020600	Brick→Class
Capacitors	10005622	ElectricalDistribution	78020600	Brick→Class
CircuitBreakers	10005576	ElectricalDistribution	78020600	Brick→Class
ConvertersTransformers	10000547	ElectricalDistribution	78020600	Brick→Class
DistributionBoardsBoxes	10005583	ElectricalDistribution	78020600	Brick→Class
ElectricalDistributionAccessoriesFittings	10005577	ElectricalDistribution	78020600	Brick→Class
Fuses	10000549	ElectricalDistribution	78020600	Brick→Class
MultiUseUniversalElectricalTimersControllers	10005682	ElectricalDistribution	78020600	Brick→Class
RelaysContactors	10005570	ElectricalDistribution	78020600	Brick→Class
Splitters	10005568	ElectricalDistribution	78020600	Brick→Class
SurgeSuppressorsProtectors	10005585	ElectricalDistribution	78020600	Brick→Class
Switches	10005586	ElectricalDistribution	78020600	Brick→Class
TerminalBlocksStrips	10005588	ElectricalDistribution	78020600	Brick→Class
ChargeVoltageRegulators	10008391	ElectricalGeneration	78021200	Brick→Class
ElectricalGenerationAccessoriesFittings	10008395	ElectricalGeneration	78021200	Brick→Class
Generators	10005211	ElectricalGeneration	78021200	Brick→Class
Inverters	10008390	ElectricalGeneration	78021200	Brick→Class
PowerGeneratorSet	10008394	ElectricalGeneration	78021200	Brick→Class
SolarPanels	10008389	ElectricalGeneration	78021200	Brick→Class
SolarPowerStations	10005875	ElectricalGeneration	78021200	Brick→Class
WaterTurbines	10008393	ElectricalGeneration	78021200	Brick→Class
WindTurbines	10008392	ElectricalGeneration	78021200	Brick→Class
BuiltInLighting	10008402	ElectricLampsLightBulbsLighting	78030300	Brick→Class
FibreOpticLighting	10005640	ElectricLampsLightBulbsLighting	78030300	Brick→Class
FreestandingLighting	10005641	ElectricLampsLightBulbsLighting	78030300	Brick→Class
HangingLighting	10008404	ElectricLampsLightBulbsLighting	78030300	Brick→Class
LedStripsAndReplacementPartsAccessories	10008292	ElectricLampsLightBulbsLighting	78030300	Brick→Class
LightBulbsTubesLightEmittingDiodes	10000552	ElectricLampsLightBulbsLighting	78030300	Brick→Class
MountedLighting	10008403	ElectricLampsLightBulbsLighting	78030300	Brick→Class
PlugInLighting	10008405	ElectricLampsLightBulbsLighting	78030300	Brick→Class
RopeStringLights	10005644	ElectricLampsLightBulbsLighting	78030300	Brick→Class
UndercabinetAndMirrorLighting	10008406	ElectricLampsLightBulbsLighting	78030300	Brick→Class
WideAngleAndHighBeemWorkLighting	10005643	ElectricLampsLightBulbsLighting	78030300	Brick→Class
LampBracketsFittingsOthers	10005637	ElectricLightingAccessories	78030200	Brick→Class
Lampshades	10005635	ElectricLightingAccessories	78030200	Brick→Class
LampstandsBases	10005636	ElectricLightingAccessories	78030200	Brick→Class
LightBulbChangers	10005638	ElectricLightingAccessories	78030200	Brick→Class
TripodLighting	10007931	ElectricLightingAccessories	78030200	Brick→Class
BallastsStarters	10005481	ElectricLightingControlComponents	78030100	Brick→Class
Dimmers	10005634	ElectricLightingControlComponents	78030100	Brick→Class
LightSockets	10005633	ElectricLightingControlComponents	78030100	Brick→Class
ElectricalLightingOther	10006896	ElectricalLightingOther	78030500	Brick→Class
ElectricTorchesFlashlights	10005642	PortableElectricLighting	78030400	Brick→Class
CircuitAssembliesIntegratedCircuits	10005661	ElectronicCommunicationComponents	78050100	Brick→Class
DiscreetComponents	10005662	ElectronicCommunicationComponents	78050100	Brick→Class
ElectronicCircuitAccessories	10005667	ElectronicCommunicationComponents	78050100	Brick→Class
BondingGroundingBraid	10005546	GeneralElectricalHardware	78060100	Brick→Class
CableWirePullers	10005571	GeneralElectricalHardware	78060100	Brick→Class
ElectronicTesters	10005742	GeneralElectricalHardware	78060100	Brick→Class
ExtensionPowerSupplyCords	10005559	GeneralElectricalHardware	78060100	Brick→Class
MonitorsScreens	10008363	GeneralElectricalHardware	78060100	Brick→Class
VoltmetersMultimeters	10005599	GeneralElectricalHardware	78060100	Brick→Class
WallPlatesElectrical	10005505	GeneralElectricalHardware	78060100	Brick→Class
FluidsLiquidFuelBottlesContainersEmpty	10005306	FluidsFuelStorage	87020200	Brick→Class
PressurizedGasFuelBottlesCanistersEmpty	10005258	FluidsFuelStorage	87020200	Brick→Class
FuelAdditives	10005255	FuelAdditives	87010200	Brick→Class
FuelsFuelAdditivesVarietyPacks	10005262	FuelsFuelAdditivesVarietyPacks	87010500	Brick→Class
FirelightingToolsMatches	10000543	FuelsIgnitionAids	87010100	Brick→Class
FirelightingToolsMatchesAccessories	10006842	FuelsIgnitionAids	87010100	Brick→Class
FuelsIgnitionAidsVarietyPacks	10000703	FuelsIgnitionAids	87010100	Brick→Class
GasCanisterReplacementPartsAccessories	10007942	FuelsIgnitionAids	87010100	Brick→Class
GasFuels	10005264	FuelsIgnitionAids	87010100	Brick→Class
GelFuels	10005265	FuelsIgnitionAids	87010100	Brick→Class
LiquidFuels	10005263	FuelsIgnitionAids	87010100	Brick→Class
SolidFuels	10005266	FuelsIgnitionAids	87010100	Brick→Class
CarbonDioxideGas	10006407	TechnicalGases	87030100	Brick→Class
HeliumGas	10006411	TechnicalGases	87030100	Brick→Class
NitrogenGas	10006408	TechnicalGases	87030100	Brick→Class
NitrousOxideGas	10006409	TechnicalGases	87030100	Brick→Class
TechnicalGasesOther	10006410	TechnicalGases	87030100	Brick→Class
EdibleBirdNestPreparedProcessed	10008449	AnimalDerivedEdibleProductsPreparedProcessed	50410100	Brick→Class
EdibleDonkeyHideGelatinPreparedProcessed	10008450	AnimalDerivedEdibleProductsPreparedProcessed	50410100	Brick→Class
EdibleBirdNestUnpreparedUnprocessed	10008451	AnimalDerivedEdibleProductsUnpreparedUnprocessed	50410200	Brick→Class
AlcoholFlavouringKit	10008042	AlcoholicBeveragesIncludesDeAlcoholisedVariants	50202200	Brick→Class
AlcoholMakingKits	10000142	AlcoholicBeveragesIncludesDeAlcoholisedVariants	50202200	Brick→Class
AlcoholMakingSupplies	10000143	AlcoholicBeveragesIncludesDeAlcoholisedVariants	50202200	Brick→Class
AlcoholicBeveragesVarietyPacks	10000591	AlcoholicBeveragesIncludesDeAlcoholisedVariants	50202200	Brick→Class
AlcoholicPreMixedDrinks	10000144	AlcoholicBeveragesIncludesDeAlcoholisedVariants	50202200	Brick→Class
AlcoholicSyrupsAndBitters	10000589	AlcoholicBeveragesIncludesDeAlcoholisedVariants	50202200	Brick→Class
ApplePearAlcoholicBeverageSparkling	10000181	AlcoholicBeveragesIncludesDeAlcoholisedVariants	50202200	Brick→Class
ApplePearAlcoholicBeverageStill	10006327	AlcoholicBeveragesIncludesDeAlcoholisedVariants	50202200	Brick→Class
ApplePearBeverageSparklingNonAlcoholic	10008032	AlcoholicBeveragesIncludesDeAlcoholisedVariants	50202200	Brick→Class
ApplePearBeverageStillNonAlcoholic	10008033	AlcoholicBeveragesIncludesDeAlcoholisedVariants	50202200	Brick→Class
Beer	10000159	AlcoholicBeveragesIncludesDeAlcoholisedVariants	50202200	Brick→Class
BeerNonAlcoholic	10008029	AlcoholicBeveragesIncludesDeAlcoholisedVariants	50202200	Brick→Class
Liqueurs	10000227	AlcoholicBeveragesIncludesDeAlcoholisedVariants	50202200	Brick→Class
NonGrapeFermentedAlcoholicBeveragesSparkling	10003689	AlcoholicBeveragesIncludesDeAlcoholisedVariants	50202200	Brick→Class
NonGrapeFermentedAlcoholicBeveragesStill	10000588	AlcoholicBeveragesIncludesDeAlcoholisedVariants	50202200	Brick→Class
PreMixedDrinksNonAlcoholic	10008035	AlcoholicBeveragesIncludesDeAlcoholisedVariants	50202200	Brick→Class
Spirits	10000263	AlcoholicBeveragesIncludesDeAlcoholisedVariants	50202200	Brick→Class
SpiritsNonAlcoholic	10008034	AlcoholicBeveragesIncludesDeAlcoholisedVariants	50202200	Brick→Class
WineFortified	10000273	AlcoholicBeveragesIncludesDeAlcoholisedVariants	50202200	Brick→Class
WineSparkling	10000275	AlcoholicBeveragesIncludesDeAlcoholisedVariants	50202200	Brick→Class
WineSparklingNonAlcoholic	10008030	AlcoholicBeveragesIncludesDeAlcoholisedVariants	50202200	Brick→Class
WineStill	10000276	AlcoholicBeveragesIncludesDeAlcoholisedVariants	50202200	Brick→Class
WineStillNonAlcoholic	10008031	AlcoholicBeveragesIncludesDeAlcoholisedVariants	50202200	Brick→Class
BeveragesVarietyPacks	10000623	BeveragesVarietyPacks	50202500	Brick→Class
CoffeeCapsulesPods	10008180	CoffeeCoffeeSubstitutes	50202600	Brick→Class
CoffeeGroundBeans	10008179	CoffeeCoffeeSubstitutes	50202600	Brick→Class
CoffeeLiquidNotReadyToDrink	10008183	CoffeeCoffeeSubstitutes	50202600	Brick→Class
CoffeeLiquidReadyToDrink	10000114	CoffeeCoffeeSubstitutes	50202600	Brick→Class
CoffeeSolubleInstant	10000115	CoffeeCoffeeSubstitutes	50202600	Brick→Class
CoffeeWholeBeans	10008178	CoffeeCoffeeSubstitutes	50202600	Brick→Class
CoffeeSubstitutesCapsulesPods	10008181	CoffeeCoffeeSubstitutes	50202600	Brick→Class
CoffeeSubstitutesGroundInfused	10008182	CoffeeCoffeeSubstitutes	50202600	Brick→Class
CoffeeSubstitutesLiquidReadyToDrink	10006312	CoffeeCoffeeSubstitutes	50202600	Brick→Class
CoffeeSubstitutesSolubleInstant	10006311	CoffeeCoffeeSubstitutes	50202600	Brick→Class
CoffeeTeaSubstitutesVarietyPacks	10000592	CoffeeTeaSubstitutes	50201700	Brick→Class
ChocolateCocoaMaltNotReadyToDrink	10000178	NonAlcoholicBeveragesNotReadyToDrink	50202400	Brick→Class
DairyBasedDrinksNotReadyToDrinkShelfStable	10000310	NonAlcoholicBeveragesNotReadyToDrink	50202400	Brick→Class
DairySubstituteBasedDrinksNotReadyToDrinkShelfStable	10006974	NonAlcoholicBeveragesNotReadyToDrink	50202400	Brick→Class
DrinksFlavouredNotReadyToDrink	10000202	NonAlcoholicBeveragesNotReadyToDrink	50202400	Brick→Class
FruitJuiceNotReadyToDrinkFrozen	10000307	NonAlcoholicBeveragesNotReadyToDrink	50202400	Brick→Class
FruitJuiceNotReadyToDrinkShelfStable	10000308	NonAlcoholicBeveragesNotReadyToDrink	50202400	Brick→Class
FruitJuiceDrinksNotReadyToDrinkShelfStable	10000309	NonAlcoholicBeveragesNotReadyToDrink	50202400	Brick→Class
NonAlcoholicBeveragesVarietyPacksNotReadyToDrink	10000593	NonAlcoholicBeveragesNotReadyToDrink	50202400	Brick→Class
SportsDrinksRehydrationNotReadyToDrink	10000264	NonAlcoholicBeveragesNotReadyToDrink	50202400	Brick→Class
StimulantsEnergyDrinksNotReadyToDrink	10000311	NonAlcoholicBeveragesNotReadyToDrink	50202400	Brick→Class
VegetableJuiceNotReadyToDrinkFrozen	10006253	NonAlcoholicBeveragesNotReadyToDrink	50202400	Brick→Class
VegetableJuiceNotReadyToDrinkShelfStable	10006254	NonAlcoholicBeveragesNotReadyToDrink	50202400	Brick→Class
VegetableJuiceDrinksNotReadyToDrinkShelfStable	10006257	NonAlcoholicBeveragesNotReadyToDrink	50202400	Brick→Class
ChocolateCocoaMaltReadyToDrink	10000179	NonAlcoholicBeveragesReadyToDrink	50202300	Brick→Class
DairyBasedDrinksReadyToDrinkPerishable	10000191	NonAlcoholicBeveragesReadyToDrink	50202300	Brick→Class
DairyBasedDrinksReadyToDrinkShelfStable	10000192	NonAlcoholicBeveragesReadyToDrink	50202300	Brick→Class
DairySubstituteBasedDrinksReadyToDrinkPerishable	10006972	NonAlcoholicBeveragesReadyToDrink	50202300	Brick→Class
DairySubstituteBasedDrinksReadyToDrinkShelfStable	10006973	NonAlcoholicBeveragesReadyToDrink	50202300	Brick→Class
DrinksFlavouredReadyToDrink	10000201	NonAlcoholicBeveragesReadyToDrink	50202300	Brick→Class
FruitJuiceReadyToDrinkPerishable	10000219	NonAlcoholicBeveragesReadyToDrink	50202300	Brick→Class
FruitJuiceReadyToDrinkShelfStable	10000220	NonAlcoholicBeveragesReadyToDrink	50202300	Brick→Class
FruitJuiceDrinksReadyToDrinkPerishable	10000222	NonAlcoholicBeveragesReadyToDrink	50202300	Brick→Class
FruitJuiceDrinksReadyToDrinkShelfStable	10000223	NonAlcoholicBeveragesReadyToDrink	50202300	Brick→Class
Ice	10000214	NonAlcoholicBeveragesReadyToDrink	50202300	Brick→Class
NonAlcoholicBeveragesVarietyPacksReadyToDrink	10000594	NonAlcoholicBeveragesReadyToDrink	50202300	Brick→Class
PackagedWaterFlavoured	10008410	NonAlcoholicBeveragesReadyToDrink	50202300	Brick→Class
PackagedWaterUnflavoured	10000232	NonAlcoholicBeveragesReadyToDrink	50202300	Brick→Class
SportsDrinksRehydrationReadyToDrink	10000265	NonAlcoholicBeveragesReadyToDrink	50202300	Brick→Class
StimulantsEnergyDrinksReadyToDrink	10000266	NonAlcoholicBeveragesReadyToDrink	50202300	Brick→Class
VegetableJuiceReadyToDrinkPerishable	10006251	NonAlcoholicBeveragesReadyToDrink	50202300	Brick→Class
VegetableJuiceReadyToDrinkShelfStable	10006252	NonAlcoholicBeveragesReadyToDrink	50202300	Brick→Class
VegetableJuiceDrinksReadyToDrinkPerishable	10006255	NonAlcoholicBeveragesReadyToDrink	50202300	Brick→Class
VegetableJuiceDrinksReadyToDrinkShelfStable	10006256	NonAlcoholicBeveragesReadyToDrink	50202300	Brick→Class
FruitHerbalInfusionsTisanesBagsLoose	10000119	TeaAndInfusionsTisanes	50202700	Brick→Class
FruitHerbalInfusionsTisanesInstant	10000210	TeaAndInfusionsTisanes	50202700	Brick→Class
FruitHerbalInfusionsTisanesLiquidNotReadyToDrink	10008187	TeaAndInfusionsTisanes	50202700	Brick→Class
FruitHerbalInfusionsTisanesLiquidReadyToDrink	10000313	TeaAndInfusionsTisanes	50202700	Brick→Class
TeaBagsLoose	10000116	TeaAndInfusionsTisanes	50202700	Brick→Class
TeaCapsulesPods	10008184	TeaAndInfusionsTisanes	50202700	Brick→Class
TeaInstant	10000117	TeaAndInfusionsTisanes	50202700	Brick→Class
TeaLiquidNotReadyToDrink	10008185	TeaAndInfusionsTisanes	50202700	Brick→Class
TeaLiquidReadyToDrink	10000118	TeaAndInfusionsTisanes	50202700	Brick→Class
BakingCookingMixesFrozen	10000155	BakingCookingMixesSupplies	50181700	Brick→Class
BakingCookingMixesPerishable	10000068	BakingCookingMixesSupplies	50181700	Brick→Class
BakingCookingMixesShelfStable	10000156	BakingCookingMixesSupplies	50181700	Brick→Class
BakingCookingMixesSuppliesVarietyPacks	10000595	BakingCookingMixesSupplies	50181700	Brick→Class
BakingCookingSuppliesFrozen	10000157	BakingCookingMixesSupplies	50181700	Brick→Class
BakingCookingSuppliesPerishable	10000069	BakingCookingMixesSupplies	50181700	Brick→Class
BakingCookingSuppliesShelfStable	10000158	BakingCookingMixesSupplies	50181700	Brick→Class
BiscuitsCookiesFrozen	10000304	BiscuitsCookies	50182100	Brick→Class
BiscuitsCookiesPerishable	10000160	BiscuitsCookies	50182100	Brick→Class
BiscuitsCookiesShelfStable	10000161	BiscuitsCookies	50182100	Brick→Class
BiscuitsCookiesVarietyPacks	10000596	BiscuitsCookies	50182100	Brick→Class
DriedBreadsFrozen	10000305	BiscuitsCookies	50182100	Brick→Class
DriedBreadsShelfStable	10000166	BiscuitsCookies	50182100	Brick→Class
BreadFrozen	10000163	Bread	50181900	Brick→Class
BreadPerishable	10000164	Bread	50181900	Brick→Class
BreadShelfStable	10000165	Bread	50181900	Brick→Class
BreadBakeryProductsVarietyPacks	10000598	BreadBakeryProductsVarietyPacks	50182300	Brick→Class
PiesPastriesPizzasQuichesSavouryFrozen	10000248	SavouryBakeryProducts	50182200	Brick→Class
PiesPastriesPizzasQuichesSavouryPerishable	10000249	SavouryBakeryProducts	50182200	Brick→Class
PiesPastriesPizzasQuichesSavouryShelfStable	10000250	SavouryBakeryProducts	50182200	Brick→Class
CakesSweetFrozen	10000170	SweetBakeryProducts	50182000	Brick→Class
CakesSweetPerishable	10000171	SweetBakeryProducts	50182000	Brick→Class
CakesSweetShelfStable	10000172	SweetBakeryProducts	50182000	Brick→Class
PiesPastriesSweetFrozen	10000245	SweetBakeryProducts	50182000	Brick→Class
PiesPastriesSweetPerishable	10000246	SweetBakeryProducts	50182000	Brick→Class
PiesPastriesSweetShelfStable	10000247	SweetBakeryProducts	50182000	Brick→Class
SweetBakeryProductsVarietyPacks	10000597	SweetBakeryProducts	50182000	Brick→Class
CerealGrainPulseProductsVarietyPacks	10000601	CerealGrainPulseProductsVarietyPacks	50221300	Brick→Class
FlourCerealPulseShelfStable	10000203	GrainsFlour	50221000	Brick→Class
GrainsCerealNotReadyToEatFrozen	10000314	GrainsFlour	50221000	Brick→Class
GrainsCerealNotReadyToEatPerishable	10000315	GrainsFlour	50221000	Brick→Class
GrainsCerealNotReadyToEatShelfStable	10000211	GrainsFlour	50221000	Brick→Class
GrainsCerealReadyToEatPerishable	10000316	GrainsFlour	50221000	Brick→Class
GrainsCerealReadyToEatShelfStable	10000319	GrainsFlour	50221000	Brick→Class
GrainsFlourVarietyPacks	10000599	GrainsFlour	50221000	Brick→Class
CerealProductsReadyToEatPerishable	10000286	ProcessedCerealProducts	50221200	Brick→Class
CerealMuesliBars	10000287	ProcessedCerealProducts	50221200	Brick→Class
CerealsProductsNotReadyToEatFrozen	10006250	ProcessedCerealProducts	50221200	Brick→Class
CerealsProductsNotReadyToEatShelfStable	10000285	ProcessedCerealProducts	50221200	Brick→Class
CerealsProductsReadyToEatShelfStable	10000284	ProcessedCerealProducts	50221200	Brick→Class
ProcessedCerealProductsVarietyPacks	10000600	ProcessedCerealProducts	50221200	Brick→Class
ProteinBars	10008059	ProcessedCerealProducts	50221200	Brick→Class
ChewingGum	10006390	ConfectioneryProducts	50161800	Brick→Class
ChocolateAndChocolateSugarCandyCombinationsConfectionery	10000045	ConfectioneryProducts	50161800	Brick→Class
ConfectioneryProductsVarietyPacks	10000602	ConfectioneryProducts	50161800	Brick→Class
SugarCandySugarCandySubstitutesConfectionery	10000047	ConfectioneryProducts	50161800	Brick→Class
ConfectionerySugarSweeteningProductsVarietyPacks	10000622	ConfectionerySugarSweeteningProductsVarietyPacks	50161900	Brick→Class
SugarSugarSubstitutesShelfStable	10000043	SugarsSugarSubstituteProducts	50161500	Brick→Class
SugarsSugarSubstituteProductsVarietyPacks	10000603	SugarsSugarSubstituteProducts	50161500	Brick→Class
SyrupTreacleMolassesShelfStable	10000044	SugarsSugarSubstituteProducts	50161500	Brick→Class
AquaticInvertebratesPreparedProcessedFrozen	10000145	AquaticInvertebratesPreparedProcessed	50122000	Brick→Class
AquaticInvertebratesPreparedProcessedPerishable	10000146	AquaticInvertebratesPreparedProcessed	50122000	Brick→Class
AquaticInvertebratesPreparedProcessedShelfStable	10000147	AquaticInvertebratesPreparedProcessed	50122000	Brick→Class
AquaticInvertebratesUnpreparedUnprocessedFrozen	10000148	AquaticInvertebratesUnpreparedUnprocessed	50122300	Brick→Class
AquaticInvertebratesUnpreparedUnprocessedPerishable	10000149	AquaticInvertebratesUnpreparedUnprocessed	50122300	Brick→Class
AquaticInvertebratesUnpreparedUnprocessedShelfStable	10000150	AquaticInvertebratesUnpreparedUnprocessed	50122300	Brick→Class
AquaticInvertebratesFishShellfishSeafoodMixesPreparedProcessedFrozen	10000626	AquaticInvertebratesFishShellfishSeafoodCombination	50122500	Brick→Class
AquaticInvertebratesFishShellfishSeafoodMixesPreparedProcessedPerishable	10000627	AquaticInvertebratesFishShellfishSeafoodCombination	50122500	Brick→Class
AquaticInvertebratesFishShellfishSeafoodMixesPreparedProcessedShelfStable	10000628	AquaticInvertebratesFishShellfishSeafoodCombination	50122500	Brick→Class
AquaticInvertebratesFishShellfishSeafoodMixesUnpreparedUnprocessedFrozen	10000629	AquaticInvertebratesFishShellfishSeafoodCombination	50122500	Brick→Class
AquaticInvertebratesFishShellfishSeafoodMixesUnpreparedUnprocessedPerishable	10000630	AquaticInvertebratesFishShellfishSeafoodCombination	50122500	Brick→Class
AquaticInvertebratesFishShellfishSeafoodMixesUnpreparedUnprocessedShelfStable	10000631	AquaticInvertebratesFishShellfishSeafoodCombination	50122500	Brick→Class
AquaticPlantsPreparedProcessedFrozen	10000151	AquaticPlantsPreparedProcessed	50122200	Brick→Class
AquaticPlantsPreparedProcessedPerishable	10000152	AquaticPlantsPreparedProcessed	50122200	Brick→Class
AquaticPlantsPreparedProcessedShelfStable	10000153	AquaticPlantsPreparedProcessed	50122200	Brick→Class
AquaticPlantsUnpreparedUnprocessedFrozen	10000138	AquaticPlantsUnpreparedUnprocessed	50121800	Brick→Class
AquaticPlantsUnpreparedUnprocessedPerishable	10000137	AquaticPlantsUnpreparedUnprocessed	50121800	Brick→Class
AquaticPlantsUnpreparedUnprocessedShelfStable	10000139	AquaticPlantsUnpreparedUnprocessed	50121800	Brick→Class
FishPreparedProcessedFrozen	10000017	FishPreparedProcessed	50121900	Brick→Class
FishPreparedProcessedPerishable	10000016	FishPreparedProcessed	50121900	Brick→Class
FishPreparedProcessedShelfStable	10000018	FishPreparedProcessed	50121900	Brick→Class
FishUnpreparedUnprocessedFrozen	10000281	FishUnpreparedUnprocessed	50121500	Brick→Class
FishUnpreparedUnprocessedPerishable	10000282	FishUnpreparedUnprocessed	50121500	Brick→Class
FishUnpreparedUnprocessedShelfStable	10000283	FishUnpreparedUnprocessed	50121500	Brick→Class
SeafoodVarietyPacks	10000614	SeafoodVarietyPacks	50122400	Brick→Class
ShellfishPreparedProcessedFrozen	10000256	ShellfishPreparedProcessed	50122100	Brick→Class
ShellfishPreparedProcessedPerishable	10000257	ShellfishPreparedProcessed	50122100	Brick→Class
ShellfishPreparedProcessedShelfStable	10000258	ShellfishPreparedProcessed	50122100	Brick→Class
ShellfishUnpreparedUnprocessedFrozen	10000020	ShellfishUnpreparedUnprocessed	50121700	Brick→Class
ShellfishUnpreparedUnprocessedPerishable	10000019	ShellfishUnpreparedUnprocessed	50121700	Brick→Class
ShellfishUnpreparedUnprocessedShelfStable	10000021	ShellfishUnpreparedUnprocessed	50121700	Brick→Class
FoodBeverageVarietyPacks	10000590	FoodBeverageVarietyPacks	50230100	Brick→Class
MilitaryRations	10008058	FoodBeverageVarietyPacks	50230100	Brick→Class
BananaLeavesFoodGarnish	10008039	FreshGarnishFood	50360100	Brick→Class
CactusLeavesFoodGarnish	10008040	FreshGarnishFood	50360100	Brick→Class
OrangeBlossomFoodGarnish	10008041	FreshGarnishFood	50360100	Brick→Class
AnnonaOther	10006433	Annona	50251300	Brick→Class
BullockHearts	10005941	Annona	50251300	Brick→Class
Cherimoya	10005939	Annona	50251300	Brick→Class
Soursop	10005942	Annona	50251300	Brick→Class
SugarApples	10005940	Annona	50251300	Brick→Class
AvocadosPebbledPeelHassType	10006168	Avocados	50251400	Brick→Class
AvocadosSmoothPeel	10006169	Avocados	50251400	Brick→Class
FingerAvocados	10006167	Avocados	50251400	Brick→Class
AppleBananas	10005895	Bananas	50250700	Brick→Class
BabyBananas	10005896	Bananas	50250700	Brick→Class
Bananas	10005897	Bananas	50250700	Brick→Class
PlantainBananas	10005898	Bananas	50250700	Brick→Class
RedBananas	10005899	Bananas	50250700	Brick→Class
AcaiBerries	10006759	BerriesSmallFruit	50251000	Brick→Class
Bilberries	10005928	BerriesSmallFruit	50251000	Brick→Class
BlackCurrants	10006194	BerriesSmallFruit	50251000	Brick→Class
Blackberries	10005923	BerriesSmallFruit	50251000	Brick→Class
Blueberries	10005929	BerriesSmallFruit	50251000	Brick→Class
Boysenberries	10005924	BerriesSmallFruit	50251000	Brick→Class
Cloudberries	10005925	BerriesSmallFruit	50251000	Brick→Class
Cranberries	10005930	BerriesSmallFruit	50251000	Brick→Class
Elderberries	10006432	BerriesSmallFruit	50251000	Brick→Class
FiveFlavorBerries	10006832	BerriesSmallFruit	50251000	Brick→Class
GojiBerries	10006429	BerriesSmallFruit	50251000	Brick→Class
Gooseberries	10005932	BerriesSmallFruit	50251000	Brick→Class
HybridsOfBerries	10006430	BerriesSmallFruit	50251000	Brick→Class
Jostaberries	10005934	BerriesSmallFruit	50251000	Brick→Class
Lingonberries	10006431	BerriesSmallFruit	50251000	Brick→Class
Loganberries	10006346	BerriesSmallFruit	50251000	Brick→Class
Madrona	10006347	BerriesSmallFruit	50251000	Brick→Class
Raspberries	10005927	BerriesSmallFruit	50251000	Brick→Class
RedCurrants	10006193	BerriesSmallFruit	50251000	Brick→Class
SaskatoonBerries	10006354	BerriesSmallFruit	50251000	Brick→Class
SmallFruitVarietyPacks	10008027	BerriesSmallFruit	50251000	Brick→Class
Strawberries	10005921	BerriesSmallFruit	50251000	Brick→Class
TableGrapes	10005918	BerriesSmallFruit	50251000	Brick→Class
WoodStrawberries	10005922	BerriesSmallFruit	50251000	Brick→Class
Citron	10006866	Citrus	50250600	Brick→Class
Clementines	10005886	Citrus	50250600	Brick→Class
Grapefruits	10005876	Citrus	50250600	Brick→Class
HoneyPomelos	10005878	Citrus	50250600	Brick→Class
IndianLimes	10006438	Citrus	50250600	Brick→Class
KingMandarins	10006439	Citrus	50250600	Brick→Class
Kumquat	10006345	Citrus	50250600	Brick→Class
Lemons	10005882	Citrus	50250600	Brick→Class
Limequats	10005885	Citrus	50250600	Brick→Class
Limes	10005884	Citrus	50250600	Brick→Class
MandarinHybrids	10006441	Citrus	50250600	Brick→Class
MediterraneanWillowleafMandarins	10006440	Citrus	50250600	Brick→Class
MexicanLimes	10005883	Citrus	50250600	Brick→Class
MinneolasAndOtherTangelos	10005880	Citrus	50250600	Brick→Class
Orangelos	10006343	Citrus	50250600	Brick→Class
Oranges	10005889	Citrus	50250600	Brick→Class
Pummelos	10005877	Citrus	50250600	Brick→Class
SatsumaMandarins	10005887	Citrus	50250600	Brick→Class
Sweeties	10005879	Citrus	50250600	Brick→Class
Tangerines	10005888	Citrus	50250600	Brick→Class
Tangor	10006442	Citrus	50250600	Brick→Class
Ugli	10005881	Citrus	50250600	Brick→Class
FruitsUnpreparedUnprocessedFreshVarietyPacks	10006172	FruitsUnpreparedUnprocessedFreshVarietyPacks	50252000	Brick→Class
Kiwiberries	10005938	Kiwifruits	50251200	Brick→Class
Kiwifruits	10005937	Kiwifruits	50251200	Brick→Class
Bilimbi	10005963	MiscellaneousFruit	50251900	Brick→Class
Breadfruits	10005973	MiscellaneousFruit	50251900	Brick→Class
CapeGooseberries	10005965	MiscellaneousFruit	50251900	Brick→Class
Carambola	10005961	MiscellaneousFruit	50251900	Brick→Class
Cassia	10006437	MiscellaneousFruit	50251900	Brick→Class
Dates	10005959	MiscellaneousFruit	50251900	Brick→Class
Durian	10005972	MiscellaneousFruit	50251900	Brick→Class
Feijoas	10006160	MiscellaneousFruit	50251900	Brick→Class
Figs	10005960	MiscellaneousFruit	50251900	Brick→Class
Guavas	10005971	MiscellaneousFruit	50251900	Brick→Class
Jackfruits	10005974	MiscellaneousFruit	50251900	Brick→Class
Jambolan	10006434	MiscellaneousFruit	50251900	Brick→Class
LonganDragonsEye	10006435	MiscellaneousFruit	50251900	Brick→Class
LycheesLitchi	10005964	MiscellaneousFruit	50251900	Brick→Class
Mangos	10005969	MiscellaneousFruit	50251900	Brick→Class
Mangosteen	10005968	MiscellaneousFruit	50251900	Brick→Class
Pomegranates	10005970	MiscellaneousFruit	50251900	Brick→Class
PricklyPearsBarbaryFigs	10005967	MiscellaneousFruit	50251900	Brick→Class
Rambutan	10005966	MiscellaneousFruit	50251900	Brick→Class
SalakSnakeFruit	10006436	MiscellaneousFruit	50251900	Brick→Class
Babacos	10005955	Papayas	50251700	Brick→Class
Papaya	10005954	Papayas	50251700	Brick→Class
Barbadines	10005949	Passionfruits	50251600	Brick→Class
Curubas	10005950	Passionfruits	50251600	Brick→Class
PurpleMaracujas	10005953	Passionfruits	50251600	Brick→Class
SweetGranadilla	10005951	Passionfruits	50251600	Brick→Class
YellowMaracujas	10005952	Passionfruits	50251600	Brick→Class
AmericanPersimmon	10005948	Persimmon	50251500	Brick→Class
KakiSharonFruits	10005946	Persimmon	50251500	Brick→Class
Pineapples	10005935	Pineapples	50251100	Brick→Class
SweetPitayas	10005957	Pitayas	50251800	Brick→Class
YellowDragonfruits	10005956	Pitayas	50251800	Brick→Class
Apples	10005900	PomeFruits	50250800	Brick→Class
Crabapples	10006338	PomeFruits	50250800	Brick→Class
JapaneseMedlars	10005901	PomeFruits	50250800	Brick→Class
Medlar	10006414	PomeFruits	50250800	Brick→Class
Nashi	10005902	PomeFruits	50250800	Brick→Class
Pears	10005903	PomeFruits	50250800	Brick→Class
Quinces	10006173	PomeFruits	50250800	Brick→Class
YaPearShandong	10006415	PomeFruits	50250800	Brick→Class
Apricots	10005905	StoneFruit	50250900	Brick→Class
Damsons	10005909	StoneFruit	50250900	Brick→Class
Greengages	10005913	StoneFruit	50250900	Brick→Class
JapanesePlums	10005914	StoneFruit	50250900	Brick→Class
Mirabelles	10005910	StoneFruit	50250900	Brick→Class
Mumes	10006831	StoneFruit	50250900	Brick→Class
Nectarines	10005911	StoneFruit	50250900	Brick→Class
Paraguaya	10006443	StoneFruit	50250900	Brick→Class
Peaches	10005912	StoneFruit	50250900	Brick→Class
Plumcots	10005915	StoneFruit	50250900	Brick→Class
Plums	10005917	StoneFruit	50250900	Brick→Class
SourCherries	10005907	StoneFruit	50250900	Brick→Class
StemlessSweetCherries	10005908	StoneFruit	50250900	Brick→Class
StonefruitHybrids	10005916	StoneFruit	50250900	Brick→Class
FruitUnpreparedUnprocessedFrozen	10000002	FruitsUnpreparedUnprocessedFrozen	50270100	Brick→Class
FruitUnpreparedUnprocessedShelfStable	10000003	FruitsUnpreparedUnprocessedShelfStable	50310100	Brick→Class
FruitsVegetablesVarietyPacksUnpreparedUnprocessedFresh	10008188	FruitsVegetablesVarietyPacksUnpreparedUnprocessedFresh	50370100	Brick→Class
VegetablesFruitsVarietyPackFreshCut	10008189	VegetablesFruitsVarietyPackFreshCut	50370200	Brick→Class
AnnonaFreshCut	10008197	FruitsFreshCut	50380100	Brick→Class
AvocadosFreshCut	10008198	FruitsFreshCut	50380100	Brick→Class
BananasFreshCut	10008191	FruitsFreshCut	50380100	Brick→Class
BerriesSmallFruitFreshCut	10008194	FruitsFreshCut	50380100	Brick→Class
CitrusFreshCut	10008190	FruitsFreshCut	50380100	Brick→Class
FruitFreshCutOther	10008203	FruitsFreshCut	50380100	Brick→Class
FruitsFreshCutVarietyPacksMixed	10008204	FruitsFreshCut	50380100	Brick→Class
KiwifruitsFreshCut	10008196	FruitsFreshCut	50380100	Brick→Class
PapayasFreshCut	10008201	FruitsFreshCut	50380100	Brick→Class
PassionfruitsFreshCut	10008200	FruitsFreshCut	50380100	Brick→Class
PersimmonFreshCut	10008199	FruitsFreshCut	50380100	Brick→Class
PineapplesFreshCut	10008195	FruitsFreshCut	50380100	Brick→Class
PitayasFreshCut	10008202	FruitsFreshCut	50380100	Brick→Class
PomeFruitsFreshCut	10008192	FruitsFreshCut	50380100	Brick→Class
StoneFruitFreshCut	10008193	FruitsFreshCut	50380100	Brick→Class
BeansWithPodsFreshCut	10008205	VegetablesFreshCut	50380200	Brick→Class
BrassicaVegetablesFreshCut	10008206	VegetablesFreshCut	50380200	Brick→Class
BulbVegetablesFreshCut	10008207	VegetablesFreshCut	50380200	Brick→Class
ChickpeasFreshCut	10008208	VegetablesFreshCut	50380200	Brick→Class
ChicoryLeavesFreshCut	10008209	VegetablesFreshCut	50380200	Brick→Class
CucumbersFreshCut	10008210	VegetablesFreshCut	50380200	Brick→Class
CucurbitsEdiblePeelFreshCut	10008211	VegetablesFreshCut	50380200	Brick→Class
CucurbitsInediblePeelFreshCut	10008212	VegetablesFreshCut	50380200	Brick→Class
EdibleFlowersFreshCut	10008213	VegetablesFreshCut	50380200	Brick→Class
FernsFreshCut	10008214	VegetablesFreshCut	50380200	Brick→Class
FungiFreshCut	10008215	VegetablesFreshCut	50380200	Brick→Class
HeadLettuceFreshCut	10008216	VegetablesFreshCut	50380200	Brick→Class
HerbsFreshCut	10008217	VegetablesFreshCut	50380200	Brick→Class
LeafVegetablesFreshCutVarietyPacksMixed	10008218	VegetablesFreshCut	50380200	Brick→Class
LooseLeafMultileafSaladGreensFreshCut	10008219	VegetablesFreshCut	50380200	Brick→Class
MelonsFreshCut	10008220	VegetablesFreshCut	50380200	Brick→Class
MicroVegetablesFreshCut	10008221	VegetablesFreshCut	50380200	Brick→Class
PeasWithPodsFreshCut	10008222	VegetablesFreshCut	50380200	Brick→Class
PeppersFreshCut	10008223	VegetablesFreshCut	50380200	Brick→Class
RootTuberVegetablesFreshCut	10008224	VegetablesFreshCut	50380200	Brick→Class
SapoteFreshCut	10008225	VegetablesFreshCut	50380200	Brick→Class
SedgesFreshCut	10008226	VegetablesFreshCut	50380200	Brick→Class
SingleLeafSaladGreensFreshCut	10008227	VegetablesFreshCut	50380200	Brick→Class
SolanaceaOthersFreshCut	10008228	VegetablesFreshCut	50380200	Brick→Class
SpinachFreshCut	10008229	VegetablesFreshCut	50380200	Brick→Class
StemLettuceFreshCut	10008230	VegetablesFreshCut	50380200	Brick→Class
StemVegetablesFreshCut	10008231	VegetablesFreshCut	50380200	Brick→Class
SucculentFreshCut	10008232	VegetablesFreshCut	50380200	Brick→Class
SugarCanesFreshCut	10008233	VegetablesFreshCut	50380200	Brick→Class
TidalSeaVegetablesFreshCut	10008234	VegetablesFreshCut	50380200	Brick→Class
TomatoesFreshCut	10008235	VegetablesFreshCut	50380200	Brick→Class
VegetablesFreshCutVarietyPacksMixed	10008236	VegetablesFreshCut	50380200	Brick→Class
VegetablesOtherFreshCut	10008237	VegetablesFreshCut	50380200	Brick→Class
FruitPreparedProcessedFrozen	10000204	FruitPreparedProcessed	50102000	Brick→Class
FruitPreparedProcessedPerishable	10000205	FruitPreparedProcessed	50102000	Brick→Class
FruitPreparedProcessedShelfStable	10000206	FruitPreparedProcessed	50102000	Brick→Class
FruitNutsSeedsCombinationVarietyPacks	10000604	FruitNutsSeedsCombination	50101900	Brick→Class
FruitNutsSeedsMixesPreparedProcessedShelfStable	10000207	FruitNutsSeedsCombination	50101900	Brick→Class
FruitsVegetablesNutsSeedsVarietyPacks	10000605	FruitsVegetablesNutsSeedsVarietyPacks	50102200	Brick→Class
NutsSeedsPreparedProcessedInShell	10000235	NutsSeedsPreparedProcessed	50101800	Brick→Class
NutsSeedsPreparedProcessedOutOfShell	10000236	NutsSeedsPreparedProcessed	50101800	Brick→Class
VegetablesPreparedProcessedFrozen	10000270	VegetablesPreparedProcessed	50102100	Brick→Class
VegetablesPreparedProcessedPerishable	10000271	VegetablesPreparedProcessed	50102100	Brick→Class
VegetablesPreparedProcessedShelfStable	10000272	VegetablesPreparedProcessed	50102100	Brick→Class
BeesWaspsAntsPreparedProcessed	10008321	InsectsEdiblePreparedProcessed	50400100	Brick→Class
BeetlesPreparedProcessed	10008319	InsectsEdiblePreparedProcessed	50400100	Brick→Class
ButterfliesMothsPreparedProcessed	10008320	InsectsEdiblePreparedProcessed	50400100	Brick→Class
CicadasLeafhoppersPlanthoppersPreparedProcessed	10008323	InsectsEdiblePreparedProcessed	50400100	Brick→Class
DragonfliesPreparedProcessed	10008326	InsectsEdiblePreparedProcessed	50400100	Brick→Class
FliesPreparedProcessed	10008324	InsectsEdiblePreparedProcessed	50400100	Brick→Class
GrasshoppersLocustsCricketsPreparedProcessed	10008322	InsectsEdiblePreparedProcessed	50400100	Brick→Class
InsectsMixedSpeciesPreparedProcessed	10008327	InsectsEdiblePreparedProcessed	50400100	Brick→Class
InsectsOtherPreparedProcessed	10008328	InsectsEdiblePreparedProcessed	50400100	Brick→Class
TermitesPreparedProcessed	10008325	InsectsEdiblePreparedProcessed	50400100	Brick→Class
BeesWaspsAntsUnpreparedUnprocessed	10008331	InsectsEdibleUnpreparedUnprocessed	50400200	Brick→Class
BeetlesUnpreparedUnprocessed	10008329	InsectsEdibleUnpreparedUnprocessed	50400200	Brick→Class
ButterfliesMothsUnpreparedUnprocessed	10008330	InsectsEdibleUnpreparedUnprocessed	50400200	Brick→Class
CicadasLeafhoppersPlanthoppersUnpreparedUnprocessed	10008333	InsectsEdibleUnpreparedUnprocessed	50400200	Brick→Class
DragonfliesUnpreparedUnprocessed	10008336	InsectsEdibleUnpreparedUnprocessed	50400200	Brick→Class
FliesUnpreparedUnprocessed	10008334	InsectsEdibleUnpreparedUnprocessed	50400200	Brick→Class
GrasshoppersLocustsCricketsUnpreparedUnprocessed	10008332	InsectsEdibleUnpreparedUnprocessed	50400200	Brick→Class
InsectsMixedSpeciesUnpreparedUnprocessed	10008337	InsectsEdibleUnpreparedUnprocessed	50400200	Brick→Class
InsectsOtherUnpreparedUnprocessed	10008338	InsectsEdibleUnpreparedUnprocessed	50400200	Brick→Class
TermitesUnpreparedUnprocessed	10008335	InsectsEdibleUnpreparedUnprocessed	50400200	Brick→Class
CommonChicory	10006422	ChicoryLeaves	50350100	Brick→Class
EndiveBroadLeaf	10006155	ChicoryLeaves	50350100	Brick→Class
EndiveCurled	10006097	ChicoryLeaves	50350100	Brick→Class
Puntarelle	10006423	ChicoryLeaves	50350100	Brick→Class
RadicchioRedloof	10006421	ChicoryLeaves	50350100	Brick→Class
RadicchioRosso	10006094	ChicoryLeaves	50350100	Brick→Class
Sugarloaf	10006095	ChicoryLeaves	50350100	Brick→Class
WitloofBelgianEndive	10006093	ChicoryLeaves	50350100	Brick→Class
Batavia	10006419	HeadLettuce	50350200	Brick→Class
HeadLettuceButterhead	10006079	HeadLettuce	50350200	Brick→Class
IcebergLettuce	10006267	HeadLettuce	50350200	Brick→Class
RomaineCosLettuce	10006085	HeadLettuce	50350200	Brick→Class
LeafVegetablesUnpreparedUnprocessedVarietyPacks	10006428	LeafVegetablesUnpreparedUnprocessedVarietyPacks	50350600	Brick→Class
LolloBionda	10006424	LooseLeafMultileafSaladGreens	50350300	Brick→Class
LolloRosso	10006425	LooseLeafMultileafSaladGreens	50350300	Brick→Class
LooseLeafMultileafLettuceOther	10006268	LooseLeafMultileafSaladGreens	50350300	Brick→Class
OakleafLettuce	10006426	LooseLeafMultileafSaladGreens	50350300	Brick→Class
BabyLeaves	10006269	SingleLeafSaladGreens	50350400	Brick→Class
DandelionGreensLion'sTooth	10006089	SingleLeafSaladGreens	50350400	Brick→Class
LambsLettuce	10006086	SingleLeafSaladGreens	50350400	Brick→Class
Purslane	10006092	SingleLeafSaladGreens	50350400	Brick→Class
Rocket	10006088	SingleLeafSaladGreens	50350400	Brick→Class
Sorrel	10006090	SingleLeafSaladGreens	50350400	Brick→Class
Watercress	10006048	SingleLeafSaladGreens	50350400	Brick→Class
HinChoy	10006420	SpinachFresh	50350500	Brick→Class
NewZealandSpinach	10006427	SpinachFresh	50350500	Brick→Class
Spinach	10006091	SpinachFresh	50350500	Brick→Class
WaterSpinachOngChoy	10006352	SpinachFresh	50350500	Brick→Class
Celtuce	10006761	StemLettuce	50350700	Brick→Class
FishSubstitutesAnimalBasedFrozen	10008248	FishSubstitutes	50390200	Brick→Class
FishSubstitutesAnimalBasedPerishable	10008250	FishSubstitutes	50390200	Brick→Class
FishSubstitutesAnimalBasedShelfStable	10008252	FishSubstitutes	50390200	Brick→Class
FishSubstitutesNonAnimalBasedFrozen	10008247	FishSubstitutes	50390200	Brick→Class
FishSubstitutesNonAnimalBasedPerishable	10008249	FishSubstitutes	50390200	Brick→Class
FishSubstitutesNonAnimalBasedShelfStable	10008251	FishSubstitutes	50390200	Brick→Class
FishSubstitutesVarietyPacks	10008253	FishSubstitutes	50390200	Brick→Class
MeatSubstitutesAnimalBasedFrozen	10008244	MeatSubstitutes	50390100	Brick→Class
MeatSubstitutesAnimalBasedPerishable	10008245	MeatSubstitutes	50390100	Brick→Class
MeatSubstitutesAnimalBasedShelfStable	10008246	MeatSubstitutes	50390100	Brick→Class
MeatSubstitutesNonAnimalBasedFrozen	10005823	MeatSubstitutes	50390100	Brick→Class
MeatSubstitutesNonAnimalBasedPerishable	10005824	MeatSubstitutes	50390100	Brick→Class
MeatSubstitutesNonAnimalBasedShelfStable	10005825	MeatSubstitutes	50390100	Brick→Class
MeatSubstitutesVarietyPacks	10006230	MeatSubstitutes	50390100	Brick→Class
SeafoodSubstitutesAnimalBasedFrozen	10008255	SeafoodSubstitutes	50390300	Brick→Class
SeafoodSubstitutesAnimalBasedPerishable	10008256	SeafoodSubstitutes	50390300	Brick→Class
SeafoodSubstitutesAnimalBasedShelfStable	10008257	SeafoodSubstitutes	50390300	Brick→Class
SeafoodSubstitutesNonAnimalBasedFrozen	10008254	SeafoodSubstitutes	50390300	Brick→Class
SeafoodSubstitutesNonAnimalBasedPerishable	10008108	SeafoodSubstitutes	50390300	Brick→Class
SeafoodSubstitutesNonAnimalBasedShelfStable	10008107	SeafoodSubstitutes	50390300	Brick→Class
SeafoodSubstitutesVarietyPacks	10008258	SeafoodSubstitutes	50390300	Brick→Class
AlternativeMeatPoultryOtherAnimalsSpeciesPreparedProcessed	10005783	MeatPoultryOtherAnimalsPreparedProcessed	50240100	Brick→Class
AntelopePreparedProcessed	10006298	MeatPoultryOtherAnimalsPreparedProcessed	50240100	Brick→Class
BeefPreparedProcessed	10005767	MeatPoultryOtherAnimalsPreparedProcessed	50240100	Brick→Class
BeefaloCattaloPreparedProcessed	10006299	MeatPoultryOtherAnimalsPreparedProcessed	50240100	Brick→Class
BisonBuffaloPreparedProcessed	10005768	MeatPoultryOtherAnimalsPreparedProcessed	50240100	Brick→Class
ChickenPreparedProcessed	10005769	MeatPoultryOtherAnimalsPreparedProcessed	50240100	Brick→Class
DeerOtherThanRoeDeerPreparedProcessed	10005770	MeatPoultryOtherAnimalsPreparedProcessed	50240100	Brick→Class
DuckPreparedProcessed	10005771	MeatPoultryOtherAnimalsPreparedProcessed	50240100	Brick→Class
ElkWapitiPreparedProcessed	10006300	MeatPoultryOtherAnimalsPreparedProcessed	50240100	Brick→Class
EmuPreparedProcessed	10006304	MeatPoultryOtherAnimalsPreparedProcessed	50240100	Brick→Class
FrogPreparedProcessed	10005772	MeatPoultryOtherAnimalsPreparedProcessed	50240100	Brick→Class
GoatPreparedProcessed	10005773	MeatPoultryOtherAnimalsPreparedProcessed	50240100	Brick→Class
GoosePreparedProcessed	10006305	MeatPoultryOtherAnimalsPreparedProcessed	50240100	Brick→Class
GuineaFowlPreparedProcessed	10006306	MeatPoultryOtherAnimalsPreparedProcessed	50240100	Brick→Class
HarePreparedProcessed	10006297	MeatPoultryOtherAnimalsPreparedProcessed	50240100	Brick→Class
HorsePreparedProcessed	10005774	MeatPoultryOtherAnimalsPreparedProcessed	50240100	Brick→Class
LambPreparedProcessed	10006294	MeatPoultryOtherAnimalsPreparedProcessed	50240100	Brick→Class
LandSnailPreparedProcessed	10005776	MeatPoultryOtherAnimalsPreparedProcessed	50240100	Brick→Class
LlamaAlpacaPreparedProcessed	10005777	MeatPoultryOtherAnimalsPreparedProcessed	50240100	Brick→Class
MixedSpeciesMeatPoultryOtherAnimalAlternativeMeatPreparedProcessed	10005778	MeatPoultryOtherAnimalsPreparedProcessed	50240100	Brick→Class
MooseElkPreparedProcessed	10006301	MeatPoultryOtherAnimalsPreparedProcessed	50240100	Brick→Class
MuttonPreparedProcessed	10006295	MeatPoultryOtherAnimalsPreparedProcessed	50240100	Brick→Class
OstrichPreparedProcessed	10005779	MeatPoultryOtherAnimalsPreparedProcessed	50240100	Brick→Class
PheasantPreparedProcessed	10005780	MeatPoultryOtherAnimalsPreparedProcessed	50240100	Brick→Class
PorkPreparedProcessed	10005781	MeatPoultryOtherAnimalsPreparedProcessed	50240100	Brick→Class
QuailPreparedProcessed	10006307	MeatPoultryOtherAnimalsPreparedProcessed	50240100	Brick→Class
RabbitPreparedProcessed	10005782	MeatPoultryOtherAnimalsPreparedProcessed	50240100	Brick→Class
ReindeerCaribouPreparedProcessed	10006303	MeatPoultryOtherAnimalsPreparedProcessed	50240100	Brick→Class
RheaPreparedProcessed	10006308	MeatPoultryOtherAnimalsPreparedProcessed	50240100	Brick→Class
RoeDeerPreparedProcessed	10006393	MeatPoultryOtherAnimalsPreparedProcessed	50240100	Brick→Class
SquabPigeonPreparedProcessed	10006309	MeatPoultryOtherAnimalsPreparedProcessed	50240100	Brick→Class
TurkeyPreparedProcessed	10005784	MeatPoultryOtherAnimalsPreparedProcessed	50240100	Brick→Class
VealPreparedProcessed	10005785	MeatPoultryOtherAnimalsPreparedProcessed	50240100	Brick→Class
WaterBuffaloPreparedProcessed	10006302	MeatPoultryOtherAnimalsPreparedProcessed	50240100	Brick→Class
WildBoarPreparedProcessed	10006296	MeatPoultryOtherAnimalsPreparedProcessed	50240100	Brick→Class
AlternativeMeatPoultryOtherAnimalSpeciesUnpreparedUnprocessed	10005802	MeatPoultryOtherAnimalsUnpreparedUnprocessed	50240200	Brick→Class
AntelopeUnpreparedUnprocessed	10006282	MeatPoultryOtherAnimalsUnpreparedUnprocessed	50240200	Brick→Class
BeefUnpreparedUnprocessed	10005786	MeatPoultryOtherAnimalsUnpreparedUnprocessed	50240200	Brick→Class
BeefaloCattaloUnpreparedUnprocessed	10006283	MeatPoultryOtherAnimalsUnpreparedUnprocessed	50240200	Brick→Class
BisonBuffaloUnpreparedUnprocessed	10005787	MeatPoultryOtherAnimalsUnpreparedUnprocessed	50240200	Brick→Class
ChickenUnpreparedUnprocessed	10005788	MeatPoultryOtherAnimalsUnpreparedUnprocessed	50240200	Brick→Class
DeerOtherThanRoeDeerUnpreparedUnprocessed	10005789	MeatPoultryOtherAnimalsUnpreparedUnprocessed	50240200	Brick→Class
DuckUnpreparedUnprocessed	10005790	MeatPoultryOtherAnimalsUnpreparedUnprocessed	50240200	Brick→Class
ElkWapitiUnpreparedUnprocessed	10006284	MeatPoultryOtherAnimalsUnpreparedUnprocessed	50240200	Brick→Class
EmuUnpreparedUnprocessed	10006288	MeatPoultryOtherAnimalsUnpreparedUnprocessed	50240200	Brick→Class
FrogUnpreparedUnprocessed	10005791	MeatPoultryOtherAnimalsUnpreparedUnprocessed	50240200	Brick→Class
GoatUnpreparedUnprocessed	10005792	MeatPoultryOtherAnimalsUnpreparedUnprocessed	50240200	Brick→Class
GooseUnpreparedUnprocessed	10006289	MeatPoultryOtherAnimalsUnpreparedUnprocessed	50240200	Brick→Class
GuineaFowlUnpreparedUnprocessed	10006290	MeatPoultryOtherAnimalsUnpreparedUnprocessed	50240200	Brick→Class
HareUnpreparedUnprocessed	10006281	MeatPoultryOtherAnimalsUnpreparedUnprocessed	50240200	Brick→Class
HorseUnpreparedUnprocessed	10005793	MeatPoultryOtherAnimalsUnpreparedUnprocessed	50240200	Brick→Class
LambUnpreparedUnprocessed	10006278	MeatPoultryOtherAnimalsUnpreparedUnprocessed	50240200	Brick→Class
LandSnailUnpreparedUnprocessed	10005795	MeatPoultryOtherAnimalsUnpreparedUnprocessed	50240200	Brick→Class
LlamaAlpacaUnpreparedUnprocessed	10005796	MeatPoultryOtherAnimalsUnpreparedUnprocessed	50240200	Brick→Class
MixedSpeciesMeatUnpreparedUnprocessed	10005797	MeatPoultryOtherAnimalsUnpreparedUnprocessed	50240200	Brick→Class
MooseElkUnpreparedUnprocessed	10006285	MeatPoultryOtherAnimalsUnpreparedUnprocessed	50240200	Brick→Class
MuttonUnpreparedUnprocessed	10006279	MeatPoultryOtherAnimalsUnpreparedUnprocessed	50240200	Brick→Class
OstrichUnpreparedUnprocessed	10005798	MeatPoultryOtherAnimalsUnpreparedUnprocessed	50240200	Brick→Class
PheasantUnpreparedUnprocessed	10005799	MeatPoultryOtherAnimalsUnpreparedUnprocessed	50240200	Brick→Class
PorkUnpreparedUnprocessed	10005800	MeatPoultryOtherAnimalsUnpreparedUnprocessed	50240200	Brick→Class
QuailUnpreparedUnprocessed	10006291	MeatPoultryOtherAnimalsUnpreparedUnprocessed	50240200	Brick→Class
RabbitUnpreparedUnprocessed	10005801	MeatPoultryOtherAnimalsUnpreparedUnprocessed	50240200	Brick→Class
ReindeerCaribouUnpreparedUnprocessed	10006287	MeatPoultryOtherAnimalsUnpreparedUnprocessed	50240200	Brick→Class
RheaUnpreparedUnprocessed	10006292	MeatPoultryOtherAnimalsUnpreparedUnprocessed	50240200	Brick→Class
RoeDeerUnpreparedUnprocessed	10006394	MeatPoultryOtherAnimalsUnpreparedUnprocessed	50240200	Brick→Class
SquabPigeonUnpreparedUnprocessed	10006293	MeatPoultryOtherAnimalsUnpreparedUnprocessed	50240200	Brick→Class
TurkeyUnpreparedUnprocessed	10005803	MeatPoultryOtherAnimalsUnpreparedUnprocessed	50240200	Brick→Class
VealUnpreparedUnprocessed	10005804	MeatPoultryOtherAnimalsUnpreparedUnprocessed	50240200	Brick→Class
WaterBuffaloUnpreparedUnprocessed	10006286	MeatPoultryOtherAnimalsUnpreparedUnprocessed	50240200	Brick→Class
WildBoarUnpreparedUnprocessed	10006280	MeatPoultryOtherAnimalsUnpreparedUnprocessed	50240200	Brick→Class
AlternativeMeatPoultryOtherAnimalSausagesPreparedProcessed	10005832	MeatPoultryOtherAnimalsSausagesPreparedProcessed	50240300	Brick→Class
BeefSausagesPreparedProcessed	10005833	MeatPoultryOtherAnimalsSausagesPreparedProcessed	50240300	Brick→Class
ChickenSausagesPreparedProcessed	10005834	MeatPoultryOtherAnimalsSausagesPreparedProcessed	50240300	Brick→Class
LambMuttonSausagesPreparedProcessed	10005835	MeatPoultryOtherAnimalsSausagesPreparedProcessed	50240300	Brick→Class
MixedSpeciesSausagesPreparedProcessed	10005836	MeatPoultryOtherAnimalsSausagesPreparedProcessed	50240300	Brick→Class
PorkSausagesPreparedProcessed	10005840	MeatPoultryOtherAnimalsSausagesPreparedProcessed	50240300	Brick→Class
TurkeySausagesPreparedProcessed	10005837	MeatPoultryOtherAnimalsSausagesPreparedProcessed	50240300	Brick→Class
VealSausagesPreparedProcessed	10005838	MeatPoultryOtherAnimalsSausagesPreparedProcessed	50240300	Brick→Class
ButterFrozen	10000167	ButterButterSubstitutes	50131900	Brick→Class
ButterPerishable	10000168	ButterButterSubstitutes	50131900	Brick→Class
ButterShelfStable	10000169	ButterButterSubstitutes	50131900	Brick→Class
DairySpreadsFrozen	10006985	ButterButterSubstitutes	50131900	Brick→Class
DairySpreadsPerishable	10006984	ButterButterSubstitutes	50131900	Brick→Class
DairySpreadsShelfStable	10006986	ButterButterSubstitutes	50131900	Brick→Class
MargarineFrozen	10006983	ButterButterSubstitutes	50131900	Brick→Class
MargarinePerishable	10006982	ButterButterSubstitutes	50131900	Brick→Class
MargarineShelfStable	10006981	ButterButterSubstitutes	50131900	Brick→Class
MixedFatSpreadsFrozen	10006988	ButterButterSubstitutes	50131900	Brick→Class
MixedFatSpreadsPerishable	10006989	ButterButterSubstitutes	50131900	Brick→Class
MixedFatSpreadsShelfStable	10006987	ButterButterSubstitutes	50131900	Brick→Class
CheeseFrozen	10000030	CheeseCheeseSubstitutes	50131800	Brick→Class
CheesePerishable	10000028	CheeseCheeseSubstitutes	50131800	Brick→Class
CheeseShelfStable	10000029	CheeseCheeseSubstitutes	50131800	Brick→Class
CheeseSubstitutesFrozen	10006995	CheeseCheeseSubstitutes	50131800	Brick→Class
CheeseSubstitutesPerishable	10006996	CheeseCheeseSubstitutes	50131800	Brick→Class
CheeseSubstitutesShelfStable	10006997	CheeseCheeseSubstitutes	50131800	Brick→Class
CreamFrozen	10000188	CreamCreamSubstitutes	50132000	Brick→Class
CreamPerishable	10000189	CreamCreamSubstitutes	50132000	Brick→Class
CreamShelfStable	10000190	CreamCreamSubstitutes	50132000	Brick→Class
CreamSubstituteFrozen	10006975	CreamCreamSubstitutes	50132000	Brick→Class
CreamSubstitutePerishable	10006976	CreamCreamSubstitutes	50132000	Brick→Class
CreamSubstituteShelfStable	10006977	CreamCreamSubstitutes	50132000	Brick→Class
DairyByProducts	10006728	DairyDerivativesByProducts	50132600	Brick→Class
EggsExtracts	10006204	EggsEggsExtractsIndustrialProcess	50132300	Brick→Class
InShellCheckedDirtyEggs	10006203	EggsEggsExtractsIndustrialProcess	50132300	Brick→Class
InShellNestRunEggs	10006202	EggsEggsExtractsIndustrialProcess	50132300	Brick→Class
EggsImitations	10006213	EggsEggsSubstitutes	50132500	Brick→Class
EggsProductsSubstitutes	10006212	EggsEggsSubstitutes	50132500	Brick→Class
InShellTableEggs	10006210	EggsEggsSubstitutes	50132500	Brick→Class
IndividuallyCookedEggs	10006211	EggsEggsSubstitutes	50132500	Brick→Class
MilkButterCreamYogurtsCheeseEggsSubstitutesVarietyPacks	10000607	MilkButterCreamYogurtsCheeseEggsSubstitutesVarietyPacks	50132200	Brick→Class
MilkFrozen	10000027	MilkMilkSubstitutes	50131700	Brick→Class
MilkPerishable	10000025	MilkMilkSubstitutes	50131700	Brick→Class
MilkShelfStable	10000026	MilkMilkSubstitutes	50131700	Brick→Class
MilkSubstitutesFrozen	10006969	MilkMilkSubstitutes	50131700	Brick→Class
MilkSubstitutesPerishable	10006970	MilkMilkSubstitutes	50131700	Brick→Class
MilkSubstitutesShelfStable	10006971	MilkMilkSubstitutes	50131700	Brick→Class
YogurtFrozen	10000277	YogurtYogurtSubstitutes	50132100	Brick→Class
YogurtPerishable	10000278	YogurtYogurtSubstitutes	50132100	Brick→Class
YogurtShelfStable	10000279	YogurtYogurtSubstitutes	50132100	Brick→Class
YogurtSubstitutesFrozen	10006978	YogurtYogurtSubstitutes	50132100	Brick→Class
YogurtSubstitutesPerishable	10006979	YogurtYogurtSubstitutes	50132100	Brick→Class
YogurtSubstitutesShelfStable	10006980	YogurtYogurtSubstitutes	50132100	Brick→Class
NutsSeedsUnpreparedUnprocessedInShell	10000008	NutsSeedsUnpreparedUnprocessedInShell	50340100	Brick→Class
NutsSeedsUnpreparedUnprocessedPerishable	10000007	NutsSeedsUnpreparedUnprocessedPerishable	50330100	Brick→Class
FatsEdibleAnimalPerishable	10000041	FatsEdible	50151600	Brick→Class
FatsEdibleAnimalShelfStable	10000574	FatsEdible	50151600	Brick→Class
FatsEdibleMixedPerishable	10006990	FatsEdible	50151600	Brick→Class
FatsEdibleMixedShelfStable	10006991	FatsEdible	50151600	Brick→Class
FatsEdibleVegetablePlantPerishable	10000585	FatsEdible	50151600	Brick→Class
FatsEdibleVegetablePlantShelfStable	10000042	FatsEdible	50151600	Brick→Class
FatsEdibleVarietyPacks	10000608	FatsEdible	50151600	Brick→Class
OilsEdibleVegetableOrPlantPerishable	10006958	OilsEdible	50151500	Brick→Class
OilsEdibleVegetableOrPlantShelfStable	10000040	OilsEdible	50151500	Brick→Class
OilsFatsEdibleVarietyPacks	10000609	OilsFatsEdibleVarietyPacks	50151700	Brick→Class
BabyInfantFoodsBeveragesVarietyPacks	10000610	BabyInfantFoodsBeverages	50193000	Brick→Class
BabyInfantFormulaShelfStable	10000575	BabyInfantFoodsBeverages	50193000	Brick→Class
BabyInfantSpecialisedBeveragesShelfStable	10000105	BabyInfantFoodsBeverages	50193000	Brick→Class
BabyInfantSpecialisedFoodsFrozen	10006273	BabyInfantFoodsBeverages	50193000	Brick→Class
BabyInfantSpecialisedFoodsShelfStable	10000104	BabyInfantFoodsBeverages	50193000	Brick→Class
DairyBasedProductsMealsNotReadyToEatDrinkFrozen	10005827	DairyEggBasedProductsMeals	50193500	Brick→Class
DairyBasedProductsMealsNotReadyToEatDrinkPerishable	10005826	DairyEggBasedProductsMeals	50193500	Brick→Class
DairyEggBasedProductsMealsReadyToEatPerishable	10005227	DairyEggBasedProductsMeals	50193500	Brick→Class
DairyEggBasedProductsMealsReadyToEatShelfStable	10005228	DairyEggBasedProductsMeals	50193500	Brick→Class
DairyEggBasedProductsMealsVarietyPacks	10006229	DairyEggBasedProductsMeals	50193500	Brick→Class
EggBasedProductsMealsNotReadyToEatFrozen	10005224	DairyEggBasedProductsMeals	50193500	Brick→Class
EggBasedProductsMealsNotReadyToEatPerishable	10005225	DairyEggBasedProductsMeals	50193500	Brick→Class
EggBasedProductsMealsNotReadyToEatShelfStable	10005226	DairyEggBasedProductsMeals	50193500	Brick→Class
DessertSaucesToppingsFillingsFrozen	10000193	DessertsDessertsSubstitutesDessertSaucesToppings	50192300	Brick→Class
DessertSaucesToppingsFillingsPerishable	10000194	DessertsDessertsSubstitutesDessertSaucesToppings	50192300	Brick→Class
DessertSaucesToppingsFillingsShelfStable	10000195	DessertsDessertsSubstitutesDessertSaucesToppings	50192300	Brick→Class
DessertsFrozen	10000196	DessertsDessertsSubstitutesDessertSaucesToppings	50192300	Brick→Class
DessertsPerishable	10000197	DessertsDessertsSubstitutesDessertSaucesToppings	50192300	Brick→Class
DessertsShelfStable	10000312	DessertsDessertsSubstitutesDessertSaucesToppings	50192300	Brick→Class
DessertsSubstitutesPerishable	10008458	DessertsDessertsSubstitutesDessertSaucesToppings	50192300	Brick→Class
DessertsDessertToppingsVarietyPacks	10000611	DessertsDessertsSubstitutesDessertSaucesToppings	50192300	Brick→Class
IceCreamIceNoveltiesFrozen	10000215	DessertsDessertsSubstitutesDessertSaucesToppings	50192300	Brick→Class
IceCreamIceNoveltiesShelfStable	10000216	DessertsDessertsSubstitutesDessertSaucesToppings	50192300	Brick→Class
DoughBasedProductsMealsNotReadyToEatSavouryFrozen	10000301	DoughBasedProductsMeals	50193300	Brick→Class
DoughBasedProductsMealsNotReadyToEatSavouryPerishable	10000300	DoughBasedProductsMeals	50193300	Brick→Class
DoughBasedProductsMealsNotReadyToEatSavouryShelfStable	10000302	DoughBasedProductsMeals	50193300	Brick→Class
DoughBasedProductsMealsReadyToEatSavouryPerishable	10000298	DoughBasedProductsMeals	50193300	Brick→Class
DoughBasedProductsMealsReadyToEatSavouryShelfStable	10000299	DoughBasedProductsMeals	50193300	Brick→Class
DoughBasedProductsMealsVarietyPacks	10006222	DoughBasedProductsMeals	50193300	Brick→Class
GrainBasedProductsMealsNotReadyToEatSavouryFrozen	10000296	GrainBasedProductsMeals	50193200	Brick→Class
GrainBasedProductsMealsNotReadyToEatSavouryPerishable	10000295	GrainBasedProductsMeals	50193200	Brick→Class
GrainBasedProductsMealsNotReadyToEatSavouryShelfStable	10000297	GrainBasedProductsMeals	50193200	Brick→Class
GrainBasedProductsMealsReadyToEatSavouryPerishable	10000293	GrainBasedProductsMeals	50193200	Brick→Class
GrainBasedProductsMealsReadyToEatSavouryShelfStable	10000294	GrainBasedProductsMeals	50193200	Brick→Class
GrainBasedProductsMealsVarietyPacks	10006228	GrainBasedProductsMeals	50193200	Brick→Class
PastaNoodlesNotReadyToEatFrozen	10000318	PastaNoodles	50192900	Brick→Class
PastaNoodlesNotReadyToEatPerishable	10000317	PastaNoodles	50192900	Brick→Class
PastaNoodlesNotReadyToEatShelfStable	10000242	PastaNoodles	50192900	Brick→Class
PastaNoodlesReadyToEatPerishable	10000240	PastaNoodles	50192900	Brick→Class
PastaNoodlesReadyToEatShelfStable	10000241	PastaNoodles	50192900	Brick→Class
PastaNoodlesVarietyPacks	10006219	PastaNoodles	50192900	Brick→Class
SoupAdditionsFrozen	10006314	PreparedSoups	50191500	Brick→Class
SoupAdditionsPerishable	10006315	PreparedSoups	50191500	Brick→Class
SoupAdditionsShelfStable	10006316	PreparedSoups	50191500	Brick→Class
SoupsPreparedFrozen	10000260	PreparedSoups	50191500	Brick→Class
SoupsPreparedPerishable	10000261	PreparedSoups	50191500	Brick→Class
SoupsPreparedShelfStable	10000262	PreparedSoups	50191500	Brick→Class
SoupsPreparedVarietyPacks	10006216	PreparedSoups	50191500	Brick→Class
PreparedPreservedFoodsVarietyPacks	10000613	PreparedPreservedFoodsVarietyPacks	50193400	Brick→Class
ReadyMadeCombinationMealsNotReadyToEatFrozen	10006748	ReadyMadeCombinationMeals	50193800	Brick→Class
ReadyMadeCombinationMealsNotReadyToEatPerishable	10006749	ReadyMadeCombinationMeals	50193800	Brick→Class
ReadyMadeCombinationMealsNotReadyToEatShelfStable	10006750	ReadyMadeCombinationMeals	50193800	Brick→Class
ReadyMadeCombinationMealsNotReadyToEatVarietyPacks	10006754	ReadyMadeCombinationMeals	50193800	Brick→Class
ReadyMadeCombinationMealsReadyToEatPerishable	10006751	ReadyMadeCombinationMeals	50193800	Brick→Class
ReadyMadeCombinationMealsReadyToEatShelfStable	10006752	ReadyMadeCombinationMeals	50193800	Brick→Class
ReadyMadeCombinationMealsReadyToEatVarietyPacks	10006753	ReadyMadeCombinationMeals	50193800	Brick→Class
SandwichesFilledRollsWrapsFrozen	10000254	SandwichesFilledRollsWraps	50192500	Brick→Class
SandwichesFilledRollsWrapsPerishable	10000255	SandwichesFilledRollsWraps	50192500	Brick→Class
SandwichesFilledRollsWrapsVarietyPacks	10006217	SandwichesFilledRollsWraps	50192500	Brick→Class
CaramelToffeeApples	10005822	Snacks	50192100	Brick→Class
ChipsCrispsSnackMixesNaturalExtrudedShelfStable	10000177	Snacks	50192100	Brick→Class
DoodlesPuffs	10006746	Snacks	50192100	Brick→Class
PopcornShelfStable	10000252	Snacks	50192100	Brick→Class
SaltSticksMiniPretzels	10006747	Snacks	50192100	Brick→Class
SnacksOther	10007276	Snacks	50192100	Brick→Class
SnacksVarietyPacks	10000612	Snacks	50192100	Brick→Class
ConfectioneryBasedSpreadsShelfStable	10000187	SweetSpreads	50192400	Brick→Class
HoneyShelfStable	10000213	SweetSpreads	50192400	Brick→Class
HoneySubstitutes	10006848	SweetSpreads	50192400	Brick→Class
JamsMarmaladesShelfStable	10000217	SweetSpreads	50192400	Brick→Class
JamsMarmaladesFruitSpreadsPerishable	10006837	SweetSpreads	50192400	Brick→Class
SweetSpreadsVarietyPacks	10000621	SweetSpreads	50192400	Brick→Class
VegetableBasedProductsMealsNotReadyToEatFrozen	10000291	VegetableBasedProductsMeals	50193100	Brick→Class
VegetableBasedProductsMealsNotReadyToEatPerishable	10000290	VegetableBasedProductsMeals	50193100	Brick→Class
VegetableBasedProductsMealsNotReadyToEatShelfStable	10000292	VegetableBasedProductsMeals	50193100	Brick→Class
VegetableBasedProductsMealsReadyToEatPerishable	10000289	VegetableBasedProductsMeals	50193100	Brick→Class
VegetableBasedProductsMealsReadyToEatShelfStable	10000288	VegetableBasedProductsMeals	50193100	Brick→Class
VegetableBasedProductsMealsVarietyPacks	10006221	VegetableBasedProductsMeals	50193100	Brick→Class
ArtificialCasings	10008044	CasingsForFoodItems	50172100	Brick→Class
NaturalCasings	10008043	CasingsForFoodItems	50172100	Brick→Class
ExtractsSaltMeatTenderisersShelfStable	10000050	HerbsSpicesExtracts	50171500	Brick→Class
ExtractsSeasoningsFlavourEnhancersShelfStable	10006214	HerbsSpicesExtracts	50171500	Brick→Class
FoodAdditives	10008061	HerbsSpicesExtracts	50171500	Brick→Class
HerbsSpicesFrozen	10000212	HerbsSpicesExtracts	50171500	Brick→Class
HerbsSpicesPerishable	10000048	HerbsSpicesExtracts	50171500	Brick→Class
HerbsSpicesShelfStable	10000049	HerbsSpicesExtracts	50171500	Brick→Class
HerbsSpicesExtractsVarietyPacks	10000615	HerbsSpicesExtracts	50171500	Brick→Class
StockBonesFrozen	10000580	HerbsSpicesExtracts	50171500	Brick→Class
StockBonesPerishable	10000579	HerbsSpicesExtracts	50171500	Brick→Class
StockBonesShelfStable	10000578	HerbsSpicesExtracts	50171500	Brick→Class
ChutneysRelishesFrozen	10000586	PicklesRelishesChutneysOlives	50171900	Brick→Class
ChutneysRelishesPerishable	10000587	PicklesRelishesChutneysOlives	50171900	Brick→Class
ChutneysRelishesShelfStable	10000180	PicklesRelishesChutneysOlives	50171900	Brick→Class
OlivesPerishable	10000238	PicklesRelishesChutneysOlives	50171900	Brick→Class
OlivesShelfStable	10000239	PicklesRelishesChutneysOlives	50171900	Brick→Class
PickledVegetables	10000244	PicklesRelishesChutneysOlives	50171900	Brick→Class
PicklesRelishesChutneysOlivesVarietyPacks	10000616	PicklesRelishesChutneysOlives	50171900	Brick→Class
DressingDipsFrozen	10000583	SaucesSpreadsDipsCondiments	50171800	Brick→Class
DressingsDipsPerishable	10000199	SaucesSpreadsDipsCondiments	50171800	Brick→Class
DressingsDipsShelfStable	10000200	SaucesSpreadsDipsCondiments	50171800	Brick→Class
FoodGlazesShelfStable	10000581	SaucesSpreadsDipsCondiments	50171800	Brick→Class
MayonnaiseMayonnaiseSubstitutesFrozen	10006317	SaucesSpreadsDipsCondiments	50171800	Brick→Class
MayonnaiseMayonnaiseSubstitutesPerishable	10006318	SaucesSpreadsDipsCondiments	50171800	Brick→Class
MayonnaiseMayonnaiseSubstitutesShelfStable	10006319	SaucesSpreadsDipsCondiments	50171800	Brick→Class
MustardFrozen	10006320	SaucesSpreadsDipsCondiments	50171800	Brick→Class
MustardPerishable	10006321	SaucesSpreadsDipsCondiments	50171800	Brick→Class
MustardShelfStable	10006322	SaucesSpreadsDipsCondiments	50171800	Brick→Class
OtherSaucesDippingCondimentsSavouryToppingsSavourySpreadsMarinadesFrozen	10000577	SaucesSpreadsDipsCondiments	50171800	Brick→Class
OtherSaucesDippingCondimentsSavouryToppingsSavourySpreadsMarinadesPerishable	10000054	SaucesSpreadsDipsCondiments	50171800	Brick→Class
OtherSaucesDippingCondimentsSavouryToppingsSavourySpreadsMarinadesShelfStable	10000280	SaucesSpreadsDipsCondiments	50171800	Brick→Class
PateFrozen	10000576	SaucesSpreadsDipsCondiments	50171800	Brick→Class
PatePerishable	10000064	SaucesSpreadsDipsCondiments	50171800	Brick→Class
PateShelfStable	10000306	SaucesSpreadsDipsCondiments	50171800	Brick→Class
SaucesCookingFrozen	10000056	SaucesSpreadsDipsCondiments	50171800	Brick→Class
SaucesCookingPerishable	10000055	SaucesSpreadsDipsCondiments	50171800	Brick→Class
SaucesCookingShelfStable	10000057	SaucesSpreadsDipsCondiments	50171800	Brick→Class
SaucesSpreadsDipsCondimentsVarietyPacks	10000617	SaucesSpreadsDipsCondiments	50171800	Brick→Class
TomatoKetchupKetchupSubstitutesFrozen	10006323	SaucesSpreadsDipsCondiments	50171800	Brick→Class
TomatoKetchupKetchupSubstitutesPerishable	10006324	SaucesSpreadsDipsCondiments	50171800	Brick→Class
TomatoKetchupKetchupSubstitutesShelfStable	10006325	SaucesSpreadsDipsCondiments	50171800	Brick→Class
SeasoningsPreservativesExtractsVarietyPacks	10000619	SeasoningsPreservativesExtractsVarietyPacks	50172000	Brick→Class
CookingWines	10000052	VinegarsCookingWines	50171700	Brick→Class
Vinegars	10000051	VinegarsCookingWines	50171700	Brick→Class
VinegarsCookingWinesVarietyPacks	10000618	VinegarsCookingWines	50171700	Brick→Class
VegetablesUnpreparedUnprocessedFrozen	10000005	VegetablesUnpreparedUnprocessedFrozen	50290100	Brick→Class
VegetablesUnpreparedUnprocessedShelfStable	10000006	VegetablesUnpreparedUnprocessedShelfStable	50320100	Brick→Class
AdzukiBeans	10006834	BeansWithPods	50261400	Brick→Class
BeansWinged	10006336	BeansWithPods	50261400	Brick→Class
BroadBeans	10005980	BeansWithPods	50261400	Brick→Class
FrenchWaxBeans	10005976	BeansWithPods	50261400	Brick→Class
JackBeans	10005981	BeansWithPods	50261400	Brick→Class
LimaBeans	10005982	BeansWithPods	50261400	Brick→Class
RunnerBeans	10005979	BeansWithPods	50261400	Brick→Class
Tamarind	10006359	BeansWithPods	50261400	Brick→Class
YardlongBeans	10006158	BeansWithPods	50261400	Brick→Class
BimiAndOtherBrassicaInterbreeds	10006445	BrassicaVegetables	50261100	Brick→Class
BlackMustard	10006341	BrassicaVegetables	50261100	Brick→Class
Broccoli	10005988	BrassicaVegetables	50261100	Brick→Class
BrusselSprouts	10005996	BrassicaVegetables	50261100	Brick→Class
Cauliflower	10005987	BrassicaVegetables	50261100	Brick→Class
ChineseCabbages	10006143	BrassicaVegetables	50261100	Brick→Class
ChoiSum	10006446	BrassicaVegetables	50261100	Brick→Class
GaiChoyMustardGreens	10006339	BrassicaVegetables	50261100	Brick→Class
GaiLan	10006823	BrassicaVegetables	50261100	Brick→Class
GreensTexasMustard	10006342	BrassicaVegetables	50261100	Brick→Class
Kale	10006144	BrassicaVegetables	50261100	Brick→Class
Kohlrabi	10006146	BrassicaVegetables	50261100	Brick→Class
MayTurnips	10006116	BrassicaVegetables	50261100	Brick→Class
Mizuna	10006444	BrassicaVegetables	50261100	Brick→Class
PakChoi	10006145	BrassicaVegetables	50261100	Brick→Class
PointedCabbage	10006197	BrassicaVegetables	50261100	Brick→Class
RedCabbages	10005997	BrassicaVegetables	50261100	Brick→Class
Romanesco	10006196	BrassicaVegetables	50261100	Brick→Class
SavoyCabbages	10006000	BrassicaVegetables	50261100	Brick→Class
SwedishTurnipsRutabagas	10006118	BrassicaVegetables	50261100	Brick→Class
Tatsoi	10006447	BrassicaVegetables	50261100	Brick→Class
TeltowTurnips	10006119	BrassicaVegetables	50261100	Brick→Class
TurnipTops	10006117	BrassicaVegetables	50261100	Brick→Class
Turnips	10006120	BrassicaVegetables	50261100	Brick→Class
WhiteCabbages	10005999	BrassicaVegetables	50261100	Brick→Class
ElephantGarlic	10006004	BulbVegetables	50260200	Brick→Class
Garlic	10006003	BulbVegetables	50260200	Brick→Class
Kurrat	10006007	BulbVegetables	50260200	Brick→Class
Onions	10006006	BulbVegetables	50260200	Brick→Class
Shallots	10006009	BulbVegetables	50260200	Brick→Class
SpringOrSpanishOnions	10006005	BulbVegetables	50260200	Brick→Class
Chickpeas	10006271	Chickpeas	50262200	Brick→Class
CrookedCucumber	10006450	Cucumbers	50260600	Brick→Class
Cucumbers	10006014	Cucumbers	50260600	Brick→Class
Gherkins	10006449	Cucumbers	50260600	Brick→Class
BitterMelon	10006349	CucurbitsEdiblePeel	50260700	Brick→Class
Courgettes	10006015	CucurbitsEdiblePeel	50260700	Brick→Class
SquashCalabaza	10006355	CucurbitsEdiblePeel	50260700	Brick→Class
SquashChoko	10006356	CucurbitsEdiblePeel	50260700	Brick→Class
SquashOpo	10006357	CucurbitsEdiblePeel	50260700	Brick→Class
Gourds	10006340	CucurbitsInediblePeel	50260900	Brick→Class
PumpkinsWinterSquash	10006038	CucurbitsInediblePeel	50260900	Brick→Class
EdibleFlowers	10006261	EdibleFlowers	50262000	Brick→Class
FernsCinnamon	10006361	Ferns	50262400	Brick→Class
FernsRoyal	10006362	Ferns	50262400	Brick→Class
FiddleheadFerns	10006824	Ferns	50262400	Brick→Class
BeechMushrooms	10006263	Fungi	50261700	Brick→Class
Cep	10006035	Fungi	50261700	Brick→Class
Chanterelles	10006033	Fungi	50261700	Brick→Class
CommonCultivatedMushroomAgaricus	10006157	Fungi	50261700	Brick→Class
Enokitake	10006264	Fungi	50261700	Brick→Class
Eryngii	10006265	Fungi	50261700	Brick→Class
LingzhiMushrooms	10006836	Fungi	50261700	Brick→Class
Morels	10006032	Fungi	50261700	Brick→Class
OysterMushrooms	10006031	Fungi	50261700	Brick→Class
ShiitakeMushrooms	10006034	Fungi	50261700	Brick→Class
Truffles	10006036	Fungi	50261700	Brick→Class
WildMushroomsOther	10006266	Fungi	50261700	Brick→Class
Anise	10006334	Herbs	50261300	Brick→Class
Archangel	10006050	Herbs	50261300	Brick→Class
Balm	10006061	Herbs	50261300	Brick→Class
Basil	10006041	Herbs	50261300	Brick→Class
Borage	10006047	Herbs	50261300	Brick→Class
BurnetSaxifrage	10006071	Herbs	50261300	Brick→Class
Caraway	10006056	Herbs	50261300	Brick→Class
CeleryLeaves	10006457	Herbs	50261300	Brick→Class
Chervil	10006053	Herbs	50261300	Brick→Class
Chives	10006074	Herbs	50261300	Brick→Class
CommonThyme	10006075	Herbs	50261300	Brick→Class
Coriander	10006054	Herbs	50261300	Brick→Class
CurledParsley	10006198	Herbs	50261300	Brick→Class
Dill	10006049	Herbs	50261300	Brick→Class
Epazote	10008003	Herbs	50261300	Brick→Class
FennelSubspeciesDulce	10006052	Herbs	50261300	Brick→Class
FlatParsleyItalian	10006199	Herbs	50261300	Brick→Class
GardenCress	10006055	Herbs	50261300	Brick→Class
HerbsVarietyPack	10006456	Herbs	50261300	Brick→Class
HojaSanta	10008002	Herbs	50261300	Brick→Class
Hyssop	10006077	Herbs	50261300	Brick→Class
Laurel	10006058	Herbs	50261300	Brick→Class
LemonThyme	10006076	Herbs	50261300	Brick→Class
LemonVerbena	10006078	Herbs	50261300	Brick→Class
Lemongrass	10006159	Herbs	50261300	Brick→Class
Lovage	10006057	Herbs	50261300	Brick→Class
Marjoram	10006059	Herbs	50261300	Brick→Class
Mint	10006063	Herbs	50261300	Brick→Class
Mugwort	10006044	Herbs	50261300	Brick→Class
Oregano	10006066	Herbs	50261300	Brick→Class
Papalo	10008004	Herbs	50261300	Brick→Class
Pepicha	10008005	Herbs	50261300	Brick→Class
PotMarjoram	10006060	Herbs	50261300	Brick→Class
Ramsons	10006040	Herbs	50261300	Brick→Class
Rosemary	10006072	Herbs	50261300	Brick→Class
Sage	10006353	Herbs	50261300	Brick→Class
SummerSavoury	10006045	Herbs	50261300	Brick→Class
SweetCicely	10006065	Herbs	50261300	Brick→Class
Tarragon	10006051	Herbs	50261300	Brick→Class
WinterSavoury	10006046	Herbs	50261300	Brick→Class
ArmenianCucumber	10006830	Melons	50260800	Brick→Class
ConomonMelons	10006829	Melons	50260800	Brick→Class
MelonHorned	10006350	Melons	50260800	Brick→Class
NettedMuskmelons	10006828	Melons	50260800	Brick→Class
NonNettedCantaloupeMelons	10006826	Melons	50260800	Brick→Class
OtherMelons	10006348	Melons	50260800	Brick→Class
Watermelons	10006037	Melons	50260800	Brick→Class
WinterMelonsOrOdourlessMuskmelons	10006827	Melons	50260800	Brick→Class
SeedlingsReadyToEat	10006259	MicroVegetables	50261900	Brick→Class
Sprouts	10006260	MicroVegetables	50261900	Brick→Class
Carobs	10005986	OtherVegetables	50261000	Brick→Class
CornIndian	10006337	OtherVegetables	50261000	Brick→Class
Okra	10006148	OtherVegetables	50261000	Brick→Class
Sweetcorn	10006147	OtherVegetables	50261000	Brick→Class
BlackEyedPeas	10006825	PeasWithPods	50261500	Brick→Class
Lentils	10006454	PeasWithPods	50261500	Brick→Class
Peas	10005984	PeasWithPods	50261500	Brick→Class
SnowPeas	10006270	PeasWithPods	50261500	Brick→Class
SugarSnapPeas	10005985	PeasWithPods	50261500	Brick→Class
WingedPea	10006455	PeasWithPods	50261500	Brick→Class
ChilliPeppers	10006102	Peppers	50260400	Brick→Class
ElongatedSweetPeppersPointed	10006100	Peppers	50260400	Brick→Class
FlatSweetPeppersTomatoPeppers	10006192	Peppers	50260400	Brick→Class
PepperVarietyPacks	10006195	Peppers	50260400	Brick→Class
SquareSweetPeppersBlunt	10006190	Peppers	50260400	Brick→Class
SquareTaperingSweetPeppersPegTop	10006191	Peppers	50260400	Brick→Class
Arracacha	10006335	RootTuberVegetables	50260100	Brick→Class
Arrowroot	10006416	RootTuberVegetables	50260100	Brick→Class
Beetroot	10006121	RootTuberVegetables	50260100	Brick→Class
BlackRadishes	10006115	RootTuberVegetables	50260100	Brick→Class
Carrots	10006122	RootTuberVegetables	50260100	Brick→Class
Cassava	10006108	RootTuberVegetables	50260100	Brick→Class
Celeriac	10006123	RootTuberVegetables	50260100	Brick→Class
Crosne	10006966	RootTuberVegetables	50260100	Brick→Class
Ginger	10006113	RootTuberVegetables	50260100	Brick→Class
Ginseng	10006833	RootTuberVegetables	50260100	Brick→Class
GoboRootBurdock	10006363	RootTuberVegetables	50260100	Brick→Class
Horseradish	10006124	RootTuberVegetables	50260100	Brick→Class
JerusalemArtichokes	10006125	RootTuberVegetables	50260100	Brick→Class
JicamaBean	10006344	RootTuberVegetables	50260100	Brick→Class
LilacTannia	10006109	RootTuberVegetables	50260100	Brick→Class
LotusRoot	10006364	RootTuberVegetables	50260100	Brick→Class
MashuaCapucineTubereuse	10006967	RootTuberVegetables	50260100	Brick→Class
NameMapuey	10006351	RootTuberVegetables	50260100	Brick→Class
Oca	10006968	RootTuberVegetables	50260100	Brick→Class
OkraChinese	10006366	RootTuberVegetables	50260100	Brick→Class
ParsleyRootHamburg	10006127	RootTuberVegetables	50260100	Brick→Class
Parsnips	10006126	RootTuberVegetables	50260100	Brick→Class
Potatoes	10006104	RootTuberVegetables	50260100	Brick→Class
Radishes	10006114	RootTuberVegetables	50260100	Brick→Class
Salsify	10006367	RootTuberVegetables	50260100	Brick→Class
Scorzonera	10006200	RootTuberVegetables	50260100	Brick→Class
SweetPotatoes	10006111	RootTuberVegetables	50260100	Brick→Class
Taro	10006107	RootTuberVegetables	50260100	Brick→Class
TurnipRootedChervil	10006418	RootTuberVegetables	50260100	Brick→Class
WhiteRadishDaikon	10006417	RootTuberVegetables	50260100	Brick→Class
WhiteTannia	10006110	RootTuberVegetables	50260100	Brick→Class
Yams	10006112	RootTuberVegetables	50260100	Brick→Class
Mamey	10006365	Sapote	50262500	Brick→Class
Sapodillo	10006368	Sapote	50262500	Brick→Class
SapoteBlack	10006369	Sapote	50262500	Brick→Class
SapoteWhite	10006370	Sapote	50262500	Brick→Class
WaterChestnuts	10006372	Sedges	50262700	Brick→Class
Antroewa	10006452	SolanaceaOthers	50260500	Brick→Class
Aubergines	10006128	SolanaceaOthers	50260500	Brick→Class
NaranjillaLulo	10006760	SolanaceaOthers	50260500	Brick→Class
Pepino	10006453	SolanaceaOthers	50260500	Brick→Class
Tamarillo	10006358	SolanaceaOthers	50260500	Brick→Class
Tomatillos	10006451	SolanaceaOthers	50260500	Brick→Class
Asparagus	10006129	StemVegetables	50261600	Brick→Class
BambooShoots	10006137	StemVegetables	50261600	Brick→Class
Cardoons	10006135	StemVegetables	50261600	Brick→Class
Celery	10006131	StemVegetables	50261600	Brick→Class
FennelSubspeciesAzoricum	10006272	StemVegetables	50261600	Brick→Class
GlobeArtichokes	10006130	StemVegetables	50261600	Brick→Class
Leek	10006133	StemVegetables	50261600	Brick→Class
PalmHearts	10006136	StemVegetables	50261600	Brick→Class
Rhubarb	10006134	StemVegetables	50261600	Brick→Class
SweetPotatoStems	10006835	StemVegetables	50261600	Brick→Class
AloeVera	10006360	Succulent	50262300	Brick→Class
SugarCane	10006371	SugarCanes	50262600	Brick→Class
Agretti	10006461	TidalSeaVegetables	50262100	Brick→Class
Glasswort	10006460	TidalSeaVegetables	50262100	Brick→Class
SeaKale	10006458	TidalSeaVegetables	50262100	Brick→Class
SeaLavender	10006459	TidalSeaVegetables	50262100	Brick→Class
TidalSeaVegetablesOther	10006262	TidalSeaVegetables	50262100	Brick→Class
CherryTomatoesOblong	10006161	Tomatoes	50260300	Brick→Class
CherryTomatoesRound	10006162	Tomatoes	50260300	Brick→Class
TomatoesOblong	10006163	Tomatoes	50260300	Brick→Class
TomatoesRibbed	10006164	Tomatoes	50260300	Brick→Class
TomatoesRound	10006165	Tomatoes	50260300	Brick→Class
TomatoesVarietyPacks	10006166	Tomatoes	50260300	Brick→Class
VegetablesUnpreparedUnprocessedFreshVarietyPacks	10006171	VegetablesUnpreparedUnprocessedFreshVarietyPacks	50261800	Brick→Class
AthleticFootwearGeneralPurpose	10001070	AthleticFootwear	63010100	Brick→Class
AthleticFootwearSpecialist	10001071	AthleticFootwear	63010100	Brick→Class
FootwearReplacementPartsAccessories	10000433	FootwearAccessories	63010200	Brick→Class
FootwearAccessoriesVarietyPacks	10000700	FootwearAccessories	63010200	Brick→Class
FootwearInserts	10001074	FootwearAccessories	63010200	Brick→Class
ShoeCleaningCarePreparations	10000400	FootwearAccessories	63010200	Brick→Class
ShoeColourDyes	10000432	FootwearAccessories	63010200	Brick→Class
BootsGeneralPurpose	10001076	GeneralPurposeFootwear	63010300	Brick→Class
ShoesGeneralPurpose	10001077	GeneralPurposeFootwear	63010300	Brick→Class
IndoorFootwearFullyEnclosedUppers	10001078	IndoorFootwear	63010400	Brick→Class
IndoorFootwearPartiallyEnclosedUppers	10001079	IndoorFootwear	63010400	Brick→Class
SafetyProtectiveOccupationalOvershoes	10001081	SafetyProtectiveFootwear	63010500	Brick→Class
SafetyProtectiveOccupationalShoes	10001082	SafetyProtectiveFootwear	63010500	Brick→Class
SafetyProtectiveOccupationalBoots	10001080	SafetyProtectiveFootwear	63010500	Brick→Class
BarrierContraceptionOther	10000838	BarrierContraception	51111500	Brick→Class
BarrierContraceptionVarietyPacks	10000674	BarrierContraception	51111500	Brick→Class
Condoms	10000460	BarrierContraception	51111500	Brick→Class
DiaphragmsCervicalCaps	10000461	BarrierContraception	51111500	Brick→Class
Spermicides	10000462	BarrierContraception	51111500	Brick→Class
FamilyPlanningVarietyPacks	10000675	FamilyPlanningVarietyPacks	51111800	Brick→Class
HormonalContraception	10000463	HormonalContraception	51111600	Brick→Class
IntraUterineContraception	10000464	IntraUterineContraception	51111700	Brick→Class
DietaryAidAppetiteFatControl	10000465	DietaryAids	51121500	Brick→Class
DietaryAidMealReplacement	10000466	DietaryAids	51121500	Brick→Class
DietaryAidsOther	10000841	DietaryAids	51121500	Brick→Class
DietaryAidsVarietyPacks	10000650	DietaryAids	51121500	Brick→Class
EnergyStimulantProducts	10000917	EnergyStimulantProducts	51121900	Brick→Class
EnergyStimulantProductsOther	10000918	EnergyStimulantProducts	51121900	Brick→Class
HealthEnhancementVarietyPacks	10000649	HealthEnhancementVarietyPacks	51121800	Brick→Class
NutritionalSupplements	10000468	VitaminsMineralsNutritionalSupplements	51121600	Brick→Class
VitaminsMinerals	10000467	VitaminsMineralsNutritionalSupplements	51121600	Brick→Class
VitaminsMineralsNutritionalSupplementsVarietyPacks	10000651	VitaminsMineralsNutritionalSupplements	51121600	Brick→Class
BabyTreatments	10000500	BabyTreatmentsAids	51102200	Brick→Class
BreastCompress	10008241	BabyTreatmentsAids	51102200	Brick→Class
BreastPump	10008242	BabyTreatmentsAids	51102200	Brick→Class
NavelClamp	10008240	BabyTreatmentsAids	51102200	Brick→Class
PacifiersTeethingRings	10000504	BabyTreatmentsAids	51102200	Brick→Class
BladderGenitalRectalProductsOther	10000849	BladderGenitalRectalProducts	51102400	Brick→Class
BladderGenitalRectalProductsVarietyPacks	10000852	BladderGenitalRectalProducts	51102400	Brick→Class
CystitisProducts	10000847	BladderGenitalRectalProducts	51102400	Brick→Class
DiureticRemedies	10000850	BladderGenitalRectalProducts	51102400	Brick→Class
EnemasDouches	10000851	BladderGenitalRectalProducts	51102400	Brick→Class
GenitalIrritation	10000846	BladderGenitalRectalProducts	51102400	Brick→Class
IntimateLubrication	10000923	BladderGenitalRectalProducts	51102400	Brick→Class
RectalMedication	10000848	BladderGenitalRectalProducts	51102400	Brick→Class
DrugAdministration	10000456	DrugAdministration	51101600	Brick→Class
DrugAdministrationAccessories	10000457	DrugAdministration	51101600	Brick→Class
DrugAdministrationReplacementParts	10000912	DrugAdministration	51101600	Brick→Class
DrugAdministrationOther	10000922	DrugAdministration	51101600	Brick→Class
DrugAdministrationVarietyPacks	10000681	DrugAdministration	51101600	Brick→Class
EnteralFeedingEquipmentOther	10000902	EnteralFeedingEquipment	51103200	Brick→Class
EnteralFeedingEquipmentVarietyPacks	10000921	EnteralFeedingEquipment	51103200	Brick→Class
EnteralFeedingGastrostomyKits	10000898	EnteralFeedingEquipment	51103200	Brick→Class
EnteralFeedingNutritionBagsContainers	10000900	EnteralFeedingEquipment	51103200	Brick→Class
EnteralFeedingPumpsFeedingSets	10000899	EnteralFeedingEquipment	51103200	Brick→Class
EnteralFeedingTubes	10000901	EnteralFeedingEquipment	51103200	Brick→Class
FirstAidAccessories	10000449	FirstAid	51101700	Brick→Class
FirstAidDressingsBandagesPlaster	10000448	FirstAid	51101700	Brick→Class
FirstAidSlingSupport	10000450	FirstAid	51101700	Brick→Class
FirstAidOther	10000908	FirstAid	51101700	Brick→Class
FirstAidVarietyPacks	10000684	FirstAid	51101700	Brick→Class
IceHeatedPack	10000451	FirstAid	51101700	Brick→Class
PoisonRemovalTreatmentProducts	10000909	FirstAid	51101700	Brick→Class
SterilisersSurgicalSpirits	10000910	FirstAid	51101700	Brick→Class
FlowerRemedies	10000861	FlowerHomoeopathicHomeopathicRemedies	51102600	Brick→Class
FlowerHomoeopathicHomeopathicRemediesOther	10000914	FlowerHomoeopathicHomeopathicRemedies	51102600	Brick→Class
FlowerHomoeopathicHomeopathicRemediesVarietyPacks	10000862	FlowerHomoeopathicHomeopathicRemedies	51102600	Brick→Class
HomoeopathicHomeopathicRemediesCombinationIngredients	10000860	FlowerHomoeopathicHomeopathicRemedies	51102600	Brick→Class
HomoeopathicHomeopathicRemediesIndividualIngredients	10000859	FlowerHomoeopathicHomeopathicRemedies	51102600	Brick→Class
FootCareHygieneAids	10000489	FootLegCareTreatments	51101800	Brick→Class
FootLegCareTreatmentsOther	10000907	FootLegCareTreatments	51101800	Brick→Class
FootLegCareTreatmentsVarietyPacks	10000685	FootLegCareTreatments	51101800	Brick→Class
MedicatedOrthopaedicFootwear	10000488	FootLegCareTreatments	51101800	Brick→Class
TherapeuticHosiery	10000474	FootLegCareTreatments	51101800	Brick→Class
AntacidsIndigestionFlatulenceRemedies	10000863	GastrointestinalRemedyProducts	51102700	Brick→Class
DiarrhoeaRemedies	10000864	GastrointestinalRemedyProducts	51102700	Brick→Class
GastrointestinalRemedyProductsOther	10000865	GastrointestinalRemedyProducts	51102700	Brick→Class
GastrointestinalRemedyProductsVarietyPacks	10000871	GastrointestinalRemedyProducts	51102700	Brick→Class
GeneralMultiUseGastrointestinalRemedies	10000870	GastrointestinalRemedyProducts	51102700	Brick→Class
Laxatives	10000866	GastrointestinalRemedyProducts	51102700	Brick→Class
NauseaRemedies	10000868	GastrointestinalRemedyProducts	51102700	Brick→Class
OralRehydrationElectrolyteMaintenance	10000869	GastrointestinalRemedyProducts	51102700	Brick→Class
WormingPreparations	10000867	GastrointestinalRemedyProducts	51102700	Brick→Class
AntiSmokingAids	10000682	HabitTreatment	51101900	Brick→Class
HabitTreatment	10000459	HabitTreatment	51101900	Brick→Class
HabitTreatmentVarietyPacks	10000690	HabitTreatment	51101900	Brick→Class
HealthTreatmentsAidsSheets	10006960	HealthTreatmentsAidsMaterials	51103400	Brick→Class
HealthTreatmentsAidsVarietyPacks	10000683	HealthTreatmentsAidsVarietyPacks	51102300	Brick→Class
OralMouthTreatments	10002423	OralMouthTreatments	51103300	Brick→Class
ArthriticRheumaticMuscularPainRelief	10000855	PainReliefProducts	51102500	Brick→Class
GeneralMultiUsePainRelief	10000856	PainReliefProducts	51102500	Brick→Class
HeadacheMigrainePainRelief	10000857	PainReliefProducts	51102500	Brick→Class
PainReliefPowered	10000853	PainReliefProducts	51102500	Brick→Class
PainReliefProductsOther	10000854	PainReliefProducts	51102500	Brick→Class
PainReliefProductsVarietyPacks	10000858	PainReliefProducts	51102500	Brick→Class
DisabilityAids	10000458	PersonalAids	51101500	Brick→Class
PersonalAidsOther	10000915	PersonalAids	51101500	Brick→Class
PersonalAidsVarietyPacks	10000686	PersonalAids	51101500	Brick→Class
PersonalRepellents	10000570	PersonalAids	51101500	Brick→Class
AllergyPreventionReliefAntihistamines	10000881	RespiratoryAllergyProducts	51102900	Brick→Class
ChestRubs	10000875	RespiratoryAllergyProducts	51102900	Brick→Class
ColdCoughRemedies	10000876	RespiratoryAllergyProducts	51102900	Brick→Class
DecongestantsOther	10000882	RespiratoryAllergyProducts	51102900	Brick→Class
HumidifiersVaporisersNonPowered	10000883	RespiratoryAllergyProducts	51102900	Brick→Class
HumidifiersVaporisersPowered	10000916	RespiratoryAllergyProducts	51102900	Brick→Class
InhalersNebulisersRespiratorsNonPowered	10000877	RespiratoryAllergyProducts	51102900	Brick→Class
InhalersNebulisersRespiratorsPowered	10000878	RespiratoryAllergyProducts	51102900	Brick→Class
NasalStripsSprays	10000879	RespiratoryAllergyProducts	51102900	Brick→Class
RespiratoryAllergyProductsOther	10000920	RespiratoryAllergyProducts	51102900	Brick→Class
RespiratoryAllergyProductsVarietyPacks	10000884	RespiratoryAllergyProducts	51102900	Brick→Class
ThroatRemedies	10000880	RespiratoryAllergyProducts	51102900	Brick→Class
EarPreparations	10000525	SensoryOrgansCareTreatments	51102100	Brick→Class
EyePreparations	10000526	SensoryOrgansCareTreatments	51102100	Brick→Class
HearingAids	10000487	SensoryOrgansCareTreatments	51102100	Brick→Class
OpticAppliancesContactLenses	10000529	SensoryOrgansCareTreatments	51102100	Brick→Class
OpticAppliancesSpectacleFrames	10000639	SensoryOrgansCareTreatments	51102100	Brick→Class
OpticAppliancesSpectacleLenses	10000638	SensoryOrgansCareTreatments	51102100	Brick→Class
OpticAppliancesSpectaclesReadyToWear	10000528	SensoryOrgansCareTreatments	51102100	Brick→Class
OpticAppliancesSunglassesReadyToWear	10000637	SensoryOrgansCareTreatments	51102100	Brick→Class
OpticAppliancesCareContactLenses	10000527	SensoryOrgansCareTreatments	51102100	Brick→Class
OpticAppliancesCareSpectacles	10000688	SensoryOrgansCareTreatments	51102100	Brick→Class
SensoryOrgansCareTreatmentsOther	10000911	SensoryOrgansCareTreatments	51102100	Brick→Class
SensoryOrgansCareTreatmentsVarietyPacks	10000687	SensoryOrgansCareTreatments	51102100	Brick→Class
SpectacleCareAccessories	10000689	SensoryOrgansCareTreatments	51102100	Brick→Class
AcneRosaceaTreatments	10000903	SkinScalpAidProducts	51103000	Brick→Class
AntiFungalProducts	10000890	SkinScalpAidProducts	51103000	Brick→Class
GeneralMultiPurposeSkinScalpTreatments	10000891	SkinScalpAidProducts	51103000	Brick→Class
HairLossTreatments	10000888	SkinScalpAidProducts	51103000	Brick→Class
HandSanitizersAntiseptics	10000885	SkinScalpAidProducts	51103000	Brick→Class
InsectBiteRelief	10000889	SkinScalpAidProducts	51103000	Brick→Class
ParasiteInfestationEquipmentNonPowered	10000892	SkinScalpAidProducts	51103000	Brick→Class
ParasiteInfestationEquipmentPowered	10000893	SkinScalpAidProducts	51103000	Brick→Class
ParasiteInfestationTreatments	10000886	SkinScalpAidProducts	51103000	Brick→Class
PsoriasisEczemaDrySkinScalpTreatments	10000887	SkinScalpAidProducts	51103000	Brick→Class
SkinScalpTreatmentProductsOther	10000906	SkinScalpAidProducts	51103000	Brick→Class
SkinScalpTreatmentProductsVarietyPacks	10000905	SkinScalpAidProducts	51103000	Brick→Class
WartVerrucaCornCallusTreatments	10000904	SkinScalpAidProducts	51103000	Brick→Class
SleepingAids	10000872	SleepingStressRelievingProducts	51102800	Brick→Class
SleepingStressRelievingProductsOther	10000919	SleepingStressRelievingProducts	51102800	Brick→Class
SleepingStressRelievingProductsVarietyPacks	10000874	SleepingStressRelievingProducts	51102800	Brick→Class
StressReliefCalmatives	10000873	SleepingStressRelievingProducts	51102800	Brick→Class
TravelSicknessPreventativesMedicinal	10000894	TravelSicknessProducts	51103100	Brick→Class
TravelSicknessPreventativesNonMedicinal	10000895	TravelSicknessProducts	51103100	Brick→Class
TravelSicknessProductsOther	10000897	TravelSicknessProducts	51103100	Brick→Class
TravelSicknessProductsVarietyPacks	10000896	TravelSicknessProducts	51103100	Brick→Class
HealthcareVarietyPacks	10000673	HealthcareVarietyPacks	51140100	Brick→Class
DiagnosticMonitorsOther	10000843	DiagnosticMonitors	51131500	Brick→Class
HomeDiagnosticMonitors	10000455	DiagnosticMonitors	51131500	Brick→Class
DiagnosticTestsOther	10000844	DiagnosticTests	51131600	Brick→Class
DiagnosticTestsVarietyPacks	10000648	DiagnosticTests	51131600	Brick→Class
HomeDiagnosticProductsAccessories	10000454	DiagnosticTests	51131600	Brick→Class
HomeDiagnosticTests	10000453	DiagnosticTests	51131600	Brick→Class
Thermometers	10000452	DiagnosticTests	51131600	Brick→Class
HomeDiagnosticsVarietyPacks	10000647	HomeDiagnosticsVarietyPacks	51131700	Brick→Class
MedicalDevices	10005844	MedicalDevices	51150100	Brick→Class
SupportComponentOfAMedicalDevice	10008118	MedicalDevices	51150100	Brick→Class
PharmaceuticalCompoundingAccessories	10008142	PharmaceuticalDrugs	51160100	Brick→Class
PharmaceuticalCompoundingBases	10008141	PharmaceuticalDrugs	51160100	Brick→Class
PharmaceuticalCompoundingChemicals	10008140	PharmaceuticalDrugs	51160100	Brick→Class
PharmaceuticalDrugs	10005845	PharmaceuticalDrugs	51160100	Brick→Class
SupportComponentOfAVeterinaryMedicalDevice	10008111	VeterinaryMedicalDevices	51170200	Brick→Class
VeterinaryMedicalDevices	10006412	VeterinaryMedicalDevices	51170200	Brick→Class
VeterinaryPharmaceuticals	10000514	VeterinaryPharmaceuticals	51170100	Brick→Class
Dishwashers	10001964	KitchenWashingAppliances	72010600	Brick→Class
KitchenWashingAppliancesOther	10001965	KitchenWashingAppliances	72010600	Brick→Class
KitchenWashingAppliancesReplacementPartsAccessories	10001966	KitchenWashingAppliances	72010600	Brick→Class
CookerHoods	10005322	MajorCookingAppliances	72010300	Brick→Class
HobsCooktops	10001951	MajorCookingAppliances	72010300	Brick→Class
MajorCookingAppliancesOther	10001953	MajorCookingAppliances	72010300	Brick→Class
MajorCookingAppliancesReplacementPartsAccessories	10001954	MajorCookingAppliances	72010300	Brick→Class
MicrowaveOvens	10001952	MajorCookingAppliances	72010300	Brick→Class
Ovens	10001950	MajorCookingAppliances	72010300	Brick→Class
RangeCookersStovesOvenHobCookTopCombined	10003690	MajorCookingAppliances	72010300	Brick→Class
SteamOvens	10003691	MajorCookingAppliances	72010300	Brick→Class
ClothesWashers	10001959	MajorLaundryAppliances	72010500	Brick→Class
CombinationClothesWasherDryers	10001961	MajorLaundryAppliances	72010500	Brick→Class
MajorLaundryAppliancesOther	10001962	MajorLaundryAppliances	72010500	Brick→Class
MajorLaundryAppliancesReplacementPartsAccessories	10001963	MajorLaundryAppliances	72010500	Brick→Class
SpinTumbleDryers	10003692	MajorLaundryAppliances	72010500	Brick→Class
WaterDispensersFreestanding	10003712	MajorWaterDispensers	72010700	Brick→Class
BeverageChillersOther	10003710	RefrigeratingFreezingAppliances	72010200	Brick→Class
CoolersHeaters	10001940	RefrigeratingFreezingAppliances	72010200	Brick→Class
Freezers	10003698	RefrigeratingFreezingAppliances	72010200	Brick→Class
IceMakers	10001938	RefrigeratingFreezingAppliances	72010200	Brick→Class
RefrigeratingFreezingAppliancesOther	10001941	RefrigeratingFreezingAppliances	72010200	Brick→Class
RefrigeratingFreezingAppliancesReplacementPartsAccessories	10001942	RefrigeratingFreezingAppliances	72010200	Brick→Class
RefrigeratorFreezers	10003695	RefrigeratingFreezingAppliances	72010200	Brick→Class
Refrigerators	10003694	RefrigeratingFreezingAppliances	72010200	Brick→Class
WineChillers	10001939	RefrigeratingFreezingAppliances	72010200	Brick→Class
HostessTrolleysPowered	10001956	WarmingAppliances	72010400	Brick→Class
WarmingAppliancesOther	10001957	WarmingAppliances	72010400	Brick→Class
WarmingAppliancesReplacementPartsAccessories	10001958	WarmingAppliances	72010400	Brick→Class
WarmingDrawers	10001955	WarmingAppliances	72010400	Brick→Class
FoodWasteDisposers	10001929	WasteDisposingCompactingAppliances	72010100	Brick→Class
TrashCompactors	10001928	WasteDisposingCompactingAppliances	72010100	Brick→Class
WasteDisposingCompactingAppliancesOther	10001930	WasteDisposingCompactingAppliances	72010100	Brick→Class
WasteDisposingCompactingAppliancesReplacementPartsAccessories	10001931	WasteDisposingCompactingAppliances	72010100	Brick→Class
AshVacuumCleaners	10007950	CleaningAppliances	72020400	Brick→Class
CleaningAppliancesOther	10002032	CleaningAppliances	72020400	Brick→Class
CleaningAppliancesReplacementPartsAccessories	10002033	CleaningAppliances	72020400	Brick→Class
DisinfectingCabinet	10006220	CleaningAppliances	72020400	Brick→Class
DuctedVacuumCleanerAccessoriesReplacementParts	10007952	CleaningAppliances	72020400	Brick→Class
DuctedVacuumCleaners	10007951	CleaningAppliances	72020400	Brick→Class
FloorPolishersShampooCleaner	10002030	CleaningAppliances	72020400	Brick→Class
HandheldVacuumCleaner	10008138	CleaningAppliances	72020400	Brick→Class
HouseholdVacuumCleaners	10002028	CleaningAppliances	72020400	Brick→Class
RobotVacuumCleaners	10007949	CleaningAppliances	72020400	Brick→Class
ShoeCleanersPolishers	10003711	CleaningAppliances	72020400	Brick→Class
SweepersPowered	10002029	CleaningAppliances	72020400	Brick→Class
VacuumCleanerBags	10005762	CleaningAppliances	72020400	Brick→Class
VacuumCleanerFilters	10007953	CleaningAppliances	72020400	Brick→Class
VacuumCleanerHeads	10007955	CleaningAppliances	72020400	Brick→Class
VacuumCleanerHosesTubes	10007954	CleaningAppliances	72020400	Brick→Class
WindowCleanersPowered	10008280	CleaningAppliances	72020400	Brick→Class
BabyFeedingAidsPowered	10000820	FoodBeveragePreparationAppliances	72020200	Brick→Class
ButterMakersPowered	10002015	FoodBeveragePreparationAppliances	72020200	Brick→Class
CanOpenersPowered	10002000	FoodBeveragePreparationAppliances	72020200	Brick→Class
CandyflossMachines	10002019	FoodBeveragePreparationAppliances	72020200	Brick→Class
CarbonatedDrinksMakers	10002016	FoodBeveragePreparationAppliances	72020200	Brick→Class
ChocolateFountainsPowered	10005690	FoodBeveragePreparationAppliances	72020200	Brick→Class
CoffeeBeanRoasters	10006852	FoodBeveragePreparationAppliances	72020200	Brick→Class
CoffeeGrindersPowered	10002006	FoodBeveragePreparationAppliances	72020200	Brick→Class
CookieGunsPowered	10005358	FoodBeveragePreparationAppliances	72020200	Brick→Class
DehydratorsPowered	10002018	FoodBeveragePreparationAppliances	72020200	Brick→Class
FoodBeverageAppliancesVarietyPacks	10002022	FoodBeveragePreparationAppliances	72020200	Brick→Class
FoodBeveragePreparationAppliancesOther	10002020	FoodBeveragePreparationAppliances	72020200	Brick→Class
FoodBeveragePreparationAppliancesReplacementPartsAccessories	10002021	FoodBeveragePreparationAppliances	72020200	Brick→Class
FrozenDrinksMakersIceShaversPowered	10005689	FoodBeveragePreparationAppliances	72020200	Brick→Class
GratersPowered	10002005	FoodBeveragePreparationAppliances	72020200	Brick→Class
HotBeverageMakers	10002011	FoodBeveragePreparationAppliances	72020200	Brick→Class
IceCreamMakersPowered	10002013	FoodBeveragePreparationAppliances	72020200	Brick→Class
IceCrushersIceCubeMakersPowered	10005357	FoodBeveragePreparationAppliances	72020200	Brick→Class
JuicersPowered	10002007	FoodBeveragePreparationAppliances	72020200	Brick→Class
KettlesPowered	10002012	FoodBeveragePreparationAppliances	72020200	Brick→Class
KitchenBlendingAppliances	10006739	FoodBeveragePreparationAppliances	72020200	Brick→Class
KitchenChoppingAppliances	10006737	FoodBeveragePreparationAppliances	72020200	Brick→Class
KitchenCombinationMixingBlendingChoppingAppliances	10006735	FoodBeveragePreparationAppliances	72020200	Brick→Class
KitchenMixingAppliances	10006738	FoodBeveragePreparationAppliances	72020200	Brick→Class
KitchenScalesPowered	10005695	FoodBeveragePreparationAppliances	72020200	Brick→Class
KitchenSlicingAppliances	10006736	FoodBeveragePreparationAppliances	72020200	Brick→Class
KnifeSharpenersPowered	10002002	FoodBeveragePreparationAppliances	72020200	Brick→Class
KnivesPowered	10001998	FoodBeveragePreparationAppliances	72020200	Brick→Class
MeatGrindersMincersPowered	10002004	FoodBeveragePreparationAppliances	72020200	Brick→Class
PartyDrinkFountainsPowered	10005868	FoodBeveragePreparationAppliances	72020200	Brick→Class
SoyRiceMilkMaker	10006218	FoodBeveragePreparationAppliances	72020200	Brick→Class
VacuumSealersPowered	10002003	FoodBeveragePreparationAppliances	72020200	Brick→Class
WineBottleOpenersPowered	10005691	FoodBeveragePreparationAppliances	72020200	Brick→Class
YogurtMakers	10002014	FoodBeveragePreparationAppliances	72020200	Brick→Class
DryingRacksAndMillsPartsAccessories	10008120	LaundryCareAppliances	72020300	Brick→Class
IroningBoardsReplacementPartsAccessories	10008121	LaundryCareAppliances	72020300	Brick→Class
LaundryCareAppliancesOther	10002026	LaundryCareAppliances	72020300	Brick→Class
LaundryCareAppliancesReplacementPartsAccessories	10002027	LaundryCareAppliances	72020300	Brick→Class
AirConditionersPortable	10005317	PortableAirControlAppliances	72020600	Brick→Class
AirControllingAppliancesMultifunctionPortable	10005335	PortableAirControlAppliances	72020600	Brick→Class
AirCoolersPortable	10005334	PortableAirControlAppliances	72020600	Brick→Class
AirDehumidifierPortableNonPowered	10006798	PortableAirControlAppliances	72020600	Brick→Class
AirDehumidifiersPortablePowered	10005332	PortableAirControlAppliances	72020600	Brick→Class
AirHeatersPortable	10003992	PortableAirControlAppliances	72020600	Brick→Class
AirHumidifiersPortable	10005331	PortableAirControlAppliances	72020600	Brick→Class
AirIonisersPortable	10005333	PortableAirControlAppliances	72020600	Brick→Class
AirPurifiersPortable	10005336	PortableAirControlAppliances	72020600	Brick→Class
FansPortable	10005337	PortableAirControlAppliances	72020600	Brick→Class
PortableAirControlAppliancesReplacementPartsAccessories	10005697	PortableAirControlAppliances	72020600	Brick→Class
Breadmakers	10001983	SmallCookingHeatingAppliances	72020100	Brick→Class
CakePieMaker	10006740	SmallCookingHeatingAppliances	72020100	Brick→Class
CookingAppliancesVarietyPacksPowered	10001991	SmallCookingHeatingAppliances	72020100	Brick→Class
CookingTimersPowered	10005365	SmallCookingHeatingAppliances	72020100	Brick→Class
DeepFryers	10001981	SmallCookingHeatingAppliances	72020100	Brick→Class
EggCookers	10001980	SmallCookingHeatingAppliances	72020100	Brick→Class
ElectricGrills	10001969	SmallCookingHeatingAppliances	72020100	Brick→Class
FonduesPowered	10001986	SmallCookingHeatingAppliances	72020100	Brick→Class
HotDogRollers	10005704	SmallCookingHeatingAppliances	72020100	Brick→Class
HotStonesPowered	10001990	SmallCookingHeatingAppliances	72020100	Brick→Class
MexicanDinersPowered	10001988	SmallCookingHeatingAppliances	72020100	Brick→Class
MultiCookersPowered	10001978	SmallCookingHeatingAppliances	72020100	Brick→Class
PaellaMakersPowered	10001989	SmallCookingHeatingAppliances	72020100	Brick→Class
PancakeDoughnutMakers	10001971	SmallCookingHeatingAppliances	72020100	Brick→Class
PastaCookersPowered	10001979	SmallCookingHeatingAppliances	72020100	Brick→Class
PizzaMakers	10001985	SmallCookingHeatingAppliances	72020100	Brick→Class
PopcornMakers	10001984	SmallCookingHeatingAppliances	72020100	Brick→Class
PressureCookersPowered	10001976	SmallCookingHeatingAppliances	72020100	Brick→Class
RaclettesPowered	10001972	SmallCookingHeatingAppliances	72020100	Brick→Class
RiceCookersSteamers	10001977	SmallCookingHeatingAppliances	72020100	Brick→Class
RotisseriesRoastersPowered	10001974	SmallCookingHeatingAppliances	72020100	Brick→Class
SandwichWaffleMakers	10001970	SmallCookingHeatingAppliances	72020100	Brick→Class
SlowCookersHotPotsCocottesPowered	10001975	SmallCookingHeatingAppliances	72020100	Brick→Class
SmallCookingAppliancesOther	10002034	SmallCookingHeatingAppliances	72020100	Brick→Class
SmallCookingAppliancesReplacementPartsAccessoriesPowered	10002035	SmallCookingHeatingAppliances	72020100	Brick→Class
TajinesPowered	10001987	SmallCookingHeatingAppliances	72020100	Brick→Class
ToasterOvens	10001968	SmallCookingHeatingAppliances	72020100	Brick→Class
Toasters	10001967	SmallCookingHeatingAppliances	72020100	Brick→Class
WarmingTraysPowered	10005359	SmallCookingHeatingAppliances	72020100	Brick→Class
WoksPowered	10001982	SmallCookingHeatingAppliances	72020100	Brick→Class
SmallDomesticAppliancesOther	10006894	SmallDomesticAppliancesOther	72020700	Brick→Class
WaterDispensersTabletop	10003713	SmallWaterDispensers	72020500	Brick→Class
SmartHomeHomeAutomationEquipmentControlPanel	10007021	SmartHomeHomeAutomationEquipment	72020800	Brick→Class
SmartHomeHomeAutomationEquipmentLawnGardenLeisureAppliances	10007024	SmartHomeHomeAutomationEquipment	72020800	Brick→Class
SmartHomeHomeAutomationEquipmentPowerMonitoringDevice	10007957	SmartHomeHomeAutomationEquipment	72020800	Brick→Class
SmartHomeHomeAutomationEquipmentSecurityAppliances	10007022	SmartHomeHomeAutomationEquipment	72020800	Brick→Class
SmartHomeHomeAutomationEquipmentTemperatureRegulationAppliances	10007023	SmartHomeHomeAutomationEquipment	72020800	Brick→Class
AlstroemeriaBouquets	10006768	Bouquets	93100100	Brick→Class
CarnationBouquets	10006764	Bouquets	93100100	Brick→Class
ChrysanthemumBouquets	10006767	Bouquets	93100100	Brick→Class
LilyBouquets	10006766	Bouquets	93100100	Brick→Class
MiniCarnationBouquets	10006765	Bouquets	93100100	Brick→Class
MixedBouquets	10006770	Bouquets	93100100	Brick→Class
OtherBouquets	10006771	Bouquets	93100100	Brick→Class
RoseBouquets	10006763	Bouquets	93100100	Brick→Class
TropicalFlowersBouquets	10006769	Bouquets	93100100	Brick→Class
Allium	10006864	BulbsCormsRhizomesTubers	93050100	Brick→Class
BulbsCormsRhizomesTubersOther	10003290	BulbsCormsRhizomesTubers	93050100	Brick→Class
Crocus	10006860	BulbsCormsRhizomesTubers	93050100	Brick→Class
Dahlia	10006856	BulbsCormsRhizomesTubers	93050100	Brick→Class
Gladiolus	10006857	BulbsCormsRhizomesTubers	93050100	Brick→Class
Hippeastrum	10006854	BulbsCormsRhizomesTubers	93050100	Brick→Class
HyacinthusOrientalis	10006858	BulbsCormsRhizomesTubers	93050100	Brick→Class
Iris	10006859	BulbsCormsRhizomesTubers	93050100	Brick→Class
Lilium	10006861	BulbsCormsRhizomesTubers	93050100	Brick→Class
Muscari	10006855	BulbsCormsRhizomesTubers	93050100	Brick→Class
Narcissus	10006862	BulbsCormsRhizomesTubers	93050100	Brick→Class
Tulipa	10006863	BulbsCormsRhizomesTubers	93050100	Brick→Class
Zantedeschia	10006865	BulbsCormsRhizomesTubers	93050100	Brick→Class
AgapanthusCutFlowers	10006462	AgapanthusCutFlowers	93010100	Brick→Class
AlchemillaMollisCutFlowers	10006463	AlchemillaCutFlowers	93010200	Brick→Class
AlstroemeriaCutFlowers	10006464	AlstroemeriaCutFlowers	93010300	Brick→Class
AnemoneCoronariaCutFlowers	10006465	AnemoneCutFlowers	93010400	Brick→Class
AnthuriumCutFlowers	10006466	AnthuriumCutFlowers	93010500	Brick→Class
AntirrhinumMajusCutFlowers	10006467	AntirrhinumCutFlowers	93010600	Brick→Class
AsterCutFlowers	10006468	AsterCutFlowers	93010700	Brick→Class
BouvardiaCutFlowers	10006469	BouvardiaCutFlowers	93010800	Brick→Class
CelosiaArgenteaCutFlowers	10006470	CelosiaCutFlowers	93010900	Brick→Class
ChamelauciumOtherCutFlowers	10006471	ChamelauciumCutFlowers	93011000	Brick→Class
ChamelauciumUncinatumCutFlowers	10006472	ChamelauciumCutFlowers	93011000	Brick→Class
ChrysanthemumCutFlowers	10006473	ChrysanthemumCutFlowers	93011100	Brick→Class
CutFlowersOther	10006502	CutFlowersOther	93013500	Brick→Class
CymbidiumCutFlowers	10006474	CymbidiumCutFlowers	93011200	Brick→Class
DahliaCutFlowers	10006476	DahliaCutFlowers	93011400	Brick→Class
DelphiniumCutFlowers	10006477	DelphiniumCutFlowers	93011500	Brick→Class
DianthusBarbatusCutFlowers	10006478	DianthusCutFlowers	93011600	Brick→Class
DianthusOtherCutFlowers	10006479	DianthusCutFlowers	93011600	Brick→Class
EryngiumCutFlowers	10006480	EryngiumCutFlowers	93011700	Brick→Class
EustomaRussellianumCutFlowers	10006481	EustomaCutFlowers	93011800	Brick→Class
FreesiaCutFlowers	10006482	FreesiaCutFlowers	93011900	Brick→Class
GerberaCutFlowers	10006483	GerberaCutFlowers	93012000	Brick→Class
GladiolusCutFlowers	10006484	GladiolusCutFlowers	93012100	Brick→Class
GypsophilaPaniculataCutFlowers	10006485	GypsophilaCutFlowers	93012200	Brick→Class
HelianthusAnnuusCutFlowers	10006486	HelianthusCutFlowers	93012300	Brick→Class
HippeastrumCutFlowers	10006487	HippeastrumCutFlowers	93012400	Brick→Class
HyacinthusOrientalisCutFlowers	10006488	HyacinthusCutFlowers	93012500	Brick→Class
HydrangeaMacrophyllaCutFlowers	10006489	HydrangeaCutFlowers	93012600	Brick→Class
HypericumAndrosaemumCutFlowers	10006490	HypericumCutFlowers	93012700	Brick→Class
HypericumOtherCutFlowers	10006491	HypericumCutFlowers	93012700	Brick→Class
HypericumXInodorumCutFlowers	10006492	HypericumCutFlowers	93012700	Brick→Class
IlexVerticillataCutFlowers	10006493	IlexCutFlowers	93012800	Brick→Class
IrisCutFlowers	10006494	IrisCutFlowers	93012900	Brick→Class
LiliumLongiflorumCutFlowers	10006495	LiliumCutFlowers	93013000	Brick→Class
LiliumOtherCutFlowers	10006496	LiliumCutFlowers	93013000	Brick→Class
LimoniumOtherCutFlowers	10006497	LimoniumCutFlowers	93013100	Brick→Class
LimoniumSinuatumCutFlowers	10006498	LimoniumCutFlowers	93013100	Brick→Class
MatthiolaIncanaCutFlowers	10006499	MatthiolaCutFlowers	93013200	Brick→Class
NarcissusCutFlowers	10006500	NarcissusCutFlowers	93013300	Brick→Class
OrnithogalumSaundersiaeCutFlowers	10006501	OrnithogalumCutFlowers	93013400	Brick→Class
PaeoniaCutFlowers	10006503	PaeoniaCutFlowers	93013600	Brick→Class
PhalaenopsisCutFlowers	10006504	PhalaenopsisCutFlowers	93013700	Brick→Class
PhloxCutFlowers	10006505	PhloxCutFlowers	93013800	Brick→Class
PittosporumCutFlowers	10006506	PittosporumCutFlowers	93013900	Brick→Class
RanunculusAsiaticusCutFlowers	10006507	RanunculusCutFlowers	93014000	Brick→Class
RanunculusOtherCutFlowers	10006508	RanunculusCutFlowers	93014000	Brick→Class
RosaCutFlowers	10006509	RosaCutFlowers	93014100	Brick→Class
SolidagoCutFlowers	10006510	SolidagoCutFlowers	93014200	Brick→Class
StrelitziaReginaeCutFlowers	10006511	StrelitziaCutFlowers	93014300	Brick→Class
SyringaVulgarisCutFlowers	10006512	SyringaCutFlowers	93014400	Brick→Class
TanacetumPartheniumCutFlowers	10006513	TanacetumCutFlowers	93014500	Brick→Class
TracheliumCaeruleumCutFlowers	10006514	TracheliumCutFlowers	93014600	Brick→Class
TulipaCutFlowers	10006515	TulipaCutFlowers	93014700	Brick→Class
VandaCutFlowers	10006516	VandaCutFlowers	93014800	Brick→Class
VeronicaCutFlowers	10006517	VeronicaCutFlowers	93014900	Brick→Class
ViburnumOpulusCutFlowers	10006518	ViburnumCutFlowers	93015000	Brick→Class
ZantedeschiaAethiopicaCutFlowers	10006519	ZantedeschiaCutFlowers	93015100	Brick→Class
ZantedeschiaOtherCutFlowers	10006520	ZantedeschiaCutFlowers	93015100	Brick→Class
AgapanthusCutGreens	10006521	AgapanthusCutGreens	93020100	Brick→Class
AnthuriumCutGreens	10006522	AnthuriumCutGreens	93020200	Brick→Class
AsparagusSetaceusCutGreens	10006523	AsparagusCutGreens	93020300	Brick→Class
AsparagusUmbellatusCutGreens	10006524	AsparagusCutGreens	93020300	Brick→Class
AspidistraElatiorCutGreens	10006525	AspidistraCutGreens	93020400	Brick→Class
AstilbeOtherCutGreens	10006526	AstilbeCutGreens	93020500	Brick→Class
BrassicaOleraceaCutGreens	10006527	BrassicaCutGreens	93020600	Brick→Class
CarthamusTinctoriusCutGreens	10006528	CarthamusCutGreens	93020700	Brick→Class
CorylusAvellanaCutGreens	10006529	CorylusCutGreens	93020800	Brick→Class
CrocosmiaCutGreens	10006530	CrocosmiaCutGreens	93020900	Brick→Class
CucumisCutGreens	10006531	CucumisCutGreens	93021000	Brick→Class
CucurbitaMaximaCutGreens	10006532	CucurbitaCutGreens	93021100	Brick→Class
CucurbitaOtherCutGreens	10006533	CucurbitaCutGreens	93021100	Brick→Class
CucurbitaPepoCutGreens	10006534	CucurbitaCutGreens	93021100	Brick→Class
CutGreensOther	10006547	CutGreensOther	93022400	Brick→Class
CutGreenVarietyPacks	10006535	CutGreensVarietyPacks	93021200	Brick→Class
DracaenaSanderianaCutGreens	10006536	DracaenaCutGreens	93021300	Brick→Class
EucalyptusCinereaCutGreens	10006537	EucalyptusCutGreens	93021400	Brick→Class
EupatoriumRugosumCutGreens	10006538	EupatoriumCutGreens	93021500	Brick→Class
FatsiaJaponicaCutGreens	10006539	FatsiaCutGreens	93021600	Brick→Class
GomphocarpusFruticosusCutGreens	10006540	GomphocarpusCutGreens	93021700	Brick→Class
HydrangeaMacrophyllaCutGreens	10006541	HydrangeaCutGreens	93021800	Brick→Class
IlexVerticillataCutGreens	10006542	IlexCutGreens	93021900	Brick→Class
LeucadendronCutGreens	10006543	LeucadendronCutGreens	93022000	Brick→Class
LiliumCutGreens	10006544	LiliumCutGreens	93022100	Brick→Class
MatthiolaIncanaCutGreens	10006545	MatthiolaCutGreens	93022200	Brick→Class
MonsteraCutGreens	10006546	MonsteraCutGreens	93022300	Brick→Class
PanicumCutGreens	10006548	PanicumCutGreens	93022500	Brick→Class
PhysalisAlkekengiCutGreens	10006549	PhysalisCutGreens	93022600	Brick→Class
PittosporumCutGreens	10006550	PittosporumCutGreens	93022700	Brick→Class
QuercusRubraCutGreens	10006551	QuercusCutGreens	93022800	Brick→Class
RosaRoseHipCutGreens	10006552	RosaCutGreens	93022900	Brick→Class
RuscusHypophyllumCutGreens	10006553	RuscusCutGreens	93023000	Brick→Class
SalixCutGreens	10006554	SalixCutGreens	93023100	Brick→Class
SetariaItalicaCutGreens	10006555	SetariaCutGreens	93023200	Brick→Class
StrelitziaReginaeCutGreens	10006556	StrelitziaCutGreens	93023300	Brick→Class
SymphoricarposCutGreens	10006557	SymphoricarposCutGreens	93023400	Brick→Class
SyringaVulgarisCutGreens	10006558	SyringaCutGreens	93023500	Brick→Class
ThlaspiCutGreens	10006559	ThlaspiCutGreens	93023600	Brick→Class
ViburnumOpulusCutGreens	10006560	ViburnumCutGreens	93023700	Brick→Class
ZantedeschiaAethiopicaCutGreens	10006561	ZantedeschiaCutGreens	93023800	Brick→Class
AechmeaLivePlants	10006562	AechmeaLivePlants	93030100	Brick→Class
AeoniumArboreumLivePlants	10006563	AeoniumLivePlants	93030200	Brick→Class
AgapanthusLivePlants	10006564	AgapanthusLivePlants	93030300	Brick→Class
AlocasiaLivePlants	10006565	AlocasiaLivePlants	93030400	Brick→Class
AloeLivePlants	10006566	AloeLivePlants	93030500	Brick→Class
AlstroemeriaLivePlants	10006567	AlstroemeriaLivePlants	93030600	Brick→Class
AnemoneHupehensisLivePlants	10006568	AnemoneLivePlants	93030700	Brick→Class
AngeloniaLivePlants	10006569	AngeloniaLivePlants	93030800	Brick→Class
AnisodonteaCapensisLivePlants	10006570	AnisodonteaLivePlants	93030900	Brick→Class
AnthuriumLivePlants	10006571	AnthuriumLivePlants	93031000	Brick→Class
AntirrhinumMajusLivePlants	10006572	AntirrhinumLivePlants	93031100	Brick→Class
ArgyranthemumFrutescensLivePlants	10006573	ArgyranthemumLivePlants	93031200	Brick→Class
ArmeriaMaritimaLivePlants	10006574	ArmeriaLivePlants	93031300	Brick→Class
AsterLivePlants	10006575	AsterLivePlants	93031400	Brick→Class
AstilbeLivePlants	10006576	AstilbeLivePlants	93031500	Brick→Class
AubrietaGracilisLivePlants	10006577	AubrietaLivePlants	93031600	Brick→Class
BegoniaLivePlants	10006578	BegoniaLivePlants	93031700	Brick→Class
BellisPerennisLivePlants	10006579	BellisLivePlants	93031800	Brick→Class
BidensLivePlants	10006580	BidensLivePlants	93031900	Brick→Class
BougainvilleaLivePlants	10006581	BougainvilleaLivePlants	93032000	Brick→Class
BrachyscomeMultifidaLivePlants	10006582	BrachyscomeLivePlants	93032100	Brick→Class
BrassicaLivePlants	10006583	BrassicaLivePlants	93032200	Brick→Class
BromeliaLivePlants	10006584	BromeliaLivePlants	93032300	Brick→Class
BrugmansiaLivePlants	10006585	BrugmansiaLivePlants	93032400	Brick→Class
CalatheaLivePlants	10006586	CalatheaLivePlants	93032500	Brick→Class
CalibrachoaLivePlants	10006587	CalibrachoaLivePlants	93032600	Brick→Class
CalocephalusBrowniiLivePlants	10006588	CalocephalusLivePlants	93032700	Brick→Class
CampanulaPortenschlagianaLivePlants	10006589	CampanulaLivePlants	93032800	Brick→Class
CannaLivePlants	10006590	CannaLivePlants	93032900	Brick→Class
CastanospermumAustraleLivePlants	10007810	CastanospermumLivePlants	93037600	Brick→Class
CelosiaLivePlants	10006591	CelosiaLivePlants	93033000	Brick→Class
ChamaedoreaElegansLivePlants	10006592	ChamaedoreaLivePlants	93033100	Brick→Class
ChlorophytumComosumLivePlants	10006593	ChlorophytumLivePlants	93033200	Brick→Class
ChrysanthemumLivePlants	10006594	ChrysanthemumLivePlants	93033300	Brick→Class
CliviaMiniataLivePlants	10006595	CliviaLivePlants	93033400	Brick→Class
CocosNuciferaLivePlants	10006596	CocosLivePlants	93033500	Brick→Class
CodiaeumVariegatumLivePlants	10006597	CodiaeumLivePlants	93033600	Brick→Class
CoffeaLivePlants	10007811	CoffeaLivePlants	93037700	Brick→Class
CordylineAustralisLivePlants	10006598	CordylineLivePlants	93033700	Brick→Class
CoreopsisGrandifloraLivePlants	10006599	CoreopsisLivePlants	93033800	Brick→Class
CortaderiaSelloanaLivePlants	10006600	CortaderiaLivePlants	93033900	Brick→Class
CosmosBipinnatusLivePlants	10006601	CosmosLivePlants	93034000	Brick→Class
CupheaHyssopifoliaLivePlants	10006602	CupheaLivePlants	93034100	Brick→Class
CupressusMacrocarpaLivePlants	10006603	CupressusLivePlants	93034200	Brick→Class
CurcumaAlismatifoliaLivePlants	10006604	CurcumaLivePlants	93034300	Brick→Class
CycasRevolutaLivePlants	10006605	CycasLivePlants	93034400	Brick→Class
CyclamenPersicumLivePlants	10006606	CyclamenLivePlants	93034500	Brick→Class
CymbidiumLivePlants	10006607	CymbidiumLivePlants	93034600	Brick→Class
CyperusAlternifoliusLivePlants	10006608	CyperusLivePlants	93034700	Brick→Class
DahliaLivePlants	10006609	DahliaLivePlants	93034800	Brick→Class
DelphiniumLivePlants	10006610	DelphiniumLivePlants	93034900	Brick→Class
DendrobiumNobileLivePlants	10006611	DendrobiumLivePlants	93035000	Brick→Class
DianthusLivePlants	10006612	DianthusLivePlants	93035100	Brick→Class
DicentraSpectabilisLivePlants	10006613	DicentraLivePlants	93035200	Brick→Class
DieffenbachiaLivePlants	10006614	DieffenbachiaLivePlants	93035300	Brick→Class
DionaeaMuscipulaLivePlants	10007812	DionaeaLivePlants	93037800	Brick→Class
DorotheanthusBellidiformisLivePlants	10006615	DorotheanthusLivePlants	93035400	Brick→Class
DracaenaMarginataLivePlants	10006616	DracaenaLivePlants	93035500	Brick→Class
DypsisLutescensLivePlants	10006617	DypsisLivePlants	93035600	Brick→Class
EcheveriaLivePlants	10006618	EcheveriaLivePlants	93035700	Brick→Class
EchinaceaPurpureaLivePlants	10006619	EchinaceaLivePlants	93035800	Brick→Class
EpipremnumPinnatumLivePlants	10006620	EpipremnumLivePlants	93035900	Brick→Class
EuphorbiaPulcherrimaLivePlants	10006621	EuphorbiaLivePlants	93036000	Brick→Class
EuryopsLivePlants	10006622	EuryopsLivePlants	93036100	Brick→Class
FargesiaMurieliaeLivePlants	10006623	FargesiaLivePlants	93036200	Brick→Class
FeliciaAmelloidesLivePlants	10006624	FeliciaLivePlants	93036300	Brick→Class
FestucaGlaucaLivePlants	10006625	FestucaLivePlants	93036400	Brick→Class
FicusBenjaminaLivePlants	10006635	FicusLivePlants	93037400	Brick→Class
FittoniaLivePlants	10006626	FittoniaLivePlants	93036500	Brick→Class
FuchsiaLivePlants	10006627	FuchsiaLivePlants	93036600	Brick→Class
GardeniaJasminoidesLivePlants	10006628	GardeniaLivePlants	93036700	Brick→Class
GauraLindheimeriLivePlants	10006629	GauraLivePlants	93036800	Brick→Class
GazaniaLivePlants	10006630	GazaniaLivePlants	93036900	Brick→Class
GentianaLivePlants	10006631	GentianaLivePlants	93037000	Brick→Class
GerberaLivePlants	10006632	GerberaLivePlants	93037100	Brick→Class
GuzmaniaLivePlants	10006633	GuzmaniaLivePlants	93037200	Brick→Class
GypsophilaMuralisLivePlants	10006634	GypsophilaLivePlants	93037300	Brick→Class
HederaHelixLivePlants	10006636	HederaLivePlants	93040100	Brick→Class
HelianthusAnnuusLivePlants	10006637	HelianthusLivePlants	93040200	Brick→Class
HelichrysumPetiolareLivePlants	10006638	HelichrysumLivePlants	93040300	Brick→Class
HeliotropiumLivePlants	10006639	HeliotropiumLivePlants	93040400	Brick→Class
HelleborusNigerLivePlants	10006640	HelleborusLivePlants	93040500	Brick→Class
HeucheraLivePlants	10006641	HeucheraLivePlants	93040600	Brick→Class
HibiscusRosaSinensisLivePlants	10006642	HibiscusLivePlants	93040700	Brick→Class
HippeastrumLivePlants	10006643	HippeastrumLivePlants	93040800	Brick→Class
HordeumLivePlants	10006644	HordeumLivePlants	93040900	Brick→Class
HostaLivePlants	10006645	HostaLivePlants	93041000	Brick→Class
HoweaForsterianaLivePlants	10006646	HoweaLivePlants	93041100	Brick→Class
HyacinthusOrientalisLivePlants	10006647	HyacinthusLivePlants	93041200	Brick→Class
HydrangeaMacrophyllaLivePlants	10006648	HydrangeaLivePlants	93041300	Brick→Class
ImpatiensLivePlants	10006649	ImpatiensLivePlants	93041400	Brick→Class
JasminumPolyanthumLivePlants	10006650	JasminumLivePlants	93041500	Brick→Class
KalanchoeBlossfeldianaLivePlants	10006651	KalanchoeLivePlants	93041600	Brick→Class
LantanaCamaraLivePlants	10006652	LantanaLivePlants	93041700	Brick→Class
LeucanthemumLivePlants	10006653	LeucanthemumLivePlants	93041800	Brick→Class
LewisiaCotyledonLivePlants	10006654	LewisiaLivePlants	93041900	Brick→Class
LiliumLivePlants	10006655	LiliumLivePlants	93042000	Brick→Class
LithodoraDiffusaLivePlants	10006656	LithodoraLivePlants	93042100	Brick→Class
LivePlantVarietyPacks	10006657	LivePlantVarietyPacks	93042200	Brick→Class
FernsLivePlantsOther	10006676	LivePlantsOther	93044000	Brick→Class
GrassesLivePlantsOther	10006677	LivePlantsOther	93044000	Brick→Class
HerbsLivePlantsOther	10006678	LivePlantsOther	93044000	Brick→Class
LivePlantsOther	10006679	LivePlantsOther	93044000	Brick→Class
SucculentsCactiLivePlantsOther	10006675	LivePlantsOther	93044000	Brick→Class
WaterPlantsLivePlantsOther	10006680	LivePlantsOther	93044000	Brick→Class
LivistonaRotundifoliaLivePlants	10006658	LivistonaLivePlants	93042300	Brick→Class
LobeliaErinusLivePlants	10006659	LobeliaLivePlants	93042400	Brick→Class
LotusCorniculatusLivePlants	10006660	LotusLivePlants	93042500	Brick→Class
LudwigiaLivePlants	10007921	LudwigiaLivePlants	93048700	Brick→Class
LupinusLivePlants	10006661	LupinusLivePlants	93042600	Brick→Class
MandevillaLivePlants	10006662	MandevillaLivePlants	93042700	Brick→Class
MedinillaMagnificaLivePlants	10006663	MedinillaLivePlants	93042800	Brick→Class
MiltoniaLivePlants	10006664	MiltoniaLivePlants	93042900	Brick→Class
MusaLivePlants	10007922	MusaLivePlants	93048800	Brick→Class
MuscariLivePlants	10006665	MuscariLivePlants	93043000	Brick→Class
MyosotisSylvaticaLivePlants	10006666	MyosotisLivePlants	93043100	Brick→Class
NarcissusLivePlants	10006667	NarcissusLivePlants	93043200	Brick→Class
NephrolepisExaltataLivePlants	10006668	NephrolepisLivePlants	93043300	Brick→Class
NolinaRecurvataLivePlants	10006669	NolinaLivePlants	93043400	Brick→Class
NymphaeaLivePlants	10006670	NymphaeaLivePlants	93043500	Brick→Class
OncidiumLivePlants	10006671	OncidiumLivePlants	93043600	Brick→Class
OrchisLivePlants	10006672	OrchisLivePlants	93043700	Brick→Class
OrnithogalumThyrsoidesLivePlants	10006673	OrnithogalumLivePlants	93043800	Brick→Class
OsteospermumLivePlants	10006674	OsteospermumLivePlants	93043900	Brick→Class
PachiraAquaticaLivePlants	10006681	PachiraLivePlants	93044100	Brick→Class
PaeoniaLivePlants	10006682	PaeoniaLivePlants	93044200	Brick→Class
PapaverNudicauleLivePlants	10006683	PapaverLivePlants	93044300	Brick→Class
PaphiopedilumLivePlants	10006684	PaphiopedilumLivePlants	93044400	Brick→Class
PelargoniumLivePlants	10006685	PelargoniumLivePlants	93044500	Brick→Class
PennisetumLivePlants	10006686	PennisetumLivePlants	93044600	Brick→Class
PeperomiaLivePlants	10007923	PeperomiaLivePlants	93048900	Brick→Class
PetuniaLivePlants	10006687	PetuniaLivePlants	93044700	Brick→Class
PhalaenopsisLivePlants	10006688	PhalaenopsisLivePlants	93044800	Brick→Class
PhilodendronLivePlants	10007925	PhilodendronLivePlants	93049100	Brick→Class
PhloxLivePlants	10006689	PhloxLivePlants	93044900	Brick→Class
PhoenixRoebeleniiLivePlants	10006690	PhoenixLivePlants	93045000	Brick→Class
PileaLivePlants	10007924	PileaLivePlants	93049000	Brick→Class
PlatycodonGrandiflorusLivePlants	10006691	PlatycodonLivePlants	93045100	Brick→Class
PlectranthusLivePlants	10006692	PlectranthusLivePlants	93045200	Brick→Class
PolysciasLivePlants	10007926	PolysciasLivePlants	93049200	Brick→Class
PortulacaLivePlants	10006693	PortulacaLivePlants	93045300	Brick→Class
PrimulaLivePlants	10006694	PrimulaLivePlants	93045400	Brick→Class
RanunculusLivePlants	10006695	RanunculusLivePlants	93045500	Brick→Class
RhapisLivePlants	10007927	RhapisLivePlants	93049300	Brick→Class
RhipsalidopsisLivePlants	10006696	RhipsalidopsisLivePlants	93045600	Brick→Class
RhododendronLivePlants	10006697	RhododendronLivePlants	93045700	Brick→Class
RosaLivePlants	10006726	RosaLivePlants	93045800	Brick→Class
SaintpauliaLivePlants	10006698	SaintpauliaLivePlants	93045900	Brick→Class
SalviaNemorosaLivePlants	10006699	SalviaLivePlants	93046000	Brick→Class
SansevieriaCylindricaLivePlants	10006700	SansevieriaLivePlants	93046100	Brick→Class
SanvitaliaProcumbensLivePlants	10006701	SanvitaliaLivePlants	93046200	Brick→Class
SaxifragaLivePlants	10006703	SaxifragaLivePlants	93046400	Brick→Class
ScheffleraArboricolaLivePlants	10006704	ScheffleraLivePlants	93046500	Brick→Class
SchlumbergeraLivePlants	10006705	SchlumbergeraLivePlants	93046600	Brick→Class
SedumLivePlants	10006706	SedumLivePlants	93046700	Brick→Class
SempervivumLivePlants	10006707	SempervivumLivePlants	93046800	Brick→Class
SenecioMaritimaLivePlants	10006708	SenecioLivePlants	93046900	Brick→Class
SinningiaLivePlants	10006709	SinningiaLivePlants	93047000	Brick→Class
SolanumRantonnetiiLivePlants	10006710	SolanumLivePlants	93047100	Brick→Class
SpathiphyllumLivePlants	10006711	SpathiphyllumLivePlants	93047200	Brick→Class
StephanotisFloribundaLivePlants	10006712	StephanotisLivePlants	93047300	Brick→Class
SuteraCordataLivePlants	10006713	SuteraLivePlants	93047400	Brick→Class
TagetesLivePlants	10006714	TagetesLivePlants	93047500	Brick→Class
TillandsiaCyaneaLivePlants	10006715	TillandsiaLivePlants	93047600	Brick→Class
TulipaLivePlants	10006716	TulipaLivePlants	93047700	Brick→Class
VandaLivePlants	10006717	VandaLivePlants	93047800	Brick→Class
VerbenaLivePlants	10006718	VerbenaLivePlants	93047900	Brick→Class
ViolaLivePlants	10006719	ViolaLivePlants	93048000	Brick→Class
VrieseaLivePlants	10006720	VrieseaLivePlants	93048100	Brick→Class
XburragearaLivePlants	10006721	XburragearaLivePlants	93048200	Brick→Class
XcitrofortunellaMicrocarpaLivePlants	10006722	XcitrofortunellaLivePlants	93048300	Brick→Class
YuccaLivePlants	10006723	YuccaLivePlants	93048400	Brick→Class
ZamioculcasZamiifoliaLivePlants	10006724	ZamioculcasLivePlants	93048500	Brick→Class
ZantedeschiaLivePlants	10006725	ZantedeschiaLivePlants	93048600	Brick→Class
PlantsVarietyPacks	10003305	PlantsVarietyPacks	93060100	Brick→Class
SeedlingsReadyToGrow	10006774	SeedlingsReadyToGrow	93110100	Brick→Class
GrassSeeds	10007943	Seeds	93070100	Brick→Class
GreenManureSeeds	10007946	Seeds	93070100	Brick→Class
SeedsOther	10003291	Seeds	93070100	Brick→Class
SporesOther	10007944	Spores	93070200	Brick→Class
AbiesBalsameaBalsamFirLivePlants	10007984	AbiesFir	93080200	Brick→Class
AbiesConcolorWhileFirLivePlants	10007988	AbiesFir	93080200	Brick→Class
AbiesFraseriFraserFirLivePlants	10007982	AbiesFir	93080200	Brick→Class
AbiesGrandisGrandFirOrGiantFirLivePlants	10007985	AbiesFir	93080200	Brick→Class
AbiesGuatemalensisGuatemalanFirLivePlants	10007986	AbiesFir	93080200	Brick→Class
AbiesKoreanaKoreanFirLivePlants	10007981	AbiesFir	93080200	Brick→Class
AbiesLasiocarpaAlpineFirLivePlants	10007983	AbiesFir	93080200	Brick→Class
AbiesMagnificaSilvertipFirOrRedFirLivePlants	10007987	AbiesFir	93080200	Brick→Class
AbiesNordmannianaNordmannFirLivePlants	10007979	AbiesFir	93080200	Brick→Class
AbiesProceraNobleFirLivePlants	10007980	AbiesFir	93080200	Brick→Class
AraucariaHeterophyllaNordfolkIslandPineLivePlants	10007990	Araucaria	93080300	Brick→Class
PiceaAbiesCommonSpruceOrNorwaySpruceLivePlants	10007993	Picea	93080400	Brick→Class
PiceaOmorikaSerbianSpruceLivePlants	10007991	Picea	93080400	Brick→Class
PiceaPungensColoradoSpruceLivePlants	10007992	Picea	93080400	Brick→Class
PinusCembraSwissPineLivePlants	10007999	Pinus	93080500	Brick→Class
PinusEdulisTwoNeedlePinyonPineLivePlants	10007996	Pinus	93080500	Brick→Class
PinusJeffreyiJeffreyiPineLivePlants	10007994	Pinus	93080500	Brick→Class
PinusMonophyllaSingleLeafPinyonPineLivePlants	10007995	Pinus	93080500	Brick→Class
PinusPineaStonePineLivePlants	10007998	Pinus	93080500	Brick→Class
PinusSylvestrisScotsPineLivePlants	10007997	Pinus	93080500	Brick→Class
ShrubsTreesOther	10003714	ShrubsTreesOther	93080100	Brick→Class
VegetablesFungi	10003852	VegetablesFungiPlants	93090100	Brick→Class
BabyBathSafetyProducts	10000498	BabySanitaryFurnishings	75050100	Brick→Class
BabyBathsBathChairsBathCradles	10000827	BabySanitaryFurnishings	75050100	Brick→Class
BabyChangingMats	10000822	BabySanitaryFurnishings	75050100	Brick→Class
BabyChangingTable	10000501	BabySanitaryFurnishings	75050100	Brick→Class
BabyPottiesTrainingSeats	10000821	BabySanitaryFurnishings	75050100	Brick→Class
BabySanitaryFurnishingsOther	10006797	BabySanitaryFurnishings	75050100	Brick→Class
BabySanitaryFurnishingsReplacementParts	10006796	BabySanitaryFurnishings	75050100	Brick→Class
BabySanitaryFurnishingsVarietyPack	10006795	BabySanitaryFurnishings	75050100	Brick→Class
BabyCotMattress	10000790	HouseholdBabyBedsMattresses	75050200	Brick→Class
BabyCotsCotBedsBassinet	10000789	HouseholdBabyBedsMattresses	75050200	Brick→Class
HouseholdBabyBedsMattressesOther	10006808	HouseholdBabyBedsMattresses	75050200	Brick→Class
HouseholdBabyBedsMattressesReplacementParts	10006807	HouseholdBabyBedsMattresses	75050200	Brick→Class
HouseholdBabyBedsMattressesVarietyPack	10006806	HouseholdBabyBedsMattresses	75050200	Brick→Class
BabyBouncingCradlesRockerSeatsNonPowered	10000800	HouseholdBabySeating	75050300	Brick→Class
BabyBouncingCradlesRockerSeatsPowered	10000801	HouseholdBabySeating	75050300	Brick→Class
BabyHighChair	10000787	HouseholdBabySeating	75050300	Brick→Class
HouseholdBabySeatingOther	10006811	HouseholdBabySeating	75050300	Brick→Class
HouseholdBabySeatingReplacementParts	10006810	HouseholdBabySeating	75050300	Brick→Class
HouseholdBabySeatingVarietyPack	10006809	HouseholdBabySeating	75050300	Brick→Class
FabricTextileFurnishingsVarietyPacks	10003813	FabricTextileFurnishingsVarietyPacks	75020300	Brick→Class
Bathroom&ToiletMats	10008114	HouseholdBeddingOfficeFurnishings	75020100	Brick→Class
BedSheetsValances	10002227	HouseholdBeddingOfficeFurnishings	75020100	Brick→Class
BlanketsThrowsNonPowered	10002224	HouseholdBeddingOfficeFurnishings	75020100	Brick→Class
BlanketsThrowsPowered	10005197	HouseholdBeddingOfficeFurnishings	75020100	Brick→Class
Curtains	10002214	HouseholdBeddingOfficeFurnishings	75020100	Brick→Class
Cushions	10002217	HouseholdBeddingOfficeFurnishings	75020100	Brick→Class
CushionsCasesProtectorsDetachable	10008304	HouseholdBeddingOfficeFurnishings	75020100	Brick→Class
Doormats	10008115	HouseholdBeddingOfficeFurnishings	75020100	Brick→Class
DuvetsQuilts	10002222	HouseholdBeddingOfficeFurnishings	75020100	Brick→Class
DuvetsQuiltsCoversProtectorsDetachable	10002223	HouseholdBeddingOfficeFurnishings	75020100	Brick→Class
FabricTextileTowels	10002219	HouseholdBeddingOfficeFurnishings	75020100	Brick→Class
FurnishingCoversProtectorsDetachable	10002216	HouseholdBeddingOfficeFurnishings	75020100	Brick→Class
FurnishingFloorRugsMatsDetachable	10002218	HouseholdBeddingOfficeFurnishings	75020100	Brick→Class
HorizontalWindowBlinds	10002215	HouseholdBeddingOfficeFurnishings	75020100	Brick→Class
HouseholdOfficeFabricTextileFurnishingVarietyPacks	10002220	HouseholdBeddingOfficeFurnishings	75020100	Brick→Class
HouseholdOfficeFabricTextileFurnishingsOther	10002221	HouseholdBeddingOfficeFurnishings	75020100	Brick→Class
Pillows	10002225	HouseholdBeddingOfficeFurnishings	75020100	Brick→Class
PleatedWindowShades	10008014	HouseholdBeddingOfficeFurnishings	75020100	Brick→Class
RollDownWindowBlinds	10008012	HouseholdBeddingOfficeFurnishings	75020100	Brick→Class
RollDownWindowShades	10008013	HouseholdBeddingOfficeFurnishings	75020100	Brick→Class
RomanWindowShades	10008015	HouseholdBeddingOfficeFurnishings	75020100	Brick→Class
TableAndKitchenProtectiveGear	10008305	HouseholdBeddingOfficeFurnishings	75020100	Brick→Class
VerticalWindowBlinds	10008016	HouseholdBeddingOfficeFurnishings	75020100	Brick→Class
WindowTreatmentReplacementPartsAccessories	10007935	HouseholdBeddingOfficeFurnishings	75020100	Brick→Class
DisplayStand	10006330	DisplayStands	75010700	Brick→Class
HouseholdAdjustableBedsNonPowered	10002209	HouseholdBedsMattresses	75010400	Brick→Class
HouseholdAdjustableBedsPowered	10002208	HouseholdBedsMattresses	75010400	Brick→Class
HouseholdBedFramesBedsteads	10002207	HouseholdBedsMattresses	75010400	Brick→Class
HouseholdBedsReplacementPartsComponents	10005096	HouseholdBedsMattresses	75010400	Brick→Class
HouseholdBedsMattressesOther	10002212	HouseholdBedsMattresses	75010400	Brick→Class
HouseholdBedsMattressesVarietyPacks	10002213	HouseholdBedsMattresses	75010400	Brick→Class
HouseholdInflatableBedsWaterBeds	10002211	HouseholdBedsMattresses	75010400	Brick→Class
HouseholdMattresses	10002210	HouseholdBedsMattresses	75010400	Brick→Class
FurnitureCastorsPadsSlides	10005437	HouseholdOfficeFurnitureAccessories	75010600	Brick→Class
FurnitureLegs	10007721	HouseholdOfficeFurnitureAccessories	75010600	Brick→Class
ShelfGripLinerContactPaper	10005254	HouseholdOfficeFurnitureAccessories	75010600	Brick→Class
HouseholdOfficeFurnitureVarietyPacks	10003814	HouseholdOfficeFurnitureVarietyPacks	75010500	Brick→Class
BeanBagsPouffesOttomans	10002197	HouseholdOfficeSeating	75010200	Brick→Class
HouseholdOfficeChairsReplacementPartsComponents	10005097	HouseholdOfficeSeating	75010200	Brick→Class
HouseholdOfficeChairsStoolsNonPowered	10002193	HouseholdOfficeSeating	75010200	Brick→Class
HouseholdOfficeChairsStoolsPowered	10002192	HouseholdOfficeSeating	75010200	Brick→Class
HouseholdOfficeFootRests	10002199	HouseholdOfficeSeating	75010200	Brick→Class
HouseholdOfficeSeatingOther	10002201	HouseholdOfficeSeating	75010200	Brick→Class
HouseholdOfficeSeatingVarietyPacks	10002200	HouseholdOfficeSeating	75010200	Brick→Class
HouseholdOfficeSofaBeds	10002196	HouseholdOfficeSeating	75010200	Brick→Class
HouseholdOfficeSofasNonPowered	10002195	HouseholdOfficeSeating	75010200	Brick→Class
HouseholdOfficeSofasPowered	10002194	HouseholdOfficeSeating	75010200	Brick→Class
InflatableSeating	10002198	HouseholdOfficeSeating	75010200	Brick→Class
ChestsOfDrawersDressersDrawers	10002117	HouseholdOfficeStorageDisplayFurnitureScreens	75010100	Brick→Class
FilingCabinets	10002185	HouseholdOfficeStorageDisplayFurnitureScreens	75010100	Brick→Class
HouseholdOrganisersTidies	10002189	HouseholdOfficeStorageDisplayFurnitureScreens	75010100	Brick→Class
HouseholdOfficeBarCounters	10005810	HouseholdOfficeStorageDisplayFurnitureScreens	75010100	Brick→Class
HouseholdOfficeBoxesBaskets	10002187	HouseholdOfficeStorageDisplayFurnitureScreens	75010100	Brick→Class
HouseholdOfficeCupboardsDisplayCabinets	10005199	HouseholdOfficeStorageDisplayFurnitureScreens	75010100	Brick→Class
HouseholdOfficePartitionsScreens	10002190	HouseholdOfficeStorageDisplayFurnitureScreens	75010100	Brick→Class
HouseholdOfficeShelvingUnits	10002184	HouseholdOfficeStorageDisplayFurnitureScreens	75010100	Brick→Class
HouseholdOfficeStorageDisplayFurnitureReplacementPartsComponents	10005098	HouseholdOfficeStorageDisplayFurnitureScreens	75010100	Brick→Class
HouseholdOfficeStorageDisplayFurnitureOther	10003790	HouseholdOfficeStorageDisplayFurnitureScreens	75010100	Brick→Class
HouseholdOfficeStorageDisplayFurnitureScreensVarietyPacks	10002191	HouseholdOfficeStorageDisplayFurnitureScreens	75010100	Brick→Class
HouseholdOfficeWardrobesLockers	10002118	HouseholdOfficeStorageDisplayFurnitureScreens	75010100	Brick→Class
StorageRailsHolders	10002188	HouseholdOfficeStorageDisplayFurnitureScreens	75010100	Brick→Class
UniversalEntertainmentUnits	10002186	HouseholdOfficeStorageDisplayFurnitureScreens	75010100	Brick→Class
UniversalTurntables	10005743	HouseholdOfficeStorageDisplayFurnitureScreens	75010100	Brick→Class
WorktopsCountertops	10006731	HouseholdOfficeStorageDisplayFurnitureScreens	75010100	Brick→Class
HouseholdOfficeDesksWorkstations	10002203	HouseholdOfficeTablesDesks	75010300	Brick→Class
HouseholdOfficeTables	10002202	HouseholdOfficeTablesDesks	75010300	Brick→Class
HouseholdOfficeTablesDesksReplacementPartsComponents	10005095	HouseholdOfficeTablesDesks	75010300	Brick→Class
HouseholdOfficeTablesDesksOther	10002205	HouseholdOfficeTablesDesks	75010300	Brick→Class
HouseholdOfficeTablesDesksVarietyPacks	10002206	HouseholdOfficeTablesDesks	75010300	Brick→Class
AlarmClocks	10007006	Clocks	75030400	Brick→Class
Clocks	10002252	Clocks	75030400	Brick→Class
ClocksReplacementParts	10004101	Clocks	75030400	Brick→Class
DecorativeBannersFlags	10005816	DecorativeBannersFlags	75030700	Brick→Class
DecorativeBannersFlagsAccessories	10006893	DecorativeBannersFlagsAccessories	75030800	Brick→Class
OrnamentalFurnishingsVarietyPacks	10003816	OrnamentalFurnishingsVarietyPacks	75030600	Brick→Class
ArtificialFlowersPlantsTrees	10002232	Ornaments	75030100	Brick→Class
CandleHoldersAccessories	10002249	Ornaments	75030100	Brick→Class
Candles	10000555	Ornaments	75030100	Brick→Class
ChristmasTreeArtificialNonPowered	10007011	Ornaments	75030100	Brick→Class
ChristmasTreeArtificialPowered	10008283	Ornaments	75030100	Brick→Class
ChristmasWreathAndGarlandArtificialNonPowered	10008284	Ornaments	75030100	Brick→Class
ChristmasWreathAndGarlandArtificialPowered	10008285	Ornaments	75030100	Brick→Class
DecorativeMagnetsStickersWindowClings	10002234	Ornaments	75030100	Brick→Class
Incense	10008112	Ornaments	75030100	Brick→Class
IncenseHoldersBurnersAndAccessories	10008113	Ornaments	75030100	Brick→Class
NaturalOrnaments	10008407	Ornaments	75030100	Brick→Class
OrnamentAccessories	10005692	Ornaments	75030100	Brick→Class
OrnamentsNonPowered	10002231	Ornaments	75030100	Brick→Class
OrnamentsPowered	10008302	Ornaments	75030100	Brick→Class
OrnamentsVarietyPacks	10002238	Ornaments	75030100	Brick→Class
SeasonalDecorationsNonPowered	10002236	Ornaments	75030100	Brick→Class
SeasonalDecorationsPowered	10002237	Ornaments	75030100	Brick→Class
SunDreamCatchersWindchimes	10002235	Ornaments	75030100	Brick→Class
Vases	10002233	Ornaments	75030100	Brick→Class
Mirrors	10002245	PicturesMirrorsFrames	75030200	Brick→Class
Paintings	10002240	PicturesMirrorsFrames	75030200	Brick→Class
Photographs	10002243	PicturesMirrorsFrames	75030200	Brick→Class
PictureFrames	10002246	PicturesMirrorsFrames	75030200	Brick→Class
PictureMirrorsFramesOther	10002248	PicturesMirrorsFrames	75030200	Brick→Class
PicturesMirrorsFramesVarietyPacks	10002247	PicturesMirrorsFrames	75030200	Brick→Class
PostersPrints	10002241	PicturesMirrorsFrames	75030200	Brick→Class
BetweenBearingsPumps	10008341	CentrifugalPumps	11010100	Brick→Class
OverhungPumps	10008340	CentrifugalPumps	11010100	Brick→Class
VerticallySuspendedPumps	10008342	CentrifugalPumps	11010100	Brick→Class
FireFightingEquipment	10008382	FireHydrantSystems	11010300	Brick→Class
FireHydrantSystems	10008344	FireHydrantSystems	11010300	Brick→Class
SubmersiblePumps	10008343	SubmersiblePumps	11010200	Brick→Class
IndustrialFloatingFootbridges	10008360	IndustrialPumpsStructures	11040100	Brick→Class
IndustrialFloatingRafts	10008357	IndustrialPumpsStructures	11040100	Brick→Class
IndustrialFloats	10008362	IndustrialPumpsStructures	11040100	Brick→Class
IndustrialGuardrails	10008361	IndustrialPumpsStructures	11040100	Brick→Class
IndustrialRaftLidsCovers	10008358	IndustrialPumpsStructures	11040100	Brick→Class
IndustrialStructures	10008359	IndustrialPumpsStructures	11040100	Brick→Class
IndustrialPumpsElectricEngines	10008355	IndustrialPumpsEngines	11030100	Brick→Class
IndustrialPumpsCombustionEngines	10008356	IndustrialPumpsEngines	11030100	Brick→Class
IndustrialPumpsReplacementPartsAccessories	10008364	IndustrialPumps–ReplacementPartsAccessories	11050100	Brick→Class
PneumaticsPumps	10008354	PneumaticsPumps	11020300	Brick→Class
DiaphragmPumps	10008353	ReciprocatingPumps	11020200	Brick→Class
PistonPumps	10008351	ReciprocatingPumps	11020200	Brick→Class
PlungerPumps	10008352	ReciprocatingPumps	11020200	Brick→Class
GearPumps	10008349	RotaryPumps	11020100	Brick→Class
LobePumps	10008350	RotaryPumps	11020100	Brick→Class
PeristalticRollerPumps	10008346	RotaryPumps	11020100	Brick→Class
ProgressiveCavityPumps	10008348	RotaryPumps	11020100	Brick→Class
ScrewPumps	10008345	RotaryPumps	11020100	Brick→Class
VanePumps	10008347	RotaryPumps	11020100	Brick→Class
BakewareOvenwareGrillwareNonDisposable	10002150	CookwareBakeware	73040400	Brick→Class
CookwareDisposable	10000554	CookwareBakeware	73040400	Brick→Class
CookwareBakewareAccessoriesReplacementParts	10005675	CookwareBakeware	73040400	Brick→Class
CookwareBakewareOther	10002152	CookwareBakeware	73040400	Brick→Class
FondueSetNonPowered	10007239	CookwareBakeware	73040400	Brick→Class
FondueSetNonPoweredAccessoriesSpareParts	10007240	CookwareBakeware	73040400	Brick→Class
HobPotsPansWoksCocottes	10002144	CookwareBakeware	73040400	Brick→Class
HobPotsPansWoksCocottesVarietyPacks	10007241	CookwareBakeware	73040400	Brick→Class
KitchenCookwareBakewareVarietyPacks	10002151	CookwareBakeware	73040400	Brick→Class
DisposableFoodContainers	10006331	DisposableFoodContainers	73041000	Brick→Class
DisposableFoodContainersOther	10006333	DisposableFoodContainers	73041000	Brick→Class
DisposableFoodContainersVarietyPacks	10006332	DisposableFoodContainers	73041000	Brick→Class
CookingTimersNonPowered	10002136	FoodMeasuringEquipment	73040300	Brick→Class
FoodMeasuringEquipmentOther	10002142	FoodMeasuringEquipment	73040300	Brick→Class
FoodMeasuringEquipmentVarietyPacks	10002141	FoodMeasuringEquipment	73040300	Brick→Class
FoodThermometers	10002140	FoodMeasuringEquipment	73040300	Brick→Class
FoodVolumeMeasuringEquipment	10002139	FoodMeasuringEquipment	73040300	Brick→Class
KitchenScalesNonPowered	10002143	FoodMeasuringEquipment	73040300	Brick→Class
BabyFeedingAidsNonPowered	10000493	FoodPreparationEquipment	73040600	Brick→Class
CookieGunsFoodDecoratingSyringesNonPowered	10005434	FoodPreparationEquipment	73040600	Brick→Class
CorersPeelers	10002169	FoodPreparationEquipment	73040600	Brick→Class
FlourSugarShakers	10005694	FoodPreparationEquipment	73040600	Brick→Class
FoodFunnels	10005429	FoodPreparationEquipment	73040600	Brick→Class
FoodPreparationBowls	10005701	FoodPreparationEquipment	73040600	Brick→Class
FoodPreparationBrushesOilPumpsBaster	10005426	FoodPreparationEquipment	73040600	Brick→Class
FoodPreparationEquipmentOther	10002178	FoodPreparationEquipment	73040600	Brick→Class
FoodPreparationEquipmentVarietyPacks	10002177	FoodPreparationEquipment	73040600	Brick→Class
KitchenKnifeSharpenersNonPowered	10005201	FoodPreparationEquipment	73040600	Brick→Class
KitchenKnivesCleavers	10002168	FoodPreparationEquipment	73040600	Brick→Class
KitchenScissors	10000542	FoodPreparationEquipment	73040600	Brick→Class
KitchenSlicersGratersCutters	10002172	FoodPreparationEquipment	73040600	Brick→Class
MincersChoppersRicersPastaMakersNonPowered	10002148	FoodPreparationEquipment	73040600	Brick→Class
MultifunctionKitchenTools	10002176	FoodPreparationEquipment	73040600	Brick→Class
OpenersKitchen	10002175	FoodPreparationEquipment	73040600	Brick→Class
PaperFilters	10000559	FoodPreparationEquipment	73040600	Brick→Class
RollingPins	10002173	FoodPreparationEquipment	73040600	Brick→Class
SievesStrainersColanders	10002146	FoodPreparationEquipment	73040600	Brick→Class
SkewersSticks	10002174	FoodPreparationEquipment	73040600	Brick→Class
SlicingChoppingBoards	10002147	FoodPreparationEquipment	73040600	Brick→Class
SpatulasScoopsLadles	10002170	FoodPreparationEquipment	73040600	Brick→Class
TongsTweezersMalletsMashersWhisks	10002171	FoodPreparationEquipment	73040600	Brick→Class
BeverageDecorationsAccessoriesNonEdible	10002128	FoodBeveragePresentationAccessories	73040900	Brick→Class
CakePastryDecorationsAccessoriesNonEdible	10002149	FoodBeveragePresentationAccessories	73040900	Brick→Class
FoodShapingMoulds	10005430	FoodBeveragePresentationAccessories	73040900	Brick→Class
KitchenMerchandiseVarietyPacks	10002183	KitchenMerchandiseVarietyPacks	73040800	Brick→Class
DisposableFoodBags	10000692	KitchenStorage	73040100	Brick→Class
DisposableFoodWrap	10000693	KitchenStorage	73040100	Brick→Class
FoodBeverageStorageContainers	10002122	KitchenStorage	73040100	Brick→Class
KitchenStorageReplacementPartsAccessories	10005209	KitchenStorage	73040100	Brick→Class
KitchenStorageOther	10002124	KitchenStorage	73040100	Brick→Class
KitchenStorageRacksStandsHoldersDispensers	10002121	KitchenStorage	73040100	Brick→Class
KitchenStorageVarietyPacks	10002123	KitchenStorage	73040100	Brick→Class
StringTies	10000541	KitchenStorage	73040100	Brick→Class
BottleStoppersPourers	10002130	WaterBeverageEquipment	73040200	Brick→Class
BottleCanInsulators	10005470	WaterBeverageEquipment	73040200	Brick→Class
CappuccinoCreamersNonPowered	10005435	WaterBeverageEquipment	73040200	Brick→Class
GrindersJuicersIceCrushersNonPowered	10002133	WaterBeverageEquipment	73040200	Brick→Class
HouseholdWaterTestingKits	10005208	WaterBeverageEquipment	73040200	Brick→Class
KettlesNonPowered	10002129	WaterBeverageEquipment	73040200	Brick→Class
WaterFiltersWaterFilterCartridges	10002127	WaterBeverageEquipment	73040200	Brick→Class
WaterBeverageEquipmentOther	10002135	WaterBeverageEquipment	73040200	Brick→Class
WaterBeverageEquipmentVarietyPacks	10002134	WaterBeverageEquipment	73040200	Brick→Class
BabyFeedingBottles	10000491	BabyTableware	73050100	Brick→Class
BabyFeedingReplacementParts	10000823	BabyTableware	73050100	Brick→Class
BabyFeedingTableware	10000490	BabyTableware	73050100	Brick→Class
BabyFeedingTeats	10000724	BabyTableware	73050100	Brick→Class
BabyFeedingAccessories	10000492	BabyTableware	73050100	Brick→Class
BabyInfantCutleryNonDisposable	10006801	BabyTableware	73050100	Brick→Class
BabyInfantFeedingOther	10000825	BabyTableware	73050100	Brick→Class
BabyInfantTablewareVarietyPacks	10006802	BabyTableware	73050100	Brick→Class
BarAndWineVarietyPack	10007255	BarwareNonDisposable	73050500	Brick→Class
CocktailAccessoriesNonDisposable	10007253	BarwareNonDisposable	73050500	Brick→Class
IceWineBucketsNonPowered	10002162	BarwareNonDisposable	73050500	Brick→Class
OtherBarAndWineAccessories	10007254	BarwareNonDisposable	73050500	Brick→Class
WineAccessories	10007252	BarwareNonDisposable	73050500	Brick→Class
BowlsNonDisposable	10002154	DinnerwareNonDisposable	73050200	Brick→Class
DinnerwareVarietyPack	10007242	DinnerwareNonDisposable	73050200	Brick→Class
EggCupsNonDisposable	10005427	DinnerwareNonDisposable	73050200	Brick→Class
PlatesNonDisposable	10002153	DinnerwareNonDisposable	73050200	Brick→Class
BarCocktailGlasses	10007245	DrinkwareNonDisposable	73050300	Brick→Class
BeerGlasses	10007249	DrinkwareNonDisposable	73050300	Brick→Class
DrinkwareOther	10007247	DrinkwareNonDisposable	73050300	Brick→Class
DrinkwareVarietyPack	10007248	DrinkwareNonDisposable	73050300	Brick→Class
MugsCupsNonDisposable	10002155	DrinkwareNonDisposable	73050300	Brick→Class
ServingJugsPitchersDecanters	10002158	DrinkwareNonDisposable	73050300	Brick→Class
SetOfGlasses	10007246	DrinkwareNonDisposable	73050300	Brick→Class
StemmedGlassesForWineWaterChampagne	10007243	DrinkwareNonDisposable	73050300	Brick→Class
TeaCoffeeChocolateAccessories	10007250	DrinkwareNonDisposable	73050300	Brick→Class
TeaCoffeeChocolateVarietyPack	10007251	DrinkwareNonDisposable	73050300	Brick→Class
TeapotsCafetieresHotBeveragesCarafes	10002131	DrinkwareNonDisposable	73050300	Brick→Class
Tumblers	10007244	DrinkwareNonDisposable	73050300	Brick→Class
FishShellfishSnailFlatwareNonDisposable	10007274	FlatwareNonDisposable	73051000	Brick→Class
FlatwareVarietyPacksNonDisposable	10007270	FlatwareNonDisposable	73051000	Brick→Class
OtherFlatwareNonDisposable	10007269	FlatwareNonDisposable	73051000	Brick→Class
ServingFlatwareNonDisposable	10007273	FlatwareNonDisposable	73051000	Brick→Class
StarterDessertCheeseFlatwareNonDisposable	10007275	FlatwareNonDisposable	73051000	Brick→Class
TableFlatwareNonDisposable	10007272	FlatwareNonDisposable	73051000	Brick→Class
TeaCoffeeFlatwareNonDisposable	10007268	FlatwareNonDisposable	73051000	Brick→Class
TravelFoldingKnives	10007271	FlatwareNonDisposable	73051000	Brick→Class
Buffet	10007256	ServewareNonDisposable	73050600	Brick→Class
DeepServingPlatters	10007259	ServewareNonDisposable	73050600	Brick→Class
FlatServingPlatters	10007258	ServewareNonDisposable	73050600	Brick→Class
FoodServingTrolleysNonPowered	10002160	ServewareNonDisposable	73050600	Brick→Class
FoodBeverageWarmersCoolersNonPowered	10002161	ServewareNonDisposable	73050600	Brick→Class
ServewareOther	10007260	ServewareNonDisposable	73050600	Brick→Class
ServewareVarietyPack	10007257	ServewareNonDisposable	73050600	Brick→Class
ServingTrays	10002159	ServewareNonDisposable	73050600	Brick→Class
DinnerwareDisposable	10000635	TablewareDisposable	73050700	Brick→Class
DrinkwareDisposable	10007261	TablewareDisposable	73050700	Brick→Class
FlatwareDisposable	10007262	TablewareDisposable	73050700	Brick→Class
TableMatNapkinsDisposable	10007264	TablewareDisposable	73050700	Brick→Class
TablewareAccessoriesDisposable	10007263	TablewareDisposable	73050700	Brick→Class
FoodStandsDisplays	10002165	TablewareAccessories	73050900	Brick→Class
NapkinRings	10005210	TablewareAccessories	73050900	Brick→Class
SaltPepperShakers	10005693	TablewareAccessories	73050900	Brick→Class
SaltPepperSpiceMillsNonPowered	10002163	TablewareAccessories	73050900	Brick→Class
TablewareAccessoriesOther	10007266	TablewareAccessories	73050900	Brick→Class
TablewareAccessoryVarietyPacks	10007267	TablewareAccessories	73050900	Brick→Class
TablewareVarietyPacks	10007265	TablewareVarietyPacks	73050800	Brick→Class
GardenWaterFeatures	10003215	GardenPoolsPondsWaterFeaturesAndOrnaments	81010100	Brick→Class
GardenWaterFeatureOrnaments	10003315	GardenPoolsPondsWaterFeaturesAndOrnaments	81010100	Brick→Class
LawnGardenPoolsPondsWaterFeaturesOther	10003225	GardenPoolsPondsWaterFeaturesAndOrnaments	81010100	Brick→Class
LawnGardenPoolsPondsWaterFeaturesVarietyPacks	10003224	GardenPoolsPondsWaterFeaturesAndOrnaments	81010100	Brick→Class
PondWaterFeatureAccessoriesAndTools	10008367	GardenPoolsPondsWaterFeaturesAndOrnaments	81010100	Brick→Class
PondWaterFeatureAerators	10003220	GardenPoolsPondsWaterFeaturesAndOrnaments	81010100	Brick→Class
PondWaterFeatureFoggers	10003218	GardenPoolsPondsWaterFeaturesAndOrnaments	81010100	Brick→Class
PondWaterFeatureShellsLiners	10003213	GardenPoolsPondsWaterFeaturesAndOrnaments	81010100	Brick→Class
PondWaterFeatureSubstratesBedding	10008366	GardenPoolsPondsWaterFeaturesAndOrnaments	81010100	Brick→Class
PoolShellsLiners	10007037	GardenPoolsPondsWaterFeaturesAndOrnaments	81010100	Brick→Class
PoolPondWaterFeatureDrainagePipes	10003222	GardenPoolsPondsWaterFeaturesAndOrnaments	81010100	Brick→Class
PoolPondWaterFeatureFiltersPowered	10003216	GardenPoolsPondsWaterFeaturesAndOrnaments	81010100	Brick→Class
PoolPondWaterFeatureProtectiveCovers	10003223	GardenPoolsPondsWaterFeaturesAndOrnaments	81010100	Brick→Class
PoolPondWaterFeatureSuppliesAccessories	10005253	GardenPoolsPondsWaterFeaturesAndOrnaments	81010100	Brick→Class
PoolPondWaterFeatureUvClarifiersSterilizers	10003219	GardenPoolsPondsWaterFeaturesAndOrnaments	81010100	Brick→Class
PoolWaterFeatureChemicalsTreatments	10003221	GardenPoolsPondsWaterFeaturesAndOrnaments	81010100	Brick→Class
Barbecues	10003328	LawnGardenCookingHeatingAppliances	81010800	Brick→Class
CookingIslandsLawnGarden	10003330	LawnGardenCookingHeatingAppliances	81010800	Brick→Class
GreenhouseHeatersVentilators	10005369	LawnGardenCookingHeatingAppliances	81010800	Brick→Class
LawnGardenCookingHeatingAppliancesOther	10003335	LawnGardenCookingHeatingAppliances	81010800	Brick→Class
LawnGardenCookingHeatingAppliancesReplacementPartsAccessories	10003336	LawnGardenCookingHeatingAppliances	81010800	Brick→Class
LawnGardenCookingHeatingAppliancesVarietyPacks	10003334	LawnGardenCookingHeatingAppliances	81010800	Brick→Class
OutdoorHeatersNonPowered	10003324	LawnGardenCookingHeatingAppliances	81010800	Brick→Class
OutdoorHeatersPowered	10003323	LawnGardenCookingHeatingAppliances	81010800	Brick→Class
SmokersCooking	10006742	LawnGardenCookingHeatingAppliances	81010800	Brick→Class
WarmersDrawersLawnGarden	10003332	LawnGardenCookingHeatingAppliances	81010800	Brick→Class
ApplicatorsFeedersNonPowered	10003867	LawnGardenEquipmentAndTools	81011200	Brick→Class
ApplicatorsFeedersPowered	10003869	LawnGardenEquipmentAndTools	81011200	Brick→Class
Axes	10003383	LawnGardenEquipmentAndTools	81011200	Brick→Class
BrushCuttersStringTrimmersEdgersPowered	10003355	LawnGardenEquipmentAndTools	81011200	Brick→Class
BulbPlanters	10003398	LawnGardenEquipmentAndTools	81011200	Brick→Class
ChainSawsPowered	10003359	LawnGardenEquipmentAndTools	81011200	Brick→Class
ChippersShreddersMulchersPowered	10003351	LawnGardenEquipmentAndTools	81011200	Brick→Class
CultivatorsTillersNonPowered	10003397	LawnGardenEquipmentAndTools	81011200	Brick→Class
CultivatorsTillersRotaryHoesPowered	10003373	LawnGardenEquipmentAndTools	81011200	Brick→Class
DiggingBars	10003846	LawnGardenEquipmentAndTools	81011200	Brick→Class
EarthAugersNonPowered	10003842	LawnGardenEquipmentAndTools	81011200	Brick→Class
EarthAugersPowered	10003365	LawnGardenEquipmentAndTools	81011200	Brick→Class
EdgersNonPowered	10003389	LawnGardenEquipmentAndTools	81011200	Brick→Class
ForksLawnGarden	10003391	LawnGardenEquipmentAndTools	81011200	Brick→Class
GardenCartsNonPowered	10003404	LawnGardenEquipmentAndTools	81011200	Brick→Class
GardenCartsPowered	10003376	LawnGardenEquipmentAndTools	81011200	Brick→Class
GardenPowerToolsOther	10003408	LawnGardenEquipmentAndTools	81011200	Brick→Class
GardenPowerToolsVarietyPacks	10003407	LawnGardenEquipmentAndTools	81011200	Brick→Class
GardenShearsNonPowered	10003379	LawnGardenEquipmentAndTools	81011200	Brick→Class
GardenTractors	10004102	LawnGardenEquipmentAndTools	81011200	Brick→Class
GardenVacuumsBlowers	10003338	LawnGardenEquipmentAndTools	81011200	Brick→Class
Harrows	10003386	LawnGardenEquipmentAndTools	81011200	Brick→Class
HedgeTrimmersPowered	10003870	LawnGardenEquipmentAndTools	81011200	Brick→Class
Hoes	10003388	LawnGardenEquipmentAndTools	81011200	Brick→Class
LawnAeratorsNonPowered	10003393	LawnGardenEquipmentAndTools	81011200	Brick→Class
LawnBagStandsHolders	10003868	LawnGardenEquipmentAndTools	81011200	Brick→Class
LawnBags	10003403	LawnGardenEquipmentAndTools	81011200	Brick→Class
LawnMowersRakersNonPowered	10003387	LawnGardenEquipmentAndTools	81011200	Brick→Class
LawnMowersRakersPowered	10003353	LawnGardenEquipmentAndTools	81011200	Brick→Class
LawnRollersNonPowered	10003394	LawnGardenEquipmentAndTools	81011200	Brick→Class
LawnRollersPowered	10003841	LawnGardenEquipmentAndTools	81011200	Brick→Class
LawnScarifiersAeratorsPowered	10003347	LawnGardenEquipmentAndTools	81011200	Brick→Class
LawnSweepsNonPowered	10003377	LawnGardenEquipmentAndTools	81011200	Brick→Class
LawnGardenEquipmentAccessories	10003352	LawnGardenEquipmentAndTools	81011200	Brick→Class
LawnGardenEquipmentOther	10003872	LawnGardenEquipmentAndTools	81011200	Brick→Class
LawnGardenEquipmentVarietyPacks	10003873	LawnGardenEquipmentAndTools	81011200	Brick→Class
LawnGardenHandToolsOther	10003865	LawnGardenEquipmentAndTools	81011200	Brick→Class
LawnGardenHandToolsReplacementPartsAccessories	10003864	LawnGardenEquipmentAndTools	81011200	Brick→Class
LawnGardenHandToolsVarietyPacks	10003866	LawnGardenEquipmentAndTools	81011200	Brick→Class
LawnGardenPowerToolsReplacementPartsAccessories	10003402	LawnGardenEquipmentAndTools	81011200	Brick→Class
LawnGardenTrowels	10003392	LawnGardenEquipmentAndTools	81011200	Brick→Class
LogSplittersPowered	10003367	LawnGardenEquipmentAndTools	81011200	Brick→Class
Loppers	10003380	LawnGardenEquipmentAndTools	81011200	Brick→Class
Mauls	10003385	LawnGardenEquipmentAndTools	81011200	Brick→Class
Picks	10003863	LawnGardenEquipmentAndTools	81011200	Brick→Class
PostHoleDiggersNonPowered	10003844	LawnGardenEquipmentAndTools	81011200	Brick→Class
PostHoleDiggersPowered	10003861	LawnGardenEquipmentAndTools	81011200	Brick→Class
PottingTable	10007606	LawnGardenEquipmentAndTools	81011200	Brick→Class
PressureWasherReplacementPartsAccessories	10007939	LawnGardenEquipmentAndTools	81011200	Brick→Class
PressureWashersPowered	10003375	LawnGardenEquipmentAndTools	81011200	Brick→Class
PrunersPowered	10003843	LawnGardenEquipmentAndTools	81011200	Brick→Class
PrunersSecateurs	10003381	LawnGardenEquipmentAndTools	81011200	Brick→Class
Rakes	10003399	LawnGardenEquipmentAndTools	81011200	Brick→Class
SeedStarters	10003405	LawnGardenEquipmentAndTools	81011200	Brick→Class
ShovelsSpades	10003390	LawnGardenEquipmentAndTools	81011200	Brick→Class
SicklesScythesSnaths	10003384	LawnGardenEquipmentAndTools	81011200	Brick→Class
SiftersLawnGarden	10003396	LawnGardenEquipmentAndTools	81011200	Brick→Class
SnowThrowersPowered	10003341	LawnGardenEquipmentAndTools	81011200	Brick→Class
Spreaders	10008409	LawnGardenEquipmentAndTools	81011200	Brick→Class
StumpGrindersPullersPowered	10003368	LawnGardenEquipmentAndTools	81011200	Brick→Class
TampersNonPowered	10003395	LawnGardenEquipmentAndTools	81011200	Brick→Class
TampersPowered	10003370	LawnGardenEquipmentAndTools	81011200	Brick→Class
Wedges	10003862	LawnGardenEquipmentAndTools	81011200	Brick→Class
WeedBurnersPowered	10003401	LawnGardenEquipmentAndTools	81011200	Brick→Class
ElectricFenceRadioFences	10003283	LawnGardenFencing	81010500	Brick→Class
FenceNetMesh	10003281	LawnGardenFencing	81010500	Brick→Class
FencePostsRails	10003278	LawnGardenFencing	81010500	Brick→Class
FenceStaysBraces	10003279	LawnGardenFencing	81010500	Brick→Class
Gabion	10007012	LawnGardenFencing	81010500	Brick→Class
GardenBordersEdges	10003280	LawnGardenFencing	81010500	Brick→Class
GatesNonPowered	10003286	LawnGardenFencing	81010500	Brick→Class
GatesPowered	10003287	LawnGardenFencing	81010500	Brick→Class
LawnGardenFencingAccessories	10005678	LawnGardenFencing	81010500	Brick→Class
LawnGardenFencingOther	10003289	LawnGardenFencing	81010500	Brick→Class
LawnGardenFencingVarietyPacks	10003288	LawnGardenFencing	81010500	Brick→Class
RazorBarbedWireFencing	10003285	LawnGardenFencing	81010500	Brick→Class
Trellising	10003284	LawnGardenFencing	81010500	Brick→Class
FloralPlantAccessoriesLawnGarden	10005366	LawnGardenFloralPlantAccessories	81011800	Brick→Class
PlantSupportsStakes	10005220	LawnGardenFloralPlantAccessories	81011800	Brick→Class
VarietyPlantersBoxPot	10003854	LawnGardenFloralPlantAccessories	81011800	Brick→Class
CanopiesTarpaulinsLawnGarden	10003321	LawnGardenFurnitureFurnishings	81010300	Brick→Class
FlowerPlantPotsReplacementPartsAccessories	10007934	LawnGardenFurnitureFurnishings	81010300	Brick→Class
FoldingTents	10007959	LawnGardenFurnitureFurnishings	81010300	Brick→Class
GardenBenches	10003248	LawnGardenFurnitureFurnishings	81010300	Brick→Class
GardenChairs	10003242	LawnGardenFurnitureFurnishings	81010300	Brick→Class
GardenDisplayUnits	10003316	LawnGardenFurnitureFurnishings	81010300	Brick→Class
GardenFootrests	10003246	LawnGardenFurnitureFurnishings	81010300	Brick→Class
GardenKneelersSeats	10003406	LawnGardenFurnitureFurnishings	81010300	Brick→Class
GardenOrnamentsPlaques	10005719	LawnGardenFurnitureFurnishings	81010300	Brick→Class
GardenShelvingWorktops	10005367	LawnGardenFurnitureFurnishings	81010300	Brick→Class
GardenStorageBoxes	10007014	LawnGardenFurnitureFurnishings	81010300	Brick→Class
GardenTables	10003245	LawnGardenFurnitureFurnishings	81010300	Brick→Class
Hammocks	10003250	LawnGardenFurnitureFurnishings	81010300	Brick→Class
LawnGardenFurnishingsOther	10003253	LawnGardenFurnitureFurnishings	81010300	Brick→Class
LawnGardenFurnishingsReplacementPartsAccessories	10003251	LawnGardenFurnitureFurnishings	81010300	Brick→Class
LawnGardenFurnishingsVarietyPacks	10003252	LawnGardenFurnitureFurnishings	81010300	Brick→Class
MailPostBoxesLawnGarden	10005361	LawnGardenFurnitureFurnishings	81010300	Brick→Class
OutdoorLoungers	10003243	LawnGardenFurnitureFurnishings	81010300	Brick→Class
OutdoorSwingBenches	10003249	LawnGardenFurnitureFurnishings	81010300	Brick→Class
PlantHolders	10003313	LawnGardenFurnitureFurnishings	81010300	Brick→Class
UmbrellasParasols	10005219	LawnGardenFurnitureFurnishings	81010300	Brick→Class
UmbrellasParasolsStandsBases	10007036	LawnGardenFurnitureFurnishings	81010300	Brick→Class
LawnGardenLightingOther	10005218	LawnGardenLighting	81011600	Brick→Class
LawnGardenLightingReplacementPartsAccessories	10005217	LawnGardenLighting	81011600	Brick→Class
OutdoorLampsTorchesLanternsNonPowered	10005216	LawnGardenLighting	81011600	Brick→Class
OutdoorLampsTorchesLanternsPowered	10005215	LawnGardenLighting	81011600	Brick→Class
Archs	10003414	LawnGardenOutdoorStructures	81011000	Brick→Class
Conservatories	10003415	LawnGardenOutdoorStructures	81011000	Brick→Class
EventTentsMarquees	10003417	LawnGardenOutdoorStructures	81011000	Brick→Class
GazebosPergola'sArbours	10003412	LawnGardenOutdoorStructures	81011000	Brick→Class
GreenhousesHothousesComplete	10003409	LawnGardenOutdoorStructures	81011000	Brick→Class
GreenhousesHothousesFrames	10003890	LawnGardenOutdoorStructures	81011000	Brick→Class
HotbedFramesColdFramesPropagatorsCloches	10003421	LawnGardenOutdoorStructures	81011000	Brick→Class
LawnGardenOutdoorStructuresOther	10003418	LawnGardenOutdoorStructures	81011000	Brick→Class
LawnGardenOutdoorStructuresReplacementPartsAccessories	10003419	LawnGardenOutdoorStructures	81011000	Brick→Class
LawnGardenOutdoorStructuresVarietyPacks	10003891	LawnGardenOutdoorStructures	81011000	Brick→Class
PagodasLawnGarden	10003416	LawnGardenOutdoorStructures	81011000	Brick→Class
PlantsFaunaTunnels	10003859	LawnGardenOutdoorStructures	81011000	Brick→Class
Sheds	10003411	LawnGardenOutdoorStructures	81011000	Brick→Class
WildlifeHabitat	10006847	LawnGardenOutdoorStructures	81011000	Brick→Class
ArtificialTurf	10007009	LawnGardenSoilSoilAmendments	81011500	Brick→Class
Gravel	10006785	LawnGardenSoilSoilAmendments	81011500	Brick→Class
GroundCoverLandscapingMulchingFabrics	10005729	LawnGardenSoilSoilAmendments	81011500	Brick→Class
LawnGardenSoilSoilAmendmentsOther	10004110	LawnGardenSoilSoilAmendments	81011500	Brick→Class
Topsoil	10003236	LawnGardenSoilSoilAmendments	81011500	Brick→Class
LawnGardenTestingDiagnosticEquipmentOther	10003887	LawnGardenTestingDiagnosticEquipment	81011400	Brick→Class
LawnGardenTestingDiagnosticEquipmentReplacementPartsAccessories	10003889	LawnGardenTestingDiagnosticEquipment	81011400	Brick→Class
WaterSoilTestingEquipmentNonPowered	10003238	LawnGardenTestingDiagnosticEquipment	81011400	Brick→Class
WaterSoilTestingEquipmentPowered	10003237	LawnGardenTestingDiagnosticEquipment	81011400	Brick→Class
TilesOutdoorGround	10006786	LawnGardenTiles	81011900	Brick→Class
CompostVermicultureBins	10003308	LawnGardenWasteDisposal	81010700	Brick→Class
GardenIncinerators	10003400	LawnGardenWasteDisposal	81010700	Brick→Class
LawnGardenWasteDisposalOther	10003311	LawnGardenWasteDisposal	81010700	Brick→Class
LawnGardenWasteDisposalReplacementPartsAccessories	10005368	LawnGardenWasteDisposal	81010700	Brick→Class
OutdoorBins	10003314	LawnGardenWasteDisposal	81010700	Brick→Class
GardenWaterStorageSupplies	10003268	LawnGardenWateringEquipment	81010400	Brick→Class
HoseConnectors	10003255	LawnGardenWateringEquipment	81010400	Brick→Class
HoseStorageMobile	10003257	LawnGardenWateringEquipment	81010400	Brick→Class
HoseStorageStationary	10003256	LawnGardenWateringEquipment	81010400	Brick→Class
Hoses	10003254	LawnGardenWateringEquipment	81010400	Brick→Class
IrrigationSystems	10003264	LawnGardenWateringEquipment	81010400	Brick→Class
IrrigationTimersControllers	10003276	LawnGardenWateringEquipment	81010400	Brick→Class
LawnGardenWateringEquipmentOther	10003274	LawnGardenWateringEquipment	81010400	Brick→Class
LawnGardenWateringEquipmentReplacementParts	10003273	LawnGardenWateringEquipment	81010400	Brick→Class
LawnGardenWateringEquipmentVarietyPacks	10003272	LawnGardenWateringEquipment	81010400	Brick→Class
SprinklersMistersNonPowered	10003270	LawnGardenWateringEquipment	81010400	Brick→Class
SprinklersMistersPowered	10003271	LawnGardenWateringEquipment	81010400	Brick→Class
SprinklersSprayersMistersHoseEnd	10003262	LawnGardenWateringEquipment	81010400	Brick→Class
WateringCans	10003267	LawnGardenWateringEquipment	81010400	Brick→Class
AnemometersNonPowered	10003430	LawnGardenWeatherMonitoringObservation	81011100	Brick→Class
AnemometersPowered	10005318	LawnGardenWeatherMonitoringObservation	81011100	Brick→Class
BarographsNonPowered	10003443	LawnGardenWeatherMonitoringObservation	81011100	Brick→Class
BarometersNonPowered	10003441	LawnGardenWeatherMonitoringObservation	81011100	Brick→Class
CombinationWeatherMeasuringMonitoringEquipmentNonPowered	10003444	LawnGardenWeatherMonitoringObservation	81011100	Brick→Class
CombinationWeatherMeasuringMonitoringEquipmentPowered	10005316	LawnGardenWeatherMonitoringObservation	81011100	Brick→Class
EvaporimetersAtmometersPowered	10003434	LawnGardenWeatherMonitoringObservation	81011100	Brick→Class
HygrometersNonPowered	10003437	LawnGardenWeatherMonitoringObservation	81011100	Brick→Class
HygrometersPowered	10005323	LawnGardenWeatherMonitoringObservation	81011100	Brick→Class
LawnGardenWeatherMonitoringObservationOther	10003452	LawnGardenWeatherMonitoringObservation	81011100	Brick→Class
LawnGardenWeatherMonitoringObservationReplacementPartsAccessories	10003451	LawnGardenWeatherMonitoringObservation	81011100	Brick→Class
LawnGardenWeatherMonitoringObservationVarietyPacks	10003453	LawnGardenWeatherMonitoringObservation	81011100	Brick→Class
LightMetersPowered	10003436	LawnGardenWeatherMonitoringObservation	81011100	Brick→Class
PsychrometersPowered	10003432	LawnGardenWeatherMonitoringObservation	81011100	Brick→Class
PyranometersSolarimetersPowered	10003433	LawnGardenWeatherMonitoringObservation	81011100	Brick→Class
RainGaugesNonPowered	10003447	LawnGardenWeatherMonitoringObservation	81011100	Brick→Class
RainGaugesPowered	10005320	LawnGardenWeatherMonitoringObservation	81011100	Brick→Class
SunshineRecordingEquipmentPowered	10003435	LawnGardenWeatherMonitoringObservation	81011100	Brick→Class
ThermometersGardenNonPowered	10003440	LawnGardenWeatherMonitoringObservation	81011100	Brick→Class
ThermometersGardenPowered	10005319	LawnGardenWeatherMonitoringObservation	81011100	Brick→Class
WindSocksWeatherVanes	10003446	LawnGardenWeatherMonitoringObservation	81011100	Brick→Class
AnnelidsWorms	10005448	Invertebrates	89020100	Brick→Class
ArachnidsSpidersScorpions	10005447	Invertebrates	89020100	Brick→Class
CoralSeaAnemone	10005454	Invertebrates	89020100	Brick→Class
Crustaceans	10005450	Invertebrates	89020100	Brick→Class
Insects	10005446	Invertebrates	89020100	Brick→Class
InvertebratesOther	10005475	Invertebrates	89020100	Brick→Class
JellyFish	10005453	Invertebrates	89020100	Brick→Class
Molluscs	10005449	Invertebrates	89020100	Brick→Class
SeaStarsSeaUrchins	10005452	Invertebrates	89020100	Brick→Class
Sponges	10005451	Invertebrates	89020100	Brick→Class
Amphibians	10005458	Vertebrates	89020200	Brick→Class
Birds	10005457	Vertebrates	89020200	Brick→Class
BovineCattle	10005461	Vertebrates	89020200	Brick→Class
CanineDogs	10005625	Vertebrates	89020200	Brick→Class
CaprineGoats	10005462	Vertebrates	89020200	Brick→Class
CetaceansWhalesDolphinsPorpoises	10005469	Vertebrates	89020200	Brick→Class
EquineHorsesDonkeys	10005463	Vertebrates	89020200	Brick→Class
FelineCats	10005460	Vertebrates	89020200	Brick→Class
Fishes	10005456	Vertebrates	89020200	Brick→Class
LagomorphsHaresRabbits	10005468	Vertebrates	89020200	Brick→Class
Marsupials	10005467	Vertebrates	89020200	Brick→Class
OvineSheep	10005465	Vertebrates	89020200	Brick→Class
Primates	10005459	Vertebrates	89020200	Brick→Class
Reptiles	10005466	Vertebrates	89020200	Brick→Class
Rodents	10005455	Vertebrates	89020200	Brick→Class
SwinePigs	10005464	Vertebrates	89020200	Brick→Class
VertebratesOther	10005476	Vertebrates	89020200	Brick→Class
LubricantsVarietyPacks	10005356	LubricantsVarietyPacks	88030100	Brick→Class
LubricantsProtectiveCompoundsVarietyPacks	10005283	LubricantsProtectiveCompoundsVarietyPacks	88010500	Brick→Class
LubricatingGreases	10005268	LubricatingProducts	88010100	Brick→Class
LubricatingOilsFluids	10005267	LubricatingProducts	88010100	Brick→Class
LubricatingProductsVarietyPacks	10005270	LubricatingProducts	88010100	Brick→Class
LubricatingWaxes	10005269	LubricatingProducts	88010100	Brick→Class
AntiCorrosives	10005273	ProtectiveCompounds	88010200	Brick→Class
AntiSpatterProducts	10005321	ProtectiveCompounds	88010200	Brick→Class
AntifreezeCoolants	10005272	ProtectiveCompounds	88010200	Brick→Class
ProtectiveCompoundsVarietyPacks	10005275	ProtectiveCompounds	88010200	Brick→Class
DrainPans	10005277	LubricantsProtectiveCompoundsStorage	88020200	Brick→Class
LubricantsProtectiveCompoundsStorageVarietyPacks	10005280	LubricantsProtectiveCompoundsStorage	88020200	Brick→Class
BankNotesCheques	10007970	CurrencyCertificates	96010100	Brick→Class
Bills	10007969	CurrencyCertificates	96010100	Brick→Class
Coins	10007971	CurrencyCertificates	96010100	Brick→Class
DigitalCurrency	10007972	CurrencyCertificates	96010100	Brick→Class
PrepaidCardsGiftCardsVouchers	10008028	PrepaidCardsGiftCardsVouchers	96010200	Brick→Class
BrasswindMusicalInstrumentAccessoriesNonPowered	10004116	MusicalInstrumentAccessories	61010400	Brick→Class
KeyboardPianoAccessoriesPowered	10004117	MusicalInstrumentAccessories	61010400	Brick→Class
MetronomesTunersNonPowered	10004125	MusicalInstrumentAccessories	61010400	Brick→Class
MetronomesTunersPowered	10004123	MusicalInstrumentAccessories	61010400	Brick→Class
MusicalInstrumentAccessoriesOther	10004128	MusicalInstrumentAccessories	61010400	Brick→Class
MusicalInstrumentAccessoriesVarietyPacks	10004127	MusicalInstrumentAccessories	61010400	Brick→Class
MusicalInstrumentCasesBagsCovers	10004121	MusicalInstrumentAccessories	61010400	Brick→Class
MusicalInstrumentCleaningProducts	10004122	MusicalInstrumentAccessories	61010400	Brick→Class
MusicalInstrumentHoldersStandsLyres	10004124	MusicalInstrumentAccessories	61010400	Brick→Class
PercussionMusicalInstrumentAccessoriesNonPowered	10004118	MusicalInstrumentAccessories	61010400	Brick→Class
StringMusicalInstrumentAccessoriesNonPowered	10004119	MusicalInstrumentAccessories	61010400	Brick→Class
WoodwindMusicalInstrumentAccessoriesNonPowered	10004120	MusicalInstrumentAccessories	61010400	Brick→Class
BrasswindMusicalInstrumentsNonPowered	10000933	MusicalInstrumentsNonPowered	61010200	Brick→Class
KeyboardsPianosNonPowered	10000934	MusicalInstrumentsNonPowered	61010200	Brick→Class
MusicalInstrumentsOtherNonPowered	10001375	MusicalInstrumentsNonPowered	61010200	Brick→Class
PercussionMusicalInstrumentsNonPowered	10000935	MusicalInstrumentsNonPowered	61010200	Brick→Class
StringMusicalInstrumentsNonPowered	10000936	MusicalInstrumentsNonPowered	61010200	Brick→Class
WoodwindMusicalInstrumentsNonPowered	10000937	MusicalInstrumentsNonPowered	61010200	Brick→Class
BrasswindMusicalInstrumentsPowered	10000938	MusicalInstrumentsPowered	61010300	Brick→Class
KeyboardsPianosPowered	10000940	MusicalInstrumentsPowered	61010300	Brick→Class
MusicalInstrumentAidsPowered	10000939	MusicalInstrumentsPowered	61010300	Brick→Class
MusicalInstrumentsOtherPowered	10001377	MusicalInstrumentsPowered	61010300	Brick→Class
PercussionMusicalInstrumentsPowered	10000941	MusicalInstrumentsPowered	61010300	Brick→Class
StringMusicalInstrumentsPowered	10000942	MusicalInstrumentsPowered	61010300	Brick→Class
WoodwindMusicalInstrumentsPowered	10000943	MusicalInstrumentsPowered	61010300	Brick→Class
MusicalInstrumentsAccessoriesVarietyPacks	10004126	MusicalInstrumentsAccessoriesVarietyPacks	61010500	Brick→Class
Anklets	10001083	Jewellery	64010100	Brick→Class
Bracelets	10001084	Jewellery	64010100	Brick→Class
Brooches	10001085	Jewellery	64010100	Brick→Class
CuffLinks	10001086	Jewellery	64010100	Brick→Class
EarringsBodyPiercingJewellery	10001087	Jewellery	64010100	Brick→Class
JewelleryBoxesPouches	10001088	Jewellery	64010100	Brick→Class
JewelleryOther	10001387	Jewellery	64010100	Brick→Class
JewelleryReplacementParts	10001089	Jewellery	64010100	Brick→Class
JewelleryVarietyPacks	10001388	Jewellery	64010100	Brick→Class
NecklacesNecklets	10001090	Jewellery	64010100	Brick→Class
Pendants	10001091	Jewellery	64010100	Brick→Class
Rings	10001092	Jewellery	64010100	Brick→Class
Tiaras	10001093	Jewellery	64010100	Brick→Class
PersonalAccessoriesVarietyPacks	10001389	PersonalAccessoriesVarietyPacks	64010400	Brick→Class
Briefcases	10001095	PersonalCarriersAccessories	64010200	Brick→Class
KeyRings	10005756	PersonalCarriersAccessories	64010200	Brick→Class
LuggagePersonalBagsUmbrellasAccessories	10001097	PersonalCarriersAccessories	64010200	Brick→Class
LuggageSuitcasesGarmentCarriers	10001099	PersonalCarriersAccessories	64010200	Brick→Class
PersonalBags	10001096	PersonalCarriersAccessories	64010200	Brick→Class
PersonalBagsLuggageUmbrellasOther	10001390	PersonalCarriersAccessories	64010200	Brick→Class
PersonalBagsLuggageUmbrellasVarietyPacks	10001391	PersonalCarriersAccessories	64010200	Brick→Class
PersonalCarrierBagsDisposable	10005817	PersonalCarriersAccessories	64010200	Brick→Class
PersonalFanHandHandFan	10008105	PersonalCarriersAccessories	64010200	Brick→Class
PersonalFanImpeller	10008106	PersonalCarriersAccessories	64010200	Brick→Class
PortableFoodBoxesBagsContainersNonPowered	10007238	PersonalCarriersAccessories	64010200	Brick→Class
RucksacksBackpacksHoldalls	10001100	PersonalCarriersAccessories	64010200	Brick→Class
ShoppingTrolleyBags	10001101	PersonalCarriersAccessories	64010200	Brick→Class
ToiletryBagsVanityCases	10005200	PersonalCarriersAccessories	64010200	Brick→Class
UmbrellasPersonal	10001102	PersonalCarriersAccessories	64010200	Brick→Class
WalletsPursesTravelDocumentHolders	10001103	PersonalCarriersAccessories	64010200	Brick→Class
WatchAccessoriesReplacementParts	10001104	Watches	64010300	Brick→Class
Watches	10001105	Watches	64010300	Brick→Class
WatchesOther	10001392	Watches	64010300	Brick→Class
AnimalScarersDeterrentsNonPowered	10005362	PestPlantControlProducts	13010100	Brick→Class
AnimalScarersDeterrentsPowered	10006853	PestPlantControlProducts	13010100	Brick→Class
InsectPestControlBarriersTraps	10000411	PestPlantControlProducts	13010100	Brick→Class
InsectPestAllergenControlOther	10000754	PestPlantControlProducts	13010100	Brick→Class
InsectPestAllergenControlVarietyPacks	10000664	PestPlantControlProducts	13010100	Brick→Class
InsecticidesPesticidesRodenticides	10000435	PestPlantControlProducts	13010100	Brick→Class
NonPersonalRepellents	10000436	PestPlantControlProducts	13010100	Brick→Class
Fungicides	10004109	PlantChemicalsTreatments	13010200	Brick→Class
LeafShinePlantCleaner	10005360	PlantChemicalsTreatments	13010200	Brick→Class
PlantChemicalsTreatmentsOther	10003240	PlantChemicalsTreatments	13010200	Brick→Class
PlantChemicalsTreatmentsVarietyPacks	10003239	PlantChemicalsTreatments	13010200	Brick→Class
PlantGrowthRegulators	10006733	PlantChemicalsTreatments	13010200	Brick→Class
PlantSoilFertilizerFood	10003234	PlantChemicalsTreatments	13010200	Brick→Class
SeedProtectionMordants	10006734	PlantChemicalsTreatments	13010200	Brick→Class
WeedKillerHerbicide	10003227	PlantChemicalsTreatments	13010200	Brick→Class
AquariumAidsAccessories	10000516	PetAccessories	10101700	Brick→Class
AquariumVivariumTerrarium	10007768	PetAccessories	10101700	Brick→Class
InsectHousingSheltering	10008455	PetAccessories	10101700	Brick→Class
PetAccessoriesOther	10000736	PetAccessories	10101700	Brick→Class
PetAccessoryVarietyPacks	10000659	PetAccessories	10101700	Brick→Class
PetAttire	10000643	PetAccessories	10101700	Brick→Class
PetBasketsBenchesCushions	10008287	PetAccessories	10101700	Brick→Class
PetBedding	10000572	PetAccessories	10101700	Brick→Class
PetFoodDrinkDispenser	10000660	PetAccessories	10101700	Brick→Class
PetHousing	10000662	PetAccessories	10101700	Brick→Class
PetLeadsCollarsHarnessesNonPowered	10008290	PetAccessories	10101700	Brick→Class
PetToysNonPowered	10000641	PetAccessories	10101700	Brick→Class
PetToysPowered	10000661	PetAccessories	10101700	Brick→Class
PetTrainingAccessoriesNonPowered	10000640	PetAccessories	10101700	Brick→Class
PetTrainingControlAidsAccessoriesPowered	10000652	PetAccessories	10101700	Brick→Class
PetTransportationMeans	10008288	PetAccessories	10101700	Brick→Class
TerrariumAidsAccessories	10006843	PetAccessories	10101700	Brick→Class
PetCareVarietyPacks	10000653	PetCareVarietyPacks	10101800	Brick→Class
PetNutritionalSupplements	10000513	PetNutritionalSupplements	10101600	Brick→Class
PetNutritionalSupplementsOther	10000737	PetNutritionalSupplements	10101600	Brick→Class
PetNutritionalSupplementsVarietyPacks	10000658	PetNutritionalSupplements	10101600	Brick→Class
PetGroomingAids	10000508	PetWelfareHygiene	10101500	Brick→Class
PetHygieneSanitaryProtection	10000510	PetWelfareHygiene	10101500	Brick→Class
PetParasiteTreatment	10000515	PetWelfareHygiene	10101500	Brick→Class
PetWelfareHygieneOther	10000738	PetWelfareHygiene	10101500	Brick→Class
PetWelfareHygieneVarietyPacks	10000657	PetWelfareHygiene	10101500	Brick→Class
PetCareFoodVarietyPacks	10000654	PetCareFoodVarietyPacks	10120100	Brick→Class
PetDrinksFrozen	10000506	PetDrinks	10111500	Brick→Class
PetDrinksPerishable	10000523	PetDrinks	10111500	Brick→Class
PetDrinksShelfStable	10000524	PetDrinks	10111500	Brick→Class
PetFoodFrozen	10000507	PetFood	10111600	Brick→Class
PetFoodPerishable	10000521	PetFood	10111600	Brick→Class
PetFoodShelfStable	10000522	PetFood	10111600	Brick→Class
PetTreatsCondimentsComplementaryEdibleProductsShelfStable	10008038	PetFood	10111600	Brick→Class
PetTreatsCondimentsComplementaryEdibleProductsFrozen	10008036	PetFood	10111600	Brick→Class
PetTreatsCondimentsComplementaryEdibleProductsPerishable	10008037	PetFood	10111600	Brick→Class
PetFoodDrinksVarietyPacks	10000663	PetFoodDrinksVarietyPacks	10111700	Brick→Class
AirConditionersCoolersFixed	10003982	AirConditioningCoolingVentilationEquipment	79010600	Brick→Class
AirConditioningEquipmentMultifunctionFixed	10004063	AirConditioningCoolingVentilationEquipment	79010600	Brick→Class
AirConditioningCoolingVentilationEquipmentReplacementPartsAccessories	10003984	AirConditioningCoolingVentilationEquipment	79010600	Brick→Class
AirConditioningCoolingVentilationEquipmentVarietyPacks	10003985	AirConditioningCoolingVentilationEquipment	79010600	Brick→Class
AirDehumidifiersFixed	10003990	AirConditioningCoolingVentilationEquipment	79010600	Brick→Class
AirHumidifiersFixed	10003993	AirConditioningCoolingVentilationEquipment	79010600	Brick→Class
AirMonitors	10006274	AirConditioningCoolingVentilationEquipment	79010600	Brick→Class
AirPurifiersIonisersFixed	10003988	AirConditioningCoolingVentilationEquipment	79010600	Brick→Class
DuctBoosters	10003996	AirConditioningCoolingVentilationEquipment	79010600	Brick→Class
Ducting	10003997	AirConditioningCoolingVentilationEquipment	79010600	Brick→Class
FansCeiling	10003995	AirConditioningCoolingVentilationEquipment	79010600	Brick→Class
FansExtractor	10003998	AirConditioningCoolingVentilationEquipment	79010600	Brick→Class
FansWindowExhaust	10004064	AirConditioningCoolingVentilationEquipment	79010600	Brick→Class
BackflowPreventerPartsAccessories	10005865	BackflowPreventionDevices	79011000	Brick→Class
BackflowPreventers	10005866	BackflowPreventionDevices	79011000	Brick→Class
BackflowTestKits	10005863	BackflowPreventionDevices	79011000	Brick→Class
VacuumBreakers	10005864	BackflowPreventionDevices	79011000	Brick→Class
BathLifts	10002624	BathroomFittings	79010300	Brick→Class
BathSeats	10004027	BathroomFittings	79010300	Brick→Class
BathShowerCaddiesFixed	10004032	BathroomFittings	79010300	Brick→Class
BathroomFittingsVarietyPacks	10002627	BathroomFittings	79010300	Brick→Class
GrabBars	10004028	BathroomFittings	79010300	Brick→Class
HandDryers	10006232	BathroomFittings	79010300	Brick→Class
ShowerSafetyStrips	10004026	BathroomFittings	79010300	Brick→Class
ShowerThermoAlarms	10002623	BathroomFittings	79010300	Brick→Class
ToiletSeatsLids	10004062	BathroomFittings	79010300	Brick→Class
TowelBarsHooksRingsFixed	10004033	BathroomFittings	79010300	Brick→Class
TowelBarsHooksRingsNotFixed	10008026	BathroomFittings	79010300	Brick→Class
HammamCabin	10007645	HealthAndWellness	79011400	Brick→Class
HealthAndWellnessFittingsAccessoriesAndReplacementParts	10007649	HealthAndWellness	79011400	Brick→Class
HealthAndWellnessMultiPurposeCabin	10007650	HealthAndWellness	79011400	Brick→Class
InfraredCabin	10007646	HealthAndWellness	79011400	Brick→Class
SaunaCabin	10007647	HealthAndWellness	79011400	Brick→Class
SunbedStructure	10007648	HealthAndWellness	79011400	Brick→Class
CentralHeatingReplacementPartsAccessories	10002660	HeatingEquipment	79010500	Brick→Class
FireplaceFuelStorage	10006402	HeatingEquipment	79010500	Brick→Class
FireplaceGrates	10006400	HeatingEquipment	79010500	Brick→Class
FireplaceScreens	10006401	HeatingEquipment	79010500	Brick→Class
FireplaceTools	10006399	HeatingEquipment	79010500	Brick→Class
FireplaceTreatmentsCleaningProducts	10007004	HeatingEquipment	79010500	Brick→Class
FireplacesFireplaceSurroundsMantels	10005478	HeatingEquipment	79010500	Brick→Class
HeatingCableHeatTapeHeatingCord	10007003	HeatingEquipment	79010500	Brick→Class
HeatingEquipmentVarietyPacks	10002662	HeatingEquipment	79010500	Brick→Class
HeatingSystemControls	10002653	HeatingEquipment	79010500	Brick→Class
HouseholdBoilersFurnacesTankWaterHeaters	10002658	HeatingEquipment	79010500	Brick→Class
HouseholdBoilersFurnacesTankWaterHeatersReplacementPartsAccessories	10007005	HeatingEquipment	79010500	Brick→Class
ImmersionHeaters	10002657	HeatingEquipment	79010500	Brick→Class
Radiators	10002654	HeatingEquipment	79010500	Brick→Class
RoomHeaters	10005717	HeatingEquipment	79010500	Brick→Class
TanklessWaterHeaters	10005479	HeatingEquipment	79010500	Brick→Class
Thermostats	10004002	HeatingEquipment	79010500	Brick→Class
UnderfloorHeatingSystems	10004003	HeatingEquipment	79010500	Brick→Class
AirConduitsAccessoriesAndReplacementParts	10008060	PlumbingHeatingVentilationAirConditioning	79011300	Brick→Class
AirConduitsVarietyPack	10007628	PlumbingHeatingVentilationAirConditioning	79011300	Brick→Class
AirConduitsAirConduitFittings	10007610	PlumbingHeatingVentilationAirConditioning	79011300	Brick→Class
ChimneyCapRainCap	10007609	PlumbingHeatingVentilationAirConditioning	79011300	Brick→Class
PlumbingHeatingVentilationAirConditioningVarietyPacks	10003994	PlumbingHeatingVentilationAirConditioningVarietyPacks	79010700	Brick→Class
BasinSinkPedestals	10002609	SanitaryWare	79010100	Brick→Class
BasinsSinks	10002592	SanitaryWare	79010100	Brick→Class
BathroomSinkAccessories	10006962	SanitaryWare	79010100	Brick→Class
BathroomSuites	10002610	SanitaryWare	79010100	Brick→Class
BathtubShowerDoors	10002600	SanitaryWare	79010100	Brick→Class
BathtubShowerEnclosurePanels	10002601	SanitaryWare	79010100	Brick→Class
BathtubShowerModules	10002590	SanitaryWare	79010100	Brick→Class
BathtubShowerModulesJetted	10004029	SanitaryWare	79010100	Brick→Class
BathtubsJettedHotTubsSpas	10002596	SanitaryWare	79010100	Brick→Class
BathtubsSoaking	10002595	SanitaryWare	79010100	Brick→Class
Bidets	10002585	SanitaryWare	79010100	Brick→Class
FaucetReplacementPartsAccessories	10007941	SanitaryWare	79010100	Brick→Class
FaucetsTaps	10002602	SanitaryWare	79010100	Brick→Class
FlushWallPlate	10007723	SanitaryWare	79010100	Brick→Class
SanitaryWareReplacementPartsAccessories	10002612	SanitaryWare	79010100	Brick→Class
SanitaryWareVarietyPacks	10002614	SanitaryWare	79010100	Brick→Class
ShowerArms	10007724	SanitaryWare	79010100	Brick→Class
ShowerCurtain	10007973	SanitaryWare	79010100	Brick→Class
ShowerCurtainAccessoriesAndReplacementParts	10007974	SanitaryWare	79010100	Brick→Class
ShowerEnclosuresSuites	10002597	SanitaryWare	79010100	Brick→Class
ShowerHeads	10002608	SanitaryWare	79010100	Brick→Class
ShowerHose	10007725	SanitaryWare	79010100	Brick→Class
ShowerPansTrays	10002599	SanitaryWare	79010100	Brick→Class
ShowerSets	10007726	SanitaryWare	79010100	Brick→Class
ShowerSlideBars	10007727	SanitaryWare	79010100	Brick→Class
ShowerSpas	10004044	SanitaryWare	79010100	Brick→Class
SinkBaseCombinations	10002593	SanitaryWare	79010100	Brick→Class
ToiletAccessories	10006961	SanitaryWare	79010100	Brick→Class
ToiletBidetFrames	10007015	SanitaryWare	79010100	Brick→Class
ToiletBidetKits	10007016	SanitaryWare	79010100	Brick→Class
ToiletBidetWallCovers	10007018	SanitaryWare	79010100	Brick→Class
ToiletBidetUrinalsReplacementPartsAccessories	10007017	SanitaryWare	79010100	Brick→Class
ToiletUrinalCisterns	10002589	SanitaryWare	79010100	Brick→Class
Toilets	10002586	SanitaryWare	79010100	Brick→Class
UrinalPartitions	10002588	SanitaryWare	79010100	Brick→Class
Urinals	10002587	SanitaryWare	79010100	Brick→Class
Macerators	10002611	WasteSewageEquipment	79010900	Brick→Class
Plungers	10003565	WasteSewageEquipment	79010900	Brick→Class
SepticTanks	10004049	WasteSewageEquipment	79010900	Brick→Class
WasteTrapsDrains	10005480	WasteSewageEquipment	79010900	Brick→Class
WasteTrapsDrainsReplacementPartsAccessories	10008062	WasteSewageEquipment	79010900	Brick→Class
DeScalersDiy	10004006	WaterStorageTreatment	79010400	Brick→Class
ScaleInhibitors	10002649	WaterStorageTreatment	79010400	Brick→Class
WaterFiltrationMachinesSystems	10004016	WaterStorageTreatment	79010400	Brick→Class
WaterMeters	10004012	WaterStorageTreatment	79010400	Brick→Class
WaterSoftenersDiy	10004008	WaterStorageTreatment	79010400	Brick→Class
WaterSoftenersReplacementPartsAccessories	10007038	WaterStorageTreatment	79010400	Brick→Class
WaterStorageTreatmentAccessoriesReplacementParts	10002650	WaterStorageTreatment	79010400	Brick→Class
WaterStorageTreatmentVarietyPacks	10002652	WaterStorageTreatment	79010400	Brick→Class
WaterTanks	10002646	WaterStorageTreatment	79010400	Brick→Class
WaterTreatmentsDiy	10002648	WaterStorageTreatment	79010400	Brick→Class
ConnectingHosesWaterGasCentralHeating	10004022	WaterGasSupplyCentralHeating	79010800	Brick→Class
ConnectorsWaterGasCentralHeatingAndAirConduits	10008009	WaterGasSupplyCentralHeating	79010800	Brick→Class
ConnectorsAccessoriesReplacementPartsWaterGasCentralHeating	10008010	WaterGasSupplyCentralHeating	79010800	Brick→Class
HoseClamps	10008008	WaterGasSupplyCentralHeating	79010800	Brick→Class
PipesTubingAccessoriesReplacementParts	10004057	WaterGasSupplyCentralHeating	79010800	Brick→Class
PipesTubingWaterGasCentralHeating	10004054	WaterGasSupplyCentralHeating	79010800	Brick→Class
PipesTubingFlanges	10005867	WaterGasSupplyCentralHeating	79010800	Brick→Class
PipesTubingSupplyVarietyPacks	10004058	WaterGasSupplyCentralHeating	79010800	Brick→Class
Pumps	10004055	WaterGasSupplyCentralHeating	79010800	Brick→Class
ValvesFittingsWaterAndGas	10004024	WaterGasSupplyCentralHeating	79010800	Brick→Class
ValvesFittingsAccessoriesReplacementPartsWaterAndGas	10008011	WaterGasSupplyCentralHeating	79010800	Brick→Class
CoffinsCaskets	10008293	BurialProducts	99010100	Brick→Class
Urns	10008294	BurialProducts	99010100	Brick→Class
GraveMarkers	10008383	CemeteryProducts	99010200	Brick→Class
AluminiumFormed	10008161	RawMaterialFormed	98020100	Brick→Class
CarbonFiberFormed	10008289	RawMaterialFormed	98020100	Brick→Class
CopperFormed	10008162	RawMaterialFormed	98020100	Brick→Class
GlassFormed	10008166	RawMaterialFormed	98020100	Brick→Class
IronFormed	10008160	RawMaterialFormed	98020100	Brick→Class
PapersAndPaperboardsFormed	10008167	RawMaterialFormed	98020100	Brick→Class
PlasticsFormed	10008165	RawMaterialFormed	98020100	Brick→Class
RawMaterialFormedOthers	10008168	RawMaterialFormed	98020100	Brick→Class
SteelFormed	10008163	RawMaterialFormed	98020100	Brick→Class
WoodFormed	10008164	RawMaterialFormed	98020100	Brick→Class
AluminiumRecycledRenewable	10008170	RecycledRenewableMaterial	98020200	Brick→Class
CopperRecycledRenewable	10008171	RecycledRenewableMaterial	98020200	Brick→Class
GlassRecycledRenewable	10008175	RecycledRenewableMaterial	98020200	Brick→Class
IronRecycledRenewable	10008169	RecycledRenewableMaterial	98020200	Brick→Class
MaterialRecycledRenewableOthers	10008177	RecycledRenewableMaterial	98020200	Brick→Class
MultilayeredRecycledRenewable	10008472	RecycledRenewableMaterial	98020200	Brick→Class
PaperAndPaperboardRecycledRenewable	10008176	RecycledRenewableMaterial	98020200	Brick→Class
PlasticRecycledRenewable	10008174	RecycledRenewableMaterial	98020200	Brick→Class
SteelRecycledRenewable	10008172	RecycledRenewableMaterial	98020200	Brick→Class
WoodRecycledRenewable	10008173	RecycledRenewableMaterial	98020200	Brick→Class
AluminiumWaste	10008466	WasteMaterialFormed	98020300	Brick→Class
CopperWaste	10008470	WasteMaterialFormed	98020300	Brick→Class
GlassWaste	10008462	WasteMaterialFormed	98020300	Brick→Class
IronWaste	10008471	WasteMaterialFormed	98020300	Brick→Class
MultilayeredWaste	10008459	WasteMaterialFormed	98020300	Brick→Class
PaperAndPaperboardWaste	10008464	WasteMaterialFormed	98020300	Brick→Class
PlasticWaste	10008463	WasteMaterialFormed	98020300	Brick→Class
SteelWaste	10008469	WasteMaterialFormed	98020300	Brick→Class
WasteMaterialFormedOthers	10008460	WasteMaterialFormed	98020300	Brick→Class
WoodWaste	10008465	WasteMaterialFormed	98020300	Brick→Class
AluminiumUnformed	10008153	RawMaterialUnformed	98010100	Brick→Class
ChemicalsUnformed	10008151	RawMaterialUnformed	98010100	Brick→Class
CopperUnformed	10008154	RawMaterialUnformed	98010100	Brick→Class
GlassUnformed	10008158	RawMaterialUnformed	98010100	Brick→Class
IronUnformed	10008152	RawMaterialUnformed	98010100	Brick→Class
OilsUnformed	10008150	RawMaterialUnformed	98010100	Brick→Class
PlasticsUnformed	10008157	RawMaterialUnformed	98010100	Brick→Class
RawMaterialUnformedOthers	10008159	RawMaterialUnformed	98010100	Brick→Class
SteelUnformed	10008155	RawMaterialUnformed	98010100	Brick→Class
WoodUnformed	10008156	RawMaterialUnformed	98010100	Brick→Class
AbsorbentsDiy	10005626	ProtectiveCollectiveAidsDiy	85010200	Brick→Class
AntifatigueAidsDiy	10005627	ProtectiveCollectiveAidsDiy	85010200	Brick→Class
AntislipAidsDiy	10005628	ProtectiveCollectiveAidsDiy	85010200	Brick→Class
ProtectiveCollectiveAidsOther	10005646	ProtectiveCollectiveAidsDiy	85010200	Brick→Class
ProtectiveCollectiveAidsReplacementPartsAccessories	10005631	ProtectiveCollectiveAidsDiy	85010200	Brick→Class
SafetyNetsCurtainsBarriers	10005630	ProtectiveCollectiveAidsDiy	85010200	Brick→Class
BabyHarnessesReins	10000796	BabySafetySecuritySurveillance	91050100	Brick→Class
BabyPlayPensDens	10000788	BabySafetySecuritySurveillance	91050100	Brick→Class
BabySafetyMonitoringNonPowered	10000634	BabySafetySecuritySurveillance	91050100	Brick→Class
BabySafetyMonitoringPowered	10000791	BabySafetySecuritySurveillance	91050100	Brick→Class
BabySafetyProtectionNonPowered	10000503	BabySafetySecuritySurveillance	91050100	Brick→Class
BabySafetySecuritySurveillanceOther	10006820	BabySafetySecuritySurveillance	91050100	Brick→Class
BabySafetySecuritySurveillanceReplacementParts	10006819	BabySafetySecuritySurveillance	91050100	Brick→Class
BabySafetySecuritySurveillanceVarietyPacks	10006818	BabySafetySecuritySurveillance	91050100	Brick→Class
EnvironmentalFireChemicalSafetyProductsVarietyPacks	10005387	EnvironmentalFireChemicalSafetyProducts	91020100	Brick→Class
FireEscapeChutesLadders	10005384	EnvironmentalFireChemicalSafetyProducts	91020100	Brick→Class
FireRetardantsSuppressants	10005383	EnvironmentalFireChemicalSafetyProducts	91020100	Brick→Class
PublicFireAlarms	10005385	EnvironmentalFireChemicalSafetyProducts	91020100	Brick→Class
SmokeHoodsRespirators	10005386	EnvironmentalFireChemicalSafetyProducts	91020100	Brick→Class
AirFogHorns	10005388	WeatherNaturalDisasterSafetyProducts	91020200	Brick→Class
BarricadeSafetyTapes	10005725	WeatherNaturalDisasterSafetyProducts	91020200	Brick→Class
LifebeltsLifeJacketsLifesuits	10005389	WeatherNaturalDisasterSafetyProducts	91020200	Brick→Class
LiferaftsLifeBuoysFlotationCushions	10005390	WeatherNaturalDisasterSafetyProducts	91020200	Brick→Class
LightningDetectorsPowered	10003427	WeatherNaturalDisasterSafetyProducts	91020200	Brick→Class
LightningRodsAccessories	10005391	WeatherNaturalDisasterSafetyProducts	91020200	Brick→Class
MarineElectronicChartplotters	10005872	WeatherNaturalDisasterSafetyProducts	91020200	Brick→Class
MarineNavigationRadarSystems	10005874	WeatherNaturalDisasterSafetyProducts	91020200	Brick→Class
MarineNavigationSoftware	10005873	WeatherNaturalDisasterSafetyProducts	91020200	Brick→Class
RockSaltIceMeltingProducts	10005474	WeatherNaturalDisasterSafetyProducts	91020200	Brick→Class
SandbagsFloodGuards	10005392	WeatherNaturalDisasterSafetyProducts	91020200	Brick→Class
StormShelters	10005393	WeatherNaturalDisasterSafetyProducts	91020200	Brick→Class
Transponders	10005394	WeatherNaturalDisasterSafetyProducts	91020200	Brick→Class
WeatherNaturalDisasterSafetyProductVarietyPacks	10005395	WeatherNaturalDisasterSafetyProducts	91020200	Brick→Class
AlarmSystemsReplacementPartsAccessories	10005473	AlarmSystems	91030100	Brick→Class
BurglarAlarms	10005396	AlarmSystems	91030100	Brick→Class
GasHeatSmokeDetectors	10005397	AlarmSystems	91030100	Brick→Class
GlassBreakDetector	10007008	AlarmSystems	91030100	Brick→Class
ParkingBarrier	10007278	Barriers	91030800	Brick→Class
Stanchions	10006231	CrowdControl	91030700	Brick→Class
AccessControlSecuritySystems	10005398	DoorWindowPerimeterSecurityProducts	91030200	Brick→Class
AntiClimbDeterrentSecurityProduct	10007007	DoorWindowPerimeterSecurityProducts	91030200	Brick→Class
DoorChainsDoorGuards	10005401	DoorWindowPerimeterSecurityProducts	91030200	Brick→Class
DoorGateEntryIntercoms	10005399	DoorWindowPerimeterSecurityProducts	91030200	Brick→Class
DoorGateViewers	10005402	DoorWindowPerimeterSecurityProducts	91030200	Brick→Class
DoorGateWindowBoltsKeys	10005400	DoorWindowPerimeterSecurityProducts	91030200	Brick→Class
DoorWindowPerimeterSecurityProductsVarietyPacks	10005406	DoorWindowPerimeterSecurityProducts	91030200	Brick→Class
SecurityDoorsGates	10005403	DoorWindowPerimeterSecurityProducts	91030200	Brick→Class
SmartDoorbells	10008069	DoorWindowPerimeterSecurityProducts	91030200	Brick→Class
WindowBurglarBarsPanelsShutters	10005405	DoorWindowPerimeterSecurityProducts	91030200	Brick→Class
FireBlankets	10005407	HomeBusinessFireExtinguishers	91030300	Brick→Class
FireExtinguishersPressurised	10005408	HomeBusinessFireExtinguishers	91030300	Brick→Class
FireHoses	10005409	HomeBusinessFireExtinguishers	91030300	Brick→Class
HomeBusinessFireExtinguishersVarietyPacks	10005410	HomeBusinessFireExtinguishers	91030300	Brick→Class
HomeBusinessSafetySecuritySurveillanceVarietyPacks	10005417	HomeBusinessSafetySecuritySurveillanceVarietyPacks	91030600	Brick→Class
BuggingDebuggingEquipment	10005411	HomeBusinessSurveillanceEquipment	91030400	Brick→Class
ExteriorConvexMirrors	10005709	HomeBusinessSurveillanceEquipment	91030400	Brick→Class
HomeBusinessSurveillanceEquipmentVarietyPacks	10005415	HomeBusinessSurveillanceEquipment	91030400	Brick→Class
LightMotionSoundSensors	10005412	HomeBusinessSurveillanceEquipment	91030400	Brick→Class
SecurityLights	10005413	HomeBusinessSurveillanceEquipment	91030400	Brick→Class
SurveillanceCamerasRecorders	10005414	HomeBusinessSurveillanceEquipment	91030400	Brick→Class
Safes	10005416	Safes	91030500	Brick→Class
LockPadlock	10008396	SecurityDevices	91030900	Brick→Class
BodyAlarms	10005373	PersonalSafetyDevices	91010100	Brick→Class
EmergencySurvivalBlanketsSleepingBags	10005472	PersonalSafetyDevices	91010100	Brick→Class
EmergencyWhistles	10005374	PersonalSafetyDevices	91010100	Brick→Class
KeyRingAlarms	10005375	PersonalSafetyDevices	91010100	Brick→Class
PersonalLuggageAlarms	10005376	PersonalSafetyDevices	91010100	Brick→Class
PersonalSafetyDevicesVarietyPacks	10005382	PersonalSafetyDevices	91010100	Brick→Class
PersonalSafetyFlaresSignals	10005377	PersonalSafetyDevices	91010100	Brick→Class
PersonalSafetyLights	10005378	PersonalSafetyDevices	91010100	Brick→Class
RemoteControlledVehicles	10006850	PersonalSafetyDevices	91010100	Brick→Class
RemotelyControlledVehicleReplacementPartsAndAccessories	10006851	PersonalSafetyDevices	91010100	Brick→Class
SelfDefenceSprays	10005379	PersonalSafetyDevices	91010100	Brick→Class
StunGuns	10005380	PersonalSafetyDevices	91010100	Brick→Class
WearableWirelessWebcamsInverseSurveillance	10005381	PersonalSafetyDevices	91010100	Brick→Class
SafetySecuritySurveillanceVarietyPacks	10005418	SafetySecuritySurveillanceVarietyPacks	91040100	Brick→Class
BuildingConstruction&RelatedServices	10007584	BuildingConstruction&RelatedServices	95020100	Brick→Class
AccountingServices	10007578	AccountingServices	95010100	Brick→Class
AdvertisingServices	10007579	AdvertisingServices	95010200	Brick→Class
ArchitecturalAndEngineeringServices	10007580	ArchitecturalAndEngineeringServices	95010300	Brick→Class
BusinessManagement&ConsultingServices	10007581	BusinessManagement&ConsultingServices	95010400	Brick→Class
ComputerAndTechnologyServices	10007582	ComputerAndTechnologyServices	95010500	Brick→Class
LegalServices	10007583	LegalServices	95010600	Brick→Class
CleaningServices	10007585	CleaningServices	95030100	Brick→Class
AudioVisualServices	10007586	AudioVisualServices	95040100	Brick→Class
TelecommunicationsServices	10007587	TelecommunicationsServices	95040200	Brick→Class
WarrantyServices	10008408	TelecommunicationsServices	95040200	Brick→Class
CoinOperatedControlUnit	10008110	DispensingVendingMachines	95160100	Brick→Class
VendingMachine	10008109	DispensingVendingMachines	95160100	Brick→Class
EducationalServices	10007588	EducationalServices	95050100	Brick→Class
EntertainmentServices	10007589	EntertainmentServices	95050200	Brick→Class
EnergyServices	10007590	EnergyServices	95060100	Brick→Class
EnvironmentalServices	10007591	EnvironmentalServices	95060200	Brick→Class
FinancialServices	10007592	FinancialServices	95070100	Brick→Class
FoodAndDrinkServices	10007596	FoodAndDrinkServices	95110300	Brick→Class
TemporaryAccommodationServices	10007597	TemporaryAccommodationServices	95110400	Brick→Class
InstallationServices	10007599	InstallationServices	95120200	Brick→Class
MaintenanceRepairServices	10007598	MaintenanceRepairServices	95120100	Brick→Class
HygienicAndBeautyCareServices	10007600	HygienicAndBeautyCareServices	95130100	Brick→Class
MedicalServices	10007601	MedicalServices	95130200	Brick→Class
VeterinaryServices	10007602	VeterinaryServices	95130300	Brick→Class
PackagingStorageServices	10007593	PackagingStorageServices	95080100	Brick→Class
PostalServices	10007594	PostalServices	95090100	Brick→Class
ScientificAndTechnologicalServices	10007595	ScientificAndTechnologicalServices	95100100	Brick→Class
TransportationServices	10007603	TransportationServices	95140100	Brick→Class
TravelServices	10007605	TravelServices	95150100	Brick→Class
BabyCarrier	10000502	BabyExercisersTransportation	71020100	Brick→Class
BabyCarryCotsBasketsCradles	10000795	BabyExercisersTransportation	71020100	Brick→Class
BabyCotBasketTravel	10000794	BabyExercisersTransportation	71020100	Brick→Class
BabyDoorBouncers	10000802	BabyExercisersTransportation	71020100	Brick→Class
BabyExercisersTransportationReplacementParts	10006813	BabyExercisersTransportation	71020100	Brick→Class
BabyExercisersTransportationOther	10000805	BabyExercisersTransportation	71020100	Brick→Class
BabyExercisersTransportationVarietyPack	10006812	BabyExercisersTransportation	71020100	Brick→Class
BabySwings	10000803	BabyExercisersTransportation	71020100	Brick→Class
BabyWalkers	10000804	BabyExercisersTransportation	71020100	Brick→Class
PramPushchairStrollerAccessories	10000797	BabyExercisersTransportation	71020100	Brick→Class
PramsPushchairsStrollers	10000793	BabyExercisersTransportation	71020100	Brick→Class
CombatSportsEquipmentOther	10004096	CombatSportsEquipment	71010700	Brick→Class
CombatSportsEquipmentVarietyPacks	10001809	CombatSportsEquipment	71010700	Brick→Class
FencingSportsEquipmentNonPowered	10004112	CombatSportsEquipment	71010700	Brick→Class
FencingSportsEquipmentPowered	10004098	CombatSportsEquipment	71010700	Brick→Class
MartialArtsSportsEquipment	10001807	CombatSportsEquipment	71010700	Brick→Class
PunchingKickingTrainingAids	10001806	CombatSportsEquipment	71010700	Brick→Class
CycleAccessoriesToolsTyrePatchKits	10008274	CycleSportsEquipment	71010800	Brick→Class
CycleAntiTheftDevice	10006392	CycleSportsEquipment	71010800	Brick→Class
CyclePartsGearSystems	10008269	CycleSportsEquipment	71010800	Brick→Class
CycleSportsEquipmentOther	10001813	CycleSportsEquipment	71010800	Brick→Class
CycleSportsEquipmentVarietyPacks	10001812	CycleSportsEquipment	71010800	Brick→Class
CyclesNonPowered	10001810	CycleSportsEquipment	71010800	Brick→Class
CyclesPowered	10005815	CycleSportsEquipment	71010800	Brick→Class
CyclesAccessoriesComputersNavigationEquipment	10008275	CycleSportsEquipment	71010800	Brick→Class
CyclesAccessoriesOther	10008276	CycleSportsEquipment	71010800	Brick→Class
CyclesPartsBells	10008262	CycleSportsEquipment	71010800	Brick→Class
CyclesPartsBrakes	10008263	CycleSportsEquipment	71010800	Brick→Class
CyclesPartsChains	10008264	CycleSportsEquipment	71010800	Brick→Class
CyclesPartsDressGuardsMudguards	10008265	CycleSportsEquipment	71010800	Brick→Class
CyclesPartsGrips	10008266	CycleSportsEquipment	71010800	Brick→Class
CyclesPartsLighting	10008260	CycleSportsEquipment	71010800	Brick→Class
CyclesPartsOther	10008270	CycleSportsEquipment	71010800	Brick→Class
CyclesPartsPedals	10008267	CycleSportsEquipment	71010800	Brick→Class
CyclesPartsSaddles&SaddlesAccessories	10008261	CycleSportsEquipment	71010800	Brick→Class
CyclesPartsStands	10008268	CycleSportsEquipment	71010800	Brick→Class
CyclesPartsTyresWheels	10008259	CycleSportsEquipment	71010800	Brick→Class
CyclesTransportBasketsCratesPanniers	10008272	CycleSportsEquipment	71010800	Brick→Class
CyclesTransportCarriersStraps	10008273	CycleSportsEquipment	71010800	Brick→Class
CyclesTransportChildrenSeats	10008271	CycleSportsEquipment	71010800	Brick→Class
ScooterNonPowered	10006391	CycleSportsEquipment	71010800	Brick→Class
EquestrianStableEquipmentAccessories	10008386	EquestrianSportsEquipment	71012400	Brick→Class
EquestrianTrainingCompetitionAccessories	10008385	EquestrianSportsEquipment	71012400	Brick→Class
EquestrianTrainingCompetitionEquipment	10008384	EquestrianSportsEquipment	71012400	Brick→Class
Fishfinders	10005870	FishingAnglingSportsEquipment	71012100	Brick→Class
FishingBaitFlies	10001915	FishingAnglingSportsEquipment	71012100	Brick→Class
FishingFloats	10001917	FishingAnglingSportsEquipment	71012100	Brick→Class
FishingHooks	10001916	FishingAnglingSportsEquipment	71012100	Brick→Class
FishingLineGut	10001920	FishingAnglingSportsEquipment	71012100	Brick→Class
FishingNets	10001918	FishingAnglingSportsEquipment	71012100	Brick→Class
FishingReels	10001914	FishingAnglingSportsEquipment	71012100	Brick→Class
FishingRodAccessories	10001921	FishingAnglingSportsEquipment	71012100	Brick→Class
FishingRodsPoles	10001913	FishingAnglingSportsEquipment	71012100	Brick→Class
FishingAnglingSportsEquipmentOther	10001923	FishingAnglingSportsEquipment	71012100	Brick→Class
FishingAnglingSportsEquipmentVarietyPacks	10001922	FishingAnglingSportsEquipment	71012100	Brick→Class
GymnasticsApparatus	10001827	GymnasticsSportsEquipment	71011000	Brick→Class
GymnasticsSportsEquipmentOther	10001830	GymnasticsSportsEquipment	71011000	Brick→Class
GymnasticsSportsEquipmentVarietyPacks	10001829	GymnasticsSportsEquipment	71011000	Brick→Class
RhythmGymnasticsEquipment	10001826	GymnasticsSportsEquipment	71011000	Brick→Class
GameLuresDecoysCallers	10001880	HuntingSportsAids	71011700	Brick→Class
HuntingFieldDressingEquipment	10001883	HuntingSportsAids	71011700	Brick→Class
HuntingSportsAidsOther	10001886	HuntingSportsAids	71011700	Brick→Class
HuntingSportsAidsVarietyPacks	10001885	HuntingSportsAids	71011700	Brick→Class
Kites	10001831	KitingParachutingSportsEquipment	71011100	Brick→Class
KitingParachutingBoardsBuggiesNonPowered	10001834	KitingParachutingSportsEquipment	71011100	Brick→Class
KitingParachutingSportsEquipmentReplacementPartsAccessories	10001835	KitingParachutingSportsEquipment	71011100	Brick→Class
KitingParachutingSportsEquipmentOther	10001838	KitingParachutingSportsEquipment	71011100	Brick→Class
KitingParachutingSportsEquipmentVarietyPacks	10001837	KitingParachutingSportsEquipment	71011100	Brick→Class
Parachutes	10001832	KitingParachutingSportsEquipment	71011100	Brick→Class
ExerciseMachinesNonPowered	10001815	PersonalFitnessSportsEquipment	71010900	Brick→Class
ExerciseMachinesPowered	10001814	PersonalFitnessSportsEquipment	71010900	Brick→Class
FreeWeightsDumbBells	10001816	PersonalFitnessSportsEquipment	71010900	Brick→Class
GymAccessories	10001819	PersonalFitnessSportsEquipment	71010900	Brick→Class
PersonalFitnessSportsEquipmentReplacementPartsAccessories	10001823	PersonalFitnessSportsEquipment	71010900	Brick→Class
PersonalFitnessSportsEquipmentOther	10001825	PersonalFitnessSportsEquipment	71010900	Brick→Class
PersonalFitnessSportsEquipmentVarietyPacks	10001824	PersonalFitnessSportsEquipment	71010900	Brick→Class
SportsExerciseMonitors	10001822	PersonalFitnessSportsEquipment	71010900	Brick→Class
RacquetSportsReplacementPartsAccessories	10001778	RacquetSportsEquipment	71010300	Brick→Class
RacquetSportsEquipmentOther	10004097	RacquetSportsEquipment	71010300	Brick→Class
RacquetSportsEquipmentVarietyPacks	10001779	RacquetSportsEquipment	71010300	Brick→Class
Racquets	10001776	RacquetSportsEquipment	71010300	Brick→Class
ScooterSkateboardSportsEquipmentOther	10001843	ScooterSkateboardSportsEquipment	71011200	Brick→Class
ScooterSkateboardSportsEquipmentVarietyPacks	10001842	ScooterSkateboardSportsEquipment	71011200	Brick→Class
ScootersSkateboardsHoverboardsPowered	10005814	ScooterSkateboardSportsEquipment	71011200	Brick→Class
SkateboardingSportsEquipmentReplacementPartsAccessories	10001841	ScooterSkateboardSportsEquipment	71011200	Brick→Class
SkateboardsNonPowered	10001840	ScooterSkateboardSportsEquipment	71011200	Brick→Class
CurlingStones	10001794	SnowIceSportsEquipment	71010500	Brick→Class
SkisSkiBoardsSnowBoards	10001792	SnowIceSportsEquipment	71010500	Brick→Class
Sleds	10001790	SnowIceSportsEquipment	71010500	Brick→Class
SnowIceSportsEquipmentReplacementPartsAccessories	10001795	SnowIceSportsEquipment	71010500	Brick→Class
SnowIceSportsEquipmentOther	10001797	SnowIceSportsEquipment	71010500	Brick→Class
SnowIceSportsEquipmentVarietyPacks	10001796	SnowIceSportsEquipment	71010500	Brick→Class
Airguns	10001873	SportingFirearmsEquipment	71011600	Brick→Class
FirearmsReplacementPartsAccessories	10001877	SportingFirearmsEquipment	71011600	Brick→Class
FirearmsAmmunition	10001874	SportingFirearmsEquipment	71011600	Brick→Class
HandgunsPistols	10001870	SportingFirearmsEquipment	71011600	Brick→Class
HeavyWeaponAmmunition	10008055	SportingFirearmsEquipment	71011600	Brick→Class
Rifles	10001871	SportingFirearmsEquipment	71011600	Brick→Class
Shotguns	10001872	SportingFirearmsEquipment	71011600	Brick→Class
SportingFirearmsEquipmentOther	10001879	SportingFirearmsEquipment	71011600	Brick→Class
SportingFirearmsEquipmentVarietyPacks	10001878	SportingFirearmsEquipment	71011600	Brick→Class
WeaponsHandHeldGrenadesExplosives	10008052	SportingFirearmsEquipment	71011600	Brick→Class
WeaponsHandHeldRocketPropelled	10008051	SportingFirearmsEquipment	71011600	Brick→Class
WeaponsHeavyMounted	10008053	SportingFirearmsEquipment	71011600	Brick→Class
WeaponsHeavyMountedParts&Accessories	10008054	SportingFirearmsEquipment	71011600	Brick→Class
Boomerangs	10001772	SportsBallsPucksShuttlecocksFrisbeesBoomerangs	71010200	Brick→Class
Frisbees	10001771	SportsBallsPucksShuttlecocksFrisbeesBoomerangs	71010200	Brick→Class
Pucks	10001769	SportsBallsPucksShuttlecocksFrisbeesBoomerangs	71010200	Brick→Class
Shuttlecocks	10001770	SportsBallsPucksShuttlecocksFrisbeesBoomerangs	71010200	Brick→Class
SportsBalls	10001768	SportsBallsPucksShuttlecocksFrisbeesBoomerangs	71010200	Brick→Class
SportsBallsPucksShuttlecocksFrisbeesBoomerangsOther	10001775	SportsBallsPucksShuttlecocksFrisbeesBoomerangs	71010200	Brick→Class
SportsBallsPucksShuttlecocksFrisbeesBoomerangsVarietyPacks	10001774	SportsBallsPucksShuttlecocksFrisbeesBoomerangs	71010200	Brick→Class
SportsBatsSticksClubs	10001780	SportsBatsSticksClubsCuesMallets	71010400	Brick→Class
SportsBatsSticksClubsOther	10001787	SportsBatsSticksClubsCuesMallets	71010400	Brick→Class
DrinkingBottles	10008282	SportsEquipmentAccessories	71011900	Brick→Class
PumpsPowered	10005703	SportsEquipmentAccessories	71011900	Brick→Class
PumpsNonPowered	10005702	SportsEquipmentAccessories	71011900	Brick→Class
Rangefinders	10005812	SportsEquipmentAccessories	71011900	Brick→Class
SportsEquipmentAccessoriesOther	10001903	SportsEquipmentAccessories	71011900	Brick→Class
SportsEquipmentAccessoriesVarietyPacks	10001902	SportsEquipmentAccessories	71011900	Brick→Class
SportsEquipmentBagsCasesCovers	10001892	SportsEquipmentAccessories	71011900	Brick→Class
SportsEquipmentStorageRacksHolders	10001898	SportsEquipmentAccessories	71011900	Brick→Class
SportsGoalsNetsAccessories	10001894	SportsEquipmentAccessories	71011900	Brick→Class
SportsGoalsNetsEnclosures	10001893	SportsEquipmentAccessories	71011900	Brick→Class
SportsMarkingEquipment	10001896	SportsEquipmentAccessories	71011900	Brick→Class
SportsMatsCarpets	10001900	SportsEquipmentAccessories	71011900	Brick→Class
SportsScoringEquipmentNonPowered	10001899	SportsEquipmentAccessories	71011900	Brick→Class
SportsScoringEquipmentPowered	10004111	SportsEquipmentAccessories	71011900	Brick→Class
SportsTargetPinsSkittlesStumps	10001897	SportsEquipmentAccessories	71011900	Brick→Class
SportsEquipmentVarietyPacks	10003688	SportsEquipmentVarietyPacks	71012300	Brick→Class
SportsPersonalProtectiveEquipmentOther	10001912	SportsPersonalProtectiveEquipment	71012000	Brick→Class
SportsPersonalProtectiveEquipmentVarietyPacks	10001911	SportsPersonalProtectiveEquipment	71012000	Brick→Class
SportsProtectiveBodyPaddingGuards	10001907	SportsPersonalProtectiveEquipment	71012000	Brick→Class
SportsProtectiveGogglesEyeMasks	10001905	SportsPersonalProtectiveEquipment	71012000	Brick→Class
SportsProtectiveMouthGuards	10001904	SportsPersonalProtectiveEquipment	71012000	Brick→Class
SportsProtectiveSupportBelts	10001909	SportsPersonalProtectiveEquipment	71012000	Brick→Class
SportsTables	10001855	SportsTables	71011400	Brick→Class
SportsTablesOther	10001859	SportsTables	71011400	Brick→Class
BoardsSkisWaterSports	10001844	SwimmingSurfingDivingSportsEquipment	71011300	Brick→Class
BoardsSkisWaterSportsReplacementPartsAccessories	10001845	SwimmingSurfingDivingSportsEquipment	71011300	Brick→Class
DivingEquipment	10001848	SwimmingSurfingDivingSportsEquipment	71011300	Brick→Class
SwimmingTrainingAids	10001847	SwimmingSurfingDivingSportsEquipment	71011300	Brick→Class
SwimmingSurfingDivingSportsEquipmentReplacementPartsAccessories	10001852	SwimmingSurfingDivingSportsEquipment	71011300	Brick→Class
SwimmingSurfingDivingSportsEquipmentOther	10001854	SwimmingSurfingDivingSportsEquipment	71011300	Brick→Class
SwimmingSurfingDivingSportsEquipmentVarietyPacks	10001853	SwimmingSurfingDivingSportsEquipment	71011300	Brick→Class
Arrows	10001863	TargetSportsEquipment	71011500	Brick→Class
Bows	10001862	TargetSportsEquipment	71011500	Brick→Class
Darts	10001860	TargetSportsEquipment	71011500	Brick→Class
TargetSportsEquipmentReplacementPartsAccessories	10001867	TargetSportsEquipment	71011500	Brick→Class
TargetSportsEquipmentOther	10001869	TargetSportsEquipment	71011500	Brick→Class
TargetSportsEquipmentVarietyPacks	10001868	TargetSportsEquipment	71011500	Brick→Class
TargetsNonPowered	10001866	TargetSportsEquipment	71011500	Brick→Class
TargetsPowered	10001865	TargetSportsEquipment	71011500	Brick→Class
JumpingSportsEquipment	10001764	TrackFieldSportsEquipment	71010100	Brick→Class
RunningSportsEquipment	10001763	TrackFieldSportsEquipment	71010100	Brick→Class
ThrowingSportsEquipment	10001762	TrackFieldSportsEquipment	71010100	Brick→Class
TrackFieldSportsEquipmentOther	10001767	TrackFieldSportsEquipment	71010100	Brick→Class
TrackFieldSportsEquipmentVarietyPacks	10001766	TrackFieldSportsEquipment	71010100	Brick→Class
TrekkingMountaineeringSportsEquipment	10001798	TrekkingMountaineeringSportsEquipment	71010600	Brick→Class
TrekkingMountaineeringSportsEquipmentOther	10001805	TrekkingMountaineeringSportsEquipment	71010600	Brick→Class
Watercraft	10001887	WatercraftSportsEquipment	71011800	Brick→Class
WatercraftReplacementPartsAccessories	10001889	WatercraftSportsEquipment	71011800	Brick→Class
WatercraftEquipmentOtherNonPowered	10001891	WatercraftSportsEquipment	71011800	Brick→Class
WatercraftEquipmentVarietyPacksNonPowered	10001890	WatercraftSportsEquipment	71011800	Brick→Class
GiftWrap	10001201	GiftWrapAccessories	62050100	Brick→Class
GiftWrapAccessories	10001203	GiftWrapAccessories	62050100	Brick→Class
GiftWrapAccessoriesOther	10001202	GiftWrapAccessories	62050100	Brick→Class
GiftWrapAccessoriesVarietyPacks	10001204	GiftWrapAccessories	62050100	Brick→Class
GreetingCardsGiftWrapOccasionSuppliesVarietyPacks	10001205	GreetingCardsGiftWrapOccasionSuppliesVarietyPacks	62050200	Brick→Class
GiftCardHolderSleeve	10008022	GreetingCardsInvitations	62050300	Brick→Class
GreetingCardDisplayHolders	10001206	GreetingCardsInvitations	62050300	Brick→Class
GreetingCardsInvitations	10001209	GreetingCardsInvitations	62050300	Brick→Class
GreetingCardsInvitationsOther	10001207	GreetingCardsInvitations	62050300	Brick→Class
GreetingCardsInvitationsVarietyPacks	10001208	GreetingCardsInvitations	62050300	Brick→Class
InvitationPadsNotelets	10001212	GreetingCardsInvitations	62050300	Brick→Class
Postcards	10001213	GreetingCardsInvitations	62050300	Brick→Class
Balloons	10001214	OccasionSupplies	62050400	Brick→Class
Confetti	10001215	OccasionSupplies	62050400	Brick→Class
Fireworks	10001216	OccasionSupplies	62050400	Brick→Class
OccasionSuppliesOther	10001217	OccasionSupplies	62050400	Brick→Class
OccasionSuppliesVarietyPacks	10001218	OccasionSupplies	62050400	Brick→Class
PartyCrackers	10001220	OccasionSupplies	62050400	Brick→Class
PartyHats	10001221	OccasionSupplies	62050400	Brick→Class
PartyHornsBlowers	10005436	OccasionSupplies	62050400	Brick→Class
PartyPoppers	10001222	OccasionSupplies	62050400	Brick→Class
Pinatas	10001223	OccasionSupplies	62050400	Brick→Class
StreamersPaperChains	10001224	OccasionSupplies	62050400	Brick→Class
CalculatorsCurrencyConvertersPowered	10001242	OfficeMachinery	62060300	Brick→Class
CashMoneyRegistersPowered	10001243	OfficeMachinery	62060300	Brick→Class
LaminatingMachineConsumables	10001246	OfficeMachinery	62060300	Brick→Class
LaminatingMachinesPowered	10001247	OfficeMachinery	62060300	Brick→Class
MultifunctionalDevices	10005229	OfficeMachinery	62060300	Brick→Class
OfficeMachineryOther	10001248	OfficeMachinery	62060300	Brick→Class
OfficeMachineryVarietyPacks	10001250	OfficeMachinery	62060300	Brick→Class
PhotocopierConsumables	10001251	OfficeMachinery	62060300	Brick→Class
Photocopiers	10001252	OfficeMachinery	62060300	Brick→Class
TypewriterConsumables	10005676	OfficeMachinery	62060300	Brick→Class
TypewritersNonPowered	10001253	OfficeMachinery	62060300	Brick→Class
TypewritersPowered	10001254	OfficeMachinery	62060300	Brick→Class
CalendarsPlanners	10001255	OrganizationalPlanningStationery	62060400	Brick→Class
ContactInformationBooksPads	10001256	OrganizationalPlanningStationery	62060400	Brick→Class
OrganizationalPlanningStationeryReplacementPartsAccessories	10001258	OrganizationalPlanningStationery	62060400	Brick→Class
OrganizationalPlanningStationeryOther	10001257	OrganizationalPlanningStationery	62060400	Brick→Class
OrganizationalPlanningStationeryVarietyPacks	10001259	OrganizationalPlanningStationery	62060400	Brick→Class
PersonalOrganizersDiariesNonPowered	10001260	OrganizationalPlanningStationery	62060400	Brick→Class
StickyNotesPaperCubes	10005118	OrganizationalPlanningStationery	62060400	Brick→Class
EnvelopesMailers	10001261	PostalPackagingEquipmentAidsAccessories	62060500	Brick→Class
FrankingMachines	10001262	PostalPackagingEquipmentAidsAccessories	62060500	Brick→Class
LetterFoldersInsertersSealers	10001263	PostalPackagingEquipmentAidsAccessories	62060500	Brick→Class
LetterOpenersNonPowered	10001264	PostalPackagingEquipmentAidsAccessories	62060500	Brick→Class
LetterOpenersPowered	10001265	PostalPackagingEquipmentAidsAccessories	62060500	Brick→Class
PostageStamps	10006849	PostalPackagingEquipmentAidsAccessories	62060500	Brick→Class
PostalLabellingMachines	10001245	PostalPackagingEquipmentAidsAccessories	62060500	Brick→Class
PostalPackagingWrap	10001273	PostalPackagingEquipmentAidsAccessories	62060500	Brick→Class
PostalTubesBoxes	10001266	PostalPackagingEquipmentAidsAccessories	62060500	Brick→Class
PostalWeighingScalesNonPowered	10001267	PostalPackagingEquipmentAidsAccessories	62060500	Brick→Class
PostalWeighingScalesPowered	10001268	PostalPackagingEquipmentAidsAccessories	62060500	Brick→Class
PostalPackagingAccessories	10001269	PostalPackagingEquipmentAidsAccessories	62060500	Brick→Class
PostalPackagingEquipmentAidsAccessoriesOther	10001270	PostalPackagingEquipmentAidsAccessories	62060500	Brick→Class
PostalPackagingEquipmentAidsAccessoriesVarietyPacks	10001272	PostalPackagingEquipmentAidsAccessories	62060500	Brick→Class
StampingEquipmentNonPowered	10001241	PostalPackagingEquipmentAidsAccessories	62060500	Brick→Class
FlipChartStands	10001275	PresentationEquipment	62060600	Brick→Class
OverheadProjectors	10005445	PresentationEquipment	62060600	Brick→Class
PointersNonPowered	10001276	PresentationEquipment	62060600	Brick→Class
PointersPowered	10001277	PresentationEquipment	62060600	Brick→Class
PresentationBoardsNonPowered	10001278	PresentationEquipment	62060600	Brick→Class
PresentationBoardsPowered	10006406	PresentationEquipment	62060600	Brick→Class
PresentationEquipmentAccessories	10001281	PresentationEquipment	62060600	Brick→Class
PresentationEquipmentOther	10001280	PresentationEquipment	62060600	Brick→Class
PresentationEquipmentVarietyPacks	10001283	PresentationEquipment	62060600	Brick→Class
ProjectionTables	10005766	PresentationEquipment	62060600	Brick→Class
AdhesivePasteGlueRemovers	10005444	StationeryAdhesivesBindersFasteners	62060700	Brick→Class
BindingAccessories	10001286	StationeryAdhesivesBindersFasteners	62060700	Brick→Class
BindingMachinesNonPowered	10001287	StationeryAdhesivesBindersFasteners	62060700	Brick→Class
BindingMachinesPowered	10001288	StationeryAdhesivesBindersFasteners	62060700	Brick→Class
StationeryAdhesiveTapes	10005126	StationeryAdhesivesBindersFasteners	62060700	Brick→Class
StationeryAdhesivesBindersFastenersOther	10001295	StationeryAdhesivesBindersFasteners	62060700	Brick→Class
StationeryAdhesivesBindersFastenersVarietyPacks	10001297	StationeryAdhesivesBindersFasteners	62060700	Brick→Class
StationeryFasteners	10001289	StationeryAdhesivesBindersFasteners	62060700	Brick→Class
StationeryGlues	10001292	StationeryAdhesivesBindersFasteners	62060700	Brick→Class
StationeryStapleRemovers	10001298	StationeryAdhesivesBindersFasteners	62060700	Brick→Class
StationeryStaplersNonPowered	10001299	StationeryAdhesivesBindersFasteners	62060700	Brick→Class
StationeryStaplersPowered	10001300	StationeryAdhesivesBindersFasteners	62060700	Brick→Class
HolePaperPunchesNonPowered	10001311	StationeryCuttersTrimmers	62060800	Brick→Class
HolePaperPunchesPowered	10001312	StationeryCuttersTrimmers	62060800	Brick→Class
PaperGuillotinesTrimmers	10001302	StationeryCuttersTrimmers	62060800	Brick→Class
PaperShreddersNonPowered	10001309	StationeryCuttersTrimmers	62060800	Brick→Class
PaperShreddersPowered	10005119	StationeryCuttersTrimmers	62060800	Brick→Class
StationeryCuttersTrimmersOther	10001306	StationeryCuttersTrimmers	62060800	Brick→Class
StationeryCuttersTrimmersVarietyPacks	10001308	StationeryCuttersTrimmers	62060800	Brick→Class
StationeryScissors	10005371	StationeryCuttersTrimmers	62060800	Brick→Class
BusinessFormsPaperPrePrinted	10001305	StationeryPaperCardFilm	62061100	Brick→Class
ExerciseBooks	10005893	StationeryPaperCardFilm	62061100	Brick→Class
LabelsCouponsTickets	10001313	StationeryPaperCardFilm	62061100	Brick→Class
PaperCardUnprinted	10001304	StationeryPaperCardFilm	62061100	Brick→Class
StationeryPaperCardFilmOther	10005120	StationeryPaperCardFilm	62061100	Brick→Class
StationeryPaperCardFilmVarietyPacks	10005121	StationeryPaperCardFilm	62061100	Brick→Class
TransparenciesAcetates	10001314	StationeryPaperCardFilm	62061100	Brick→Class
BookCovers	10005125	StationeryStorageFiling	62060900	Brick→Class
CashMoneyBoxes	10001316	StationeryStorageFiling	62060900	Brick→Class
PencilPenCases	10006897	StationeryStorageFiling	62060900	Brick→Class
StationeryFilesFoldersWallets	10001318	StationeryStorageFiling	62060900	Brick→Class
StationeryItemStorageDeskAccessories	10001320	StationeryStorageFiling	62060900	Brick→Class
StationeryStorageFilingReplacementPartsAccessories	10001322	StationeryStorageFiling	62060900	Brick→Class
StationeryStorageFilingOther	10001321	StationeryStorageFiling	62060900	Brick→Class
StationeryStorageFilingVarietyPacks	10001323	StationeryStorageFiling	62060900	Brick→Class
StationeryOfficeMachineryOther	10006898	StationeryOfficeMachineryOther	62061200	Brick→Class
StationeryOfficeMachineryVarietyPacks	10001325	StationeryOfficeMachineryVarietyPacks	62061000	Brick→Class
CorrectionAids	10001226	WritingDesignImplementsAids	62060100	Brick→Class
DesktopMats	10005206	WritingDesignImplementsAids	62060100	Brick→Class
Highlighter	10007629	WritingDesignImplementsAids	62060100	Brick→Class
Ink	10001225	WritingDesignImplementsAids	62060100	Brick→Class
MeasuringGeometricalEquipment	10001231	WritingDesignImplementsAids	62060100	Brick→Class
PencilSharpenersNonPowered	10001232	WritingDesignImplementsAids	62060100	Brick→Class
PencilSharpenersPowered	10001233	WritingDesignImplementsAids	62060100	Brick→Class
Pencils	10001234	WritingDesignImplementsAids	62060100	Brick→Class
Pens	10001235	WritingDesignImplementsAids	62060100	Brick→Class
Stencils	10001236	WritingDesignImplementsAids	62060100	Brick→Class
WritingImplementsReplacementParts	10001229	WritingDesignImplementsAids	62060100	Brick→Class
WritingDesignImplementsAidsOther	10001228	WritingDesignImplementsAids	62060100	Brick→Class
WritingDesignImplementsAidsVarietyPacks	10001230	WritingDesignImplementsAids	62060100	Brick→Class
StationeryOfficeMachineryOccasionSuppliesVarietyPacks	10003771	StationeryOfficeMachineryOccasionSuppliesVarietyPacks	62070100	Brick→Class
StorageBarrelsKegsEmpty	10005846	StorageBarrelsDrumsEmpty	92010300	Brick→Class
StorageDrumsEmpty	10005847	StorageBarrelsDrumsEmpty	92010300	Brick→Class
PortableStorageCylindersEmpty	10005852	StorageBottlesCylindersEmpty	92010100	Brick→Class
StorageBottlesEmpty	10005851	StorageBottlesCylindersEmpty	92010100	Brick→Class
StorageCansEmpty	10008307	StorageBottlesCylindersEmpty	92010100	Brick→Class
PalletConvertersFrames	10005857	PlatformHandlingSupportsConverters	92040100	Brick→Class
Pallets	10005854	PlatformHandlingSupportsConverters	92040100	Brick→Class
Racks	10005858	PlatformHandlingSupportsConverters	92040100	Brick→Class
SlipSheets	10005856	PlatformHandlingSupportsConverters	92040100	Brick→Class
TransportDollies	10005855	PlatformHandlingSupportsConverters	92040100	Brick→Class
StorageHaulageBoxesEmpty	10005848	StorageHaulageBoxesCratesTraysEmpty	92020100	Brick→Class
StorageHaulageCratesEmpty	10005849	StorageHaulageBoxesCratesTraysEmpty	92020100	Brick→Class
StorageHaulageTraysEmpty	10005850	StorageHaulageBoxesCratesTraysEmpty	92020100	Brick→Class
AirFreightContainersEmpty	10005860	BulkFreightContainersEmpty	92030100	Brick→Class
FlexibleBulkContainersEmpty	10005861	BulkFreightContainersEmpty	92030100	Brick→Class
OceanIntermodalFreightContainersEmpty	10005859	BulkFreightContainersEmpty	92030100	Brick→Class
RigidIntermediateBulkContainersEmpty	10005862	BulkFreightContainersEmpty	92030100	Brick→Class
StorageHaulageTanksEmpty	10005853	BulkFreightContainersEmpty	92030100	Brick→Class
AudioBooks	10004103	Books	60010200	Brick→Class
BooksVarietyPacks	10004107	Books	60010200	Brick→Class
DigitalEbookContent	10000925	Books	60010200	Brick→Class
PrintedBooksCompositions	10000926	Books	60010200	Brick→Class
ElectronicMaps	10004106	Maps	60010400	Brick→Class
PrintedMaps	10004105	Maps	60010400	Brick→Class
AudioPeriodicals	10004104	Periodicals	60010300	Brick→Class
DigitalPeriodicalContent	10000927	Periodicals	60010300	Brick→Class
PeriodicalsVarietyPacks	10004108	Periodicals	60010300	Brick→Class
PrintedPeriodicals	10000928	Periodicals	60010300	Brick→Class
TextualPrintedReferenceMaterialsVarietyPacks	10002103	TextualPrintedReferenceMaterialsVarietyPacks	60010100	Brick→Class
CannabisBiscuitCookieMixShelfStable	10008077	CannabisEdibles	12010100	Brick→Class
CannabisBiscuitsCookiesReadyToEatShelfStable	10008076	CannabisEdibles	12010100	Brick→Class
CannabisBiscuitsCookiesFrozen	10008070	CannabisEdibles	12010100	Brick→Class
CannabisBiscuitsCookiesPerishable	10008071	CannabisEdibles	12010100	Brick→Class
CannabisBiscuitsCookiesShelfStable	10008072	CannabisEdibles	12010100	Brick→Class
CannabisCandySugarCandySubstituteConfectionery	10008073	CannabisEdibles	12010100	Brick→Class
CannabisChocolateChocolateCandyConfectionery	10008074	CannabisEdibles	12010100	Brick→Class
CannabisConfectionerySugarSweeteningProductsVarietyPacks	10008075	CannabisEdibles	12010100	Brick→Class
CannabisDrinksFlavouredReadyToDrinkShelfStable	10008079	CannabisEdibles	12010100	Brick→Class
CannabisDrinksWaterEnhancerShelfStable	10008080	CannabisEdibles	12010100	Brick→Class
CannabisFruitHerbalInfusionsReadyToDrink	10008083	CannabisEdibles	12010100	Brick→Class
CannabisFruitJuiceReadyToDrinkPerishable	10008084	CannabisEdibles	12010100	Brick→Class
CannabisFruitJuiceReadyToDrinkShelfStable	10008085	CannabisEdibles	12010100	Brick→Class
CannabisFruitJuiceDrinksReadyToDrinkPerishable	10008086	CannabisEdibles	12010100	Brick→Class
CannabisFruitJuiceDrinksReadyToDrinkShelfStable	10008087	CannabisEdibles	12010100	Brick→Class
CannabisIngestibleExtractOilOralSprayTincture	10008309	CannabisEdibles	12010100	Brick→Class
CannabisMuffinsBrowniesCakesReadyToEatShelfStable	10008078	CannabisEdibles	12010100	Brick→Class
CannabisOilsEdibleVegetableOrPlantShelfStable	10008088	CannabisEdibles	12010100	Brick→Class
CannabisOralSolidsCapsulesTabletsSoftgels	10008089	CannabisEdibles	12010100	Brick→Class
CannabisSavorySnackReadyToEatShelfStable	10008310	CannabisEdibles	12010100	Brick→Class
CannabisTeaHerbalTeaLeavesBagsInfused	10008081	CannabisEdibles	12010100	Brick→Class
CannabisTeaHerbalTeaInfusionsReadyToDrinkShelfStable	10008082	CannabisEdibles	12010100	Brick→Class
CannabisBathAndShower	10008313	CannabisNonEdibles	12010200	Brick→Class
CannabisBudder	10008094	CannabisNonEdibles	12010200	Brick→Class
CannabisDisposibleVapePen	10008100	CannabisNonEdibles	12010200	Brick→Class
CannabisDriedFlowerMilled	10008312	CannabisNonEdibles	12010200	Brick→Class
CannabisDriedFlowerWhole	10006993	CannabisNonEdibles	12010200	Brick→Class
CannabisFresh	10008316	CannabisNonEdibles	12010200	Brick→Class
CannabisHash	10008099	CannabisNonEdibles	12010200	Brick→Class
CannabisHerbalCigarettesNonTobacco	10008091	CannabisNonEdibles	12010200	Brick→Class
CannabisKief	10008098	CannabisNonEdibles	12010200	Brick→Class
CannabisLiveResin	10008314	CannabisNonEdibles	12010200	Brick→Class
CannabisLiveRosin	10008315	CannabisNonEdibles	12010200	Brick→Class
CannabisOil	10006992	CannabisNonEdibles	12010200	Brick→Class
CannabisPlant	10008318	CannabisNonEdibles	12010200	Brick→Class
CannabisPreRolled	10006994	CannabisNonEdibles	12010200	Brick→Class
CannabisResin	10008097	CannabisNonEdibles	12010200	Brick→Class
CannabisRosin	10008096	CannabisNonEdibles	12010200	Brick→Class
CannabisSeeds	10008317	CannabisNonEdibles	12010200	Brick→Class
CannabisShatter	10008093	CannabisNonEdibles	12010200	Brick→Class
CannabisSolidInfused	10008311	CannabisNonEdibles	12010200	Brick→Class
CannabisTopicalFaceBodyCreamLotions	10008090	CannabisNonEdibles	12010200	Brick→Class
CannabisVapeCartridge	10008102	CannabisNonEdibles	12010200	Brick→Class
CannabisVapeKit	10008101	CannabisNonEdibles	12010200	Brick→Class
CannabisWax	10008095	CannabisNonEdibles	12010200	Brick→Class
ElectronicCigaretteAccessories	10006730	ECigarettesAndAccessories	12010400	Brick→Class
ElectronicCigarettes	10006729	ECigarettesAndAccessories	12010400	Brick→Class
HerbalChewSnuffNonTobacco	10006313	NonTobaccoNonCannabisHerbal	12010500	Brick→Class
HerbalCigarettesNonTobacco	10000584	NonTobaccoNonCannabisHerbal	12010500	Brick→Class
SmokingAccessories	10000303	SmokingAccessories	12010600	Brick→Class
Cigarettes	10000185	Tobacco	12010300	Brick→Class
Cigars	10000186	Tobacco	12010300	Brick→Class
TobaccoChewingSnuff	10000134	Tobacco	12010300	Brick→Class
TobaccoLoose	10000267	Tobacco	12010300	Brick→Class
TobaccoSolid	10000268	Tobacco	12010300	Brick→Class
TobaccoCannabisHerbalProductsSmokingAccessoriesVarietyPacks	10000620	TobaccoCannabisHerbalProductsSmokingAccessoriesVarietyPacks	12010700	Brick→Class
ToolBeltsHolstersPouches	10003678	ToolStorage	84010100	Brick→Class
ToolBoxesCases	10003676	ToolStorage	84010100	Brick→Class
ToolCabinets	10003674	ToolStorage	84010100	Brick→Class
ToolCarrybagsWallets	10003677	ToolStorage	84010100	Brick→Class
ToolCarts	10003578	ToolStorage	84010100	Brick→Class
ToolStorageOther	10005102	ToolStorage	84010100	Brick→Class
ToolStorageVarietyPacks	10005104	ToolStorage	84010100	Brick→Class
RollerStands	10003572	WorkshopAids	84010200	Brick→Class
RouterTables	10005806	WorkshopAids	84010200	Brick→Class
SawHorsesTrestles	10003470	WorkshopAids	84010200	Brick→Class
WorkBenchTableReplacementPartsAccessories	10007938	WorkshopAids	84010200	Brick→Class
WorkBenches	10003468	WorkshopAids	84010200	Brick→Class
WorkshopAidsOther	10005101	WorkshopAids	84010200	Brick→Class
WorkshopAidsReplacementPartsAccessories	10005100	WorkshopAids	84010200	Brick→Class
WorkshopClothsRags	10005723	WorkshopAids	84010200	Brick→Class
AirCompressorsConsumables	10008412	AirCompressors	80013400	Brick→Class
AirCompressorsReplacementPartsAccessories	10008411	AirCompressors	80013400	Brick→Class
AirCompressorsPoweredPortable	10003555	AirCompressors	80013400	Brick→Class
AirCompressorsPoweredStationary	10005230	AirCompressors	80013400	Brick→Class
AwlsNonPowered	10003490	AwlsPunchesNailsets	80011300	Brick→Class
AwlsPunchesNailsetsReplacementPartsAccessories	10008413	AwlsPunchesNailsets	80011300	Brick→Class
AwlsPunchesNailsetsVarietyPacks	10003778	AwlsPunchesNailsets	80011300	Brick→Class
NailsetsCountersinksNonPowered	10003489	AwlsPunchesNailsets	80011300	Brick→Class
PunchesNonPowered	10003487	AwlsPunchesNailsets	80011300	Brick→Class
BiscuitJoinersPowered	10005718	CarpentryTools	80013600	Brick→Class
RoutersPowered	10003737	CarpentryTools	80013600	Brick→Class
CarryingLiftingHandlingClimbingEquipmentReplacementPartsAccessories	10003822	CarryingLiftingClimbingHandlingEquipment	80010400	Brick→Class
CarryingLiftingHandlingClimbingEquipmentOther	10003749	CarryingLiftingClimbingHandlingEquipment	80010400	Brick→Class
HandTrucksDolliesNonPowered	10003497	CarryingLiftingClimbingHandlingEquipment	80010400	Brick→Class
HoistsWinchesLiftsJacksNonPowered	10007956	CarryingLiftingClimbingHandlingEquipment	80010400	Brick→Class
HoistsWinchesLiftsJacksPowered	10003679	CarryingLiftingClimbingHandlingEquipment	80010400	Brick→Class
LaddersNonPowered	10003821	CarryingLiftingClimbingHandlingEquipment	80010400	Brick→Class
PlatformsScaffoldingNonPowered	10003473	CarryingLiftingClimbingHandlingEquipment	80010400	Brick→Class
PulleyPullerNonPowered	10006778	CarryingLiftingClimbingHandlingEquipment	80010400	Brick→Class
PulleyPullerPowered	10006779	CarryingLiftingClimbingHandlingEquipment	80010400	Brick→Class
PulleysBeltDrivesNonPowered	10005679	CarryingLiftingClimbingHandlingEquipment	80010400	Brick→Class
StepStoolsNonPowered	10008025	CarryingLiftingClimbingHandlingEquipment	80010400	Brick→Class
SuctionLiftersNonPowered	10003498	CarryingLiftingClimbingHandlingEquipment	80010400	Brick→Class
VibratingPlatesPowered	10008414	CarryingLiftingClimbingHandlingEquipment	80010400	Brick→Class
WheelbarrowsNonPowered	10003496	CarryingLiftingClimbingHandlingEquipment	80010400	Brick→Class
WheelbarrowsPowered	10005221	CarryingLiftingClimbingHandlingEquipment	80010400	Brick→Class
ChiselsNonPowered	10003488	ChiselsGouges	80011500	Brick→Class
ChiselsPowered	10003643	ChiselsGouges	80011500	Brick→Class
ChiselsGougesConsumables	10008416	ChiselsGouges	80011500	Brick→Class
ChiselsGougesReplacementPartsAccessories	10008417	ChiselsGouges	80011500	Brick→Class
ChiselsGougesVarietyPacks	10003787	ChiselsGouges	80011500	Brick→Class
GougesNonPowered	10003491	ChiselsGouges	80011500	Brick→Class
PlaningChiselsPowered	10008415	ChiselsGouges	80011500	Brick→Class
CementMortarMixingMachinesPowered	10005214	ConcreteTools	80013100	Brick→Class
ConcreteToolsConsumables	10008418	ConcreteTools	80013100	Brick→Class
ConcreteToolsReplacementPartsAccessories	10008419	ConcreteTools	80013100	Brick→Class
MixerPowered	10007031	ConcreteTools	80013100	Brick→Class
CrowbarsPryBarsNonPowered	10003499	DemolitionRemovalTools	80010500	Brick→Class
DemolitionRemovalToolsConsumables	10008421	DemolitionRemovalTools	80010500	Brick→Class
DemolitionRemovalToolsReplacementPartsAccessories	10008420	DemolitionRemovalTools	80010500	Brick→Class
NailPullersNonPowered	10003495	DemolitionRemovalTools	80010500	Brick→Class
NutSplittersNonPowered	10003563	DemolitionRemovalTools	80010500	Brick→Class
ScrewExtractorsNonPowered	10003562	DemolitionRemovalTools	80010500	Brick→Class
DrillPressesMortisersPowered	10003613	Drills	80011100	Brick→Class
DrillDriversPowered	10003653	Drills	80011100	Brick→Class
DrillsCombinationPowered	10003658	Drills	80011100	Brick→Class
DrillsConsumables	10008422	Drills	80011100	Brick→Class
DrillsReplacementPartsAccessories	10003542	Drills	80011100	Brick→Class
DrillsNonPowered	10003541	Drills	80011100	Brick→Class
HammerDrillAndImpactDriverKitPowered	10007027	Drills	80011100	Brick→Class
HammerDrillsPowered	10003659	Drills	80011100	Brick→Class
DrywallToolsReplacementPartsAccessories	10002481	DrywallTools	80010200	Brick→Class
PaintApplicatorsNonPowered	10005654	DrywallTools	80010200	Brick→Class
PaintApplicatorsPowered	10005653	DrywallTools	80010200	Brick→Class
PlasterHawksNonPowered	10003573	DrywallTools	80010200	Brick→Class
PuttyWallboardKnivesNonPowered	10003476	DrywallTools	80010200	Brick→Class
WallSlotterPowered	10007035	DrywallTools	80010200	Brick→Class
WallCeilingCoveringToolsNonPowered	10005672	DrywallTools	80010200	Brick→Class
WallCeilingCoveringToolsPowered	10003884	DrywallTools	80010200	Brick→Class
FunnelsDiyNonPowered	10005714	Funnels	80012400	Brick→Class
AbrasiveBlastersSandblastersPowered	10007026	GrindersSharpenersScrapersSanders	80011000	Brick→Class
AngleGrindersPowered	10003644	GrindersSharpenersScrapersSanders	80011000	Brick→Class
BeltSandersPoweredPortable	10003742	GrindersSharpenersScrapersSanders	80011000	Brick→Class
BeltSandersPoweredStationary	10003668	GrindersSharpenersScrapersSanders	80011000	Brick→Class
BenchGrindersPowered	10003598	GrindersSharpenersScrapersSanders	80011000	Brick→Class
CombinationSandersDiscBeltPowered	10003611	GrindersSharpenersScrapersSanders	80011000	Brick→Class
DetailSandersPowered	10003672	GrindersSharpenersScrapersSanders	80011000	Brick→Class
DiscSandersPoweredStationary	10003609	GrindersSharpenersScrapersSanders	80011000	Brick→Class
DiscSandersDrywallSandersPoweredPortable	10005248	GrindersSharpenersScrapersSanders	80011000	Brick→Class
FinishingSandersPowered	10003669	GrindersSharpenersScrapersSanders	80011000	Brick→Class
GrindersNonPowered	10003538	GrindersSharpenersScrapersSanders	80011000	Brick→Class
GrindersSharpenersScrapersSandersConsumables	10008424	GrindersSharpenersScrapersSanders	80011000	Brick→Class
GrindersSharpenersScrapersSandersReplacementPartsAccessories	10008425	GrindersSharpenersScrapersSanders	80011000	Brick→Class
HoningGuidesNonPowered	10003539	GrindersSharpenersScrapersSanders	80011000	Brick→Class
SandingRollersPowered	10007034	GrindersSharpenersScrapersSanders	80011000	Brick→Class
ScrapersNonPowered	10003543	GrindersSharpenersScrapersSanders	80011000	Brick→Class
SpindleSandersPowered	10003610	GrindersSharpenersScrapersSanders	80011000	Brick→Class
StraightDieGrindersPowered	10003647	GrindersSharpenersScrapersSanders	80011000	Brick→Class
SurfaceGrindersPowered	10003648	GrindersSharpenersScrapersSanders	80011000	Brick→Class
ToolSharpenersNonPowered	10003540	GrindersSharpenersScrapersSanders	80011000	Brick→Class
ToolSharpenersPowered	10008139	GrindersSharpenersScrapersSanders	80011000	Brick→Class
AnvilsDiyNonPowered	10003552	HammersMalletsHatchetsAnvils	80011600	Brick→Class
DemolitionHammerPowered	10007028	HammersMalletsHatchetsAnvils	80011600	Brick→Class
HammersDiyNonPowered	10003500	HammersMalletsHatchetsAnvils	80011600	Brick→Class
HammersMalletsHatchesReplacementPartsAccessories	10003501	HammersMalletsHatchetsAnvils	80011600	Brick→Class
HammersMalletsHatchetsDiyVarietyPacks	10003791	HammersMalletsHatchetsAnvils	80011600	Brick→Class
HatchetsDiyNonPowered	10003789	HammersMalletsHatchetsAnvils	80011600	Brick→Class
MalletsDiyNonPowered	10003788	HammersMalletsHatchetsAnvils	80011600	Brick→Class
RotaryHammersPowered	10003660	HammersMalletsHatchetsAnvils	80011600	Brick→Class
ArcWeldersPowered	10003651	HeatGeneratingWeldingTools	80012700	Brick→Class
GasTorchesNonPowered	10006783	HeatGeneratingWeldingTools	80012700	Brick→Class
HeatGeneratingToolsReplacementPartsAccessories	10007936	HeatGeneratingWeldingTools	80012700	Brick→Class
HeatGunsPowered	10003662	HeatGeneratingWeldingTools	80012700	Brick→Class
HotAirGunsConsumables	10008423	HeatGeneratingWeldingTools	80012700	Brick→Class
SolderTorchesNonPowered	10006784	HeatGeneratingWeldingTools	80012700	Brick→Class
SolderingBrazingIronsPowered	10003649	HeatGeneratingWeldingTools	80012700	Brick→Class
WeldingBlowTorchesPowered	10003744	HeatGeneratingWeldingTools	80012700	Brick→Class
WeldingBlowTorchesRodsWireSolderConsumables	10007937	HeatGeneratingWeldingTools	80012700	Brick→Class
KnifePocketKnifeBladesHobbyUtilityNonPowered	10003824	Knives	80011400	Brick→Class
KnivesPocketKnivesReplacementPartsAccessories	10003823	Knives	80011400	Brick→Class
KnivesPocketKnivesHobbyUtilityNonPowered	10003492	Knives	80011400	Brick→Class
FluidGunsPowered	10006782	LubricationAdhesiveTools	80013200	Brick→Class
GlueGunsPowered	10005213	LubricationAdhesiveTools	80013200	Brick→Class
GreaseGunsPowered	10003663	LubricationAdhesiveTools	80013200	Brick→Class
CaulkingGunsNonPowered	10006258	MasonryGlassTileTools	80010300	Brick→Class
CaulkingGunsPowered	10003664	MasonryGlassTileTools	80010300	Brick→Class
CuttersGlassNonPowered	10003485	MasonryGlassTileTools	80010300	Brick→Class
CuttersNibblersTilesNonPowered	10003483	MasonryGlassTileTools	80010300	Brick→Class
InsulationGunsNonPowered	10008279	MasonryGlassTileTools	80010300	Brick→Class
MasonryTrowelsNonPowered	10003594	MasonryGlassTileTools	80010300	Brick→Class
MasonryGlassTileToolsReplacementPartsAccessories	10008426	MasonryGlassTileTools	80010300	Brick→Class
SmoothersFloatsNonPowered	10003547	MasonryGlassTileTools	80010300	Brick→Class
SmoothingSelfLevelingRollerNonPowered	10008117	MasonryGlassTileTools	80010300	Brick→Class
AngleMeasurersPowered	10003619	MeasuringLevellingMarkingTools	80010100	Brick→Class
BevelGaugesNonPowered	10005716	MeasuringLevellingMarkingTools	80010100	Brick→Class
CallipersDiyNonPowered	10003463	MeasuringLevellingMarkingTools	80010100	Brick→Class
DistanceLinearMeasurersPowered	10003618	MeasuringLevellingMarkingTools	80010100	Brick→Class
DividersCompassDiyNonPowered	10003454	MeasuringLevellingMarkingTools	80010100	Brick→Class
EndoscopeCameraDiyPowered	10007029	MeasuringLevellingMarkingTools	80010100	Brick→Class
LaserLevelsPowered	10003620	MeasuringLevellingMarkingTools	80010100	Brick→Class
LevelsNonPowered	10003465	MeasuringLevellingMarkingTools	80010100	Brick→Class
MarkingChalksStringLinesNonPowered	10005707	MeasuringLevellingMarkingTools	80010100	Brick→Class
MeasuringWheelsNonPowered	10003461	MeasuringLevellingMarkingTools	80010100	Brick→Class
MeasuringLevellingMarkingToolsConsumables	10008428	MeasuringLevellingMarkingTools	80010100	Brick→Class
MeasuringLevellingMarkingToolsReplacementPartsAccessories	10008427	MeasuringLevellingMarkingTools	80010100	Brick→Class
MetalDetectorsPowered	10006277	MeasuringLevellingMarkingTools	80010100	Brick→Class
MicrometersNonPowered	10003459	MeasuringLevellingMarkingTools	80010100	Brick→Class
MoistureMeterSoilNonPowered	10006776	MeasuringLevellingMarkingTools	80010100	Brick→Class
PencilsCrayonsDiyNonPowered	10003576	MeasuringLevellingMarkingTools	80010100	Brick→Class
PlumbBobsNonPowered	10003466	MeasuringLevellingMarkingTools	80010100	Brick→Class
RulersDiyNonPowered	10003455	MeasuringLevellingMarkingTools	80010100	Brick→Class
SquaresDiyNonPowered	10003464	MeasuringLevellingMarkingTools	80010100	Brick→Class
StudFindersDetectorsSensorsPowered	10005869	MeasuringLevellingMarkingTools	80010100	Brick→Class
TapeMeasuresDiyNonPowered	10003458	MeasuringLevellingMarkingTools	80010100	Brick→Class
ThermalLeakDetectorNonPowered	10006777	MeasuringLevellingMarkingTools	80010100	Brick→Class
MilitaryEngineeringSpecialtyEquipmentReplacementPartsAccessories	10008429	MilitaryEngineeringSpecialtyEquipment	80012900	Brick→Class
MilitaryEngineeringSpecialtyEquipmentNonPowered	10008056	MilitaryEngineeringSpecialtyEquipment	80012900	Brick→Class
MilitaryEngineeringSpecialtyEquipmentPowered	10008057	MilitaryEngineeringSpecialtyEquipment	80012900	Brick→Class
HammerTackerNonPowered	10003504	NailersStaplersRivetingTools	80010600	Brick→Class
ImpactDriversPowered	10003655	NailersStaplersRivetingTools	80010600	Brick→Class
NailersStaplersRivetingToolsConsumables	10008430	NailersStaplersRivetingTools	80010600	Brick→Class
NailersStaplersRivetingToolsReplacementPartsAccessories	10003507	NailersStaplersRivetingTools	80010600	Brick→Class
RivetingToolsNonPowered	10003505	NailersStaplersRivetingTools	80010600	Brick→Class
StapleNailGunsNonPowered	10003502	NailersStaplersRivetingTools	80010600	Brick→Class
StapleNailGunsPowered	10003666	NailersStaplersRivetingTools	80010600	Brick→Class
StaplersPowered	10003665	NailersStaplersRivetingTools	80010600	Brick→Class
OscillatingMultitoolsConsumables	10008431	OscillatingRotaryTools	80013000	Brick→Class
OscillatingMultitoolsPowered	10007032	OscillatingRotaryTools	80013000	Brick→Class
OscillatingRotaryToolsReplacementPartsAccessories	10008433	OscillatingRotaryTools	80013000	Brick→Class
RotaryMultitoolsPowered	10007033	OscillatingRotaryTools	80013000	Brick→Class
RotatingMultitoolsConsumables	10008432	OscillatingRotaryTools	80013000	Brick→Class
DrainAugersNonPowered	10003564	PipeTubeTools	80012000	Brick→Class
DrainAugersPowered	10003741	PipeTubeTools	80012000	Brick→Class
FlaringToolsNonPowered	10003549	PipeTubeTools	80012000	Brick→Class
PipeCuttersPowered	10003640	PipeTubeTools	80012000	Brick→Class
PipeFreezingToolsNonPowered	10005658	PipeTubeTools	80012000	Brick→Class
PipeThreadersNonPowered	10003642	PipeTubeTools	80012000	Brick→Class
PipeTubeCuttersNonPowered	10003480	PipeTubeTools	80012000	Brick→Class
PipeTubeToolsReplacementPartsAccessories	10008434	PipeTubeTools	80012000	Brick→Class
TubingBendersNonPowered	10003548	PipeTubeTools	80012000	Brick→Class
BenchJointersPowered	10003604	PlanesShapersFilesRasps	80011900	Brick→Class
FilesNonPowered	10003533	PlanesShapersFilesRasps	80011900	Brick→Class
JointerPlanersPoweredPortable	10003616	PlanesShapersFilesRasps	80011900	Brick→Class
JointerPlanersPoweredStationary	10003730	PlanesShapersFilesRasps	80011900	Brick→Class
LaminateTrimmersNonPowered	10008435	PlanesShapersFilesRasps	80011900	Brick→Class
LaminateTrimmersPowered	10003626	PlanesShapersFilesRasps	80011900	Brick→Class
LathesPowered	10003605	PlanesShapersFilesRasps	80011900	Brick→Class
PlanesNonPowered	10003544	PlanesShapersFilesRasps	80011900	Brick→Class
PlanesShapersFilesRaspsConsumables	10008436	PlanesShapersFilesRasps	80011900	Brick→Class
PlanesShapersFilesRaspsReplacementPartsAccessories	10008437	PlanesShapersFilesRasps	80011900	Brick→Class
PlanesShapersFilesRaspsVarietyPacks	10003807	PlanesShapersFilesRasps	80011900	Brick→Class
RaspsNonPowered	10003534	PlanesShapersFilesRasps	80011900	Brick→Class
ShapersPowered	10003746	PlanesShapersFilesRasps	80011900	Brick→Class
SurfaceFormingToolsConsumables	10003546	PlanesShapersFilesRasps	80011900	Brick→Class
SurfaceFormingToolsNonPowered	10003545	PlanesShapersFilesRasps	80011900	Brick→Class
SurfaceThicknessPlanersPowered	10003615	PlanesShapersFilesRasps	80011900	Brick→Class
BoltChainCuttersNonPowered	10003481	PliersPincersGrabbersCuttingTools	80010800	Brick→Class
CombinationCuttingToolsNonPowered	10003479	PliersPincersGrabbersCuttingTools	80010800	Brick→Class
FoamCuttersPowered	10003638	PliersPincersGrabbersCuttingTools	80010800	Brick→Class
ForcepsDiyNonPowered	10006781	PliersPincersGrabbersCuttingTools	80010800	Brick→Class
PlierSetNonPowered	10006780	PliersPincersGrabbersCuttingTools	80010800	Brick→Class
PliersPincersGrabbersNonPowered	10003532	PliersPincersGrabbersCuttingTools	80010800	Brick→Class
PliersPincersGrabbersCuttingToolsConsumables	10008445	PliersPincersGrabbersCuttingTools	80010800	Brick→Class
PliersPincersGrabbersCuttingToolsReplacementPartsAccessories	10008308	PliersPincersGrabbersCuttingTools	80010800	Brick→Class
SnipsShearsNibblersSheetMetalNonPowered	10003486	PliersPincersGrabbersCuttingTools	80010800	Brick→Class
SnipsShearsNibblersSheetMetalPowered	10003632	PliersPincersGrabbersCuttingTools	80010800	Brick→Class
WireCuttersNonPowered	10003482	PliersPincersGrabbersCuttingTools	80010800	Brick→Class
BandSawsPoweredPortable	10005231	Saws	80011800	Brick→Class
BandSawsPoweredStationary	10003597	Saws	80011800	Brick→Class
CircularSawsPowered	10005223	Saws	80011800	Brick→Class
HoleSawPowered	10007030	Saws	80011800	Brick→Class
JigsawsPowered	10003631	Saws	80011800	Brick→Class
MitreSawsPowered	10003738	Saws	80011800	Brick→Class
RadialArmSawsPowered	10003603	Saws	80011800	Brick→Class
ReciprocatingSawsPowered	10003629	Saws	80011800	Brick→Class
RotarySawsPowered	10003641	Saws	80011800	Brick→Class
SawsReplacementPartsAccessories	10003801	Saws	80011800	Brick→Class
SawsNonPowered	10003799	Saws	80011800	Brick→Class
SawsBladesNonPowered	10003800	Saws	80011800	Brick→Class
ScrollSawsPowered	10003602	Saws	80011800	Brick→Class
TableSawsPoweredPortable	10003627	Saws	80011800	Brick→Class
TableSawsPoweredStationary	10003601	Saws	80011800	Brick→Class
WetSawsTileGlassCuttersConsumables	10008438	Saws	80011800	Brick→Class
WetSawsTileGlassCuttersPowered	10003596	Saws	80011800	Brick→Class
ScrewGunsPowered	10003657	Screwdrivers	80010700	Brick→Class
ScrewdriverSetsNonPowered	10003530	Screwdrivers	80010700	Brick→Class
ScrewdriversConsumables	10008444	Screwdrivers	80010700	Brick→Class
ScrewdriversReplacementPartsAccessories	10003826	Screwdrivers	80010700	Brick→Class
ScrewdriversNonPowered	10003528	Screwdrivers	80010700	Brick→Class
ScrewdriversPowered	10003654	Screwdrivers	80010700	Brick→Class
ScrewdriversOtherNonPowered	10003825	Screwdrivers	80010700	Brick→Class
SprayersReplacementPartsAccessories	10008448	Sprayers	80013300	Brick→Class
SprayersNonPowered	10008447	Sprayers	80013300	Brick→Class
SprayersPowered	10008446	Sprayers	80013300	Brick→Class
DiesNonPowered	10003550	ThreadingTapsDies	80012200	Brick→Class
TapDieSetsNonPowered	10003551	ThreadingTapsDies	80012200	Brick→Class
TappersPowered	10003639	ThreadingTapsDies	80012200	Brick→Class
TapsNonPowered	10003808	ThreadingTapsDies	80012200	Brick→Class
ThreadingDiesConsumables	10008442	ThreadingTapsDies	80012200	Brick→Class
ThreadingTapsConsumables	10008441	ThreadingTapsDies	80012200	Brick→Class
ThreadingTapsDiesReplacementPartsAccessories	10008440	ThreadingTapsDies	80012200	Brick→Class
ToolsEquipmentOther	10006845	ToolsEquipmentOther	80012800	Brick→Class
ToolsEquipmentOtherConsumables	10008439	ToolsEquipmentOther	80012800	Brick→Class
ToolsEquipmentOtherReplacementPartsAccessories	10003608	ToolsEquipmentOther	80012800	Brick→Class
ToolsEquipmentVarietyPacks	10005645	ToolsEquipmentVarietyPacks	80012300	Brick→Class
IndustrialWetDryConstructionVacuumCleanerFiltersPowered	10007976	VacuumCleanersEquipment	80013500	Brick→Class
IndustrialWetDryConstructionVacuumCleanerHeadsPowered	10007978	VacuumCleanersEquipment	80013500	Brick→Class
IndustrialWetDryConstructionVacuumCleanerHosesTubesPowered	10007977	VacuumCleanersEquipment	80013500	Brick→Class
IndustrialWetDryConstructionVacuumCleanersPowered	10007975	VacuumCleanersEquipment	80013500	Brick→Class
VacuumCleanersEquipmentReplacementPartsAccessories	10008443	VacuumCleanersEquipment	80013500	Brick→Class
ClampsNonPowered	10003535	VisesClamps	80010900	Brick→Class
VisesNonPowered	10003536	VisesClamps	80010900	Brick→Class
VisesClampsReplacementPartsAccessories	10003537	VisesClamps	80010900	Brick→Class
HexKeysNonPowered	10003827	WrenchesSpannersKeys	80011700	Brick→Class
ImpactWrenchesPowered	10003656	WrenchesSpannersKeys	80011700	Brick→Class
SocketSetsNonPowered	10005252	WrenchesSpannersKeys	80011700	Brick→Class
SocketsNonPowered	10008368	WrenchesSpannersKeys	80011700	Brick→Class
WrenchesRatchetExtensionsHandlesNonPowered	10003797	WrenchesSpannersKeys	80011700	Brick→Class
WrenchesSpannersNonPowered	10003508	WrenchesSpannersKeys	80011700	Brick→Class
WrenchesSpannersSetsNonPowered	10003796	WrenchesSpannersKeys	80011700	Brick→Class
WrenchesSpannersKeysReplacementPartsAccessories	10003527	WrenchesSpannersKeys	80011700	Brick→Class
WrenchesSpannersKeysVarietyPacks	10003795	WrenchesSpannersKeys	80011700	Brick→Class
LotteryAndScratchCards	10006755	ServiceProvidedGamblingProducts	86020100	Brick→Class
BoardGamesNonPowered	10005133	BoardGamesCardsPuzzles	86010100	Brick→Class
BoardGamesPowered	10005134	BoardGamesCardsPuzzles	86010100	Brick→Class
BoardGamesCardsPuzzlesAccessoriesReplacementParts	10005135	BoardGamesCardsPuzzles	86010100	Brick→Class
BoardGamesCardsPuzzlesOther	10005136	BoardGamesCardsPuzzles	86010100	Brick→Class
BoardGamesCardsPuzzlesVarietyPacks	10005137	BoardGamesCardsPuzzles	86010100	Brick→Class
CardGamesNonPowered	10005138	BoardGamesCardsPuzzles	86010100	Brick→Class
CardGamesPowered	10005139	BoardGamesCardsPuzzles	86010100	Brick→Class
PuzzlesNonPowered	10005140	BoardGamesCardsPuzzles	86010100	Brick→Class
PuzzlesPowered	10005141	BoardGamesCardsPuzzles	86010100	Brick→Class
BabyInfantStimulationToysNonPowered	10005153	DevelopmentalEducationalToys	86010400	Brick→Class
BabyInfantStimulationToysPowered	10005154	DevelopmentalEducationalToys	86010400	Brick→Class
BathPoolWaterToys	10005155	DevelopmentalEducationalToys	86010400	Brick→Class
CommunicationToysNonPowered	10005156	DevelopmentalEducationalToys	86010400	Brick→Class
CommunicationToysPowered	10005157	DevelopmentalEducationalToys	86010400	Brick→Class
DevelopmentalEducationalToysOther	10005159	DevelopmentalEducationalToys	86010400	Brick→Class
DevelopmentalEducationalToysVarietyPacks	10005160	DevelopmentalEducationalToys	86010400	Brick→Class
PushPullAlongToysNonPowered	10005161	DevelopmentalEducationalToys	86010400	Brick→Class
PushPullAlongToysPowered	10005162	DevelopmentalEducationalToys	86010400	Brick→Class
ScientificToysNonPowered	10005163	DevelopmentalEducationalToys	86010400	Brick→Class
ScientificToysPowered	10005164	DevelopmentalEducationalToys	86010400	Brick→Class
SpinningTopsYoYos	10005165	DevelopmentalEducationalToys	86010400	Brick→Class
ToyBuildingBlocksNonPowered	10005166	DevelopmentalEducationalToys	86010400	Brick→Class
ToyBuildingBlocksPowered	10005167	DevelopmentalEducationalToys	86010400	Brick→Class
ToyComputerAccessories	10005712	DevelopmentalEducationalToys	86010400	Brick→Class
ToyComputers	10005158	DevelopmentalEducationalToys	86010400	Brick→Class
ToyDrawingBoardsAccessories	10005442	DevelopmentalEducationalToys	86010400	Brick→Class
ToyModelConstructionNonPowered	10005168	DevelopmentalEducationalToys	86010400	Brick→Class
ToyModelConstructionPowered	10005169	DevelopmentalEducationalToys	86010400	Brick→Class
ViewingToysNonPowered	10005170	DevelopmentalEducationalToys	86010400	Brick→Class
ViewingToysPowered	10005171	DevelopmentalEducationalToys	86010400	Brick→Class
ActionFiguresNonPowered	10006395	DollsPuppetsActionFiguresSoftToys	86010200	Brick→Class
ActionFiguresPowered	10006396	DollsPuppetsActionFiguresSoftToys	86010200	Brick→Class
DollsPuppetsSoftToysOther	10005144	DollsPuppetsActionFiguresSoftToys	86010200	Brick→Class
DollsSoftToysNonPowered	10005142	DollsPuppetsActionFiguresSoftToys	86010200	Brick→Class
DollsSoftToysPowered	10005143	DollsPuppetsActionFiguresSoftToys	86010200	Brick→Class
Puppets	10005145	DollsPuppetsActionFiguresSoftToys	86010200	Brick→Class
ActionFigureAccessories	10006397	DollsPuppetsActionFiguresSoftToysAccessories	86010300	Brick→Class
DollsBeautyCosmeticAccessories	10005146	DollsPuppetsActionFiguresSoftToysAccessories	86010300	Brick→Class
DollsBuildingsSettings	10005147	DollsPuppetsActionFiguresSoftToysAccessories	86010300	Brick→Class
DollsClothing	10005148	DollsPuppetsActionFiguresSoftToysAccessories	86010300	Brick→Class
DollsFurniture	10005149	DollsPuppetsActionFiguresSoftToysAccessories	86010300	Brick→Class
DollsPuppetsSoftToysAccessoriesOther	10005150	DollsPuppetsActionFiguresSoftToysAccessories	86010300	Brick→Class
DollsPuppetsSoftToysAccessoriesVarietyPacks	10005151	DollsPuppetsActionFiguresSoftToysAccessories	86010300	Brick→Class
PuppetTheatres	10005152	DollsPuppetsActionFiguresSoftToysAccessories	86010300	Brick→Class
StylingDollsHeadsNonPowered	10005439	DollsPuppetsActionFiguresSoftToysAccessories	86010300	Brick→Class
StylingDollsHeadsPowered	10005440	DollsPuppetsActionFiguresSoftToysAccessories	86010300	Brick→Class
FancyDressAccessoriesNonPowered	10005175	FancyDressCostumesAccessories	86010500	Brick→Class
FancyDressAccessoriesPowered	10005176	FancyDressCostumesAccessories	86010500	Brick→Class
FancyDressCostumes	10005172	FancyDressCostumesAccessories	86010500	Brick→Class
FancyDressCostumesAccessoriesOther	10005173	FancyDressCostumesAccessories	86010500	Brick→Class
FancyDressCostumesAccessoriesVarietyPacks	10005174	FancyDressCostumesAccessories	86010500	Brick→Class
IndoorOutdoorGames	10005181	IndoorOutdoorGamesPlayStructures	86010700	Brick→Class
OutdoorGamesPlayStructuresOther	10005180	IndoorOutdoorGamesPlayStructures	86010700	Brick→Class
OutdoorPlayStructures	10005182	IndoorOutdoorGamesPlayStructures	86010700	Brick→Class
MusicalToysNonPowered	10005177	MusicalToys	86010600	Brick→Class
MusicalToysPowered	10005178	MusicalToys	86010600	Brick→Class
MusicalToysOther	10005179	MusicalToys	86010600	Brick→Class
RolePlayHousekeepingGardeningDiyToys	10005684	RolePlayToys	86011200	Brick→Class
RolePlayKitchenToys	10005250	RolePlayToys	86011200	Brick→Class
RolePlayShoppingOfficeBusinessToys	10005685	RolePlayToys	86011200	Brick→Class
TableGamesNonPowered	10005183	TableGames	86010800	Brick→Class
TableGamesPowered	10005184	TableGames	86010800	Brick→Class
TableGamesOther	10005185	TableGames	86010800	Brick→Class
CarTrainSetReplacementPartsAccessories	10005192	ToyVehiclesNonRide	86011100	Brick→Class
CarTrainSetsNonPowered	10005190	ToyVehiclesNonRide	86011100	Brick→Class
CarTrainSetsPowered	10005191	ToyVehiclesNonRide	86011100	Brick→Class
ToyVehiclesNonRideNonPowered	10005193	ToyVehiclesNonRide	86011100	Brick→Class
ToyVehiclesNonRidePowered	10005194	ToyVehiclesNonRide	86011100	Brick→Class
ToyVehiclesNonRideOther	10005195	ToyVehiclesNonRide	86011100	Brick→Class
ToyVehiclesNonRideVarietyPacks	10005196	ToyVehiclesNonRide	86011100	Brick→Class
ToysRideOnNonPowered	10005187	ToysRideOn	86011000	Brick→Class
ToysRideOnPowered	10005188	ToysRideOn	86011000	Brick→Class
ToysRideOnAccessories	10005441	ToysRideOn	86011000	Brick→Class
ToysRideOnOther	10005189	ToysRideOn	86011000	Brick→Class
PracticalJokes	10005443	ToysGamesOther	86011300	Brick→Class
ToysGamesOther	10006899	ToysGamesOther	86011300	Brick→Class
ToysGamesVarietyPacks	10005186	ToysGamesVarietyPacks	86010900	Brick→Class
AgriculturalMachinery	10008456	AgriculturalMachinery	77070100	Brick→Class
AgriculturalMachineryReplacementPartsAccessories	10008457	AgriculturalMachinery	77070100	Brick→Class
Aircraft	10008049	Aircraft	77040100	Brick→Class
AntiTheftProductsOther	10003009	AutomotiveAntiTheftProducts	77013500	Brick→Class
AntiTheftProductsReplacementPartsAccessories	10005129	AutomotiveAntiTheftProducts	77013500	Brick→Class
AntiTheftProductsVarietyPacks	10003010	AutomotiveAntiTheftProducts	77013500	Brick→Class
CarAlarmsAntiJackingAlarms	10003004	AutomotiveAntiTheftProducts	77013500	Brick→Class
ImmobilisersAutomotive	10005241	AutomotiveAntiTheftProducts	77013500	Brick→Class
LockingDevices	10003755	AutomotiveAntiTheftProducts	77013500	Brick→Class
TrackingDevices	10003008	AutomotiveAntiTheftProducts	77013500	Brick→Class
AntifreezeCoolantsAutomotive	10005234	AutomotiveAntifreeze	77015100	Brick→Class
AppearanceChemicalsOtherAutomotive	10002776	AutomotiveAppearanceChemicals	77010400	Brick→Class
AppearanceChemicalsVarietyPacksAutomotive	10002777	AutomotiveAppearanceChemicals	77010400	Brick→Class
AutomotivePaint	10006378	AutomotiveAppearanceChemicals	77010400	Brick→Class
CarBodyCareWashesWaxesProtectorsRemovers	10002767	AutomotiveAppearanceChemicals	77010400	Brick→Class
CarInteriorCleaningKit	10006375	AutomotiveAppearanceChemicals	77010400	Brick→Class
CarTyreCareCleanersFoamsShines	10002764	AutomotiveAppearanceChemicals	77010400	Brick→Class
CarWheelCareCleanersShines	10002773	AutomotiveAppearanceChemicals	77010400	Brick→Class
CarWindowPreparationAutomotive	10002757	AutomotiveAppearanceChemicals	77010400	Brick→Class
AirFreshenersNonPoweredAutomotive	10003753	AutomotiveAppearanceFragranceAccessories	77012900	Brick→Class
AirFreshenersPoweredAutomotive	10003752	AutomotiveAppearanceFragranceAccessories	77012900	Brick→Class
AppearanceFragranceAccessoriesOther	10002949	AutomotiveAppearanceFragranceAccessories	77012900	Brick→Class
AppearanceFragranceAccessoriesVarietyPacksAutomotive	10002950	AutomotiveAppearanceFragranceAccessories	77012900	Brick→Class
AutomotiveAppearanceFragranceAccessoriesReplacementParts	10005127	AutomotiveAppearanceFragranceAccessories	77012900	Brick→Class
AutomotiveApplicatorsBrushes	10005249	AutomotiveAppearanceFragranceAccessories	77012900	Brick→Class
BuffersPolishingMachinesAutomotive	10002944	AutomotiveAppearanceFragranceAccessories	77012900	Brick→Class
IceScrapersAutomotive	10003757	AutomotiveAppearanceFragranceAccessories	77012900	Brick→Class
WashingCleaningSystemsPoweredAutomotive	10002940	AutomotiveAppearanceFragranceAccessories	77012900	Brick→Class
BatteriesAutomotive	10005232	AutomotiveBatteries	77015000	Brick→Class
BatteryAccessoriesAutomotive	10005233	AutomotiveBatteries	77015000	Brick→Class
BatteryBooster	10006383	AutomotiveBatteries	77015000	Brick→Class
Starter	10006382	AutomotiveBatteries	77015000	Brick→Class
AutomotiveBodyRepairVarietyPacks	10003834	AutomotiveBodyRepair	77010200	Brick→Class
BodyPlugPatch	10002713	AutomotiveBodyRepair	77010200	Brick→Class
BodyRepairOtherAutomotive	10003761	AutomotiveBodyRepair	77010200	Brick→Class
PinStripingAutomotive	10002728	AutomotiveBodyRepair	77010200	Brick→Class
ReducersRetardersAutomotive	10002723	AutomotiveBodyRepair	77010200	Brick→Class
ReplacementMouldingTrimPiecesAutomotive	10002726	AutomotiveBodyRepair	77010200	Brick→Class
ScratchFillPlasticRepairPreparationsAutomotive	10002720	AutomotiveBodyRepair	77010200	Brick→Class
WeatherStripAutomotive	10002727	AutomotiveBodyRepair	77010200	Brick→Class
BrakeDisc	10006385	AutomotiveBrakes	77015300	Brick→Class
BrakeDiscClip	10006386	AutomotiveBrakes	77015300	Brick→Class
BrakeDrumBrakeDrumParts	10006389	AutomotiveBrakes	77015300	Brick→Class
BrakePadsLining	10006384	AutomotiveBrakes	77015300	Brick→Class
DrumBrakesKit	10006387	AutomotiveBrakes	77015300	Brick→Class
OtherPartsForBrakeSystems	10006388	AutomotiveBrakes	77015300	Brick→Class
CargoManagementReplacementPartsAccessories	10005130	AutomotiveCargoManagement	77010300	Brick→Class
CargoManagementOtherAutomotive	10002750	AutomotiveCargoManagement	77010300	Brick→Class
CargoManagementRampsRampAccessoriesAutomotive	10005819	AutomotiveCargoManagement	77010300	Brick→Class
CargoSecuringEquipmentAutomotive	10002733	AutomotiveCargoManagement	77010300	Brick→Class
EquipmentRacksCarriersAutomotive	10002734	AutomotiveCargoManagement	77010300	Brick→Class
ExtendersBumperPacksAutomotive	10002743	AutomotiveCargoManagement	77010300	Brick→Class
ExteriorStorageCarriersBagsAutomotive	10005128	AutomotiveCargoManagement	77010300	Brick→Class
InteriorStorageBoxesTraysBasketsAutomotive	10002748	AutomotiveCargoManagement	77010300	Brick→Class
WheelChocksAutomotive	10005818	AutomotiveCargoManagement	77010300	Brick→Class
AccentLightingAutomotive	10003056	AutomotiveDecorativeLighting	77014100	Brick→Class
DecorativeLightingOtherAutomotive	10003057	AutomotiveDecorativeLighting	77014100	Brick→Class
DecorativeLightingVarietyPacksAutomotive	10003058	AutomotiveDecorativeLighting	77014100	Brick→Class
StrobeLightingAutomotive	10003055	AutomotiveDecorativeLighting	77014100	Brick→Class
UnderCarLighting	10003054	AutomotiveDecorativeLighting	77014100	Brick→Class
AutomotiveElectricalReplacementPartsAccessories	10005131	AutomotiveElectrical	77014300	Brick→Class
AutomotiveInstrumentsAndMeasurementSystems	10006846	AutomotiveElectrical	77014300	Brick→Class
AutomotiveSwitches	10005132	AutomotiveElectrical	77014300	Brick→Class
CigaretteLightersAdaptorsAutomotive	10003081	AutomotiveElectrical	77014300	Brick→Class
ElectricalOtherAutomotive	10003084	AutomotiveElectrical	77014300	Brick→Class
ElectricalVarietyPacksAutomotive	10003083	AutomotiveElectrical	77014300	Brick→Class
FlexTubeWireLoomAutomotive	10003080	AutomotiveElectrical	77014300	Brick→Class
FusesAutomotive	10003067	AutomotiveElectrical	77014300	Brick→Class
HornsSirensAutomotive	10003758	AutomotiveElectrical	77014300	Brick→Class
SocketsPigtailsAutomotive	10003074	AutomotiveElectrical	77014300	Brick→Class
CoveringsProtectionOtherAutomotive	10002909	AutomotiveExteriorAccessoriesCoveringsProtection	77012500	Brick→Class
DoorGuardsAutomotive	10002901	AutomotiveExteriorAccessoriesCoveringsProtection	77012500	Brick→Class
LensCoversAutomotive	10002902	AutomotiveExteriorAccessoriesCoveringsProtection	77012500	Brick→Class
LicensePlateFrameShields	10002903	AutomotiveExteriorAccessoriesCoveringsProtection	77012500	Brick→Class
LicensePlatesDecorative	10002904	AutomotiveExteriorAccessoriesCoveringsProtection	77012500	Brick→Class
PaintProtectionFilmsAutomotive	10002906	AutomotiveExteriorAccessoriesCoveringsProtection	77012500	Brick→Class
SpareTyreCovers	10002905	AutomotiveExteriorAccessoriesCoveringsProtection	77012500	Brick→Class
SplashGuardsMudFlaps	10002899	AutomotiveExteriorAccessoriesCoveringsProtection	77012500	Brick→Class
TopsSkinsReplacementPartsAccessoriesAutomotive	10002908	AutomotiveExteriorAccessoriesCoveringsProtection	77012500	Brick→Class
TruckHardwareKits	10002907	AutomotiveExteriorAccessoriesCoveringsProtection	77012500	Brick→Class
VehicleCovers	10002900	AutomotiveExteriorAccessoriesCoveringsProtection	77012500	Brick→Class
BrushGrillGuards	10002888	AutomotiveExteriorAccessoriesGrillsBumpers	77012300	Brick→Class
Bumpers	10002887	AutomotiveExteriorAccessoriesGrillsBumpers	77012300	Brick→Class
DecorativeCustomGrills	10002890	AutomotiveExteriorAccessoriesGrillsBumpers	77012300	Brick→Class
GrillInserts	10002891	AutomotiveExteriorAccessoriesGrillsBumpers	77012300	Brick→Class
PushABarsAutomotive	10002889	AutomotiveExteriorAccessoriesGrillsBumpers	77012300	Brick→Class
SkidPlates	10002892	AutomotiveExteriorAccessoriesGrillsBumpers	77012300	Brick→Class
ExtrudedCastStepsAutomotive	10002886	AutomotiveExteriorAccessoriesRunningBoardsSteps	77012200	Brick→Class
NerfStepBarsAutomotive	10002885	AutomotiveExteriorAccessoriesRunningBoardsSteps	77012200	Brick→Class
RunningBoardsAutomotive	10002884	AutomotiveExteriorAccessoriesRunningBoardsSteps	77012200	Brick→Class
BugHoodShieldsAutomotive	10002893	AutomotiveExteriorAccessoriesShieldsDeflectors	77012400	Brick→Class
CabFairings	10002898	AutomotiveExteriorAccessoriesShieldsDeflectors	77012400	Brick→Class
FrontWindshieldVisors	10002894	AutomotiveExteriorAccessoriesShieldsDeflectors	77012400	Brick→Class
RearWindowDeflectorRoofVisorsAutomotive	10002896	AutomotiveExteriorAccessoriesShieldsDeflectors	77012400	Brick→Class
SideWindowDeflectorVisors	10002895	AutomotiveExteriorAccessoriesShieldsDeflectors	77012400	Brick→Class
SunroofDeflectors	10002897	AutomotiveExteriorAccessoriesShieldsDeflectors	77012400	Brick→Class
CustomHoods	10002916	AutomotiveExteriorAppearanceAccessories	77012600	Brick→Class
EmblemsGraphicsDecorativeAutomotive	10002920	AutomotiveExteriorAppearanceAccessories	77012600	Brick→Class
ExteriorAppearanceAccessoriesOtherAutomotive	10002922	AutomotiveExteriorAppearanceAccessories	77012600	Brick→Class
ExteriorAppearanceAccessoriesVarietyPacks	10002923	AutomotiveExteriorAppearanceAccessories	77012600	Brick→Class
FendersFenderFlares	10002914	AutomotiveExteriorAppearanceAccessories	77012600	Brick→Class
LightLensMouldingsAutomotive	10002919	AutomotiveExteriorAppearanceAccessories	77012600	Brick→Class
LouvresAutomotive	10002913	AutomotiveExteriorAppearanceAccessories	77012600	Brick→Class
ScoopsVentsAutomotive	10002911	AutomotiveExteriorAppearanceAccessories	77012600	Brick→Class
SideWindowMouldingsCoversAutomotive	10002915	AutomotiveExteriorAppearanceAccessories	77012600	Brick→Class
SunroofsMoonroofsTTopsAutomotive	10002910	AutomotiveExteriorAppearanceAccessories	77012600	Brick→Class
WingsSpoilersAutomotive	10002912	AutomotiveExteriorAppearanceAccessories	77012600	Brick→Class
AirDustFilterCleaner	10006328	AutomotiveFilters	77013800	Brick→Class
ExhaustFilterCleaner	10006329	AutomotiveFilters	77013800	Brick→Class
FilterAccessoriesAutomotive	10003026	AutomotiveFilters	77013800	Brick→Class
FiltersAirAutomotive	10003022	AutomotiveFilters	77013800	Brick→Class
FiltersFluidAutomotive	10003762	AutomotiveFilters	77013800	Brick→Class
FiltersOtherAutomotive	10003029	AutomotiveFilters	77013800	Brick→Class
FiltersVarietyPacksAutomotive	10003030	AutomotiveFilters	77013800	Brick→Class
PerformanceFilterKitsAccessoriesAutomotive	10003028	AutomotiveFilters	77013800	Brick→Class
TransmissionFiltersAutomotive	10003024	AutomotiveFilters	77013800	Brick→Class
FluidChangeItemsOtherAutomotive	10003114	AutomotiveFluidChangeItems	77014700	Brick→Class
FluidChangeItemsVarietyPacksAutomotive	10003115	AutomotiveFluidChangeItems	77014700	Brick→Class
OilMatsAutomotive	10003113	AutomotiveFluidChangeItems	77014700	Brick→Class
DrainPlugsAutomotive	10003095	AutomotiveFluidManagementAccessories	77014500	Brick→Class
FilterWrenchesAutomotive	10003092	AutomotiveFluidManagementAccessories	77014500	Brick→Class
FluidChangeKitsAccessories	10003097	AutomotiveFluidManagementAccessories	77014500	Brick→Class
FluidManagementAccessoriesOtherAutomotive	10003105	AutomotiveFluidManagementAccessories	77014500	Brick→Class
FluidManagementAccessoriesVarietyPacksAutomotive	10003106	AutomotiveFluidManagementAccessories	77014500	Brick→Class
FluidMixersAutomotive	10003099	AutomotiveFluidManagementAccessories	77014500	Brick→Class
AshTraysAutomotive	10002847	AutomotiveInteriorAccessoriesConvenience	77011600	Brick→Class
ClocksAutomotive	10002848	AutomotiveInteriorAccessoriesConvenience	77011600	Brick→Class
ClothesBarsAutomotive	10002849	AutomotiveInteriorAccessoriesConvenience	77011600	Brick→Class
CompassesAutomotive	10002850	AutomotiveInteriorAccessoriesConvenience	77011600	Brick→Class
CupHoldersAutomotive	10002851	AutomotiveInteriorAccessoriesConvenience	77011600	Brick→Class
FansAutomotive	10002857	AutomotiveInteriorAccessoriesConvenience	77011600	Brick→Class
InteriorAccessoryCombinationUnitsAutomotive	10002856	AutomotiveInteriorAccessoriesConvenience	77011600	Brick→Class
KeyHoldersAutomotive	10002852	AutomotiveInteriorAccessoriesConvenience	77011600	Brick→Class
MapLightsAutomotive	10002854	AutomotiveInteriorAccessoriesConvenience	77011600	Brick→Class
RefrigerationWarmerUnitsAutomotive	10002858	AutomotiveInteriorAccessoriesConvenience	77011600	Brick→Class
SnackDrinkTraysAutomotive	10002853	AutomotiveInteriorAccessoriesConvenience	77011600	Brick→Class
ThermometersAutomotive	10002855	AutomotiveInteriorAccessoriesConvenience	77011600	Brick→Class
DecorativeAccessoriesHardwareOtherAutomotive	10002880	AutomotiveInteriorAccessoriesDecorative	77012100	Brick→Class
DecorativeAccessoryKnobsButtons	10002878	AutomotiveInteriorAccessoriesDecorative	77012100	Brick→Class
DecorativeHandlesCranks	10002879	AutomotiveInteriorAccessoriesDecorative	77012100	Brick→Class
HeadlinersKitsAutomotive	10002881	AutomotiveInteriorAccessoriesDecorative	77012100	Brick→Class
InteriorAccessoriesDecorativeOtherAutomotive	10002883	AutomotiveInteriorAccessoriesDecorative	77012100	Brick→Class
InteriorAccessoriesDecorativeVarietyPacksAutomotive	10002882	AutomotiveInteriorAccessoriesDecorative	77012100	Brick→Class
InteriorGaugesAutomotive	10002873	AutomotiveInteriorAccessoriesDecorative	77012100	Brick→Class
PedalCoversSetsAutomotive	10002877	AutomotiveInteriorAccessoriesDecorative	77012100	Brick→Class
ShifterBootsKitsAutomotive	10002876	AutomotiveInteriorAccessoriesDecorative	77012100	Brick→Class
ShifterKnobsHandlesAutomotive	10002875	AutomotiveInteriorAccessoriesDecorative	77012100	Brick→Class
DashMatsCovers	10002871	AutomotiveInteriorAccessoriesInteriorDash	77012000	Brick→Class
DashTrimKits	10002870	AutomotiveInteriorAccessoriesInteriorDash	77012000	Brick→Class
InstrumentPanelsBezels	10002872	AutomotiveInteriorAccessoriesInteriorDash	77012000	Brick→Class
DoorStepsKickPlatesAutomotive	10002866	AutomotiveInteriorAccessoriesInteriorFlooring	77011900	Brick→Class
FloorMatsAutomotive	10002867	AutomotiveInteriorAccessoriesInteriorFlooring	77011900	Brick→Class
InteriorCargoLinerTraysAutomotive	10002868	AutomotiveInteriorAccessoriesInteriorFlooring	77011900	Brick→Class
InteriorFlooringOtherAutomotive	10002869	AutomotiveInteriorAccessoriesInteriorFlooring	77011900	Brick→Class
ReplacementCarpetAutomotive	10002865	AutomotiveInteriorAccessoriesInteriorFlooring	77011900	Brick→Class
ConsolesAutomotive	10002844	AutomotiveInteriorAccessoriesOrganisation	77011500	Brick→Class
InteriorStorageOtherAutomotive	10002846	AutomotiveInteriorAccessoriesOrganisation	77011500	Brick→Class
LitterBagsBasketsAutomotive	10002845	AutomotiveInteriorAccessoriesOrganisation	77011500	Brick→Class
TaxDiscHoldersAutomotive	10005122	AutomotiveInteriorAccessoriesOrganisation	77011500	Brick→Class
AutomotiveInteriorAccessoriesSeatsVarietyPacks	10006814	AutomotiveInteriorAccessoriesSeats	77011400	Brick→Class
BabyCarBoosterSeats	10000792	AutomotiveInteriorAccessoriesSeats	77011400	Brick→Class
HeadNeckCushionsAutomotive	10002842	AutomotiveInteriorAccessoriesSeats	77011400	Brick→Class
SeatBeltPads	10002841	AutomotiveInteriorAccessoriesSeats	77011400	Brick→Class
SeatBeltsExtenders	10002840	AutomotiveInteriorAccessoriesSeats	77011400	Brick→Class
SeatCoversAutomotive	10002838	AutomotiveInteriorAccessoriesSeats	77011400	Brick→Class
SeatCushionsAutomotive	10002839	AutomotiveInteriorAccessoriesSeats	77011400	Brick→Class
SeatHardwareAccessoriesAutomotive	10002843	AutomotiveInteriorAccessoriesSeats	77011400	Brick→Class
SeatsAutomotive	10002837	AutomotiveInteriorAccessoriesSeats	77011400	Brick→Class
SteeringWheelCovers	10002863	AutomotiveInteriorAccessoriesSteering	77011800	Brick→Class
SteeringWheelHardwareAccessories	10002864	AutomotiveInteriorAccessoriesSteering	77011800	Brick→Class
SteeringWheels	10002862	AutomotiveInteriorAccessoriesSteering	77011800	Brick→Class
WindowTints	10002860	AutomotiveInteriorAccessoriesSunProtection	77011700	Brick→Class
WindowDoorVisors	10002861	AutomotiveInteriorAccessoriesSunProtection	77011700	Brick→Class
WindshieldShades	10002859	AutomotiveInteriorAccessoriesSunProtection	77011700	Brick→Class
AssembliesHeadlight	10003049	AutomotiveLightAssemblies	77014000	Brick→Class
AssembliesTaillight	10003050	AutomotiveLightAssemblies	77014000	Brick→Class
LightAssembliesOtherAutomotive	10003052	AutomotiveLightAssemblies	77014000	Brick→Class
BackUpLightsAutomotive	10003037	AutomotiveLightsBulbs	77013900	Brick→Class
ClearanceMarkerRunningLightsAutomotive	10003041	AutomotiveLightsBulbs	77013900	Brick→Class
DrivingLights	10003038	AutomotiveLightsBulbs	77013900	Brick→Class
EmergencyLightsAutomotive	10002830	AutomotiveLightsBulbs	77013900	Brick→Class
FogLightsAutomotive	10003036	AutomotiveLightsBulbs	77013900	Brick→Class
HeadlightsAutomotive	10003031	AutomotiveLightsBulbs	77013900	Brick→Class
LightsBulbsOtherAutomotive	10003047	AutomotiveLightsBulbs	77013900	Brick→Class
LightsBulbsVarietyPacksAutomotive	10003048	AutomotiveLightsBulbs	77013900	Brick→Class
ReflectorsAutomotive	10003046	AutomotiveLightsBulbs	77013900	Brick→Class
ReplacementBulbs	10003034	AutomotiveLightsBulbs	77013900	Brick→Class
ReplacementLensesAutomotive	10003045	AutomotiveLightsBulbs	77013900	Brick→Class
SirenLights	10003042	AutomotiveLightsBulbs	77013900	Brick→Class
SpotLightsAutomotive	10003759	AutomotiveLightsBulbs	77013900	Brick→Class
StopTurnTailLights	10003044	AutomotiveLightsBulbs	77013900	Brick→Class
AirConditioningRefrigerants	10005761	AutomotiveMaintenanceRepair	77011200	Brick→Class
AutoRepairCrawlersCreepers	10005720	AutomotiveMaintenanceRepair	77011200	Brick→Class
FuelTankLineRepairKits	10002820	AutomotiveMaintenanceRepair	77011200	Brick→Class
GlassRepairKits	10002824	AutomotiveMaintenanceRepair	77011200	Brick→Class
MaintenanceRepairOther	10002825	AutomotiveMaintenanceRepair	77011200	Brick→Class
MufflerExhaustRepair	10002817	AutomotiveMaintenanceRepair	77011200	Brick→Class
RadiatorRepairKits	10002821	AutomotiveMaintenanceRepair	77011200	Brick→Class
RearViewMirrorRepairKits	10002822	AutomotiveMaintenanceRepair	77011200	Brick→Class
VehicleServicingRampsLiftsAutomotive	10002746	AutomotiveMaintenanceRepair	77011200	Brick→Class
WindowDefoggerRepairKits	10002823	AutomotiveMaintenanceRepair	77011200	Brick→Class
BrakeCleaners	10002778	AutomotivePerformanceChemicals	77010500	Brick→Class
CarburettorChokeSprays	10002779	AutomotivePerformanceChemicals	77010500	Brick→Class
CarburettorPartsDipCleaner	10002780	AutomotivePerformanceChemicals	77010500	Brick→Class
ElectricPartsCleanerAutomotive	10003775	AutomotivePerformanceChemicals	77010500	Brick→Class
EngineDegreasersPollutionControl	10002781	AutomotivePerformanceChemicals	77010500	Brick→Class
AutomotiveFireExtinguishers	10006904	AutomotiveSafety	77011300	Brick→Class
BackUpAlarmsSensors	10002829	AutomotiveSafety	77011300	Brick→Class
EmergencyFuelAids	10002826	AutomotiveSafety	77011300	Brick→Class
EmergencyRoadSideKits	10002834	AutomotiveSafety	77011300	Brick→Class
MirrorsAutomotive	10003774	AutomotiveSafety	77011300	Brick→Class
ParkingProtections	10006376	AutomotiveSafety	77011300	Brick→Class
ProtectiveHoseBridgesAutomotive	10005821	AutomotiveSafety	77011300	Brick→Class
SafetyOtherAutomotive	10002835	AutomotiveSafety	77011300	Brick→Class
SafetyReplacementPartsAccessoriesAutomotive	10003760	AutomotiveSafety	77011300	Brick→Class
SafetyVarietyPacksAutomotive	10002836	AutomotiveSafety	77011300	Brick→Class
WarningFlagsFlagStaffsAutomotive	10005820	AutomotiveSafety	77011300	Brick→Class
WarningSignsTrianglesAutomotive	10002833	AutomotiveSafety	77011300	Brick→Class
FuelInjectors	10006379	AutomotiveSparkPlugsGlowPlugsInjectors	77013700	Brick→Class
GlowPlugVarietyPacks	10006381	AutomotiveSparkPlugsGlowPlugsInjectors	77013700	Brick→Class
GlowPlugs	10006380	AutomotiveSparkPlugsGlowPlugsInjectors	77013700	Brick→Class
SparkPlugs	10003763	AutomotiveSparkPlugsGlowPlugsInjectors	77013700	Brick→Class
SparkPlugsOther	10003018	AutomotiveSparkPlugsGlowPlugsInjectors	77013700	Brick→Class
SparkPlugsVarietyPacks	10003019	AutomotiveSparkPlugsGlowPlugsInjectors	77013700	Brick→Class
AdaptorsHitchAutomotive	10002962	AutomotiveTowingHitch	77013100	Brick→Class
DrawBarsTrailerBallMountsAutomotive	10002973	AutomotiveTowingHitch	77013100	Brick→Class
HitchCoversAutomotive	10002968	AutomotiveTowingHitch	77013100	Brick→Class
HitchHardwareAssembliesAutomotive	10002960	AutomotiveTowingHitch	77013100	Brick→Class
HitchStepsAutomotive	10002969	AutomotiveTowingHitch	77013100	Brick→Class
HitchesAutomotive	10002959	AutomotiveTowingHitch	77013100	Brick→Class
PinsClipsHitchAutomotive	10002963	AutomotiveTowingHitch	77013100	Brick→Class
ReceiverTubesCollarsAutomotive	10002961	AutomotiveTowingHitch	77013100	Brick→Class
SafetyChainsCablesTowingAutomotive	10002971	AutomotiveTowingHitch	77013100	Brick→Class
TowBarsAutomotive	10002966	AutomotiveTowingHitch	77013100	Brick→Class
TowHooksAutomotive	10002965	AutomotiveTowingHitch	77013100	Brick→Class
TowRopesStrapsAutomotive	10002964	AutomotiveTowingHitch	77013100	Brick→Class
TowingComponentsHeavyDuty	10002974	AutomotiveTowingHitch	77013100	Brick→Class
TowingLockingAccessories	10002967	AutomotiveTowingHitch	77013100	Brick→Class
TowingMirrorsAutomotive	10002970	AutomotiveTowingHitch	77013100	Brick→Class
TowingHitchOther	10002976	AutomotiveTowingHitch	77013100	Brick→Class
TowingHitchVarietyPacks	10002977	AutomotiveTowingHitch	77013100	Brick→Class
TrailerHitchBallsAutomotive	10002972	AutomotiveTowingHitch	77013100	Brick→Class
BrakeControls	10002979	AutomotiveTowingHitchElectrical	77013200	Brick→Class
ConnectorsTowing	10002978	AutomotiveTowingHitchElectrical	77013200	Brick→Class
PowerModules	10002980	AutomotiveTowingHitchElectrical	77013200	Brick→Class
TowLights	10002984	AutomotiveTowingHitchElectrical	77013200	Brick→Class
TowingHitchElectricalOther	10002985	AutomotiveTowingHitchElectrical	77013200	Brick→Class
TowingHitchElectricalVarietyPacks	10002986	AutomotiveTowingHitchElectrical	77013200	Brick→Class
WiringAdaptersConverters	10002981	AutomotiveTowingHitchElectrical	77013200	Brick→Class
WiringKitsHarnesses	10002982	AutomotiveTowingHitchElectrical	77013200	Brick→Class
CouplersTrailerAutomotive	10002988	AutomotiveTrailersTrailerAccessories	77013300	Brick→Class
LevellingDevicesAutomotive	10002992	AutomotiveTrailersTrailerAccessories	77013300	Brick→Class
TrailerBrakes	10002989	AutomotiveTrailersTrailerAccessories	77013300	Brick→Class
TrailerHardware	10002994	AutomotiveTrailersTrailerAccessories	77013300	Brick→Class
TrailerJacksStands	10002987	AutomotiveTrailersTrailerAccessories	77013300	Brick→Class
TrailerLightingReflectors	10002991	AutomotiveTrailersTrailerAccessories	77013300	Brick→Class
TrailerTrailerAccessoriesOther	10002996	AutomotiveTrailersTrailerAccessories	77013300	Brick→Class
TrailerTrailerAccessoriesVarietyPacks	10002995	AutomotiveTrailersTrailerAccessories	77013300	Brick→Class
Trailers	10002993	AutomotiveTrailersTrailerAccessories	77013300	Brick→Class
WheelBearingProtectors	10002990	AutomotiveTrailersTrailerAccessories	77013300	Brick→Class
TransmissionFluid	10002799	AutomotiveTransmissionFluid	77010900	Brick→Class
TransmissionFluidOther	10002800	AutomotiveTransmissionFluid	77010900	Brick→Class
TransmissionFluidVarietyPacks	10002801	AutomotiveTransmissionFluid	77010900	Brick→Class
Tyres	10002924	AutomotiveTyresWheels	77012700	Brick→Class
Wheels	10002926	AutomotiveTyresWheels	77012700	Brick→Class
AirCompressorsAutomotive	10002929	AutomotiveTyresWheelsAccessories	77012800	Brick→Class
BeautyTrimRings	10002935	AutomotiveTyresWheelsAccessories	77012800	Brick→Class
DiscBrakeSimulators	10002934	AutomotiveTyresWheelsAccessories	77012800	Brick→Class
FlatTyreRepairKits	10002930	AutomotiveTyresWheelsAccessories	77012800	Brick→Class
InnerTube	10008104	AutomotiveTyresWheelsAccessories	77012800	Brick→Class
JumperCables	10006838	AutomotiveTyresWheelsAccessories	77012800	Brick→Class
TyreBag	10008103	AutomotiveTyresWheelsAccessories	77012800	Brick→Class
TyreHolder	10006839	AutomotiveTyresWheelsAccessories	77012800	Brick→Class
TyreInflatorsChemicalAutomotive	10002932	AutomotiveTyresWheelsAccessories	77012800	Brick→Class
TyrePressureMeter	10006775	AutomotiveTyresWheelsAccessories	77012800	Brick→Class
TyrePumpsAutomotive	10002928	AutomotiveTyresWheelsAccessories	77012800	Brick→Class
TyreWheelHardware	10002931	AutomotiveTyresWheelsAccessories	77012800	Brick→Class
WheelCovers	10002933	AutomotiveTyresWheelsAccessories	77012800	Brick→Class
WheelRim	10006377	AutomotiveTyresWheelsAccessories	77012800	Brick→Class
WinchPartsComponents	10002999	AutomotiveWinchesWinchAccessories	77013400	Brick→Class
WinchWinchAccessoriesOtherAutomotive	10003000	AutomotiveWinchesWinchAccessories	77013400	Brick→Class
WinchWinchAccessoriesVarietyPacks	10003001	AutomotiveWinchesWinchAccessories	77013400	Brick→Class
WinchesAutomotive	10002998	AutomotiveWinchesWinchAccessories	77013400	Brick→Class
WasherFluidAutomotive	10003764	AutomotiveWindowWasherFluid	77014900	Brick→Class
WiperArmsAutomotive	10003142	AutomotiveWipersWiperParts	77013600	Brick→Class
WiperBladeRefills	10003012	AutomotiveWipersWiperParts	77013600	Brick→Class
WiperBlades	10003011	AutomotiveWipersWiperParts	77013600	Brick→Class
WiperBootsAutomotive	10003143	AutomotiveWipersWiperParts	77013600	Brick→Class
WiperComponentsOther	10003150	AutomotiveWipersWiperParts	77013600	Brick→Class
WiperComponentsVarietyPacks	10003151	AutomotiveWipersWiperParts	77013600	Brick→Class
WiperCowls	10003839	AutomotiveWipersWiperParts	77013600	Brick→Class
WiperMotors	10003144	AutomotiveWipersWiperParts	77013600	Brick→Class
WiperMotorsCores	10003145	AutomotiveWipersWiperParts	77013600	Brick→Class
WiperNozzles	10003146	AutomotiveWipersWiperParts	77013600	Brick→Class
WiperPumps	10003147	AutomotiveWipersWiperParts	77013600	Brick→Class
WiperTubesHoses	10003149	AutomotiveWipersWiperParts	77013600	Brick→Class
WipersWiperPartsOther	10003013	AutomotiveWipersWiperParts	77013600	Brick→Class
WipersWiperPartsVarietyPacks	10003014	AutomotiveWipersWiperParts	77013600	Brick→Class
CarsVansSportUtilityVehiclesLightTrucks	10006374	Cars	77030100	Brick→Class
AllTerrainVehiclesAtvs	10006772	MotorcyclesAllTerrainVehiclesUtilityTaskVehicles	77030200	Brick→Class
AllTerrainVehiclesAtvsUtilityTaskVehiclesUtvsEquipmentAccessories	10008291	MotorcyclesAllTerrainVehiclesUtilityTaskVehicles	77030200	Brick→Class
Motorcycles	10006373	MotorcyclesAllTerrainVehiclesUtilityTaskVehicles	77030200	Brick→Class
UtilityTaskVehiclesUtvsRecreationalOffRoadVehiclesRovs	10006773	MotorcyclesAllTerrainVehiclesUtilityTaskVehicles	77030200	Brick→Class
RailEquipment	10008339	RailEquipment	77060100	Brick→Class
SpecialtyVehicles	10008050	SpecialtyVehicles	77050100	Brick→Class
ArtistsPaintingDrawingSupplies	70010100	ArtsCraftsNeedleworkSupplies	70010000	Class→Family
ArtsCraftsNeedleworkStorageOrganizers	70011600	ArtsCraftsNeedleworkSupplies	70010000	Class→Family
ArtsCraftsNeedleworkSupplies	70011400	ArtsCraftsNeedleworkSupplies	70010000	Class→Family
ArtsCraftsNeedleworkTools	70011500	ArtsCraftsNeedleworkSupplies	70010000	Class→Family
ArtsCraftsNeedleworkVarietyPacks	70011300	ArtsCraftsNeedleworkSupplies	70010000	Class→Family
PaperCardMakingCraftSupplies	70010700	ArtsCraftsNeedleworkSupplies	70010000	Class→Family
AudioVisualAccessories	68010700	AudioVisualEquipment	68010000	Class→Family
AudioVisualEquipmentVarietyPacks	68010800	AudioVisualEquipment	68010000	Class→Family
HomeAudioEquipment	68010400	AudioVisualEquipment	68010000	Class→Family
PortableAudioVideo	68010300	AudioVisualEquipment	68010000	Class→Family
Televisions	68010100	AudioVisualEquipment	68010000	Class→Family
VideoReceivingInstallation	68010900	AudioVisualEquipment	68010000	Class→Family
VideoRecordingPlayback	68010200	AudioVisualEquipment	68010000	Class→Family
PreRecordedOrDigitalContentMedia	68040100	AudioVisualMedia	68040000	Class→Family
RecordableMedia	68040200	AudioVisualMedia	68040000	Class→Family
AudioVisualPhotographyVarietyPacks	68050100	AudioVisualPhotographyVarietyPacks	68050000	Class→Family
CarAudio	68030200	InCarElectronics	68030000	Class→Family
CarVideoNavigation	68030100	InCarElectronics	68030000	Class→Family
InCarElectronicsVarietyPacks	68030300	InCarElectronics	68030000	Class→Family
Optics	68020200	PhotographyOptics	68020000	Class→Family
Photography	68020100	PhotographyOptics	68020000	Class→Family
PhotographyPrintingDarkRoomEquipment	68020300	PhotographyOptics	68020000	Class→Family
PhotographyOpticsVarietyPacks	68020400	PhotographyOptics	68020000	Class→Family
BeautyPersonalCareHygieneVarietyPacks	53220100	BeautyPersonalCareHygieneVarietyPacks	53220000	Class→Family
BodyMassageToning	53201000	BodyProducts	53200000	Class→Family
Aromatherapy	53161500	CosmeticsFragrances	53160000	Class→Family
CosmeticMakeupProducts	53161000	CosmeticsFragrances	53160000	Class→Family
CosmeticsFragrancesVarietyPacks	53161400	CosmeticsFragrances	53160000	Class→Family
Fragrances	53161300	CosmeticsFragrances	53160000	Class→Family
NailCosmeticCareProducts	53161200	CosmeticsFragrances	53160000	Class→Family
HairCareProducts	53141100	HairProducts	53140000	Class→Family
HairProductsVarietyPacks	53141200	HairProducts	53140000	Class→Family
HairRemovalMaskingProducts	53141000	HairProducts	53140000	Class→Family
MaternityProducts	53240100	MaternityProducts	53240000	Class→Family
AdultIncontinence	53181300	PersonalHygieneProducts	53180000	Class→Family
BabyDiapersAccessories	53181700	PersonalHygieneProducts	53180000	Class→Family
ChildIncontinence	53181800	PersonalHygieneProducts	53180000	Class→Family
FeminineNursingHygiene	53181200	PersonalHygieneProducts	53180000	Class→Family
GeneralPersonalHygiene	53181100	PersonalHygieneProducts	53180000	Class→Family
OralHygiene	53181500	PersonalHygieneProducts	53180000	Class→Family
PersonalHygieneProductsVarietyPacks	53181600	PersonalHygieneProducts	53180000	Class→Family
SexualToysAids	53230100	PersonalIntimacy	53230000	Class→Family
BodyWashing	53131300	SkinProducts	53130000	Class→Family
SkinCare	53131100	SkinProducts	53130000	Class→Family
SkinProductsVarietyPacks	53131400	SkinProducts	53130000	Class→Family
SkinTanningProducts	53131200	SkinProducts	53130000	Class→Family
TattoosPermanent	53250100	TattoosPermanent	53250000	Class→Family
Abrasives	83011800	BuildingProducts	83010000	Class→Family
AccessCoversPanels	83012500	BuildingProducts	83010000	Class→Family
AsphaltConcreteMasonry	83010600	BuildingProducts	83010000	Class→Family
BuildingProductsOther	83012400	BuildingProducts	83010000	Class→Family
BuildingProductsVarietyPacks	83010500	BuildingProducts	83010000	Class→Family
CurtainPartsAccessories	83012000	BuildingProducts	83010000	Class→Family
DeckingRailing	83011500	BuildingProducts	83010000	Class→Family
DoorHardware	83011200	BuildingProducts	83010000	Class→Family
Doors	83011100	BuildingProducts	83010000	Class→Family
FixingsFastenersHardware	83011900	BuildingProducts	83010000	Class→Family
Glass	83011300	BuildingProducts	83010000	Class→Family
GutteringDrainage	83011400	BuildingProducts	83010000	Class→Family
Insulation	83010300	BuildingProducts	83010000	Class→Family
LumberWoodPanelGypsum	83010800	BuildingProducts	83010000	Class→Family
MouldingsMillworkStairParts	83011000	BuildingProducts	83010000	Class→Family
OutdoorRoofShelterStructures	83012600	BuildingProducts	83010000	Class→Family
Painting	83010400	BuildingProducts	83010000	Class→Family
Roofing	83011700	BuildingProducts	83010000	Class→Family
SealantsFillersAdhesivesDefectAgents	83012100	BuildingProducts	83010000	Class→Family
SidingExteriorTrim	83012300	BuildingProducts	83010000	Class→Family
StructuralComponentsAssemblies	83010700	BuildingProducts	83010000	Class→Family
WallCeilingFlooringCoverings	83010100	BuildingProducts	83010000	Class→Family
WindowPartsAccessories	83010900	BuildingProducts	83010000	Class→Family
Windows	83012200	BuildingProducts	83010000	Class→Family
CampingCookingDrinkingEatingEquipment	74010400	Camping	74010000	Class→Family
CampingFurnitureFurnishings	74010300	Camping	74010000	Class→Family
CampingHeatingLightingEquipment	74010200	Camping	74010000	Class→Family
CampingVarietyPacks	74010600	Camping	74010000	Class→Family
CampingWashingSanitaryEquipment	74010500	Camping	74010000	Class→Family
TentsWeatherStructures	74010100	Camping	74010000	Class→Family
Cleaners	47101600	CleaningProducts	47100000	Class→Family
CleaningVarietyPacks	47102000	CleaningProducts	47100000	Class→Family
DishCare	47102100	CleaningProducts	47100000	Class→Family
FreshenersDeodorisers	47101500	CleaningProducts	47100000	Class→Family
Laundry	47101700	CleaningProducts	47100000	Class→Family
SurfaceCare	47101900	CleaningProducts	47100000	Class→Family
CleaningHygieneProductsVarietyPacks	47190100	CleaningHygieneProductsVarietyPacks	47190000	Class→Family
CleaningAids	47200200	CleaningHygieneSupplies	47200000	Class→Family
LaundryAndIroningAids	47200300	CleaningHygieneSupplies	47200000	Class→Family
ProductSuppliesDispensers	47200100	CleaningHygieneSupplies	47200000	Class→Family
IndustrialFloorCleaning	47220100	IndustrialCleaning	47220000	Class→Family
WasteStorageProducts	47210100	WasteManagementProducts	47210000	Class→Family
Activewear	67030100	Activewear	67030000	Class→Family
ClothingAccessories	67010100	Clothing	67010000	Class→Family
ClothingVarietyPacks	67011100	Clothing	67010000	Class→Family
FullBodyWear	67010200	Clothing	67010000	Class→Family
LowerBodyWearBottoms	67010300	Clothing	67010000	Class→Family
UpperBodyWearTops	67010800	Clothing	67010000	Class→Family
ProtectiveWear	67050100	ProtectiveWear	67050000	Class→Family
Sleepwear	67020100	Sleepwear	67020000	Class→Family
Swimwear	67060100	Swimwear	67060000	Class→Family
Underwear	67040100	Underwear	67040000	Class→Family
CommunicationAccessories	66010100	Communications	66010000	Class→Family
CommunicationVarietyPacks	66010400	Communications	66010000	Class→Family
FixedCommunicationDevices	66010200	Communications	66010000	Class→Family
MobileCommunicationDevicesServices	66010300	Communications	66010000	Class→Family
Signage	66010500	Communications	66010000	Class→Family
ComputerComponents	65010200	ComputersVideoGames	65010000	Class→Family
ComputerDrives	65010300	ComputersVideoGames	65010000	Class→Family
ComputerNetworkingEquipment	65010800	ComputersVideoGames	65010000	Class→Family
ComputerVideoGameAccessories	65010100	ComputersVideoGames	65010000	Class→Family
ComputerVideoGameControlInputDevices	65010600	ComputersVideoGames	65010000	Class→Family
ComputerVideoGamePeripherals	65010700	ComputersVideoGames	65010000	Class→Family
ComputerVideoGameSoftware	65010400	ComputersVideoGames	65010000	Class→Family
Computers	65010500	ComputersVideoGames	65010000	Class→Family
ComputersVideoGamesVarietyPacks	65010900	ComputersVideoGames	65010000	Class→Family
VideoGameConsoles	65011000	ComputersVideoGames	65010000	Class→Family
BrassicaVegetablesCabbageType	94022200	CropsForFoodProduction	94020000	Class→Family
CerealsAndGrainsCrops	94021900	CropsForFoodProduction	94020000	Class→Family
CropsForBeverages	94021800	CropsForFoodProduction	94020000	Class→Family
CropsForProductionOfAnnonafruit	94020100	CropsForFoodProduction	94020000	Class→Family
CropsForProductionOfBananaFruit	94020200	CropsForFoodProduction	94020000	Class→Family
CropsForProductionOfBerriesAndSmallFruit	94020500	CropsForFoodProduction	94020000	Class→Family
CropsForProductionOfCitrusAndOtherRutaceaeFruits	94020600	CropsForFoodProduction	94020000	Class→Family
CropsForProductionOfEdibleCactusfruits	94020800	CropsForFoodProduction	94020000	Class→Family
CropsForProductionOfEdibleFruitFromOtherTreesAndPlants	94021500	CropsForFoodProduction	94020000	Class→Family
CropsForProductionOfEdibleFruitFromPalmtrees	94020900	CropsForFoodProduction	94020000	Class→Family
CropsForProductionOfEdibleFruitFromPhyllantaceaeTrees	94021400	CropsForFoodProduction	94020000	Class→Family
CropsForProductionOfEdibleFruitFromSapoteTrees	94021300	CropsForFoodProduction	94020000	Class→Family
CropsForProductionOfEdibleFruitsFromSoapberrytrees	94021200	CropsForFoodProduction	94020000	Class→Family
CropsForProductionOfEdibleGroundnuts	94021700	CropsForFoodProduction	94020000	Class→Family
CropsForProductionOfEdibleMyrtletreeFruits	94021000	CropsForFoodProduction	94020000	Class→Family
CropsForProductionOfEdibleNuts	94021600	CropsForFoodProduction	94020000	Class→Family
CropsForProductionOfEdibleSumacfruits	94021100	CropsForFoodProduction	94020000	Class→Family
CropsForProductionOfStonefruits	94020700	CropsForFoodProduction	94020000	Class→Family
EdibleBulbCrops	94020400	CropsForFoodProduction	94020000	Class→Family
EdibleFunghi	94022600	CropsForFoodProduction	94020000	Class→Family
EdibleHerbs	94023500	CropsForFoodProduction	94020000	Class→Family
EdibleLegumeCrops	94022300	CropsForFoodProduction	94020000	Class→Family
EdiblePomefruitCrops	94020300	CropsForFoodProduction	94020000	Class→Family
EdibleSpices	94023600	CropsForFoodProduction	94020000	Class→Family
FruitingVegetableCropsSolanaceae	94022700	CropsForFoodProduction	94020000	Class→Family
FruitingVegetableCropsSquashAndGourds	94022800	CropsForFoodProduction	94020000	Class→Family
FruitingVegetablesOther	94022900	CropsForFoodProduction	94020000	Class→Family
LeafVegetableCropsBrassicaceae	94023200	CropsForFoodProduction	94020000	Class→Family
LeafVegetableCropsCichoryplants	94023000	CropsForFoodProduction	94020000	Class→Family
LeafVegetableCropsLettuceplants	94023100	CropsForFoodProduction	94020000	Class→Family
LeafVegetableCropsOther	94023400	CropsForFoodProduction	94020000	Class→Family
LeafVegetableCropsSpinachtype	94023300	CropsForFoodProduction	94020000	Class→Family
StemVegetables	94022400	CropsForFoodProduction	94020000	Class→Family
SugarCrops	94022000	CropsForFoodProduction	94020000	Class→Family
VegetableCropsEdibleRootsTubersAndRhizomes	94022500	CropsForFoodProduction	94020000	Class→Family
VegetableOilSeedCrops	94022100	CropsForFoodProduction	94020000	Class→Family
CropsForLatexProductionLatexCrops	94010200	CropsNotForFoodOrFeedAnimalAndFish	94010000	Class→Family
CropsForNaturalFibreAndResinsProductionFibreCrops	94010100	CropsNotForFoodOrFeedAnimalAndFish	94010000	Class→Family
CropsForProductionOfNaturalPigmentsResinsAndWaxes	94010300	CropsNotForFoodOrFeedAnimalAndFish	94010000	Class→Family
NonToxicPlantsForMedicinesAndEssentialOils	94010700	CropsNotForFoodOrFeedAnimalAndFish	94010000	Class→Family
ToxicPlantForMedicines	94010800	CropsNotForFoodOrFeedAnimalAndFish	94010000	Class→Family
CrucifeiraFeedCrops	94030200	GrassAndOtherCropsForAnimalFeedOrForSoilImprovement	94030000	Class→Family
GraminoidsGrasses	94030100	GrassAndOtherCropsForAnimalFeedOrForSoilImprovement	94030000	Class→Family
LegumeFeedCrops	94030300	GrassAndOtherCropsForAnimalFeedOrForSoilImprovement	94030000	Class→Family
OtherFeedCrops	94030400	GrassAndOtherCropsForAnimalFeedOrForSoilImprovement	94030000	Class→Family
CrossSegment	58010100	CrossSegment	58010000	Class→Family
CablingWiringManagementControl	78040100	ElectricalCablingWiring	78040000	Class→Family
ElectricalCables	78040300	ElectricalCablingWiring	78040000	Class→Family
ElectricalWiring	78040400	ElectricalCablingWiring	78040000	Class→Family
BatteriesChargers	78021100	ElectricalConnectionDistribution	78020000	Class→Family
ElectricalConnection	78020500	ElectricalConnectionDistribution	78020000	Class→Family
ElectricalDistribution	78020600	ElectricalConnectionDistribution	78020000	Class→Family
ElectricalGeneration	78021200	ElectricalConnectionDistribution	78020000	Class→Family
ElectricLampsLightBulbsLighting	78030300	ElectricalLighting	78030000	Class→Family
ElectricLightingAccessories	78030200	ElectricalLighting	78030000	Class→Family
ElectricLightingControlComponents	78030100	ElectricalLighting	78030000	Class→Family
ElectricalLightingOther	78030500	ElectricalLighting	78030000	Class→Family
PortableElectricLighting	78030400	ElectricalLighting	78030000	Class→Family
ElectronicCommunicationComponents	78050100	ElectronicCommunicationComponents	78050000	Class→Family
GeneralElectricalHardware	78060100	GeneralElectricalHardware	78060000	Class→Family
FluidsFuelStorage	87020200	FluidsFuelStorageTransfer	87020000	Class→Family
FuelAdditives	87010200	FuelsFuelAdditives	87010000	Class→Family
FuelsFuelAdditivesVarietyPacks	87010500	FuelsFuelAdditives	87010000	Class→Family
FuelsIgnitionAids	87010100	FuelsFuelAdditives	87010000	Class→Family
TechnicalGases	87030100	GasesNotUsedAsFuels	87030000	Class→Family
AnimalDerivedEdibleProductsPreparedProcessed	50410100	AnimalDerivedEdibleProducts	50410000	Class→Family
AnimalDerivedEdibleProductsUnpreparedUnprocessed	50410200	AnimalDerivedEdibleProducts	50410000	Class→Family
AlcoholicBeveragesIncludesDeAlcoholisedVariants	50202200	Beverages	50200000	Class→Family
BeveragesVarietyPacks	50202500	Beverages	50200000	Class→Family
CoffeeCoffeeSubstitutes	50202600	Beverages	50200000	Class→Family
CoffeeTeaSubstitutes	50201700	Beverages	50200000	Class→Family
NonAlcoholicBeveragesNotReadyToDrink	50202400	Beverages	50200000	Class→Family
NonAlcoholicBeveragesReadyToDrink	50202300	Beverages	50200000	Class→Family
TeaAndInfusionsTisanes	50202700	Beverages	50200000	Class→Family
BakingCookingMixesSupplies	50181700	BreadBakeryProducts	50180000	Class→Family
BiscuitsCookies	50182100	BreadBakeryProducts	50180000	Class→Family
Bread	50181900	BreadBakeryProducts	50180000	Class→Family
BreadBakeryProductsVarietyPacks	50182300	BreadBakeryProducts	50180000	Class→Family
SavouryBakeryProducts	50182200	BreadBakeryProducts	50180000	Class→Family
SweetBakeryProducts	50182000	BreadBakeryProducts	50180000	Class→Family
CerealGrainPulseProductsVarietyPacks	50221300	CerealGrainPulseProducts	50220000	Class→Family
GrainsFlour	50221000	CerealGrainPulseProducts	50220000	Class→Family
ProcessedCerealProducts	50221200	CerealGrainPulseProducts	50220000	Class→Family
ConfectioneryProducts	50161800	ConfectionerySugarSweeteningProducts	50160000	Class→Family
ConfectionerySugarSweeteningProductsVarietyPacks	50161900	ConfectionerySugarSweeteningProducts	50160000	Class→Family
SugarsSugarSubstituteProducts	50161500	ConfectionerySugarSweeteningProducts	50160000	Class→Family
AquaticInvertebratesPreparedProcessed	50122000	FishAndSeafood	50120000	Class→Family
AquaticInvertebratesUnpreparedUnprocessed	50122300	FishAndSeafood	50120000	Class→Family
AquaticInvertebratesFishShellfishSeafoodCombination	50122500	FishAndSeafood	50120000	Class→Family
AquaticPlantsPreparedProcessed	50122200	FishAndSeafood	50120000	Class→Family
AquaticPlantsUnpreparedUnprocessed	50121800	FishAndSeafood	50120000	Class→Family
FishPreparedProcessed	50121900	FishAndSeafood	50120000	Class→Family
FishUnpreparedUnprocessed	50121500	FishAndSeafood	50120000	Class→Family
SeafoodVarietyPacks	50122400	FishAndSeafood	50120000	Class→Family
ShellfishPreparedProcessed	50122100	FishAndSeafood	50120000	Class→Family
ShellfishUnpreparedUnprocessed	50121700	FishAndSeafood	50120000	Class→Family
FoodBeverageVarietyPacks	50230100	FoodBeverageVarietyPacks	50230000	Class→Family
FreshGarnishFood	50360100	FreshGarnishFood	50360000	Class→Family
Annona	50251300	FruitsUnpreparedUnprocessedFresh	50250000	Class→Family
Avocados	50251400	FruitsUnpreparedUnprocessedFresh	50250000	Class→Family
Bananas	50250700	FruitsUnpreparedUnprocessedFresh	50250000	Class→Family
BerriesSmallFruit	50251000	FruitsUnpreparedUnprocessedFresh	50250000	Class→Family
Citrus	50250600	FruitsUnpreparedUnprocessedFresh	50250000	Class→Family
FruitsUnpreparedUnprocessedFreshVarietyPacks	50252000	FruitsUnpreparedUnprocessedFresh	50250000	Class→Family
Kiwifruits	50251200	FruitsUnpreparedUnprocessedFresh	50250000	Class→Family
MiscellaneousFruit	50251900	FruitsUnpreparedUnprocessedFresh	50250000	Class→Family
Papayas	50251700	FruitsUnpreparedUnprocessedFresh	50250000	Class→Family
Passionfruits	50251600	FruitsUnpreparedUnprocessedFresh	50250000	Class→Family
Persimmon	50251500	FruitsUnpreparedUnprocessedFresh	50250000	Class→Family
Pineapples	50251100	FruitsUnpreparedUnprocessedFresh	50250000	Class→Family
Pitayas	50251800	FruitsUnpreparedUnprocessedFresh	50250000	Class→Family
PomeFruits	50250800	FruitsUnpreparedUnprocessedFresh	50250000	Class→Family
StoneFruit	50250900	FruitsUnpreparedUnprocessedFresh	50250000	Class→Family
FruitsUnpreparedUnprocessedFrozen	50270100	FruitsUnpreparedUnprocessedFrozen	50270000	Class→Family
FruitsUnpreparedUnprocessedShelfStable	50310100	FruitsUnpreparedUnprocessedShelfStable	50310000	Class→Family
FruitsVegetablesVarietyPacksUnpreparedUnprocessedFresh	50370100	FruitsVegetablesFresh&FreshCut	50370000	Class→Family
VegetablesFruitsVarietyPackFreshCut	50370200	FruitsVegetablesFresh&FreshCut	50370000	Class→Family
FruitsFreshCut	50380100	FruitsVegetablesFreshCut	50380000	Class→Family
VegetablesFreshCut	50380200	FruitsVegetablesFreshCut	50380000	Class→Family
FruitPreparedProcessed	50102000	FruitsVegetablesNutsSeedsPreparedProcessed	50100000	Class→Family
FruitNutsSeedsCombination	50101900	FruitsVegetablesNutsSeedsPreparedProcessed	50100000	Class→Family
FruitsVegetablesNutsSeedsVarietyPacks	50102200	FruitsVegetablesNutsSeedsPreparedProcessed	50100000	Class→Family
NutsSeedsPreparedProcessed	50101800	FruitsVegetablesNutsSeedsPreparedProcessed	50100000	Class→Family
VegetablesPreparedProcessed	50102100	FruitsVegetablesNutsSeedsPreparedProcessed	50100000	Class→Family
InsectsEdiblePreparedProcessed	50400100	InsectsEdible	50400000	Class→Family
InsectsEdibleUnpreparedUnprocessed	50400200	InsectsEdible	50400000	Class→Family
ChicoryLeaves	50350100	LeafVegetablesUnpreparedUnprocessedFresh	50350000	Class→Family
HeadLettuce	50350200	LeafVegetablesUnpreparedUnprocessedFresh	50350000	Class→Family
LeafVegetablesUnpreparedUnprocessedVarietyPacks	50350600	LeafVegetablesUnpreparedUnprocessedFresh	50350000	Class→Family
LooseLeafMultileafSaladGreens	50350300	LeafVegetablesUnpreparedUnprocessedFresh	50350000	Class→Family
SingleLeafSaladGreens	50350400	LeafVegetablesUnpreparedUnprocessedFresh	50350000	Class→Family
SpinachFresh	50350500	LeafVegetablesUnpreparedUnprocessedFresh	50350000	Class→Family
StemLettuce	50350700	LeafVegetablesUnpreparedUnprocessedFresh	50350000	Class→Family
FishSubstitutes	50390200	MeatFishSeafoodSubstitutes	50390000	Class→Family
MeatSubstitutes	50390100	MeatFishSeafoodSubstitutes	50390000	Class→Family
SeafoodSubstitutes	50390300	MeatFishSeafoodSubstitutes	50390000	Class→Family
MeatPoultryOtherAnimalsPreparedProcessed	50240100	MeatPoultryOtherAnimals	50240000	Class→Family
MeatPoultryOtherAnimalsUnpreparedUnprocessed	50240200	MeatPoultryOtherAnimals	50240000	Class→Family
MeatPoultryOtherAnimalsSausagesPreparedProcessed	50240300	MeatPoultryOtherAnimals	50240000	Class→Family
ButterButterSubstitutes	50131900	MilkButterCreamYogurtsCheeseEggsSubstitutes	50130000	Class→Family
CheeseCheeseSubstitutes	50131800	MilkButterCreamYogurtsCheeseEggsSubstitutes	50130000	Class→Family
CreamCreamSubstitutes	50132000	MilkButterCreamYogurtsCheeseEggsSubstitutes	50130000	Class→Family
DairyDerivativesByProducts	50132600	MilkButterCreamYogurtsCheeseEggsSubstitutes	50130000	Class→Family
EggsEggsExtractsIndustrialProcess	50132300	MilkButterCreamYogurtsCheeseEggsSubstitutes	50130000	Class→Family
EggsEggsSubstitutes	50132500	MilkButterCreamYogurtsCheeseEggsSubstitutes	50130000	Class→Family
MilkButterCreamYogurtsCheeseEggsSubstitutesVarietyPacks	50132200	MilkButterCreamYogurtsCheeseEggsSubstitutes	50130000	Class→Family
MilkMilkSubstitutes	50131700	MilkButterCreamYogurtsCheeseEggsSubstitutes	50130000	Class→Family
YogurtYogurtSubstitutes	50132100	MilkButterCreamYogurtsCheeseEggsSubstitutes	50130000	Class→Family
NutsSeedsUnpreparedUnprocessedInShell	50340100	NutsSeedsUnpreparedUnprocessedInShell	50340000	Class→Family
NutsSeedsUnpreparedUnprocessedPerishable	50330100	NutsSeedsUnpreparedUnprocessedPerishable	50330000	Class→Family
FatsEdible	50151600	OilsFatsEdible	50150000	Class→Family
OilsEdible	50151500	OilsFatsEdible	50150000	Class→Family
OilsFatsEdibleVarietyPacks	50151700	OilsFatsEdible	50150000	Class→Family
BabyInfantFoodsBeverages	50193000	PreparedPreservedFoods	50190000	Class→Family
DairyEggBasedProductsMeals	50193500	PreparedPreservedFoods	50190000	Class→Family
DessertsDessertsSubstitutesDessertSaucesToppings	50192300	PreparedPreservedFoods	50190000	Class→Family
DoughBasedProductsMeals	50193300	PreparedPreservedFoods	50190000	Class→Family
GrainBasedProductsMeals	50193200	PreparedPreservedFoods	50190000	Class→Family
PastaNoodles	50192900	PreparedPreservedFoods	50190000	Class→Family
PreparedSoups	50191500	PreparedPreservedFoods	50190000	Class→Family
PreparedPreservedFoodsVarietyPacks	50193400	PreparedPreservedFoods	50190000	Class→Family
ReadyMadeCombinationMeals	50193800	PreparedPreservedFoods	50190000	Class→Family
SandwichesFilledRollsWraps	50192500	PreparedPreservedFoods	50190000	Class→Family
Snacks	50192100	PreparedPreservedFoods	50190000	Class→Family
SweetSpreads	50192400	PreparedPreservedFoods	50190000	Class→Family
VegetableBasedProductsMeals	50193100	PreparedPreservedFoods	50190000	Class→Family
CasingsForFoodItems	50172100	SeasoningsPreservativesExtracts	50170000	Class→Family
HerbsSpicesExtracts	50171500	SeasoningsPreservativesExtracts	50170000	Class→Family
PicklesRelishesChutneysOlives	50171900	SeasoningsPreservativesExtracts	50170000	Class→Family
SaucesSpreadsDipsCondiments	50171800	SeasoningsPreservativesExtracts	50170000	Class→Family
SeasoningsPreservativesExtractsVarietyPacks	50172000	SeasoningsPreservativesExtracts	50170000	Class→Family
VinegarsCookingWines	50171700	SeasoningsPreservativesExtracts	50170000	Class→Family
VegetablesUnpreparedUnprocessedFrozen	50290100	VegetablesUnpreparedUnprocessedFrozen	50290000	Class→Family
VegetablesUnpreparedUnprocessedShelfStable	50320100	VegetablesUnpreparedUnprocessedShelfStable	50320000	Class→Family
BeansWithPods	50261400	VegetablesNonLeafUnpreparedUnprocessedFresh	50260000	Class→Family
BrassicaVegetables	50261100	VegetablesNonLeafUnpreparedUnprocessedFresh	50260000	Class→Family
BulbVegetables	50260200	VegetablesNonLeafUnpreparedUnprocessedFresh	50260000	Class→Family
Chickpeas	50262200	VegetablesNonLeafUnpreparedUnprocessedFresh	50260000	Class→Family
Cucumbers	50260600	VegetablesNonLeafUnpreparedUnprocessedFresh	50260000	Class→Family
CucurbitsEdiblePeel	50260700	VegetablesNonLeafUnpreparedUnprocessedFresh	50260000	Class→Family
CucurbitsInediblePeel	50260900	VegetablesNonLeafUnpreparedUnprocessedFresh	50260000	Class→Family
EdibleFlowers	50262000	VegetablesNonLeafUnpreparedUnprocessedFresh	50260000	Class→Family
Ferns	50262400	VegetablesNonLeafUnpreparedUnprocessedFresh	50260000	Class→Family
Fungi	50261700	VegetablesNonLeafUnpreparedUnprocessedFresh	50260000	Class→Family
Herbs	50261300	VegetablesNonLeafUnpreparedUnprocessedFresh	50260000	Class→Family
Melons	50260800	VegetablesNonLeafUnpreparedUnprocessedFresh	50260000	Class→Family
MicroVegetables	50261900	VegetablesNonLeafUnpreparedUnprocessedFresh	50260000	Class→Family
OtherVegetables	50261000	VegetablesNonLeafUnpreparedUnprocessedFresh	50260000	Class→Family
PeasWithPods	50261500	VegetablesNonLeafUnpreparedUnprocessedFresh	50260000	Class→Family
Peppers	50260400	VegetablesNonLeafUnpreparedUnprocessedFresh	50260000	Class→Family
RootTuberVegetables	50260100	VegetablesNonLeafUnpreparedUnprocessedFresh	50260000	Class→Family
Sapote	50262500	VegetablesNonLeafUnpreparedUnprocessedFresh	50260000	Class→Family
Sedges	50262700	VegetablesNonLeafUnpreparedUnprocessedFresh	50260000	Class→Family
SolanaceaOthers	50260500	VegetablesNonLeafUnpreparedUnprocessedFresh	50260000	Class→Family
StemVegetables	50261600	VegetablesNonLeafUnpreparedUnprocessedFresh	50260000	Class→Family
Succulent	50262300	VegetablesNonLeafUnpreparedUnprocessedFresh	50260000	Class→Family
SugarCanes	50262600	VegetablesNonLeafUnpreparedUnprocessedFresh	50260000	Class→Family
TidalSeaVegetables	50262100	VegetablesNonLeafUnpreparedUnprocessedFresh	50260000	Class→Family
Tomatoes	50260300	VegetablesNonLeafUnpreparedUnprocessedFresh	50260000	Class→Family
VegetablesUnpreparedUnprocessedFreshVarietyPacks	50261800	VegetablesNonLeafUnpreparedUnprocessedFresh	50260000	Class→Family
AthleticFootwear	63010100	Footwear	63010000	Class→Family
FootwearAccessories	63010200	Footwear	63010000	Class→Family
GeneralPurposeFootwear	63010300	Footwear	63010000	Class→Family
IndoorFootwear	63010400	Footwear	63010000	Class→Family
SafetyProtectiveFootwear	63010500	Footwear	63010000	Class→Family
BarrierContraception	51111500	FamilyPlanning	51110000	Class→Family
FamilyPlanningVarietyPacks	51111800	FamilyPlanning	51110000	Class→Family
HormonalContraception	51111600	FamilyPlanning	51110000	Class→Family
IntraUterineContraception	51111700	FamilyPlanning	51110000	Class→Family
DietaryAids	51121500	HealthEnhancement	51120000	Class→Family
EnergyStimulantProducts	51121900	HealthEnhancement	51120000	Class→Family
HealthEnhancementVarietyPacks	51121800	HealthEnhancement	51120000	Class→Family
VitaminsMineralsNutritionalSupplements	51121600	HealthEnhancement	51120000	Class→Family
BabyTreatmentsAids	51102200	HealthTreatmentsAids	51100000	Class→Family
BladderGenitalRectalProducts	51102400	HealthTreatmentsAids	51100000	Class→Family
DrugAdministration	51101600	HealthTreatmentsAids	51100000	Class→Family
EnteralFeedingEquipment	51103200	HealthTreatmentsAids	51100000	Class→Family
FirstAid	51101700	HealthTreatmentsAids	51100000	Class→Family
FlowerHomoeopathicHomeopathicRemedies	51102600	HealthTreatmentsAids	51100000	Class→Family
FootLegCareTreatments	51101800	HealthTreatmentsAids	51100000	Class→Family
GastrointestinalRemedyProducts	51102700	HealthTreatmentsAids	51100000	Class→Family
HabitTreatment	51101900	HealthTreatmentsAids	51100000	Class→Family
HealthTreatmentsAidsMaterials	51103400	HealthTreatmentsAids	51100000	Class→Family
HealthTreatmentsAidsVarietyPacks	51102300	HealthTreatmentsAids	51100000	Class→Family
OralMouthTreatments	51103300	HealthTreatmentsAids	51100000	Class→Family
PainReliefProducts	51102500	HealthTreatmentsAids	51100000	Class→Family
PersonalAids	51101500	HealthTreatmentsAids	51100000	Class→Family
RespiratoryAllergyProducts	51102900	HealthTreatmentsAids	51100000	Class→Family
SensoryOrgansCareTreatments	51102100	HealthTreatmentsAids	51100000	Class→Family
SkinScalpAidProducts	51103000	HealthTreatmentsAids	51100000	Class→Family
SleepingStressRelievingProducts	51102800	HealthTreatmentsAids	51100000	Class→Family
TravelSicknessProducts	51103100	HealthTreatmentsAids	51100000	Class→Family
HealthcareVarietyPacks	51140100	HealthcareVarietyPacks	51140000	Class→Family
DiagnosticMonitors	51131500	HomeDiagnostics	51130000	Class→Family
DiagnosticTests	51131600	HomeDiagnostics	51130000	Class→Family
HomeDiagnosticsVarietyPacks	51131700	HomeDiagnostics	51130000	Class→Family
MedicalDevices	51150100	MedicalDevices	51150000	Class→Family
PharmaceuticalDrugs	51160100	PharmaceuticalDrugs	51160000	Class→Family
VeterinaryMedicalDevices	51170200	VeterinaryHealthcare	51170000	Class→Family
VeterinaryPharmaceuticals	51170100	VeterinaryHealthcare	51170000	Class→Family
KitchenWashingAppliances	72010600	MajorDomesticAppliances	72010000	Class→Family
MajorCookingAppliances	72010300	MajorDomesticAppliances	72010000	Class→Family
MajorLaundryAppliances	72010500	MajorDomesticAppliances	72010000	Class→Family
MajorWaterDispensers	72010700	MajorDomesticAppliances	72010000	Class→Family
RefrigeratingFreezingAppliances	72010200	MajorDomesticAppliances	72010000	Class→Family
WarmingAppliances	72010400	MajorDomesticAppliances	72010000	Class→Family
WasteDisposingCompactingAppliances	72010100	MajorDomesticAppliances	72010000	Class→Family
CleaningAppliances	72020400	SmallDomesticAppliances	72020000	Class→Family
FoodBeveragePreparationAppliances	72020200	SmallDomesticAppliances	72020000	Class→Family
LaundryCareAppliances	72020300	SmallDomesticAppliances	72020000	Class→Family
PortableAirControlAppliances	72020600	SmallDomesticAppliances	72020000	Class→Family
SmallCookingHeatingAppliances	72020100	SmallDomesticAppliances	72020000	Class→Family
SmallDomesticAppliancesOther	72020700	SmallDomesticAppliances	72020000	Class→Family
SmallWaterDispensers	72020500	SmallDomesticAppliances	72020000	Class→Family
SmartHomeHomeAutomationEquipment	72020800	SmallDomesticAppliances	72020000	Class→Family
Bouquets	93100100	Bouquets	93100000	Class→Family
BulbsCormsRhizomesTubers	93050100	BulbsCormsRhizomesTubers	93050000	Class→Family
AgapanthusCutFlowers	93010100	CutFlowers	93010000	Class→Family
AlchemillaCutFlowers	93010200	CutFlowers	93010000	Class→Family
AlstroemeriaCutFlowers	93010300	CutFlowers	93010000	Class→Family
AnemoneCutFlowers	93010400	CutFlowers	93010000	Class→Family
AnthuriumCutFlowers	93010500	CutFlowers	93010000	Class→Family
AntirrhinumCutFlowers	93010600	CutFlowers	93010000	Class→Family
AsterCutFlowers	93010700	CutFlowers	93010000	Class→Family
BouvardiaCutFlowers	93010800	CutFlowers	93010000	Class→Family
CelosiaCutFlowers	93010900	CutFlowers	93010000	Class→Family
ChamelauciumCutFlowers	93011000	CutFlowers	93010000	Class→Family
ChrysanthemumCutFlowers	93011100	CutFlowers	93010000	Class→Family
CutFlowersOther	93013500	CutFlowers	93010000	Class→Family
CymbidiumCutFlowers	93011200	CutFlowers	93010000	Class→Family
DahliaCutFlowers	93011400	CutFlowers	93010000	Class→Family
DelphiniumCutFlowers	93011500	CutFlowers	93010000	Class→Family
DianthusCutFlowers	93011600	CutFlowers	93010000	Class→Family
EryngiumCutFlowers	93011700	CutFlowers	93010000	Class→Family
EustomaCutFlowers	93011800	CutFlowers	93010000	Class→Family
FreesiaCutFlowers	93011900	CutFlowers	93010000	Class→Family
GerberaCutFlowers	93012000	CutFlowers	93010000	Class→Family
GladiolusCutFlowers	93012100	CutFlowers	93010000	Class→Family
GypsophilaCutFlowers	93012200	CutFlowers	93010000	Class→Family
HelianthusCutFlowers	93012300	CutFlowers	93010000	Class→Family
HippeastrumCutFlowers	93012400	CutFlowers	93010000	Class→Family
HyacinthusCutFlowers	93012500	CutFlowers	93010000	Class→Family
HydrangeaCutFlowers	93012600	CutFlowers	93010000	Class→Family
HypericumCutFlowers	93012700	CutFlowers	93010000	Class→Family
IlexCutFlowers	93012800	CutFlowers	93010000	Class→Family
IrisCutFlowers	93012900	CutFlowers	93010000	Class→Family
LiliumCutFlowers	93013000	CutFlowers	93010000	Class→Family
LimoniumCutFlowers	93013100	CutFlowers	93010000	Class→Family
MatthiolaCutFlowers	93013200	CutFlowers	93010000	Class→Family
NarcissusCutFlowers	93013300	CutFlowers	93010000	Class→Family
OrnithogalumCutFlowers	93013400	CutFlowers	93010000	Class→Family
PaeoniaCutFlowers	93013600	CutFlowers	93010000	Class→Family
PhalaenopsisCutFlowers	93013700	CutFlowers	93010000	Class→Family
PhloxCutFlowers	93013800	CutFlowers	93010000	Class→Family
PittosporumCutFlowers	93013900	CutFlowers	93010000	Class→Family
RanunculusCutFlowers	93014000	CutFlowers	93010000	Class→Family
RosaCutFlowers	93014100	CutFlowers	93010000	Class→Family
SolidagoCutFlowers	93014200	CutFlowers	93010000	Class→Family
StrelitziaCutFlowers	93014300	CutFlowers	93010000	Class→Family
SyringaCutFlowers	93014400	CutFlowers	93010000	Class→Family
TanacetumCutFlowers	93014500	CutFlowers	93010000	Class→Family
TracheliumCutFlowers	93014600	CutFlowers	93010000	Class→Family
TulipaCutFlowers	93014700	CutFlowers	93010000	Class→Family
VandaCutFlowers	93014800	CutFlowers	93010000	Class→Family
VeronicaCutFlowers	93014900	CutFlowers	93010000	Class→Family
ViburnumCutFlowers	93015000	CutFlowers	93010000	Class→Family
ZantedeschiaCutFlowers	93015100	CutFlowers	93010000	Class→Family
AgapanthusCutGreens	93020100	CutGreens	93020000	Class→Family
AnthuriumCutGreens	93020200	CutGreens	93020000	Class→Family
AsparagusCutGreens	93020300	CutGreens	93020000	Class→Family
AspidistraCutGreens	93020400	CutGreens	93020000	Class→Family
AstilbeCutGreens	93020500	CutGreens	93020000	Class→Family
BrassicaCutGreens	93020600	CutGreens	93020000	Class→Family
CarthamusCutGreens	93020700	CutGreens	93020000	Class→Family
CorylusCutGreens	93020800	CutGreens	93020000	Class→Family
CrocosmiaCutGreens	93020900	CutGreens	93020000	Class→Family
CucumisCutGreens	93021000	CutGreens	93020000	Class→Family
CucurbitaCutGreens	93021100	CutGreens	93020000	Class→Family
CutGreensOther	93022400	CutGreens	93020000	Class→Family
CutGreensVarietyPacks	93021200	CutGreens	93020000	Class→Family
DracaenaCutGreens	93021300	CutGreens	93020000	Class→Family
EucalyptusCutGreens	93021400	CutGreens	93020000	Class→Family
EupatoriumCutGreens	93021500	CutGreens	93020000	Class→Family
FatsiaCutGreens	93021600	CutGreens	93020000	Class→Family
GomphocarpusCutGreens	93021700	CutGreens	93020000	Class→Family
HydrangeaCutGreens	93021800	CutGreens	93020000	Class→Family
IlexCutGreens	93021900	CutGreens	93020000	Class→Family
LeucadendronCutGreens	93022000	CutGreens	93020000	Class→Family
LiliumCutGreens	93022100	CutGreens	93020000	Class→Family
MatthiolaCutGreens	93022200	CutGreens	93020000	Class→Family
MonsteraCutGreens	93022300	CutGreens	93020000	Class→Family
PanicumCutGreens	93022500	CutGreens	93020000	Class→Family
PhysalisCutGreens	93022600	CutGreens	93020000	Class→Family
PittosporumCutGreens	93022700	CutGreens	93020000	Class→Family
QuercusCutGreens	93022800	CutGreens	93020000	Class→Family
RosaCutGreens	93022900	CutGreens	93020000	Class→Family
RuscusCutGreens	93023000	CutGreens	93020000	Class→Family
SalixCutGreens	93023100	CutGreens	93020000	Class→Family
SetariaCutGreens	93023200	CutGreens	93020000	Class→Family
StrelitziaCutGreens	93023300	CutGreens	93020000	Class→Family
SymphoricarposCutGreens	93023400	CutGreens	93020000	Class→Family
SyringaCutGreens	93023500	CutGreens	93020000	Class→Family
ThlaspiCutGreens	93023600	CutGreens	93020000	Class→Family
ViburnumCutGreens	93023700	CutGreens	93020000	Class→Family
ZantedeschiaCutGreens	93023800	CutGreens	93020000	Class→Family
AechmeaLivePlants	93030100	LivePlantsGenusAThruG	93030000	Class→Family
AeoniumLivePlants	93030200	LivePlantsGenusAThruG	93030000	Class→Family
AgapanthusLivePlants	93030300	LivePlantsGenusAThruG	93030000	Class→Family
AlocasiaLivePlants	93030400	LivePlantsGenusAThruG	93030000	Class→Family
AloeLivePlants	93030500	LivePlantsGenusAThruG	93030000	Class→Family
AlstroemeriaLivePlants	93030600	LivePlantsGenusAThruG	93030000	Class→Family
AnemoneLivePlants	93030700	LivePlantsGenusAThruG	93030000	Class→Family
AngeloniaLivePlants	93030800	LivePlantsGenusAThruG	93030000	Class→Family
AnisodonteaLivePlants	93030900	LivePlantsGenusAThruG	93030000	Class→Family
AnthuriumLivePlants	93031000	LivePlantsGenusAThruG	93030000	Class→Family
AntirrhinumLivePlants	93031100	LivePlantsGenusAThruG	93030000	Class→Family
ArgyranthemumLivePlants	93031200	LivePlantsGenusAThruG	93030000	Class→Family
ArmeriaLivePlants	93031300	LivePlantsGenusAThruG	93030000	Class→Family
AsterLivePlants	93031400	LivePlantsGenusAThruG	93030000	Class→Family
AstilbeLivePlants	93031500	LivePlantsGenusAThruG	93030000	Class→Family
AubrietaLivePlants	93031600	LivePlantsGenusAThruG	93030000	Class→Family
BegoniaLivePlants	93031700	LivePlantsGenusAThruG	93030000	Class→Family
BellisLivePlants	93031800	LivePlantsGenusAThruG	93030000	Class→Family
BidensLivePlants	93031900	LivePlantsGenusAThruG	93030000	Class→Family
BougainvilleaLivePlants	93032000	LivePlantsGenusAThruG	93030000	Class→Family
BrachyscomeLivePlants	93032100	LivePlantsGenusAThruG	93030000	Class→Family
BrassicaLivePlants	93032200	LivePlantsGenusAThruG	93030000	Class→Family
BromeliaLivePlants	93032300	LivePlantsGenusAThruG	93030000	Class→Family
BrugmansiaLivePlants	93032400	LivePlantsGenusAThruG	93030000	Class→Family
CalatheaLivePlants	93032500	LivePlantsGenusAThruG	93030000	Class→Family
CalibrachoaLivePlants	93032600	LivePlantsGenusAThruG	93030000	Class→Family
CalocephalusLivePlants	93032700	LivePlantsGenusAThruG	93030000	Class→Family
CampanulaLivePlants	93032800	LivePlantsGenusAThruG	93030000	Class→Family
CannaLivePlants	93032900	LivePlantsGenusAThruG	93030000	Class→Family
CastanospermumLivePlants	93037600	LivePlantsGenusAThruG	93030000	Class→Family
CelosiaLivePlants	93033000	LivePlantsGenusAThruG	93030000	Class→Family
ChamaedoreaLivePlants	93033100	LivePlantsGenusAThruG	93030000	Class→Family
ChlorophytumLivePlants	93033200	LivePlantsGenusAThruG	93030000	Class→Family
ChrysanthemumLivePlants	93033300	LivePlantsGenusAThruG	93030000	Class→Family
CliviaLivePlants	93033400	LivePlantsGenusAThruG	93030000	Class→Family
CocosLivePlants	93033500	LivePlantsGenusAThruG	93030000	Class→Family
CodiaeumLivePlants	93033600	LivePlantsGenusAThruG	93030000	Class→Family
CoffeaLivePlants	93037700	LivePlantsGenusAThruG	93030000	Class→Family
CordylineLivePlants	93033700	LivePlantsGenusAThruG	93030000	Class→Family
CoreopsisLivePlants	93033800	LivePlantsGenusAThruG	93030000	Class→Family
CortaderiaLivePlants	93033900	LivePlantsGenusAThruG	93030000	Class→Family
CosmosLivePlants	93034000	LivePlantsGenusAThruG	93030000	Class→Family
CupheaLivePlants	93034100	LivePlantsGenusAThruG	93030000	Class→Family
CupressusLivePlants	93034200	LivePlantsGenusAThruG	93030000	Class→Family
CurcumaLivePlants	93034300	LivePlantsGenusAThruG	93030000	Class→Family
CycasLivePlants	93034400	LivePlantsGenusAThruG	93030000	Class→Family
CyclamenLivePlants	93034500	LivePlantsGenusAThruG	93030000	Class→Family
CymbidiumLivePlants	93034600	LivePlantsGenusAThruG	93030000	Class→Family
CyperusLivePlants	93034700	LivePlantsGenusAThruG	93030000	Class→Family
DahliaLivePlants	93034800	LivePlantsGenusAThruG	93030000	Class→Family
DelphiniumLivePlants	93034900	LivePlantsGenusAThruG	93030000	Class→Family
DendrobiumLivePlants	93035000	LivePlantsGenusAThruG	93030000	Class→Family
DianthusLivePlants	93035100	LivePlantsGenusAThruG	93030000	Class→Family
DicentraLivePlants	93035200	LivePlantsGenusAThruG	93030000	Class→Family
DieffenbachiaLivePlants	93035300	LivePlantsGenusAThruG	93030000	Class→Family
DionaeaLivePlants	93037800	LivePlantsGenusAThruG	93030000	Class→Family
DorotheanthusLivePlants	93035400	LivePlantsGenusAThruG	93030000	Class→Family
DracaenaLivePlants	93035500	LivePlantsGenusAThruG	93030000	Class→Family
DypsisLivePlants	93035600	LivePlantsGenusAThruG	93030000	Class→Family
EcheveriaLivePlants	93035700	LivePlantsGenusAThruG	93030000	Class→Family
EchinaceaLivePlants	93035800	LivePlantsGenusAThruG	93030000	Class→Family
EpipremnumLivePlants	93035900	LivePlantsGenusAThruG	93030000	Class→Family
EuphorbiaLivePlants	93036000	LivePlantsGenusAThruG	93030000	Class→Family
EuryopsLivePlants	93036100	LivePlantsGenusAThruG	93030000	Class→Family
FargesiaLivePlants	93036200	LivePlantsGenusAThruG	93030000	Class→Family
FeliciaLivePlants	93036300	LivePlantsGenusAThruG	93030000	Class→Family
FestucaLivePlants	93036400	LivePlantsGenusAThruG	93030000	Class→Family
FicusLivePlants	93037400	LivePlantsGenusAThruG	93030000	Class→Family
FittoniaLivePlants	93036500	LivePlantsGenusAThruG	93030000	Class→Family
FuchsiaLivePlants	93036600	LivePlantsGenusAThruG	93030000	Class→Family
GardeniaLivePlants	93036700	LivePlantsGenusAThruG	93030000	Class→Family
GauraLivePlants	93036800	LivePlantsGenusAThruG	93030000	Class→Family
GazaniaLivePlants	93036900	LivePlantsGenusAThruG	93030000	Class→Family
GentianaLivePlants	93037000	LivePlantsGenusAThruG	93030000	Class→Family
GerberaLivePlants	93037100	LivePlantsGenusAThruG	93030000	Class→Family
GuzmaniaLivePlants	93037200	LivePlantsGenusAThruG	93030000	Class→Family
GypsophilaLivePlants	93037300	LivePlantsGenusAThruG	93030000	Class→Family
HederaLivePlants	93040100	LivePlantsGenusHThruZ	93040000	Class→Family
HelianthusLivePlants	93040200	LivePlantsGenusHThruZ	93040000	Class→Family
HelichrysumLivePlants	93040300	LivePlantsGenusHThruZ	93040000	Class→Family
HeliotropiumLivePlants	93040400	LivePlantsGenusHThruZ	93040000	Class→Family
HelleborusLivePlants	93040500	LivePlantsGenusHThruZ	93040000	Class→Family
HeucheraLivePlants	93040600	LivePlantsGenusHThruZ	93040000	Class→Family
HibiscusLivePlants	93040700	LivePlantsGenusHThruZ	93040000	Class→Family
HippeastrumLivePlants	93040800	LivePlantsGenusHThruZ	93040000	Class→Family
HordeumLivePlants	93040900	LivePlantsGenusHThruZ	93040000	Class→Family
HostaLivePlants	93041000	LivePlantsGenusHThruZ	93040000	Class→Family
HoweaLivePlants	93041100	LivePlantsGenusHThruZ	93040000	Class→Family
HyacinthusLivePlants	93041200	LivePlantsGenusHThruZ	93040000	Class→Family
HydrangeaLivePlants	93041300	LivePlantsGenusHThruZ	93040000	Class→Family
ImpatiensLivePlants	93041400	LivePlantsGenusHThruZ	93040000	Class→Family
JasminumLivePlants	93041500	LivePlantsGenusHThruZ	93040000	Class→Family
KalanchoeLivePlants	93041600	LivePlantsGenusHThruZ	93040000	Class→Family
LantanaLivePlants	93041700	LivePlantsGenusHThruZ	93040000	Class→Family
LeucanthemumLivePlants	93041800	LivePlantsGenusHThruZ	93040000	Class→Family
LewisiaLivePlants	93041900	LivePlantsGenusHThruZ	93040000	Class→Family
LiliumLivePlants	93042000	LivePlantsGenusHThruZ	93040000	Class→Family
LithodoraLivePlants	93042100	LivePlantsGenusHThruZ	93040000	Class→Family
LivePlantVarietyPacks	93042200	LivePlantsGenusHThruZ	93040000	Class→Family
LivePlantsOther	93044000	LivePlantsGenusHThruZ	93040000	Class→Family
LivistonaLivePlants	93042300	LivePlantsGenusHThruZ	93040000	Class→Family
LobeliaLivePlants	93042400	LivePlantsGenusHThruZ	93040000	Class→Family
LotusLivePlants	93042500	LivePlantsGenusHThruZ	93040000	Class→Family
LudwigiaLivePlants	93048700	LivePlantsGenusHThruZ	93040000	Class→Family
LupinusLivePlants	93042600	LivePlantsGenusHThruZ	93040000	Class→Family
MandevillaLivePlants	93042700	LivePlantsGenusHThruZ	93040000	Class→Family
MedinillaLivePlants	93042800	LivePlantsGenusHThruZ	93040000	Class→Family
MiltoniaLivePlants	93042900	LivePlantsGenusHThruZ	93040000	Class→Family
MusaLivePlants	93048800	LivePlantsGenusHThruZ	93040000	Class→Family
MuscariLivePlants	93043000	LivePlantsGenusHThruZ	93040000	Class→Family
MyosotisLivePlants	93043100	LivePlantsGenusHThruZ	93040000	Class→Family
NarcissusLivePlants	93043200	LivePlantsGenusHThruZ	93040000	Class→Family
NephrolepisLivePlants	93043300	LivePlantsGenusHThruZ	93040000	Class→Family
NolinaLivePlants	93043400	LivePlantsGenusHThruZ	93040000	Class→Family
NymphaeaLivePlants	93043500	LivePlantsGenusHThruZ	93040000	Class→Family
OncidiumLivePlants	93043600	LivePlantsGenusHThruZ	93040000	Class→Family
OrchisLivePlants	93043700	LivePlantsGenusHThruZ	93040000	Class→Family
OrnithogalumLivePlants	93043800	LivePlantsGenusHThruZ	93040000	Class→Family
OsteospermumLivePlants	93043900	LivePlantsGenusHThruZ	93040000	Class→Family
PachiraLivePlants	93044100	LivePlantsGenusHThruZ	93040000	Class→Family
PaeoniaLivePlants	93044200	LivePlantsGenusHThruZ	93040000	Class→Family
PapaverLivePlants	93044300	LivePlantsGenusHThruZ	93040000	Class→Family
PaphiopedilumLivePlants	93044400	LivePlantsGenusHThruZ	93040000	Class→Family
PelargoniumLivePlants	93044500	LivePlantsGenusHThruZ	93040000	Class→Family
PennisetumLivePlants	93044600	LivePlantsGenusHThruZ	93040000	Class→Family
PeperomiaLivePlants	93048900	LivePlantsGenusHThruZ	93040000	Class→Family
PetuniaLivePlants	93044700	LivePlantsGenusHThruZ	93040000	Class→Family
PhalaenopsisLivePlants	93044800	LivePlantsGenusHThruZ	93040000	Class→Family
PhilodendronLivePlants	93049100	LivePlantsGenusHThruZ	93040000	Class→Family
PhloxLivePlants	93044900	LivePlantsGenusHThruZ	93040000	Class→Family
PhoenixLivePlants	93045000	LivePlantsGenusHThruZ	93040000	Class→Family
PileaLivePlants	93049000	LivePlantsGenusHThruZ	93040000	Class→Family
PlatycodonLivePlants	93045100	LivePlantsGenusHThruZ	93040000	Class→Family
PlectranthusLivePlants	93045200	LivePlantsGenusHThruZ	93040000	Class→Family
PolysciasLivePlants	93049200	LivePlantsGenusHThruZ	93040000	Class→Family
PortulacaLivePlants	93045300	LivePlantsGenusHThruZ	93040000	Class→Family
PrimulaLivePlants	93045400	LivePlantsGenusHThruZ	93040000	Class→Family
RanunculusLivePlants	93045500	LivePlantsGenusHThruZ	93040000	Class→Family
RhapisLivePlants	93049300	LivePlantsGenusHThruZ	93040000	Class→Family
RhipsalidopsisLivePlants	93045600	LivePlantsGenusHThruZ	93040000	Class→Family
RhododendronLivePlants	93045700	LivePlantsGenusHThruZ	93040000	Class→Family
RosaLivePlants	93045800	LivePlantsGenusHThruZ	93040000	Class→Family
SaintpauliaLivePlants	93045900	LivePlantsGenusHThruZ	93040000	Class→Family
SalviaLivePlants	93046000	LivePlantsGenusHThruZ	93040000	Class→Family
SansevieriaLivePlants	93046100	LivePlantsGenusHThruZ	93040000	Class→Family
SanvitaliaLivePlants	93046200	LivePlantsGenusHThruZ	93040000	Class→Family
SaxifragaLivePlants	93046400	LivePlantsGenusHThruZ	93040000	Class→Family
ScheffleraLivePlants	93046500	LivePlantsGenusHThruZ	93040000	Class→Family
SchlumbergeraLivePlants	93046600	LivePlantsGenusHThruZ	93040000	Class→Family
SedumLivePlants	93046700	LivePlantsGenusHThruZ	93040000	Class→Family
SempervivumLivePlants	93046800	LivePlantsGenusHThruZ	93040000	Class→Family
SenecioLivePlants	93046900	LivePlantsGenusHThruZ	93040000	Class→Family
SinningiaLivePlants	93047000	LivePlantsGenusHThruZ	93040000	Class→Family
SolanumLivePlants	93047100	LivePlantsGenusHThruZ	93040000	Class→Family
SpathiphyllumLivePlants	93047200	LivePlantsGenusHThruZ	93040000	Class→Family
StephanotisLivePlants	93047300	LivePlantsGenusHThruZ	93040000	Class→Family
SuteraLivePlants	93047400	LivePlantsGenusHThruZ	93040000	Class→Family
TagetesLivePlants	93047500	LivePlantsGenusHThruZ	93040000	Class→Family
TillandsiaLivePlants	93047600	LivePlantsGenusHThruZ	93040000	Class→Family
TulipaLivePlants	93047700	LivePlantsGenusHThruZ	93040000	Class→Family
VandaLivePlants	93047800	LivePlantsGenusHThruZ	93040000	Class→Family
VerbenaLivePlants	93047900	LivePlantsGenusHThruZ	93040000	Class→Family
ViolaLivePlants	93048000	LivePlantsGenusHThruZ	93040000	Class→Family
VrieseaLivePlants	93048100	LivePlantsGenusHThruZ	93040000	Class→Family
XburragearaLivePlants	93048200	LivePlantsGenusHThruZ	93040000	Class→Family
XcitrofortunellaLivePlants	93048300	LivePlantsGenusHThruZ	93040000	Class→Family
YuccaLivePlants	93048400	LivePlantsGenusHThruZ	93040000	Class→Family
ZamioculcasLivePlants	93048500	LivePlantsGenusHThruZ	93040000	Class→Family
ZantedeschiaLivePlants	93048600	LivePlantsGenusHThruZ	93040000	Class→Family
PlantsVarietyPacks	93060100	PlantsVarietyPacks	93060000	Class→Family
SeedlingsReadyToGrow	93110100	SeedlingsReadyToGrow	93110000	Class→Family
Seeds	93070100	SeedsSpores	93070000	Class→Family
Spores	93070200	SeedsSpores	93070000	Class→Family
AbiesFir	93080200	ShrubsTrees	93080000	Class→Family
Araucaria	93080300	ShrubsTrees	93080000	Class→Family
Picea	93080400	ShrubsTrees	93080000	Class→Family
Pinus	93080500	ShrubsTrees	93080000	Class→Family
ShrubsTreesOther	93080100	ShrubsTrees	93080000	Class→Family
VegetablesFungiPlants	93090100	VegetablesFungiPlants	93090000	Class→Family
BabySanitaryFurnishings	75050100	BabyFurnishings	75050000	Class→Family
HouseholdBabyBedsMattresses	75050200	BabyFurnishings	75050000	Class→Family
HouseholdBabySeating	75050300	BabyFurnishings	75050000	Class→Family
FabricTextileFurnishingsVarietyPacks	75020300	HouseholdOfficeFurnishings	75020000	Class→Family
HouseholdBeddingOfficeFurnishings	75020100	HouseholdOfficeFurnishings	75020000	Class→Family
DisplayStands	75010700	HouseholdOfficeFurniture	75010000	Class→Family
HouseholdBedsMattresses	75010400	HouseholdOfficeFurniture	75010000	Class→Family
HouseholdOfficeFurnitureAccessories	75010600	HouseholdOfficeFurniture	75010000	Class→Family
HouseholdOfficeFurnitureVarietyPacks	75010500	HouseholdOfficeFurniture	75010000	Class→Family
HouseholdOfficeSeating	75010200	HouseholdOfficeFurniture	75010000	Class→Family
HouseholdOfficeStorageDisplayFurnitureScreens	75010100	HouseholdOfficeFurniture	75010000	Class→Family
HouseholdOfficeTablesDesks	75010300	HouseholdOfficeFurniture	75010000	Class→Family
Clocks	75030400	OrnamentalFurnishings	75030000	Class→Family
DecorativeBannersFlags	75030700	OrnamentalFurnishings	75030000	Class→Family
DecorativeBannersFlagsAccessories	75030800	OrnamentalFurnishings	75030000	Class→Family
OrnamentalFurnishingsVarietyPacks	75030600	OrnamentalFurnishings	75030000	Class→Family
Ornaments	75030100	OrnamentalFurnishings	75030000	Class→Family
PicturesMirrorsFrames	75030200	OrnamentalFurnishings	75030000	Class→Family
CentrifugalPumps	11010100	DynamicPumps	11010000	Class→Family
FireHydrantSystems	11010300	DynamicPumps	11010000	Class→Family
SubmersiblePumps	11010200	DynamicPumps	11010000	Class→Family
IndustrialPumpsStructures	11040100	IndustrialPumpsStructures	11040000	Class→Family
IndustrialPumpsEngines	11030100	IndustrialPumpsEngines	11030000	Class→Family
IndustrialPumps–ReplacementPartsAccessories	11050100	IndustrialPumps–ReplacementPartsAccessories	11050000	Class→Family
PneumaticsPumps	11020300	PositiveDisplacementPumps	11020000	Class→Family
ReciprocatingPumps	11020200	PositiveDisplacementPumps	11020000	Class→Family
RotaryPumps	11020100	PositiveDisplacementPumps	11020000	Class→Family
CookwareBakeware	73040400	Kitchenware	73040000	Class→Family
DisposableFoodContainers	73041000	Kitchenware	73040000	Class→Family
FoodMeasuringEquipment	73040300	Kitchenware	73040000	Class→Family
FoodPreparationEquipment	73040600	Kitchenware	73040000	Class→Family
FoodBeveragePresentationAccessories	73040900	Kitchenware	73040000	Class→Family
KitchenMerchandiseVarietyPacks	73040800	Kitchenware	73040000	Class→Family
KitchenStorage	73040100	Kitchenware	73040000	Class→Family
WaterBeverageEquipment	73040200	Kitchenware	73040000	Class→Family
BabyTableware	73050100	Tableware	73050000	Class→Family
BarwareNonDisposable	73050500	Tableware	73050000	Class→Family
DinnerwareNonDisposable	73050200	Tableware	73050000	Class→Family
DrinkwareNonDisposable	73050300	Tableware	73050000	Class→Family
FlatwareNonDisposable	73051000	Tableware	73050000	Class→Family
ServewareNonDisposable	73050600	Tableware	73050000	Class→Family
TablewareDisposable	73050700	Tableware	73050000	Class→Family
TablewareAccessories	73050900	Tableware	73050000	Class→Family
TablewareVarietyPacks	73050800	Tableware	73050000	Class→Family
GardenPoolsPondsWaterFeaturesAndOrnaments	81010100	LawnGardenSupplies	81010000	Class→Family
LawnGardenCookingHeatingAppliances	81010800	LawnGardenSupplies	81010000	Class→Family
LawnGardenEquipmentAndTools	81011200	LawnGardenSupplies	81010000	Class→Family
LawnGardenFencing	81010500	LawnGardenSupplies	81010000	Class→Family
LawnGardenFloralPlantAccessories	81011800	LawnGardenSupplies	81010000	Class→Family
LawnGardenFurnitureFurnishings	81010300	LawnGardenSupplies	81010000	Class→Family
LawnGardenLighting	81011600	LawnGardenSupplies	81010000	Class→Family
LawnGardenOutdoorStructures	81011000	LawnGardenSupplies	81010000	Class→Family
LawnGardenSoilSoilAmendments	81011500	LawnGardenSupplies	81010000	Class→Family
LawnGardenTestingDiagnosticEquipment	81011400	LawnGardenSupplies	81010000	Class→Family
LawnGardenTiles	81011900	LawnGardenSupplies	81010000	Class→Family
LawnGardenWasteDisposal	81010700	LawnGardenSupplies	81010000	Class→Family
LawnGardenWateringEquipment	81010400	LawnGardenSupplies	81010000	Class→Family
LawnGardenWeatherMonitoringObservation	81011100	LawnGardenSupplies	81010000	Class→Family
Invertebrates	89020100	LiveAnimals	89020000	Class→Family
Vertebrates	89020200	LiveAnimals	89020000	Class→Family
LubricantsVarietyPacks	88030100	LubricantsVarietyPacks	88030000	Class→Family
LubricantsProtectiveCompoundsVarietyPacks	88010500	LubricantsProtectiveCompounds	88010000	Class→Family
LubricatingProducts	88010100	LubricantsProtectiveCompounds	88010000	Class→Family
ProtectiveCompounds	88010200	LubricantsProtectiveCompounds	88010000	Class→Family
LubricantsProtectiveCompoundsStorage	88020200	LubricantsProtectiveCompoundsStorageTransfer	88020000	Class→Family
CurrencyCertificates	96010100	CurrencyPostageCertificates	96010000	Class→Family
PrepaidCardsGiftCardsVouchers	96010200	CurrencyPostageCertificates	96010000	Class→Family
MusicalInstrumentAccessories	61010400	MusicalInstrumentsAccessories	61010000	Class→Family
MusicalInstrumentsNonPowered	61010200	MusicalInstrumentsAccessories	61010000	Class→Family
MusicalInstrumentsPowered	61010300	MusicalInstrumentsAccessories	61010000	Class→Family
MusicalInstrumentsAccessoriesVarietyPacks	61010500	MusicalInstrumentsAccessories	61010000	Class→Family
Jewellery	64010100	PersonalAccessories	64010000	Class→Family
PersonalAccessoriesVarietyPacks	64010400	PersonalAccessories	64010000	Class→Family
PersonalCarriersAccessories	64010200	PersonalAccessories	64010000	Class→Family
Watches	64010300	PersonalAccessories	64010000	Class→Family
PestPlantControlProducts	13010100	PestPlantControlProducts	13010000	Class→Family
PlantChemicalsTreatments	13010200	PestPlantControlProducts	13010000	Class→Family
PetAccessories	10101700	PetCare	10100000	Class→Family
PetCareVarietyPacks	10101800	PetCare	10100000	Class→Family
PetNutritionalSupplements	10101600	PetCare	10100000	Class→Family
PetWelfareHygiene	10101500	PetCare	10100000	Class→Family
PetCareFoodVarietyPacks	10120100	PetCareFoodVarietyPacks	10120000	Class→Family
PetDrinks	10111500	PetFoodDrinks	10110000	Class→Family
PetFood	10111600	PetFoodDrinks	10110000	Class→Family
PetFoodDrinksVarietyPacks	10111700	PetFoodDrinks	10110000	Class→Family
AirConditioningCoolingVentilationEquipment	79010600	PlumbingHeatingVentilationAirConditioning	79010000	Class→Family
BackflowPreventionDevices	79011000	PlumbingHeatingVentilationAirConditioning	79010000	Class→Family
BathroomFittings	79010300	PlumbingHeatingVentilationAirConditioning	79010000	Class→Family
HealthAndWellness	79011400	PlumbingHeatingVentilationAirConditioning	79010000	Class→Family
HeatingEquipment	79010500	PlumbingHeatingVentilationAirConditioning	79010000	Class→Family
PlumbingHeatingVentilationAirConditioning	79011300	PlumbingHeatingVentilationAirConditioning	79010000	Class→Family
PlumbingHeatingVentilationAirConditioningVarietyPacks	79010700	PlumbingHeatingVentilationAirConditioning	79010000	Class→Family
SanitaryWare	79010100	PlumbingHeatingVentilationAirConditioning	79010000	Class→Family
WasteSewageEquipment	79010900	PlumbingHeatingVentilationAirConditioning	79010000	Class→Family
WaterStorageTreatment	79010400	PlumbingHeatingVentilationAirConditioning	79010000	Class→Family
WaterGasSupplyCentralHeating	79010800	PlumbingHeatingVentilationAirConditioning	79010000	Class→Family
BurialProducts	99010100	PostmortemProducts	99010000	Class→Family
CemeteryProducts	99010200	PostmortemProducts	99010000	Class→Family
RawMaterialFormed	98020100	FormedRawMaterial	98020000	Class→Family
RecycledRenewableMaterial	98020200	FormedRawMaterial	98020000	Class→Family
WasteMaterialFormed	98020300	FormedRawMaterial	98020000	Class→Family
RawMaterialUnformed	98010100	UnformedRawMaterial	98010000	Class→Family
ProtectiveCollectiveAidsDiy	85010200	SafetyProtectionDiy	85010000	Class→Family
BabySafetySecuritySurveillance	91050100	BabySafetySecuritySurveillance	91050000	Class→Family
EnvironmentalFireChemicalSafetyProducts	91020100	EnvironmentalSafetySecurity	91020000	Class→Family
WeatherNaturalDisasterSafetyProducts	91020200	EnvironmentalSafetySecurity	91020000	Class→Family
AlarmSystems	91030100	HomeBusinessSafetySecuritySurveillance	91030000	Class→Family
Barriers	91030800	HomeBusinessSafetySecuritySurveillance	91030000	Class→Family
CrowdControl	91030700	HomeBusinessSafetySecuritySurveillance	91030000	Class→Family
DoorWindowPerimeterSecurityProducts	91030200	HomeBusinessSafetySecuritySurveillance	91030000	Class→Family
HomeBusinessFireExtinguishers	91030300	HomeBusinessSafetySecuritySurveillance	91030000	Class→Family
HomeBusinessSafetySecuritySurveillanceVarietyPacks	91030600	HomeBusinessSafetySecuritySurveillance	91030000	Class→Family
HomeBusinessSurveillanceEquipment	91030400	HomeBusinessSafetySecuritySurveillance	91030000	Class→Family
Safes	91030500	HomeBusinessSafetySecuritySurveillance	91030000	Class→Family
SecurityDevices	91030900	HomeBusinessSafetySecuritySurveillance	91030000	Class→Family
PersonalSafetyDevices	91010100	PersonalSafetySecurity	91010000	Class→Family
SafetySecuritySurveillanceVarietyPacks	91040100	SafetySecuritySurveillanceVarietyPacks	91040000	Class→Family
BuildingConstruction&RelatedServices	95020100	BuildingConstruction&RelatedServices	95020000	Class→Family
AccountingServices	95010100	BusinessAndCommercialServices	95010000	Class→Family
AdvertisingServices	95010200	BusinessAndCommercialServices	95010000	Class→Family
ArchitecturalAndEngineeringServices	95010300	BusinessAndCommercialServices	95010000	Class→Family
BusinessManagement&ConsultingServices	95010400	BusinessAndCommercialServices	95010000	Class→Family
ComputerAndTechnologyServices	95010500	BusinessAndCommercialServices	95010000	Class→Family
LegalServices	95010600	BusinessAndCommercialServices	95010000	Class→Family
CleaningServices	95030100	CleaningServices	95030000	Class→Family
AudioVisualServices	95040100	CommunicationServices	95040000	Class→Family
TelecommunicationsServices	95040200	CommunicationServices	95040000	Class→Family
DispensingVendingMachines	95160100	DispensingVendingMachines	95160000	Class→Family
EducationalServices	95050100	Educational&EntertainmentServices	95050000	Class→Family
EntertainmentServices	95050200	Educational&EntertainmentServices	95050000	Class→Family
EnergyServices	95060100	EnergyAndEnvironmentalServices	95060000	Class→Family
EnvironmentalServices	95060200	EnergyAndEnvironmentalServices	95060000	Class→Family
FinancialServices	95070100	FinancialServices	95070000	Class→Family
FoodAndDrinkServices	95110300	FoodDrinkAndAccommodationServices	95110000	Class→Family
TemporaryAccommodationServices	95110400	FoodDrinkAndAccommodationServices	95110000	Class→Family
InstallationServices	95120200	MaintenanceRepairAndInstallationServices	95120000	Class→Family
MaintenanceRepairServices	95120100	MaintenanceRepairAndInstallationServices	95120000	Class→Family
HygienicAndBeautyCareServices	95130100	MedicalAndBeautyCareServices	95130000	Class→Family
MedicalServices	95130200	MedicalAndBeautyCareServices	95130000	Class→Family
VeterinaryServices	95130300	MedicalAndBeautyCareServices	95130000	Class→Family
PackagingStorageServices	95080100	PackagingStorageServices	95080000	Class→Family
PostalServices	95090100	PostalServices	95090000	Class→Family
ScientificAndTechnologicalServices	95100100	ScientificAndTechnologicalServices	95100000	Class→Family
TransportationServices	95140100	TransportationServices	95140000	Class→Family
TravelServices	95150100	TravelServices	95150000	Class→Family
BabyExercisersTransportation	71020100	BabyExercisersTransportation	71020000	Class→Family
CombatSportsEquipment	71010700	SportsEquipment	71010000	Class→Family
CycleSportsEquipment	71010800	SportsEquipment	71010000	Class→Family
EquestrianSportsEquipment	71012400	SportsEquipment	71010000	Class→Family
FishingAnglingSportsEquipment	71012100	SportsEquipment	71010000	Class→Family
GymnasticsSportsEquipment	71011000	SportsEquipment	71010000	Class→Family
HuntingSportsAids	71011700	SportsEquipment	71010000	Class→Family
KitingParachutingSportsEquipment	71011100	SportsEquipment	71010000	Class→Family
PersonalFitnessSportsEquipment	71010900	SportsEquipment	71010000	Class→Family
RacquetSportsEquipment	71010300	SportsEquipment	71010000	Class→Family
ScooterSkateboardSportsEquipment	71011200	SportsEquipment	71010000	Class→Family
SnowIceSportsEquipment	71010500	SportsEquipment	71010000	Class→Family
SportingFirearmsEquipment	71011600	SportsEquipment	71010000	Class→Family
SportsBallsPucksShuttlecocksFrisbeesBoomerangs	71010200	SportsEquipment	71010000	Class→Family
SportsBatsSticksClubsCuesMallets	71010400	SportsEquipment	71010000	Class→Family
SportsEquipmentAccessories	71011900	SportsEquipment	71010000	Class→Family
SportsEquipmentVarietyPacks	71012300	SportsEquipment	71010000	Class→Family
SportsPersonalProtectiveEquipment	71012000	SportsEquipment	71010000	Class→Family
SportsTables	71011400	SportsEquipment	71010000	Class→Family
SwimmingSurfingDivingSportsEquipment	71011300	SportsEquipment	71010000	Class→Family
TargetSportsEquipment	71011500	SportsEquipment	71010000	Class→Family
TrackFieldSportsEquipment	71010100	SportsEquipment	71010000	Class→Family
TrekkingMountaineeringSportsEquipment	71010600	SportsEquipment	71010000	Class→Family
WatercraftSportsEquipment	71011800	SportsEquipment	71010000	Class→Family
GiftWrapAccessories	62050100	GreetingCardsGiftWrapOccasionSupplies	62050000	Class→Family
GreetingCardsGiftWrapOccasionSuppliesVarietyPacks	62050200	GreetingCardsGiftWrapOccasionSupplies	62050000	Class→Family
GreetingCardsInvitations	62050300	GreetingCardsGiftWrapOccasionSupplies	62050000	Class→Family
OccasionSupplies	62050400	GreetingCardsGiftWrapOccasionSupplies	62050000	Class→Family
OfficeMachinery	62060300	StationeryOfficeMachinery	62060000	Class→Family
OrganizationalPlanningStationery	62060400	StationeryOfficeMachinery	62060000	Class→Family
PostalPackagingEquipmentAidsAccessories	62060500	StationeryOfficeMachinery	62060000	Class→Family
PresentationEquipment	62060600	StationeryOfficeMachinery	62060000	Class→Family
StationeryAdhesivesBindersFasteners	62060700	StationeryOfficeMachinery	62060000	Class→Family
StationeryCuttersTrimmers	62060800	StationeryOfficeMachinery	62060000	Class→Family
StationeryPaperCardFilm	62061100	StationeryOfficeMachinery	62060000	Class→Family
StationeryStorageFiling	62060900	StationeryOfficeMachinery	62060000	Class→Family
StationeryOfficeMachineryOther	62061200	StationeryOfficeMachinery	62060000	Class→Family
StationeryOfficeMachineryVarietyPacks	62061000	StationeryOfficeMachinery	62060000	Class→Family
WritingDesignImplementsAids	62060100	StationeryOfficeMachinery	62060000	Class→Family
StationeryOfficeMachineryOccasionSuppliesVarietyPacks	62070100	StationeryOfficeMachineryOccasionSuppliesVarietyPacks	62070000	Class→Family
StorageBarrelsDrumsEmpty	92010300	StorageBottlesCylindersBarrelsEmpty	92010000	Class→Family
StorageBottlesCylindersEmpty	92010100	StorageBottlesCylindersBarrelsEmpty	92010000	Class→Family
PlatformHandlingSupportsConverters	92040100	StorageHaulageAids	92040000	Class→Family
StorageHaulageBoxesCratesTraysEmpty	92020100	StorageHaulageBoxesCratesTraysEmpty	92020000	Class→Family
BulkFreightContainersEmpty	92030100	StorageHaulageFreightContainersEmpty	92030000	Class→Family
Books	60010200	TextualPrintedReferenceMaterials	60010000	Class→Family
Maps	60010400	TextualPrintedReferenceMaterials	60010000	Class→Family
Periodicals	60010300	TextualPrintedReferenceMaterials	60010000	Class→Family
TextualPrintedReferenceMaterialsVarietyPacks	60010100	TextualPrintedReferenceMaterials	60010000	Class→Family
CannabisEdibles	12010100	TobaccoCannabisSmokingAccessories	12010000	Class→Family
CannabisNonEdibles	12010200	TobaccoCannabisSmokingAccessories	12010000	Class→Family
ECigarettesAndAccessories	12010400	TobaccoCannabisSmokingAccessories	12010000	Class→Family
NonTobaccoNonCannabisHerbal	12010500	TobaccoCannabisSmokingAccessories	12010000	Class→Family
SmokingAccessories	12010600	TobaccoCannabisSmokingAccessories	12010000	Class→Family
Tobacco	12010300	TobaccoCannabisSmokingAccessories	12010000	Class→Family
TobaccoCannabisHerbalProductsSmokingAccessoriesVarietyPacks	12010700	TobaccoCannabisSmokingAccessories	12010000	Class→Family
ToolStorage	84010100	ToolStorageWorkshopAids	84010000	Class→Family
WorkshopAids	84010200	ToolStorageWorkshopAids	84010000	Class→Family
AirCompressors	80013400	ToolsEquipment	80010000	Class→Family
AwlsPunchesNailsets	80011300	ToolsEquipment	80010000	Class→Family
CarpentryTools	80013600	ToolsEquipment	80010000	Class→Family
CarryingLiftingClimbingHandlingEquipment	80010400	ToolsEquipment	80010000	Class→Family
ChiselsGouges	80011500	ToolsEquipment	80010000	Class→Family
ConcreteTools	80013100	ToolsEquipment	80010000	Class→Family
DemolitionRemovalTools	80010500	ToolsEquipment	80010000	Class→Family
Drills	80011100	ToolsEquipment	80010000	Class→Family
DrywallTools	80010200	ToolsEquipment	80010000	Class→Family
Funnels	80012400	ToolsEquipment	80010000	Class→Family
GrindersSharpenersScrapersSanders	80011000	ToolsEquipment	80010000	Class→Family
HammersMalletsHatchetsAnvils	80011600	ToolsEquipment	80010000	Class→Family
HeatGeneratingWeldingTools	80012700	ToolsEquipment	80010000	Class→Family
Knives	80011400	ToolsEquipment	80010000	Class→Family
LubricationAdhesiveTools	80013200	ToolsEquipment	80010000	Class→Family
MasonryGlassTileTools	80010300	ToolsEquipment	80010000	Class→Family
MeasuringLevellingMarkingTools	80010100	ToolsEquipment	80010000	Class→Family
MilitaryEngineeringSpecialtyEquipment	80012900	ToolsEquipment	80010000	Class→Family
NailersStaplersRivetingTools	80010600	ToolsEquipment	80010000	Class→Family
OscillatingRotaryTools	80013000	ToolsEquipment	80010000	Class→Family
PipeTubeTools	80012000	ToolsEquipment	80010000	Class→Family
PlanesShapersFilesRasps	80011900	ToolsEquipment	80010000	Class→Family
PliersPincersGrabbersCuttingTools	80010800	ToolsEquipment	80010000	Class→Family
Saws	80011800	ToolsEquipment	80010000	Class→Family
Screwdrivers	80010700	ToolsEquipment	80010000	Class→Family
Sprayers	80013300	ToolsEquipment	80010000	Class→Family
ThreadingTapsDies	80012200	ToolsEquipment	80010000	Class→Family
ToolsEquipmentOther	80012800	ToolsEquipment	80010000	Class→Family
ToolsEquipmentVarietyPacks	80012300	ToolsEquipment	80010000	Class→Family
VacuumCleanersEquipment	80013500	ToolsEquipment	80010000	Class→Family
VisesClamps	80010900	ToolsEquipment	80010000	Class→Family
WrenchesSpannersKeys	80011700	ToolsEquipment	80010000	Class→Family
ServiceProvidedGamblingProducts	86020100	ServiceProvidedGamblingProducts	86020000	Class→Family
BoardGamesCardsPuzzles	86010100	ToysGames	86010000	Class→Family
DevelopmentalEducationalToys	86010400	ToysGames	86010000	Class→Family
DollsPuppetsActionFiguresSoftToys	86010200	ToysGames	86010000	Class→Family
DollsPuppetsActionFiguresSoftToysAccessories	86010300	ToysGames	86010000	Class→Family
FancyDressCostumesAccessories	86010500	ToysGames	86010000	Class→Family
IndoorOutdoorGamesPlayStructures	86010700	ToysGames	86010000	Class→Family
MusicalToys	86010600	ToysGames	86010000	Class→Family
RolePlayToys	86011200	ToysGames	86010000	Class→Family
TableGames	86010800	ToysGames	86010000	Class→Family
ToyVehiclesNonRide	86011100	ToysGames	86010000	Class→Family
ToysRideOn	86011000	ToysGames	86010000	Class→Family
ToysGamesOther	86011300	ToysGames	86010000	Class→Family
ToysGamesVarietyPacks	86010900	ToysGames	86010000	Class→Family
AgriculturalMachinery	77070100	AgriculturalMachinery	77070000	Class→Family
Aircraft	77040100	Aircraft	77040000	Class→Family
AutomotiveAntiTheftProducts	77013500	AutomotiveAccessoriesAndMaintenance	77010000	Class→Family
AutomotiveAntifreeze	77015100	AutomotiveAccessoriesAndMaintenance	77010000	Class→Family
AutomotiveAppearanceChemicals	77010400	AutomotiveAccessoriesAndMaintenance	77010000	Class→Family
AutomotiveAppearanceFragranceAccessories	77012900	AutomotiveAccessoriesAndMaintenance	77010000	Class→Family
AutomotiveBatteries	77015000	AutomotiveAccessoriesAndMaintenance	77010000	Class→Family
AutomotiveBodyRepair	77010200	AutomotiveAccessoriesAndMaintenance	77010000	Class→Family
AutomotiveBrakes	77015300	AutomotiveAccessoriesAndMaintenance	77010000	Class→Family
AutomotiveCargoManagement	77010300	AutomotiveAccessoriesAndMaintenance	77010000	Class→Family
AutomotiveDecorativeLighting	77014100	AutomotiveAccessoriesAndMaintenance	77010000	Class→Family
AutomotiveElectrical	77014300	AutomotiveAccessoriesAndMaintenance	77010000	Class→Family
AutomotiveExteriorAccessoriesCoveringsProtection	77012500	AutomotiveAccessoriesAndMaintenance	77010000	Class→Family
AutomotiveExteriorAccessoriesGrillsBumpers	77012300	AutomotiveAccessoriesAndMaintenance	77010000	Class→Family
AutomotiveExteriorAccessoriesRunningBoardsSteps	77012200	AutomotiveAccessoriesAndMaintenance	77010000	Class→Family
AutomotiveExteriorAccessoriesShieldsDeflectors	77012400	AutomotiveAccessoriesAndMaintenance	77010000	Class→Family
AutomotiveExteriorAppearanceAccessories	77012600	AutomotiveAccessoriesAndMaintenance	77010000	Class→Family
AutomotiveFilters	77013800	AutomotiveAccessoriesAndMaintenance	77010000	Class→Family
AutomotiveFluidChangeItems	77014700	AutomotiveAccessoriesAndMaintenance	77010000	Class→Family
AutomotiveFluidManagementAccessories	77014500	AutomotiveAccessoriesAndMaintenance	77010000	Class→Family
AutomotiveInteriorAccessoriesConvenience	77011600	AutomotiveAccessoriesAndMaintenance	77010000	Class→Family
AutomotiveInteriorAccessoriesDecorative	77012100	AutomotiveAccessoriesAndMaintenance	77010000	Class→Family
AutomotiveInteriorAccessoriesInteriorDash	77012000	AutomotiveAccessoriesAndMaintenance	77010000	Class→Family
AutomotiveInteriorAccessoriesInteriorFlooring	77011900	AutomotiveAccessoriesAndMaintenance	77010000	Class→Family
AutomotiveInteriorAccessoriesOrganisation	77011500	AutomotiveAccessoriesAndMaintenance	77010000	Class→Family
AutomotiveInteriorAccessoriesSeats	77011400	AutomotiveAccessoriesAndMaintenance	77010000	Class→Family
AutomotiveInteriorAccessoriesSteering	77011800	AutomotiveAccessoriesAndMaintenance	77010000	Class→Family
AutomotiveInteriorAccessoriesSunProtection	77011700	AutomotiveAccessoriesAndMaintenance	77010000	Class→Family
AutomotiveLightAssemblies	77014000	AutomotiveAccessoriesAndMaintenance	77010000	Class→Family
AutomotiveLightsBulbs	77013900	AutomotiveAccessoriesAndMaintenance	77010000	Class→Family
AutomotiveMaintenanceRepair	77011200	AutomotiveAccessoriesAndMaintenance	77010000	Class→Family
AutomotivePerformanceChemicals	77010500	AutomotiveAccessoriesAndMaintenance	77010000	Class→Family
AutomotiveSafety	77011300	AutomotiveAccessoriesAndMaintenance	77010000	Class→Family
AutomotiveSparkPlugsGlowPlugsInjectors	77013700	AutomotiveAccessoriesAndMaintenance	77010000	Class→Family
AutomotiveTowingHitch	77013100	AutomotiveAccessoriesAndMaintenance	77010000	Class→Family
AutomotiveTowingHitchElectrical	77013200	AutomotiveAccessoriesAndMaintenance	77010000	Class→Family
AutomotiveTrailersTrailerAccessories	77013300	AutomotiveAccessoriesAndMaintenance	77010000	Class→Family
AutomotiveTransmissionFluid	77010900	AutomotiveAccessoriesAndMaintenance	77010000	Class→Family
AutomotiveTyresWheels	77012700	AutomotiveAccessoriesAndMaintenance	77010000	Class→Family
AutomotiveTyresWheelsAccessories	77012800	AutomotiveAccessoriesAndMaintenance	77010000	Class→Family
AutomotiveWinchesWinchAccessories	77013400	AutomotiveAccessoriesAndMaintenance	77010000	Class→Family
AutomotiveWindowWasherFluid	77014900	AutomotiveAccessoriesAndMaintenance	77010000	Class→Family
AutomotiveWipersWiperParts	77013600	AutomotiveAccessoriesAndMaintenance	77010000	Class→Family
Cars	77030100	CarsAndMotorcycles	77030000	Class→Family
MotorcyclesAllTerrainVehiclesUtilityTaskVehicles	77030200	CarsAndMotorcycles	77030000	Class→Family
RailEquipment	77060100	RailEquipment	77060000	Class→Family
SpecialtyVehicles	77050100	SpecialtyVehicles	77050000	Class→Family
ArtsCraftsNeedleworkSupplies	70010000	ArtsCraftsNeedlework	70000000	Family→Segment
AudioVisualEquipment	68010000	AudioVisualPhotography	68000000	Family→Segment
AudioVisualMedia	68040000	AudioVisualPhotography	68000000	Family→Segment
AudioVisualPhotographyVarietyPacks	68050000	AudioVisualPhotography	68000000	Family→Segment
InCarElectronics	68030000	AudioVisualPhotography	68000000	Family→Segment
PhotographyOptics	68020000	AudioVisualPhotography	68000000	Family→Segment
BeautyPersonalCareHygieneVarietyPacks	53220000	BeautyPersonalCareHygiene	53000000	Family→Segment
BodyProducts	53200000	BeautyPersonalCareHygiene	53000000	Family→Segment
CosmeticsFragrances	53160000	BeautyPersonalCareHygiene	53000000	Family→Segment
HairProducts	53140000	BeautyPersonalCareHygiene	53000000	Family→Segment
MaternityProducts	53240000	BeautyPersonalCareHygiene	53000000	Family→Segment
PersonalHygieneProducts	53180000	BeautyPersonalCareHygiene	53000000	Family→Segment
PersonalIntimacy	53230000	BeautyPersonalCareHygiene	53000000	Family→Segment
SkinProducts	53130000	BeautyPersonalCareHygiene	53000000	Family→Segment
TattoosPermanent	53250000	BeautyPersonalCareHygiene	53000000	Family→Segment
BuildingProducts	83010000	BuildingProducts	83000000	Family→Segment
Camping	74010000	Camping	74000000	Family→Segment
CleaningProducts	47100000	CleaningHygieneProducts	47000000	Family→Segment
CleaningHygieneProductsVarietyPacks	47190000	CleaningHygieneProducts	47000000	Family→Segment
CleaningHygieneSupplies	47200000	CleaningHygieneProducts	47000000	Family→Segment
IndustrialCleaning	47220000	CleaningHygieneProducts	47000000	Family→Segment
WasteManagementProducts	47210000	CleaningHygieneProducts	47000000	Family→Segment
Activewear	67030000	Clothing	67000000	Family→Segment
Clothing	67010000	Clothing	67000000	Family→Segment
ProtectiveWear	67050000	Clothing	67000000	Family→Segment
Sleepwear	67020000	Clothing	67000000	Family→Segment
Swimwear	67060000	Clothing	67000000	Family→Segment
Underwear	67040000	Clothing	67000000	Family→Segment
Communications	66010000	Communications	66000000	Family→Segment
ComputersVideoGames	65010000	Computing	65000000	Family→Segment
CropsForFoodProduction	94020000	Crops	94000000	Family→Segment
CropsNotForFoodOrFeedAnimalAndFish	94010000	Crops	94000000	Family→Segment
GrassAndOtherCropsForAnimalFeedOrForSoilImprovement	94030000	Crops	94000000	Family→Segment
CrossSegment	58010000	CrossSegment	58000000	Family→Segment
ElectricalCablingWiring	78040000	ElectricalSupplies	78000000	Family→Segment
ElectricalConnectionDistribution	78020000	ElectricalSupplies	78000000	Family→Segment
ElectricalLighting	78030000	ElectricalSupplies	78000000	Family→Segment
ElectronicCommunicationComponents	78050000	ElectricalSupplies	78000000	Family→Segment
GeneralElectricalHardware	78060000	ElectricalSupplies	78000000	Family→Segment
FluidsFuelStorageTransfer	87020000	FluidsFuelsGases	87000000	Family→Segment
FuelsFuelAdditives	87010000	FluidsFuelsGases	87000000	Family→Segment
GasesNotUsedAsFuels	87030000	FluidsFuelsGases	87000000	Family→Segment
AnimalDerivedEdibleProducts	50410000	FoodBeverage	50000000	Family→Segment
Beverages	50200000	FoodBeverage	50000000	Family→Segment
BreadBakeryProducts	50180000	FoodBeverage	50000000	Family→Segment
CerealGrainPulseProducts	50220000	FoodBeverage	50000000	Family→Segment
ConfectionerySugarSweeteningProducts	50160000	FoodBeverage	50000000	Family→Segment
FishAndSeafood	50120000	FoodBeverage	50000000	Family→Segment
FoodBeverageVarietyPacks	50230000	FoodBeverage	50000000	Family→Segment
FreshGarnishFood	50360000	FoodBeverage	50000000	Family→Segment
FruitsUnpreparedUnprocessedFresh	50250000	FoodBeverage	50000000	Family→Segment
FruitsUnpreparedUnprocessedFrozen	50270000	FoodBeverage	50000000	Family→Segment
FruitsUnpreparedUnprocessedShelfStable	50310000	FoodBeverage	50000000	Family→Segment
FruitsVegetablesFresh&FreshCut	50370000	FoodBeverage	50000000	Family→Segment
FruitsVegetablesFreshCut	50380000	FoodBeverage	50000000	Family→Segment
FruitsVegetablesNutsSeedsPreparedProcessed	50100000	FoodBeverage	50000000	Family→Segment
InsectsEdible	50400000	FoodBeverage	50000000	Family→Segment
LeafVegetablesUnpreparedUnprocessedFresh	50350000	FoodBeverage	50000000	Family→Segment
MeatFishSeafoodSubstitutes	50390000	FoodBeverage	50000000	Family→Segment
MeatPoultryOtherAnimals	50240000	FoodBeverage	50000000	Family→Segment
MilkButterCreamYogurtsCheeseEggsSubstitutes	50130000	FoodBeverage	50000000	Family→Segment
NutsSeedsUnpreparedUnprocessedInShell	50340000	FoodBeverage	50000000	Family→Segment
NutsSeedsUnpreparedUnprocessedPerishable	50330000	FoodBeverage	50000000	Family→Segment
OilsFatsEdible	50150000	FoodBeverage	50000000	Family→Segment
PreparedPreservedFoods	50190000	FoodBeverage	50000000	Family→Segment
SeasoningsPreservativesExtracts	50170000	FoodBeverage	50000000	Family→Segment
VegetablesUnpreparedUnprocessedFrozen	50290000	FoodBeverage	50000000	Family→Segment
VegetablesUnpreparedUnprocessedShelfStable	50320000	FoodBeverage	50000000	Family→Segment
VegetablesNonLeafUnpreparedUnprocessedFresh	50260000	FoodBeverage	50000000	Family→Segment
Footwear	63010000	Footwear	63000000	Family→Segment
FamilyPlanning	51110000	Healthcare	51000000	Family→Segment
HealthEnhancement	51120000	Healthcare	51000000	Family→Segment
HealthTreatmentsAids	51100000	Healthcare	51000000	Family→Segment
HealthcareVarietyPacks	51140000	Healthcare	51000000	Family→Segment
HomeDiagnostics	51130000	Healthcare	51000000	Family→Segment
MedicalDevices	51150000	Healthcare	51000000	Family→Segment
PharmaceuticalDrugs	51160000	Healthcare	51000000	Family→Segment
VeterinaryHealthcare	51170000	Healthcare	51000000	Family→Segment
MajorDomesticAppliances	72010000	HomeAppliances	72000000	Family→Segment
SmallDomesticAppliances	72020000	HomeAppliances	72000000	Family→Segment
Bouquets	93100000	HorticulturePlants	93000000	Family→Segment
BulbsCormsRhizomesTubers	93050000	HorticulturePlants	93000000	Family→Segment
CutFlowers	93010000	HorticulturePlants	93000000	Family→Segment
CutGreens	93020000	HorticulturePlants	93000000	Family→Segment
LivePlantsGenusAThruG	93030000	HorticulturePlants	93000000	Family→Segment
LivePlantsGenusHThruZ	93040000	HorticulturePlants	93000000	Family→Segment
PlantsVarietyPacks	93060000	HorticulturePlants	93000000	Family→Segment
SeedlingsReadyToGrow	93110000	HorticulturePlants	93000000	Family→Segment
SeedsSpores	93070000	HorticulturePlants	93000000	Family→Segment
ShrubsTrees	93080000	HorticulturePlants	93000000	Family→Segment
VegetablesFungiPlants	93090000	HorticulturePlants	93000000	Family→Segment
BabyFurnishings	75050000	HouseholdOfficeFurnitureFurnishings	75000000	Family→Segment
HouseholdOfficeFurnishings	75020000	HouseholdOfficeFurnitureFurnishings	75000000	Family→Segment
HouseholdOfficeFurniture	75010000	HouseholdOfficeFurnitureFurnishings	75000000	Family→Segment
OrnamentalFurnishings	75030000	HouseholdOfficeFurnitureFurnishings	75000000	Family→Segment
DynamicPumps	11010000	IndustrialFluidPumpsSystems	11000000	Family→Segment
IndustrialPumpsStructures	11040000	IndustrialFluidPumpsSystems	11000000	Family→Segment
IndustrialPumpsEngines	11030000	IndustrialFluidPumpsSystems	11000000	Family→Segment
IndustrialPumps–ReplacementPartsAccessories	11050000	IndustrialFluidPumpsSystems	11000000	Family→Segment
PositiveDisplacementPumps	11020000	IndustrialFluidPumpsSystems	11000000	Family→Segment
Kitchenware	73040000	KitchenwareAndTableware	73000000	Family→Segment
Tableware	73050000	KitchenwareAndTableware	73000000	Family→Segment
LawnGardenSupplies	81010000	LawnGardenSupplies	81000000	Family→Segment
LiveAnimals	89020000	LiveAnimals	89000000	Family→Segment
LubricantsVarietyPacks	88030000	Lubricants	88000000	Family→Segment
LubricantsProtectiveCompounds	88010000	Lubricants	88000000	Family→Segment
LubricantsProtectiveCompoundsStorageTransfer	88020000	Lubricants	88000000	Family→Segment
CurrencyPostageCertificates	96010000	MonetaryAssets	96000000	Family→Segment
MusicalInstrumentsAccessories	61010000	Music	61000000	Family→Segment
PersonalAccessories	64010000	PersonalAccessories	64000000	Family→Segment
PestPlantControlProducts	13010000	PestPlantControlProducts	13000000	Family→Segment
PetCare	10100000	PetCareFood	10000000	Family→Segment
PetCareFoodVarietyPacks	10120000	PetCareFood	10000000	Family→Segment
PetFoodDrinks	10110000	PetCareFood	10000000	Family→Segment
PlumbingHeatingVentilationAirConditioning	79010000	PlumbingHeatingVentilationAirConditioning	79000000	Family→Segment
PostmortemProducts	99010000	PostmortemProducts	99000000	Family→Segment
FormedRawMaterial	98020000	RawMaterialsNonFood	98000000	Family→Segment
UnformedRawMaterial	98010000	RawMaterialsNonFood	98000000	Family→Segment
SafetyProtectionDiy	85010000	SafetyProtectionDiy	85000000	Family→Segment
BabySafetySecuritySurveillance	91050000	SafetySecuritySurveillance	91000000	Family→Segment
EnvironmentalSafetySecurity	91020000	SafetySecuritySurveillance	91000000	Family→Segment
HomeBusinessSafetySecuritySurveillance	91030000	SafetySecuritySurveillance	91000000	Family→Segment
PersonalSafetySecurity	91010000	SafetySecuritySurveillance	91000000	Family→Segment
SafetySecuritySurveillanceVarietyPacks	91040000	SafetySecuritySurveillance	91000000	Family→Segment
BuildingConstruction&RelatedServices	95020000	ServicesVendingMachines	95000000	Family→Segment
BusinessAndCommercialServices	95010000	ServicesVendingMachines	95000000	Family→Segment
CleaningServices	95030000	ServicesVendingMachines	95000000	Family→Segment
CommunicationServices	95040000	ServicesVendingMachines	95000000	Family→Segment
DispensingVendingMachines	95160000	ServicesVendingMachines	95000000	Family→Segment
Educational&EntertainmentServices	95050000	ServicesVendingMachines	95000000	Family→Segment
EnergyAndEnvironmentalServices	95060000	ServicesVendingMachines	95000000	Family→Segment
FinancialServices	95070000	ServicesVendingMachines	95000000	Family→Segment
FoodDrinkAndAccommodationServices	95110000	ServicesVendingMachines	95000000	Family→Segment
MaintenanceRepairAndInstallationServices	95120000	ServicesVendingMachines	95000000	Family→Segment
MedicalAndBeautyCareServices	95130000	ServicesVendingMachines	95000000	Family→Segment
PackagingStorageServices	95080000	ServicesVendingMachines	95000000	Family→Segment
PostalServices	95090000	ServicesVendingMachines	95000000	Family→Segment
ScientificAndTechnologicalServices	95100000	ServicesVendingMachines	95000000	Family→Segment
TransportationServices	95140000	ServicesVendingMachines	95000000	Family→Segment
TravelServices	95150000	ServicesVendingMachines	95000000	Family→Segment
BabyExercisersTransportation	71020000	SportsEquipment	71000000	Family→Segment
SportsEquipment	71010000	SportsEquipment	71000000	Family→Segment
GreetingCardsGiftWrapOccasionSupplies	62050000	StationeryOfficeMachineryOccasionSupplies	62000000	Family→Segment
StationeryOfficeMachinery	62060000	StationeryOfficeMachineryOccasionSupplies	62000000	Family→Segment
StationeryOfficeMachineryOccasionSuppliesVarietyPacks	62070000	StationeryOfficeMachineryOccasionSupplies	62000000	Family→Segment
StorageBottlesCylindersBarrelsEmpty	92010000	StorageHaulageContainers	92000000	Family→Segment
StorageHaulageAids	92040000	StorageHaulageContainers	92000000	Family→Segment
StorageHaulageBoxesCratesTraysEmpty	92020000	StorageHaulageContainers	92000000	Family→Segment
StorageHaulageFreightContainersEmpty	92030000	StorageHaulageContainers	92000000	Family→Segment
TextualPrintedReferenceMaterials	60010000	TextualPrintedReferenceMaterials	60000000	Family→Segment
TobaccoCannabisSmokingAccessories	12010000	TobaccoCannabis	12000000	Family→Segment
ToolStorageWorkshopAids	84010000	ToolStorageWorkshopAids	84000000	Family→Segment
ToolsEquipment	80010000	ToolsEquipment	80000000	Family→Segment
ServiceProvidedGamblingProducts	86020000	ToysGames	86000000	Family→Segment
ToysGames	86010000	ToysGames	86000000	Family→Segment
AgriculturalMachinery	77070000	Vehicle	77000000	Family→Segment
Aircraft	77040000	Vehicle	77000000	Family→Segment
AutomotiveAccessoriesAndMaintenance	77010000	Vehicle	77000000	Family→Segment
CarsAndMotorcycles	77030000	Vehicle	77000000	Family→Segment
RailEquipment	77060000	Vehicle	77000000	Family→Segment
SpecialtyVehicles	77050000	Vehicle	77000000	Family→Segment