id	type
"project"TypeLead	Concept
%OffMembershipPromotion	Concept
%OffShopPromotion	Concept
&AssignQuestRun	Concept
&GeoMention	Concept
&OptionallySendInvoice	Concept
&PreConfigureClientAccount	Concept
&PublishCredential	Concept
&SendInvoiceByEmail	Concept
&UpdateLead	Concept
&UpdatePerson	Concept
&UpdatedOrders	Concept
&UpdatedRecords	Concept
&UpdatedTicketOnEvent	Concept
(andSubscribe)/updateAContact	Concept
(assign)	Concept
(assign)Autoresponder	Concept
(doubleOptIn)/updateAContact	Concept
(first)Commitment	Concept
(fixedFee)SalesService	Concept
(fixedFee)Service	Concept
(hire)AnEmployee	Concept
(orUpdate)BlipContact	Concept
(orUpdate)Contact	Concept
(orUpdate)ContactAndTriggerAutomation	Concept
(orUpdate)ContactAndTriggerCampaign	Concept
(orUpdated)Person	Concept
(run)ActionSet	Concept
(set)Opt	Concept
(update)Contact	Concept
/RemoveGlobalSuppression	Concept
/ResendEngagementCredentials	Concept
/UpdateAContact	Concept
/UpdateACustomer	Concept
/UpdateAccount	Concept
/UpdateClient	Concept
/UpdateClientV2	Concept
/UpdateContact	Concept
/UpdateContactNote	Concept
/UpdateContacts	Concept
/UpdateCoupon	Concept
/UpdateDocument	Concept
/UpdateEvent	Concept
/UpdateIndividual	Concept
/UpdateInvoice	Concept
/UpdateLead	Concept
/UpdateListing	Concept
/UpdateListingNote	Concept
/UpdateOpportunity	Concept
/UpdateOrganizations	Concept
/UpdatePayment	Concept
/UpdatePotential	Concept
/UpdateProduct	Concept
/UpdateProspect	Concept
/UpdatePurchaseOrder	Concept
/UpdatePurchaseOrderLineItems	Concept
/UpdatePurchaseReturn	Concept
/UpdatePurchaseReturnLineItems	Concept
/UpdateQuote	Concept
/UpdateQuoteLineItem	Concept
/UpdateRecords	Concept
/UpdateSalesOrder	Concept
/UpdateSalesOrderLineItem	Concept
/UpdateSalesReturn	Concept
/UpdateSalesReturnLineItems	Concept
/UpdateSalesorder	Concept
/UpdateSubscriber	Concept
/UpdateTask	Concept
/UpdateTransaction	Concept
/UpdateUser	Concept
/UpdateUserProfile	Concept
/UpdateVendor	Concept
/UpdateVisit	Concept
/UpdatedBranch	Concept
/UpdatedCompletion	Concept
/UpdatedContact	Concept
/UpdatedFile	Concept
/UpdatedIssue	Concept
/UpdatedLead	Concept
/UpdatedListing	Concept
/UpdatedOffer	Concept
/UpdatedReservation	Concept
/UpdatedTask	Concept
/UpdatedTenancy	Concept
/UpdatedUser	Concept
/UpdatedValuation	Concept
/UpdatedViewing	Concept
1	Concept
10	Concept
1:1ActionItem	Concept
1:1ConsultationsOrder	Concept
1:1InvitationReceived	Concept
1:1MeetingNotes	Concept
1:1MeetingScheduled	Concept
1:1TalkingPoint	Concept
1StopBooking	Concept
1stPartyReview	Concept
2	Concept
2StopBooking	Concept
2WayMessageReceivedTrigger	Concept
3	Concept
3dcartOrder	Concept
3dcartOrderUpdate	Concept
3rdPartyReview	Concept
4	Concept
5	Concept
6	Concept
7	Concept
8	Concept
9	Concept
A"contentShared"EventIntoGong'sActivityTimeline	Concept
A"contentViewed"EventIntoGong'sActivityTimeline	Concept
A"customAction"EventIntoGong'sActivityTimeline	Concept
A1On1Space	Concept
A3dModelLink	Concept
AActivityByName	Concept
AAdjustmentReason	Concept
AAutomationById	Concept
ABacktrack	Concept
ABalance	Concept
ABarChart	Concept
ABark	Concept
ABaseProduct	Concept
ABatch	Concept
ABatchOfEftDebits	Concept
ABeneficiary	Concept
ABill	Concept
ABillingRequest	Concept
ABlock	Concept
ABlockUnderAnExistingBlockByItsUniqueId	Concept
ABlogPost	Concept
ABoard	Concept
ABoardCard	Concept
ABoardCustomField	Concept
ABoardCustomFieldOption	Concept
ABoardLabel	Concept
ABoardList	Concept
ABoardMembership	Concept
ABooking	Concept
ABox	Concept
ABrand	Concept
ABroadcast	Concept
ABubbleChart	Concept
ABubbleThing	Concept
ABudget“brexEmpower”CustomersOnly	Concept
ABug	Concept
ABusiness	Concept
ABusinessPartner	Concept
ACall	Concept
ACallRoom	Concept
ACampaign	Concept
ACandidacy	Concept
ACandidate	Concept
ACandidate'sDetail	Concept
ACandidateLink	Concept
ACaptureRequest	Concept
ACard	Concept
ACardById	Concept
ACardType	Concept
ACareer	Concept
ACase	Concept
ACaseAttachment	Concept
ACaseInvitationByCaseIdAndLawFirmRole	Concept
ACashTransaction	Concept
ACategory	Concept
ACertification	Concept
ACertifiedEmail	Concept
AChange	Concept
ACharge	Concept
AChargeRefund	Concept
AChart	Concept
AChart.jsChart	Concept
AChatMessage	Concept
AChatbot	Concept
ACheckIn	Concept
AChecklistByTitle	Concept
AChecklistComment	Concept
AChecklistInstanceById	Concept
AChecklistInstanceByTitle	Concept
AChecklistItem	Concept
AChecklistStepById	Concept
AChecklistStepByTitle	Concept
ACheckoutSession	Concept
AChemicalProductByProductId	Concept
AClerk	Concept
AClient	Concept
AClientAddress	Concept
AClientByEmail	Concept
AClientByName	Concept
AClientContact	Concept
AClientDocument	Concept
AClientGroupDocument	Concept
AClientInvitation	Concept
AClientMytime	Concept
AClientPhone	Concept
AClientService	Concept
AClientTrustee	Concept
AClientUser	Concept
AClientWebsite	Concept
ACloudResource	Concept
ACoachingAppointment	Concept
ACode	Concept
ACodeEmail	Concept
ACollaborator	Concept
ACollection	Concept
ACollectionOrder	Concept
AComment	Concept
ACommission	Concept
ACommonRoomContact	Concept
ACommunity	Concept
ACompany	Concept
ACompany'sDomainByName	Concept
ACompany(withMonitoring)	Concept
ACompany(withoutMonitoring)	Concept
ACompanyBasedOnSirenOrSiret	Concept
ACompanyByDomain	Concept
ACompanyById	Concept
ACompanyDetails	Concept
ACompanyTag	Concept
ACompanyVendor	Concept
ACompleteContact	Concept
ACompleteOrder	Concept
ACompleteOrder(withLineItemSupport)	Concept
AContact	Concept
AContact(basic)	Concept
AContactByAttributeValue	Concept
AContactByEmail	Concept
AContactByEmailAddress	Concept
AContactByItsUniqueIdentifierValue	Concept
AContactByName	Concept
AContactByOriginalId	Concept
AContactByPhoneNumber	Concept
AContactByRecipientId	Concept
AContactCustomConnection	Concept
AContactIntoNotifySystem	Concept
AContactIntoReviewsSystem	Concept
AContactList	Concept
AContactMobileCampaign(mobile+AdditionalData)	Concept
AContactNote	Concept
AContactRequest	Concept
AContactStage	Concept
AContactTag	Concept
AContactType	Concept
AContentItem	Concept
AContentPackage	Concept
AContract	Concept
AContractProject	Concept
AContribution	Concept
AContributor	Concept
AControl	Concept
AConversation	Concept
AConversationMembership	Concept
ACountSheet	Concept
ACounty	Concept
ACourse	Concept
ACredit	Concept
ACronitTask	Concept
ACurrency	Concept
ACustomAttribute	Concept
ACustomDocument	Concept
ACustomEvent	Concept
ACustomField	Concept
ACustomFieldOption	Concept
ACustomList	Concept
ACustomObject	Concept
ACustomObjectInstance	Concept
ACustomObjectInstanceTraits	Concept
ACustomTask	Concept
ACustomer	Concept
ACustomerAddress	Concept
ACustomerByExternalId	Concept
ACustomerByUniqueId	Concept
ACustomerCharge	Concept
ACustomerContact	Concept
ACustomerEvent	Concept
ACustomerEventNote	Concept
ACustomerOrder	Concept
ACustomerTag	Concept
ACventContact	Concept
ADailyConstructionReportLog	Concept
ADailyLogCallLog	Concept
ADancer	Concept
ADashboard	Concept
ADataLeak	Concept
ADataObject	Concept
ADataSubjectRequest	Concept
ADataTransaction	Concept
ADeal	Concept
ADeal(deals)	Concept
ADealByExternalKey	Concept
ADealType	Concept
ADebit	Concept
ADecision	Concept
ADeliveryOrder	Concept
ADeliveryTask	Concept
ADepartment	Concept
ADevice	Concept
ADirectGift	Concept
ADirectMailerCampaign	Concept
ADirectMessage	Concept
ADistributedProgram	Concept
ADistributionChannel	Concept
ADivision	Concept
ADoc	Concept
ADocMembership	Concept
ADocument	Concept
ADocumentById	Concept
ADocumentProject	Concept
ADocumentStatus	Concept
ADomainResearchReport	Concept
ADonation	Concept
ADraftCampaign	Concept
ADraftRequest	Concept
ADropDownMenuValue	Concept
AEmbedMembership	Concept
AEnvelope	Concept
AEvent	Concept
AExistingRecipient	Concept
AFallback	Concept
AFamily(basic)	Concept
AFanIdByEmailAddress	Concept
AFax	Concept
AFeature	Concept
AFeatureFlag	Concept
AFile	Concept
AFileChannel	Concept
AFinanceCategoryByName	Concept
AFinanceItem	Concept
AFinding	Concept
AFindingComment	Concept
AFindingRetest	Concept
AFindingRetestCancelledEvent	Concept
AFindingRetestInquiry	Concept
AFindingTemplate	Concept
AFixedContract	Concept
AFolder	Concept
AFolderMembership	Concept
AFollow	Concept
AFoodAndBeverageEntry	Concept
AForm	Concept
AFormAnswer	Concept
AFramework	Concept
AGateway	Concept
AGeneralComment	Concept
AGeneration	Concept
AGift	Concept
AGiftInvitation	Concept
AGiftInvite	Concept
AGlobalVariable	Concept
AGoalComment	Concept
AGroup	Concept
AGroupFollow	Concept
AGroupJoinRequest	Concept
AGroupMediaMessage	Concept
AGroupMessage	Concept
AGroupSpace	Concept
AGroupTextMessage	Concept
AGroupTextMessage(sms/Mms)	Concept
AGuest	Concept
AGuestList	Concept
AHandover	Concept
AHelpdeskCase	Concept
AHelpdeskCaseComment	Concept
AHistoryItem	Concept
AHuudle	Concept
AImage	Concept
AIndividual	Concept
AInvoice	Concept
AInvoiceMembership	Concept
AInwardConsignment	Concept
AJob	Concept
AJob(withLineItemSupport)	Concept
AJob(withoutLineItemSupport)	Concept
AJobAction	Concept
AJobDescriptor	Concept
AJobTitle	Concept
AJoinpoint	Concept
AJournal	Concept
AJournalEntry	Concept
AJsonString	Concept
AKey	Concept
AKeyword	Concept
ALabel	Concept
ALabelBySource	Concept
ALead	Concept
ALeadByCustomFields	Concept
ALeadById	Concept
ALeadOnBookee	Concept
ALeadType	Concept
ALeaveRecord	Concept
ALesson	Concept
ALetter	Concept
ALicense	Concept
ALicensee	Concept
ALine	Concept
ALineChart	Concept
ALink	Concept
AList	Concept
AListEntry	Concept
AListItem	Concept
AListOfAllAgreements	Concept
AListOfAllDocumentIdsOfAgreement	Concept
AListOfAllTasks	Concept
AListOfBatches	Concept
AListOfContacts	Concept
AListOfEcosystems	Concept
AListOfItems	Concept
AListOfMonitoredCompanies	Concept
AListOfTickets	Concept
AListOfTransactionsByDateRange	Concept
AListOfTransactionsById(s)	Concept
AListOfYourTemplatesV2	Concept
AListing	Concept
AListingRequest	Concept
AListsTasks	Concept
ALiveStream	Concept
ALoan	Concept
ALocation	Concept
ALog	Concept
ALot	Concept
ALotDetailsByExtref	Concept
AMail(oneshot)	Concept
AMailPiece	Concept
AMailpiece	Concept
AManualPayout	Concept
AManufacturingOrder	Concept
AMarketingCampaign	Concept
AMarketingCampaignMember	Concept
AMarketingCampaignMemberStatus	Concept
AMarketingEvent	Concept
AMarketplaceOrderItem	Concept
AMatterNote	Concept
AMeasurement	Concept
AMedia	Concept
AMediaFile	Concept
AMediaMessage	Concept
AMeeting	Concept
AMeetingDetails	Concept
AMember	Concept
AMember'sFieldInformation	Concept
AMemberByIdentity	Concept
AMemberByOrbitId	Concept
AMemberNote	Concept
AMemberPendingApproval	Concept
AMembership	Concept
AMembershipLevelObject	Concept
AMemo	Concept
AMerit	Concept
AMessage	Concept
AMessage.	Concept
AMessageById	Concept
AMessageChannel	Concept
AMessageTemplate	Concept
AMetric	Concept
AMilestone	Concept
AMilestoneContract	Concept
AMilestoneMembership	Concept
AMintLink	Concept
AModuleFile	Concept
AMultiMediaMessage	Concept
AMultiOrder	Concept
AMultimediaMessage	Concept
AMultimediaTextMessage	Concept
AMyhomeiqReport	Concept
ANewAccount	Concept
ANewActivity(task,Call,Meeting)	Concept
ANewActivity(todo,Meeting,Event,Etc.)	Concept
ANewAddress	Concept
ANewAiChatbot	Concept
ANewApplicant	Concept
ANewAppointment	Concept
ANewAsset	Concept
ANewBill	Concept
ANewBooking	Concept
ANewCampaign	Concept
ANewCart(order)	Concept
ANewCase	Concept
ANewChatSession	Concept
ANewClient	Concept
ANewComment	Concept
ANewCompany	Concept
ANewContact	Concept
ANewContactOrUpdateExistingContact	Concept
ANewCustomer	Concept
ANewCventAttendee	Concept
ANewCventContact	Concept
ANewDeal	Concept
ANewDocument	Concept
ANewDonor	Concept
ANewDressingRoom	Concept
ANewEmployee	Concept
ANewEntity	Concept
ANewEntry	Concept
ANewEvent	Concept
ANewFile	Concept
ANewFolder	Concept
ANewGroup	Concept
ANewHireezProject	Concept
ANewInboundLead	Concept
ANewInboundPong	Concept
ANewInteraction	Concept
ANewInvestment	Concept
ANewInvoice	Concept
ANewItem	Concept
ANewLead	Concept
ANewLeadOrUpdateExistingLead	Concept
ANewLeaseDocument	Concept
ANewLeaseNote	Concept
ANewLink	Concept
ANewList	Concept
ANewMember	Concept
ANewMessage	Concept
ANewNcrCard	Concept
ANewNote	Concept
ANewOpportunity	Concept
ANewOrder	Concept
ANewOwnership	Concept
ANewPartner	Concept
ANewPartnerLead	Concept
ANewPerson	Concept
ANewPoolAmount	Concept
ANewPortalInvite	Concept
ANewPost	Concept
ANewPrivateMessage	Concept
ANewProduct	Concept
ANewProject	Concept
ANewProjectDocument	Concept
ANewProjectNote	Concept
ANewProspect	Concept
ANewPublicMessage	Concept
ANewQuotation	Concept
ANewQuote	Concept
ANewRecipient	Concept
ANewRecord	Concept
ANewRecordOrUpdateIfAlreadyExists	Concept
ANewReferredCustomer	Concept
ANewReferringCustomer	Concept
ANewReminder	Concept
ANewRequest	Concept
ANewResponse	Concept
ANewRessource	Concept
ANewReviewRequest(reputation)	Concept
ANewSalesInvoice	Concept
ANewSalesInvoiceShopifyIntegration	Concept
ANewSalesOrder	Concept
ANewSession	Concept
ANewSiteAuditCampaign	Concept
ANewSms	Concept
ANewStoryVersion	Concept
ANewSubscriber	Concept
ANewSubscription	Concept
ANewSubscriptionList	Concept
ANewTag	Concept
ANewTask	Concept
ANewTechpack	Concept
ANewTextMessage&InitiateACall	Concept
ANewTextMessage(sms/Mms)(obsolete)	Concept
ANewTextMessage(sms/mms)	Concept
ANewTicket	Concept
ANewTrainingContainer	Concept
ANewTransaction	Concept
ANewUser	Concept
ANewVideo	Concept
ANewVoicemail	Concept
ANewVoucher	Concept
ANewsletter	Concept
ANewsletterDraft	Concept
ANotSubscribedContact	Concept
ANote	Concept
ANoteOrCallLog	Concept
ANotecard	Concept
ANotification	Concept
AOneOffUpdate	Concept
AOpportunity	Concept
AOrder	Concept
AOrganization	Concept
APackage	Concept
APage	Concept
AParallel	Concept
AParent/childConnection	Concept
AParentRecord	Concept
APartialDayEvent	Concept
AParticipant	Concept
APartner	Concept
APartnerApplication	Concept
APartnerTeamMember	Concept
AParty	Concept
APassword	Concept
APaygContract	Concept
APaylink	Concept
APayment	Concept
APaymentTerm	Concept
APaymentTransaction	Concept
APayout	Concept
APdf	Concept
APdfDocumentSignatureRequest	Concept
APdfOfSignedAgreement	Concept
APdfOfTheAgreement'sAuditTrail	Concept
APerson	Concept
APerson'sExtraQuestions	Concept
APerson,Organization,OrOpportunity	Concept
APersonAddress	Concept
APersonAsAttendingAnEventSession	Concept
APersonAttachment	Concept
APersonCompensation	Concept
APersonContact	Concept
APersonEducation	Concept
APersonEmail	Concept
APersonLinkedin	Concept
APersonNote	Concept
APersonalToDo	Concept
APhoneCall	Concept
APhoneNumber	Concept
APhysicalGift	Concept
APickAndDeliveryTask	Concept
APickUpTask	Concept
APieChart	Concept
APipeline	Concept
APlacementTestInvitation	Concept
APlanDetails	Concept
APlanDetailsByExtref	Concept
APod	Concept
APodcast	Concept
APost	Concept
APostFlag	Concept
APostIdea	Concept
APostcard	Concept
APresentation	Concept
APreset	Concept
APrice	Concept
APricingScheme	Concept
APrintJob	Concept
APrivateMessage	Concept
APrivateNote	Concept
AProactiveTemplateMessage	Concept
AProcedureByTitle	Concept
AProcedureOrChecklistById	Concept
AProcessInstance	Concept
AProduct	Concept
AProduct/service	Concept
AProductByName	Concept
AProductBySkuReference	Concept
AProductDescription	Concept
AProductFamily	Concept
AProductFamilyComponent	Concept
AProductionOrder	Concept
AProductsAvailability	Concept
AProfile	Concept
AProfileGroup(premium)	Concept
AProgram	Concept
AProject	Concept
AProjectAdmin	Concept
AProjectBySource	Concept
AProjectClient	Concept
AProjectEventTask	Concept
AProjectUser	Concept
AProjectWorkItem	Concept
APromoCode	Concept
APrompt	Concept
AProperty	Concept
AProposal	Concept
AProspect	Concept
AProspectAccount	Concept
AProspectContact	Concept
AProspectContactDetails	Concept
AProspectingList	Concept
AProvider	Concept
APublishedIfolio	Concept
APurchase	Concept
APurchaseOrder	Concept
APurchaseOrderInvoice	Concept
APurchaseOrderInvoiceQuery	Concept
APurchasedBark	Concept
APushoverNotification	Concept
AQrCode	Concept
AQrCodeChart	Concept
AQrCodeTracker(qod)	Concept
AQrcode	Concept
AQrcodeScan	Concept
AQuestion	Concept
AQueuedJob	Concept
AQuickLink	Concept
AQuickSend	Concept
AQuote	Concept
ARadarChart	Concept
ARainOrSnowForecast	Concept
ARandomCity	Concept
ARapidItem	Concept
AReaction	Concept
ARecallConsignment	Concept
AReceiver	Concept
ARecipentByEmail	Concept
ARecipient	Concept
ARecommendation	Concept
ARecord	Concept
ARecord(customTable)	Concept
ARecordByFilterQuery	Concept
ARecordByThqlQuery	Concept
ARecordOnCustomModule	Concept
ARecurringAsset	Concept
ARecurringInvoice	Concept
ARecurringProject	Concept
ARecurringScreenshot	Concept
ARedeemLink	Concept
AReferralById	Concept
ARefundTransaction	Concept
ARelationship	Concept
AReminder	Concept
ARentEstimate	Concept
ARental	Concept
ARep	Concept
ARepairOrder	Concept
AReply	Concept
AReport	Concept
ARepository	Concept
ARepriceRule	Concept
ARequest	Concept
ARequestAndSubmit	Concept
ARequestTemplate	Concept
AReservation	Concept
AReservedTransaction	Concept
AResource	Concept
AResourceOrRole	Concept
ARetable	Concept
ARetellLlm	Concept
ARetestCancelledEvent	Concept
ARetestInquiry	Concept
AReviewInvitation	Concept
AReviewRequest	Concept
AReward	Concept
ARewardRequest	Concept
ARinglessVoicemail	Concept
ARiskScoreSummaryOfAMonitoredCompany.	Concept
ARole	Concept
ARouteByCode	Concept
ARun	Concept
ASale	Concept
ASaleCreditNote	Concept
ASaleExtended	Concept
ASaleFulfilment	Concept
ASaleInvoice	Concept
ASalePayments	Concept
ASaleProject	Concept
ASalesActivity	Concept
ASalesDispatch	Concept
ASalesInvoice	Concept
ASalesLead	Concept
ASalesOpportunity	Concept
ASalesOrder	Concept
ASalesQuote	Concept
ASalesRep	Concept
ASaver	Concept
ASaverProperty	Concept
ASavingsFund	Concept
AScatterChart	Concept
AScene	Concept
ASchedule	Concept
AScheduledTask	Concept
ASchool	Concept
AScreenshotConfigurationAndCaptureNextScreenshot	Concept
ASecondaryGroup	Concept
ASegment	Concept
ASegment'sMembers	Concept
ASelfGuidedSlidecast	Concept
ASequenceByEmail,SmsOrBoth	Concept
AService	Concept
AServiceCall	Concept
AServiceTag	Concept
ASession	Concept
ASetOfImages	Concept
AShareableApplicationLink	Concept
AShift	Concept
AShipment	Concept
AShippingFulfillment	Concept
AShippingLabel	Concept
AShortLink	Concept
AShortenedUrl	Concept
ASidedrawer	Concept
ASignal	Concept
ASignatureRequest	Concept
ASignatureRequestReminder	Concept
ASigner	Concept
ASimpleFileRequest	Concept
ASingleContact	Concept
ASingleEmail	Concept
ASingleMessage	Concept
ASingleSms	Concept
ASingleTextMessage	Concept
ASingleUseSession	Concept
ASite	Concept
ASite'sHtml	Concept
ASlot	Concept
ASms	Concept
ASmsMessage	Concept
ASource	Concept
ASpace	Concept
ASparklineChart	Concept
ASpecificItemWithinASpecificSpace	Concept
ASpecificLead	Concept
ASpecificLeadUnderACompany	Concept
ASpecificList	Concept
ASpecificPageById	Concept
ASpecificProject	Concept
ASpecificProjectUnderACompany	Concept
ASpecificSubscriber	Concept
ASpecificVisitResult	Concept
AStaffMemberByEmail	Concept
AStaffMemberByName	Concept
AStage	Concept
AStatement	Concept
AStaticAudioRvm	Concept
AStaticGroup	Concept
AStep	Concept
AStockAdjustment	Concept
AStockCount	Concept
AStockCountSheet	Concept
AStockLot	Concept
AStockTransfer	Concept
AStockroomScan	Concept
AStorageFolder	Concept
AStreamMessage	Concept
AStudent	Concept
AStudent(basic)	Concept
AStudentRecord	Concept
ASubject	Concept
ASubmission	Concept
ASubmittal	Concept
ASubmittedForm	Concept
ASubscribedContact	Concept
ASubscriber	Concept
ASubscriber(deprecated)	Concept
ASubscriber(dynamicFields)	Concept
ASubscriberByEmail	Concept
ASubscriberByEmailAddress	Concept
ASubscriberOrCreate	Concept
ASubscription	Concept
ASummary	Concept
ASuperlink	Concept
ASupplier	Concept
ASupplierByCustomField	Concept
ASupplierByExtref	Concept
ASupplierById	Concept
ASupplierByName	Concept
ASupporter	Concept
ASurvey	Concept
ASurveyInvitation	Concept
ASurveyInvite	Concept
ASystemMessage	Concept
ATable	Concept
ATag	Concept
ATaggableItem	Concept
ATarget	Concept
ATask	Concept
ATask/workOrder	Concept
ATaskByDescription	Concept
ATaskComment	Concept
ATaskNote	Concept
ATaskSet	Concept
ATaskTemplate	Concept
ATaskV2	Concept
ATaxingScheme	Concept
ATeacherRecord	Concept
ATeam	Concept
ATeam,ResourceOrRole	Concept
ATeamContact	Concept
ATeamSms	Concept
ATeammate	Concept
ATemplate	Concept
ATemplateBasedEmail	Concept
ATest	Concept
ATestCase	Concept
ATestCertificate	Concept
ATestEvidence	Concept
ATestResult	Concept
ATestRunResult	Concept
ATestimonial	Concept
ATestimonialRequest	Concept
AText	Concept
ATextMessage	Concept
ATextMessage(sms/Mms)	Concept
ATextMessage(sms/Mms)(obsolete)	Concept
ATextPost	Concept
ATicket	Concept
ATierAccountRequest	Concept
ATierConfiguration	Concept
ATierConfigurationRequest	Concept
ATimeEntry	Concept
ATimelog	Concept
ATimeoff	Concept
ATimesheet	Concept
ATimesheetWorkItem	Concept
ATimingRun	Concept
ATodoItem	Concept
AToken	Concept
AToolFinding	Concept
AToolTarget	Concept
ATrack	Concept
ATracker	Concept
ATrackingNumber	Concept
ATrackingUrl	Concept
ATraining	Concept
ATrainingPollResultSet	Concept
ATransaction	Concept
ATransactionMailReceipt	Concept
ATransactionNote	Concept
ATransactionStatus	Concept
ATransactionalEmail	Concept
ATranscription	Concept
ATranslation	Concept
ATranslationRequest	Concept
ATrust	Concept
ATrustCenterRequest	Concept
ATxtFile	Concept
AUser	Concept
AUser'sShoppingCartItems	Concept
AUserAccount	Concept
AUserById	Concept
AUserByUserIdOrEmail	Concept
AUserCertificates	Concept
AUserEvent	Concept
AUserFollow	Concept
AUserGroup	Concept
AUserProfile	Concept
AUserSms	Concept
AValidCertificate	Concept
AValueEstimate	Concept
AVariant	Concept
AVault	Concept
AVehicle	Concept
AVendor	Concept
AVendorByHostname	Concept
AVendorById	Concept
AVideo	Concept
AVisit	Concept
AVoice	Concept
AVoiceMessage(simple)	Concept
AWebhook	Concept
AWebhookSubscription	Concept
AWebinar	Concept
AWebmAvatarVideo	Concept
AWebpage	Concept
AWebsiteReport	Concept
AWhatsappContactMessage	Concept
AWhatsappGroupMediaMessage	Concept
AWhatsappGroupTextMessage	Concept
AWhatsappInteractiveMessage	Concept
AWhatsappLocationMessage	Concept
AWhatsappMediaMessage	Concept
AWhatsappMessage	Concept
AWhatsappMessageTemplate	Concept
AWhatsappTemplate	Concept
AWhatsappTemplateMessage	Concept
AWhatsappTextMessage	Concept
AWordpressUser	Concept
AWorkflow	Concept
AWorksitesByName	Concept
AWorkspace	Concept
AZap	Concept
AbandonCart	Concept
AbandoncartEmail	Concept
AbandonedBasket	Concept
AbandonedBooking	Concept
AbandonedCart	Concept
AbandonedCartEvent	Concept
AbandonedCheckout	Concept
AbandonedLead	Concept
AbandonedMembers	Concept
AbandonedOrder	Concept
AbandonedPayment	Concept
AbandonedPurchase	Concept
AbandonedRoom	Concept
AbandonedSubscription	Concept
AbandonmentCart	Concept
AbandonnedOrder	Concept
Absence	Concept
AbsenceCreated	Concept
AbsenceQuota	Concept
AbsenceType	Concept
Absences	Concept
AbuseReport	Concept
AcademicPublications	Concept
AcademicPublicationsById	Concept
AcademyCourses	Concept
AcademyInfo	Concept
AcademyInvitation	Concept
AcceptTimesheet	Concept
AcceptedAppointment	Concept
AcceptedPost	Concept
AcceptedProposal	Concept
AcceptedProposalContactInformation	Concept
Access	Concept
AccessApplicationCreated	Concept
AccessCode	Concept
AccessGrant	Concept
AccessGroup	Concept
AccessLink	Concept
AccessPermissions	Concept
AccessRequest	Concept
AccessToken	Concept
AccessUrl	Concept
Accesses	Concept
AccessibleBoard	Concept
Accord	Concept
AccordCreated	Concept
AccordMember	Concept
Account	Concept
Account(orOptionallyCreate)	Concept
Account/prospect	Concept
AccountActivities	Concept
AccountActivity	Concept
AccountAdded	Concept
AccountAdmin	Concept
AccountBalance	Concept
AccountByAnyField	Concept
AccountByCode	Concept
AccountByExternalId	Concept
AccountById	Concept
AccountByName	Concept
AccountByQuery	Concept
AccountByReference	Concept
AccountByUserDefinedField	Concept
AccountCheckInFailed	Concept
AccountClassifications	Concept
AccountConnected	Concept
AccountContact	Concept
AccountCreated	Concept
AccountDetails	Concept
AccountEvent	Concept
AccountId	Concept
AccountInfo	Concept
AccountInformation	Concept
AccountInvite	Concept
AccountLimits	Concept
AccountList	Concept
AccountMembership	Concept
AccountNoteAdded	Concept
AccountProfile	Concept
AccountProperty	Concept
AccountQuotaDetails	Concept
AccountSettings	Concept
AccountSignUp	Concept
AccountStatement	Concept
AccountStatistics	Concept
AccountStatus	Concept
AccountSurveyAnswers	Concept
AccountSurveys	Concept
AccountTag	Concept
AccountTransaction	Concept
AccountUser(s)Info	Concept
AccountUsers	Concept
Accountcontact	Concept
AccountingCode	Concept
AccountingEntry	Concept
AccountingId	Concept
AccountingItem	Concept
Accounts	Concept
AccountsByExternalIds	Concept
AccountsLinked	Concept
AccreditedPayment	Concept
Achievement	Concept
Achievement(s)	Concept
AcknowledgeEvent	Concept
Acknowledgement	Concept
AcquisitionMethodDictionary	Concept
Action	Concept
Action(legacy)	Concept
ActionAssigned	Concept
ActionAssignedOnMe	Concept
ActionById	Concept
ActionByTitle	Concept
ActionCreated	Concept
ActionCurrentProgress	Concept
ActionExecutionDetails​	Concept
ActionFlows	Concept
ActionHistory	Concept
ActionItem	Concept
ActionItemCreated	Concept
ActionItemIsCreated	Concept
ActionItemOrAlert	Concept
ActionItemOrTactic	Concept
ActionItems	Concept
ActionOnCandidateEvaluation	Concept
ActionOnProject	Concept
ActionOnTicket	Concept
ActionOnWorkspace	Concept
ActionOrActionUpdated	Concept
ActionPlan	Concept
ActionPointEvent	Concept
ActionReportsByInspection	Concept
ActionSequence	Concept
ActionSet	Concept
ActionTask	Concept
ActionTemplate	Concept
ActionableTask	Concept
Actions	Concept
Activated	Concept
ActivatedContact	Concept
Activation	Concept
ActivationFreecopyUniqueCode	Concept
ActiveCart	Concept
ActiveClient	Concept
ActiveContactList	Concept
ActiveContractJob	Concept
ActiveIndicatorAtCustomer	Concept
ActiveIntakeTemplates	Concept
ActiveMemberList	Concept
ActiveNumbers	Concept
ActivePosition	Concept
ActiveProject	Concept
ActiveProposal	Concept
ActiveSubscriber	Concept
ActiveTimers	Concept
ActiveUser	Concept
ActiveUsers	Concept
ActiveWeatherAlerts	Concept
ActivistCodes	Concept
Activities	Concept
ActivitiesByWorkspace	Concept
Activity	Concept
Activity(anyType)	Concept
Activity/AgentsLogEntry	Concept
ActivityActionsFeed	Concept
ActivityAdded	Concept
ActivityByActivityid	Concept
ActivityById	Concept
ActivityByQuery	Concept
ActivityCall	Concept
ActivityCompletionStatusOfUser	Concept
ActivityCreated	Concept
ActivityData	Concept
ActivityDetails	Concept
ActivityDetected	Concept
ActivityEmail	Concept
ActivityEvent	Concept
ActivityFeed	Concept
ActivityFile	Concept
ActivityFileUrls	Concept
ActivityInformation(deprecatedBy1.2.0)	Concept
ActivityItem	Concept
ActivityLetter	Concept
ActivityLog	Concept
ActivityLogIsCreated	Concept
ActivityMassEmail	Concept
ActivityMeeting	Concept
ActivityMessage	Concept
ActivityNote	Concept
ActivityNotes	Concept
ActivityOccurred	Concept
ActivityOnABoard	Concept
ActivityOnObject	Concept
ActivityOnProject	Concept
ActivityStreamEvent	Concept
ActivityTask	Concept
ActivityType	Concept
ActivityTypeById	Concept
Actor	Concept
Actual	Concept
Ad	Concept
AdById	Concept
AdContent	Concept
AdHocTask	Concept
AdStatisticsReport	Concept
Add	Concept
AddOn	Concept
Added	Concept
AddedOnWiki	Concept
AdditionalContact	Concept
AdditionalFormCompleted	Concept
AddonsByEvent	Concept
Address	Concept
Address(planningCenter)	Concept
Address/contact	Concept
AddressBook	Concept
AddressBookEntry	Concept
AddressByEmail	Concept
AddressCreated	Concept
AddressDetails	Concept
Addressbook	Concept
Addresses	Concept
AddressesAroundGps	Concept
Addresss	Concept
AdhocStep	Concept
Adjustment	Concept
AdjustmentEventCreated	Concept
Admin	Concept
Admin/moderatorDetails	Concept
AdminBooking	Concept
AdminGroup	Concept
AdminReportResults	Concept
Admission	Concept
AdmissionsApplication	Concept
AdsByBrandIds	Concept
AdsByPageId	Concept
Adult	Concept
Advance	Concept
AdvanceParole	Concept
AdvanceWhatsappMessage	Concept
AdvancedPayrollReport	Concept
AdvancedPushNotification	Concept
AdvancedRoundRobinGroups	Concept
AdvancedTextTranslation	Concept
AdvancedTimelineItem	Concept
Advert	Concept
AdvertisementGeneric	Concept
AdvocacyMessage	Concept
AdvocacyStory	Concept
Advocate	Concept
Advocate'sShareLinks	Concept
AdvocateAction	Concept
Affidavit	Concept
Affiliate	Concept
AffiliateAdded	Concept
AffiliateAddedLegacy	Concept
AffiliateApproved	Concept
AffiliateCampaign	Concept
AffiliateConversion	Concept
AffiliateCreated	Concept
AffiliateLead	Concept
AffiliatePayment	Concept
AffiliateProspect	Concept
AffiliatePublisherInvitation	Concept
AffiliateRegistered	Concept
AffiliateRegistration	Concept
AffiliateSignUp	Concept
AffiliateSignup	Concept
Affiliation	Concept
AffiliationRequest	Concept
AftercallEvent	Concept
Aftersalelead	Concept
Agency	Concept
AgencyCustomerLead	Concept
AgencyDetected	Concept
AgendaItem	Concept
Agent	Concept
AgentActivated	Concept
AgentAdded	Concept
AgentByEmail	Concept
AgentById	Concept
AgentCall	Concept
AgentCallTask	Concept
AgentConversation	Concept
AgentData	Concept
AgentDetails	Concept
AgentExecutionResponse	Concept
AgentIds	Concept
AgentInputSchema	Concept
AgentJobs	Concept
AgentLead	Concept
AgentMessage	Concept
AgentReply	Concept
AgentStatus	Concept
Agents	Concept
AgreedProposal	Concept
Agreement	Concept
Agreement(summary)	Concept
AgreementCompleted	Concept
AgreementNote	Concept
AgreementVerdict	Concept
AgreementsConfigurationsAReviewProcess	Concept
Ahj's	Concept
AiActivity	Concept
AiAgentCall	Concept
AiAgentOutboundCall	Concept
AiAnalysis	Concept
AiChat	Concept
AiChatMessage	Concept
AiChatbot	Concept
AiContent	Concept
AiCopy	Concept
AiCreatedSurvey	Concept
AiDeck	Concept
AiFeedArticle	Concept
AiKeywordSearchVolume	Concept
AiNote	Concept
AiNotes	Concept
AiOutboundCampaignLead	Concept
AiPromptResponse	Concept
AiPromptResponseGenerated	Concept
AiStatus	Concept
AiSummary	Concept
AiSystemPromptResponseGenerated	Concept
AiTranscription	Concept
AiVideo	Concept
AiVoiceAgentCall	Concept
AiaInvoice	Concept
AirQualityForecast	Concept
Airmeet	Concept
AirmeetBooths	Concept
AirmeetCustomFields	Concept
AirmeetTracks	Concept
Alarm	Concept
AlarmEvent	Concept
Album	Concept
AlbumImages	Concept
Alert	Concept
AlertCenterItem	Concept
AlertCreated	Concept
AlertEvent	Concept
AlertMessage	Concept
AlertNotification	Concept
AlertNotificationCombined	Concept
AlertOrDeployment	Concept
Alerts	Concept
AlgorithmCreated	Concept
AllAbandonedCarts	Concept
AllAccountContacts	Concept
AllAccounts	Concept
AllActivities	Concept
AllActivityTypes	Concept
AllAlbums	Concept
AllApplicationForms	Concept
AllApplications	Concept
AllAssets	Concept
AllAssignment	Concept
AllAttendees	Concept
AllAutomations	Concept
AllAvailablePropertyFeatures	Concept
AllBites	Concept
AllBots	Concept
AllBoxDocGenTemplates	Concept
AllBoxSignRequests	Concept
AllBrands	Concept
AllBugsOfStatus	Concept
AllCampaigns	Concept
AllCaptablesThatBelong	Concept
AllCards	Concept
AllCategories	Concept
AllChannels	Concept
AllClassifications	Concept
AllClearEvent	Concept
AllClients	Concept
AllClosingNotes	Concept
AllCoachingTypes	Concept
AllCollections	Concept
AllColumns	Concept
AllCommentsByList	Concept
AllCommentsOfBug	Concept
AllCommentsThatBelong	Concept
AllCommissionsMatchingSearch	Concept
AllCommunities	Concept
AllCompanies	Concept
AllCompanyData	Concept
AllContactTypes	Concept
AllContacts	Concept
AllContactsThatBelong	Concept
AllContracts	Concept
AllConversations	Concept
AllCoupons	Concept
AllCourseGrades	Concept
AllCustomFeatures	Concept
AllCustomFields	Concept
AllCustomSoftware	Concept
AllCustomers	Concept
AllDepartment	Concept
AllDeviceGroups	Concept
AllDialSessionData	Concept
AllDigests(advanced)	Concept
AllDiscounts	Concept
AllDocumentTypes	Concept
AllDomainResearchReports	Concept
AllEmailBlasts	Concept
AllEmployeeJobs	Concept
AllEnquiries	Concept
AllEnterpriseMetadataTemplates	Concept
AllEnterpriseUsers	Concept
AllEquipment	Concept
AllFalconGuardReports	Concept
AllFinanceCategories	Concept
AllFinanceItems	Concept
AllFirmUser	Concept
AllFormFields	Concept
AllGlobalVariables	Concept
AllGroupContacts	Concept
AllInstancesOfAContact	Concept
AllInvites	Concept
AllInvoices	Concept
AllItemsWithinASpecificList	Concept
AllJournalEntries	Concept
AllJourneys	Concept
AllKeys	Concept
AllKeywordReports	Concept
AllLabels	Concept
AllLeadPipelineNames	Concept
AllLeadSources	Concept
AllLeadTypes	Concept
AllLeads	Concept
AllLedgers	Concept
AllListsWithinASpace	Concept
AllLocationContacts	Concept
AllLocationReports	Concept
AllLocationsByOrg	Concept
AllMatters	Concept
AllMedia	Concept
AllMergeRequests	Concept
AllMetricsThatBelong	Concept
AllNewsThatBelong	Concept
AllNotes	Concept
AllNotesByContactId	Concept
AllNotesSummarizedByContactId	Concept
AllOpportunitySharedByPartner	Concept
AllOrders	Concept
AllParents	Concept
AllPaymentModes	Concept
AllPeople	Concept
AllPersonCompensation	Concept
AllPersonEducation	Concept
AllPersonLinkedin	Concept
AllPipelines	Concept
AllPost	Concept
AllPosts	Concept
AllProductInterests	Concept
AllProductTypes	Concept
AllProducts	Concept
AllProjectClients	Concept
AllProjectTypes	Concept
AllProjectUsers	Concept
AllProjects	Concept
AllProperties	Concept
AllPropertyClaims	Concept
AllPropertyTags	Concept
AllPropertyTypes	Concept
AllProposals	Concept
AllProspect'sContact	Concept
AllProspectsContacts	Concept
AllPublications	Concept
AllPurchaseOrderInvoiceQueries	Concept
AllPurchaseOrderInvoices	Concept
AllPurchaseOrders	Concept
AllQuotes	Concept
AllRecordings	Concept
AllRelatedUuids	Concept
AllReminders	Concept
AllRequesterRoles	Concept
AllRoles	Concept
AllRows	Concept
AllSalesAreas	Concept
AllSalesInvoices	Concept
AllSavedFiles	Concept
AllScanReports	Concept
AllScenes	Concept
AllScheduledMessages	Concept
AllScheduledTask	Concept
AllSchools	Concept
AllScorecardsThatBelong	Concept
AllSegments	Concept
AllSequenceByLocationId	Concept
AllSequenceSteps	Concept
AllSequences	Concept
AllServiceCalls	Concept
AllShipments	Concept
AllShortLinks	Concept
AllSites	Concept
AllSources	Concept
AllStakeholder	Concept
AllSubscribers	Concept
AllSubscribers(optionallyByStatus)	Concept
AllSuppliers	Concept
AllTableRecords	Concept
AllTableReports	Concept
AllTagLists	Concept
AllTags	Concept
AllTasks	Concept
AllTaxonomyElementsByType	Concept
AllTechnicianRoles	Concept
AllTemplateMessages	Concept
AllTemplates	Concept
AllTheEmailAndSmsUnsubscribes	Concept
AllTheOwnerships	Concept
AllTickets	Concept
AllTimeHigh	Concept
AllTimelinesThatBelong	Concept
AllTimezones	Concept
AllTracks	Concept
AllTranslations	Concept
AllTrendReports	Concept
AllUpdatedCandidates	Concept
AllUsers	Concept
AllUsersOfProject	Concept
AllValues	Concept
AllVariables	Concept
AllVideos	Concept
AllVisitors	Concept
AllWebhooks	Concept
AllWorkflows	Concept
AllWorkspaces	Concept
AllYourApps	Concept
AllYourAvailableAiModels	Concept
AllocatedResources	Concept
Allocation	Concept
AmaSale	Concept
AmazonOrder	Concept
Ambassador	Concept
AmbassadorByEmail	Concept
AmbassadorByShortcode	Concept
AmbassadorMembership	Concept
Amount	Concept
AnAbandonedCart	Concept
AnAccessCode	Concept
AnAccount	Concept
AnAccountConsent	Concept
AnAccountingEntry	Concept
AnAction	Concept
AnAction(candidate)	Concept
AnAction(contact)	Concept
AnActiveSubscriber	Concept
AnActivity	Concept
AnActor	Concept
AnAddress	Concept
AnAdvancedTransaction	Concept
AnAffiliate	Concept
AnAgent	Concept
AnAgreement	Concept
AnAiVoiceRvm	Concept
AnAnswer	Concept
AnApiKey	Concept
AnAppInstall	Concept
AnApplication	Concept
AnAppointment	Concept
AnAppointmentTask	Concept
AnApprovalRequest	Concept
AnArtefactCategory	Concept
AnArticle	Concept
AnAssembly	Concept
AnAssessment	Concept
AnAssessmentComment	Concept
AnAssessmentPhase	Concept
AnAssessmentSection	Concept
AnAssessmentSectionComment	Concept
AnAssessmentUser	Concept
AnAsset	Concept
AnAssetRequest	Concept
AnAssetVersion	Concept
AnAssignment	Concept
AnAttachment	Concept
AnAttachmentById	Concept
AnAttachmentOrExpandedPdf	Concept
AnAttendee	Concept
AnAudienceGroup	Concept
AnAudio	Concept
AnAuthenticatedLink	Concept
AnAuthor	Concept
AnAvailableProgram	Concept
AnAvatarVideo(generate)	Concept
AnAvatarVideo(scene)	Concept
AnEbook	Concept
AnEgift	Concept
AnEmail	Concept
AnEmailActivity	Concept
AnEmailCampaign	Concept
AnEmailSurvey	Concept
AnEmbed	Concept
AnEmployee	Concept
AnEmptyForm	Concept
AnEnquiry	Concept
AnEntity	Concept
AnEntry	Concept
AnEnvelopeUsingATemplate	Concept
AnEquipment	Concept
AnEsign	Concept
AnEstimate	Concept
AnEvent	Concept
AnEventByOpendateId	Concept
AnExistingBurp	Concept
AnExistingContact	Concept
AnExistingDeal	Concept
AnExistingFile	Concept
AnExistingItem	Concept
AnExistingLead	Concept
AnExistingMember	Concept
AnExistingPage	Concept
AnExistingPerson	Concept
AnExistingRequest	Concept
AnExistingSalesOrder	Concept
AnExpense	Concept
AnExpenseEntry	Concept
AnExpiredSubscriber	Concept
AnExternalContent	Concept
AnExternalEvent	Concept
AnExternalInvoice	Concept
AnExternalMessage(rakeDirect)	Concept
AnFormAssignment	Concept
AnFosWorkflowTask	Concept
AnIdentity	Concept
AnIdentityBreach	Concept
AnIfolio	Concept
AnImage	Concept
AnImagePost	Concept
AnImpactSummary	Concept
AnIncident	Concept
AnIncomeInvoice	Concept
AnIncomeTicket	Concept
AnInfoRequest	Concept
AnInsight	Concept
AnInspectionTypeByName	Concept
AnIntakeReport	Concept
AnIntegrationConnection	Concept
AnInteraction	Concept
AnInteractiveWhatsappButtonMessage	Concept
AnInteractiveWhatsappListMessage	Concept
AnInternalNews	Concept
AnInternalUser	Concept
AnInventory	Concept
AnInvitation	Concept
AnInvite	Concept
AnInvoice	Concept
AnIpAddress	Concept
AnIssue	Concept
AnItem	Concept
AnItemOnAnOrder	Concept
AnJob	Concept
AnNft	Concept
AnNftCollection	Concept
AnNftUsingASpecialIdOnPolygon	Concept
AnObligation	Concept
AnOnChainTransaction	Concept
AnOpportunity	Concept
AnOption	Concept
AnOrder	Concept
AnOrderByAntsrouteId	Concept
AnOrderByExternalId	Concept
AnOrderById	Concept
AnOrderByNumber	Concept
AnOrderItem	Concept
AnOrderOrEstimate	Concept
AnOrderTransaction	Concept
AnOrganisation	Concept
AnOrganization	Concept
AnOrganizationByExternalKey	Concept
AnOrganizationContact	Concept
AnOutboundSipTrunk	Concept
AnOutcome	Concept
AnOutputType	Concept
AnOwnerByExtref	Concept
AnSms	Concept
AnSmsById	Concept
AnSmsMessage	Concept
AnSmsMessage(advanced)	Concept
AnTimeEntry	Concept
AnUncappedCollection	Concept
AnUpdate	Concept
AnagraphicEmails	Concept
AnagraphicsEmails	Concept
Analyses	Concept
Analysis	Concept
AnalysisAnsweringLink	Concept
AnalysisCompleted	Concept
Analytic	Concept
Analytics	Concept
AnalyticsActivity	Concept
AnalyzeSpeechStatus(beta)	Concept
AnalyzeStatus(beta)	Concept
And/orUpdatedAnd/orCanceledBooking	Concept
And/orUpdatedClient	Concept
And/orUpdatedConversation	Concept
And/orUpdatedPayment	Concept
And/orUpdatedReview	Concept
And/orUpdatedTimeEntry(onlyAdminUsers)	Concept
AndAddClient	Concept
AndAddTags	Concept
AndAppend	Concept
AndAssignAWorkflow	Concept
AndCompleteTask	Concept
AndCreate/updateContact	Concept
AndCreate/updateContactPerson	Concept
AndDeleteABookingOrAppointment	Concept
AndDeleteFoundText	Concept
AndDeleteRow	Concept
AndDeleteRow(workdrive)	Concept
AndDownloadDocument	Concept
AndEmailCheck	Concept
AndEnrollUser(legacy)	Concept
AndGetActivity	Concept
AndGetContactByEmail	Concept
AndGetContactById	Concept
AndGetPropertyById	Concept
AndGetPropertyByReference	Concept
AndGetPropertyDescription	Concept
AndGetPropertyFileByPropertyIdAndFileId	Concept
AndGetPropertyHtmlByPropertyIdAndHtmlId	Concept
AndGetPropertyImageByPropertyIdAndImageId	Concept
AndGetPropertyLinkByPropertyIdAndLinkId	Concept
AndGetRecipient	Concept
AndGetSaleByCode	Concept
AndGetSaleById	Concept
AndGetUser	Concept
AndInviteClient	Concept
AndInviteMembers	Concept
AndLaunchANewReport	Concept
AndMailCheck	Concept
AndMintNft	Concept
AndPopulateANewSession	Concept
AndPublishARelease	Concept
AndReplace	Concept
AndReplaceText	Concept
AndRunATask	Concept
AndRunTaskV2	Concept
AndScheduleRdeJob	Concept
AndSendACustomNote	Concept
AndSendAShipment	Concept
AndSendNewsletter	Concept
AndSendPostcard	Concept
AndSendQuestionnaire	Concept
AndSubscribeContact	Concept
AndTrackAPostcardOrLetter	Concept
AndUpdateCandidateProfile	Concept
AndUpdateContact	Concept
AndUpdateObject	Concept
AndUpdateRow	Concept
AndUpdateRow(workdrive)	Concept
AndUpdatedAgents	Concept
AndUpdatedAnalysisAndProposal	Concept
AndUpdatedAttendees	Concept
AndUpdatedBookings	Concept
AndUpdatedChatMessages	Concept
AndUpdatedClientInvitations	Concept
AndUpdatedClients	Concept
AndUpdatedContacts	Concept
AndUpdatedEventCampaigns	Concept
AndUpdatedParentRecords	Concept
AndUpdatedStudentRecords	Concept
AnimalMeasurement	Concept
AnimatedGif	Concept
Animatic	Concept
Annotation	Concept
Annotations	Concept
Announcement	Concept
AnomalyScore	Concept
AnonymousEvent	Concept
AnonymousSharingLink	Concept
Answer	Concept
AnswerSuggestion	Concept
Answers	Concept
AnyDocument	Concept
AnyIcon	Concept
AnyRecord	Concept
Anything	Concept
ApInvoice	Concept
ApPayments	Concept
Apartments	Concept
ApiEvent	Concept
ApiReports	Concept
ApiRequest	Concept
ApiSettings	Concept
ApiWorkflow	Concept
App	Concept
AppAutomateBuild	Concept
AppConnection	Concept
AppInstalls	Concept
AppLead	Concept
AppLicense	Concept
AppRecord	Concept
AppResponse	Concept
AppResult	Concept
AppStoreQrCode	Concept
AppStoresQrCode	Concept
AppUser	Concept
Appeal	Concept
AppealCreated	Concept
AppealDetails	Concept
Applicant	Concept
ApplicantById	Concept
ApplicantByName	Concept
ApplicantCreated	Concept
ApplicantRequest	Concept
Application	Concept
ApplicationById	Concept
ApplicationClosed	Concept
ApplicationCreated	Concept
ApplicationEvent	Concept
ApplicationFormSubmission	Concept
ApplicationLate	Concept
ApplicationNote	Concept
ApplicationPendingSubmission	Concept
ApplicationProgressStageChanged	Concept
ApplicationRequest	Concept
ApplicationRevealed	Concept
ApplicationStages	Concept
ApplicationStarted	Concept
ApplicationStatus	Concept
ApplicationStepApproved	Concept
ApplicationStepSubmitted	Concept
ApplicationSubmitted	Concept
ApplicationTaskCompleted	Concept
ApplicationUpdatedByClient	Concept
Applications	Concept
ApplicationsByTag	Concept
Appointment	Concept
Appointment/Booking	Concept
AppointmentAssignments	Concept
AppointmentBooked	Concept
AppointmentBooking	Concept
AppointmentById	Concept
AppointmentByService	Concept
AppointmentConfirmation	Concept
AppointmentCreated	Concept
AppointmentEntry	Concept
AppointmentEvent	Concept
AppointmentIsBooked	Concept
AppointmentRequest	Concept
AppointmentScheduled	Concept
AppointmentStatus	Concept
AppointmentTask(addonRequired)	Concept
AppointmentType	Concept
AppointmentUpdate	Concept
AppointmentWebhook	Concept
Appointments	Concept
AppointmentsByClientInfo	Concept
AppointmentsByQuery	Concept
Appraisallead	Concept
Approval	Concept
ApprovalComment	Concept
ApprovalDecision	Concept
ApprovalRequest	Concept
ApprovalRequested	Concept
ApprovalWorkflowStep	Concept
Approved	Concept
ApprovedExpense	Concept
ApprovedItem	Concept
ApprovedJobs	Concept
ApprovedLeaveRequest	Concept
ApprovedRequest	Concept
ApprovedTimeOff	Concept
ApprovedTimer	Concept
ApprovedTransaction	Concept
AppsAndUpdates(legacy)	Concept
ArInvoice	Concept
ArPayment	Concept
ArPayments	Concept
ArTransaction	Concept
Archive	Concept
ArchiveDocument	Concept
ArchiveDocuments	Concept
ArchivedCard	Concept
ArchivedItem	Concept
ArchivedTransaction	Concept
Area	Concept
Area/areaGroup	Concept
Area/department	Concept
AreaAndAreaGroups	Concept
AreaGroup	Concept
AreaOrAreaGroup	Concept
AreasOfService	Concept
ArloEventSessions	Concept
Artefact	Concept
ArtefactCategory	Concept
Article	Concept
Article(advancedModeCompleteSetup)	Concept
Article(advancedModeQuickSetup)	Concept
ArticleById	Concept
ArticleByName	Concept
ArticleCreated	Concept
ArticleImages	Concept
ArticleOutput	Concept
ArticlePrompt	Concept
ArticleReady	Concept
ArticleSaved	Concept
Articles	Concept
Artifact	Concept
Artist	Concept
ArtistByName	Concept
ArtistOffer	Concept
Artists	Concept
ArtworkOrder	Concept
Ask	Concept
Assembly	Concept
Assessment	Concept
Assessment.zipReportBundle	Concept
AssessmentCompletion	Concept
AssessmentInvitation	Concept
AssessmentPdfReport	Concept
AssessmentReceived	Concept
AssessmentResult	Concept
AssessmentRole	Concept
AssessmentSchedules	Concept
AssessmentSent	Concept
AssessmentTemplate	Concept
AssessmentTemplates	Concept
AssessmentTypes	Concept
Assessments	Concept
Asset	Concept
Asset(beta)	Concept
AssetAdjustmentRequest	Concept
AssetBalance	Concept
AssetByAssetName	Concept
AssetByAutoId	Concept
AssetById	Concept
AssetByName	Concept
AssetByQuery	Concept
AssetBySearch	Concept
AssetBySerialNumber	Concept
AssetBySerialNumber(withSupportingLookUp)	Concept
AssetByUniqueId	Concept
AssetCancelRequest	Concept
AssetCategory	Concept
AssetChangeRequest	Concept
AssetChangeRequest(withLineItemsSupport)	Concept
AssetClass	Concept
AssetCollectionSegmentation	Concept
AssetComments	Concept
AssetCondition	Concept
AssetCreated	Concept
AssetDetails	Concept
AssetLink	Concept
AssetMetadata	Concept
AssetName	Concept
AssetOrTile	Concept
AssetPreview	Concept
AssetPurchaseRequest	Concept
AssetPurchaseRequest(withLineItemsSupport)	Concept
AssetRequest	Concept
AssetResumeRequest	Concept
AssetSegmentation	Concept
AssetStatus	Concept
AssetSummary	Concept
AssetSuspendRequest	Concept
AssetType	Concept
AssetTypes	Concept
AssetUpdateType	Concept
AssetUploadJob	Concept
AssetUploaded	Concept
AssetVersionById	Concept
AssetWatermark	Concept
AssetWebhook	Concept
Assets	Concept
AssignableById	Concept
AssignableByName	Concept
AssignedClientListOfResourceCollection	Concept
AssignedConversation	Concept
AssignedEvent	Concept
AssignedPointsOfUser	Concept
AssignedPrizeCreated	Concept
AssignedProgramOfClient	Concept
AssignedStudioProgramListOfClient	Concept
AssignedTask	Concept
AssignedTeam	Concept
AssignedWorkoutCollectionListOfClient	Concept
Assignee	Concept
AssigneeAdded	Concept
AssigneeByContactId	Concept
Assignees	Concept
AssigneesInternal	Concept
Assignment	Concept
AssignmentEvent	Concept
AssignmentSolution	Concept
AssignmentUpdated	Concept
Assignments	Concept
Assistant	Concept
AssistantConversation	Concept
AssistantResponse	Concept
AssistantRun	Concept
AssistantRun(asynchronous)	Concept
Assistants	Concept
Associate	Concept
AssociatedMutualSuccessPlansByEmailId(admin)	Concept
Association	Concept
AssociationByExternalIdentifier	Concept
AssociationByName	Concept
Associations	Concept
AsyncWebEnrichment	Concept
AthleteActivity	Concept
AtsApplication	Concept
AttachedDocument	Concept
Attachment	Concept
Attachment.	Concept
AttachmentAdded	Concept
AttachmentByFilename	Concept
AttachmentContent	Concept
Attachments	Concept
Attempt	Concept
Attendance	Concept
AttendanceCreate	Concept
AttendanceEntry	Concept
AttendanceEvent	Concept
AttendanceHistory	Concept
AttendanceRecord	Concept
AttendanceRecords	Concept
AttendanceSummary	Concept
Attendee	Concept
Attendee(s)	Concept
AttendeeAccount	Concept
AttendeeById	Concept
AttendeeCheckIn	Concept
AttendeeDetails	Concept
AttendeeLead	Concept
AttendeePreRegistration	Concept
AttendeeRegistered	Concept
AttendeeRegistersOnVfairs	Concept
AttendeeRegistration	Concept
AttendeeSignedUp	Concept
Attendees	Concept
AttendeesRegistered	Concept
Attribute	Concept
AttributeOption	Concept
Attributes	Concept
AttributionSurveyResponse	Concept
AttributionsByJobId	Concept
AuDraftPerson	Concept
Auction	Concept
AuctionFinancials	Concept
AuctionOrEventCreated	Concept
Auctions	Concept
Audience	Concept
AudienceActivity	Concept
AudienceByUid	Concept
AudienceCustomerMatch	Concept
AudienceGroup	Concept
AudienceList	Concept
AudienceMember	Concept
AudienceTag	Concept
AudienceUser	Concept
Audio	Concept
Audio/video/pdf/ppt	Concept
Audio/videoFileAction	Concept
AudioCard	Concept
AudioMaster	Concept
AudioMixAvailable	Concept
AudioPost	Concept
AudioQrCode	Concept
AudioRecordingAvailable	Concept
AudioTranscript	Concept
AudioTranscription	Concept
AudioTranslation	Concept
Audiogram	Concept
Audit	Concept
AuditEvent	Concept
AuditRecord	Concept
AuthToken	Concept
AuthenticatedUser(me)	Concept
Authentication	Concept
AuthenticationObject	Concept
Author	Concept
Authorization(legacy)	Concept
AuthorizedPayment	Concept
AuthorizedSubscription	Concept
AutoLoginLink	Concept
AutoResponder	Concept
Autograf	Concept
AutomateBuild	Concept
AutomatedAction	Concept
AutomatedActionExecution	Concept
AutomatedCaptionOrder	Concept
AutomatedImageTemplates	Concept
AutomatedImages	Concept
AutomatedProgramExternalCall	Concept
AutomatedSearch	Concept
AutomatedTranscript	Concept
AutomatedTranscription	Concept
AutomatedTranscriptionOrder	Concept
AutomaticBackup	Concept
AutomaticBackupFailed	Concept
AutomaticLanguageDetectionAndTranslation	Concept
AutomaticThemeUpdate	Concept
Automation	Concept
AutomationExecuted	Concept
AutomationTask	Concept
AutomationWebhook	Concept
AutopilotConfiguration	Concept
AutopostingBroadcast	Concept
AutorespondSubscriber	Concept
AutorespondUnsubscriber	Concept
Autoresponder	Concept
Availabilities	Concept
Availability	Concept
AvailabilityBlock	Concept
AvailableAgents	Concept
AvailableApps	Concept
AvailableBalance	Concept
AvailableFederations	Concept
AvailableIpAddress	Concept
AvailableOfferingItems	Concept
AvailableServiceActions	Concept
AvailableUpdates	Concept
AvatarVideo	Concept
AvatarVideoEvent(fail)	Concept
AvatarVideoEvent(success)	Concept
AwaitingDispatchSale	Concept
AwaitingPickupSale	Concept
Award	Concept
AwardEarned	Concept
Awards	Concept
AwardsEarned	Concept
AxonautUser	Concept
Ayah(audio)	Concept
Ayah(image)	Concept
Ayah(text)	Concept
B2bCompany	Concept
B2bLead	Concept
B2bProspect	Concept
B2cLead	Concept
Background	Concept
BackgroundImage	Concept
BacklinkSummary	Concept
Backlinks	Concept
BacklogTask	Concept
Backup	Concept
BackupById	Concept
Backups	Concept
Badge	Concept
BadgeAdded	Concept
BadgeAward	Concept
BadgeDesign	Concept
BadgeIssued	Concept
Badges	Concept
BadgesByUser	Concept
Balance	Concept
BalanceCheck	Concept
Balances	Concept
BankAccount	Concept
BankEntries	Concept
BankEntry	Concept
BankEntry(xml)	Concept
BankEntryLines	Concept
BankItem	Concept
BankTransaction	Concept
BankTransfer	Concept
Banner	Concept
Bar	Concept
BarByTitle	Concept
BarChart	Concept
BarOnRoadmap	Concept
Barcode	Concept
BarcodeOrQrCode	Concept
Bark	Concept
Bark'sStatus	Concept
Barks	Concept
Base	Concept
BasePrompt	Concept
BaseSchema	Concept
BaseTableRecord	Concept
BasicCustomers	Concept
BasicEntity	Concept
BasicEventRegistration	Concept
BasicInfosAReviewProcess	Concept
Basket	Concept
Batch	Concept
BatchOfVouchers	Concept
BatteryStatus	Concept
Beacon	Concept
BehaviorAlerts	Concept
Beneficiary	Concept
BenefitApplication	Concept
BestTechnician	Concept
BestomerChannelWeblink	Concept
BidAwarded	Concept
BidBoardProject	Concept
BidInvitation	Concept
Bidder	Concept
BigcommerceOrder	Concept
BigcommerceOrderUpdate	Concept
Bill	Concept
Bill(accountBased)	Concept
Bill(itemBased)	Concept
BillById	Concept
BillCreated	Concept
BillOfLadingTrackingRequest	Concept
BillOfMaterial(bom)Material	Concept
BillOfMaterialsBySku	Concept
BillOfQuantities	Concept
BillPayment	Concept
BillPaymentPaylinkToken	Concept
BillReminder	Concept
BillStatus	Concept
BillableItem	Concept
Billing	Concept
BillingAddressOfACustomer	Concept
BillingContact	Concept
BillingData	Concept
BillingIssue	Concept
BillingItem	Concept
BillingItems	Concept
BillingPeriod	Concept
BillingRequest	Concept
BillingRequest(withLineItemsSupport)	Concept
BillingSchedules	Concept
BillingSessionId	Concept
BillingSubscription	Concept
BillingSubscriptionV2	Concept
Bills	Concept
BinIssuedDocument	Concept
BinIssuedDocumentsList	Concept
BinReceivedDocument	Concept
BinReceivedDocumentsList	Concept
BinderByReferenceId	Concept
Bio	Concept
Birthdays	Concept
BitcomEventListener	Concept
Bitlink	Concept
BitqueryEventListener	Concept
BlacklistedContact	Concept
BlacklistedNumber	Concept
BlacklistedPhoneNumber	Concept
Blackout	Concept
BlackoutDate	Concept
BlankPurchaseOrder	Concept
BlastCreated	Concept
BlazeTableRow	Concept
Blip	Concept
Block	Concept
BlockActivated	Concept
BlockChildren	Concept
BlockDate	Concept
BlockedOffTime	Concept
BlockedTask	Concept
Blocker	Concept
BlocklistedDomain	Concept
BlocklistedEmail	Concept
Blog	Concept
BlogArticle	Concept
BlogArticleCreated	Concept
BlogCategory	Concept
BlogComment	Concept
BlogEntry	Concept
BlogEntryComment	Concept
BlogLead	Concept
BlogPost	Concept
BlogPostComment	Concept
BlogPostPublished	Concept
BlogPosts	Concept
Blogpost	Concept
Blogs	Concept
Blueprint	Concept
BlueprintTask	Concept
Board	Concept
BoardAds	Concept
BoardBrands	Concept
BoardById	Concept
BoardChange	Concept
BoardCollaborator	Concept
BoardColors	Concept
BoardCustomField	Concept
BoardCustomFieldOption	Concept
BoardCustomFields	Concept
BoardEmail	Concept
BoardLabel	Concept
BoardLabels	Concept
BoardList	Concept
BoardMember	Concept
BoardMembership	Concept
BoardMessage	Concept
BoardMessageAdded	Concept
BoardOrCardUrl	Concept
BoardTeam	Concept
BoardValues	Concept
Boards	Concept
BodaccPublicationsBasedOnCriteria	Concept
Bonus	Concept
BonusDetailsByStatement	Concept
BonusStatementDetails	Concept
Bonuses	Concept
Book	Concept
BookedBooking	Concept
Booking	Concept
Booking(polling)	Concept
Booking(withCustomerDetails)	Concept
Booking(withoutCustomerDetails)	Concept
BookingAndConclusionMessage	Concept
BookingAndTriggerSchedulingFlow	Concept
BookingAssignment	Concept
BookingAtSpecificTime	Concept
BookingBy	Concept
BookingByBookingId	Concept
BookingCalcomAction	Concept
BookingComment	Concept
BookingConfirmed	Concept
BookingContact	Concept
BookingCreated	Concept
BookingCustomer	Concept
BookingDetail	Concept
BookingEvent	Concept
BookingExport	Concept
BookingGhlAction	Concept
BookingIds	Concept
BookingInviteByEmail	Concept
BookingInviteBySms	Concept
BookingItem	Concept
BookingLead	Concept
BookingNotes	Concept
BookingPerformances	Concept
BookingProviders	Concept
BookingReceived	Concept
BookingRequestReceived	Concept
BookingStatus	Concept
BookingTrigger	Concept
BookingType	Concept
Bookings	Concept
BookingsByDates	Concept
Bookmark	Concept
BookmarkContent	Concept
Bookmarks	Concept
Books	Concept
Booth	Concept
BoothStaffCreated	Concept
Borrower	Concept
BorrowerContacts	Concept
BorrowerEmail	Concept
Bot	Concept
Bot9Reply	Concept
BotDirectMessage	Concept
BotGroupMessage	Concept
BotMessage	Concept
BotNotification	Concept
BotResponse	Concept
BotStatus	Concept
BothCall	Concept
Bots	Concept
Bounce	Concept
BounceEvent	Concept
BouncedTransactional	Concept
BouncedTransactionalMessage	Concept
Box	Concept
BoxById	Concept
BoxByName	Concept
Bql	Concept
Branch	Concept
BranchUser	Concept
Branches	Concept
BranchesList	Concept
Brand	Concept
BrandAnalytics	Concept
BrandDeal	Concept
BrandDonation	Concept
BrandedLink	Concept
BrandedLinkClick	Concept
BrandedShortUrl	Concept
BrandedShortUrls	Concept
Brandfolder	Concept
BrandingCenterProduct	Concept
BrandingCenterProducts	Concept
Brands	Concept
BrandsByDomain	Concept
BreadcrumbReport	Concept
BreakEntry	Concept
Broadcast	Concept
BroadcastMessage	Concept
BroadcastRecipient	Concept
BroadcastRecipients	Concept
BroadcastSms	Concept
BroadcastedArticle	Concept
BrokerLoadPost	Concept
BttnPress	Concept
BubbleOrMeetingRecording	Concept
Bucket	Concept
BucketedContact	Concept
Budget	Concept
Budget(single)	Concept
BudgetChange	Concept
BudgetLineItem	Concept
BudgetQuoteCreated	Concept
Budgets	Concept
Budgets(multiple)	Concept
Bug	Concept
BugByExternalId	Concept
BugComment	Concept
BugInformation	Concept
BugReportFeedback	Concept
BugStatus	Concept
Build	Concept
Build/test	Concept
Building	Concept
BuildingDetails	Concept
BulkAction	Concept
BulkArticle	Concept
BulkCampaign	Concept
BulkCampaignCsv	Concept
BulkEmail	Concept
BulkEmailsCheck	Concept
BulkOrders	Concept
BulkRules	Concept
BulkSendList	Concept
BulkSms	Concept
BulkValidationResults	Concept
BulkWorkflowSubscriptionAction	Concept
Bullet	Concept
BulletinPost	Concept
Bundle	Concept
BundleEnrollment	Concept
BundleFiles	Concept
BundlePurchase	Concept
BundleSelections	Concept
BundleService	Concept
BundleTicket	Concept
Bundles	Concept
Bundles/RetrieveABundle	Concept
BundlesOfMember	Concept
Burp	Concept
Business	Concept
Business(contacts)	Concept
BusinessBorrower	Concept
BusinessCardTranscribed	Concept
BusinessCase	Concept
BusinessCaseAttachment	Concept
BusinessCaseById	Concept
BusinessCaseEmails	Concept
BusinessCaseEvents	Concept
BusinessCaseFailureById	Concept
BusinessCaseFailures	Concept
BusinessCaseSource	Concept
BusinessCaseSourceById	Concept
BusinessCaseState	Concept
BusinessCaseStateById	Concept
BusinessCaseTasks	Concept
BusinessCategoriesAggregation	Concept
BusinessClient	Concept
BusinessContacts	Concept
BusinessCustomer	Concept
BusinessDeal	Concept
BusinessDetails	Concept
BusinessHoursOverride	Concept
BusinessLead	Concept
BusinessListings	Concept
BusinessMessage	Concept
BusinessOpportunity	Concept
BusinessPriceList	Concept
BusinessProduct	Concept
BusinessProject	Concept
BusinessProspect	Concept
BusinessQuote	Concept
BusinessRelationships	Concept
BusinessSalesOrder	Concept
BusinessToolkitArticleCompleted	Concept
BusinessUnit	Concept
BusinessUnitRelationship	Concept
BusinessUnitRelationshipById	Concept
BusinessVisitor	Concept
Businesses	Concept
BussinessCase	Concept
BussinessPartner	Concept
BusyPeriods	Concept
BusyTime	Concept
ButtonClick	Concept
ButtonClicked	Concept
ButtonEvent	Concept
ButtonFeedback	Concept
ButtonTemplateMessage	Concept
Buyer	Concept
Buyer(beta)	Concept
BuyerContact	Concept
BuyerExportEvent	Concept
BuyerInsights	Concept
BuyerIntentVisitor	Concept
BuyerLead	Concept
BuyerLead(businessCard)	Concept
BuyerLeadStatus	Concept
BuyerSeller	Concept
Buzzer	Concept
ByBarcode	Concept
ByEmail	Concept
ByExternalId	Concept
ByFlexibleTimeRecordsAFlexibleTimeRecordComment	Concept
ByReferenceId	Concept
CadAttachments	Concept
CadRails	Concept
CalcTrigger	Concept
Calculator	Concept
Calendar	Concept
CalendarCategory	Concept
CalendarDetails	Concept
CalendarEntry	Concept
CalendarEvent	Concept
CalendarEventComment	Concept
CalendarEventNote	Concept
CalendarEventOnACalendar	Concept
CalendarEventOnAProject	Concept
CalendarEventOnCalendar	Concept
CalendarEventOnProject	Concept
CalendarEventReview	Concept
CalendarEventTask	Concept
CalendarEventType	Concept
CalendarEventTypeById	Concept
CalendarEvents	Concept
CalendarInformation	Concept
CalendarItem	Concept
CalendarMeeting	Concept
CalendarPerson	Concept
CalendarSubscriber	Concept
CalendarSubscribers	Concept
CalendarTask	Concept
CalendarTodo	Concept
Calendars	Concept
CalenderWeek	Concept
Calibration	Concept
CalibrationByRecordNumber	Concept
CalibrationsByGageId	Concept
Call	Concept
CallActivity	Concept
CallAnalysis	Concept
CallAttendees	Concept
CallAttributed	Concept
CallById	Concept
CallCompleted	Concept
CallData	Concept
CallDataRecord	Concept
CallDetails	Concept
CallDispositionById	Concept
CallDispositionEvent	Concept
CallDispositionEvents	Concept
CallEnded	Concept
CallEvent	Concept
CallFinished	Concept
CallForwarded	Concept
CallHistory	Concept
CallHistoryItemById	Concept
CallInitialize	Concept
CallInteraction	Concept
CallLink	Concept
CallLog	Concept
CallLogRecord	Concept
CallLogs	Concept
CallMade	Concept
CallMedia	Concept
CallNote	Concept
CallNotes	Concept
CallNotification	Concept
CallNow	Concept
CallObjections	Concept
CallOutcome	Concept
CallOutcomes	Concept
CallRecord	Concept
CallRecordById	Concept
CallRecording	Concept
CallRecordingDirectDownloadLink(genXAndUOnly)	Concept
CallRecords	Concept
CallRequest	Concept
CallRinging	Concept
CallStatus	Concept
CallSummaries	Concept
CallSummary	Concept
CallTag	Concept
CallToDo	Concept
CallTranscript	Concept
CallType	Concept
CallWaiting	Concept
Callback	Concept
CallbackRequest	Concept
Caller	Concept
CallerDetails	Concept
Callout	Concept
Calls	Concept
CalltrackActivity	Concept
CameraClip	Concept
CameraConfiguration	Concept
Campaign	Concept
CampaignAction	Concept
CampaignActivity	Concept
CampaignAdded	Concept
CampaignApproved	Concept
CampaignBounce	Concept
CampaignById	Concept
CampaignByName	Concept
CampaignCompleted	Concept
CampaignContactCreated	Concept
CampaignContacts	Concept
CampaignCreated	Concept
CampaignCreationResult	Concept
CampaignDetails	Concept
CampaignEvent	Concept
CampaignExpense	Concept
CampaignGifteeReview	Concept
CampaignGiving	Concept
CampaignInfo	Concept
CampaignInsight	Concept
CampaignLaunch	Concept
CampaignLinkClick	Concept
CampaignList	Concept
CampaignMaps	Concept
CampaignOffer	Concept
CampaignOfferCreated	Concept
CampaignOfferRedeemed	Concept
CampaignOpen	Concept
CampaignProjectAction	Concept
CampaignProjectClick	Concept
CampaignProjectEngagement	Concept
CampaignProjectSale	Concept
CampaignPublished	Concept
CampaignRecipient	Concept
CampaignRecord	Concept
CampaignReport	Concept
CampaignResponse	Concept
CampaignSent	Concept
CampaignSentStats	Concept
CampaignSerp	Concept
CampaignStartsSending	Concept
CampaignStats	Concept
CampaignStatus	Concept
CampaignSubmission	Concept
CampaignSubscriber	Concept
CampaignSubscription	Concept
CampaignTarget	Concept
CampaignTargetStatus	Concept
CampaignTemplate	Concept
CampaignTemplates	Concept
CampaignUnsubscribe	Concept
Campaigns	Concept
Campaigns(touches)ById	Concept
CamperOnSite	Concept
CampfireMessage	Concept
Cancel	Concept
Cancelation	Concept
CanceledInvoice	Concept
CanceledOrder	Concept
CanceledPromises	Concept
Cancellation	Concept
CancellationAct	Concept
CancellationOfAGroupSlotReceived	Concept
CancellationReceived	Concept
CancellationRequest	Concept
CancelledCase	Concept
CancelledGuest	Concept
CancelledOrder	Concept
CancelledOrders	Concept
CancelledSubscription	Concept
CandidacyStatuses	Concept
Candidate	Concept
Candidate'sCv	Concept
Candidate'sFileContent	Concept
Candidate'sSkills	Concept
Candidate'sTestResultDetail	Concept
Candidate(s)	Concept
Candidate/Applicant	Concept
Candidate/ApplicantNote	Concept
CandidateAdded	Concept
CandidateAnswer	Concept
CandidateApplication	Concept
CandidateApplied	Concept
CandidateAttachment	Concept
CandidateByEmail	Concept
CandidateById	Concept
CandidateComment	Concept
CandidateCreated	Concept
CandidateDocumentCoverLetterOrResume	Concept
CandidateDocumentDetails	Concept
CandidateEducation	Concept
CandidateEvaluation	Concept
CandidateEvent	Concept
CandidateHiringStage	Concept
CandidateHistory	Concept
CandidateInterview	Concept
CandidateLink	Concept
CandidateLinked	Concept
CandidateLinkedinProfile	Concept
CandidateNote	Concept
CandidatePreferredLocations	Concept
CandidateProgress	Concept
CandidateRejoiner	Concept
CandidateResult	Concept
CandidateSkills	Concept
CandidateStage	Concept
CandidateStatus	Concept
CandidateSubmission	Concept
CandidateTags	Concept
CandidateVisibility	Concept
CandidateWebFormById	Concept
CandidateWorkPosition	Concept
Candidates	Concept
CandidatesAdded	Concept
CandidatesExternalApp	Concept
Candle(aggregated)	Concept
CannedMessage	Concept
CanvassResponses	Concept
Capital	Concept
CappedNftCollectionOnArbitrum	Concept
CappedNftCollectionOnAvalanche	Concept
CappedNftCollectionOnBnbchain	Concept
CappedNftCollectionOnDogechain	Concept
CappedNftCollectionOnFantom	Concept
CappedNftCollectionOnPolygon	Concept
CappedSoulboundTokenCollectionOnAvalanche	Concept
Caption	Concept
CaptionOrder	Concept
Captions	Concept
CaptionsOrder	Concept
CaptureLead	Concept
CapturedForm	Concept
CapturedPayment	Concept
Car	Concept
Card	Concept
Card'sActivity	Concept
Card(draft)	Concept
Card(orTask)	Concept
Card(withWorkflow)	Concept
CardAdded	Concept
CardAndSubmitJob	Concept
CardArchived	Concept
CardAssignee	Concept
CardAssignments	Concept
CardAttachments	Concept
CardAttachmentsByCardId	Concept
CardByCardId	Concept
CardByCardName	Concept
CardByCustomCardId	Concept
CardByCustomQuery	Concept
CardById	Concept
CardById(legacy)	Concept
CardCollection	Concept
CardComment	Concept
CardCommentAdded	Concept
CardComments	Concept
CardCreated	Concept
CardCreatedOrMovedIntoList	Concept
CardCustomField	Concept
CardDetails	Concept
CardDetailsById	Concept
CardField	Concept
CardLabel	Concept
CardLink	Concept
CardMember	Concept
CardNumber	Concept
CardOnActivity	Concept
CardOnBacklog	Concept
CardOnBoard	Concept
CardOnKanbanWidget	Concept
CardOrMailer	Concept
CardPayment	Concept
CardPreview	Concept
CardTagCreated	Concept
CardTransactions	Concept
CardType	Concept
Cardholder	Concept
Cards	Concept
CardsPastDueDate	Concept
CareerApplicant	Concept
CareerJob	Concept
CareerJobPosting	Concept
Carrier	Concept
CarrierCharges	Concept
CarrierService	Concept
Cart	Concept
CartAbandonment	Concept
CartProductsStatus	Concept
Case	Concept
Case(forYourServer)	Concept
Case/incident	Concept
CaseActivitiesByContactId	Concept
CaseActivity	Concept
CaseAttachment	Concept
CaseAttachments	Concept
CaseAttributes	Concept
CaseById	Concept
CaseBySubject	Concept
CaseComment	Concept
CaseCreated	Concept
CaseEvent	Concept
CaseFile	Concept
CaseFileByFileNumber	Concept
CaseFlaggedStatus	Concept
CaseList	Concept
CaseNote	Concept
CaseNotes	Concept
CaseOrIntakeByFirstParty	Concept
CaseOrIntakeByNumber	Concept
CasePhase	Concept
CaseStage	Concept
CaseTag	Concept
CaseTask	Concept
Caserun	Concept
Cases	Concept
CashAccounts	Concept
CashEntry	Concept
CashInvoice	Concept
CashPlusOffer	Concept
CashReceipt	Concept
CashTransactions	Concept
CashbookEntries	Concept
CashbookEntry	Concept
Cashflow	Concept
CashflowById	Concept
CashflowTransaction	Concept
Casting	Concept
Catalog	Concept
CatalogCategory	Concept
CatalogItem	Concept
CatalogServiceCharge	Concept
CatalogTax	Concept
CatchHook	Concept
Categories	Concept
Category	Concept
CategoryById	Concept
CategoryByName	Concept
CategoryOnWorkOrder	Concept
CattlecallMeeting	Concept
Cause	Concept
Causes	Concept
CcrArticle	Concept
Cdr	Concept
CelEvent	Concept
Cell	Concept
Cells	Concept
Centralizer	Concept
Centroid	Concept
CeremonyInvitation	Concept
Certificate	Concept
Certificate(legacy)	Concept
CertificateDesign	Concept
CertificateEvidence	Concept
CertificateIssued	Concept
CertificateRegistration	Concept
Certificates	Concept
Certification	Concept
CertificationCampaign	Concept
CertificationCampaigns	Concept
CertificationCompletion	Concept
CertificationFolder	Concept
CertificationType	Concept
CertifiedCheck	Concept
CesSubmission	Concept
Challenge	Concept
ChallengeById	Concept
ChallengePerformance	Concept
Chance	Concept
ChanceEvent	Concept
Change	Concept
ChangeDetected	Concept
ChangeEvent	Concept
ChangeNotification	Concept
ChangeOrderStatus	Concept
ChangeRequest	Concept
ChangeRequestActivity	Concept
ChangeRequestTicket	Concept
Changed	Concept
ChangedReferrals	Concept
Changelog	Concept
ChangelogSubscriber	Concept
ChangelogUpdate	Concept
ChangesDetected	Concept
Changeset	Concept
Channel	Concept
ChannelAlert	Concept
ChannelById	Concept
ChannelByName	Concept
ChannelConflict	Concept
ChannelDetails	Concept
ChannelFeedback	Concept
ChannelIdea	Concept
ChannelMember	Concept
ChannelMention	Concept
ChannelMessage	Concept
ChannelUser	Concept
ChannelWebinarRegistration	Concept
Channels	Concept
Channlnote	Concept
CharacterCounter	Concept
Charge	Concept
ChargeCode	Concept
ChargeCreated	Concept
ChargeItems	Concept
ChargeRecurrent	Concept
ChargeSheet	Concept
Chargeback	Concept
ChargebackInvoice	Concept
ChargebackMembershipPayment	Concept
ChargebackPayment	Concept
Charges	Concept
ChargesOnSubscription	Concept
Chart	Concept
ChartOfAccount	Concept
Charts	Concept
Chat	Concept
ChatAndSendMessage	Concept
ChatAppsMessageReceived	Concept
ChatById	Concept
ChatClosed	Concept
ChatCompletion	Concept
ChatCompletionStatus	Concept
ChatCoversation	Concept
ChatCreated	Concept
ChatEntry	Concept
ChatExchange	Concept
ChatFinished	Concept
ChatLead	Concept
ChatMessage	Concept
ChatMessage(email)	Concept
ChatMessage(sms)	Concept
ChatMessageReceived	Concept
ChatOpened	Concept
ChatPost	Concept
ChatRequest	Concept
ChatResponse	Concept
ChatSession	Concept
ChatSnoozed	Concept
ChatStarted	Concept
ChatTranscript	Concept
ChatWebhook	Concept
Chatbot	Concept
ChatbotFeedback	Concept
ChatbotReply	Concept
Chatbots	Concept
Chatlog	Concept
Chatroom	Concept
Chats	Concept
Check	Concept
CheckEvent	Concept
CheckIn	Concept
CheckIn(out)	Concept
CheckInByTeammate	Concept
CheckInForm	Concept
CheckInHistory	Concept
CheckInPhotos	Concept
CheckInResponseCompleted	Concept
CheckInResponseCompleted(deprecated)	Concept
CheckOut	Concept
CheckTransaction	Concept
CheckedOutGuest	Concept
Checkin	Concept
Checkin&RequestReview(address)	Concept
Checkin&RequestReview(geolocation)	Concept
Checkin(address)	Concept
Checkin(geolocation)	Concept
Checkin/Checkout	Concept
CheckinById	Concept
CheckinResponse	Concept
Checkins	Concept
Checklist	Concept
ChecklistAdded	Concept
ChecklistById	Concept
ChecklistByName	Concept
ChecklistCard	Concept
ChecklistCompleted	Concept
ChecklistCreated	Concept
ChecklistInformation	Concept
ChecklistItem	Concept
ChecklistItemAdded	Concept
ChecklistItemById	Concept
ChecklistItems	Concept
ChecklistList	Concept
ChecklistNode	Concept
ChecklistRecord	Concept
Checklists	Concept
Checkout	Concept
CheckoutItemProducts	Concept
CheckoutItemTickets	Concept
CheckoutLink	Concept
CheckoutSession	Concept
CheckoutTickets	Concept
Checkouts	Concept
CheckpointReached	Concept
CheckpointRecord	Concept
ChecksConfiguration	Concept
ChemicalProducts	Concept
ChemicalStorages	Concept
Cheque	Concept
ChildObject	Concept
ChildRecords	Concept
ChildRecords(withLineItemSupport)	Concept
ChildStudent	Concept
ChildValue	Concept
ChurnedSubscriber	Concept
Circle	Concept
Circuit	Concept
Cities	Concept
Claim	Concept
ClaimActivitiesByClaimId	Concept
ClaimAttributes	Concept
ClaimById	Concept
ClaimCode	Concept
ClaimFile	Concept
ClaimFileUrls	Concept
ClaimGroup	Concept
ClaimGroupById	Concept
ClaimIdsByClaimGroupId	Concept
ClaimSuccess	Concept
ClaimedTicket	Concept
ClaimsByContact	Concept
ClarradocsItem	Concept
Class	Concept
ClassBooking	Concept
ClassCreation	Concept
ClassInstance	Concept
ClassMemberEnrollment	Concept
Classes	Concept
ClassesByStartDate	Concept
ClassicServerPayables	Concept
ClassificationOnFile	Concept
ClassificationOnFolder	Concept
ClayhrCandidate	Concept
ClayhrContact	Concept
ClayhrLeaveRequest	Concept
ClayhrProject	Concept
ClayhrSkill	Concept
ClayhrTask	Concept
ClayhrTimecard	Concept
Cleaner	Concept
CleaningMap	Concept
ClearTimer	Concept
ClearedAccounts	Concept
Click	Concept
ClickOnShortUrl	Concept
ClickThrough	Concept
ClickedLink	Concept
Clicks	Concept
Client	Concept
Client'sDetailedInformation	Concept
Client'sFileContent	Concept
Client'sHomes	Concept
Client'sId	Concept
Client'sLastActivity	Concept
Client'sLastCheckInDate	Concept
Client'sNutritionGoals	Concept
Client(deprecated)	Concept
Client(forTeams)	Concept
Client(individualUse)	Concept
Client/CrearCliente	Concept
Client/Lead	Concept
Client/Prospect	Concept
Client/prospect	Concept
Client/prospectDeleted	Concept
Client/prospectStaged	Concept
ClientAMessage	Concept
ClientAccessInformation	Concept
ClientAccountCreated	Concept
ClientAccountDetails	Concept
ClientAccountSchedulingWidgetDetails	Concept
ClientActivity	Concept
ClientAdded	Concept
ClientAddedLegacy	Concept
ClientAddress	Concept
ClientAddressCreated	Concept
ClientAddresses	Concept
ClientAgreements	Concept
ClientAndToken	Concept
ClientBasicInformation	Concept
ClientBasicInformationByAdlid	Concept
ClientByCustomAttributeValue	Concept
ClientByEmail	Concept
ClientByExternalId	Concept
ClientById	Concept
ClientByInfo	Concept
ClientByName	Concept
ClientByPhone	Concept
ClientCharges	Concept
ClientCommunication	Concept
ClientCommunicationActivity	Concept
ClientCommunityOption	Concept
ClientCompanies	Concept
ClientCompany	Concept
ClientContact	Concept
ClientContactCreated	Concept
ClientContactInformation	Concept
ClientContacts	Concept
ClientContractPo	Concept
ClientContractPos	Concept
ClientCoordinates	Concept
ClientCreated	Concept
ClientDependantInformation	Concept
ClientDetails	Concept
ClientDocument	Concept
ClientDocumentCreated	Concept
ClientDocuments	Concept
ClientEmail	Concept
ClientEmailCreated	Concept
ClientEmails	Concept
ClientEntitiesDetails	Concept
ClientEvent	Concept
ClientEvents	Concept
ClientExpenseDetails	Concept
ClientExternalId	Concept
ClientFolder	Concept
ClientGroup	Concept
ClientGroupContact	Concept
ClientGroupContactCreated	Concept
ClientGroupContacts	Concept
ClientGroupCreated	Concept
ClientGroupDocument	Concept
ClientGroupDocumentCreated	Concept
ClientGroupDocumentUpdated	Concept
ClientGroupDocuments	Concept
ClientGroups	Concept
ClientHealthInformation	Concept
ClientInfo	Concept
ClientInfoById	Concept
ClientInfoByName	Concept
ClientInformation	Concept
ClientIsAdded	Concept
ClientLabel	Concept
ClientLastActiveDate	Concept
ClientList	Concept
ClientLogEntry	Concept
ClientMeasuringUnit	Concept
ClientMember	Concept
ClientNote	Concept
ClientNotes	Concept
ClientNotesCreated	Concept
ClientOnboarded	Concept
ClientOrContact	Concept
ClientOrLead	Concept
ClientPackages	Concept
ClientPartially	Concept
ClientPartner	Concept
ClientPhone	Concept
ClientPhoneCreated	Concept
ClientPhones	Concept
ClientProfile	Concept
ClientProject	Concept
ClientProjects	Concept
ClientProperties	Concept
ClientRecord	Concept
ClientRiskScore	Concept
ClientScenario	Concept
ClientService	Concept
ClientServices	Concept
ClientSiteByName	Concept
ClientSso	Concept
ClientStartedTheirFirstOrder	Concept
ClientStatus	Concept
ClientStatusChange	Concept
ClientSuperfundDetails	Concept
ClientTag	Concept
ClientTask	Concept
ClientTaxId	Concept
ClientTimeEntry	Concept
ClientTimes	Concept
ClientTrustee	Concept
ClientTrustees	Concept
ClientUser	Concept
ClientUserByName	Concept
ClientUserGroup	Concept
ClientUserGroupMember	Concept
ClientWebsite	Concept
ClientWebsites	Concept
Clientcontact	Concept
Clientid	Concept
Clientpoint	Concept
Clients	Concept
ClientsHook	Concept
ClimateLog	Concept
ClioInvoiceNumbers	Concept
ClioTask	Concept
Clip	Concept
Clipping	Concept
ClippingCreated	Concept
ClippingPublished	Concept
Clips	Concept
Clock	Concept
ClockEntry	Concept
ClockEvent	Concept
ClockIn	Concept
ClockOut	Concept
ClockingActivity	Concept
ClooverStatus	Concept
CloseInvoices	Concept
CloseOut	Concept
ClosedBill	Concept
ClosedConversation	Concept
ClosedTicket	Concept
CloudFirestoreDocument	Concept
CloudIncident	Concept
CloudRecording	Concept
CloudResources	Concept
CloudkiiCrmLicense	Concept
Cloudobject	Concept
Club	Concept
Cluster	Concept
Clusters	Concept
CmsEventInfo	Concept
CmsId	Concept
Cnam	Concept
Coach	Concept
CoachEnrollment	Concept
CoachingSessionCompleted	Concept
Code	Concept
CodeComment	Concept
CodeDelivery	Concept
CodeListStatistics	Concept
CodeReport	Concept
CodeReviewCreated	Concept
CodeSnippetComment	Concept
CodeUsage	Concept
Cohort	Concept
CoinTransaction	Concept
CoinsCredit	Concept
CollaborationCompleted	Concept
CollaborationsOnFolder	Concept
Collaborator	Concept
CollaboratorCreditsSetting	Concept
CollaboratorIsAdded	Concept
CollaboratorRoles	Concept
Collaborators	Concept
CollaboratorsOnProject	Concept
Colleague	Concept
CollectedData	Concept
CollectedLink	Concept
Collection	Concept
CollectionAssets	Concept
CollectionItem	Concept
CollectionItemOwnership	Concept
CollectionItems	Concept
CollectionMemberCreated	Concept
CollectionOrder	Concept
CollectionProducts	Concept
CollectionRecord	Concept
CollectionRow	Concept
CollectionSummary	Concept
Collections	Concept
CollectiveProceedings	Concept
Collector	Concept
CollegeMoneyReport	Concept
Collision	Concept
Color	Concept
Column	Concept
ColumnValues	Concept
Columns	Concept
Combos/products	Concept
Command	Concept
CommandOutput	Concept
Comment	Concept
Comment(paidAccountsOnly)	Concept
Comment/story	Concept
CommentAbuse	Concept
CommentAdded	Concept
CommentAddedOnACompany	Concept
CommentAttachment	Concept
CommentById	Concept
CommentCandidate	Concept
CommentCreatedOnAComponent	Concept
CommentCreatedOnATask	Concept
CommentInformation	Concept
CommentLeftOnPost	Concept
CommentList	Concept
CommentOnATask	Concept
CommentOnAd	Concept
CommentOnAnTask	Concept
CommentOnFeed(activityStream)	Concept
CommentOnFeedback	Concept
CommentOnIssue	Concept
CommentOnMessage	Concept
CommentOnPage	Concept
CommentOnProject	Concept
CommentOnRequest	Concept
CommentOnSequence	Concept
CommentOnStoryCard	Concept
CommentOnStoryboard	Concept
CommentOnTask	Concept
CommentOnTodo	Concept
CommentOnVideo	Concept
CommentPosted	Concept
CommentReaction	Concept
CommentReply	Concept
CommentStatus	Concept
Comments	Concept
CommentsATask	Concept
CommentsByReview	Concept
CommerceAction	Concept
CommercialApplicant	Concept
CommercialApplicants	Concept
CommercialContact	Concept
CommercialProspect	Concept
Commission	Concept
CommissionApprovalStatus	Concept
Commit	Concept
CommitComment	Concept
CommitteesMembership	Concept
CommonRoomContact	Concept
Communication	Concept
Communication/notes	Concept
CommunicationActivity	Concept
CommunicationAttachment	Concept
CommunicationById	Concept
CommunicationCategory	Concept
CommunicationCategoryById	Concept
CommunicationInbound	Concept
CommunicationInfo	Concept
CommunicationLog	Concept
CommunicationNote	Concept
CommunicationOutbound	Concept
CommunicationPreferences	Concept
CommunicationType	Concept
CommunicationTypeById	Concept
CommunicationsLog	Concept
Community	Concept
CommunityArea	Concept
CommunityAreas	Concept
CommunityBadge	Concept
CommunityBadges	Concept
CommunityCompany	Concept
CommunityDetails	Concept
CommunityForum	Concept
CommunityForums	Concept
CommunityInvitation	Concept
CommunityMember	Concept
CommunityPost	Concept
CommunityPostComment	Concept
CommunityPosted	Concept
CommunityPosts	Concept
CommunityResponse	Concept
Companies	Concept
Companies(polling)	Concept
CompaniesThatBelong	Concept
Companny	Concept
Company	Concept
Company"toDo"Event	Concept
Company(customer)	Concept
Company(partnershipOnly)	Concept
Company(unfiltered)	Concept
Company(vendorUseOnly)	Concept
Company/account	Concept
CompanyAccount	Concept
CompanyAdded	Concept
CompanyAndEmployee	Concept
CompanyByCode	Concept
CompanyByCompanyId	Concept
CompanyByDomain	Concept
CompanyByExternalId	Concept
CompanyById	Concept
CompanyByIdSiteOnly	Concept
CompanyByLinkedinurl	Concept
CompanyByName	Concept
CompanyClient	Concept
CompanyConfig	Concept
CompanyContact	Concept
CompanyContacts	Concept
CompanyCreated	Concept
CompanyCustomWorkflows	Concept
CompanyCustomer	Concept
CompanyCustomerV2	Concept
CompanyData	Concept
CompanyDataById	Concept
CompanyDataCapture	Concept
CompanyDatabase	Concept
CompanyDeprecated	Concept
CompanyDetails	Concept
CompanyDocument	Concept
CompanyDomain	Concept
CompanyEnrichment	Concept
CompanyEnrichmentResults	Concept
CompanyEvent	Concept
CompanyExecutives	Concept
CompanyFields	Concept
CompanyFile	Concept
CompanyFinancials	Concept
CompanyFlags	Concept
CompanyFolder	Concept
CompanyGroup	Concept
CompanyGroupParents	Concept
CompanyHoldings	Concept
CompanyIdentity	Concept
CompanyIndustries	Concept
CompanyInfo	Concept
CompanyInformation	Concept
CompanyInformationByDomain	Concept
CompanyInstallers	Concept
CompanyInverters	Concept
CompanyKeywords	Concept
CompanyLead	Concept
CompanyLocation	Concept
CompanyModules	Concept
CompanyNames	Concept
CompanyNote	Concept
CompanyNotes	Concept
CompanyOffLimits	Concept
CompanyOfficers	Concept
CompanyOwners	Concept
CompanyPlaintiff	Concept
CompanyPlanUsage	Concept
CompanyProfile	Concept
CompanyPropertyChange	Concept
CompanyRecord	Concept
CompanyRelatedEntities	Concept
CompanyRelatedOpportunities	Concept
CompanyResearchReport	Concept
CompanySettings	Concept
CompanySignals	Concept
CompanySubmittalActivity	Concept
CompanyTask	Concept
CompanyTasks	Concept
CompanyToDo	Concept
CompanyUpdate	Concept
CompanyUser	Concept
CompanyUsers	Concept
CompanyVendor	Concept
CompanyVisit	Concept
CompanyVitals	Concept
ComparativeReport	Concept
CompetenciesAssessmentsConfigurationsAReviewProcess	Concept
Competency	Concept
CompetitorReport	Concept
Complaint	Concept
ComplaintEvent	Concept
CompleteRespondent	Concept
CompleteTask	Concept
CompleteWorkout	Concept
Completed	Concept
CompletedAction	Concept
CompletedActionItem	Concept
CompletedBooking	Concept
CompletedBundle	Concept
CompletedCall	Concept
CompletedCampaign	Concept
CompletedConversation	Concept
CompletedCrossSellForm	Concept
CompletedDocument	Concept
CompletedEnvelope	Concept
CompletedFlow	Concept
CompletedForm	Concept
CompletedGeneration	Concept
CompletedJob	Concept
CompletedLeads	Concept
CompletedOrder	Concept
CompletedOrders	Concept
CompletedProcess	Concept
CompletedRadarTestRun	Concept
CompletedResponse	Concept
CompletedRide	Concept
CompletedSubmission	Concept
CompletedSubtask	Concept
CompletedSurveyResponse	Concept
CompletedTask	Concept
CompletedTeam	Concept
CompletedTimeLog	Concept
CompletedTodo	Concept
Completion	Concept
ComplexInteraction	Concept
Compliance	Concept
ComplianceCalendarTask	Concept
ComplianceProfile	Concept
ComplianceRequest	Concept
ComplianceReviewAnnotatedPdfUrl	Concept
ComplianceRiskReview	Concept
ComplianceRiskReviewDetails	Concept
Component	Concept
ComponentCreated	Concept
Components	Concept
Computer	Concept
Concurrency	Concept
ConditionalFormattingRule	Concept
Conference	Concept
ConferenceCall	Concept
ConferenceRecordings	Concept
ConfidentialDetails	Concept
ConfigurationItem	Concept
Configurationitems	Concept
ConfirmationEmail	Concept
ConfirmedBooking	Concept
ConfirmedEvent	Concept
ConfirmedMeeting	Concept
ConfirmedSubscriber	Concept
ConfirmedUser	Concept
ConfirmingOrders	Concept
ConnectedAccount	Concept
ConnectedAccountProfile	Concept
ConnectedLenderContact	Concept
ConnectedUser'sInfo	Concept
Connection	Concept
ConnectionFound	Concept
ConnectionInvitation	Concept
Connections	Concept
ConnectorButtonClick	Concept
Connexion	Concept
Consent	Concept
ConsentEvent	Concept
ConsentGranted	Concept
Consents	Concept
Consignment(nonTrackables)	Concept
Consignment(trackables)	Concept
ConsignmentMetrics	Concept
ConsignmentProductDetail	Concept
ConsignmentProductDue	Concept
ConsoleCommand	Concept
Constituent	Concept
Constituents	Concept
ConsultancyPurchased	Concept
Consumer	Concept
ConsumerAdded	Concept
ConsumerBorrower	Concept
ConsumerMessage	Concept
ConsumerRecord	Concept
Contact	Concept
Contact&CreateANewCampaign	Concept
Contact'sAdditionalDetails	Concept
Contact'sEmailAddress	Concept
Contact'sNote	Concept
Contact'sShippingDetails	Concept
Contact(anyContact)	Concept
Contact(atualizarContato)	Concept
Contact(beta)	Concept
Contact(byContactId)	Concept
Contact(byEmailOrPhone)	Concept
Contact(contactId)	Concept
Contact(criarContato)	Concept
Contact(externalId)	Concept
Contact(fromYourAccount)	Concept
Contact(fromYourTeam)	Concept
Contact(keywordSignUp)	Concept
Contact(legacy)	Concept
Contact(newAction)	Concept
Contact(noKeywordOptIn)	Concept
Contact(notTheRightPerson)	Concept
Contact(officeSharedContact)	Concept
Contact(post)	Concept
Contact(relationshipMap)	Concept
Contact(s)	Concept
Contact(viaMobileApp)	Concept
Contact+SendSms	Concept
Contact/Company	Concept
Contact/companyLink	Concept
Contact/lead	Concept
ContactA	Concept
ContactAccessedYourDocument	Concept
ContactAccount	Concept
ContactAction	Concept
ContactActivity	Concept
ContactAdded	Concept
ContactAddedOnSelftact	Concept
ContactAndAdd	Concept
ContactAndApplyDripCampaign	Concept
ContactAndCommunication	Concept
ContactAndOpportunity	Concept
ContactAndProject	Concept
ContactAsLead	Concept
ContactAttribute	Concept
ContactAttribute(s)	Concept
ContactAttributes	Concept
ContactB	Concept
ContactBlocked	Concept
ContactBook	Concept
ContactBooking	Concept
ContactBounce	Concept
ContactByAnyField	Concept
ContactByContactId	Concept
ContactByCustomField	Concept
ContactByEMail	Concept
ContactByEmail	Concept
ContactByEmailAddress	Concept
ContactByEntity	Concept
ContactByEvent	Concept
ContactByExternalId	Concept
ContactByExternalReferenceId	Concept
ContactById	Concept
ContactById(beta)	Concept
ContactById.	Concept
ContactByIntegrationId	Concept
ContactByMobileOrEmail	Concept
ContactByName	Concept
ContactByParameters	Concept
ContactByPersonalInformation	Concept
ContactByPhone	Concept
ContactByPhoneNumber	Concept
ContactByQuery	Concept
ContactByServiceField	Concept
ContactByUniqueFields	Concept
ContactByUserDefinedField	Concept
ContactByUuid	Concept
ContactC	Concept
ContactCall	Concept
ContactCampaign(mobile#Only)	Concept
ContactCard	Concept
ContactChannels	Concept
ContactClient	Concept
ContactCommentCreated	Concept
ContactCompletedSequence	Concept
ContactContact	Concept
ContactCreated	Concept
ContactCreated(beta)	Concept
ContactCreated(source:Any)	Concept
ContactCreated(source:MobileApp)	Concept
ContactCreated(source:OnlineForms)	Concept
ContactCreated(source:Petitions)	Concept
ContactCustomField	Concept
ContactDataField	Concept
ContactDetails	Concept
ContactDetailsReceived	Concept
ContactDetected	Concept
ContactDispositionById	Concept
ContactDispositionEvent	Concept
ContactDoNotContact	Concept
ContactEmail	Concept
ContactEmailCollected	Concept
ContactEmailReceived	Concept
ContactEnrichment	Concept
ContactEntry	Concept
ContactEvent	Concept
ContactField	Concept
ContactFile	Concept
ContactFlags	Concept
ContactForm	Concept
ContactFormData	Concept
ContactFormSubmission	Concept
ContactGroup	Concept
ContactGroupByExternalReferenceId	Concept
ContactGroupMembers	Concept
ContactGroups	Concept
ContactHandle	Concept
ContactHistory	Concept
ContactId	Concept
ContactIdByEmailAddress	Concept
ContactIndividual	Concept
ContactInfo	Concept
ContactInformation	Concept
ContactInformationWithinASpecificCompany	Concept
ContactInquiry	Concept
ContactInsights	Concept
ContactInteraction	Concept
ContactInteractionStream	Concept
ContactIsCreated	Concept
ContactLead	Concept
ContactLevelId	Concept
ContactLifecycle	Concept
ContactLinked	Concept
ContactList	Concept
ContactListByName	Concept
ContactListStatic	Concept
ContactLists	Concept
ContactLocation	Concept
ContactLogin	Concept
ContactMarketingPreferences	Concept
ContactMarketingPreferencesByEmailAddress	Concept
ContactMessage	Concept
ContactMessages	Concept
ContactMoved	Concept
ContactNote	Concept
ContactNoteById	Concept
ContactNotes	Concept
ContactOnAProperty	Concept
ContactOptedOut	Concept
ContactOptin	Concept
ContactOptout	Concept
ContactOrLead	Concept
ContactOrganisation	Concept
ContactOwner	Concept
ContactPartially	Concept
ContactPayment	Concept
ContactPerson	Concept
ContactPersonById	Concept
ContactPersonByName	Concept
ContactPhone	Concept
ContactPhoneReceived	Concept
ContactPopup	Concept
ContactPreference	Concept
ContactProfile	Concept
ContactProperties	Concept
ContactProperty	Concept
ContactPropertyChange	Concept
ContactPropertyChange(legacy)	Concept
ContactProspect	Concept
ContactReachedSequenceGoalManually	Concept
ContactRecentInteractions	Concept
ContactRecord	Concept
ContactRecordAdded	Concept
ContactRelatedEntities	Concept
ContactReplyDetected	Concept
ContactRequest	Concept
ContactRequests	Concept
ContactSetReady	Concept
ContactSignals	Concept
ContactSkills	Concept
ContactSoftbounce	Concept
ContactStage	Concept
ContactStatus	Concept
ContactSubscription	Concept
ContactSubscriptionPreferences	Concept
ContactSuppressed	Concept
ContactTag	Concept
ContactTagEvent	Concept
ContactTags	Concept
ContactTagsByContactId	Concept
ContactTagsByEmail	Concept
ContactTagsByPhoneNumber	Concept
ContactTask	Concept
ContactTypes	Concept
ContactUnlocked	Concept
ContactUnsuppressed	Concept
ContactUpdate	Concept
ContactUpdated	Concept
ContactUsSubmission	Concept
ContactV2	Concept
ContactVettingRequest	Concept
ContactWithinASpecificGroup	Concept
ContactedCustomerSupport	Concept
Contacts	Concept
Contacts(beta)	Concept
Contacts(listarContatos)	Concept
Contacts(polling)	Concept
Contacts(procurarContatos)	Concept
ContactsAdded	Concept
ContactsByCreatedDate	Concept
ContactsByCustomField	Concept
ContactsByEmail	Concept
ContactsByEmailOrId	Concept
ContactsByEmailOrName	Concept
ContactsById	Concept
ContactsByPhone	Concept
ContactsByPhoneNumber	Concept
ContactsByProspect	Concept
ContactsByResident	Concept
ContactsCalled	Concept
ContactsCreated	Concept
ContactsFormSubmission	Concept
ContactsGroups	Concept
ContactsInfo	Concept
ContactsOfAProspect	Concept
Contacts​	Concept
Contact​	Concept
Container	Concept
ContainerInquiry	Concept
ContainerTrackingRequest	Concept
Contap	Concept
Content	Concept
ContentAcrossUrls(beta)	Concept
ContentAdded	Concept
ContentBannerData	Concept
ContentCreated	Concept
ContentEditor	Concept
ContentEditorStructuralGuidelines	Concept
ContentFile	Concept
ContentHubItem	Concept
ContentHubPost	Concept
ContentIdea	Concept
ContentItem	Concept
ContentItem(basic)	Concept
ContentItems	Concept
ContentLibrary	Concept
ContentObject	Concept
ContentOrderApproved	Concept
ContentPost	Concept
ContentPublished	Concept
ContentSaved	Concept
ContentScan	Concept
ContentScanned	Concept
ContentShare	Concept
ContentStatus	Concept
ContentSubscription	Concept
ContentTags	Concept
ContentUnderneathAnExistingBlock	Concept
ContentUrl	Concept
ContentView	Concept
Contents	Concept
ContestCreated	Concept
Contestant	Concept
Context	Concept
ContinuingEducationCredit	Concept
Contract	Concept
ContractAcceptedByWorker	Concept
ContractAdded	Concept
ContractAdditive	Concept
ContractApprovalStatus	Concept
ContractByContractName	Concept
ContractByContractName/ContractNumber	Concept
ContractByName	Concept
ContractCreated	Concept
ContractDetails	Concept
ContractDraft	Concept
ContractEvent	Concept
ContractInvoiceGroup	Concept
ContractJob	Concept
ContractLine	Concept
ContractLink	Concept
ContractMetastatus(archived/live)	Concept
ContractNote	Concept
ContractNotification	Concept
ContractSent	Concept
ContractSignature	Concept
ContractStatusActivity	Concept
ContractTag	Concept
ContractTypes	Concept
Contractor	Concept
ContractorByQuery	Concept
ContractorInvoice	Concept
ContractorInvoiceSchedule	Concept
ContractorRequisites	Concept
ContractorWorkStatus	Concept
Contracts	Concept
Contribution	Concept
ContributionAction	Concept
ContributionItem	Concept
Contributor	Concept
Control	Concept
ControlMonitoringActivities	Concept
Controls	Concept
ControlsCatalog(documents)	Concept
Convention	Concept
Conversation	Concept
ConversationActivity	Concept
ConversationAdded	Concept
ConversationAgent	Concept
ConversationAssignees	Concept
ConversationById	Concept
ConversationConclusion	Concept
ConversationCreated	Concept
ConversationData	Concept
ConversationDepartment	Concept
ConversationDetails	Concept
ConversationDraft	Concept
ConversationEnded	Concept
ConversationEvent	Concept
ConversationInbox	Concept
ConversationLabels	Concept
ConversationLastMessage	Concept
ConversationLink	Concept
ConversationLinks	Concept
ConversationMembers	Concept
ConversationMembership	Concept
ConversationMessage	Concept
ConversationMessages	Concept
ConversationNote	Concept
ConversationProperty	Concept
ConversationRating	Concept
ConversationStarted	Concept
ConversationStatus	Concept
ConversationTag	Concept
ConversationTags	Concept
ConversationViaEmail	Concept
ConversationWorkforce	Concept
Conversations	Concept
ConversationsByUser	Concept
ConversationsSpreadsheetReport	Concept
Conversion	Concept
ConversionCampaign	Concept
ConversionCancellation	Concept
ConversionCustomStatus	Concept
ConversionEvent	Concept
ConversionFeed	Concept
ConversionGoal	Concept
ConversionJob	Concept
ConversionOffline	Concept
ConversionTypes	Concept
Conversions	Concept
Converted	Concept
ConvertedContact	Concept
ConvertedFile	Concept
ConverthubPortal	Concept
ConverthubSubscriber	Concept
Convocation	Concept
CoordinationIssue	Concept
CopyPublished	Concept
CoreUpdate	Concept
CoreUpdateAvailable	Concept
Corpora	Concept
CorporatePlaylist	Concept
CorrectiveAction	Concept
CorrectiveActions	Concept
CosBlogArticle	Concept
CosBlogPost	Concept
Cost	Concept
CostAnomaly	Concept
CostCenter	Concept
CostCentre	Concept
CostCentreByCode	Concept
CostCode	Concept
CostCode(single)	Concept
CostCodeGroup	Concept
CostCodeGroups	Concept
CostCodeProject	Concept
CostCodes(multiple)	Concept
CostPremium	Concept
CostRate	Concept
CostRecovery	Concept
CostUnit	Concept
Counter	Concept
CounterEvent	Concept
Counterparty	Concept
Countries	Concept
Country	Concept
CountryCodesByCountryName	Concept
CountryTargeting	Concept
CoupleAccountLedgerEntry	Concept
Coupon	Concept
CouponByEmail	Concept
CouponByExternalId	Concept
CouponById	Concept
CouponBySms	Concept
CouponClaim	Concept
CouponCode	Concept
CouponCodeListStatistics	Concept
CouponConversion	Concept
CouponIssued	Concept
CouponProduct	Concept
CouponService	Concept
CouponType	Concept
CouponValidation	Concept
CouponsExternalId	Concept
Course	Concept
Course(group)	Concept
Course(students)	Concept
CourseActivity	Concept
CourseAssignment	Concept
CourseBundleEnrollment	Concept
CourseByExternalId	Concept
CourseByName	Concept
CourseCategories	Concept
CourseCategory	Concept
CourseCompletedMembers	Concept
CourseCompletion	Concept
CourseCompletionStatusOfUser	Concept
CourseCreated	Concept
CourseEnrollment	Concept
CourseEnrollments	Concept
CourseEnrollmentsByUser	Concept
CourseEnrolment	Concept
CourseGradeItems	Concept
CourseInformationOfMember	Concept
CourseInvitation	Concept
CourseLesson	Concept
CourseMember	Concept
CourseMemberAdded	Concept
CourseMembers	Concept
CourseParticipation	Concept
CourseProgress	Concept
CourseProgress(alt)	Concept
CourseProgresses	Concept
CourseProgresses(alt)	Concept
CoursePurchase	Concept
CourseSection	Concept
CourseSession	Concept
Courses	Concept
CourtCase	Concept
CoworkerMessage	Concept
Cpnewsletter	Concept
Craft	Concept
Crash,IssueOrUserFeedback	Concept
Crawl	Concept
CrawlNotification	Concept
CrawlStatus	Concept
CreateYoutubeQrCode	Concept
Created	Concept
CreatedAndWaiting	Concept
CreatedDocument	Concept
CreatedEnvelope	Concept
Creation	Concept
Credential	Concept
CredentialCreated	Concept
CredentialMetadataByTheUuidOfTheCredential	Concept
CredentialMetadataByUuids	Concept
CredentialPublished	Concept
Credentials	Concept
CredentialsEmail	Concept
Credit	Concept
Credit(beta)	Concept
CreditBalance	Concept
CreditBalanceAdjustment	Concept
CreditCardChargeMerchantOnly	Concept
CreditCardDeclined	Concept
CreditCardStatements	Concept
CreditCardSuccess	Concept
CreditCardTransaction	Concept
CreditCardTransactions	Concept
CreditCards	Concept
CreditHistories	Concept
CreditHistory	Concept
CreditLimits	Concept
CreditList	Concept
CreditMemo	Concept
CreditNote	Concept
CreditNoteAllocation	Concept
CreditNotes	Concept
CreditPullAlerts	Concept
CreditReception	Concept
CreditnoteLine	Concept
CreditorReference	Concept
Credits	Concept
CreditsCount	Concept
Crew	Concept
CriminalHistory	Concept
CriticalError	Concept
Crm+Contact	Concept
Crm+Deal	Concept
CrmActivity	Concept
CrmClient	Concept
CrmContact	Concept
CrmContactPerson	Concept
CrmData	Concept
CrmDeal	Concept
CrmEntry	Concept
CrmFile	Concept
CrmObject	Concept
CrmPipeline	Concept
CrmReadyLead	Concept
CrmRecord	Concept
CrmSale	Concept
CrmSource	Concept
CrmStage	Concept
CrmStatus	Concept
CrmTask	Concept
CrmTouchpoints	Concept
CropHarvest	Concept
CropTreatment	Concept
CrossProjectInsight	Concept
CrossProjectRecommendation	Concept
CrowdfireInstagramPost	Concept
CrsSurveyResponse	Concept
Csat	Concept
CsatFeedback	Concept
CsatRatingReceived	Concept
CsatSubmission	Concept
CsvCube	Concept
CsvFile	Concept
CsvFileGeneratedViaImport	Concept
CtaButtonClick	Concept
CtaResponse	Concept
CubeEdgeCustomer	Concept
CubeEdgeProject	Concept
CubeEdgeSynchronizationStatus	Concept
CubeEdgeVendor	Concept
CubeTimesheet	Concept
Currencies	Concept
Currency	Concept
CurrencyByCode	Concept
CurrencyById	Concept
CurrencyTicker(daily)	Concept
Currencyid	Concept
CurrentAccount	Concept
CurrentAccountReservation	Concept
CurrentAgreement	Concept
CurrentAirQuality	Concept
CurrentCompany	Concept
CurrentFire	Concept
CurrentLocation	Concept
CurrentMetric	Concept
CurrentMonth	Concept
CurrentPollen	Concept
CurrentStage	Concept
CurrentStatus	Concept
CurrentSubscriptionPlan	Concept
CurrentUser	Concept
CurrentUser(me)	Concept
CurrentUserDetail	Concept
CurrentUserProfile	Concept
CurrentWeather	Concept
CurrentWeek	Concept
CurrentWorkspace	Concept
CurrentlyPlayingTrack	Concept
CustomAccountFields	Concept
CustomActivity	Concept
CustomApp	Concept
CustomAppReport	Concept
CustomAttribute	Concept
CustomAttributes	Concept
CustomAudience	Concept
CustomAudienceOnFacebook	Concept
CustomAudienceOnLinkedin	Concept
CustomBooking	Concept
CustomCampaign	Concept
CustomCard	Concept
CustomCompanyEvent	Concept
CustomConnection	Concept
CustomConnection(step1)	Concept
CustomConnection(step2)	Concept
CustomContent	Concept
CustomContribution	Concept
CustomCustomerEvent	Concept
CustomDateField	Concept
CustomDocument	Concept
CustomEmail	Concept
CustomEmoji	Concept
CustomEntity	Concept
CustomEntryByCustomField	Concept
CustomEvent	Concept
CustomEventV2	Concept
CustomFee	Concept
CustomFeedEvent	Concept
CustomField	Concept
CustomFieldAssociated	Concept
CustomFieldAttachment	Concept
CustomFieldById	Concept
CustomFieldChoiceItem	Concept
CustomFieldData	Concept
CustomFieldItem	Concept
CustomFieldOptions	Concept
CustomFieldValue	Concept
CustomFieldValueOnACard	Concept
CustomFieldValues	Concept
CustomFields	Concept
CustomFieldsAssociated	Concept
CustomFieldsCategories	Concept
CustomFieldsCategory	Concept
CustomFootageSeekpoint	Concept
CustomFormAnswer	Concept
CustomFormResponse	Concept
CustomGaugeWidget	Concept
CustomInteraction	Concept
CustomLeadStatus	Concept
CustomListItem(s)	Concept
CustomListOnGoogle	Concept
CustomMeme	Concept
CustomMessage	Concept
CustomMetricValue	Concept
CustomModule	Concept
CustomModuleNote	Concept
CustomModuleRecord	Concept
CustomModuleRecordNote	Concept
CustomModules	Concept
CustomNumberWidget	Concept
CustomObject	Concept
CustomObject(beta)	Concept
CustomObjectCreated	Concept
CustomObjectData	Concept
CustomObjectDeleted	Concept
CustomObjectInstances	Concept
CustomObjectPropertyChange	Concept
CustomObjectRecord	Concept
CustomObjectRecordCreated	Concept
CustomObjectRecordDeleted	Concept
CustomObjectRecordUpdated	Concept
CustomObjectType	Concept
CustomObjectUpdated	Concept
CustomObjects	Concept
CustomOutboundCall	Concept
CustomPage	Concept
CustomPages	Concept
CustomPoLine	Concept
CustomPostIdea	Concept
CustomPostIdeaCreated	Concept
CustomProduct	Concept
CustomProductVariantBySize	Concept
CustomPropertyCreated	Concept
CustomPropertyDeleted	Concept
CustomPropertyUpdated	Concept
CustomPropertyValueCreated	Concept
CustomPropertyValueDeleted	Concept
CustomPropertyValueUpdated	Concept
CustomQuery	Concept
CustomRegisterItem	Concept
CustomReport	Concept
CustomRole	Concept
CustomSalesActivity	Concept
CustomSkills	Concept
CustomSocialCampaign	Concept
CustomSoftware	Concept
CustomTextField	Concept
CustomTextWidget	Concept
CustomTrainingMaterial	Concept
CustomUserEvent	Concept
CustomValue	Concept
CustomValues	Concept
CustomValues(attributes)	Concept
CustomWebFormSubmission	Concept
Customer	Concept
Customer'sOpportunities	Concept
Customer'sSubscriptions	Concept
Customer'sTasks	Concept
Customer(byNameOrId)	Concept
Customer(experimental)	Concept
Customer(loyaltyCard)	Concept
Customer(s)	Concept
Customer(shortAddress)	Concept
Customer(usingCoc)	Concept
Customer(usingVat)	Concept
Customer(wallet)	Concept
Customer(xCart5.4)	Concept
Customer.	Concept
Customer/UpdatedCustomer	Concept
Customer/site	Concept
Customer/vendorOrCustomer/vendorLead(xeroOnly)	Concept
CustomerAccount	Concept
CustomerAccountsActivity	Concept
CustomerActivity	Concept
CustomerAdded	Concept
CustomerAddress	Concept
CustomerAddressEvent	Concept
CustomerAdjustmentNote	Concept
CustomerAndLoginAccount	Concept
CustomerAndMailingAddress	Concept
CustomerAsNewLead	Concept
CustomerByAutoId	Concept
CustomerByCode	Concept
CustomerByEmail	Concept
CustomerByEmail,IdOrName	Concept
CustomerById	Concept
CustomerByLastName	Concept
CustomerByName	Concept
CustomerByNameOrEmail	Concept
CustomerByNameOrNumber	Concept
CustomerByPhone	Concept
CustomerByQuery	Concept
CustomerByUniqueId	Concept
CustomerCalendarEvent	Concept
CustomerCampaign	Concept
CustomerCard	Concept
CustomerCards	Concept
CustomerCategories	Concept
CustomerCharacteristicByAddress	Concept
CustomerCharacteristicByMail	Concept
CustomerContact	Concept
CustomerContact/Crm	Concept
CustomerContacts	Concept
CustomerContactsActivity	Concept
CustomerCreated	Concept
CustomerCreated(webhook)	Concept
CustomerCustomFieldValues	Concept
CustomerData	Concept
CustomerDataByCustomerno.	Concept
CustomerDelete	Concept
CustomerDetails	Concept
CustomerEvent	Concept
CustomerExchangeToken	Concept
CustomerFeed	Concept
CustomerFeedback	Concept
CustomerFile	Concept
CustomerGroup	Concept
CustomerGroupedCredit	Concept
CustomerGroupedInvoice	Concept
CustomerGroups	Concept
CustomerInfo	Concept
CustomerInfoUpdate	Concept
CustomerInformation	Concept
CustomerInsight	Concept
CustomerInvoiceV2	Concept
CustomerLearningCloudContact	Concept
CustomerLinked	Concept
CustomerList	Concept
CustomerMember	Concept
CustomerMetadata	Concept
CustomerNeed	Concept
CustomerNote	Concept
CustomerNote.	Concept
CustomerNoteBySender'sEmail.	Concept
CustomerNotes	Concept
CustomerOrContact(byEmail)	Concept
CustomerOrCustomerLead(quickbooksOnly)	Concept
CustomerOrder	Concept
CustomerOrderAndLineItems	Concept
CustomerPasswordResetEvent	Concept
CustomerPaymentMethod	Concept
CustomerPersonas	Concept
CustomerPipelineStatuses	Concept
CustomerPreferenceTags	Concept
CustomerPreferences	Concept
CustomerProduct	Concept
CustomerProfile	Concept
CustomerProfileProperties	Concept
CustomerProperties	Concept
CustomerPropertiesList	Concept
CustomerProperty	Concept
CustomerProposals	Concept
CustomerPurchase	Concept
CustomerRating	Concept
CustomerRecords	Concept
CustomerReference	Concept
CustomerRegistered	Concept
CustomerRegistration	Concept
CustomerReply	Concept
CustomerReviews	Concept
CustomerServiceLocation	Concept
CustomerSinglePerson	Concept
CustomerSource	Concept
CustomerStages	Concept
CustomerStats	Concept
CustomerStatus	Concept
CustomerStatuses	Concept
CustomerSubscriptionDetails	Concept
CustomerSubscriptionEvent	Concept
CustomerTag	Concept
CustomerTags	Concept
CustomerTask	Concept
CustomerTenant	Concept
CustomerTenantCreated	Concept
CustomerTokenCount	Concept
CustomerTotals	Concept
CustomerTraits	Concept
CustomerType	Concept
CustomerUpdate	Concept
CustomerUser	Concept
CustomerUserByEmail	Concept
CustomerUserLogin	Concept
CustomerV2	Concept
CustomerWasCreated	Concept
CustomerWithoutContact	Concept
Customerfile	Concept
Customers	Concept
Customers(beta)	Concept
CustomersByName	Concept
CustomersList	Concept
Customfieldid	Concept
Customfieldvalue	Concept
CustomizableCategory	Concept
CvFile	Concept
DailyCheckinForms	Concept
DailyForecast	Concept
DailyLog	Concept
DailyLogById	Concept
DailyLogByStatus	Concept
DailyLogByTeamId	Concept
DailyLogByTeamIdAndDate	Concept
DailyLogByTeamLeaderId	Concept
DailyLogManpowerLog	Concept
DailyMetrics(premium)	Concept
DailyProjectReports	Concept
DailyPurchases	Concept
DailyPurchasesReport	Concept
DailyReport	Concept
DailyReport(pdf)	Concept
DailyRevenue	Concept
DailySales	Concept
DailySales&LaborReport	Concept
DailySalesReport	Concept
DailySignInResponses	Concept
DailySignOffResponses	Concept
DailySummaryReport	Concept
Dashboard	Concept
DashboardCreated	Concept
Dashboards	Concept
Data	Concept
Data(automation)	Concept
Data(status)	Concept
Data(validation)	Concept
DataAlert	Concept
DataAnalysisLanguage	Concept
DataArray	Concept
DataCapture	Concept
DataCenterEntries	Concept
DataCenterEntry	Concept
DataCenterMembers	Concept
DataCollectionRecord	Concept
DataCollectionStatus	Concept
DataEntry	Concept
DataEvent	Concept
DataField	Concept
DataFieldValue	Concept
DataFields	Concept
DataIssue	Concept
DataItem	Concept
DataLeak	Concept
DataObjectByFieldValueId	Concept
DataObjectViaItemId	Concept
DataOption	Concept
DataPoint	Concept
DataProcessed	Concept
DataProcessing	Concept
DataRange	Concept
DataRecord	Concept
DataRoom	Concept
DataRoomFileDownload	Concept
DataRoomFilePrint	Concept
DataRoomFileView	Concept
DataRoomGuest	Concept
DataRoomGuestGroup	Concept
DataRoomVisit	Concept
DataRouteMerge	Concept
DataRow	Concept
DataRowImported	Concept
DataSet	Concept
DataSetRecord	Concept
DataSetRecords	Concept
DataSetRow	Concept
DataSetRow(advanced)	Concept
DataSetsDaily	Concept
DataSetsHourly	Concept
DataSource	Concept
DataSourceItem	Concept
DataSourceItems	Concept
DataSourceSchema	Concept
DataStoreRecord	Concept
DataSubject	Concept
DataSubjectRequest	Concept
Database	Concept
DatabaseInsights	Concept
DatabaseItem	Concept
DatabaseRecord	Concept
DatabaseRecords	Concept
DatabaseSchema	Concept
DatabinEntry	Concept
Datafields	Concept
Datapoint	Concept
DatapointChoice	Concept
Datapoints	Concept
Dataset	Concept
DatasetItem	Concept
DatasetItems	Concept
Datasets	Concept
Datasheet	Concept
DatasourceEntries	Concept
Date	Concept
Date(polling)	Concept
DateCreated	Concept
DateOrTime	Concept
DayReport	Concept
DeActivatedUser	Concept
DeactivatedJobs	Concept
Deadline	Concept
DeadlineById	Concept
DeadlinesAReviewProcess	Concept
Deal	Concept
Deal(deals)	Concept
Deal(deprecated)	Concept
Deal(manualPush)	Concept
Deal(perDealId)	Concept
DealAdded	Concept
DealAddedOrUpdated	Concept
DealAttachment	Concept
DealBasicData	Concept
DealById	Concept
DealCategory	Concept
DealCost	Concept
DealCreated	Concept
DealDeprecated	Concept
DealGenerated	Concept
DealInformation	Concept
DealNote	Concept
DealOrLeadRegistered	Concept
DealOwner	Concept
DealProduct	Concept
DealPropertyChange	Concept
DealRoom	Concept
DealRoomAsset	Concept
DealRoomAssets	Concept
DealRoomTemplates	Concept
DealRooms	Concept
DealSource	Concept
DealStage	Concept
DealStages	Concept
DealStatus	Concept
DealSubmission	Concept
DealTask	Concept
DealType	Concept
DealUpdate	Concept
Dealflow	Concept
DealflowCompanies	Concept
Deals	Concept
DealsAssociated	Concept
Debit	Concept
DebitNote	Concept
Debt	Concept
Debtor	Concept
Debtors	Concept
Decision	Concept
DecisionPublished	Concept
DecisionRequest	Concept
Decisions	Concept
Deck	Concept
DeclarationPage	Concept
DeclinedBooking	Concept
DeclinedPost	Concept
DeepgramApiRequest(speechToText)	Concept
DefaultField	Concept
DefaultRatingScalesAReviewQuestionnaireByStrategy	Concept
Defect	Concept
Deficiency	Concept
DeficiencyByDeficiencyNumber	Concept
Delegate	Concept
DelegatedAccess	Concept
Deleted	Concept
DeletedAsset	Concept
DeletedContact	Concept
DeletedDocument	Concept
DeletedGallery	Concept
DeletedLead	Concept
DeletedShipment	Concept
DeletedTag	Concept
DeletedTask	Concept
Deliverable	Concept
Deliveries	Concept
Delivery	Concept
Delivery/pickupStatus	Concept
DeliveryEvent	Concept
DeliveryMethod	Concept
DeliveryOption	Concept
DeliveryReceipt	Concept
DeliveryReport	Concept
DeliveryReports	Concept
DeliveryStatus	Concept
DeliveryTask	Concept
DeliveryType	Concept
DeliveryTypeById	Concept
DelivryOption	Concept
DelivryOptions	Concept
DemoView	Concept
Departmen	Concept
Department	Concept
DepartmentByName	Concept
DepartmentCode	Concept
DepartmentUser	Concept
Departments	Concept
DependantsDetails	Concept
Dependency	Concept
Deploy	Concept
DeployFailed	Concept
DeployStarted	Concept
DeploySucceeded	Concept
Deployment	Concept
Deposit	Concept
DepositCheckoutCompleted	Concept
DepositPayment	Concept
Deposits	Concept
DescendantsWorkflowsByWorkflowId	Concept
Description/AiContentRecognition	Concept
Design	Concept
DesignExportJob	Concept
DesignFiles	Concept
DesignImportJob	Concept
DesignUrl	Concept
Designations	Concept
DesignsByProjectId	Concept
Desk	Concept
DeskBooking	Concept
DesktopNotification	Concept
Destination	Concept
Detail	Concept
DetailedCustomers	Concept
DetailedEvent	Concept
DetailedPerson	Concept
DetailedReportCampaign	Concept
DetailedWebleads	Concept
DetailsOfAMonitoredCompany	Concept
DetailsOfASubscriber	Concept
DetailsOfASystem/focusTag	Concept
DevResource(requiresDevSeat)	Concept
Device	Concept
DeviceAdded	Concept
DeviceDetails	Concept
DeviceFound	Concept
DeviceRegistration	Concept
DeviceReturn	Concept
DeviceReturnOrder	Concept
Devices	Concept
Diagnose	Concept
DiagnoseCreated	Concept
DiagnoseResults(beta)	Concept
Diagram	Concept
DialplanSwitch	Concept
DialzaraCall	Concept
Diary	Concept
DiaryEvent	Concept
Dictation/automaticSpeechRecognition(asr)	Concept
Dictation/automaticSpeechRecognitionRequest(asr)	Concept
DidsInfo	Concept
Digest	Concept
DigitalBusinessCard	Concept
DigitalCredential	Concept
DigitalDocket	Concept
DigitalDocketTimeEntries	Concept
DigitalDocketWorkerQuestions	Concept
DigitalDownloads	Concept
DigitalGiftCampaignLink	Concept
DigitalGiftCardEmail	Concept
DigitalItem(mintErc721)	Concept
DigitalLead	Concept
DigitalPayment	Concept
DigitalSignature	Concept
DigitalWalletPass	Concept
DigitizingOrder	Concept
Dimension	Concept
DirectClientStatus	Concept
DirectCostItem	Concept
DirectCostLineItem	Concept
DirectDebitAuthorization	Concept
DirectDebitMandate	Concept
DirectDebitPayment	Concept
DirectEmailReport	Concept
DirectMessage	Concept
DirectMessage(asBot)	Concept
DirectMessage(asUser)	Concept
DirectRequest	Concept
DirectSmsReport	Concept
DirectUrl	Concept
DirectWorkspace	Concept
Directories	Concept
Directory	Concept
DirectoryByUuid	Concept
DirectoryRegistration	Concept
DirectoryRegistration(legacy)	Concept
DirectoryUser	Concept
Disbursement	Concept
DisbursementById	Concept
DisbursementItems	Concept
Disconnect	Concept
DisconnectEvent	Concept
Disconnection	Concept
Discount	Concept
DiscountAndFees	Concept
DiscountById	Concept
DiscountByName	Concept
DiscountCodes	Concept
DiscountCoupon	Concept
DiscountOffered	Concept
Discounts	Concept
DiscountsSummary	Concept
Discover	Concept
Discovery	Concept
DiscoveryAds	Concept
DiscoveryBrands	Concept
DiscoveryTerm	Concept
Discussion	Concept
DiscussionComment	Concept
DiscussionMessage	Concept
DiscussionPost	Concept
Dismissal	Concept
Dispatch	Concept
DispoTour	Concept
DispoTypeQualification	Concept
Disposition	Concept
DispositionSet	Concept
Dispute	Concept
DisputeById	Concept
DisputedCase	Concept
Disputes	Concept
DisqualifiedCandidate	Concept
DisqualifiedLead	Concept
DistributableForm&GenerateShareableLink	Concept
Distribution	Concept
DistributionList	Concept
Distributor	Concept
District	Concept
Division	Concept
Division(s)	Concept
Dm	Concept
DmrMail	Concept
DmsDocument	Concept
DmsFolder	Concept
DncEntry	Concept
DncNumbers	Concept
DoNotContactDomain	Concept
DoNotContactEntry	Concept
DoNote	Concept
Doc	Concept
DocGenTemplate	Concept
DocMembership	Concept
Docs	Concept
DoctasticLeads	Concept
Document	Concept
Document(fromTemplate)	Concept
Document(pdf)	Concept
Document(s)	Concept
DocumentAdded	Concept
DocumentAndSend	Concept
DocumentApproved	Concept
DocumentAttachment	Concept
DocumentAttachments	Concept
DocumentByDocumentTypeIdAndNo	Concept
DocumentByEmail	Concept
DocumentByEvisortid	Concept
DocumentById	Concept
DocumentByReferenceNumber	Concept
DocumentByTitle	Concept
DocumentByUuid	Concept
DocumentCategory	Concept
DocumentCategoryById	Concept
DocumentComment	Concept
DocumentCompleted	Concept
DocumentContent	Concept
DocumentCreated	Concept
DocumentDeclined	Concept
DocumentDetailByDocumentId	Concept
DocumentDetails	Concept
DocumentDownloadUrl	Concept
DocumentDraft	Concept
DocumentExpiration	Concept
DocumentExpired	Concept
DocumentExportFailed	Concept
DocumentExtracted	Concept
DocumentExtraction	Concept
DocumentFieldList	Concept
DocumentFields	Concept
DocumentFile(originalFormat)	Concept
DocumentFile(pdfFormat)	Concept
DocumentFiles	Concept
DocumentFolder	Concept
DocumentFormData	Concept
DocumentHistory	Concept
DocumentInformation	Concept
DocumentIsSentOut	Concept
DocumentJsonIntegration	Concept
DocumentMerge	Concept
DocumentMetadataValue	Concept
DocumentMetadataValues	Concept
DocumentMoved	Concept
DocumentNotProcessed	Concept
DocumentNumberingSequence	Concept
DocumentOpened	Concept
DocumentParties	Concept
DocumentPdf	Concept
DocumentProcessed	Concept
DocumentProcessed(withListItems)	Concept
DocumentProject	Concept
DocumentProperties	Concept
DocumentReceived	Concept
DocumentRecipients	Concept
DocumentRecord	Concept
DocumentRecordTypes	Concept
DocumentRecords	Concept
DocumentRedactionResults	Concept
DocumentRequest	Concept
DocumentRequestStatus	Concept
DocumentRequested	Concept
DocumentSent	Concept
DocumentSeries	Concept
DocumentShare	Concept
DocumentSigned	Concept
DocumentSignedFileInfo	Concept
DocumentStatus	Concept
DocumentSubcategory	Concept
DocumentSubmitted	Concept
DocumentTemplate	Concept
DocumentType	Concept
DocumentUpload	Concept
DocumentUploaded	Concept
DocumentUsingAirtable	Concept
DocumentUsingTemplate	Concept
DocumentVariables	Concept
DocumentVersion	Concept
DocumentVersionDetail	Concept
DocumentVersions	Concept
DocumentViaEmail	Concept
DocumentViewed	Concept
DocumentWaiver	Concept
DocumentXml	Concept
DocumentationAreaDocumentProcessed	Concept
DocumentationAreaResponseCreated	Concept
Documents	Concept
DocumentsAndEventsFeed	Concept
DocumentsBasedOnCriteria	Concept
DocumentsByConversation	Concept
DocumentsByProject	Concept
DocumentsByRecipientEmail	Concept
DocumentsList	Concept
DocumentsTemplates	Concept
Documnet	Concept
DocusignConnectEvent	Concept
Domain	Concept
DomainAdded	Concept
DomainCreated	Concept
DomainDetails	Concept
DomainEnrollment	Concept
DomainExpiry	Concept
DomainMx	Concept
DomainRankOverview	Concept
DomainTechnologies	Concept
DomainWhoisRecord	Concept
DomainsList	Concept
Donation	Concept
DonationDeposit	Concept
DonationDetails	Concept
DonationFailed	Concept
Donations	Concept
DoneJobs	Concept
Donor	Concept
DonorByCustomDonorId	Concept
DonorByEmail	Concept
DonorById	Concept
DonorByPhone	Concept
DonorForms	Concept
Donors	Concept
Door	Concept
DoorSensorEvent	Concept
Dossier	Concept
Dossiers	Concept
DossiersByExternalIds	Concept
Dot	Concept
DoubleEntryGlItem	Concept
DoubleOptIn	Concept
DownAlert	Concept
Download	Concept
DownloadDocumentUrl	Concept
DownloadKey	Concept
DownloadLink	Concept
DownloadOrderDocument	Concept
DownloadVideo	Concept
DownloadedLead	Concept
DownloadsFile	Concept
DownloadsFileComment	Concept
DownloadsFileReview	Concept
DownloadsFileVersion	Concept
Draft	Concept
DraftAgreement	Concept
DraftAtSelectedLocation	Concept
DraftBoardItem	Concept
DraftCampaign	Concept
DraftEmail	Concept
DraftEpisode	Concept
DraftEvent	Concept
DraftInvoice	Concept
DraftInvoiceByCustomerName	Concept
DraftInvoiceByProjectId	Concept
DraftInvoiceReceipt	Concept
DraftIsCreated.	Concept
DraftItem	Concept
DraftMap	Concept
DraftOrder	Concept
DraftPayment	Concept
DraftPost	Concept
DraftProcessFlowItem	Concept
DraftProjects	Concept
DraftProposal	Concept
DraftPurchaseOrder	Concept
DraftReply	Concept
DraftSalesInvoice	Concept
DraftShipment	Concept
DraftSignatureRequest	Concept
DraftVatMossInvoice	Concept
Drawing	Concept
DrayageRate	Concept
Drip	Concept
DripCampaign	Concept
DripCampaignMessages	Concept
DripCampaignsAndBuckets	Concept
DripCanceledEvent	Concept
DripSequence	Concept
DripStarted	Concept
DriveById	Concept
Driver	Concept
DriverCreated	Concept
DriverLead	Concept
DriverPayLog	Concept
Drivers	Concept
Drop	Concept
DropContact	Concept
Dropdown,MultipleChoiceOrRankingQuestionOptions	Concept
DropdownList	Concept
Droplet	Concept
DroppedOffPayment	Concept
DropzoneSubmission	Concept
DueDateOfTicket	Concept
DueScorecard	Concept
DuplicateTask	Concept
DuxSoupActionEvent	Concept
DynamicAdd	Concept
DynamicButtons	Concept
DynamicField	Concept
DynamicFields	Concept
DynamicGroup	Concept
DynamicMessage	Concept
DynamicQrCode	Concept
DynamicQrCode(url)	Concept
DynamicVideo	Concept
ECommerceOrder	Concept
EGift	Concept
EInvoice	Concept
EInvoiceRejectionReason	Concept
EInvoiceXml	Concept
ELearning	Concept
EMail	Concept
EMailNotification	Concept
EMailReply	Concept
EMailRequest	Concept
Ead	Concept
EarningEvent(s)Info	Concept
EarningsEvent	Concept
EasyMintNft	Concept
EbookByResourceId	Concept
EbookDownloadLinks	Concept
Echo	Concept
EcommerceBatch	Concept
EcommerceBatchResults	Concept
EcourseOrder	Concept
Edgedb	Concept
EditOrderSettings	Concept
Edited	Concept
Edits	Concept
Education	Concept
EducationalHistory	Concept
Effect	Concept
Effort	Concept
Egift	Concept
ElearningRegistration	Concept
Election	Concept
ElectronicServiceInvoice(nfseNotaFiscalServico)	Concept
ElectronicSignature	Concept
Element	Concept
ElementById	Concept
ElementChange	Concept
ElementStatus	Concept
Elements	Concept
Email	Concept
EmailAccountInfo	Concept
EmailActivity	Concept
EmailAdded	Concept
EmailAddedOnBlacklist	Concept
EmailAddress	Concept
EmailAddress(es)	Concept
EmailAddressOnPerson	Concept
EmailAero	Concept
EmailAndSmsReferralRequest	Concept
EmailAndSmsReviewRequest	Concept
EmailAssist	Concept
EmailBlacklisted	Concept
EmailBounce	Concept
EmailBounced	Concept
EmailCampaign	Concept
EmailCampaignStartsSending	Concept
EmailCapture	Concept
EmailCaptured	Concept
EmailClick	Concept
EmailCollected	Concept
EmailCommunication	Concept
EmailComplained	Concept
EmailContact	Concept
EmailContent	Concept
EmailContentUrl	Concept
EmailData	Concept
EmailDirect	Concept
EmailDraftCreatedByEmailai	Concept
EmailEvent	Concept
EmailFilter	Concept
EmailInteraction	Concept
EmailInvitation	Concept
EmailInvitations	Concept
EmailInvite	Concept
EmailLater	Concept
EmailLead	Concept
EmailList	Concept
EmailListSubscriber	Concept
EmailListSubscriberAdded	Concept
EmailMarketing	Concept
EmailMarketingCampaign	Concept
EmailMatchingSearch	Concept
EmailMessage	Concept
EmailMessageTemplate	Concept
EmailNote	Concept
EmailNotification	Concept
EmailOpen	Concept
EmailOpen,ClickAndUnsubscribeActivities	Concept
EmailOpenEvent	Concept
EmailOpened	Concept
EmailOptIn	Concept
EmailParsed(oneRequestPerEmail)	Concept
EmailParsed(oneRequestPerRow)	Concept
EmailProbeSearch	Concept
EmailProbeSearchResults	Concept
EmailQrCode	Concept
EmailReceive	Concept
EmailReceived	Concept
EmailRecipient	Concept
EmailReferral	Concept
EmailReferralRequest	Concept
EmailReplied	Concept
EmailReply	Concept
EmailReport	Concept
EmailRequest	Concept
EmailResolution	Concept
EmailResolutionResults	Concept
EmailReviewInvitation	Concept
EmailReviewRequest	Concept
EmailScoutSearch	Concept
EmailScoutSearchResults	Concept
EmailSearch	Concept
EmailSearchResults	Concept
EmailSend	Concept
EmailSendActivities	Concept
EmailSender	Concept
EmailSent	Concept
EmailSentOrReceived	Concept
EmailSequenceSubscription	Concept
EmailSequenceSubscriptionFinished	Concept
EmailStatus	Concept
EmailSubscriber	Concept
EmailSubscription	Concept
EmailSubscription/unsubscription	Concept
EmailSurvey	Concept
EmailSurveyRecipient	Concept
EmailTask	Concept
EmailTemplate	Concept
EmailTemplates	Concept
EmailToDo	Concept
EmailUnlock	Concept
EmailUnsubscribe	Concept
EmailUnsubscriber	Concept
EmailUsingAMailjetTemplate	Concept
EmailVerificationCreditBalance	Concept
EmailVerificationJob	Concept
Emails	Concept
EmailsSent	Concept
Embed	Concept
EmbedCode	Concept
EmbedMembership	Concept
Embeddings	Concept
EmergencyCall	Concept
Employee	Concept
Employee(single)	Concept
EmployeeAbsence	Concept
EmployeeAccountingEntry	Concept
EmployeeAdded	Concept
EmployeeById	Concept
EmployeeByName	Concept
EmployeeByOccupationId	Concept
EmployeeByTeamId	Concept
EmployeeClockIn	Concept
EmployeeClockOut	Concept
EmployeeCompensationRecord(startsToday)	Concept
EmployeeContact	Concept
EmployeeCreated	Concept
EmployeeData	Concept
EmployeeEvent	Concept
EmployeeGroup	Concept
EmployeeGroups	Concept
EmployeeInformation	Concept
EmployeeOnboarded	Concept
EmployeePositionAdded	Concept
EmployeePrivateInfo	Concept
EmployeeProfile	Concept
EmployeeProfileCreated	Concept
EmployeeScoreConfigurationsAReviewProcess	Concept
EmployeeStamp	Concept
EmployeeStarted	Concept
EmployeeStatus	Concept
EmployeeTimeBlock	Concept
EmployeeTimeBlockUsingNames	Concept
EmployeeTimeInterval	Concept
EmployeeWebhook	Concept
Employees	Concept
Employees(multiple)	Concept
EmployeesByName	Concept
Employer	Concept
EmploymentContracts	Concept
EmploymentCreated	Concept
EmploymentWorkEmail	Concept
EmptyEmail	Concept
EmptyList	Concept
EmptyTaskList	Concept
EncryptedUid	Concept
EndUser	Concept
Endpoint	Concept
EnduserByExternalId	Concept
EngageFlow	Concept
EngagedLead	Concept
EngagedRoom	Concept
EngagedUser	Concept
Engagement	Concept
EngagementImpactSubmission	Concept
EngagementInteraction	Concept
EngagementSession	Concept
Engagements	Concept
Engineer	Concept
EngineerRegistrationNumber	Concept
EnhanceStatus	Concept
EnhancedNote	Concept
EnquiriesByAgency	Concept
Enquiry	Concept
EnquiryById	Concept
EnquiryDetail	Concept
EnquiryMarketingPreferences	Concept
EnquiryMarketingPreferencesByEmailAddress	Concept
EnquiryMessageById	Concept
EnquiryMessagesByEnquiry	Concept
EnquiryTrigger	Concept
EnquiryUpdate	Concept
EnrichmentRequest	Concept
EnrolledSnapshotLeads	Concept
EnrolledStudent	Concept
Enrollment	Concept
EnrollmentDetails	Concept
EnrollmentPurchase(legacy)	Concept
Enrollments	Concept
EnrollmentsByCreatedDate	Concept
EnrollmentsByDropDate	Concept
EnrollmentsByEnrollDate	Concept
Enrolment	Concept
Enterprise	Concept
EnterpriseEvent	Concept
EnterpriseMetadataTemplateById	Concept
EnterpriseMetadataTemplateByName	Concept
Enterpriseactivitycode	Concept
Entities	Concept
EntitiesByLogin	Concept
Entitlement	Concept
EntitlementActivation	Concept
EntitlementActivations	Concept
EntitlementActivationsLogs	Concept
EntitlementGroup	Concept
EntitlementGroupAuthorizedContacts	Concept
EntitlementGroups	Concept
EntitlementNote	Concept
EntitlementNotes	Concept
EntitlementToken	Concept
Entitlements	Concept
Entitty	Concept
Entity	Concept
EntityByField	Concept
EntityByFieldValue	Concept
EntityById	Concept
EntityByUniqueKey	Concept
EntityContact	Concept
EntityContacts	Concept
EntityItem	Concept
EntityItem(s)	Concept
EntityList	Concept
EntityRate	Concept
EntityRecord	Concept
EntityRecords	Concept
EntityRecordsAdded	Concept
EntityType	Concept
EntityTypes	Concept
Entries	Concept
EntriesByTag	Concept
Entry	Concept
Entry(legacy)	Concept
Entry(otherModule)	Concept
Entry(poll)	Concept
Entry(rest)	Concept
EntryAttributeValues	Concept
EntryCreated	Concept
EntryDeleted	Concept
EntryForm	Concept
EntryGetUserData	Concept
EntryTest	Concept
EntryUpdated	Concept
Envelope	Concept
EnvelopeDocuments	Concept
EnvelopeInfo	Concept
EnvelopeScan	Concept
EnvelopeStatus	Concept
EnvelopeUsingARule	Concept
EnvelopeUsingATemplate	Concept
EnvelopeUsingDocument	Concept
EnvelopeUsingTemplate	Concept
Envelopes	Concept
Environment	Concept
EnvironmentSensorEvent	Concept
EpcQrCode	Concept
Epic	Concept
Episode	Concept
Episode(beta)	Concept
EpisodeAssets	Concept
EpisodeCreated	Concept
EpisodeIsCreated	Concept
EpisodeIsPublished	Concept
Equipment	Concept
Equipment(multiple)	Concept
Equipment(single)	Concept
EquipmentByName	Concept
EquipmentByQrOrBarcode	Concept
EquipmentIssue	Concept
EquipmentTimeBlock	Concept
Equipments	Concept
Erc20TokenContract	Concept
Erc20TokenTransfer	Concept
Error	Concept
ErrorMessagesDuringTheInstallation	Concept
ErrorRegression	Concept
ErrorStack	Concept
ErrorStackAddLink	Concept
ErrorStackPromoted	Concept
Errors	Concept
EsignatureRequestBasedOnTemplate	Concept
EstablishmentsOfACompany	Concept
Estimate	Concept
Estimate/Quote	Concept
EstimateById	Concept
EstimateCreated	Concept
EstimateHook	Concept
EstimateItems	Concept
Estimates	Concept
Ethnicity	Concept
EticketEvent	Concept
Evaluation	Concept
EvaluationsReport	Concept
Event	Concept
Event(deprecated)	Concept
Event/task	Concept
EventAlertsAboutACompany	Concept
EventAttendee	Concept
EventBasedEmailSurvey	Concept
EventByEventId	Concept
EventByEventbriteId	Concept
EventByExternalId	Concept
EventById	Concept
EventByTitle	Concept
EventComment	Concept
EventCommunication	Concept
EventConfirmed	Concept
EventContact	Concept
EventContact'sSessions	Concept
EventContacts	Concept
EventCosts	Concept
EventCreated	Concept
EventDataset	Concept
EventDescription	Concept
EventDetail	Concept
EventDetails	Concept
EventGroup	Concept
EventGuest	Concept
EventInfo	Concept
EventIsAdded	Concept
EventIsCreated	Concept
EventList	Concept
EventLog	Concept
EventLogEntry	Concept
EventMatchingRemoteId	Concept
EventMatchingSearch	Concept
EventNote	Concept
EventNotification	Concept
EventObjections	Concept
EventOccurred	Concept
EventOccurrence	Concept
EventOnLead	Concept
EventOnSale	Concept
EventOrClass	Concept
EventOrProposal	Concept
EventOutcomes	Concept
EventParticipant	Concept
EventParticipants	Concept
EventPersonGroups	Concept
EventPublished	Concept
EventReceived	Concept
EventRegistrant	Concept
EventRegistration	Concept
EventRegistrations	Concept
EventRequest	Concept
EventReservationCancelled	Concept
EventReservationCheckedIn	Concept
EventRsvp	Concept
EventSale	Concept
EventSeatByUser	Concept
EventSeries	Concept
EventSponsors	Concept
EventStatisticsById	Concept
EventTicket	Concept
EventTicketPassUrl	Concept
EventType	Concept
EventTypeByName	Concept
EventTypes	Concept
EventViews	Concept
EventWasAdded	Concept
EventcalendarTags	Concept
Events	Concept
Events(advancedSearch)	Concept
Events(withLineItemSupport)	Concept
EventsByArtistName	Concept
EventsByDate	Concept
EventsHook	Concept
EventsList	Concept
EventsOnSale	Concept
EveryParticipantsRegistered	Concept
Evidence	Concept
EvidenceTranscript	Concept
EwaiverLink	Concept
Example	Concept
ExampleMeme	Concept
Exception	Concept
ExclusionListItem	Concept
ExclusiveContentOrder	Concept
ExclusiveTransaction	Concept
Execution	Concept
ExecutionJsonOutput	Concept
ExecutionRawOutput	Concept
ExecutiveInfo	Concept
Exercise	Concept
Exhibitor	Concept
ExhibitorCreated	Concept
ExhibitorRegistersOnVfairs	Concept
Exhibitors	Concept
ExifData	Concept
ExifTags	Concept
ExistCustomerSalesOrder	Concept
ExistingAppointments	Concept
ExistingCampaign	Concept
ExistingCategories	Concept
ExistingClient	Concept
ExistingClients	Concept
ExistingContact	Concept
ExistingCustomFields	Concept
ExistingCustomer	Concept
ExistingDocument	Concept
ExistingEmployees	Concept
ExistingIssuedDocumentTotals	Concept
ExistingKeyresult	Concept
ExistingLarkTask	Concept
ExistingLocation	Concept
ExistingLocations	Concept
ExistingPartner	Concept
ExistingProjectTemplate	Concept
ExistingReceivedDocumentTotals	Concept
ExistingRecipientInformation	Concept
ExistingRecord	Concept
ExistingSessionEnrollments	Concept
ExistingSubscriber	Concept
ExistingSubscription	Concept
ExistingTicket	Concept
ExistingTickets	Concept
ExistingTransaction	Concept
ExistingUser	Concept
Expense	Concept
ExpenseAccount	Concept
ExpenseAccounts	Concept
ExpenseCategories	Concept
ExpenseCategory	Concept
ExpenseClaimReceipt	Concept
ExpenseCreated	Concept
ExpenseDetail	Concept
ExpenseEntry	Concept
ExpenseEntry(activity)	Concept
ExpenseEntryCreated	Concept
ExpenseForecast	Concept
ExpenseHook	Concept
ExpenseImage	Concept
ExpenseImageUrl	Concept
ExpenseInvoicePayment	Concept
ExpenseItem	Concept
ExpenseList	Concept
ExpenseReport	Concept
ExpenseSheet	Concept
ExpenseTransaction	Concept
Expense_categories	Concept
Expense_codes	Concept
Expense_cost_centers	Concept
Expense_gl_codes	Concept
Expense_locations	Concept
Expenseaccount	Concept
Expenses	Concept
Experience	Concept
ExperienceFound	Concept
ExperiencePoint	Concept
ExperienceUser	Concept
ExperimentResult	Concept
Experiments	Concept
Expiration	Concept
ExpirationDate	Concept
ExpirationItem	Concept
ExpiredDocument	Concept
ExpiredJobs	Concept
ExpiredOrders	Concept
ExpiredSubscriber	Concept
Expiring	Concept
ExpiryDate	Concept
Explainer	Concept
Export	Concept
ExportFile	Concept
ExportFileInstance	Concept
ExportFileInstanceContent	Concept
ExportFileInstances	Concept
ExportFileTemplate	Concept
ExportFileTemplates	Concept
ExportFiles	Concept
ExportFormats	Concept
Exported	Concept
ExportedContact	Concept
ExportedInspectionReport	Concept
ExportedInvoice(bookkeeping)	Concept
ExportedProject	Concept
ExportedReportStatus	Concept
Exports	Concept
ExtensionCallForwardAlways	Concept
ExtensionDnd	Concept
External	Concept
ExternalAccounts	Concept
ExternalAction	Concept
ExternalActivity	Concept
ExternalAppointmentId	Concept
ExternalAssessment	Concept
ExternalAssetByUrl	Concept
ExternalCalendar	Concept
ExternalContact	Concept
ExternalContactCreated	Concept
ExternalContactDetail	Concept
ExternalContext	Concept
ExternalDocumentRevision	Concept
ExternalDocuments	Concept
ExternalEvent	Concept
ExternalFile	Concept
ExternalForms	Concept
ExternalFormsLinks	Concept
ExternalId	Concept
ExternalIdOfAnEvent	Concept
ExternalIdentifier	Concept
ExternalLeadTypeId	Concept
ExternalLink	Concept
ExternalRoutingCall	Concept
ExternalRoutingCall.	Concept
ExternalSessionHasStarted	Concept
ExternalSetting	Concept
ExternalStakeholder	Concept
ExternalTransfer	Concept
ExternalWorkflow	Concept
ExtraFinancialScoreOfTheCompany	Concept
ExtraPurchase	Concept
ExtraQuestionAnswers	Concept
ExtractRefreshTasks	Concept
ExtractedData	Concept
ExtractionResult	Concept
F24	Concept
F24Attachment	Concept
FacebookCustomAudience	Concept
FacebookMessage	Concept
FacebookPagePost	Concept
FacebookPost	Concept
FacebookQrCode	Concept
FacebookSessionMessage	Concept
FacilityBooking	Concept
FacilityInformation	Concept
Fact	Concept
FactCheck	Concept
Facts	Concept
Failed	Concept
FailedDeliveryEvent	Concept
FailedInvoice	Concept
FailedMembershipPayment	Concept
FailedPayment	Concept
FailedPayout	Concept
FailedPost	Concept
FailedPurchase	Concept
FailedSms	Concept
FailedSubscription	Concept
FailedTransaction	Concept
FailureAlert	Concept
FalconGuardReport	Concept
Family	Concept
FamilyMember	Concept
Fan	Concept
FanEmailGained	Concept
FancyTimelineItem	Concept
FansWhoAttendedAnEvent	Concept
Faq	Concept
FaqItem	Concept
FaultReport	Concept
Favorite	Concept
FavoriteItem	Concept
FavoriteProject	Concept
FavoriteProjectList	Concept
FavoriteProposalId	Concept
FavoritedItem	Concept
FavoritedPhoto	Concept
FavouriteList	Concept
FavouriteProject	Concept
Fax	Concept
FaxMessage	Concept
FaxNumbers	Concept
FaxReceived	Concept
FaxSent	Concept
Feature	Concept
FeatureCount	Concept
FeatureCreated	Concept
FeatureFlag	Concept
FeatureRequest	Concept
FeatureStatus	Concept
FeatureTags	Concept
Fee	Concept
FeeItem	Concept
Feed	Concept
FeedData	Concept
FeedMessage	Concept
FeedPost	Concept
FeedPosts	Concept
Feedback	Concept
Feedback(call)	Concept
Feedback/commentOnChangelogPost	Concept
FeedbackCreated	Concept
FeedbackEntry	Concept
FeedbackIsCreated	Concept
FeedbackNote	Concept
FeedbackReceived	Concept
FeedbackRequest	Concept
FeedbackRequest(supportsMultipleLineItems)	Concept
FeedbackRequestLink(supportsMultipleLineItems)	Concept
FeedbackStatus	Concept
FeedbackSubscription	Concept
FeedbackVote	Concept
Field	Concept
FieldHistoryTrackingEvent	Concept
FieldType	Concept
FieldTypes(paged)	Concept
FieldValue	Concept
FieldValues	Concept
Fields	Concept
File	Concept
File(contentSearch)	Concept
File(permanent)	Concept
File(s)	Concept
File/folder	Concept
File/folderName	Concept
File/folderPermission	Concept
File/image/signature	Concept
FileActivity	Concept
FileAdded	Concept
FileApproval	Concept
FileAttachment	Concept
FileBasedAsset	Concept
FileBatch	Concept
FileByFileKey	Concept
FileById	Concept
FileById.	Concept
FileByKeyword	Concept
FileByName	Concept
FileCard	Concept
FileCategory	Concept
FileChannel	Concept
FileColumnValues	Concept
FileComment	Concept
FileContent	Concept
FileConvertAndTranscribe	Concept
FileDownload	Concept
FileDownloaded	Concept
FileEvent	Concept
FileGroup	Concept
FileInformation	Concept
FileMeta	Concept
FileNote	Concept
FileOrDirectory	Concept
FileOrFolder	Concept
FileOrFolderById	Concept
FileOrFolderCreated	Concept
FileOrFolderMetadata	Concept
FilePermission	Concept
FilePermissions	Concept
FilePrint	Concept
FileProperties	Concept
FilePublicUrl	Concept
FileQrCode	Concept
FileReady	Concept
FileRejection	Concept
FileRequest	Concept
FileRequests	Concept
FileReviews	Concept
FileShareLink	Concept
FileSharingPreference	Concept
FileSubmitted	Concept
FileTag	Concept
FileType	Concept
FileUpload	Concept
FileUploadUrl	Concept
FileUploaded	Concept
FileUploaded(byClient)	Concept
FileVersion	Concept
FileView	Concept
Files	Concept
FilesAndFolders(withLineItemSupport)	Concept
FilesByConversation	Concept
FilesByProject	Concept
FilesIntoACollection	Concept
FilesOfCompletedTickets	Concept
FilledDocument	Concept
FilledForm	Concept
Filter	Concept
FilterResults	Concept
FilteredInvoice	Concept
FilteredRows	Concept
FilteredRowsCount	Concept
FilteredSubscribers(paged)	Concept
Filters	Concept
FinalizedInvoice	Concept
FinanceCategory	Concept
FinanceItem	Concept
FinancevaultDocumentRequest	Concept
FinancialApplication	Concept
FinancialApplicationInformation	Concept
FinancialApplications	Concept
FinancialBatch	Concept
FinancialDocuments	Concept
FinancialInformationOfACompany	Concept
Financials	Concept
Finding	Concept
FindingEvent	Concept
FindingLayout	Concept
FindingTemplate	Concept
Finetune	Concept
FinishedConversation	Concept
FinishedGoodReceipt	Concept
FinishedRun	Concept
FinishedStoryCard	Concept
FirebaseRealtimeDatabaseRecord	Concept
Firm	Concept
FirmFields	Concept
FirmTickets	Concept
FirmographicLead	Concept
FirstAccount	Concept
FirstLineIncident	Concept
FirstMatchingCard	Concept
FirstMatchingCardByExternalId	Concept
FirstMatchingCardByTitle	Concept
FirstQuote	Concept
FirstTimeCaller	Concept
FixedAmounts	Concept
FixedAsset	Concept
FixedExpense	Concept
FixedFee	Concept
FixedFeeCreated	Concept
Fizl	Concept
Flag	Concept
FlaggedComment	Concept
FlaggedEmail	Concept
Flaree	Concept
FlatFee	Concept
FlatRateOffShopPromotion	Concept
FleetfactzUnitMessage	Concept
FlexEvent	Concept
FlexItemV2	Concept
FlicPress	Concept
FlightTrackRequest	Concept
FlightTracker	Concept
Flipbook	Concept
FlipbookById	Concept
FlipbookByPublicUrl	Concept
FlipbookByTitle	Concept
Floor	Concept
FloorPlan	Concept
FloorPlanDetails	Concept
FloorPlans	Concept
Flow	Concept
FlowCard	Concept
FlowEvent	Concept
FlowLog	Concept
FlowPost	Concept
FlowerProcessInstance	Concept
Flowrun	Concept
FocustimeSessionEnd	Concept
FocustimeSessionStart	Concept
Folder	Concept
Folder(s)	Concept
FolderAssets	Concept
FolderById	Concept
FolderComment	Concept
FolderContent	Concept
FolderContents	Concept
FolderCreate	Concept
FolderInsideASpecificFolder	Concept
FolderItem	Concept
FolderList	Concept
FolderMember	Concept
FolderMembership	Concept
FolderOrRoom	Concept
FolderSubmission	Concept
Folders	Concept
Follow	Concept
FollowUp	Concept
FollowUpJob	Concept
FollowUpMail	Concept
FollowUps	Concept
Follower	Concept
FollowerAndSendMessage	Concept
FollowerOfMe	Concept
FollowerOnAccount	Concept
FollowerTrigger	Concept
Followers	Concept
Followup	Concept
FollowupEmail	Concept
FollowupInstruction	Concept
Food&BeverageSummaryByEvent	Concept
FoodAndBeverageEntries	Concept
FoodAndBeverageEntry	Concept
FoodOrderReceived	Concept
ForABillingRequest	Concept
ForACompany	Concept
ForACompany'sEmails	Concept
ForAContact	Concept
ForAContactByEmailOrPhone	Concept
ForACustomer	Concept
ForACustomerBankAccount	Concept
ForADecisionMaker’sEmail	Concept
ForAGuest	Concept
ForAHoverJob	Concept
ForALead	Concept
ForALearner	Concept
ForALinkedinProfileEmail	Concept
ForAMandate	Concept
ForAOpportunity	Concept
ForAPage	Concept
ForAPayment	Concept
ForAPayout	Concept
ForAPerson	Concept
ForAPerson’sEmail	Concept
ForAProfile	Concept
ForAProject	Concept
ForAPurchase	Concept
ForARecord	Concept
ForAReservationByCustomerId	Concept
ForAReservationByReservationId	Concept
ForASubscriber	Concept
ForATarget	Concept
ForAVendor	Concept
ForActivities	Concept
ForAnActivity	Concept
ForAnAddress	Concept
ForAnEntity	Concept
ForAnIssue	Concept
ForAnIssueOccurrence	Concept
ForAnOrder	Concept
ForAnOrganization	Concept
ForAssets	Concept
ForAttendee	Concept
ForAttendeesStatuses	Concept
ForBug	Concept
ForClients	Concept
ForCommentsByCase.	Concept
ForCompaniesBasedOnCriteria	Concept
ForContacts	Concept
ForConversation	Concept
ForConversations.	Concept
ForCurrentRatePrices	Concept
ForCustomer	Concept
ForCustomerViaEmail	Concept
ForCustomerViaExternalId	Concept
ForDeals	Concept
ForEstablishments	Concept
ForEvent	Concept
ForExecutivesBasedOnCriteria	Concept
ForFamily	Concept
ForFullCalendarEvent	Concept
ForFullContact	Concept
ForFullListing	Concept
ForFullProperty	Concept
ForIfolioUserId	Concept
ForInventory	Concept
ForItem	Concept
ForLead	Concept
ForLinks	Concept
ForMatter	Concept
ForOrganizations	Concept
ForPageOrBlogPost	Concept
ForPayoutItemsByPayoutId	Concept
ForPeople	Concept
ForPlacesOnGoogleMaps	Concept
ForProducts	Concept
ForReportGroupMessages	Concept
ForShipments	Concept
ForSign	Concept
ForSignature	Concept
ForSpacesHanaIsAddedIn	Concept
ForStatus	Concept
ForTotalRows	Concept
ForTotalRowsOfSelectedCustomModule	Concept
ForTranscriptionJobs	Concept
ForUsers	Concept
Form	Concept
FormAnswer	Concept
FormAnswers	Concept
FormAssignment	Concept
FormById	Concept
FormBySelector	Concept
FormCompleted	Concept
FormCoupon	Concept
FormCreated	Concept
FormData	Concept
FormDataEvent	Concept
FormDataLog	Concept
FormDispatch	Concept
FormEngagement	Concept
FormEngagementCompleted	Concept
FormEngagementCreated	Concept
FormEngagementOpened	Concept
FormEntries	Concept
FormEntry	Concept
FormEvent	Concept
FormField	Concept
FormFieldDataOfAgreement	Concept
FormFieldValue	Concept
FormFields	Concept
FormFiledAdditional	Concept
FormFill	Concept
FormFilloutEvent	Concept
FormFills(grouped)	Concept
FormInput	Concept
FormInquiryByField	Concept
FormInquiryCreated	Concept
FormLead	Concept
FormNodeAnswer	Concept
FormPartialSubmission	Concept
FormPayment	Concept
FormProduct	Concept
FormProductAvailableQuantity	Concept
FormProductSold	Concept
FormRecord	Concept
FormRecords	Concept
FormResponse	Concept
FormResponseCompleted	Concept
FormResponses	Concept
FormResult	Concept
FormSession	Concept
FormSignature	Concept
FormSubmission	Concept
FormSubmission(legacy)	Concept
FormSubmissionById	Concept
FormSubmissionReceived	Concept
FormSubmissions	Concept
FormSubmit	Concept
FormSubmitted	Concept
FormSubscriber	Concept
FormSummary	Concept
FormVariables	Concept
Format	Concept
FormatedCv	Concept
Formation	Concept
FormfillerTemplate	Concept
Forms	Concept
Forum	Concept
ForumCategory	Concept
ForumList	Concept
ForumMessage	Concept
ForumNote	Concept
ForumPost	Concept
ForumThread	Concept
ForumTopic	Concept
ForumTopicPost	Concept
ForwardedCall	Concept
Frame	Concept
Frameworks	Concept
FraudulentOrder	Concept
FreeBooking	Concept
FreeDays	Concept
FreePayment	Concept
FreePlan	Concept
FreePreviewEnrollment	Concept
FreeServiceBooked	Concept
FreeTicket	Concept
FreeTrialBooking	Concept
Freecopy	Concept
FreightMargin	Concept
FreightOrder	Concept
FreightOrderCreated	Concept
FreightShipmentCreated	Concept
FrenchContactsByCompany	Concept
FrequentlyAskedQuestion	Concept
FromAllPowerlists	Concept
FromAutoDialer	Concept
FromAutomation	Concept
FromAutorespondSeries	Concept
FromCadence	Concept
FromCampaign	Concept
FromClientGroup	Concept
FromContactBlacklist	Concept
FromCourse	Concept
FromCustomList	Concept
FromDomainBlacklist	Concept
FromDripCampaign	Concept
FromGroup	Concept
FromGroupRoster	Concept
FromGroups	Concept
FromMailingList	Concept
FromPdf	Concept
FromPowerlist	Concept
FromQueue	Concept
FromSegmentedList	Concept
FromTemplate	Concept
FromTemplateAndModify	Concept
FromUserGroup	Concept
FrozenUser	Concept
FuelRefill	Concept
FulfilledOrder	Concept
Fulfillment	Concept
FulfillmentCenter	Concept
FulfillmentCentre	Concept
FulfillmentItem	Concept
FulfillmentOrder	Concept
FulfillmentOrdersByOrderId	Concept
FullContactDetails	Concept
FullCustomerDetails	Concept
FullEnrollment	Concept
FullOrderDetails	Concept
FullReportDetails	Concept
FullSubscriptionDetails	Concept
FullThreadByKey	Concept
FullTransaction	Concept
Function	Concept
FunctionFields	Concept
Fund	Concept
FundCreated	Concept
FundedCompanies	Concept
FundingRound	Concept
Fundraiser	Concept
Fundraiser/team	Concept
FundraiserById	Concept
FundraiserInteraction	Concept
Fundraisers	Concept
Fundraising	Concept
Funds	Concept
Funnel	Concept
FunnelDeal	Concept
FunnelEvent	Concept
FunnelLeadsData	Concept
FunnelSubscription	Concept
Funnels	Concept
FunnelsAssociated	Concept
FusedeskCase	Concept
Gage	Concept
GageById	Concept
Gallery	Concept
GalleryAlbum	Concept
GalleryImage	Concept
GalleryImageComment	Concept
GalleryImageReview	Concept
GalleryVisitor	Concept
GalleryWatermark	Concept
Game	Concept
GameLead	Concept
GameSnapshot	Concept
Gateway	Concept
GatewayBalance	Concept
GatormailContactAttribute	Concept
GbpAuditLead	Concept
GdprDetails	Concept
Gender	Concept
GenderByAFirstName	Concept
GenderByAFullName	Concept
GenderCode	Concept
GenderViaEmail	Concept
GenderViaName	Concept
GeneralApiResponse	Concept
GeneralContactLead	Concept
GeneralJournal	Concept
GeneralJournalEntry	Concept
GeneralLead(businessCard)	Concept
GeneralLedgerAccount	Concept
GeneralLedgerAccount(s)	Concept
GeneralLedgerTotals	Concept
GeneralPeople	Concept
GeneralTask	Concept
GeneralUpdate	Concept
GeneratedContent	Concept
GeneratedImage	Concept
GeneratedShortlink	Concept
GeneratedVideo	Concept
Generation	Concept
GenerationImage	Concept
GenerationStatus	Concept
Generator	Concept
GenericAdvertisement	Concept
GenericEntry	Concept
GenieSpaceDetails	Concept
GenieSpaces	Concept
Gentable	Concept
Geofence	Concept
Get_invoice_by_id	Concept
GetlandyLead	Concept
Getreservations	Concept
Gif	Concept
Gifs	Concept
Gift	Concept
GiftCampaign	Concept
GiftCampaignRecipients	Concept
GiftCard	Concept
GiftCardEvent	Concept
GiftCardOrders	Concept
GiftCardSold	Concept
GiftCreated	Concept
GiftDelivered	Concept
GiftEmail	Concept
GiftLink	Concept
GiftPurchase	Concept
GiftRecipient	Concept
GiftRedeemPageUrl	Concept
GiftSubscription	Concept
Giftcard	Concept
GiftcardType	Concept
Giftee	Concept
GifteeRedeemLink	Concept
GifteeRedemptionEmail	Concept
GifteeReview	Concept
Giftees	Concept
Giftogram	Concept
Gifts	Concept
GigPosted	Concept
Gist	Concept
GitCommit	Concept
Giveaway	Concept
GiveawayLink	Concept
GlImportItem	Concept
GlTransaction	Concept
GlcodeId	Concept
GlobalAttribute	Concept
GlobalEvent	Concept
GlobalList	Concept
GlobalPost	Concept
GlobalRole	Concept
GlobalTask	Concept
GlobalTaskSection	Concept
GlobalUnsubscribe	Concept
Glossary	Concept
GmailThread	Concept
GmbListing	Concept
GmbReview	Concept
Gmc(goldenMomentCall)Lead	Concept
Goal	Concept
GoalAchieved	Concept
GoalAchievement	Concept
GoalByDirectReports	Concept
GoalByPerson	Concept
GoalComments	Concept
GoalCommentsByDirectReports	Concept
GoalCompleted	Concept
GoalCreated	Concept
GoalHistory	Concept
GoalMetric	Concept
GoalNotAchieved	Concept
Goals	Concept
GoalsByPerson	Concept
Golink	Concept
GolinkMetrics	Concept
GoodById	Concept
GoodCategoryById	Concept
Goods	Concept
GoodsCategory	Concept
GoodsDelivery	Concept
GoodsReceipt	Concept
GoodsReceipt(s)	Concept
GoodsReceiptLine(s)	Concept
GoodsSubcategory	Concept
GoodsTransfer	Concept
GoogleChatMessage	Concept
GoogleCustomList	Concept
GoogleFormQrCode	Concept
GoogleSearchVolume	Concept
GosolarIndex	Concept
Grade	Concept
GradedQuizResult	Concept
Graph	Concept
GridColumn	Concept
GroovemailFormSubmission	Concept
GroovememberMember	Concept
GroovepagesOptin	Concept
Groovesell"cancellation"	Concept
Groovesell"failedRebill"	Concept
Groovesell"refund"	Concept
Groovesell"sale"	Concept
Groovesell"uniqueSale"	Concept
Group	Concept
Group(scim)	Concept
GroupBlog	Concept
GroupBooking	Concept
GroupByEmail	Concept
GroupByGroupId	Concept
GroupById	Concept
GroupByName	Concept
GroupCalendarEvent	Concept
GroupChat	Concept
GroupChatMessage	Concept
GroupClient	Concept
GroupComment	Concept
GroupContact	Concept
GroupCreated	Concept
GroupDetails	Concept
GroupDocumentSecurity	Concept
GroupEmailAlias	Concept
GroupEvent	Concept
GroupEventParticipantAdded	Concept
GroupFeed	Concept
GroupFreetextMessage	Concept
GroupHost	Concept
GroupInvitation	Concept
GroupIssueEvent	Concept
GroupJoinRequest	Concept
GroupLink(shareableSurveyLink)	Concept
GroupMember	Concept
GroupMember(deprecated)	Concept
GroupMembers	Concept
GroupMembership	Concept
GroupMemberships	Concept
GroupMergeRequestEvent	Concept
GroupMergeRequests	Concept
GroupMessage	Concept
GroupNote	Concept
GroupParticipants	Concept
GroupPermissions	Concept
GroupPhoto	Concept
GroupPost	Concept
GroupProfile	Concept
GroupRepeatedEvent	Concept
GroupReport	Concept
GroupRoster	Concept
GroupRules	Concept
GroupSchedule	Concept
GroupSignup	Concept
GroupSms	Concept
GroupTask	Concept
GroupUser	Concept
GroupWorkspace	Concept
GroupchatMessage	Concept
GroupedTickets	Concept
Groups	Concept
Groups(scim)	Concept
GrowLocationTreatment	Concept
Guest	Concept
GuestAdded	Concept
GuestById	Concept
GuestCategoryByEvent	Concept
GuestPortalData	Concept
GuestRegistered	Concept
GuestSignUp	Concept
GuestStory	Concept
GuestVisit	Concept
Guests	Concept
GuestsOfABoard	Concept
Guide	Concept
Habit	Concept
Handoff	Concept
Handovers	Concept
HandoversCreated	Concept
HandwrittenCard	Concept
HandwrittenCard(advanced)	Concept
HardBounce	Concept
Hardware	Concept
HardwareDetails	Concept
HardwareModel	Concept
HasBeenRejected.	Concept
Hash	Concept
HeadlessImport	Concept
Headline	Concept
Health	Concept
HealthCheckCompleted	Concept
HealthDetails	Concept
Heatmap	Concept
HelpDocument	Concept
HelpcenterArticle	Concept
HighIntentVisit	Concept
HighRiskFinding	Concept
Highlight	Concept
HighlightClip	Concept
HighlightDetails	Concept
HighlightEvent	Concept
Highlights	Concept
Hint	Concept
Hire	Concept
HireCreated	Concept
HiretrackNx	Concept
HiringCompanies	Concept
HistoricTile	Concept
HistoricalExchangeRates	Concept
HistoricalSearchVolume	Concept
HistoricalTrafficStats	Concept
History	Concept
HistoryNote	Concept
Hlr	Concept
Hold	Concept
HoldAppointment	Concept
Holder	Concept
Holiday	Concept
HolidayGroup	Concept
HolidayRequest	Concept
Home	Concept
HomeByAddress	Concept
HomeById	Concept
HomeOffice	Concept
HomePageSummary	Concept
HomeValueLead	Concept
HomeValueViewEvent	Concept
Hoot	Concept
HootPosted	Concept
HostNote	Concept
HostingDomains	Concept
HotLead	Concept
HotPost	Concept
HotProduct	Concept
HotelTasksRetriverQTasks	Concept
Hotlist	Concept
HotlistTask	Concept
Hotlists	Concept
Hotness	Concept
Hour	Concept
Hours	Concept
HoursAndWagesReportCompact	Concept
HoursAndWagesReportDetailed	Concept
Household	Concept
HrFile	Concept
Html	Concept
HtmlCodeOfAWebsite	Concept
HtmlEmail	Concept
HtmlHeader/footer	Concept
HtmlMessage	Concept
HtmlQrCode	Concept
HtmlResponse	Concept
HtmlTile	Concept
Hub	Concept
HubAccess	Concept
HubspotUserInfo	Concept
Human	Concept
HumanHandoff	Concept
HumanLiveInterpreter	Concept
HumanMessage	Concept
HumanPoweredText	Concept
HumanPoweredTranscription	Concept
HumanPoweredTranslation	Concept
HuntLabQuery(advanced)	Concept
HuntLabQuery(simple)	Concept
Hustle	Concept
Huudle	Concept
ICaluid	Concept
IcaptureCandidate	Concept
Icebreaker	Concept
IcsData	Concept
Idea	Concept
IdeaById	Concept
IdeaComment	Concept
IdeaFeedback	Concept
IdeaItem	Concept
IdeaStage	Concept
IdeaSubscription	Concept
IdeaVote	Concept
Ideas	Concept
IdentifiedVisitor	Concept
Identities	Concept
Identity	Concept
IdentityBreach	Concept
IdentityMapping	Concept
IdentityVerification	Concept
IdxLeads	Concept
ImMessage	Concept
Image	Concept
Image/CarouselPost	Concept
Image/gifExperience	Concept
ImageBackground	Concept
ImageCreated	Concept
ImageFile	Concept
ImageGenerated	Concept
ImageGeneration	Concept
ImageGrid	Concept
ImageNote	Concept
ImagePost	Concept
ImageQrCode	Concept
ImageTile	Concept
ImageTweet	Concept
ImageWatermark	Concept
ImageWhichRequireMoreThan30Seconds	Concept
Images	Concept
Impact	Concept
ImpactCertificate	Concept
Implementation	Concept
ImplementationActivity	Concept
ImplementationAttachment	Concept
ImplementationTask	Concept
Import	Concept
ImportBirthdayRequest	Concept
ImportFields	Concept
ImportJob	Concept
ImportantDate	Concept
ImportedReport	Concept
InAppNotification	Concept
InHouseGuest	Concept
InPdf	Concept
InWhale	Concept
InactiveLearnersAfter7Days	Concept
InactiveUser	Concept
InboundCall	Concept
InboundCallCompleted	Concept
InboundCallLog	Concept
InboundCallNotification	Concept
InboundCallReceived	Concept
InboundContactMessage	Concept
InboundConversation	Concept
InboundEmail	Concept
InboundEmailReceived	Concept
InboundEmailViaRoute	Concept
InboundFax	Concept
InboundLead	Concept
InboundLeadAndAcceptedAssistLead	Concept
InboundMessage	Concept
InboundMobileMessage	Concept
InboundOrder(purchase)	Concept
InboundSms	Concept
InboundSmsOrMmsMessage	Concept
InboundSmsReceived	Concept
InboundSubmission	Concept
InboundText	Concept
InboundTextMessage	Concept
Inbox	Concept
Inbox(premium)	Concept
InboxAlias	Concept
InboxConversation(byNetwork)	Concept
InboxItem	Concept
InboxMessage	Concept
InboxStep	Concept
InboxTask	Concept
Incident	Concept
IncidentActivity	Concept
IncidentComment	Concept
IncidentIntent	Concept
IncidentNote	Concept
IncidentTicket	Concept
Income	Concept
IncomeDetailOfClient	Concept
IncomeInvoicePayment	Concept
IncomingCall	Concept
IncomingCallAnswered	Concept
IncomingChat	Concept
IncomingEnquiry	Concept
IncomingFeedback	Concept
IncomingInvoice	Concept
IncomingLead	Concept
IncomingMesasge	Concept
IncomingMessage	Concept
IncomingMessages	Concept
IncomingMissedCall	Concept
IncomingPayment	Concept
IncomingReply	Concept
IncomingSms	Concept
IncomingSms/Mms	Concept
IncomingSmsReport	Concept
IncomingSurvey	Concept
IncomingTestimonial	Concept
IncomingText	Concept
IncomingTexts	Concept
IncomingWebhook	Concept
IncomingWhatsappMessage	Concept
IncompletePurchaseOrder	Concept
IncompleteTask	Concept
IndependentStudent	Concept
IndependentStudent(fullDetails)	Concept
IndependentStudent(studentDetails)	Concept
Index	Concept
Indexes	Concept
IndianCasteGroup	Concept
IndiefunnelNewOrder	Concept
Individual	Concept
IndividualAccount	Concept
IndividualByDateOfBirthAndName	Concept
IndividualByEmailAndName	Concept
IndividualById	Concept
IndividualByPhoneNumberAndName	Concept
IndividualClient	Concept
IndividualContact	Concept
IndividualCreated	Concept
IndividualCustomer	Concept
IndividualCustomerV2	Concept
IndividualEntity	Concept
IndividualMessage	Concept
IndividualPlaintiff	Concept
IndividualProfile	Concept
IndividualProspect	Concept
IndividualPushMessage	Concept
IndividualStakeholder	Concept
IndividualSurveyUrl	Concept
IndividualsByEmail	Concept
Induction	Concept
IndustryCustomWorkflows	Concept
IndustryResearchReport	Concept
InfectedFileFinding	Concept
Influencer	Concept
InfluencerPost	Concept
InfluencerProfile	Concept
Info	Concept
InfoBaseDataCreated	Concept
InfoRequest	Concept
Infopage	Concept
InformationAboutPdfProtection	Concept
InformationExtractorOpenQuestionAction	Concept
InformationExtractorSingleChoiceAction	Concept
InformationExtractorYesNoAction	Concept
InformationRequestResponse	Concept
InformationTrigger	Concept
Infos	Concept
IngestJob	Concept
IngestJobStatus	Concept
IngoingAssessments	Concept
InitialQaForms	Concept
InitiateMessage	Concept
Initiative	Concept
InitiativeTask	Concept
InitiativeUpdate	Concept
Input	Concept
InputRecord	Concept
Inquiries	Concept
Inquiry	Concept
InquiryCreated	Concept
InquiryIsCreated	Concept
InquiryMessage	Concept
InquiryOrWebsiteEvent	Concept
Insight	Concept
InsightByExternalId	Concept
InsightByInsightId	Concept
InsightResult	Concept
Insights	Concept
InsightsAction	Concept
InsightsGenerated	Concept
InsightsTopics	Concept
Inspection	Concept
InspectionAssignee	Concept
InspectionContact	Concept
InspectionContacts	Concept
InspectionDate	Concept
InspectionDetails	Concept
InspectionLog	Concept
InspectionSchedule	Concept
InspectionTemplateCategories	Concept
InspectionTemplateStatusLabels	Concept
Inspections	Concept
InstagramMessage	Concept
InstagramPost	Concept
InstagramProfileReportAction	Concept
InstagramQrCode	Concept
InstagramReel	Concept
InstagramReport	Concept
InstagramSessionMessage	Concept
InstagramStory	Concept
InstagramStoryPost	Concept
Installation	Concept
InstallationPreview	Concept
Installations	Concept
InstalledEquipments	Concept
Installment	Concept
Instance	Concept
InstantAvatar	Concept
InstantBankPayment	Concept
InstantCall	Concept
InstantDesignLeadByLeadId	Concept
InstantFirstPayment+DirectDebitMandate	Concept
InstareportBuilt(instareports)	Concept
InstasiteBuilt(instasites)	Concept
Institution	Concept
Instruction	Concept
InstructionCreated	Concept
Instructions	Concept
Insurance	Concept
InsuranceCategory	Concept
InsuranceCompany	Concept
InsuranceDetailsOfClient	Concept
Insured	Concept
IntagentLeads	Concept
Intake	Concept
Integration	Concept
IntegrationConnections	Concept
IntegrationEvent	Concept
IntegrationGroupSpace	Concept
IntegrationLog	Concept
IntegrationStep	Concept
IntegrationThread	Concept
IntegrationUrl	Concept
IntelliconferencePhoneCallOccured	Concept
Intelliform	Concept
Intent	Concept
Interaction	Concept
InteractionCall	Concept
InteractionCreated	Concept
InteractionData	Concept
InteractionEmail	Concept
InteractionMeet	Concept
InteractionNote	Concept
InteractionsReport	Concept
InteractiveVideo	Concept
InteractiveVoiceBroadcast	Concept
Interest	Concept
InterestShown(forAgenciesOnly)	Concept
InterestedLead	Concept
InterlineDeliveryPost	Concept
InterlinePickupPost	Concept
InternalAction	Concept
InternalAssessment	Concept
InternalBooking	Concept
InternalComment	Concept
InternalFormSubmitted	Concept
InternalMember	Concept
InternalNote	Concept
InternalNoteContact	Concept
InternalNotes	Concept
InternalPersonnel	Concept
InternalPostComment	Concept
InternalPostComment.	Concept
InternalProject	Concept
InternalStakeholder	Concept
InternalSubscription	Concept
InternalTicket	Concept
InternalTransfer	Concept
InternalUsers	Concept
InternetService	Concept
Intervention	Concept
InterventionRequest	Concept
Interview	Concept
Interview/MeetingEventScheduled	Concept
InterviewCompleted	Concept
InterviewReport	Concept
InterviewResponse	Concept
InterviewScheduled	Concept
InterviewTemplate	Concept
IntroductionBetweenTwoUsers	Concept
InvalidEmail	Concept
InvalidOrders	Concept
Invalidation	Concept
Inventory	Concept
InventoryAdjustment	Concept
InventoryConsumed	Concept
InventoryData	Concept
InventoryItem	Concept
InventoryItems	Concept
InventoryLevel	Concept
InventoryLevels	Concept
InventoryLocation	Concept
InventoryLocationById	Concept
InventoryLocationByName	Concept
InventoryLocations	Concept
InventoryMasterData	Concept
InventoryMovement	Concept
InventoryQuantity	Concept
InventoryQuantity(withLineItemSupport).	Concept
InventoryTypes	Concept
InventoryVehicle	Concept
InventoyLots	Concept
Investment	Concept
InvestmentMemo	Concept
InvestmentsTransactions	Concept
Investor	Concept
InvestorDetails	Concept
Invitation	Concept
InvitationAcceptedClient	Concept
InvitationAcceptedProspect	Concept
InvitationCreated	Concept
InvitationLink	Concept
InvitationResponse	Concept
Invitations	Concept
Invite	Concept
Invite(location)	Concept
InviteAccepted	Concept
InviteById	Concept
InviteCreated	Concept
InviteCreated(mobileApp)	Concept
InviteDetails	Concept
InviteLink	Concept
InviteLinks(batch)	Concept
InviteSent	Concept
InvitedClient	Concept
InvitedProspect	Concept
Invitee	Concept
InviteeAdded	Concept
Invitelink	Concept
InvitelinkByCode	Concept
InvitelinkByUid	Concept
Invitelinks	Concept
Invites	Concept
Invites(business)	Concept
Invoice	Concept
Invoice(beta)	Concept
Invoice(polling)	Concept
Invoice(s)	Concept
Invoice(sales)	Concept
Invoice(unpaid)	Concept
Invoice/Quote	Concept
Invoice/return	Concept
InvoiceAdjustment	Concept
InvoiceBalance	Concept
InvoiceBaseLine	Concept
InvoiceByClient	Concept
InvoiceByEmail	Concept
InvoiceById	Concept
InvoiceByInvoiceNumber	Concept
InvoiceByInvoiceid	Concept
InvoiceByMatter	Concept
InvoiceByNumber	Concept
InvoiceByOrderId	Concept
InvoiceByVendorName	Concept
InvoiceComment	Concept
InvoiceCreated	Concept
InvoiceCredit	Concept
InvoiceDraft	Concept
InvoiceDue	Concept
InvoiceEvent	Concept
InvoiceGenerated	Concept
InvoiceHistory	Concept
InvoiceHook	Concept
InvoiceHookEventCompleted	Concept
InvoiceInformation	Concept
InvoiceIsCreated	Concept
InvoiceItem	Concept
InvoiceItemChangeOnAnyOwnedTrip	Concept
InvoiceItemChangeOnSingleTrip	Concept
InvoiceItems	Concept
InvoiceLine	Concept
InvoiceLineByJobid,InvoiceId(beta)	Concept
InvoiceLineItem	Concept
InvoiceLineItems	Concept
InvoiceList	Concept
InvoiceMembership	Concept
InvoiceNote	Concept
InvoiceOrEstimate	Concept
InvoicePaid	Concept
InvoicePayment	Concept
InvoicePaymentStatus	Concept
InvoicePayments	Concept
InvoicePdf	Concept
InvoicePdfCreated	Concept
InvoicePm	Concept
InvoiceReceipt	Concept
InvoiceRow	Concept
InvoiceSetAsExported	Concept
InvoiceStatus	Concept
InvoiceStatuses	Concept
InvoiceSupplier	Concept
InvoiceTemplateByName	Concept
InvoiceTemplateCreated	Concept
InvoiceTemplates	Concept
InvoiceWithoutCatalogItem	Concept
Invoicepayment	Concept
Invoices	Concept
InvoicesByTrackingNumber	Concept
InvoivedPurchase	Concept
InwardConsignment	Concept
InwardConsignments	Concept
InwardConsignmentsAppointment	Concept
InwardsConsignment	Concept
IpAddressByPackage	Concept
IpEndpoint	Concept
IpGeolocationData	Concept
IpRiskScore	Concept
IqaResults	Concept
IslucidTask	Concept
IssuanceOffer	Concept
Issue	Concept
Issue(viaJql)	Concept
IssueAction	Concept
IssueAttachment	Concept
IssueById	Concept
IssueByKey	Concept
IssueComment	Concept
IssueCreated	Concept
IssueFollowers	Concept
IssueOrIncident	Concept
IssuePriority	Concept
IssueStatus	Concept
IssueType	Concept
IssueUpdate	Concept
IssuedDocument	Concept
IssuedDocumentAttachment	Concept
IssuedDocumentPreCreateInfo	Concept
IssuedDocuments	Concept
IssuedInvoice	Concept
IssuedProposal	Concept
IssuedTicket	Concept
IssuedTicket(feesApply)	Concept
IssuerProfileByIssuerpubkey	Concept
Issues	Concept
Issues(viaJql)	Concept
IssuesByFilter	Concept
Issuetype	Concept
Issuetypes	Concept
Item	Concept
Item(product,Discount)	Concept
Item(s)	Concept
ItemAction	Concept
ItemApproved	Concept
ItemByColumnValue	Concept
ItemById	Concept
ItemByLabel	Concept
ItemColumnValue	Concept
ItemCreated	Concept
ItemDateColumnValue	Concept
ItemDropdownColumnValue	Concept
ItemEmailColumnValue	Concept
ItemGroup(s)	Concept
ItemInformation	Concept
ItemInvoice	Concept
ItemLinkColumnValue	Concept
ItemList	Concept
ItemLongTextColumnValue	Concept
ItemMoveAfterCommand	Concept
ItemMoveBeforeCommand	Concept
ItemMoved	Concept
ItemMultipleColumnValues	Concept
ItemName	Concept
ItemNumberColumnValue	Concept
ItemOfBusinessDeal	Concept
ItemOfBusinessQuote	Concept
ItemOfBusinessSalesOrder	Concept
ItemOnContact	Concept
ItemOnContactSection	Concept
ItemPeopleColumnValue	Concept
ItemPhoneColumnValue	Concept
ItemPurchase	Concept
ItemQuantity	Concept
ItemSalesSummary	Concept
ItemShared	Concept
ItemStatus	Concept
ItemStatusColumnValue	Concept
ItemTagged	Concept
ItemTextColumnValue	Concept
ItemUpdated	Concept
Items	Concept
ItemsByColumnValue	Concept
ItemsOnWpUltimo	Concept
Itemtype	Concept
Iteration	Concept
IvrCampaign	Concept
IvrMessage	Concept
Jd	Concept
JiraIssue	Concept
JiraIssueTransitions	Concept
JiraIssues	Concept
JiraProjects	Concept
JiraRemoteLinks	Concept
JiraUsers	Concept
Job	Concept
Job(beta)	Concept
Job(newAction)	Concept
Job(pickupDropoff)	Concept
Job(singleStop)	Concept
JobAction	Concept
JobAd	Concept
JobAdPosted	Concept
JobAdded	Concept
JobAdvertById	Concept
JobAlert	Concept
JobAndCustomer	Concept
JobAndInviteCandidates	Concept
JobApplication	Concept
JobApplicationById	Concept
JobApply	Concept
JobAttachments	Concept
JobAvailable(forWriters)	Concept
JobByAutoId	Concept
JobById	Concept
JobByJobId	Concept
JobByJobNumber	Concept
JobByUniqueId	Concept
JobCandidate	Concept
JobCandidateAnalysis	Concept
JobCandidates	Concept
JobCategory	Concept
JobCategory(newAction)	Concept
JobClaimed(forWriters)	Concept
JobComment	Concept
JobComments	Concept
JobCompleted	Concept
JobConsideration	Concept
JobCreated	Concept
JobDescription	Concept
JobDescriptor	Concept
JobDocument	Concept
JobEvent	Concept
JobExtractDocument	Concept
JobHistory	Concept
JobInformation	Concept
JobItem	Concept
JobLabels	Concept
JobListing	Concept
JobNumber	Concept
JobOffer	Concept
JobOpened	Concept
JobOpening	Concept
JobOrContact	Concept
JobOrInvoice	Concept
JobOrProjectNote	Concept
JobOrder	Concept
JobOrderById	Concept
JobOrderNote	Concept
JobOrders	Concept
JobPosition	Concept
JobPositions	Concept
JobPost	Concept
JobProject	Concept
JobPublished	Concept
JobRequisition	Concept
JobResult	Concept
JobResults	Concept
JobSearch	Concept
JobSearchResults	Concept
JobSeeker	Concept
JobServeeAttachments	Concept
JobServeeComments	Concept
JobServeeDetails	Concept
JobServers	Concept
JobStatus	Concept
JobStatusNotification	Concept
JobTemplate	Concept
JobTemplates	Concept
JobTemplatesByType	Concept
JobType	Concept
JobTypes	Concept
JobWorkflowStatuses	Concept
Joborder	Concept
Jobs	Concept
JobsByUser	Concept
Jobsite	Concept
Jobtype	Concept
JoinRequest	Concept
Joinpoint	Concept
Journal	Concept
JournalEntry	Concept
JournalLog	Concept
Journals	Concept
Journey	Concept
JourneyById	Concept
JourneyCompleted	Concept
JourneyList	Concept
JourneySentiment	Concept
JourneysByReferenceNumber	Concept
JsonBin	Concept
JsonMessage	Concept
JsonResponse	Concept
JsonWebToken	Concept
Juxt	Concept
KakaoAlimtalk	Concept
KakaoFriendtalk	Concept
KbArticle	Concept
Key	Concept
KeyComments	Concept
KeyCreated	Concept
KeyDateById	Concept
KeyEvent	Concept
KeyResult	Concept
KeyResultCreated	Concept
KeyResults	Concept
KeyValueStoreRecord	Concept
Keyresult	Concept
Keys	Concept
Keyword	Concept
KeywordDifficulty	Concept
KeywordExtractionRequest	Concept
KeywordOptIn	Concept
KeywordReport	Concept
KeywordSuggestions	Concept
KeywordsByAsin	Concept
KeywordsByKeyword	Concept
KickoffFormSubmitted	Concept
Kit	Concept
KnowledgeBase	Concept
KnowledgeBaseArticle	Concept
KnowledgeBaseCategories	Concept
KnowledgeBases	Concept
KnowledgeCard	Concept
KnowledgebaseArticle	Concept
KnownContact	Concept
Kpi	Concept
KpiActual	Concept
KpiData	Concept
KpiDataPoint	Concept
KpiDimensionData	Concept
KpiDimensionValues	Concept
KpiDimensions	Concept
KpiEmail	Concept
KpiInsights	Concept
KpiInspectData	Concept
KpiValue	Concept
Kpis	Concept
KrUpdate	Concept
Kudos	Concept
KycData	Concept
KyvioAssetShared	Concept
Label	Concept
Label(adicionarEtiqueta)	Concept
LabelAdded	Concept
LabelById	Concept
LabelCreated	Concept
LabelGenerated	Concept
LabelInformation	Concept
LabelList	Concept
LabelOnBoard	Concept
LabeledConversation	Concept
LabeledEmail	Concept
LabeledPhoto	Concept
Labels	Concept
Labels'sList	Concept
Labels(listarEtiquetas)	Concept
LandedCost	Concept
LandingPage	Concept
LandingPageTemplate	Concept
Lanes	Concept
Language	Concept
LanguageType	Concept
LanguageVariant	Concept
Languages	Concept
LarkBase	Concept
LarkCalendarEvent	Concept
LarkDocs	Concept
LarkFile	Concept
LarkSheet	Concept
LarkSheets	Concept
LarkSlides	Concept
LarkTaskByCompleteStatus	Concept
LastAction	Concept
LastActorRun	Concept
LastAgent	Concept
LastAgreement	Concept
LastDeviceLocation	Concept
LastFundingInvestor	Concept
LastInteraction	Concept
LastMessage	Concept
LastNoteByContactId	Concept
LastPolicyByContactId	Concept
LastTaskRun	Concept
LastUrls	Concept
LateEmployee	Concept
LatestAnalysis	Concept
LatestComment	Concept
LatestExchangeRates	Concept
LatestOrder	Concept
LatestPageSpeedTest	Concept
LatestReviews	Concept
LatestScreenshot	Concept
LatestSslTest	Concept
LatestUptimeTest	Concept
LatestUptimeTestAlert	Concept
LatestVersionOfContract	Concept
Launch	Concept
LawCase	Concept
LawCaseAndSubject	Concept
LawCaseBySyssourceid	Concept
LawFirm	Concept
LawFirmById	Concept
Layaway	Concept
Lead	Concept
Lead(company)	Concept
Lead(connected)	Concept
Lead(contactForm)	Concept
Lead(flux)	Concept
Lead(forTeamAccount)	Concept
Lead(forYourAccount)	Concept
Lead(forYourGroup)	Concept
Lead(forYourOrganization)	Concept
Lead(inbound)	Concept
Lead(leadsIn)	Concept
Lead(legacy)	Concept
Lead(moving)	Concept
Lead(new)	Concept
Lead(old)	Concept
Lead(person)	Concept
Lead(s)	Concept
Lead(s)Back	Concept
Lead(signal)	Concept
Lead/Deal	Concept
Lead/client	Concept
Lead/contactById	Concept
Lead/contactWebhookByType	Concept
Lead/loan	Concept
Lead/opportunity	Concept
LeadAbandoned	Concept
LeadActivity	Concept
LeadAd	Concept
LeadAdded	Concept
LeadAddedLegacy	Concept
LeadAndConversation	Concept
LeadAndSendSms	Concept
LeadAppendLevel1Data	Concept
LeadAppendLevel2Data	Concept
LeadAssigned	Concept
LeadAssignment	Concept
LeadAttributionBooking	Concept
LeadAttributionCall	Concept
LeadAttributionForm	Concept
LeadBasedOnDispositionCode	Concept
LeadByAllFields	Concept
LeadByCustomFieldValue	Concept
LeadByEmail	Concept
LeadByExternalleadid	Concept
LeadByField	Concept
LeadById	Concept
LeadByName	Concept
LeadByPhone	Concept
LeadBySubject	Concept
LeadByWorkEmail	Concept
LeadCampaign	Concept
LeadCapture	Concept
LeadCaptured	Concept
LeadCollected	Concept
LeadComment	Concept
LeadConnected	Concept
LeadContact	Concept
LeadContactIds	Concept
LeadContactIsCreated	Concept
LeadContactSummary	Concept
LeadContacted	Concept
LeadContentOrTitleChanged	Concept
LeadConversion	Concept
LeadCreated	Concept
LeadCreation	Concept
LeadData	Concept
LeadDeleted	Concept
LeadDetails	Concept
LeadDiscovered	Concept
LeadDocument	Concept
LeadEdited	Concept
LeadEntry	Concept
LeadEvent	Concept
LeadEvent(externalLeads)	Concept
LeadFollowUp	Concept
LeadForm	Concept
LeadFormAnswer	Concept
LeadFormData	Concept
LeadFormEntry	Concept
LeadFormResponseSubmitted	Concept
LeadFound	Concept
LeadFunnelSubmission	Concept
LeadGen	Concept
LeadGenFormResponse(organicContent)	Concept
LeadGenFormResponse(sponsoredContent)	Concept
LeadGenerated	Concept
LeadGroup	Concept
LeadGroupCreated	Concept
LeadHook	Concept
LeadInboxContact	Concept
LeadIntakeFormSubmission	Concept
LeadInvitation	Concept
LeadIsAdded	Concept
LeadIsCreated	Concept
LeadLabel	Concept
LeadLeadPartner	Concept
LeadList	Concept
LeadMagnet	Concept
LeadMagnetStatus	Concept
LeadMatchingMedium	Concept
LeadMatchingSource	Concept
LeadNote	Concept
LeadNotes	Concept
LeadOnList	Concept
LeadOnRoundRobin	Concept
LeadOrDeal	Concept
LeadOrLeadActivity	Concept
LeadOrProspectCreated	Concept
LeadOrSale	Concept
LeadOutcome	Concept
LeadProfile	Concept
LeadPromotion	Concept
LeadProperties	Concept
LeadPropertyViewOrSave	Concept
LeadProposal	Concept
LeadPurchase	Concept
LeadQuote	Concept
LeadReceived	Concept
LeadRegisteredOnLeadCaptureApp	Concept
LeadRegistration	Concept
LeadSale	Concept
LeadSavedSearch	Concept
LeadSequences	Concept
LeadSignup	Concept
LeadSmartView	Concept
LeadSource	Concept
LeadSource(newAction)	Concept
LeadSourceConnectAlert	Concept
LeadSources	Concept
LeadStage	Concept
LeadStageChange	Concept
LeadStatus	Concept
LeadStatusChange	Concept
LeadStatusChangedTo...	Concept
LeadStepChangedTo...	Concept
LeadSteps	Concept
LeadSubmission	Concept
LeadSuccess	Concept
LeadTag	Concept
LeadTalentPool	Concept
LeadType	Concept
LeadTypeMembers	Concept
LeadTypes	Concept
LeadUpdate	Concept
LeadUploaded	Concept
LeadUsingLeadGenerator	Concept
LeadV1	Concept
LeadV2	Concept
LeadViaFunnel	Concept
LeadWasExported	Concept
LeadZapCalls	Concept
LeaddetectorLeads	Concept
Leader	Concept
LeaderboardStat	Concept
LeadformLead	Concept
Leads	Concept
LeadsAdded	Concept
LeadsCreated	Concept
LeadsFormSubmission	Concept
LeadsHook	Concept
LeadsOld,Deprecated,DoNotUse,UseNewContactTriggerInstead	Concept
LeadsStatus	Concept
Learner	Concept
LearnerEnrollment	Concept
LearnerIntoExistingTeam	Concept
LearnerList	Concept
LearnerLogin	Concept
LearnerQuiz	Concept
LearnerSelfEnrolLink	Concept
Learners	Concept
LearningActivity	Concept
LearningExperience	Concept
LearningPath	Concept
Learnlist	Concept
Lease	Concept
LeaseCharge	Concept
LeaseCredit	Concept
LeaseDocument	Concept
LeasePayment	Concept
LeaseTenants	Concept
Leave	Concept
LeaveBalance	Concept
LeaveBalanceType	Concept
LeaveEntry	Concept
LeaveRecord	Concept
LeaveRequest	Concept
LeaveRequestType	Concept
LeaveRequested	Concept
LeaveStatuses	Concept
LeaveType	Concept
Leaver	Concept
Ledger	Concept
LedgerAccount	Concept
LedgerBalance	Concept
LedgerEntriesByDebtLineId	Concept
LegalEntity	Concept
LegalInformationOfACompany	Concept
LenderLead	Concept
Lesson	Concept
LessonAccessRequest	Concept
LessonParticipant	Concept
LessonPayment	Concept
LessonSubscription	Concept
Lessons	Concept
Letter	Concept
LetterCampaign	Concept
LetterGenerated	Concept
LetterViaRadiusSearch	Concept
Level	Concept
Level3Data	Concept
LibraryAvatar	Concept
LibraryFileContent	Concept
LibraryIsCreated	Concept
LibraryTemplates	Concept
LibraryVoice	Concept
Licence	Concept
License	Concept
LicenseExpirationDate	Concept
LicenseKey	Concept
LicenseSku	Concept
Licensee	Concept
Licenses	Concept
LifecycleStages	Concept
LifestyleNews	Concept
LifetimeUsage	Concept
Lightbox	Concept
LikedPost	Concept
LineChart	Concept
LineItem	Concept
LineItemTax	Concept
LineItems	Concept
LineItemsOfInvoice	Concept
Line_item	Concept
Lineitem	Concept
LineupForm	Concept
LineupFormCompleted	Concept
Link	Concept
Link(embed)	Concept
LinkAdded	Concept
LinkAttachments	Concept
LinkByLongUrl	Concept
LinkByPath	Concept
LinkCategory	Concept
LinkClick	Concept
LinkClicked	Concept
LinkComment	Concept
LinkConversations	Concept
LinkCreated	Concept
LinkPost	Concept
LinkQrCode	Concept
LinkRecord	Concept
LinkShareLink	Concept
LinkedContact	Concept
LinkedContactAndCompany	Concept
LinkedData	Concept
LinkedMatter	Concept
LinkedPickup&DropoffTasks	Concept
LinkedReferenceOfAPage/Block	Concept
LinkedinCampaignActivity	Concept
LinkedinCompany	Concept
LinkedinConnectionEvent	Concept
LinkedinCustomAudience	Concept
LinkedinMessageEvent	Concept
LinkedinPost	Concept
LinkedinProfile	Concept
LinkedinProfileBasedPreCallBrief	Concept
LinkedinSenders	Concept
LinksList	Concept
List	Concept
ListAdded	Concept
ListById	Concept
ListChoice	Concept
ListCompany	Concept
ListCreated	Concept
ListEmail	Concept
ListEntityRecord	Concept
ListEntityRecord(underCompany)	Concept
ListEntityRecord(underContact)	Concept
ListEntityRecord(underOpportunity)	Concept
ListEntityRecord(underTicket)	Concept
ListEntries	Concept
ListEntry	Concept
ListField	Concept
ListId	Concept
ListInformation	Concept
ListItem	Concept
ListItemCreated	Concept
ListItems	Concept
ListLinksQrCode	Concept
ListOfCandidates	Concept
ListOfCategories	Concept
ListOfCheckIns	Concept
ListOfClients	Concept
ListOfCredentialMetadata	Concept
ListOfCustomers	Concept
ListOfDiscounts	Concept
ListOfEmployees	Concept
ListOfEventOccurrences	Concept
ListOfEventSeries	Concept
ListOfEventSeriesOverrides	Concept
ListOfEvents	Concept
ListOfHolds	Concept
ListOfHubIds	Concept
ListOfInventoryLevels	Concept
ListOfIssuedTickets	Concept
ListOfItems	Concept
ListOfMembersWhomWasSentAMailing	Concept
ListOfModifiers	Concept
ListOfOptouts	Concept
ListOfOrders	Concept
ListOfPaymentTypes	Concept
ListOfPosDevices	Concept
ListOfProducts	Concept
ListOfReceipts	Concept
ListOfShifts	Concept
ListOfStores	Concept
ListOfSuppliers	Concept
ListOfTaxes	Concept
ListOfVariants	Concept
ListOfVoucherCodes	Concept
ListOfVouchers	Concept
ListOfWaitlistSignups	Concept
ListOnABoard	Concept
ListProspectAccounts	Concept
ListResult	Concept
ListSubscriber	Concept
ListUnsubscriber	Concept
ListValues	Concept
List_space	Concept
Listener	Concept
ListenerActivatedTheShow	Concept
ListenerCompletedTheLeadForm	Concept
ListenerOfPresentation	Concept
ListenerViaHiroSalesPageOrKeyword	Concept
ListenerViaOtherPlatform	Concept
Listing	Concept
ListingById	Concept
ListingData	Concept
ListingInquiry	Concept
ListingTypeActivity	Concept
ListingViewed	Concept
ListingsByAgency	Concept
ListingsSavedSearch	Concept
Lists	Concept
LivablProLeads	Concept
LiveAttendance	Concept
LiveAttendee	Concept
LiveChatMessage	Concept
LiveChatRequest	Concept
LiveChatRequested	Concept
LiveClass	Concept
LiveClassRegistration	Concept
LiveCurrency/cryptoExchange	Concept
LiveEvent	Concept
LiveInteractiveWebinarRegistration	Concept
LiveInterpreter	Concept
LiveInterview	Concept
LiveItem	Concept
LiveLesson	Concept
LiveLessonEnrollment	Concept
LiveSessionLink	Concept
LiveStream	Concept
LiveStreamByStreamer	Concept
LiveStreamCreated	Concept
LiveViewer	Concept
LiveWorkshop	Concept
LivestockHarvest	Concept
LivestreamOrder	Concept
Load	Concept
LoadRecord	Concept
Loan	Concept
LoanApplication	Concept
LoanCreated	Concept
LoanLead	Concept
LoanPurposes	Concept
LoanQuestions	Concept
LoanTypes	Concept
Loanee	Concept
LoanzifyLoan	Concept
LocalityInfoOfGeoCoordinates.	Concept
Location	Concept
Location(serviceLocation)	Concept
LocationByExternalId	Concept
LocationById	Concept
LocationByLocationId	Concept
LocationByName	Concept
LocationContact	Concept
LocationContacts	Concept
LocationCreated	Concept
LocationData	Concept
LocationEvent	Concept
LocationList	Concept
LocationReport	Concept
LocationResources	Concept
LocationStatus	Concept
LocationUpdate	Concept
Locations	Concept
Lock	Concept
LockActivity	Concept
Log	Concept
LogData	Concept
LogEvent	Concept
LogTime	Concept
LoggedActivity	Concept
LoggedCall	Concept
LoggedContact	Concept
LoggedInUser	Concept
LoggedTime	Concept
LoggedTimeEntry	Concept
Login	Concept
LoginByUser	Concept
LoginEmail	Concept
LoginType	Concept
LogoOfAWebsite	Concept
Logs	Concept
LongTermNumberSmsHistory	Concept
LookupList	Concept
Loop	Concept
LostCalls	Concept
LostDeal	Concept
LostNetworkEvent	Concept
LostReasons	Concept
LowBatteryEvent	Concept
LowRiskFinding	Concept
LoyaltyAction	Concept
LoyaltyBalance	Concept
LoyaltyCard	Concept
LoyaltyCardUser(legacy)	Concept
LoyaltyEvent	Concept
LoyaltyMember	Concept
LoyaltyMemberEmail	Concept
LoyaltyMemberEnrolment	Concept
LsaLead	Concept
Lyra	Concept
LyraStatus	Concept
Machine	Concept
MachineLearningModelTrainingInitiated	Concept
MaestroWorkflow(forIamPlans)	Concept
MaestroWorkflowInstance(forIamPlans)	Concept
MagazineSubscription	Concept
MagicDash	Concept
MagicLink	Concept
MagicPromptsResponse	Concept
Mail	Concept
Mail(noCampaign)	Concept
MailActivity	Concept
MailDocument	Concept
MailMessageAttachment	Concept
MailMessageSent	Concept
MailPrice	Concept
MailRecipient	Concept
MailSignUp	Concept
Mailbox	Concept
Mailing	Concept
Mailing(emailAppend)	Concept
Mailing(withPostalAddress)	Concept
MailingList	Concept
MailingListEntry	Concept
MailingListMember	Concept
Mailings	Concept
Mailpiece	Concept
Mailpieces	Concept
Maintenance	Concept
MaintenanceIssue	Concept
MaintenanceLog	Concept
MaintenanceReportCreated	Concept
MaintenanceRequest	Concept
MaintenanceTasks	Concept
MaintenanceUpdate	Concept
MajorIncident	Concept
Managedobject	Concept
Manager	Concept
Manager/ClientContact	Concept
ManagerEmailResponse	Concept
ManagerMessage	Concept
Managers	Concept
MandateAuthorisationRequest	Concept
MandateCreated	Concept
ManualBonus	Concept
ManualComponentStatus	Concept
ManualEntry	Concept
ManualJournalEntry	Concept
ManualOrder	Concept
ManualPayment–(cash,Check)	Concept
ManualPoints	Concept
ManualTime	Concept
ManualTimeEntry	Concept
ManualTrigger	Concept
Manufacturer	Concept
ManufacturerByName	Concept
ManufacturingOrder	Concept
ManyAccounts	Concept
ManyContacts	Concept
ManyConventions	Concept
ManyConvocations	Concept
ManyCustomers	Concept
ManyFormations	Concept
ManyItems	Concept
ManyLearners	Concept
ManyListItems	Concept
ManyLocations	Concept
ManyModules	Concept
ManyQuotations	Concept
ManyRecords	Concept
ManyRecords(advanced)	Concept
ManyRecords(asLineItems)	Concept
ManyRows	Concept
ManyRows(withLineItemSupport)	Concept
ManySalesInvoiceLines	Concept
ManySalesInvoices	Concept
ManySessiondates	Concept
ManySessions	Concept
ManySpreadsheetRows(advanced)	Concept
ManyTrainers	Concept
Map	Concept
MapBoundaries	Concept
MapInfo	Concept
MapTask	Concept
Margin	Concept
Mark	Concept
Markdown	Concept
MarkdownAndStructuredJson	Concept
MarketCap	Concept
MarketInsightSignup	Concept
MarketMap	Concept
MarketPriceTrigger	Concept
MarketStatistics	Concept
MarketVolumeTrigger	Concept
MarketingCampaign	Concept
MarketingCampaignMember	Concept
MarketingCampaignMemberStatus	Concept
MarketingCampaigns	Concept
MarketingChannel	Concept
MarketingCollateralOrder	Concept
MarketingConsent	Concept
MarketingContact	Concept
MarketingEvent	Concept
MarketingInbound	Concept
MarketingMail	Concept
MarketingProperty	Concept
MarketingQualifiedLead	Concept
MarketingSubscription	Concept
MarketplaceOrder	Concept
MarketplaceOrderById	Concept
MarketplaceOrderByOrderNumber	Concept
MarketplaceOrderItem	Concept
MarketplaceOrderReceiver	Concept
MarketplaceOrderReceiverRedeemLink	Concept
MarketplaceOrderReceiverRedemptionEmail	Concept
MarketplaceOrderReceivers	Concept
MarketplaceOrders	Concept
MarketplaceProduct	Concept
MarketplaceProductRecommendations	Concept
MarketplaceProducts	Concept
MarketplaceReceiverReview	Concept
MarketplaceTransaction	Concept
MarkupComment	Concept
MarkupComments	Concept
MarriageHistory	Concept
Massmail	Concept
Match	Concept
MatchNote	Concept
MatchProfile	Concept
MatchedEmail	Concept
MatchesFilter	Concept
Material	Concept
MaterialCreated	Concept
MaterialOrder	Concept
MaterialType	Concept
MaterialTypeCreated	Concept
MaterialUnitCreated	Concept
Materials	Concept
Matter	Concept
MatterByCustomField	Concept
MatterByExternalReferenceId	Concept
MatterById	Concept
MatterCard	Concept
MatterContacts/companies	Concept
MatterContainer	Concept
MatterCreated	Concept
MatterCustomField	Concept
MatterCustomFieldValue	Concept
MatterDetails	Concept
MatterExpense	Concept
MatterFolder	Concept
MatterMemo	Concept
MatterNote	Concept
MatterParticipant	Concept
MatterRole	Concept
MatterStatus	Concept
Matters	Concept
MattersByParticipants	Concept
MaxBidRequested	Concept
MaximizerUser	Concept
McRecruits	Concept
McpPrompt	Concept
MdfRequest	Concept
Measurable'sScore	Concept
MeasureCurrentValue	Concept
MeasureData	Concept
MeasureHistoricalValues	Concept
Measurement	Concept
MeasurementEvents	Concept
Media	Concept
MediaCategories	Concept
MediaCategory	Concept
MediaEvent	Concept
MediaItem	Concept
MediaItems	Concept
MediaJobs	Concept
MediaMessage	Concept
MediaPosted	Concept
MediaTemplateMessage	Concept
MediaUploadJob	Concept
MediaUploadStatus	Concept
MediaUploaded	Concept
Mediafile	Concept
Medias	Concept
MediumRiskFinding	Concept
MedullarSpace	Concept
MeetTheTeamNotification	Concept
Meeting	Concept
Meeting/CallLog	Concept
Meeting/webinar	Concept
MeetingAction	Concept
MeetingActionItem	Concept
MeetingAdded	Concept
MeetingAnalysis	Concept
MeetingAssets	Concept
MeetingBooked	Concept
MeetingByCallDetails	Concept
MeetingById	Concept
MeetingCreated	Concept
MeetingCreatedByUser	Concept
MeetingEnded	Concept
MeetingEvent	Concept
MeetingLink	Concept
MeetingMinute	Concept
MeetingMinutes	Concept
MeetingMinutes(newMeeting)	Concept
MeetingNote	Concept
MeetingNotes	Concept
MeetingOrWebinarParticipants	Concept
MeetingPack	Concept
MeetingPinned	Concept
MeetingRecording	Concept
MeetingRecordingTranscript	Concept
MeetingRecordings	Concept
MeetingRegistrant	Concept
MeetingReport	Concept
MeetingRequest	Concept
MeetingScheduled	Concept
MeetingStarted	Concept
MeetingSummary	Concept
MeetingSummary&Insights	Concept
MeetingTalkingPoint	Concept
MeetingToDo	Concept
MeetingTranscript	Concept
MeetingTypeDetails	Concept
MeetingUrl	Concept
Meetings	Concept
Member	Concept
Member(old)	Concept
Member/Visitor	Concept
Member/memberStatusUpdated	Concept
MemberAccess	Concept
MemberAccesses	Concept
MemberActiveSubscription	Concept
MemberAdded	Concept
MemberByEmail	Concept
MemberByExternalId	Concept
MemberById	Concept
MemberByName	Concept
MemberByPasskitId	Concept
MemberCanceledSubscription	Concept
MemberCourseEnrollments	Concept
MemberCreated	Concept
MemberCustomField	Concept
MemberCustomFields	Concept
MemberData	Concept
MemberDetailByEmail	Concept
MemberDetailById	Concept
MemberDetails	Concept
MemberDigitalDownloadEnrollments	Concept
MemberEmail	Concept
MemberEvent	Concept
MemberJoin	Concept
MemberJoinedSpace	Concept
MemberJoinsASpace	Concept
MemberJoinsGroup	Concept
MemberLanguage	Concept
MemberList	Concept
MemberMasterClassEnrollments	Concept
MemberOnBoard	Concept
MemberOrder	Concept
MemberPaidCharge	Concept
MemberPastDueSubscription	Concept
MemberPledge	Concept
MemberProductBundleEnrollments	Concept
MemberProfileCreated	Concept
MemberProgress	Concept
MemberProjectRate	Concept
MemberProjectRoles	Concept
MemberRefundedCharge	Concept
MemberRegistrationCompleted	Concept
MemberRemoved	Concept
MemberRole	Concept
MemberSubscription	Concept
Members	Concept
MembersByWorkspaceId	Concept
MembersCourse	Concept
MembersOfAGroup	Concept
MembersOfCourse	Concept
Membership	Concept
MembershipAddOn	Concept
MembershipAddedOrRemoved	Concept
MembershipCard	Concept
MembershipCreated	Concept
MembershipEnrollment	Concept
MembershipEnrolment	Concept
MembershipInformation	Concept
MembershipLevelById	Concept
MembershipNote	Concept
MembershipPlan	Concept
MembershipPoint(s)ByCard	Concept
MembershipPurchased	Concept
MembershipRequest	Concept
MembershipSignUp	Concept
MembershipSubscription	Concept
MembershipType	Concept
Meme	Concept
Memo	Concept
MemoCreated	Concept
MemoInsideASpecificFolder	Concept
Memory	Concept
Mention	Concept
Mention(deprecated)	Concept
MentionsFeed(dailyOrWeekly)	Concept
Menu	Concept
MenuItem	Concept
MenuQrCode	Concept
MerchandiseItem	Concept
MerchandiseSalesOrDonationCollection	Concept
MerchantInfo	Concept
MerchantInformation	Concept
MergeRequest	Concept
MergeRequestComment	Concept
MergeRequestReview	Concept
MergedDocument	Concept
MergedRoute	Concept
Message	Concept
Message(email,Sms,Etc.)	Concept
Message(instant)	Concept
Message(markdown)	Concept
Message(noHeader)	Concept
Message(plainText)	Concept
Message(scheduled)	Concept
Message(sms)	Concept
Message(text)	Concept
Message(viaTdlib/TelegramCompatible)	Concept
Message(withHeader)	Concept
MessageActivity	Concept
MessageBookmarked	Concept
MessageBounced	Concept
MessageById	Concept
MessageByMessageId	Concept
MessageCategory	Concept
MessageChannel	Concept
MessageChannels	Concept
MessageCreated	Concept
MessageEvent	Concept
MessageFeedback	Concept
MessageFlow	Concept
MessageHistory	Concept
MessageIntoSelectedChannel	Concept
MessageNoStream	Concept
MessageOpened	Concept
MessageOrTask	Concept
MessagePermalink	Concept
MessagePosted	Concept
MessagePostedAnywhere	Concept
MessagePostedOnPrivateChannel	Concept
MessagePostedOnPublicChannel	Concept
MessageReaction	Concept
MessageReactions	Concept
MessageReceived	Concept
MessageReceivedBySign	Concept
MessageReplied	Concept
MessageReplies	Concept
MessageReply	Concept
MessageReport	Concept
MessageSendingHours	Concept
MessageSent	Concept
MessageSentBySign	Concept
MessageShareLink	Concept
MessageStatus	Concept
MessageTemplate	Concept
MessageTemplates	Concept
MessageViaAiMessaging	Concept
MessageViaSms	Concept
Messages	Concept
MessagesByCluster	Concept
MessagesByProfile	Concept
MessagesByTopic	Concept
MessagesSpreadsheetReport	Concept
Metadata	Concept
MetadataApplied	Concept
MetadataFields	Concept
MetadataPoint	Concept
MetadataPoints	Concept
MetadataValue	Concept
Metafield	Concept
Metafields	Concept
MethodologyDetailsByMspId	Concept
Metric	Concept
MetricCardVaue	Concept
MetricPost	Concept
MetricRelationships	Concept
MetricValue	Concept
MicroCredentialTemplate	Concept
MicrosoftTeamsTeamCreatedUsingATemplate	Concept
Microspace	Concept
MilEvent	Concept
Mileage	Concept
MileageEntry	Concept
Milestone	Concept
MilestoneByMilestoneId	Concept
MilestoneComment	Concept
MilestoneMembership	Concept
MilestoneStatus	Concept
Milestones	Concept
MilestonesByMspId	Concept
MimicAi™Voicemail	Concept
MindbodyClient	Concept
MinimalCustomer	Concept
MinimumPaymentEventListener	Concept
Minutes	Concept
MiscellaneousAnnualExpenses	Concept
MissedAttendance	Concept
MissedCall	Concept
MissedChat	Concept
MissedIncomingCall	Concept
MissedProjectCall	Concept
MissedSchedule	Concept
MissingDancersList	Concept
MissingUpdate	Concept
Mission	Concept
MissionCreated	Concept
Missions	Concept
MissionsByRef	Concept
Mms	Concept
MmsCampaign	Concept
MmsReceived	Concept
Mnp	Concept
MobileLead	Concept
MobileMessage	Concept
MobileNumber	Concept
MobileNumbers	Concept
MobilePhoneNumber	Concept
MobilePushNotification	Concept
MockInterviewCompleted	Concept
MockupRender	Concept
Model	Concept
ModelExtracted	Concept
ModelFields	Concept
ModelGroup	Concept
Models	Concept
ModeratedText	Concept
ModerationObject	Concept
ModifiedAppointments	Concept
ModifiedCandidatesAndSpecifyWhichFields	Concept
ModifiedGroupRoster	Concept
Modifier	Concept
ModifierGroup	Concept
ModifierSalesSummary	Concept
Module	Concept
ModuleById	Concept
ModuleEntries	Concept
ModuleEntry	Concept
ModuleRecord	Concept
ModuleRecord(filter)	Concept
Moduleid	Concept
ModulesOfCourse	Concept
MolliePaymentLink	Concept
MolliePaymentReceived	Concept
Moment	Concept
MonariAgentResponse	Concept
Money	Concept
Moneytransaction	Concept
Monitor	Concept
MonitorEvent	Concept
MonitoredVendor	Concept
MonthlyFinancialRiskTrendOfAMonitoredCompany	Concept
MonthlyPurchasesReport	Concept
MonthlySales	Concept
MonthlySalesReport	Concept
MonthlySubscription	Concept
MonthlyTechnicalRiskTrendOfAMonitoredCompany	Concept
Mood	Concept
MostRecentDocuments	Concept
MostRecentFilesThatBelong	Concept
MostRecentSubmissionsThatBelong	Concept
MotionEvent	Concept
Movement	Concept
MovementById	Concept
MovementCreated	Concept
MovementsList	Concept
Movie	Concept
Movies	Concept
Mp3QrCode	Concept
MultiSessionEventRegistration	Concept
MultiSetting	Concept
MultiSubmission	Concept
MultimediaMessage	Concept
Multiple	Concept
MultipleAssets	Concept
MultipleCases	Concept
MultipleContactFields	Concept
MultipleContacts	Concept
MultipleCredentials	Concept
MultipleDeals	Concept
MultipleDestinations	Concept
MultipleDevices	Concept
MultipleDotsOnSameDevice	Concept
MultipleEvents	Concept
MultipleFiles	Concept
MultipleItems	Concept
MultipleLeads	Concept
MultipleObservations	Concept
MultiplePagesDataExtractionResults	Concept
MultipleProducts	Concept
MultipleQrCodeTrackers(qod)	Concept
MultipleRecords	Concept
MultipleRenders	Concept
MultipleRowsViaCustomQuery	Concept
MultipleSites	Concept
MultipleSms	Concept
MultipleSpreadsheetRows	Concept
MultipleTags	Concept
MultipleTimeEntries	Concept
MultipleValues	Concept
MultipleVariants	Concept
Mural	Concept
Music	Concept
MusicOnHold	Concept
Mutation	Concept
Mutation(s)	Concept
MutualActionPlan	Concept
MutualSuccessPlan	Concept
MutualSuccessPlanByMspId	Concept
MutualSuccessPlanByOpportunityId	Concept
MyMicrosoftTeamsTeamById	Concept
MyNote	Concept
MyNotes	Concept
MyOrganizations	Concept
MyPhotoAvatars	Concept
MyPlaylist	Concept
MySchedule	Concept
MyStoryCard	Concept
MyTemplate	Concept
MyTemplates	Concept
MyTimeEntries	Concept
MyTimeEntry	Concept
MyTimeOffEntries	Concept
MyTimeOffEntry	Concept
MyTimesheet	Concept
MyUnavailability	Concept
MyVoice	Concept
NaicsClassification	Concept
Name	Concept
NameActivity	Concept
NameRecord	Concept
Namespace	Concept
Namespaces	Concept
Narrative	Concept
NativeStoreOrder	Concept
NavigationExtensionItem	Concept
NavigatorAgreement(forIamPlans)	Concept
Ndvi	Concept
NeedMoreSlots	Concept
Needs	Concept
NeedsApproval	Concept
NegativeReview	Concept
Negotiator	Concept
NegotiatorDetected	Concept
NeighborMailing	Concept
NeighborhoodOffer	Concept
Network	Concept
NetworkDetails	Concept
NetworkMember	Concept
NetworkMember(deprecated)	Concept
NetworkRegistration	Concept
NetworkingContact	Concept
New&UpdateExistingDocument	Concept
New/updatedCustomers	Concept
New/updatedSalereport	Concept
New/updatedSubscription	Concept
NewAbeyance	Concept
NewAccessRegistrationForm	Concept
NewAccount	Concept
NewAccountSubscriber	Concept
NewAction	Concept
NewActivity	Concept
NewAddress	Concept
NewAgendaItem	Concept
NewAgent	Concept
NewAgreement	Concept
NewAndModifiedGroups	Concept
NewAndModifiedUsers	Concept
NewAppointment	Concept
NewApproval	Concept
NewArticle	Concept
NewAsset	Concept
NewAssignment	Concept
NewAttendee	Concept
NewAttendees	Concept
NewBaseTableRecord	Concept
NewBlogPost	Concept
NewBooking	Concept
NewBox	Concept
NewBusiness(contacts)	Concept
NewCampaign	Concept
NewCandidate	Concept
NewCandidateOrUpdateExistingCandidate	Concept
NewCard	Concept
NewCase	Concept
NewChecklist	Concept
NewClient	Concept
NewClientAccount	Concept
NewClientCompany	Concept
NewCoachee	Concept
NewCollectedLink	Concept
NewCollection	Concept
NewCollectionItem	Concept
NewComment	Concept
NewCommissionWithoutReferredCustomer	Concept
NewCompany	Concept
NewCompanyOrUpdateExistingCompany	Concept
NewContact	Concept
NewContact/people	Concept
NewContacts	Concept
NewContentItem	Concept
NewContentObject	Concept
NewConversation	Concept
NewConversations	Concept
NewCreditNotes	Concept
NewCustomer	Concept
NewCustomerAccount	Concept
NewCustomerUser	Concept
NewData(databaseChangeRequest)	Concept
NewDataRecord	Concept
NewDeal	Concept
NewDeal(deals)	Concept
NewDealNote	Concept
NewDiscussion	Concept
NewDispatch	Concept
NewDocument	Concept
NewDocumentPage	Concept
NewDraft	Concept
NewDriver	Concept
NewEmail	Concept
NewEmailInvite	Concept
NewEmailMessage	Concept
NewEmployee	Concept
NewEngageContact	Concept
NewEngagement	Concept
NewEnrolment	Concept
NewEstimate	Concept
NewEvent	Concept
NewEvents	Concept
NewExpense	Concept
NewFan	Concept
NewFee	Concept
NewFile	Concept
NewFileProcessing	Concept
NewFinanceCategory	Concept
NewFolder	Concept
NewForumPost	Concept
NewGallery	Concept
NewGoal	Concept
NewGoals	Concept
NewGroup	Concept
NewGroupchat	Concept
NewHeading	Concept
NewImage	Concept
NewImageAttentionPrediction	Concept
NewIncident	Concept
NewIncidents	Concept
NewIncomingMessages	Concept
NewInformation	Concept
NewInstareport(instareports)	Concept
NewInstasite(instasites)	Concept
NewInsured	Concept
NewInvoice	Concept
NewIssue	Concept
NewIssuedDocumentTotals	Concept
NewItem	Concept
NewJob	Concept
NewJobs	Concept
NewJobsByMilestone	Concept
NewJsonlead	Concept
NewKeyResult	Concept
NewKeyresult	Concept
NewLabel	Concept
NewLandingPage	Concept
NewLarkCalendarEvent	Concept
NewLarkDocument	Concept
NewLarkFolder	Concept
NewLarkTask	Concept
NewLead	Concept
NewLead/Loan	Concept
NewLeadOnFlex	Concept
NewLeads	Concept
NewLink	Concept
NewLinkBlock	Concept
NewList	Concept
NewListener	Concept
NewMediaGroup	Concept
NewMeetingMinute	Concept
NewMember	Concept
NewMentions	Concept
NewMessage	Concept
NewMessages	Concept
NewNftMintingProject	Concept
NewNote	Concept
NewObject	Concept
NewObjective	Concept
NewObjective&KeyResults	Concept
NewOpportunity	Concept
NewOpportunityOrUpdateExistingOpportunity	Concept
NewOrUpdatedClients	Concept
NewOrUpdatedInvoices	Concept
NewOrUpdatedTasks	Concept
NewOrder	Concept
NewOrders	Concept
NewOutgoingMessages	Concept
NewPackage	Concept
NewPage	Concept
NewParty	Concept
NewPayment	Concept
NewPdfTemplate	Concept
NewPerson(contacts)	Concept
NewPersonalUrl	Concept
NewPhoneCall	Concept
NewPhoneNumber	Concept
NewPolicy	Concept
NewPoll	Concept
NewPost	Concept
NewProcessParticipant	Concept
NewProduct	Concept
NewProgram	Concept
NewProject	Concept
NewProjectByUserId	Concept
NewProjectUsingATemplate	Concept
NewProof	Concept
NewProspect	Concept
NewProspectAndSchedule	Concept
NewPublication	Concept
NewPublishedCollectionItem	Concept
NewPurchase	Concept
NewQuery	Concept
NewQuoteDraft	Concept
NewReceivedDocumentTotals	Concept
NewRecord	Concept
NewRegistrant	Concept
NewRegistration	Concept
NewRelease	Concept
NewReminder	Concept
NewReply	Concept
NewReservation(withAccess)	Concept
NewRetable	Concept
NewReview	Concept
NewRows	Concept
NewSalesOrder	Concept
NewSession	Concept
NewSessionLog	Concept
NewShare	Concept
NewSharedoc	Concept
NewShipment	Concept
NewShippingAwb	Concept
NewShow	Concept
NewSlide	Concept
NewSmsf	Concept
NewSocialPost	Concept
NewSourceFile	Concept
NewSpeaker	Concept
NewStaticQrCode	Concept
NewStory	Concept
NewStrategicInitiative	Concept
NewStudent	Concept
NewStudentActivityLog	Concept
NewStudentNote	Concept
NewStudentUtmAttributionLog	Concept
NewSubscriber	Concept
NewSubscribers	Concept
NewSupplier	Concept
NewTag	Concept
NewTask	Concept
NewTaskProject	Concept
NewTextBlock	Concept
NewTextFile	Concept
NewTextOrNumberInput	Concept
NewTextbox(html)	Concept
NewTextbox(text)	Concept
NewThirdParty	Concept
NewTicket	Concept
NewTimeEntry	Concept
NewTimesheets	Concept
NewTodo	Concept
NewTrackableQrCode	Concept
NewTransaction	Concept
NewUser	Concept
NewUser(andOptionallyGrantAccess	Concept
NewUser/employee	Concept
NewUserBasicInfo	Concept
NewUserConversations	Concept
NewUsers	Concept
NewWebinar	Concept
NewWebsiteCredentials	Concept
NewWorkAddress	Concept
NewestMatterByClient	Concept
NewestMatterByClientEmail	Concept
News	Concept
NewsFlashItem	Concept
NewsItem	Concept
NewsReport	Concept
Newsletter	Concept
NewsletterCampaign	Concept
NewsletterSubscriber	Concept
NewsletterSubscription	Concept
NewsletterSubscriptionEvent	Concept
NewsroomLead	Concept
NextAction	Concept
NextAgent(advancedRoundRobin)	Concept
NextFreeClass	Concept
NextFreePersonalSlot	Concept
NextFreeslot	Concept
NextLeaseRentChange	Concept
NextTrainingPhase	Concept
NexusRegions	Concept
Nft	Concept
NftClaimLink	Concept
NftCollection	Concept
NftContract	Concept
NftMint	Concept
NftMinted	Concept
NftTokenMetadata	Concept
NftTransactionByTransactionHash	Concept
NftValidationUtility	Concept
NftValidationUtilityEngagement	Concept
NftsOnAccount	Concept
Node	Concept
NoiseEvent	Concept
NominalCode	Concept
Nomination	Concept
NonAttendingContact	Concept
NonJob	Concept
NonJobAppointments	Concept
NonRecurringPurchase	Concept
NonRevenueCredit	Concept
NonTransferableNft	Concept
NotActiveClient	Concept
NotOfficialAvailableGroups	Concept
Note	Concept
Note(advanced)	Concept
Note,ActionOrDecision	Concept
NoteAdded	Concept
NoteAero	Concept
NoteAndAttachment(beta)	Concept
NoteAsCustomer	Concept
NoteAttachment	Concept
NoteCard	Concept
NoteCategories	Concept
NoteCreated	Concept
NoteEvent	Concept
NoteMessage	Concept
NoteOnContact	Concept
NoteOnConversation	Concept
NoteOnOpportunity	Concept
NoteOnOrganization	Concept
NoteOrReply	Concept
NoteRelation	Concept
NoteRelations	Concept
NoteV2	Concept
NoteXml	Concept
Notebook	Concept
NotebookCategory	Concept
NotebookComment	Concept
NotebookEntry	Concept
Notecard	Concept
NotecardViaRadiusSearch	Concept
Notes	Concept
Notice	Concept
NoticeList	Concept
Notification	Concept
Notification(withJsonConfiguration)	Concept
NotificationActivity	Concept
NotificationChannel	Concept
NotificationCreated	Concept
NotificationDetails	Concept
NotificationItem	Concept
NotificationPosted	Concept
NotificationSms	Concept
NotificationSummary	Concept
Notifications	Concept
NotifyCompanyInfo	Concept
NotifyCustomerInfo	Concept
Nps	Concept
NpsEntry	Concept
NpsFeedback	Concept
NpsResponse	Concept
NpsSubmission	Concept
NpsSurveyResponse	Concept
Number	Concept
NumberByNumberId	Concept
NumberDetails	Concept
NumberExport	Concept
NumberFormat	Concept
NumberId	Concept
NumberIds	Concept
NumberList	Concept
NumberOfLeads	Concept
NurturingSequenceSubscriber	Concept
NutritionPlan	Concept
NzDraftPerson	Concept
Object	Concept
ObjectById	Concept
ObjectByQuery	Concept
ObjectItem	Concept
ObjectMapping	Concept
ObjectRecord	Concept
ObjectRecords	Concept
ObjectType	Concept
ObjectTypes	Concept
Objective	Concept
Objective&KeyResults	Concept
ObjectiveAssigned	Concept
ObjectiveCreated	Concept
Objectives	Concept
Objects	Concept
Observation	Concept
ObservationCreated	Concept
ObservationData	Concept
ObservationDetails	Concept
ObservationsData	Concept
OccupancyGroup	Concept
OccupancyGroupDependency	Concept
OcpLink	Concept
OfActivitiesCalls	Concept
OfActivitiesEmails	Concept
OfActivitiesEvents	Concept
OfActivitiesLetters	Concept
OfActivitiesMassEmail	Concept
OfActivitiesMeetings	Concept
OfActivitiesTasks	Concept
OfArchiveMeeting	Concept
OfBusinessDeals	Concept
OfBusinessPriceLists	Concept
OfBusinessProducts	Concept
OfBusinessProjects	Concept
OfBusinessQuotes	Concept
OfBusinessSalesOrders	Concept
OfCampaigns	Concept
OfContactGroups	Concept
OfContacts	Concept
OfContactsAccounts	Concept
OfContactsContacts	Concept
OfContactsLeads	Concept
OfDmsFoldersAndFiles	Concept
OfEmailSenders	Concept
OfGroupContacts	Concept
OfInvoices	Concept
OfJobsByMilestone	Concept
OfParticipantsOfBusinessDeal	Concept
OfParticipantsOfBusinessProject	Concept
OfReservationByAdmin	Concept
OfReservationByCustomer	Concept
OfReservationStatus	Concept
OfTheProducts	Concept
OfWorkspaceUsers	Concept
OffLimits	Concept
Offer	Concept
Offer(polling)	Concept
OfferById	Concept
OfferByProperty	Concept
OfferCreated	Concept
OfferDetails	Concept
OfferDetailsById	Concept
OfferDetailsEvent	Concept
OfferEvent	Concept
OfferMade	Concept
OfferReceived(forAgenciesOnly)	Concept
Offering	Concept
Offerings	Concept
Offers	Concept
OffersByAgency	Concept
Office	Concept
OfficeCalendarEvent	Concept
OfficeCheckIn	Concept
OfficeTasks	Concept
Officeid	Concept
OfficerAppointments	Concept
Offices	Concept
OfflineConversion	Concept
OfflineDevice	Concept
OfflineDonation	Concept
OfflineEvent	Concept
OfflineMessage	Concept
OfflineOrder	Concept
OnCallContact	Concept
OnDemandOrder	Concept
OnDocument	Concept
OnEnterpriseWall	Concept
OnGoogle	Concept
OnNewAnd/orUpdatedAttendees	Concept
OnNewAnd/orUpdatedContacts	Concept
OnNewAnd/orUpdatedEvents	Concept
OnNewAnd/orUpdatedWebinars	Concept
OnNewAttendeeActivities	Concept
OnSiteEstimate	Concept
OnTeamWall	Concept
OnYourOmnishareTable	Concept
OnboardeeByEmail	Concept
OnboardingUpdate	Concept
OncallAssignment	Concept
OncallAssignments	Concept
OneClickDirectMailCampaign	Concept
OneClickEmail	Concept
OneConvention	Concept
OneConvocation	Concept
OneCustomer	Concept
OneDocument	Concept
OneForm	Concept
OneFormation	Concept
OneLearner	Concept
OneLineInvoice	Concept
OneLocation	Concept
OneMediaUrl	Concept
OneModule	Concept
OneObservation	Concept
OneOffFee	Concept
OneOffMeetingLink	Concept
OneOffTask	Concept
OneOnOneChat	Concept
OneOrMultiplePost	Concept
OneProject	Concept
OneQualiobee	Concept
OneRow	Concept
OneSession	Concept
OneSessiondate	Concept
OneSignal	Concept
OneTask	Concept
OneTimeCharge	Concept
OneTimeCharges	Concept
OneTimeDonation	Concept
OneTimePassword	Concept
OneTimePasswordStatus	Concept
OneTimePaymentLink	Concept
OneTimeRevenue	Concept
OneTimeSale	Concept
OneTimeSetupFees	Concept
OneTrack	Concept
OneTrainer	Concept
OneUserOrMultipleUsers	Concept
OneWayInterview	Concept
OnlineAppointment	Concept
OnlineDonation	Concept
OnlineForm	Concept
OnlineJobs	Concept
OnlineMeeting	Concept
OnlineReview	Concept
OnlineUser	Concept
Open	Concept
Open/clickEvent	Concept
OpenHouseLead	Concept
OpenHouseLead(openHouseSoftware)	Concept
OpenHouseSignIn	Concept
OpenInvoices	Concept
OpenPosition	Concept
OpenResponse	Concept
OpenedEmail	Concept
Opening	Concept
Operation	Concept
Operator	Concept
OperatorTextMessage	Concept
Oportunity	Concept
Opportunities	Concept
Opportunity	Concept
Opportunity(company)	Concept
Opportunity(contact)	Concept
Opportunity/job	Concept
Opportunity/jobComment	Concept
OpportunityActivity	Concept
OpportunityApplication	Concept
OpportunityBeingFollowed	Concept
OpportunityByAnyField	Concept
OpportunityByExternalId	Concept
OpportunityById	Concept
OpportunityByOpportunityId	Concept
OpportunityByProjectId	Concept
OpportunityColumnNumber	Concept
OpportunityCreated	Concept
OpportunityDetails	Concept
OpportunityEntry	Concept
OpportunityEvent	Concept
OpportunityInfo	Concept
OpportunityListEntry	Concept
OpportunityNote	Concept
OpportunityPosted	Concept
OpportunityReceived(forAgenciesOnly)	Concept
OpportunityRelatedEntities	Concept
OpportunityStatus	Concept
OpportunityStatusChange	Concept
OpportunityTasks	Concept
OptIn	Concept
OptInMessage	Concept
OptInProcess	Concept
OptInProcesses	Concept
OptInStatus	Concept
OptOut	Concept
OpticalCharacterRecognition(ocr)	Concept
OpticalCharacterRecognitionRequest(ocr)	Concept
OptimizationUrl	Concept
Optin	Concept
Optin(funnels)	Concept
Option	Concept
OptionalCharge	Concept
Optout	Concept
OrAddContact	Concept
OrAddInvoice	Concept
OrAppend	Concept
OrChangedActivity	Concept
OrChangedBoard	Concept
OrChangedCard	Concept
OrChangedClient	Concept
OrChangedCollection	Concept
OrChangedComment	Concept
OrChangedCompany	Concept
OrChangedDocument	Concept
OrChangedMember	Concept
OrChangedPackage	Concept
OrChangedProject	Concept
OrChangedRecord	Concept
OrChangedRequest	Concept
OrChangedRequestFulfillmentBoard	Concept
OrChangedRequestFulfillmentMember	Concept
OrChangedStory	Concept
OrChangedTask	Concept
OrCreateACategory	Concept
OrCreateAChat	Concept
OrCreateAContact	Concept
OrCreateACustomer	Concept
OrCreateACustomerDocument	Concept
OrCreateAManufacturingOrderDocument	Concept
OrCreateANewCustomer	Concept
OrCreateAProduct	Concept
OrCreateAProperty	Concept
OrCreateAPurchaseOrderDocument	Concept
OrCreateASalesOrderDocument	Concept
OrCreateAStockAdjustmentDocument	Concept
OrCreateAStockCountDocument	Concept
OrCreateAStockTransferDocument	Concept
OrCreateASupplier	Concept
OrCreateAUserSubscription	Concept
OrCreateAVendor	Concept
OrCreateAVendorDocument	Concept
OrCreateActivity	Concept
OrCreateArticle	Concept
OrCreateClerk	Concept
OrCreateClient	Concept
OrCreateCollectionRecord	Concept
OrCreateCompany	Concept
OrCreateCompanyLead	Concept
OrCreateContact	Concept
OrCreateContact(legacy)	Concept
OrCreateContactByEmailAddress	Concept
OrCreateContainerInquiry	Concept
OrCreateCustomModuleRecord	Concept
OrCreateCustomer	Concept
OrCreateCustomerByEmail	Concept
OrCreateDataCollectionRecord	Concept
OrCreateDeal	Concept
OrCreateDepartment	Concept
OrCreateDispoTour	Concept
OrCreateELearning	Concept
OrCreateEmployee	Concept
OrCreateEmployeeAbsence	Concept
OrCreateEmployeeAccountingEntry	Concept
OrCreateEntry	Concept
OrCreateEquipment	Concept
OrCreateFile	Concept
OrCreateFolder	Concept
OrCreateFundraisingPage	Concept
OrCreateGroup	Concept
OrCreateItem	Concept
OrCreateJob	Concept
OrCreateLead	Concept
OrCreateLocation	Concept
OrCreateMaintenance	Concept
OrCreateMaintenanceLog	Concept
OrCreateMilestone	Concept
OrCreateOpportunity	Concept
OrCreateOrder	Concept
OrCreatePerson	Concept
OrCreateProduct	Concept
OrCreateProject	Concept
OrCreateProjectAssignment	Concept
OrCreateProjectCategory	Concept
OrCreateProjectStatus	Concept
OrCreateRecipient	Concept
OrCreateRecipient(limitedFields)	Concept
OrCreateRecord	Concept
OrCreateRecords	Concept
OrCreateRegistrant	Concept
OrCreateRepresentative	Concept
OrCreateSite	Concept
OrCreateSupplier	Concept
OrCreateTags	Concept
OrCreateTask	Concept
OrCreateTask(advanced)	Concept
OrCreateTax	Concept
OrCreateTeamContact	Concept
OrCreateTicket	Concept
OrCreateTool	Concept
OrCreateTourStop	Concept
OrCreateUnit	Concept
OrCreateUser	Concept
OrCreateVendorByEmail	Concept
OrCreateWageGroup	Concept
OrCreateWebhook	Concept
OrCreateWebhookApplication	Concept
OrEditABooking	Concept
OrEditARelation	Concept
OrEditContact	Concept
OrEditFormOnIssue	Concept
OrFindLead	Concept
OrGetTag	Concept
OrInsertRow	Concept
OrLinkUser	Concept
OrModifiedFile	Concept
OrModifiedLinkedReferenceOfAPage/Block	Concept
OrModifyAContact	Concept
OrRemoveABadge	Concept
OrRemoveAPersonAsMemberOfTheExhihitors	Concept
OrRemoveContact	Concept
OrRemoveMember	Concept
OrRemovePdfPassword	Concept
OrRemoveUser	Concept
OrRemoveUserTargets	Concept
OrReplaceFirebaseRealtimeDatabaseRecord	Concept
OrReplaceRecord	Concept
OrReply	Concept
OrScheduleGroupSms	Concept
OrTagLead	Concept
OrUpdate	Concept
OrUpdateACatalogCategory	Concept
OrUpdateAContact	Concept
OrUpdateAContact,IncludingAddingTags	Concept
OrUpdateAContactAndGrantAccess	Concept
OrUpdateAContactCustomField	Concept
OrUpdateAContactOrMember	Concept
OrUpdateACustomObjectRecord	Concept
OrUpdateACustomer	Concept
OrUpdateADataSubject	Concept
OrUpdateADeal	Concept
OrUpdateADocument	Concept
OrUpdateAFieldPerson	Concept
OrUpdateAFile	Concept
OrUpdateAItem	Concept
OrUpdateAKpiDataEntry	Concept
OrUpdateAMessage	Concept
OrUpdateANewProfile	Concept
OrUpdateAPartner	Concept
OrUpdateAPerson	Concept
OrUpdateAProject	Concept
OrUpdateAProject'sToolLink	Concept
OrUpdateASubscriber	Concept
OrUpdateAUser	Concept
OrUpdateAVisit	Concept
OrUpdateAbandonedCart	Concept
OrUpdateAbsence	Concept
OrUpdateAccount	Concept
OrUpdateAccountOrProspect	Concept
OrUpdateActivity	Concept
OrUpdateActivityOfTicket	Concept
OrUpdateActualTimeWorked	Concept
OrUpdateAllocation	Concept
OrUpdateAnAccount	Concept
OrUpdateAnAuthor	Concept
OrUpdateAnCustomer	Concept
OrUpdateAnOrder	Concept
OrUpdateAppointment	Concept
OrUpdateArticle	Concept
OrUpdateAssociations	Concept
OrUpdateAttendee	Concept
OrUpdateAttendee/lookupData	Concept
OrUpdateAttendeeOnVfairs	Concept
OrUpdateAudience	Concept
OrUpdateAudienceMember	Concept
OrUpdateBill	Concept
OrUpdateCalendarEvent	Concept
OrUpdateCall	Concept
OrUpdateCandidate	Concept
OrUpdateCandidateOnTask	Concept
OrUpdateCard	Concept
OrUpdateCase	Concept
OrUpdateCatalog	Concept
OrUpdateCatalogItem	Concept
OrUpdateCatalogTax	Concept
OrUpdateCategory	Concept
OrUpdateChartRow	Concept
OrUpdateClient	Concept
OrUpdateClient/Prospect	Concept
OrUpdateClientGroup	Concept
OrUpdateCompany	Concept
OrUpdateCompanyAndCustomer	Concept
OrUpdateContact	Concept
OrUpdateContact(customPlanOnly)	Concept
OrUpdateContact(deprecated)	Concept
OrUpdateContact(extended)	Concept
OrUpdateContactAndPush	Concept
OrUpdateContactByEmail	Concept
OrUpdateContactByPhone	Concept
OrUpdateContactTask	Concept
OrUpdateContactUsingEmail	Concept
OrUpdateContactUsingPhoneNumber	Concept
OrUpdateContactWithoutTriggeringActionPlans	Concept
OrUpdateContacts	Concept
OrUpdateContent	Concept
OrUpdateConversationProperty	Concept
OrUpdateCostCenter	Concept
OrUpdateCrmActivity	Concept
OrUpdateCrmContact	Concept
OrUpdateCustomEntry	Concept
OrUpdateCustomFieldValue	Concept
OrUpdateCustomObject	Concept
OrUpdateCustomer	Concept
OrUpdateCustomerContact	Concept
OrUpdateCustomerOrLead	Concept
OrUpdateData	Concept
OrUpdateDeal	Concept
OrUpdateDealTask	Concept
OrUpdateDelivery	Concept
OrUpdateDiscount	Concept
OrUpdateDocument	Concept
OrUpdateDonationAndSupporter	Concept
OrUpdateDonor	Concept
OrUpdateEmail	Concept
OrUpdateEmailContact	Concept
OrUpdateEntity	Concept
OrUpdateEquipments	Concept
OrUpdateEstimate	Concept
OrUpdateEvent	Concept
OrUpdateEventObjectData	Concept
OrUpdateEventRegistration	Concept
OrUpdateFile	Concept
OrUpdateGatormailContact	Concept
OrUpdateGroup	Concept
OrUpdateIncompleteTask	Concept
OrUpdateIndividualContact	Concept
OrUpdateInvestment	Concept
OrUpdateInvoice	Concept
OrUpdateInvoiceOrEstimate	Concept
OrUpdateIssue	Concept
OrUpdateItem	Concept
OrUpdateJob	Concept
OrUpdateJobLocations	Concept
OrUpdateJobOffer	Concept
OrUpdateJobsite	Concept
OrUpdateLead	Concept
OrUpdateLevitateContact	Concept
OrUpdateLink	Concept
OrUpdateListEntryByParentRecord	Concept
OrUpdateListItem	Concept
OrUpdateListSubscriber	Concept
OrUpdateListSubscriberDoubleOptIn	Concept
OrUpdateListing	Concept
OrUpdateLocation	Concept
OrUpdateMailinglist	Concept
OrUpdateManualTimeEntry	Concept
OrUpdateMeeting	Concept
OrUpdateMember	Concept
OrUpdateModifier	Concept
OrUpdateNewRecord	Concept
OrUpdateNote	Concept
OrUpdateOpportunity	Concept
OrUpdateOrder	Concept
OrUpdateOrderItem	Concept
OrUpdateOrderPayment	Concept
OrUpdateOrderShipment	Concept
OrUpdateOrganisation	Concept
OrUpdateOrganization	Concept
OrUpdatePackage	Concept
OrUpdatePartTimeWorkingModel	Concept
OrUpdateParticipant	Concept
OrUpdatePartner	Concept
OrUpdatePayer	Concept
OrUpdatePeople	Concept
OrUpdatePerson	Concept
OrUpdatePerson(b2c)	Concept
OrUpdatePipelineRecord	Concept
OrUpdatePosDevice	Concept
OrUpdatePost	Concept
OrUpdateProduct	Concept
OrUpdateProductOrService	Concept
OrUpdateProfile	Concept
OrUpdateProfileTraits	Concept
OrUpdateProject	Concept
OrUpdateProspect	Concept
OrUpdatePurchase	Concept
OrUpdatePurchaseOrder	Concept
OrUpdatePurchasedComponent	Concept
OrUpdateQuote	Concept
OrUpdateReceipts	Concept
OrUpdateRecipient	Concept
OrUpdateRecord	Concept
OrUpdateRecords	Concept
OrUpdateRegisteredOnLeadCaptureApp	Concept
OrUpdateRelationship	Concept
OrUpdateReservation	Concept
OrUpdateResourceAbsence	Concept
OrUpdateRowndUserData	Concept
OrUpdateScheduledPayment	Concept
OrUpdateSectionBasedOnExternalId	Concept
OrUpdateSegmentSubscriber	Concept
OrUpdateSegmentSubscriberDoubleOptIn	Concept
OrUpdateServiceCharge	Concept
OrUpdateSession	Concept
OrUpdateSingleCustomer	Concept
OrUpdateSingleItem	Concept
OrUpdateSmsListSubscriber	Concept
OrUpdateSmsListSubscriberDoubleOptIn	Concept
OrUpdateSpeaker	Concept
OrUpdateSpeakerOnVfairs	Concept
OrUpdateStockItems	Concept
OrUpdateStudentCustomFields	Concept
OrUpdateSubscriber	Concept
OrUpdateSubscriberField(byEmail)	Concept
OrUpdateSubscriberField(bySubscriberId)	Concept
OrUpdateSubscription	Concept
OrUpdateSupplier	Concept
OrUpdateSupplierPrice	Concept
OrUpdateSupplierProduct	Concept
OrUpdateSupportCase	Concept
OrUpdateSupporter	Concept
OrUpdateTarget	Concept
OrUpdateTask	Concept
OrUpdateTasksOfAProject'sToolLink	Concept
OrUpdateTax	Concept
OrUpdateTeacherRecord	Concept
OrUpdateTheStatusOfATransaction	Concept
OrUpdateTicket	Concept
OrUpdateTour	Concept
OrUpdateTransaction	Concept
OrUpdateTrip	Concept
OrUpdateUser	Concept
OrUpdateUserAndApplyTag	Concept
OrUpdateUserAndApplyTag(triggerFlows)	Concept
OrUpdateUserGroup	Concept
OrUpdateVariant	Concept
OrUpdateYacht	Concept
OrUpdatedAccount	Concept
OrUpdatedActivity	Concept
OrUpdatedAddressBookEntry	Concept
OrUpdatedAddressBookEntry(viaWebhook)	Concept
OrUpdatedAppIncident	Concept
OrUpdatedAppointment	Concept
OrUpdatedAppointment(viaWebhook)	Concept
OrUpdatedAppointmentEntry	Concept
OrUpdatedApprovedLeave	Concept
OrUpdatedAssetRequest	Concept
OrUpdatedAttendee	Concept
OrUpdatedAudio	Concept
OrUpdatedBankAccount	Concept
OrUpdatedBankEntry	Concept
OrUpdatedBill	Concept
OrUpdatedBillingRequest	Concept
OrUpdatedBooking	Concept
OrUpdatedCalendarEvent	Concept
OrUpdatedCalendarEvents	Concept
OrUpdatedCallData	Concept
OrUpdatedCampaign	Concept
OrUpdatedCandidateProfile	Concept
OrUpdatedCase	Concept
OrUpdatedCaseEntry	Concept
OrUpdatedCaseFile	Concept
OrUpdatedCatalog	Concept
OrUpdatedCategory	Concept
OrUpdatedChatWrapUp	Concept
OrUpdatedChecklist	Concept
OrUpdatedClient	Concept
OrUpdatedClientActivityNote	Concept
OrUpdatedClubActivity	Concept
OrUpdatedCompanies	Concept
OrUpdatedCompany	Concept
OrUpdatedConstituent	Concept
OrUpdatedContact	Concept
OrUpdatedContactActivity	Concept
OrUpdatedContactAttribute	Concept
OrUpdatedContactNote	Concept
OrUpdatedContacts	Concept
OrUpdatedContainer	Concept
OrUpdatedConversion	Concept
OrUpdatedCrmData	Concept
OrUpdatedCustomActivity	Concept
OrUpdatedCustomEntry	Concept
OrUpdatedCustomField	Concept
OrUpdatedCustomFields	Concept
OrUpdatedCustomObject	Concept
OrUpdatedCustomObjectData	Concept
OrUpdatedCustomObjectRecord	Concept
OrUpdatedCustomPage	Concept
OrUpdatedCustomer	Concept
OrUpdatedDatabaseRecord	Concept
OrUpdatedDatafields	Concept
OrUpdatedDeadline	Concept
OrUpdatedDeal	Concept
OrUpdatedDonation	Concept
OrUpdatedDonor	Concept
OrUpdatedDriver/supplier	Concept
OrUpdatedEmployees	Concept
OrUpdatedEnquiry	Concept
OrUpdatedEntity	Concept
OrUpdatedEquipment	Concept
OrUpdatedEstimate	Concept
OrUpdatedEvent	Concept
OrUpdatedEventGuest	Concept
OrUpdatedEventObjectData	Concept
OrUpdatedEventParticipant	Concept
OrUpdatedExpense	Concept
OrUpdatedFile	Concept
OrUpdatedFileOnRecord	Concept
OrUpdatedFiles	Concept
OrUpdatedFolder	Concept
OrUpdatedFormResponse	Concept
OrUpdatedGeneralLedgerAccount	Concept
OrUpdatedGift	Concept
OrUpdatedGoodsDelivery	Concept
OrUpdatedGuideContent	Concept
OrUpdatedIcon	Concept
OrUpdatedImage	Concept
OrUpdatedInboxItem	Concept
OrUpdatedIncident	Concept
OrUpdatedIncidentNotification	Concept
OrUpdatedInteractionEntry	Concept
OrUpdatedInvoice	Concept
OrUpdatedIssue	Concept
OrUpdatedItem	Concept
OrUpdatedJob	Concept
OrUpdatedJobs	Concept
OrUpdatedJournal	Concept
OrUpdatedLead	Concept
OrUpdatedLead(includingPotential&VowUsers)	Concept
OrUpdatedLeadEntry	Concept
OrUpdatedLeadEntry(viaWebhook)	Concept
OrUpdatedLeave	Concept
OrUpdatedLetter	Concept
OrUpdatedLicense	Concept
OrUpdatedList	Concept
OrUpdatedManufacturingOrder	Concept
OrUpdatedMapTask	Concept
OrUpdatedMeetingNote	Concept
OrUpdatedMembership	Concept
OrUpdatedMessage	Concept
OrUpdatedMySite	Concept
OrUpdatedNoteEntry	Concept
OrUpdatedObject	Concept
OrUpdatedObjectRecord	Concept
OrUpdatedOpportunity	Concept
OrUpdatedOpportunityEntry	Concept
OrUpdatedOrDeletedRecord	Concept
OrUpdatedOrDeletedResource	Concept
OrUpdatedOrder	Concept
OrUpdatedOutlet	Concept
OrUpdatedParticipantOnEvent	Concept
OrUpdatedPayment	Concept
OrUpdatedPerson	Concept
OrUpdatedPicklist	Concept
OrUpdatedPicklistBatch	Concept
OrUpdatedPin	Concept
OrUpdatedPipeline	Concept
OrUpdatedPlan	Concept
OrUpdatedPlanCategory	Concept
OrUpdatedPost	Concept
OrUpdatedProduct	Concept
OrUpdatedProfile	Concept
OrUpdatedProject	Concept
OrUpdatedProjectContact	Concept
OrUpdatedProjectResource	Concept
OrUpdatedProjectTimeTransaction	Concept
OrUpdatedProjects	Concept
OrUpdatedProjet/Affaire	Concept
OrUpdatedProspect	Concept
OrUpdatedProspect(company)	Concept
OrUpdatedPurchase	Concept
OrUpdatedPurchaseEntry	Concept
OrUpdatedPurchaseOrder	Concept
OrUpdatedPurchaseQuote	Concept
OrUpdatedPursuit	Concept
OrUpdatedQuotation	Concept
OrUpdatedQuote	Concept
OrUpdatedReceipt	Concept
OrUpdatedRecord	Concept
OrUpdatedRecord(advanced)	Concept
OrUpdatedRecord(instant)	Concept
OrUpdatedRecordFile	Concept
OrUpdatedRecurringAsset	Concept
OrUpdatedRegistration	Concept
OrUpdatedReportRow	Concept
OrUpdatedReservation	Concept
OrUpdatedResource	Concept
OrUpdatedResponse	Concept
OrUpdatedReturn	Concept
OrUpdatedReview	Concept
OrUpdatedRow	Concept
OrUpdatedRow(customQuery)	Concept
OrUpdatedRow(workdrive)	Concept
OrUpdatedSale	Concept
OrUpdatedSales	Concept
OrUpdatedSalesEntry	Concept
OrUpdatedSalesInvoice	Concept
OrUpdatedSalesOrder	Concept
OrUpdatedSalesQuote	Concept
OrUpdatedSalesorder	Concept
OrUpdatedScheduledTransaction	Concept
OrUpdatedServicePlan	Concept
OrUpdatedShipmentStatus	Concept
OrUpdatedShipmentTracking	Concept
OrUpdatedSignature	Concept
OrUpdatedSite	Concept
OrUpdatedSiteComment	Concept
OrUpdatedSkyvernWorkflow	Concept
OrUpdatedSmartCampaign	Concept
OrUpdatedSpreadsheetRow	Concept
OrUpdatedSpreadsheetRow(teamDrive)	Concept
OrUpdatedStaff	Concept
OrUpdatedStage	Concept
OrUpdatedStockAdjustment	Concept
OrUpdatedStockCount	Concept
OrUpdatedStockTransfer	Concept
OrUpdatedStockroomScan	Concept
OrUpdatedStyleguideResource	Concept
OrUpdatedSubscriber	Concept
OrUpdatedSubscription	Concept
OrUpdatedSupporter	Concept
OrUpdatedTag	Concept
OrUpdatedTask	Concept
OrUpdatedTask/milestone	Concept
OrUpdatedTaskEntry	Concept
OrUpdatedText	Concept
OrUpdatedThirdPartyStoreOrder	Concept
OrUpdatedTicket	Concept
OrUpdatedTicketNote	Concept
OrUpdatedTicketsPurchaseTransaction	Concept
OrUpdatedTierAccountRequest	Concept
OrUpdatedTierConfigurationRequest	Concept
OrUpdatedTime	Concept
OrUpdatedTimeEntry	Concept
OrUpdatedTimeOffEvent	Concept
OrUpdatedTouchpoint	Concept
OrUpdatedTournamentParticipant	Concept
OrUpdatedTrackItem	Concept
OrUpdatedTransaction	Concept
OrUpdatedTrip	Concept
OrUpdatedUser	Concept
OrUpdatedUuid	Concept
OrUpdatedVendor	Concept
OrUpdatedVideo	Concept
OrUpdatedVisit	Concept
OrUpdatedWorkflowRequest	Concept
OrUpdatedWorkflowSubscription	Concept
OrUpdatesAnAttendee'sRegistration	Concept
OrValidatePhoneNumber	Concept
Orbit2Action	Concept
OrbitAction	Concept
OrbitGroupAction	Concept
Order	Concept
Order(anyStatus)	Concept
Order(beta)	Concept
Order(erpInfo)	Concept
Order(forCsCart)	Concept
Order(forMultiVendor)	Concept
Order(maInfo)	Concept
Order(prod)	Concept
Order(xCart5.4)	Concept
Order>EmailReward	Concept
OrderAccess	Concept
OrderActivity	Concept
OrderAdded	Concept
OrderAttachment	Concept
OrderBatchById	Concept
OrderBatch–Gift	Concept
OrderByCarbon	Concept
OrderByEvent	Concept
OrderById	Concept
OrderByOrderId	Concept
OrderByOrderNumber	Concept
OrderByOriginalOrderId	Concept
OrderByPrice	Concept
OrderBySlug	Concept
OrderByWo	Concept
OrderCampaign	Concept
OrderCategory	Concept
OrderChargeItems	Concept
OrderComment	Concept
OrderCompleted	Concept
OrderCreated	Concept
OrderCreatedAllProducts(individualEvents)	Concept
OrderCreatedAllProducts(singleEvent)	Concept
OrderCreatedMainProductOnly	Concept
OrderCreatedUpsell/downsellOnly	Concept
OrderData	Concept
OrderDetails	Concept
OrderDocuments	Concept
OrderDraft	Concept
OrderEvent	Concept
OrderEvents	Concept
OrderExport	Concept
OrderField	Concept
OrderFields	Concept
OrderFormFieldServiceFees	Concept
OrderFormFields	Concept
OrderFulfillment	Concept
OrderHook	Concept
OrderIds	Concept
OrderImported	Concept
OrderInformation	Concept
OrderIntegrationRef	Concept
OrderInvoice	Concept
OrderItem	Concept
OrderItem(ignoreDesignUpdates)	Concept
OrderItemNote	Concept
OrderItemTask	Concept
OrderItems	Concept
OrderLine	Concept
OrderLineItems	Concept
OrderList	Concept
OrderMessages	Concept
OrderNote	Concept
OrderPackage	Concept
OrderPaid	Concept
OrderPlaced	Concept
OrderProducts	Concept
OrderReceived	Concept
OrderReceivers	Concept
OrderRow	Concept
OrderShipped	Concept
OrderShippingStatus	Concept
OrderShippingTracking	Concept
OrderState	Concept
OrderStateById	Concept
OrderStatus	Concept
OrderStore	Concept
OrderSubmitted	Concept
OrderSubtype	Concept
OrderTags	Concept
OrderTask	Concept
OrderTasks	Concept
OrderThroughImprintnextDesignerStudio	Concept
OrderTracked	Concept
OrderTransactions	Concept
OrderType	Concept
OrderTypeById	Concept
OrderV2	Concept
Orders	Concept
OrdersByEvent	Concept
OrdersStatuses	Concept
Org&Contact&Deal&Note	Concept
OrgContact'sSessions	Concept
OrganicTrafficStats	Concept
Organisation	Concept
OrganisationContactPerson	Concept
OrganisationProjects	Concept
OrganisationSignUp	Concept
Organisations	Concept
OrganisationsByName	Concept
Organization	Concept
Organization'sBalance	Concept
OrganizationAccount	Concept
OrganizationAccountsActivity	Concept
OrganizationAdded	Concept
OrganizationBrands	Concept
OrganizationByExternalId	Concept
OrganizationById	Concept
OrganizationByName	Concept
OrganizationContact	Concept
OrganizationContactsActivity	Concept
OrganizationCreated	Concept
OrganizationCustomers	Concept
OrganizationDetails	Concept
OrganizationEntry	Concept
OrganizationInformation	Concept
OrganizationListEntry	Concept
OrganizationMemberships	Concept
OrganizationOfferStatus	Concept
OrganizationProspects	Concept
OrganizationSettings	Concept
OrganizationTraits	Concept
OrganizationUser	Concept
Organizations	Concept
Organizer	Concept
OrgchartInfo	Concept
OrgchartPdfFile	Concept
OrgchartXslxFile	Concept
Origin	Concept
OriginalFilesUploaded	Concept
OtherEntities	Concept
OtherEntitiesCreated	Concept
OtherEntity	Concept
OtherEvent	Concept
OtherIncome	Concept
OtherMailpiece	Concept
OtherPayment/moneyOut	Concept
OtherReceipt/moneyIn	Concept
OtmTable	Concept
OtmTables	Concept
Otp	Concept
OtpSms	Concept
OtrRate	Concept
OutGoingAssessments	Concept
OutOfStockProduct	Concept
OutQuestionnaire	Concept
OutboundCall	Concept
OutboundCallCompleted	Concept
OutboundCallLog	Concept
OutboundContactMessage	Concept
OutboundConversation	Concept
OutboundEmail	Concept
OutboundLead	Concept
OutboundMessage	Concept
OutboundOrder(sale)	Concept
OutboundPing	Concept
OutboundReferral	Concept
OutboundSms	Concept
OutboundText	Concept
Outcome	Concept
OutgoingAnsweredCall	Concept
OutgoingCall	Concept
OutgoingCall(autoDialer)	Concept
OutgoingCall(browserPhone)	Concept
OutgoingCall(mobileApp)	Concept
OutgoingChat	Concept
OutgoingMessage	Concept
OutgoingPayment	Concept
Output	Concept
OutputFile	Concept
OutputType	Concept
OutstandingInvoices	Concept
OutwardsConsignment	Concept
OverallCompanyStatisticAndCounters	Concept
OverallOrderStatus	Concept
OverallRecipientInterests	Concept
OverallRecipientSatisfaction	Concept
OverallStats	Concept
Overlaps	Concept
Overlay/Watermark	Concept
OverlayLead	Concept
Override	Concept
OverviewReport	Concept
OverviewSpreadsheetReport	Concept
OwnClaim	Concept
OwnedGame	Concept
OwnedProducts	Concept
Owner	Concept
OwnerByEmail	Concept
OwnerById	Concept
OwnerStatement	Concept
Owners	Concept
Ownership	Concept
Package	Concept
PackageBalanceAlert	Concept
PackageBooked	Concept
PackageCode	Concept
PackageCreated	Concept
PackagePurchase	Concept
PackageRepositoryCreated	Concept
PackageType	Concept
Packages	Concept
PackagesAndTemplates	Concept
PaddleAssigned	Concept
Page	Concept
Page(byTitle)	Concept
Page/note	Concept
PageAndChildren	Concept
PageAudit	Concept
PageByThisApiUser	Concept
PageChange	Concept
PageChatMessage	Concept
PageComments	Concept
PageDocument	Concept
PageHit	Concept
PageHtml	Concept
PageMention/Tag	Concept
PageNumber	Concept
PageNumbers	Concept
PageNumbers,WatermarkAndText	Concept
PageOrBlogPost	Concept
PageOrDataSourceItemById	Concept
PageOrUpdatedPage	Concept
PagePhoto	Concept
PagePost	Concept
PageProperty	Concept
PagePublished	Concept
PageSpeedTest	Concept
PageStatus	Concept
PageTemplate	Concept
PageVideo	Concept
PageVisit	Concept
PageVisitEvent	Concept
PageVisits	Concept
Pages	Concept
PagesDatabaseRecord	Concept
PagesDatabaseRecordComment	Concept
PagesDatabaseRecordReview	Concept
PaidBill	Concept
PaidBooking	Concept
PaidGroupMember	Concept
PaidInvoice	Concept
PaidMember	Concept
PaidOrder	Concept
PaidOrder(s)	Concept
PaidOrders	Concept
PaidReservation	Concept
PaidSubscriber	Concept
PaidTransaction	Concept
PaidUntil	Concept
Panel	Concept
ParameterOrAttribute	Concept
Paraphrase	Concept
ParcelEvent	Concept
ParcelOrder	Concept
ParcelOrderCreated	Concept
ParcelShipmentCreated	Concept
Parent	Concept
Parent/childConnection	Concept
ParentCustomFields	Concept
ParentRecord	Concept
Parents	Concept
ParkedBar	Concept
ParseApiInboundEmail	Concept
ParsedDocumentByTemplate	Concept
ParsedDocumentData	Concept
ParsedDocumentFound	Concept
ParsedInvoice	Concept
ParsedSerp	Concept
Part	Concept
Part(beta)	Concept
PartByAutoId	Concept
PartBySku	Concept
PartByUniqueId	Concept
PartCategory	Concept
PartCreated	Concept
PartialFormSubmission	Concept
PartialOrder	Concept
PartialRefundInvoice	Concept
PartialRespondent	Concept
Participant	Concept
Participant'sEntry	Concept
Participant'sReferrer	Concept
ParticipantAdded	Concept
ParticipantByExternalId	Concept
ParticipantCounts	Concept
ParticipantFields	Concept
ParticipantJoinedWebinarOrMeeting	Concept
ParticipantListOfForum	Concept
ParticipantLoginLink	Concept
ParticipantOnEvent	Concept
ParticipantProfileAttribute	Concept
ParticipantRegistration	Concept
ParticipantReward	Concept
ParticipantRewardFormSubmission	Concept
Participants	Concept
ParticipantsOnList	Concept
ParticipantsVerificationCompletedAt	Concept
Participation	Concept
Parties	Concept
Partner	Concept
Partner'sUsers	Concept
Partner(manualPush)	Concept
PartnerAdded	Concept
PartnerApproved	Concept
PartnerAttachment	Concept
PartnerBasicInformation	Concept
PartnerBusinessCases	Concept
PartnerById	Concept
PartnerContacts	Concept
PartnerDetails	Concept
PartnerDocuments	Concept
PartnerEmails	Concept
PartnerEnrollment	Concept
PartnerEvents	Concept
PartnerLeadContact	Concept
PartnerOrders	Concept
PartnerRecord	Concept
PartnerSubtype	Concept
PartnerTag	Concept
PartnerTasks	Concept
PartnerTicket	Concept
PartnerType	Concept
PartnerTypeById	Concept
PartnerUser	Concept
PartnerUser'sBuckets	Concept
PartnerUser'sContact	Concept
PartnerUserContact'sInteraction	Concept
PartnerUserContact'sNote	Concept
Partnership	Concept
PartnershipCreated	Concept
PartnershipEvent	Concept
PartnershipRequest	Concept
Partnerships	Concept
Parts	Concept
Party	Concept
PartyContact	Concept
PartyLineAvailability	Concept
PartyList	Concept
PartyOfDocument	Concept
PartyType	Concept
Pass	Concept
PassAdded	Concept
PassBackfield	Concept
PassCreated	Concept
PassDetails	Concept
PassFrontField	Concept
PassLocation	Concept
PassLocations	Concept
Passcode	Concept
Passenger	Concept
Passes	Concept
Passport	Concept
Password	Concept
PasswordPolicy	Concept
PasswordResetOrAccountSetupEmail	Concept
PastDueSubscription	Concept
PastDueTask	Concept
PastReviews	Concept
Path	Concept
PathJourney	Concept
PathParticipants	Concept
Patient	Concept
Patient(legacy)	Concept
PatientCategory	Concept
PauseReasons	Concept
PausedMemberList	Concept
Payable	Concept
Payee	Concept
Payer	Concept
Paylink	Concept
PaylinkToken	Concept
Payment	Concept
Payment(allPaymentType)	Concept
PaymentAccount	Concept
PaymentAccounts	Concept
PaymentAdded	Concept
PaymentAuthorisationRequest	Concept
PaymentByInvoice	Concept
PaymentByTaxid	Concept
PaymentChargeback	Concept
PaymentCondition	Concept
PaymentDate	Concept
PaymentDetails	Concept
PaymentEntered	Concept
PaymentFees	Concept
PaymentGateways	Concept
PaymentHook	Concept
PaymentIntent	Concept
PaymentIsRecorded	Concept
PaymentLink	Concept
PaymentLinkByCarbon	Concept
PaymentLinkById	Concept
PaymentLinkByPrice	Concept
PaymentLinkCreated	Concept
PaymentLinkSms	Concept
PaymentMethod	Concept
PaymentMethodCreated	Concept
PaymentMethods	Concept
PaymentNotification	Concept
PaymentOnSingleTrip	Concept
PaymentOrSubmission	Concept
PaymentPageTransaction	Concept
PaymentPaid	Concept
PaymentPart&Receipt	Concept
PaymentPlan	Concept
PaymentPlanLinkViaEmail	Concept
PaymentReceived	Concept
PaymentReceived(accountsReceivable)	Concept
PaymentReconciled	Concept
PaymentRecord	Concept
PaymentRequest	Concept
PaymentRequestDetails	Concept
PaymentReversed	Concept
PaymentSettingsOfACustomer	Concept
PaymentStatus	Concept
PaymentSuccess	Concept
PaymentTerm	Concept
PaymentTransaction	Concept
PaymentType	Concept
PaymentUrl	Concept
PaymentV2	Concept
PaymentWidget	Concept
Payments	Concept
Payout	Concept
PayoutGroup	Concept
PayoutRequest	Concept
PayoutRequests	Concept
Payouts	Concept
Payroll	Concept
PayrollAdjustments	Concept
PayrollChange	Concept
PayrollChanges	Concept
PayrollSummary(basic)	Concept
Payslip	Concept
Payslip(s)	Concept
PcrQrCode	Concept
Pdf	Concept
Pdf/a	Concept
PdfDocument	Concept
PdfDownloadLinkOfCredential	Concept
PdfEngagementCompleted	Concept
PdfEngagementCreated	Concept
PdfFile	Concept
PdfForm	Concept
PdfInfoMetadata	Concept
PdfInformation	Concept
PdfPages	Concept
PdfQrCode	Concept
PdfReport	Concept
PdfTemplate	Concept
PdfTemplates	Concept
PdfWatermark	Concept
Peer	Concept
PeerByEMail	Concept
PeerEvaluationsAReviewProcessTarget	Concept
PeersAReviewProcessTarget	Concept
PendingAbsenceRequest	Concept
PendingApproval	Concept
PendingApprovalPost	Concept
PendingApprovals	Concept
PendingChecklist	Concept
PendingClosedMembers	Concept
PendingCompany	Concept
PendingContact	Concept
PendingHire	Concept
PendingLineItem	Concept
PendingOrderByCarbon	Concept
PendingOrderByPrice	Concept
PendingOrders	Concept
PendingProject	Concept
PendingSale	Concept
PendingTask	Concept
PendingTimer	Concept
People	Concept
PeopleDepricated	Concept
PeopleGroup	Concept
PeopleTag	Concept
PerDiem	Concept
PerDiem(multiple)	Concept
PerDiem(single)	Concept
PerDiemRequests(multiple)	Concept
PerDiemRequests(single)	Concept
PerProductFulfillmentRequest	Concept
Perfomer	Concept
PerforceCommit	Concept
Performance	Concept
PerformanceIndicatorsReport	Concept
PerformanceSummaryOfCampaign	Concept
Period	Concept
Periods	Concept
Permission	Concept
PermissionGroup	Concept
PermissionGroups	Concept
Permissions	Concept
Perpetual	Concept
Person	Concept
Person(b2c)	Concept
Person(contacts)	Concept
Person(user)	Concept
Person/contact	Concept
PersonAdded	Concept
PersonAddress	Concept
PersonAddresses	Concept
PersonAnd/orCompany	Concept
PersonAndCompanyInformation	Concept
PersonAndSendInvite	Concept
PersonAttachments	Concept
PersonBounce	Concept
PersonByEmail	Concept
PersonByEmailAddress	Concept
PersonById	Concept
PersonByLinkedin/xing	Concept
PersonByLinkedinurl	Concept
PersonByMobilePhone	Concept
PersonByPersonId	Concept
PersonByPhone	Concept
PersonCompensation	Concept
PersonContact	Concept
PersonCreated	Concept
PersonCustomField	Concept
PersonDepricated	Concept
PersonDetails	Concept
PersonEducation	Concept
PersonEmail	Concept
PersonEmails	Concept
PersonExternalSystemId	Concept
PersonField	Concept
PersonIntegration	Concept
PersonLead	Concept
PersonLinkedin	Concept
PersonListEntry	Concept
PersonNote	Concept
PersonNotes	Concept
PersonOffLimits	Concept
PersonOnWaitlist	Concept
PersonOptOut	Concept
PersonOrCompanyContact	Concept
PersonPhoneNumber	Concept
PersonPhoneNumbers	Concept
PersonPosition	Concept
PersonPositions	Concept
PersonProfilePicture	Concept
PersonProspects	Concept
PersonRecord	Concept
PersonStatus	Concept
PersonTag	Concept
PersonTaggings	Concept
PersonTags	Concept
PersonTask	Concept
PersonTrackedField	Concept
PersonVisit	Concept
PersonWebsite	Concept
PersonWebsites	Concept
PersonalApplicant	Concept
PersonalApplicants	Concept
PersonalBooking	Concept
PersonalLead	Concept
PersonalLetter	Concept
PersonalPage	Concept
PersonalPlan	Concept
PersonalPlan(s)Info	Concept
PersonalProspect	Concept
PersonalTask	Concept
PersonalTodo	Concept
PersonalVideoTask	Concept
PersonalisedShortLink	Concept
PersonalityTest	Concept
Personalization	Concept
PersonalizationToken	Concept
PersonalizedHireLetter	Concept
PersonalizedIdecideLink	Concept
PersonalizedImageImpression	Concept
PersonalizedVideo	Concept
Personas	Concept
PersonnelContact	Concept
Persons	Concept
PersonsReport	Concept
Pet	Concept
PetitionSignature	Concept
Phase	Concept
PhaseIsCreated	Concept
Phone	Concept
PhoneBook	Concept
PhoneCall	Concept
PhoneCallEnded	Concept
PhoneCallInteraction	Concept
PhoneCallReceived	Concept
PhoneCallRecord	Concept
PhoneCallStarted	Concept
PhoneCalls	Concept
PhoneCollected	Concept
PhoneNumber	Concept
PhoneNumberCarrier	Concept
PhoneNumberEnrichment	Concept
PhoneNumberIsMobile	Concept
PhoneNumberList	Concept
PhoneNumberObjectById	Concept
PhoneNumberObjectsByPhoneNumber	Concept
PhoneNumberOnPerson	Concept
PhoneNumbers	Concept
PhonePaidCall	Concept
PhoneReferral	Concept
PhoneUnlock	Concept
Photo	Concept
PhotoAdded	Concept
PhotoAvatar	Concept
PhotoCard	Concept
PhotoNotes	Concept
PhotoPost	Concept
Photoshoots	Concept
PhraseSpoken	Concept
PhysicalCredential	Concept
PhysicalGift	Concept
PhysicalGiftCampaignLink	Concept
PhysicalGiftOrderNumber	Concept
Pick&ShipCreated	Concept
PickaxeHistory	Concept
PickupAndDropoffOrders	Concept
PickupDeliveryOrder	Concept
PickupOrder	Concept
PictureMessage	Concept
PieChart	Concept
PillarCustomer	Concept
Pin	Concept
PinColors	Concept
PinStatus	Concept
PinboardPost	Concept
PinterestBoardList	Concept
PinterestImagePin	Concept
PinterestPin	Concept
PinterestQrCode	Concept
PinterestVideoPin	Concept
PipedriveNotification	Concept
Pipeline	Concept
PipelineActivity	Concept
PipelineItem	Concept
PipelineRecord	Concept
PipelineRecords	Concept
PipelineStage	Concept
PipelineStageDetails	Concept
PipelineTag	Concept
Pipelines	Concept
PipesLead	Concept
PitchSent	Concept
Place	Concept
Placement	Concept
PlacementById	Concept
PlacementCreated	Concept
PlacementIsAddedOnVincere	Concept
PlacementNote	Concept
PlacementTestResult	Concept
Places	Concept
PlainTextBasedPreCallBrief	Concept
PlainTextEmail	Concept
Plaintiff	Concept
Plan	Concept
PlanChangeRequest	Concept
PlanControls	Concept
PlanDelivered	Concept
PlanDetails	Concept
PlanOffered	Concept
PlanPurchase	Concept
PlanPurchased	Concept
PlanRequest(s)Info	Concept
PlanRequestFinished	Concept
PlanRequestStarted	Concept
PlanSubscription	Concept
PlanTypeGuidByName	Concept
Planitem	Concept
PlannedActivity	Concept
PlannedAttendance	Concept
PlannedCampaign	Concept
PlannedEventOfAPlannedJobOrder	Concept
PlannedJobOrderOfAWorkOrder	Concept
PlannedProjectExpense	Concept
PlannedProjectIncome	Concept
PlanningById	Concept
PlanningEntry	Concept
Planningsheet	Concept
Plans	Concept
PlateImageRecognition	Concept
PlaybookCreated	Concept
PlayedGame	Concept
PlayedTrack	Concept
Player	Concept
PlayerComparisonReport	Concept
PlayerData	Concept
Players	Concept
Playlist	Concept
Playlist,Content,OrPeople	Concept
Pledge	Concept
PlotsOfProductById	Concept
Plugin	Concept
PluginActivated	Concept
PluginDeactivated	Concept
PluginInstalled	Concept
PluginUninstalled	Concept
PluginUpdateAvailable	Concept
PluginUpdated	Concept
Plugins	Concept
Pod	Concept
Podbites	Concept
PodcastEpisode	Concept
Point	Concept
PointAction	Concept
PointCustomer	Concept
PointFeature	Concept
PointHistories	Concept
PointHistory	Concept
PointNetworkMembers	Concept
PointRecipient	Concept
PointRecipientPoints	Concept
PointRecipients	Concept
PointRedemptionHistories	Concept
PointReport	Concept
Points	Concept
Policies	Concept
Policy	Concept
PolicyByDateOfBirth,ZipCodeAndLastName	Concept
PolicyById	Concept
PolicyCreated	Concept
PolicyDetails	Concept
PolicyDevices	Concept
PolicyDocument	Concept
PolicyInstructions	Concept
PolicySold	Concept
PolicyStatus	Concept
Poll	Concept
Poll,SurveyOrFormAnswers	Concept
PollAnswer	Concept
PollOrQuestion	Concept
PollResponseReceived	Concept
PollResults	Concept
PollSubmission	Concept
PollingTrigger	Concept
Polls	Concept
PongResult	Concept
PopUpSubmission	Concept
PopularArticle	Concept
Popup	Concept
PopupFormData	Concept
PopupTrigger	Concept
Port	Concept
PortalBooking	Concept
PortalEntry	Concept
PortalEvent	Concept
PortalSignup	Concept
PortalUser	Concept
Portfolio	Concept
PortfolioCompany	Concept
Portfolios	Concept
PosHoldOrder	Concept
PosItems	Concept
PosOnHold	Concept
PosOnHoldOrder	Concept
PosOrder	Concept
PosOrders	Concept
Position	Concept
Position&Compensation	Concept
PositionActivity	Concept
PositionGroup	Concept
PositionPublished	Concept
PositionRecord	Concept
PositionUser	Concept
Positions	Concept
PositiveMessageReceived	Concept
Post	Concept
Post(basic)	Concept
Post(polling)	Concept
Post(restHook)	Concept
Post(withSearchOptions)	Concept
PostALinkIdecide	Concept
PostAboutTopic	Concept
PostByField	Concept
PostById	Concept
PostByMe	Concept
PostByUrl	Concept
PostByUserIFollow	Concept
PostByYou	Concept
PostCallSummary	Concept
PostComment(byNetwork)	Concept
PostCreated	Concept
PostCreatedByUser	Concept
PostFormat	Concept
PostIsPublished.	Concept
PostIsScheduled.	Concept
PostMatchingSearch	Concept
PostMetrics(premium)	Concept
PostOrComment	Concept
PostPosted	Concept
PostPublished	Concept
PostScheduled	Concept
PostSent	Concept
PostStatus	Concept
PostTrigger	Concept
PostType	Concept
PostUsingTrigger	Concept
PostalSent	Concept
PostalStatus	Concept
PostbackReceiverScan	Concept
Postcard	Concept
PostcardViaRadiusSearch	Concept
PostcardViaRecipientId	Concept
PostedOnCampaign	Concept
Posting	Concept
Posts	Concept
Posts(withLineItemSupport)	Concept
PostsByAuthor	Concept
PostsByUser	Concept
PostsTest	Concept
Potential	Concept
Potential/meeting/contactNoteAdded	Concept
PotentialCustomer	Concept
PotentialInvite	Concept
PotentialLead	Concept
PotentialMeeting	Concept
PovRequest	Concept
PptxQrCode	Concept
PracticeArea	Concept
PracticeAreas	Concept
PracticeCreated	Concept
Praise	Concept
PraiseAboutAPerson	Concept
PraiseAboutAnyOfMyDirectReports	Concept
PreAuthorization/tokenizationContactDetails	Concept
PreCallBrief	Concept
PreCallBriefsIsReady	Concept
PreChatFormSubmitted	Concept
PreCheckout	Concept
PreFillInformation	Concept
PreFilledWebformLink	Concept
PreHire	Concept
PreMeetingBrief	Concept
PreQualification/preApproval	Concept
PreRegistration	Concept
PreRegistrations	Concept
Preapproval	Concept
Prediction	Concept
PredictionByDocument	Concept
PreferencesOfASubject	Concept
PremiumContentSale	Concept
PrequalResults	Concept
Presence	Concept
Presentation	Concept
PresentationCreated	Concept
PresentationsReport	Concept
Presenter	Concept
PresenterJoined	Concept
Preset	Concept
PresetCategories	Concept
PresignedRecordingUrl	Concept
Press1Lead	Concept
PreviousEmailScanResult	Concept
Price	Concept
PriceHistory	Concept
PriceImport	Concept
PriceList	Concept
PricelistItemsList	Concept
Pricelists	Concept
Prices	Concept
PricesAndInventory	Concept
PricingRule	Concept
PricingRuleById	Concept
PrimeContract	Concept
PrimeContractInvoice	Concept
PrimeContractLineItem	Concept
PrintJob	Concept
PrintJob(sync)	Concept
Printer	Concept
Priorities	Concept
PrioritizedThing	Concept
Priority	Concept
PriorityArticle	Concept
PriorityBoard	Concept
PriorityBoardCard	Concept
PrivateChannel	Concept
PrivateChannelMember	Concept
PrivateChannelMessage	Concept
PrivateEvent	Concept
PrivateMessage	Concept
PrivateMessage(dm)	Concept
PrivateNote	Concept
PrivateRepeatedEvent	Concept
PrivateReview	Concept
PrivateSubscriber	Concept
PrivateSubscriberAdded	Concept
PrivateTask	Concept
PrizeAssignment	Concept
PrizeFormSubmission	Concept
Pro	Concept
ProactiveTextMessage	Concept
Problem	Concept
ProblemStatus	Concept
ProblemTicket	Concept
Process	Concept
ProcessCompleted	Concept
ProcessData,Info,RolesAndTasks	Concept
ProcessDataByRegisterToken	Concept
ProcessFields	Concept
ProcessNote	Concept
ProcessTask	Concept
ProcessedCollection	Concept
ProcessedFile	Concept
ProcessedFileResult	Concept
ProcessedFileResults	Concept
ProcessedPayout	Concept
ProcessedReceiptNotification	Concept
ProcessedResponse	Concept
Processes	Concept
Product	Concept
Product(item)	Concept
Product(s)	Concept
Product(withoutVariant)	Concept
Product(xCart5.4)	Concept
Product/UpdatedProduct	Concept
Product/service	Concept
Product/subscription	Concept
ProductAdded	Concept
ProductAdvanced	Concept
ProductAttribute	Concept
ProductAttributeOption	Concept
ProductAttributes	Concept
ProductBought	Concept
ProductById	Concept
ProductByIdOrSku	Concept
ProductByRemoteId	Concept
ProductBySku	Concept
ProductByTitle	Concept
ProductByTitle(xCart5.4)	Concept
ProductCatalogIngestion	Concept
ProductCategories	Concept
ProductCategory	Concept
ProductCategoryById	Concept
ProductCategoryByName	Concept
ProductCompleted	Concept
ProductConfiguration	Concept
ProductConflicts	Concept
ProductCreated	Concept
ProductCurriculumModuleAvailable	Concept
ProductCustomerPrice	Concept
ProductDatabase	Concept
ProductDescription	Concept
ProductDirectory	Concept
ProductEdition	Concept
ProductEditionAttribute	Concept
ProductEditionAttributes	Concept
ProductEditionFeature	Concept
ProductEditionFeatures	Concept
ProductEditions	Concept
ProductEmailTemplate	Concept
ProductEnrollment	Concept
ProductEvent	Concept
ProductFeature	Concept
ProductFeatures	Concept
ProductFeed	Concept
ProductFormField	Concept
ProductHook	Concept
ProductImage	Concept
ProductImages	Concept
ProductInfo	Concept
ProductInformation	Concept
ProductInventory	Concept
ProductKpis	Concept
ProductLineItem	Concept
ProductList	Concept
ProductNote	Concept
ProductNotification	Concept
ProductOccupancy	Concept
ProductOnDrm	Concept
ProductOption	Concept
ProductOptionGroup	Concept
ProductOptions	Concept
ProductOptions(multiple)	Concept
ProductOrService	Concept
ProductOrder	Concept
ProductPayment	Concept
ProductPrice	Concept
ProductPricePoint	Concept
ProductPurchase	Concept
ProductQuantity	Concept
ProductRegistration	Concept
ProductReplyToAddress	Concept
ProductReview	Concept
ProductSale	Concept
ProductSent	Concept
ProductService	Concept
ProductSimple	Concept
ProductStatistics	Concept
ProductStatusActivity	Concept
ProductStockQuantity	Concept
ProductTag	Concept
ProductTask	Concept
ProductText	Concept
ProductTitle	Concept
ProductTrackingResult	Concept
ProductTransactionDetail	Concept
ProductTrigger	Concept
ProductV2	Concept
ProductVariant	Concept
ProductVariantBySku	Concept
ProductVariantByTitle	Concept
ProductVariants	Concept
ProductVariantsByTitle	Concept
ProductVariantsByTitle(withLineItemSupport)	Concept
ProductVariation	Concept
ProductVisibility	Concept
Productgroup	Concept
Production	Concept
ProductionOrder	Concept
ProductionOrderByNo	Concept
ProductionOrders	Concept
ProductionWorkflowStage	Concept
ProductivityReport	Concept
Products	Concept
ProductsById(withLineItemSupport)	Concept
ProductsByTitle(withLineItemSupport)	Concept
ProductsByTitleOrHandle	Concept
ProductsOnAmazon	Concept
ProfessionalLetter	Concept
Professioncode	Concept
Professor	Concept
Profile	Concept
ProfileAdded	Concept
ProfileCreated	Concept
ProfileData	Concept
ProfileEnrichment	Concept
ProfileEnrichmentResults	Concept
ProfileField	Concept
ProfileFields	Concept
ProfileImage	Concept
ProfileObjectCreated	Concept
ProfilePasses	Concept
ProfilePicture	Concept
ProfileProperties	Concept
ProfileSearch	Concept
ProfileSearchResults	Concept
ProfileVerified	Concept
ProfileVisit	Concept
ProfileVisitEvent	Concept
Profiles	Concept
ProfitAndLossByEvent	Concept
ProfitLossOverview	Concept
Program	Concept
ProgramDetails	Concept
ProgramDownloads	Concept
ProgramInformation	Concept
ProgramInvitation	Concept
ProgramLibrarySubscription	Concept
ProgramList	Concept
ProgramMember	Concept
Programs	Concept
Progress	Concept
ProgressEntries	Concept
ProgressNote	Concept
ProgressOnProject	Concept
Project	Concept
Project'sRetables	Concept
Project'sTask	Concept
Project(dynamic)	Concept
Project(s)	Concept
Project(single)	Concept
Project(v2)	Concept
Project(webhook)	Concept
Project(withCustomFields)	Concept
Project.	Concept
Project/Jobs	Concept
Project/portfolio	Concept
ProjectActivity	Concept
ProjectAdded	Concept
ProjectAndAppointment	Concept
ProjectAsJob	Concept
ProjectAsLead	Concept
ProjectAssignment	Concept
ProjectAttachments	Concept
ProjectBackup	Concept
ProjectBillingById	Concept
ProjectBooked	Concept
ProjectBudget	Concept
ProjectBudgetAlert	Concept
ProjectByCustomFieldValue	Concept
ProjectByExternalObjectid	Concept
ProjectById	Concept
ProjectByKey	Concept
ProjectByName	Concept
ProjectByNameOrCode	Concept
ProjectByNameOrNumber	Concept
ProjectByProjectId	Concept
ProjectByTitle	Concept
ProjectByUuid	Concept
ProjectByWorkflowId	Concept
ProjectCandidatesById	Concept
ProjectCategories	Concept
ProjectCategory	Concept
ProjectClassification	Concept
ProjectCollectionMetadata	Concept
ProjectColumn	Concept
ProjectComment	Concept
ProjectCompanyContact	Concept
ProjectCompensation	Concept
ProjectCompleted	Concept
ProjectCostCodeList	Concept
ProjectCreated	Concept
ProjectCreation	Concept
ProjectCustomFields	Concept
ProjectDates	Concept
ProjectDetails	Concept
ProjectDocument	Concept
ProjectDocuments	Concept
ProjectEvent	Concept
ProjectExpense	Concept
ProjectExpenses	Concept
ProjectFees	Concept
ProjectFieldValues	Concept
ProjectFields	Concept
ProjectFile	Concept
ProjectFiles	Concept
ProjectFinancialKpi	Concept
ProjectFolders	Concept
ProjectGroup	Concept
ProjectGroups	Concept
ProjectImages	Concept
ProjectIncome	Concept
ProjectInfo	Concept
ProjectInformation	Concept
ProjectInvoice	Concept
ProjectInvoices	Concept
ProjectIsCreated	Concept
ProjectIssueEvent	Concept
ProjectIssueTypes	Concept
ProjectKeyDate	Concept
ProjectLabel	Concept
ProjectLinked	Concept
ProjectList	Concept
ProjectLocation	Concept
ProjectManager	Concept
ProjectMediaMetadata	Concept
ProjectMeeting	Concept
ProjectMember	Concept
ProjectMembers	Concept
ProjectMembership	Concept
ProjectMergeRequestEvent	Concept
ProjectMergeRequests	Concept
ProjectMessage	Concept
ProjectMessages	Concept
ProjectNameOrMetadata	Concept
ProjectNote	Concept
ProjectNotepad	Concept
ProjectOwner	Concept
ProjectPageContent	Concept
ProjectPages	Concept
ProjectPayment	Concept
ProjectPayments	Concept
ProjectPhaseEvent	Concept
ProjectPost	Concept
ProjectPriorities	Concept
ProjectRegistrationDrawings	Concept
ProjectRequest	Concept
ProjectRequirements	Concept
ProjectSalesBehavior	Concept
ProjectSection	Concept
ProjectSetCustomField	Concept
ProjectSharedNote	Concept
ProjectStaff	Concept
ProjectStatus	Concept
ProjectStatuses	Concept
ProjectStep	Concept
ProjectSteps	Concept
ProjectSubtask	Concept
ProjectSubtaskStatus	Concept
ProjectTag	Concept
ProjectTags	Concept
ProjectTask	Concept
ProjectTaskColumnNumber	Concept
ProjectTaskStatus	Concept
ProjectTasks	Concept
ProjectTeamMember	Concept
ProjectTemplate	Concept
ProjectTemplates	Concept
ProjectTimeEntry	Concept
ProjectTimeTransaction	Concept
ProjectTimes	Concept
ProjectTimesheetCategory	Concept
ProjectTokenTemplate	Concept
ProjectTravellers	Concept
ProjectType	Concept
ProjectUpdate	Concept
ProjectUpdateComment	Concept
ProjectUrl	Concept
ProjectUser	Concept
ProjectV2	Concept
ProjectVersion2	Concept
ProjectWithoutConsumption	Concept
ProjectWorkersATimeRecord	Concept
Projectid	Concept
Projection	Concept
Projects	Concept
Projects(multiple)	Concept
ProjectsBasedOnStatus	Concept
ProjectsDocuments	Concept
Promise	Concept
Promise(deprecated)	Concept
PromoCode	Concept
PromoCodeOfPromoCodeSeries	Concept
PromoCodes	Concept
Promocode	Concept
PromoterLink	Concept
Promotion	Concept
Promotion(polling)	Concept
PromotionCreated	Concept
PromotionalSms	Concept
Promotor	Concept
PromotorLink	Concept
Prompt	Concept
PromptTemplate	Concept
Proof	Concept
ProofApprovalWithdrawn	Concept
ProofApproved	Concept
ProofDeleted	Concept
ProofOfPlayRte	Concept
ProofStarted	Concept
ProofToDosReverted	Concept
Propay	Concept
PropayDetailsByPropay	Concept
PropayDetailsByWorker	Concept
Properties	Concept
PropertiesByAgency	Concept
Property	Concept
Property(tokenAuth)	Concept
PropertyAdded	Concept
PropertyAssignRoundRobin	Concept
PropertyByAutoid	Concept
PropertyByExternalIdentifier	Concept
PropertyById	Concept
PropertyByStreetAddress	Concept
PropertyClaim	Concept
PropertyClaimMedia	Concept
PropertyClaimNote	Concept
PropertyClaimRoomNote	Concept
PropertyColumns	Concept
PropertyContact	Concept
PropertyContacts	Concept
PropertyCreated	Concept
PropertyDescription	Concept
PropertyDetails	Concept
PropertyDetected	Concept
PropertyExported	Concept
PropertyFile	Concept
PropertyGroups	Concept
PropertyImage	Concept
PropertyInquiry	Concept
PropertyLead	Concept
PropertyLink	Concept
PropertyList	Concept
PropertyListing(sales)	Concept
PropertyListingAlerts	Concept
PropertyOrCreate	Concept
PropertyRecordByAddress	Concept
PropertyRecordById	Concept
PropertyRecords	Concept
PropertyRequest	Concept
PropertyStatus	Concept
PropertyTag	Concept
PropertyTeam	Concept
PropertyTeamUsers	Concept
PropertyTree	Concept
Proposal	Concept
ProposalAccepted	Concept
ProposalComment	Concept
ProposalDetails	Concept
ProposalInformation	Concept
ProposalIsAdded	Concept
ProposalIsCreated	Concept
ProposalRef	Concept
ProposalSignature	Concept
ProposalStatus	Concept
Proposals	Concept
Proposals(formatted)	Concept
Prospect	Concept
Prospect&Lead	Concept
Prospect(company)	Concept
Prospect/addProspect	Concept
Prospect/lead(beta)	Concept
ProspectAccount	Concept
ProspectAccount(s)	Concept
ProspectAdded	Concept
ProspectByEmail	Concept
ProspectById	Concept
ProspectClient	Concept
ProspectCompany	Concept
ProspectContact(s)	Concept
ProspectContacted	Concept
ProspectCreated	Concept
ProspectCreated...	Concept
ProspectCustomField	Concept
ProspectDetails	Concept
ProspectEmail	Concept
ProspectLead	Concept
ProspectMember	Concept
ProspectPartially	Concept
ProspectRegistry	Concept
ProspectResponses	Concept
ProspectStatus	Concept
ProspectionActivities	Concept
ProspectiveAccount	Concept
Prospects	Concept
Prototype	Concept
ProvidedService	Concept
Provider	Concept
ProviderOrder	Concept
ProviderOrderStatus	Concept
ProviderOrders	Concept
ProviderProduct	Concept
ProviderProductStatus	Concept
ProviderProductTags	Concept
ProviderProductVariant	Concept
ProviderProductVariants	Concept
ProviderProducts	Concept
Providers	Concept
Proxies	Concept
Pto	Concept
PublicApp	Concept
PublicChannelCreated	Concept
PublicChannels	Concept
PublicIdentities	Concept
PublicInspectionReportLink	Concept
PublicKey	Concept
PublicLink	Concept
PublicMessage	Concept
PublicMessagePosted	Concept
PublicMessagePostedAnywhere	Concept
PublicReview	Concept
PublicTestimonial	Concept
PublicUser	Concept
Publication	Concept
PublicationComment	Concept
PublicationCreated	Concept
PublicationFailed	Concept
Publipostage	Concept
Publipostage(oneStep)	Concept
PublishFailed	Concept
PublishRequired	Concept
PublishSuccessful	Concept
Published	Concept
Published1HourAgo	Concept
Published24HoursAgo	Concept
PublishedArticle	Concept
PublishedBlogPost	Concept
PublishedCollectionItem	Concept
PublishedContent	Concept
PublishedCourses	Concept
PublishedEpisodes	Concept
PublishedInsight	Concept
PublishedIssue	Concept
PublishedOnContento	Concept
PublishedPost	Concept
PublishedProductReview	Concept
PublishedReport	Concept
PublishedWebsiteReview	Concept
PullRequest	Concept
Pulse	Concept
Pulsecheck	Concept
PunchItem	Concept
Purchase	Concept
Purchase(allProducts)	Concept
Purchase(expense)	Concept
Purchase(funnels)	Concept
Purchase(upsell/downsell)	Concept
Purchase/UpdatedPurchase	Concept
PurchaseCategory	Concept
PurchaseComplete	Concept
PurchaseCreated	Concept
PurchaseDocument	Concept
PurchaseEntry	Concept
PurchaseEntryLine	Concept
PurchaseEntryLine(s)	Concept
PurchaseEvent	Concept
PurchaseHistoryLine	Concept
PurchaseIntent	Concept
PurchaseIntents	Concept
PurchaseInvoice	Concept
PurchaseInvoiceDraft	Concept
PurchaseLog	Concept
PurchaseNotification	Concept
PurchaseNudge	Concept
PurchaseOrder	Concept
PurchaseOrder(beta)	Concept
PurchaseOrderApproved	Concept
PurchaseOrderById	Concept
PurchaseOrderByNo	Concept
PurchaseOrderContract	Concept
PurchaseOrderContractLineItem	Concept
PurchaseOrderCreated	Concept
PurchaseOrderDelivered	Concept
PurchaseOrderDetail	Concept
PurchaseOrderHeader	Concept
PurchaseOrderInformation	Concept
PurchaseOrderInvoice	Concept
PurchaseOrderInvoiceQuery	Concept
PurchaseOrderLine	Concept
PurchaseOrderLines	Concept
PurchaseOrderPaid	Concept
PurchaseOrderSent	Concept
PurchaseOrderStatus	Concept
PurchaseOrders	Concept
PurchaseRequsition	Concept
PurchaseReturn	Concept
PurchasedBark	Concept
PurchasedLead	Concept
PurchasedOrder	Concept
PurchasesBy	Concept
Pursuit	Concept
Push	Concept
PushCampaignDraft	Concept
PushMessage	Concept
PushMessages	Concept
PushNotification	Concept
PushedMessage	Concept
PushedVoiceMessage	Concept
QawafilPayInvoice	Concept
QbTransaction	Concept
QmoteClick	Concept
Qna,IdeasOrTopicAnswers	Concept
QrCode	Concept
QrCodeCreated	Concept
QrReference	Concept
QrScanned	Concept
QualifiLeads	Concept
QualifiedContact	Concept
QualifiedConversation	Concept
QualifiedLead	Concept
QualifiedStudentLead	Concept
Queries	Concept
Query	Concept
QueryDetails	Concept
Quest	Concept
QuestClaims	Concept
Question	Concept
QuestionAndAnswerAsDataSource	Concept
QuestionAnswer	Concept
QuestionAnswered	Concept
QuestionAsked	Concept
QuestionData	Concept
QuestionReceived	Concept
QuestionResponse	Concept
Questionnaire	Concept
QuestionnaireCompleted	Concept
QuestionnaireStatus	Concept
QuestionnaireSubmitted	Concept
Questionnaires	Concept
Queue	Concept
QueueById	Concept
QueueItem	Concept
QueuedJob	Concept
Queues	Concept
QuickBill	Concept
QuickExpense	Concept
QuickLink	Concept
QuickPost	Concept
QuickPostCreated	Concept
QuickResponses	Concept
QuickSale	Concept
QuickSms	Concept
QuickbooksExpense	Concept
QuickbooksInvoice	Concept
Quickpage	Concept
Quiz	Concept
QuizData	Concept
QuizMark	Concept
QuizResult	Concept
QuizResults	Concept
Quizzes	Concept
Quota	Concept
Quotation	Concept
QuotationCreated	Concept
QuotationLine	Concept
QuotationPending	Concept
QuotationRequested	Concept
QuotationSubmitted	Concept
QuotationVerified	Concept
Quote	Concept
Quote(beta)	Concept
Quote/invoice	Concept
Quote/invoiceStatus	Concept
QuoteByQuoteNumber	Concept
QuoteCreated	Concept
QuoteDetails	Concept
QuoteFollowup	Concept
QuoteItem	Concept
QuoteItemNote	Concept
QuoteItemTask	Concept
QuoteItems	Concept
QuoteLineItem	Concept
QuoteLineItems	Concept
QuoteLines	Concept
QuoteList	Concept
QuoteMessage	Concept
QuoteNote	Concept
QuotePost	Concept
QuoteProposal	Concept
QuoteRequest	Concept
QuoteRequestReceived	Concept
QuoteSent	Concept
QuoteStatus	Concept
QuoteTask	Concept
QuoteV2	Concept
Quotes	Concept
Rackoot	Concept
RageClick	Concept
RainOrSnowForecast	Concept
RandomLocations	Concept
RandomPropertyRecords	Concept
Rank	Concept
RankedKeywords	Concept
Rate	Concept
RateCard	Concept
RateGroups	Concept
RateLimitInformation	Concept
RatedDataReport	Concept
Rates	Concept
Rating	Concept
RdeReport	Concept
ReachedLead	Concept
Reaction	Concept
ReactionAdded	Concept
ReactionOnChangelogPost	Concept
ReactionOnMessage	Concept
ReactivatedSubscription	Concept
ReadReceipt	Concept
Reader	Concept
ReaderGroups	Concept
Ready	Concept
RealEstate	Concept
RealEstateNote	Concept
RealPennedLetter	Concept
RealTimeData	Concept
RealVisit	Concept
RealtimePayment	Concept
Rebill	Concept
Recall	Concept
RecallConsignment	Concept
Receipt	Concept
ReceiptDocument	Concept
ReceiptPreCreateInfo	Concept
Receipts	Concept
ReceiptsMonthlyTotals	Concept
Receivable	Concept
Receivable(s)	Concept
ReceivablePayable	Concept
ReceivedCall	Concept
ReceivedDocument	Concept
ReceivedDocumentAttachment	Concept
ReceivedDocumentPreCreateInfo	Concept
ReceivedDocuments	Concept
ReceivedFax	Concept
ReceivedMessage	Concept
ReceivedMessages	Concept
ReceivedSms	Concept
Receiver	Concept
Receiving	Concept
RecentArticles	Concept
RecentJobs	Concept
RecentMeeting	Concept
RecentTask	Concept
ReceptionistMessage	Concept
Recipient	Concept
Recipient'sStatus	Concept
RecipientAdded	Concept
RecipientByEmailAddress	Concept
RecipientById	Concept
RecipientByName	Concept
RecipientCreated	Concept
RecipientECard	Concept
RecipientGroup	Concept
RecipientGroups	Concept
RecipientPending	Concept
RecipientSubscribed	Concept
RecipientUnsubscribed	Concept
Recipients	Concept
RecipientsByEmailAddresses	Concept
Recognition	Concept
Recommendation	Concept
RecommendationByEmail	Concept
RecommendationById	Concept
Recommendations	Concept
RecommendedContent(forUser)	Concept
RecommendedUsers	Concept
ReconciledPayment	Concept
Reconciliation	Concept
Reconciliations	Concept
Reconnect	Concept
Record	Concept
Record(customTable)	Concept
Record(instant)	Concept
Record(s)	Concept
Record(s)ByQuery	Concept
Record(savedSearch)	Concept
Record(utc)	Concept
RecordActivity	Concept
RecordAndApplyProperties	Concept
RecordAssignees	Concept
RecordAssignment	Concept
RecordAttachments	Concept
RecordByAnything	Concept
RecordById	Concept
RecordByName	Concept
RecordByQuery	Concept
RecordByRecordId	Concept
RecordByUpdateKey	Concept
RecordCreated	Concept
RecordData	Concept
RecordDataById	Concept
RecordDataByName	Concept
RecordDataByQuery	Concept
RecordEntry	Concept
RecordFieldData	Concept
RecordFieldNames	Concept
RecordFieldValue	Concept
RecordFields	Concept
RecordFileRevision	Concept
RecordFileWorkflowRequest	Concept
RecordInfo	Concept
RecordInformation	Concept
RecordMultiUploadFieldFileOrUrl	Concept
RecordObject	Concept
RecordOnBoard	Concept
RecordOnPulze	Concept
RecordOrWorkflow	Concept
RecordStatus	Concept
RecordType(object)Schema	Concept
RecordUploadFiles	Concept
RecordValues	Concept
RecordedInterview	Concept
Recording	Concept
RecordingAndDownload	Concept
RecordingBasedPostCallBrief	Concept
RecordingById	Concept
RecordingCaptured	Concept
RecordingPermission	Concept
RecordingSession	Concept
RecordingSessionScheduled	Concept
RecordingUrl	Concept
Recordings	Concept
RecordingsByConversation	Concept
RecordingsByProject	Concept
Records	Concept
Records(advanced)	Concept
Records(lineItemSupport)	Concept
Records(outputAsLineItems)	Concept
Records(savedSearch)	Concept
Records(withLineItemSupport)	Concept
RecordsByFilterField	Concept
RecordsByQuery	Concept
RecordsOfCrm	Concept
RecordsUsingCoqlQuery	Concept
RecoveryAlert	Concept
RecoveryDistibution	Concept
RecoveryParty	Concept
RecoveryPhase	Concept
RecoveryTransaction	Concept
Recruitment	Concept
RecurredExpense	Concept
RecurrentDonationSuccess	Concept
RecurrentPayment	Concept
RecurringAsset	Concept
RecurringDonation	Concept
RecurringDonationPlan	Concept
RecurringImpact	Concept
RecurringInvoice	Concept
RecurringJob	Concept
RecurringMembership	Concept
RecurringPayment	Concept
RecurringPlan	Concept
RecurringPlans	Concept
RecurringProfile	Concept
RecurringProject	Concept
RecurringSubscription	Concept
RecurringSubscriptionSale	Concept
RecurringTask	Concept
RecurringTransaction	Concept
RecurringTransaction(subscription)	Concept
RedditCommentMention	Concept
RedditPostMention	Concept
Redeem	Concept
RedeemPageCreated	Concept
Redemption	Concept
Redirect	Concept
RedirectEvenlyLink	Concept
RedirectRandomlyLink	Concept
RedirectUrl	Concept
RefereeAdded	Concept
Reference	Concept
ReferenceCompleted	Concept
ReferenceReply	Concept
ReferenceRequest	Concept
ReferenceSubmitted	Concept
ReferenceViaAci	Concept
ReferenceViaBillOfLading	Concept
ReferenceViaCarrierCode	Concept
Referral	Concept
ReferralAction	Concept
ReferralActivity	Concept
ReferralAdded	Concept
ReferralByReferrerCode	Concept
ReferralByReferrerEmail	Concept
ReferralCount	Concept
ReferralCreated	Concept
ReferralInvitation	Concept
ReferralItem	Concept
ReferralLead	Concept
ReferralSale	Concept
ReferralSource	Concept
ReferralUpdate	Concept
ReferredAffiliateList	Concept
ReferredClient(s)Info	Concept
ReferredOrder	Concept
Referrer	Concept
ReferringDomain	Concept
ReferringUrl	Concept
Refund	Concept
RefundApplied	Concept
RefundEvent	Concept
RefundReceipt	Concept
RefundRequested	Concept
RefundedInvoice	Concept
RefundedMembershipPayment	Concept
RefundedOrder	Concept
RefundedOrders	Concept
RefundedPayment	Concept
RefundedSale	Concept
Refunds	Concept
Regions	Concept
Register	Concept
RegisterClosure	Concept
RegisteredAttendee	Concept
RegisteredSms	Concept
RegisteredSmsContract	Concept
RegisteredUser	Concept
Registrant	Concept
Registrant(allWebinars)	Concept
RegistrantDetails	Concept
RegistrantStatus	Concept
RegistrantStatus(allWebinars)	Concept
RegistrantStatus(specificWebinar)	Concept
Registrants	Concept
Registration	Concept
Registration(deprecated)	Concept
Registration(timetracking)	Concept
RegistrationAddOn	Concept
RegistrationAdded	Concept
RegistrationDrawing	Concept
RegistrationEmail	Concept
RegistrationInvitation	Concept
RegistrationReceived	Concept
RegistrationStatus	Concept
RegistrationType	Concept
Registrations	Concept
Registry	Concept
RegularBooking	Concept
RegularEmail	Concept
RegularTemplateByTitle	Concept
Rejected	Concept
RejectedJobs	Concept
RelatedCaseFiles	Concept
RelatedContent	Concept
RelatedDealsByEmail	Concept
RelatedModuleEntry	Concept
RelatedRecords	Concept
RelatedTags	Concept
RelatedUsers	Concept
Relation	Concept
Relation(s)	Concept
RelationAddress	Concept
RelationEmail	Concept
RelationWebAddress	Concept
RelationalContact	Concept
Relationship	Concept
Relationship(v2)	Concept
RelationshipActivity	Concept
RelayNodes(advanced)	Concept
Release	Concept
ReleaseServer	Concept
ReleasedReward	Concept
RemainingCredit	Concept
Remark	Concept
Remarks	Concept
Reminder	Concept
Reminder(forCompany)	Concept
Reminder(forOpportunity)	Concept
ReminderCreated	Concept
Reminders	Concept
RemoteDocument	Concept
RemoteResourceFile	Concept
RemovalJobs	Concept
RemovalLead	Concept
RemoveContact(notTheRightPerson)	Concept
RemovedContacts	Concept
Render	Concept
RenderResults	Concept
RenderTask	Concept
RenderTaskResults	Concept
RenderedPageText	Concept
Renewal	Concept
Rent	Concept
RentAnalysis	Concept
RentLead	Concept
RentLeadEligible	Concept
Rental	Concept
RentalLead	Concept
RentalListingByAddress	Concept
RentalListingById	Concept
RentalListings	Concept
RentalPurchaseFormAnswers	Concept
RentalagreementCreated	Concept
Renter	Concept
RenterDetails	Concept
ReopenedTask	Concept
Repcard	Concept
RepeatCaller	Concept
RepeatOrder	Concept
RepeatingSalesInvoice	Concept
ReplayAttendee	Concept
ReplayViewer	Concept
ReplenishmentRecommendations	Concept
ReplugLink	Concept
Reply	Concept
Reply(fromARespondent)	Concept
Reply(fromTheVideoasker/you)	Concept
ReplyCreated	Concept
ReplyDetected	Concept
ReplyReceived	Concept
ReplyTagged	Concept
ReplyToAddress	Concept
Repo	Concept
RepoEvent	Concept
Report	Concept
ReportCreated	Concept
ReportFault	Concept
ReportGroup	Concept
ReportGroupMessage	Concept
ReportGroups	Concept
ReportHistory	Concept
ReportPdfGeneratedOnline	Concept
ReportPdfLink	Concept
ReportPdfSent	Concept
ReportShare	Concept
ReportStatus	Concept
ReportedProblem	Concept
ReportingSummary	Concept
Reports	Concept
Repositories	Concept
Repository	Concept
Representative	Concept
ReputationFeedbackReceived	Concept
Request	Concept
Request(byRequestId)	Concept
RequestAssignee	Concept
RequestCallback	Concept
RequestCompleted	Concept
RequestCreated	Concept
RequestCredits	Concept
RequestGroup	Concept
RequestGroupAndSendRequestEmail	Concept
RequestMatch	Concept
RequestMessage	Concept
RequestMessageAttachment	Concept
RequestPhoneCall	Concept
RequestResponseReceived	Concept
RequestStatus	Concept
RequestableObjects	Concept
RequestedDocuments	Concept
Requester	Concept
Requests	Concept
Requirement	Concept
RequirementByUuid	Concept
RequirementNote	Concept
Requisite	Concept
Requisition	Concept
RescheduledBooking	Concept
Resciliation	Concept
Research	Concept
ResearchDetected	Concept
ResearchTask	Concept
Reservation	Concept
ReservationCanceled	Concept
ReservationCreated	Concept
ReservationCustomFields	Concept
ReservationEvent	Concept
ReservationInquiry	Concept
ReservationInterval	Concept
ReservationIsConfirmed	Concept
ReservationProduct	Concept
ReservationStatus	Concept
ReservationUpdate	Concept
ReservationlessConference	Concept
Reservations	Concept
Resident	Concept
ResidentialContact	Concept
ResolveEvent	Concept
ResolvedCommentThread	Concept
Resource	Concept
ResourceAdded	Concept
ResourceByEmail	Concept
ResourceByKey	Concept
ResourceByResourceId	Concept
ResourceCategories	Concept
ResourceCollectionList	Concept
ResourceEnrollments	Concept
ResourceFile	Concept
ResourceId	Concept
ResourceMetadata	Concept
ResourceSchedule	Concept
Resources	Concept
Respondent	Concept
RespondentCompleted	Concept
Responder	Concept
Response	Concept
Response(beta)	Concept
Response(fromARespondent)	Concept
Response(row)	Concept
ResponseById	Concept
ResponseByUniqueAttribute	Concept
ResponseCompleted	Concept
ResponseFile	Concept
ResponseForm	Concept
ResponseMetrics	Concept
ResponseNotification	Concept
ResponseReceived	Concept
ResponseReceived(any)	Concept
ResponseSms	Concept
ResponseSubmission	Concept
ResponseSubmitted	Concept
ResponseSummary	Concept
Responses	Concept
ResponsesById	Concept
Responsibilities	Concept
Responsibility	Concept
ResponsiveHtmlEmail	Concept
RestaurantFeedbackFormSubmitted	Concept
RestoBooking	Concept
Resubmission	Concept
ResubmissionById	Concept
Result	Concept
ResultAreasReport	Concept
ResultSubmitted	Concept
Results	Concept
ResultsCard	Concept
ResultsFile	Concept
Resume	Concept
RetailExecution	Concept
RetailSale	Concept
Retailer	Concept
RetainedInvoiceSent	Concept
RetainerInvocie	Concept
RetainerInvoice	Concept
RetellLlm	Concept
RetellLlms	Concept
Return	Concept
Return(byReturnId)	Concept
ReturnCreated	Concept
ReturnEvent	Concept
ReturnItem	Concept
ReturnOrder	Concept
ReturnReceived	Concept
ReturnRequest	Concept
ReturnedPayment	Concept
ReturningLead	Concept
Returns	Concept
Revenue	Concept
RevenueAccounts	Concept
RevenueCreated	Concept
RevenueForecast	Concept
Review	Concept
Review(instant)	Concept
Review(polling)	Concept
Review(reputation)	Concept
ReviewByField	Concept
ReviewById	Concept
ReviewCampaign	Concept
ReviewChannel	Concept
ReviewComment	Concept
ReviewCompleted	Concept
ReviewCreated	Concept
ReviewInvitation	Concept
ReviewInvitationSent	Concept
ReviewInvite	Concept
ReviewLink	Concept
ReviewOnDesign	Concept
ReviewPdf	Concept
ReviewPosted	Concept
ReviewReceived	Concept
ReviewReply	Concept
ReviewRequest	Concept
ReviewRequestEmail	Concept
ReviewSubmission	Concept
ReviewSubmitted	Concept
ReviewTask	Concept
ReviewTrigger	Concept
ReviewerGroup	Concept
ReviewerGroupsByProject	Concept
ReviewerStrategiesAReviewProcess	Concept
Reviewers	Concept
Reviews	Concept
Revision	Concept
RevisionOfAQuote	Concept
Reward	Concept
RewardAutomation	Concept
RewardClaims	Concept
RewardEvent	Concept
RewardReception	Concept
RewardRequest	Concept
RewardStore	Concept
Rewards	Concept
Rewrite	Concept
Rfi	Concept
RfqEvent	Concept
RfqInformation	Concept
Rida	Concept
RiddleData&Lead	Concept
Ride	Concept
RingMember	Concept
RinglessVoicemail	Concept
Risk	Concept
RiskAssessment	Concept
RiskProfile	Concept
RiskTreatment	Concept
Risks	Concept
Rma	Concept
RmmAlert	Concept
RoadmapCard	Concept
RoadmapItem	Concept
RobocallTask	Concept
Robot	Concept
RobotInformation	Concept
Role	Concept
Role(s)	Concept
RoleAssignment	Concept
RoleAssignments	Concept
RoleById	Concept
RoleByName	Concept
RoleCreated	Concept
RoleDetails	Concept
RoleOfGuest	Concept
Roles	Concept
RolesByChart	Concept
RolesByOrganization	Concept
Rollback	Concept
Rolling30DayInsight	Concept
RolodexContact	Concept
RolodexOrganization	Concept
RoofEstimate	Concept
Room	Concept
RoomBooking	Concept
RoomDetails	Concept
RoomEvent	Concept
RoomMembers	Concept
RoomTopic	Concept
Rooms	Concept
RosterNote	Concept
RotationChange	Concept
RoundsSavedSearchMatch	Concept
RoutableItem	Concept
Route	Concept
RouteAdded	Concept
RouteDestination	Concept
RouteJobCompletion	Concept
RoutingFormSubmission	Concept
Row	Concept
Row(customQuery)	Concept
Row(s)	Concept
Row(workdrive)	Concept
RowById	Concept
RowCreated	Concept
RowId	Concept
RowIds	Concept
RowImport	Concept
RowViaCustomQuery	Concept
RowWorkdriveUsers	Concept
RowndPersonalData	Concept
Rows	Concept
RowsViaCustomQuery	Concept
Rsvp	Concept
RsvpAnswer	Concept
RsvpAttendee	Concept
RsvpEntry	Concept
RsvpFormSubmitted	Concept
RsvpResponses	Concept
RsvpTemplate	Concept
Rule	Concept
RuleCreated	Concept
RuleEvent	Concept
RuleFolder	Concept
RuleFolders	Concept
Rules	Concept
Run	Concept
RunningTimer	Concept
Runs	Concept
Ruum	Concept
RuumSection	Concept
RuumTask	Concept
RvgFee	Concept
Saas	Concept
SaasLocations	Concept
SaasSubscription	Concept
SafetyEvent	Concept
SalaryChange	Concept
Sale	Concept
Sale(loyaltyCard)	Concept
Sale(wallet)	Concept
Sale/receiptDocument	Concept
SaleAttachment.	Concept
SaleAttributed	Concept
SaleCreated	Concept
SaleDisposition	Concept
SaleDocument	Concept
SaleEvent	Concept
SaleListingByAddress	Concept
SaleListingById	Concept
SaleListings	Concept
SaleOfAnyProduct	Concept
SaleOpportuniety	Concept
SaleOrder	Concept
SalePack	Concept
SalePayment	Concept
SaleShipment	Concept
SaleStart	Concept
SaleState	Concept
SaleUpdate	Concept
Salelead	Concept
Sales	Concept
SalesActivity	Concept
SalesAgent	Concept
SalesAmount	Concept
SalesBridge	Concept
SalesById	Concept
SalesChannel	Concept
SalesCorrespondence	Concept
SalesCredit	Concept
SalesData	Concept
SalesEntry	Concept
SalesEntryLine	Concept
SalesEstimates	Concept
SalesInvoice	Concept
SalesInvoiceByEmail	Concept
SalesInvoiceDraft	Concept
SalesInvoiceLine	Concept
SalesInvoices	Concept
SalesItem	Concept
SalesItemPrice	Concept
SalesItemPrice(s)	Concept
SalesLead	Concept
SalesLeads	Concept
SalesNavigatorCompanySearch	Concept
SalesNavigatorCompanySearchResults	Concept
SalesNavigatorPeopleSearch	Concept
SalesNavigatorPeopleSearchResults	Concept
SalesOffer	Concept
SalesOpportunity	Concept
SalesOpportunityStatus	Concept
SalesOrder	Concept
SalesOrder(legacy)	Concept
SalesOrder/quotesById	Concept
SalesOrderById	Concept
SalesOrderByNo	Concept
SalesOrderByOriginalOrderId	Concept
SalesOrderComment	Concept
SalesOrderCreditMemo	Concept
SalesOrderDetail	Concept
SalesOrderHeader	Concept
SalesOrderInformation	Concept
SalesOrderInvoice	Concept
SalesOrderLine	Concept
SalesOrderMessage	Concept
SalesOrderPromiseDate	Concept
SalesOrderShipment	Concept
SalesOrderStatus	Concept
SalesOrderSummary	Concept
SalesOrders	Concept
SalesPerson	Concept
SalesPoints	Concept
SalesPriceList	Concept
SalesPriceListVolumeDiscounts	Concept
SalesProject	Concept
SalesProposal	Concept
SalesQuote	Concept
SalesQuoteById	Concept
SalesQuoteByNo	Concept
SalesReceipt	Concept
SalesRemission	Concept
SalesRep	Concept
SalesReturn	Concept
SalesStatus	Concept
SalesSummary	Concept
SalesUnit	Concept
SalesUserIdByEmailAddress	Concept
SalesmsgMember	Concept
Salesorder	Concept
SalespersonCompany	Concept
SalespersonNote	Concept
SalespersonOrder	Concept
SalespersonTodo	Concept
SamplingProject	Concept
Satellite	Concept
SatisfactionQuestionnaire	Concept
SatisfactionSurvey	Concept
SavedListing	Concept
SavedMessage	Concept
SavedSearch	Concept
SavedSearchCreated	Concept
SavedSearchMatch	Concept
SavedShows	Concept
SavedTrack	Concept
SavingsNotification	Concept
Scan	Concept
ScanCompleted	Concept
ScanReport	Concept
ScanStarted	Concept
Schedule	Concept
ScheduleBlast(sendmt)	Concept
ScheduleBlock(s)	Concept
ScheduleBooking	Concept
ScheduleCall	Concept
ScheduleDelegate	Concept
ScheduleEntry	Concept
ScheduleEvent	Concept
ScheduleItem	Concept
ScheduleLeave	Concept
ScheduleOrLeaveSeries	Concept
SchedulePost	Concept
ScheduleSeriesCreated	Concept
ScheduleShowingRequest	Concept
ScheduleSummary	Concept
Scheduled	Concept
ScheduledActivity	Concept
ScheduledCall	Concept
ScheduledCommunication	Concept
ScheduledEmail	Concept
ScheduledEstimate	Concept
ScheduledEvent	Concept
ScheduledInterview	Concept
ScheduledInvoice	Concept
ScheduledInvoices	Concept
ScheduledItem	Concept
ScheduledJob	Concept
ScheduledJob.	Concept
ScheduledMeeting	Concept
ScheduledMessage	Concept
ScheduledNotification	Concept
ScheduledPayment	Concept
ScheduledPost	Concept
ScheduledRegister	Concept
ScheduledSend	Concept
ScheduledSms	Concept
ScheduledTask	Concept
ScheduledTransactions	Concept
Schedules	Concept
SchedulesAReviewProcess	Concept
SchedulingRequest	Concept
School	Concept
SchoolMember	Concept
ScmPost	Concept
Scoop	Concept
Scoops	Concept
Score	Concept
ScoreActivity	Concept
ScoreOfUser	Concept
ScoreSeries	Concept
ScoreSeriesPointType	Concept
Scorecard	Concept
ScorecardDue	Concept
Scoring	Concept
Scrape	Concept
ScrapedLead	Concept
Scraper	Concept
Scrapes	Concept
Screen	Concept
ScreenVersion	Concept
Screenshot	Concept
ScreenshotConfiguration	Concept
SeConsumerRecord(deprecated)	Concept
Search	Concept
SearchItems	Concept
SearchResult	Concept
SearchResults	Concept
Season	Concept
SeatExternalSystemId	Concept
SecondLineIncident	Concept
SecondaryAddress	Concept
SecondaryCategory	Concept
SecondaryCompanies	Concept
SecondaryContact	Concept
Secret	Concept
Section	Concept
Section(course)	Concept
Section(course)Enrollments	Concept
SectionEntityRecord	Concept
Sections	Concept
SectionsOfAProject	Concept
Sector	Concept
SecurityRole	Concept
SeedWord	Concept
Segment	Concept
Segment1	Concept
Segment2	Concept
Segment3	Concept
SegmentById	Concept
SegmentByName	Concept
SegmentContacts	Concept
SegmentDetails	Concept
SegmentUrl	Concept
Segmentation	Concept
SegmentedUser	Concept
Segments	Concept
Segments(paged)	Concept
SelectOptionId	Concept
SelectedResponse	Concept
SelectedTag	Concept
SelfAssessment	Concept
SelfMailer	Concept
SelfMailer(biFold,TriFold)	Concept
SelfMessage	Concept
SelfPullAdministration	Concept
SelfServiceFlowAction(ssfs)	Concept
Selfcheck	Concept
Sell	Concept
Seller	Concept
SellerContact	Concept
SellerLead	Concept
SellerLead(businessCard)	Concept
SellerLeadStatus	Concept
SellingProcess	Concept
SellingProcessSteps	Concept
Send	Concept
SendEmail	Concept
SendMessage	Concept
SendOffer	Concept
SendSchedule	Concept
SendStatus	Concept
SendType	Concept
SenderAddress	Concept
SenderById	Concept
SenderProperty	Concept
SendingEvent	Concept
Sends	Concept
SensorResponse	Concept
Sent	Concept
Sent1:1Invitation	Concept
SentApiMessage	Concept
SentDocument	Concept
SentFax	Concept
SentItem	Concept
SentMessage	Concept
SentPost	Concept
SentProposal	Concept
SentReminder	Concept
SentSms	Concept
SentimentAnalysis	Concept
SentimentalAnalysis	Concept
SentimentalAnalysisRequest	Concept
SeoContent	Concept
SeoProject	Concept
Sequence	Concept
SequenceAssigned	Concept
SequenceById	Concept
SequenceEmailSent	Concept
SequenceEnrollment	Concept
SequenceRunCreated	Concept
SequenceRunUpdated	Concept
SequenceSubscriber	Concept
SequenceSubscription	Concept
SequenceUnenrollment	Concept
Series	Concept
ServerEnvironment	Concept
ServerPayables	Concept
Service	Concept
Service(forDoers)	Concept
Service(legacy)	Concept
ServiceActivity	Concept
ServiceArea	Concept
ServiceBooking	Concept
ServiceByCode	Concept
ServiceById	Concept
ServiceCall	Concept
ServiceCase	Concept
ServiceCategories	Concept
ServiceCategory	Concept
ServiceCharge	Concept
ServiceCheckout	Concept
ServiceCreated	Concept
ServiceDepositMoment	Concept
ServiceDiscount	Concept
ServiceGroupById	Concept
ServiceInformation	Concept
ServiceInvoice	Concept
ServiceItemTemplate	Concept
ServiceItemsByName	Concept
ServiceJob	Concept
ServiceMessageRecipientOptions	Concept
ServiceMessages	Concept
ServiceOrder	Concept
ServiceOrderByUser	Concept
ServicePaymentMoment	Concept
ServicePurchased	Concept
ServiceQuote	Concept
ServiceRecord	Concept
ServiceRequest	Concept
ServiceRequestDetails	Concept
ServiceRequestTicket	Concept
ServiceSale	Concept
ServiceTag	Concept
ServiceTags	Concept
ServiceTax	Concept
ServiceTicket	Concept
ServiceTicketActivity	Concept
Servicerequest	Concept
Services	Concept
ServicesDetails	Concept
Session	Concept
Session(s)	Concept
SessionAdded	Concept
SessionCompletion	Concept
SessionCreated	Concept
SessionCreation	Concept
SessionData	Concept
SessionDetails	Concept
SessionEvent	Concept
SessionIsCreated	Concept
SessionMessage	Concept
SessionMessages	Concept
SessionReminder	Concept
Sessiondate	Concept
Sessions	Concept
SessionsOfABookmark	Concept
SetVariable	Concept
Setting	Concept
Settings	Concept
Settlement	Concept
SettlementByEventId	Concept
SeveralListItems	Concept
Severities	Concept
Severity	Concept
Share	Concept
ShareInvitation	Concept
ShareLink	Concept
ShareOfVoice	Concept
ShareUpdate	Concept
ShareableInterviewLink	Concept
ShareableLink	Concept
SharedAsALink	Concept
SharedAsANewsletter	Concept
SharedAsEmbed	Concept
SharedDrive	Concept
SharedEmail	Concept
SharedFile	Concept
SharedKey	Concept
SharedLink	Concept
SharedLinkOnFile	Concept
SharedLinkOnFolder	Concept
SharedLinks	Concept
SharedLiveVideoStream	Concept
SharedNote	Concept
SharedProject	Concept
SharedVideo	Concept
Sharereviewurls	Concept
Sharing	Concept
SharingInvitation	Concept
SharingLink	Concept
Sheet	Concept
SheetCell	Concept
SheetRow	Concept
Shift	Concept
ShiftsSummary	Concept
Shipment	Concept
ShipmentById	Concept
ShipmentCarrier	Concept
ShipmentCreated	Concept
ShipmentDetails	Concept
ShipmentDraft	Concept
ShipmentEta	Concept
ShipmentEvent	Concept
ShipmentMails	Concept
ShipmentQuote	Concept
ShipmentStatus	Concept
ShipmentTracking	Concept
Shipments	Concept
Shipment✔️	Concept
ShippedOrder	Concept
Shipping	Concept
ShippingAddress	Concept
ShippingCategory	Concept
ShippingCharges	Concept
ShippingCountries	Concept
ShippingLabel	Concept
ShippingOrder	Concept
ShippingProviderById	Concept
ShippingProviderByName	Concept
ShippingRates	Concept
ShippingTrackingInfoUpdate	Concept
ShippingTrackingInfoUpdated	Concept
ShippoCarrier	Concept
Shoot	Concept
Shop	Concept
ShopOrder	Concept
ShopifyOrder	Concept
ShopifyOrderDetails	Concept
ShoppingCartOrder	Concept
ShoppingListOrder	Concept
Shops	Concept
ShortCodeSms	Concept
ShortLink	Concept
ShortLinkDetails	Concept
ShortLinkTrigger	Concept
ShortUrl	Concept
ShortUrlCreated	Concept
Shortcut	Concept
ShortenedUrl	Concept
Shortlink	Concept
Shot	Concept
Shout	Concept
Shoutout	Concept
Shoutout&Q&aOrder	Concept
ShowDetails	Concept
ShowDetailsByEvent	Concept
ShowEpisodes	Concept
Showing	Concept
ShowingIsCreated	Concept
ShowingRequest	Concept
ShowingScheduled	Concept
ShuffllProject	Concept
SickLeaveEntry	Concept
SignIn	Concept
SignRequest	Concept
SignUp	Concept
SignUpCollected	Concept
SignUpNotification	Concept
SignUpNudge	Concept
Signal	Concept
SignalGenerated	Concept
Signals	Concept
Signatories	Concept
Signatory	Concept
Signature	Concept
SignatureCompleted	Concept
SignatureFolder	Concept
SignatureProject	Concept
SignatureProof	Concept
SignatureRequest	Concept
SignatureRequest(oneCall)	Concept
SignatureRequestCreated	Concept
SignatureRequestRejected	Concept
SignatureRequestSent	Concept
SignatureRequestSigned	Concept
SignatureRequestUpdate	Concept
SignatureRequestsCompleted	Concept
SignedContract	Concept
SignedDocument	Concept
SignedDocuments	Concept
SignedOffUser	Concept
Signee	Concept
Signer	Concept
SigningProcess	Concept
Signrequest	Concept
Signup	Concept
Signup(deprecating)	Concept
SimilarArtistsByEvent	Concept
SimilarCreators	Concept
SimpleBlackout	Concept
SimpleCall	Concept
SimpleInvoice	Concept
SimpleLead	Concept
SimpleProject	Concept
SimpleTask	Concept
SimplifiedCommunication	Concept
SimplifiedCreditNote	Concept
SimplifiedDebitNote	Concept
SimplifiedInvoice	Concept
SimplifiedPurchaseInvoice	Concept
SingeItem	Concept
Single/batchSms	Concept
SingleAccount	Concept
SingleAccountLedgerEntry	Concept
SingleAnalysis	Concept
SingleCategory	Concept
SingleChatAppMessage	Concept
SingleCredential	Concept
SingleCustomer	Concept
SingleDeliveryJob	Concept
SingleDiscount	Concept
SingleEmail	Concept
SingleEmailCheck	Concept
SingleEmailFinderResult	Concept
SingleEmployee	Concept
SingleExpense	Concept
SingleFreetextMessage	Concept
SingleIssue	Concept
SingleItem	Concept
SingleMail	Concept
SingleModifier	Concept
SingleNumberCampaign	Concept
SinglePaymentType	Concept
SinglePickupAndDeliveryTask	Concept
SinglePickupJob	Concept
SinglePosDevice	Concept
SingleProjectDetail	Concept
SingleReceipt	Concept
SingleRecording	Concept
SingleRender	Concept
SingleResults	Concept
SingleRow	Concept
SingleShift	Concept
SingleSms	Concept
SingleStore	Concept
SingleSupplier	Concept
SingleTask	Concept
SingleTax	Concept
SingleTeam	Concept
SingleTemplate	Concept
SingleTemplateMessage	Concept
SingleVariant	Concept
SingleVerification	Concept
SingleVideo	Concept
SipAccount	Concept
Sipuser	Concept
Site	Concept
Site(beta)	Concept
SiteAnnouncement	Concept
SiteByAutoId	Concept
SiteById	Concept
SiteByUniqueId	Concept
SiteContact	Concept
SiteCreated	Concept
SiteData	Concept
SiteDiary	Concept
SiteInformation	Concept
SiteListing	Concept
SiteMetrics	Concept
SiteNavItem	Concept
SitePage	Concept
SiteType	Concept
SiteUserSegment	Concept
SiteVisit	Concept
SiteWarnings	Concept
Sites	Concept
Skill	Concept
SkillAssignment	Concept
Skills	Concept
SkippedTask	Concept
Sku	Concept
Sku(withLineItemSupport)	Concept
SkuImport	Concept
SkuInventory	Concept
SkuPrice	Concept
SlaReport	Concept
SlackMessage	Concept
Slot	Concept
SlotFilled	Concept
Slots	Concept
Slyvoicemail®	Concept
SmartDocument	Concept
SmartEmail	Concept
SmartLink	Concept
SmartLinkCreated	Concept
SmartObject	Concept
SmartObject(s)	Concept
SmartObjectItem	Concept
SmartProductPurchase	Concept
SmartTerminalPaymentRequest	Concept
SmartTerminalStatusUpdate	Concept
SmartTransactionalEmail	Concept
SmartTransactionalSms	Concept
Smartdoc	Concept
Smartform	Concept
SmartformSubmitted	Concept
SmarttagDocument	Concept
Smiley	Concept
Sms	Concept
Sms(deprecated)	Concept
Sms(externalId)	Concept
Sms(genXAndUOnly)	Concept
Sms(textMessage)	Concept
Sms/MakeACall	Concept
Sms/MmsMessage	Concept
Sms/mms	Concept
Sms/mmsReceived	Concept
Sms/mmsSent	Concept
SmsAction	Concept
SmsActivity	Concept
SmsCampaign	Concept
SmsCampaignStartsSending	Concept
SmsContact	Concept
SmsConversation	Concept
SmsCoupon	Concept
SmsDetails	Concept
SmsDirect	Concept
SmsGateway	Concept
SmsGdpr	Concept
SmsHistory	Concept
SmsInfo	Concept
SmsInvite	Concept
SmsIsReceived	Concept
SmsIsSent	Concept
SmsMarketingCampaign	Concept
SmsMessage	Concept
SmsMessage(s)	Concept
SmsMessages	Concept
SmsNotification	Concept
SmsOptIn	Concept
SmsPrices	Concept
SmsPushCampaign	Concept
SmsReceived	Concept
SmsReceived(deprecated)	Concept
SmsReferralRequest	Concept
SmsRequest	Concept
SmsReviewInvite	Concept
SmsReviewRequest	Concept
SmsSent	Concept
SmsSent(deprecated)	Concept
SmsSubscriber	Concept
SmsSurvey	Concept
SmsTemplate	Concept
SmsText	Concept
SmsTextMessage	Concept
SmsToDo	Concept
SmsTransaction	Concept
SmsTransactional	Concept
SmsUsingSmsTemplates	Concept
SmsViaNobelSms	Concept
SmsVoiceHybrid	Concept
Sms_mms	Concept
Smsf	Concept
SmsfCreated	Concept
Smsfs	Concept
SnapPackMailer	Concept
SnapchatQrCode	Concept
Snapshot	Concept
SnapshotsByConversation	Concept
SnapshotsByProject	Concept
SneakerProduct	Concept
SneakerReleases	Concept
Snippet	Concept
Soa	Concept
SoaGrc	Concept
SocialAccount	Concept
SocialAccounts	Concept
SocialAccounts(byWorkspace)	Concept
SocialConversion	Concept
SocialEngagement	Concept
SocialMediaCaption	Concept
SocialMediaMessage	Concept
SocialMediaQrCode	Concept
SocialMessage	Concept
SocialPost	Concept
SocialPostCreated	Concept
SocialUnlockCreated	Concept
Socials	Concept
SoftCost	Concept
Software	Concept
SoftwareDetails	Concept
SoldByCategory	Concept
SoldByDepartment	Concept
SoldByTax	Concept
SoldProductOrService	Concept
SoldQuote	Concept
SoleTrader	Concept
SoleTraderCreated	Concept
SoleTraders	Concept
Solution	Concept
Solutions	Concept
Someone	Concept
Song	Concept
SotellusReview	Concept
Source	Concept
SourceNumbers	Concept
Sources	Concept
Space	Concept
SpaceActivity	Concept
SpaceBlockEvent	Concept
SpaceBySlug	Concept
SpaceCreated	Concept
SpaceCustomProperty	Concept
SpaceDownload	Concept
SpaceTag	Concept
SpaceTitle	Concept
Spaces	Concept
SpamComplaint	Concept
Spark	Concept
Sparkline	Concept
Speaker	Concept
Speakers	Concept
SpecialDetected	Concept
Specials	Concept
SpecificAccount	Concept
SpecificActionSignup	Concept
SpecificChargeItems	Concept
SpecificCustomSoftware	Concept
SpecificCustomSoftwareVersions	Concept
SpecificSpyderBrand	Concept
SpecificVideo	Concept
SpecifiedProfileField	Concept
Speech	Concept
Speed	Concept
Spend	Concept
SplitLink	Concept
Spoke	Concept
Spondyr	Concept
Sponsor	Concept
SponsorCreated	Concept
SportsNews	Concept
Spot	Concept
SpotCost	Concept
Spreadsheet	Concept
SpreadsheetById	Concept
SpreadsheetColumn	Concept
SpreadsheetResults	Concept
SpreadsheetRow	Concept
SpreadsheetRow(s)	Concept
SpreadsheetRow(teamDrive)	Concept
SpreadsheetRowAtTop	Concept
SpreadsheetRowImport	Concept
SpreadsheetRows(advanced)	Concept
Sprint	Concept
SprintColumns	Concept
SprintInformation	Concept
Sprints	Concept
SpyderBrandAds	Concept
SpyderBrands	Concept
SqueezeEmail	Concept
SshKey	Concept
SslTest	Concept
Staff	Concept
StaffCreated	Concept
StaffMember	Concept
StaffMemberByInfo	Concept
StaffProfileCreated	Concept
Staffs	Concept
Stage	Concept
StageOnAPipeline	Concept
Stages	Concept
StagesKeys	Concept
Stakeholder	Concept
StakeholderCreated	Concept
Stamp(s)	Concept
Stamp(s)ByCard	Concept
StampCard	Concept
StampEnrolment	Concept
StandardConnection	Concept
StandardRate	Concept
StandardRole	Concept
StandardWorkCategory	Concept
StarredArticle	Concept
StarredEmail	Concept
StarredTask	Concept
StartMoment	Concept
StartTimer	Concept
StartedProcess	Concept
StartedWidget	Concept
Starter	Concept
StartupApplication	Concept
Startups	Concept
Stat	Concept
StatValues	Concept
StateOfAnEvent	Concept
StateUpdated	Concept
Statement	Concept
Statements	Concept
States	Concept
StaticQrCode	Concept
Statistic	Concept
StatisticsInboundExport	Concept
StatisticsOrganizationsGroupExport	Concept
StatisticsProcessExport	Concept
StatisticsUserExport	Concept
StatisticsWorkflowExport	Concept
Stats	Concept
Status	Concept
Status(deprecated)	Concept
StatusChange	Concept
StatusChanged	Concept
StatusCode	Concept
StatusConversation	Concept
StatusIds	Concept
StatusOfASubscriber	Concept
StatusOfAirmeet	Concept
StatusOfBug	Concept
StatusOfUser	Concept
StatusUpdate	Concept
StatusUpdated	Concept
Statuses	Concept
StatusesATraining	Concept
Step	Concept
StepCompletion	Concept
StepContactCreated	Concept
StepContactUpdated	Concept
Stickers	Concept
Sticky	Concept
Stock	Concept
StockAdjustment	Concept
StockAge	Concept
StockAndUnitCostOfAProduct	Concept
StockBalance	Concept
StockChange	Concept
StockCount	Concept
StockItem	Concept
StockItemImport	Concept
StockLevels	Concept
StockLevelsOfSpecificProduct	Concept
StockLocation	Concept
StockMarketData	Concept
StockMovement	Concept
StockNotificationRequest	Concept
StockOnHand	Concept
StockPosition	Concept
StockPosition(s)	Concept
StockSerials	Concept
StockTransfer	Concept
StockTransferEvent	Concept
StockUpdate	Concept
Stocks	Concept
Stop	Concept
StopDetails	Concept
StopOrUpdateStop	Concept
StopTimer	Concept
StoppedProcess	Concept
StoppedTimer	Concept
Stops	Concept
StorageEvent	Concept
StorageFolderAssets	Concept
StorageLocation	Concept
Store	Concept
StoreByTitle	Concept
StoreCustomer	Concept
StoreDetails	Concept
StoreGroup	Concept
StoreLead	Concept
StoreLightningNodeUri	Concept
StoreOnChainWalletBalance	Concept
StoreOrder	Concept
StoreOrderReceived	Concept
StoreVariantPrice	Concept
StoredPaymentMethodById	Concept
StoredPaymentMethodCreated	Concept
StoredPaymentMethodsByClientName	Concept
Storefront	Concept
Stores	Concept
Stories	Concept
Storm	Concept
Story	Concept
StoryCard	Concept
StoryItem	Concept
Storyboard	Concept
StoryboardPreview	Concept
StorytellerVideo	Concept
StrategicInitiativeCreated	Concept
StrategicInitiatives	Concept
StrategicIntelligence	Concept
Stream	Concept
StreamCall	Concept
StreamEvent	Concept
StreamMessage	Concept
StreamPost	Concept
String	Concept
StripeCustomerEvent	Concept
StripeNotification	Concept
StripePaymentLink	Concept
StripePaymentReceived	Concept
Structure	Concept
StructureRun	Concept
StructureRun(asynchronous)	Concept
StructureTemplate	Concept
StructuresOfMission	Concept
Student	Concept
Student/Customer	Concept
Student/updateStudent	Concept
StudentAccount	Concept
StudentClassRegistration	Concept
StudentCreated	Concept
StudentCustomFieldValues	Concept
StudentCustomFields	Concept
StudentEnrolled	Concept
StudentEnrollment	Concept
StudentNote	Concept
StudentOutcome	Concept
StudentPurchase	Concept
StudentRecord	Concept
StudentRegistration	Concept
StudentStatus	Concept
StudentSubscription	Concept
Students	Concept
StudentsByBirthDate	Concept
StudentsByCreatedDate	Concept
StudentsByDateLastInactive	Concept
StudyItem	Concept
Styleguide	Concept
Styles	Concept
SubAsset	Concept
SubCalendar	Concept
SubCard	Concept
SubCategories	Concept
SubCategory	Concept
SubClient	Concept
SubContractor	Concept
SubDocs	Concept
SubJob	Concept
SubJobProject	Concept
SubPartner	Concept
SubPartnerLicenses	Concept
SubProject	Concept
SubTask	Concept
Subaccount	Concept
Subcategories	Concept
Subcontract	Concept
SubcontractInvoice	Concept
Subcontractor	Concept
SubcontractorPo	Concept
SubcontractorPoInvoice	Concept
SubcontractorPoInvoiceLineItem	Concept
SubcontractorPoInvoices	Concept
SubcontractorPoLineItem	Concept
Subcontrol	Concept
Subitem	Concept
SubitemOnBoard	Concept
SubitemValues	Concept
Subitems	Concept
Subject	Concept
Submission	Concept
Submission(formApp)	Concept
Submission(legacy)	Concept
Submission(v1)	Concept
Submission(withLineItems)	Concept
SubmissionCreated(viaWebhook)	Concept
SubmissionEntity	Concept
SubmissionStatus	Concept
Submissions	Concept
SubmitOrder	Concept
SubmitService	Concept
SubmitTimesheet	Concept
Submittal	Concept
SubmittalActivity	Concept
SubmittedForm	Concept
SubmittedTimer	Concept
Submitters	Concept
Subopportunity	Concept
Subproject	Concept
Subroject	Concept
Subscribe	Concept
SubscribedLaunch	Concept
Subscriber	Concept
Subscriber'sDetails	Concept
Subscriber'sList	Concept
Subscriber'sTag	Concept
Subscriber(deprecated)	Concept
Subscriber(directAdd)	Concept
Subscriber(optIn)	Concept
Subscriber(s)(rssFeed)	Concept
SubscriberAdded	Concept
SubscriberAddedOrExistingSubscriberUpdatedAfterDate	Concept
SubscriberAttribute	Concept
SubscriberAttributes	Concept
SubscriberByEmail	Concept
SubscriberByEvidence	Concept
SubscriberById	Concept
SubscriberByPhone	Concept
SubscriberContacts	Concept
SubscriberCreated	Concept
SubscriberData	Concept
SubscriberEmail	Concept
SubscriberEntryPoint	Concept
SubscriberField(byEmail)	Concept
SubscriberField(bySubscriberId)	Concept
SubscriberInformation	Concept
SubscriberList	Concept
SubscriberOpted	Concept
SubscriberPolling	Concept
SubscriberProfile	Concept
SubscriberRegisteredBySignUpForm	Concept
SubscriberStatus	Concept
SubscriberTag	Concept
SubscriberTag(byEmail)	Concept
SubscriberTag(bySubscriberId)	Concept
Subscribers	Concept
Subscribers(bulk)	Concept
Subscribers(paged)	Concept
SubscribersGroup	Concept
Subscription	Concept
Subscription(me)	Concept
SubscriptionBillable	Concept
SubscriptionById	Concept
SubscriptionCancelation	Concept
SubscriptionCanceled	Concept
SubscriptionCancellation	Concept
SubscriptionCancelled	Concept
SubscriptionChange	Concept
SubscriptionCharge	Concept
SubscriptionConfirmations	Concept
SubscriptionCreated	Concept
SubscriptionDowngraded	Concept
SubscriptionDowngrades	Concept
SubscriptionEligibility	Concept
SubscriptionEntry	Concept
SubscriptionEvent	Concept
SubscriptionInformation	Concept
SubscriptionInvoiceDetails	Concept
SubscriptionLine	Concept
SubscriptionListMessage	Concept
SubscriptionMember	Concept
SubscriptionNote	Concept
SubscriptionNotification	Concept
SubscriptionOrder	Concept
SubscriptionOrderCreatedOnAllProducts	Concept
SubscriptionPayment	Concept
SubscriptionPlan	Concept
SubscriptionPlans	Concept
SubscriptionPreregistration	Concept
SubscriptionPurchased	Concept
SubscriptionReactivation	Concept
SubscriptionState	Concept
SubscriptionStatus	Concept
SubscriptionTemplates	Concept
SubscriptionUpgrades	Concept
Subscriptions	Concept
SubscriptionsByClientId	Concept
SubscriptionsCreated	Concept
Subsector	Concept
Substatuses	Concept
Subsystems	Concept
Subtask	Concept
Subtitle	Concept
Subtitles	Concept
SubtitlesOrder	Concept
Subtopic	Concept
Subtype1	Concept
Subtype2	Concept
Subtype3	Concept
Subtype4	Concept
Subuser	Concept
SuccessfulCall	Concept
SuccessfulCollectionPaid	Concept
SuccessfulCollectionViaRespaid	Concept
SuccessfulInstallmentPaymentViaRespaid	Concept
SuccessfulMembershipPayment	Concept
SuccessfulOnlinePayment	Concept
SuccessfulPartialPayment	Concept
SuccessfulPartialPaymentViaRespaid	Concept
SuccessfulPayment	Concept
SuccessfulPurchase	Concept
SuccessfulSubscription	Concept
SuccessfullyPayment	Concept
SuggestedQuestions	Concept
Suggestion	Concept
Suggestions	Concept
SummariesOfAllCompetitors	Concept
Summary	Concept
SummaryAvailable	Concept
SummaryCreated	Concept
SummaryFormulaValues	Concept
SummaryHighlight	Concept
SummaryOfTicketHistory	Concept
SummaryOfWho'sOut	Concept
SummaryOfYourCompetitionMoves	Concept
SummaryPayments	Concept
SummarySales	Concept
SuperboltsClientSubscription	Concept
Superfund	Concept
SuperprofileFollower	Concept
SupplerDelivery	Concept
Supplier	Concept
Supplier(beta)	Concept
Supplier/UpdatedSupplier	Concept
SupplierApprovalStatus	Concept
SupplierByCode	Concept
SupplierById	Concept
SupplierByName	Concept
SupplierCreated	Concept
SupplierCredit	Concept
SupplierDelivery	Concept
SupplierInvoice	Concept
SupplierInvoice(beta)	Concept
SupplierInvoiceControls	Concept
SupplierInvoicesByPo	Concept
SupplierMetaStatus(pipeline/archived/live)	Concept
SupplierNotification	Concept
SupplierOrder	Concept
SupplierPo	Concept
SupplierPoInvoice	Concept
SupplierPoLine	Concept
SupplierPoLineItem	Concept
SupplierPrice	Concept
SupplierProduct	Concept
Suppliers	Concept
Support	Concept
SupportCase	Concept
SupportQueue	Concept
SupportRequest	Concept
SupportTicket	Concept
SupportTicketCreated	Concept
Supporter	Concept
Supporteur	Concept
SuppressedAudienceMember	Concept
SuppressedEmail	Concept
SurferAiArticle	Concept
SurferArticle'sContent	Concept
SurfiIntelligentAssistant	Concept
Survey	Concept
SurveyActivity	Concept
SurveyAnswer	Concept
SurveyCollected	Concept
SurveyCompleted	Concept
SurveyCompletion	Concept
SurveyCreated	Concept
SurveyEntry	Concept
SurveyInvitation	Concept
SurveyInvitationViaEmail	Concept
SurveyLead	Concept
SurveyMetrics	Concept
SurveyParticipant	Concept
SurveyQuotaReached	Concept
SurveyResponse	Concept
SurveyResponseGroup	Concept
SurveyResponseRecord	Concept
SurveyResponses	Concept
SurveyResult	Concept
SurveyViaEMail	Concept
SurveyViaEmail	Concept
SurveyViaSms	Concept
SurveyViaWhatsapp	Concept
Surveys	Concept
Suspect	Concept
SuspendedMembers	Concept
SuspendedTicket	Concept
SvnCommit	Concept
Swag	Concept
SwagCatalogItem	Concept
SwagCatalogItemCustomization	Concept
SwagCatalogItems	Concept
SwagShoppingCartItem	Concept
SwagShoppingCartItems	Concept
SwapPrice	Concept
Swimlane	Concept
SwipefileAds	Concept
SwissqrBill	Concept
SyncTextTranslation	Concept
SyncedFile	Concept
Synonyms	Concept
SystemDetails	Concept
Systems	Concept
Table	Concept
TableBooking	Concept
TableById	Concept
TableData	Concept
TableFieldProcessed	Concept
TableProcessed	Concept
TableRaw	Concept
TableRow	Concept
TableRows	Concept
Tables	Concept
Tag	Concept
Tag(s)	Concept
Tag/CustomField	Concept
TagActivity	Concept
TagAdded	Concept
TagApplied	Concept
TagAssigned	Concept
TagAttached	Concept
TagById	Concept
TagByName	Concept
TagCreated	Concept
TagEvent	Concept
TagListAndTag	Concept
TagOnAUser	Concept
TagOnContact	Concept
TagOnConversation	Concept
TagOnUser	Concept
TagOption	Concept
TagRemoved	Concept
TagTypes	Concept
TagUser	Concept
TaggedAccount	Concept
TaggedArticle	Concept
TaggedContact	Concept
TaggedContact(beta)	Concept
TaggedContacts	Concept
TaggedEmail	Concept
TaggedFile	Concept
TaggedItem	Concept
TaggedMedia	Concept
TaggedMember	Concept
TaggedPost	Concept
TaggedResource	Concept
TaggedSubscriber	Concept
TaggedUser	Concept
Tags	Concept
TagsAdded	Concept
TagsByContactId	Concept
TagsByEmail	Concept
TagsByPhoneNumber	Concept
TagsUpdated	Concept
Tale	Concept
Talent	Concept
TalentPipelineCandidate	Concept
TalentPool	Concept
TalentSignal	Concept
Talents	Concept
TalentsByExternalIds	Concept
Talk	Concept
TalkAttendee	Concept
TalkingAvatar	Concept
TalkingAvatarResult	Concept
TalkingPoint	Concept
TamperEvent	Concept
Tap	Concept
Tapper	Concept
Target	Concept
TargetAccount	Concept
TargetAccountVisit	Concept
TargetAudienceStatus	Concept
TargetStrategiesAReviewProcess	Concept
TariffByCode	Concept
Tariffs	Concept
Task	Concept
Task'externalReviewAssets'	Concept
Task'reviewAssets'	Concept
Task'sAssignees	Concept
Task'sCollaborators	Concept
Task'sIssue	Concept
Task'sMeeting	Concept
Task'sRisk	Concept
Task'sSection	Concept
Task'uploadAssets'	Concept
Task'uploadReferenceDocuments'	Concept
Task(allTasks)	Concept
Task(byClient)	Concept
Task(deprecated)	Concept
Task(manualPush)	Concept
Task(s)	Concept
Task(templateUse)	Concept
Task(v2)	Concept
Task/WorkOrder	Concept
Task/reminder	Concept
Task/ticket	Concept
Task/todo	Concept
TaskActionStatus	Concept
TaskActions	Concept
TaskActivity	Concept
TaskActivityActivityInterval	Concept
TaskActivityInterval	Concept
TaskAdded	Concept
TaskAddedGiven	Concept
TaskAddedLegacy	Concept
TaskAssigned	Concept
TaskAssignee	Concept
TaskAttachedFile	Concept
TaskAttachment	Concept
TaskAttachmentsByTaskId	Concept
TaskBoard	Concept
TaskByCustomField	Concept
TaskByExternalId	Concept
TaskByGuid	Concept
TaskById	Concept
TaskByInsight	Concept
TaskByKey	Concept
TaskByName	Concept
TaskCard	Concept
TaskCategories	Concept
TaskCategory	Concept
TaskCategoryById	Concept
TaskChecked	Concept
TaskComment	Concept
TaskCommentById	Concept
TaskComments	Concept
TaskCompleted	Concept
TaskCompletion	Concept
TaskCreated	Concept
TaskDetailById	Concept
TaskDetailWhenCompleted	Concept
TaskDetails	Concept
TaskEvent	Concept
TaskField	Concept
TaskFieldValue	Concept
TaskFieldValues	Concept
TaskFields	Concept
TaskGroup	Concept
TaskGroups	Concept
TaskInfo	Concept
TaskInformation	Concept
TaskLabel	Concept
TaskList	Concept
TaskMessage	Concept
TaskNote	Concept
TaskOnLead	Concept
TaskOnStoryCard	Concept
TaskOrEvent	Concept
TaskOrProject	Concept
TaskOrProof	Concept
TaskOrganization(adicionarTarefaOrganização)	Concept
TaskOwnership	Concept
TaskPerson(adicionarTarefaPessoa)	Concept
TaskPinned	Concept
TaskPriorities	Concept
TaskPriority	Concept
TaskProject	Concept
TaskProperties	Concept
TaskRelation	Concept
TaskRelations	Concept
TaskRequest	Concept
TaskResponseOnAnyOwnedTrip	Concept
TaskResponseOnSingleTrip	Concept
TaskSet	Concept
TaskStatus	Concept
TaskStatusChangedTo...	Concept
TaskStatuses	Concept
TaskStatuses(columns)	Concept
TaskSubcategory	Concept
TaskTag	Concept
TaskTemplate	Concept
TaskTemplates	Concept
TaskTimeEntry	Concept
TaskTypes	Concept
TaskUnderAProject	Concept
TaskUpdate	Concept
Taskid	Concept
Tasks	Concept
Tasks(advancedSearch)	Concept
TasksByDossierIds	Concept
TasksByExternalIds	Concept
TasksById	Concept
TasksByList	Concept
TasksByWorkspace	Concept
TasksList	Concept
TasksState	Concept
Tasktype	Concept
Tax	Concept
TaxById	Concept
TaxByName	Concept
TaxCategories(grouped)	Concept
TaxCategoryAssignment	Concept
TaxCode	Concept
TaxProfile	Concept
TaxRate	Concept
TaxRates	Concept
Taxes	Concept
TaxesSummary	Concept
Taxonomy	Concept
TaxonomyDocument	Concept
TaxonomyElement	Concept
TaxonomyElementById	Concept
TaxonomyElementDocuments	Concept
Taxprofile	Concept
Teacher	Concept
TeacherRecord	Concept
TeacherRecords	Concept
Team	Concept
Team(atualizarTime)	Concept
TeamAdded	Concept
TeamBooking	Concept
TeamById	Concept
TeamByName	Concept
TeamByTeamLeaderId	Concept
TeamChatMessage	Concept
TeamContact	Concept
TeamContactNote	Concept
TeamCreated	Concept
TeamCustomEmoji	Concept
TeamDetails	Concept
TeamExternalSystemId	Concept
TeamFolder	Concept
TeamHoliday	Concept
TeamInformation	Concept
TeamInvitation	Concept
TeamIteration	Concept
TeamMeeting	Concept
TeamMeetings	Concept
TeamMember	Concept
TeamMemberByEmail	Concept
TeamMemberById	Concept
TeamMemberCreated	Concept
TeamMemberDetails	Concept
TeamMemberWorkStatus	Concept
TeamMembers	Concept
TeamNote	Concept
TeamNotes	Concept
TeamPage	Concept
TeamPlayer	Concept
TeamRoomMessage	Concept
TeamSettings	Concept
TeamTask	Concept
TeamUser	Concept
Teams	Concept
TeamsReport	Concept
Tech	Concept
Technician	Concept
TechnicianCommentCreated	Concept
TechnicianOrDispatcher	Concept
Technology	Concept
TechnologyAlert	Concept
TelegramMessage	Concept
TelegramQrCode	Concept
Telephone	Concept
TellephantContact	Concept
Template	Concept
Template(forTestingPurpose)	Concept
TemplateByExternalId	Concept
TemplateCreated	Concept
TemplateData	Concept
TemplateDocuments	Concept
TemplateEmail	Concept
TemplateIds	Concept
TemplateLink	Concept
TemplateLinkByTitle	Concept
TemplateList	Concept
TemplateMail	Concept
TemplateMessage	Concept
TemplateMessages	Concept
TemplateModifications	Concept
TemplateOutput	Concept
TemplatePost	Concept
TemplateResponse	Concept
TemplateSet	Concept
TemplateSms	Concept
TemplateSuitesCategories	Concept
TemplateWhatsappMessage	Concept
TemplatedMessage	Concept
Templates	Concept
TemplatetypeMessage	Concept
TemporaryInvoice(notSaved	Concept
Tenancy	Concept
Tenant	Concept
Tenant'sClient	Concept
Tenant'sInvoice	Concept
Tenant'sInvoiceWithoutGst	Concept
TenantIsCreated	Concept
TenantOrProspect	Concept
TenantTicket	Concept
TentativeBooking	Concept
TermSheet	Concept
Terminal	Concept
Termination	Concept
Terms	Concept
Territory	Concept
TerritoryId	Concept
Test	Concept
TestEvent	Concept
TestProfile	Concept
TestResult	Concept
TestResults	Concept
TestRunResult	Concept
TestSale	Concept
TestSms	Concept
TestStatus	Concept
Testimonial	Concept
TestimonialCreated	Concept
TestimonialImage	Concept
TestimonialRequestEmail	Concept
TestimonialSubmission	Concept
TestimonialUnlocked	Concept
Tests	Concept
TexmlApplications	Concept
Text	Concept
Text(sms/push)Message	Concept
TextAsDataSource	Concept
TextBlobIntoDataSource	Concept
TextCard	Concept
TextContent	Concept
TextData	Concept
TextDetails	Concept
TextDirectly	Concept
TextDocument	Concept
TextEntities	Concept
TextEntry	Concept
TextExtraction	Concept
TextFeedback	Concept
TextFile	Concept
TextItem	Concept
TextLater	Concept
TextMemo	Concept
TextMessage	Concept
TextMessageReceived	Concept
TextMessageRecord	Concept
TextMessageSent	Concept
TextMessageUsingTemplate	Concept
TextMessages	Concept
TextNotification	Concept
TextObject	Concept
TextOfUrl	Concept
TextOnlyWhatsappMessage	Concept
TextPost	Concept
TextQrCode	Concept
TextReviewInvitation	Concept
TextSms	Concept
TextTemplateMessage	Concept
TextTile	Concept
TextToSound	Concept
TextToSpeech	Concept
TextToSpeechVoiceCall	Concept
TextTranslation	Concept
TextTranslationRequest	Concept
TextWatermark	Concept
Textbox(html)	Concept
Textbox(text)	Concept
TextchatMessage	Concept
TheAgreementStatus	Concept
TheBackgroundOfAnImage	Concept
TheChannelsOfAMicrosoftTeamsTeam	Concept
TheConversations	Concept
TheCountryNameByTwoLetterCode	Concept
TheCurrentAirQuality	Concept
TheDepositAddress	Concept
TheFormAssignments	Concept
TheInventoryQuantity	Concept
TheLanguageOfAText	Concept
TheLatestReply	Concept
TheLead	Concept
TheLeads	Concept
TheMoodOfAText	Concept
TheMostRecentTask	Concept
TheNameAndEmail	Concept
TheNewGroup	Concept
TheNewUser	Concept
ThePdfPageCount	Concept
TheSigningUrl	Concept
TheStandardAndCustomFieldsOfAContact	Concept
TheStatusOfACase	Concept
TheTasks	Concept
TheWeb	Concept
Theme	Concept
ThemeActivated	Concept
ThemeInstalled	Concept
ThemeItems	Concept
ThemeUpdateAvailable	Concept
ThemeUpdated	Concept
Thing	Concept
ThirdParty	Concept
ThirdPartyCost	Concept
Thoughts	Concept
Thread	Concept
ThreadAdded	Concept
ThreadById	Concept
Threads	Concept
Threat/vulnerability	Concept
ThreatsAndVulnerabilities	Concept
Ticket	Concept
Ticket(includesTimedEntryEvents)	Concept
Ticket(s)	Concept
Ticket/SendReply	Concept
TicketAction	Concept
TicketActivity	Concept
TicketAgents	Concept
TicketAssignee	Concept
TicketByExternalReferenceId	Concept
TicketById	Concept
TicketByIdOfOrderById	Concept
TicketByOrderNumber	Concept
TicketByQuery	Concept
TicketByTicketNumber	Concept
TicketByUserDefinedField	Concept
TicketChange	Concept
TicketCheckIn	Concept
TicketClass	Concept
TicketComment	Concept
TicketComments	Concept
TicketConfiguration	Concept
TicketCreated	Concept
TicketCreated.	Concept
TicketDetail	Concept
TicketDetailsByEvent&TicketId	Concept
TicketDueDate	Concept
TicketEvent	Concept
TicketGroup	Concept
TicketInfo	Concept
TicketInvoice	Concept
TicketInvoices	Concept
TicketIssued	Concept
TicketIssuedAllEvents	Concept
TicketIssuedSingleEvent	Concept
TicketMessage	Concept
TicketNote	Concept
TicketNoteById	Concept
TicketNotes	Concept
TicketOrder	Concept
TicketPayment	Concept
TicketPresets	Concept
TicketPriority	Concept
TicketPropertyChange	Concept
TicketPurchase	Concept
TicketPurchaseTrigger	Concept
TicketReply	Concept
TicketSaleAtEvent	Concept
TicketSaleAtVenue	Concept
TicketSales	Concept
TicketStatus	Concept
TicketSubject	Concept
TicketTags	Concept
TicketTemplate	Concept
TicketTimeLog	Concept
TicketTimer	Concept
TicketTimerEntry	Concept
TicketType	Concept
TicketTypesByEvent	Concept
TicketUpdated	Concept
Tickets	Concept
TicketsAndRsvps	Concept
TicketsOfOrderById	Concept
TierAccountRequest	Concept
TierConfigurationRequest	Concept
TiktokPost	Concept
TiktokProfileReport	Concept
TiktokQrCode	Concept
TiktokReport	Concept
Tile	Concept
TileClaimed	Concept
TilePublished	Concept
TileTagged	Concept
Time	Concept
TimeActivity	Concept
TimeCard	Concept
TimeClock	Concept
TimeClockEntry	Concept
TimeClockReport	Concept
TimeEntries	Concept
TimeEntries(detailedReports)	Concept
TimeEntries(summaryReports)	Concept
TimeEntry	Concept
TimeEntry(activity)	Concept
TimeEntry(start&EndTimes)	Concept
TimeEntry(useByAdminOnly)	Concept
TimeEntryLog(multiple)	Concept
TimeEntryLog(single)	Concept
TimeEntryOnProject	Concept
TimeEntryOnTask	Concept
TimeEntryStarted	Concept
TimeEvent	Concept
TimeLog	Concept
TimeLogById	Concept
TimeLogWithoutStartTime	Concept
TimeLogs	Concept
TimeOff	Concept
TimeOffEntries	Concept
TimeOffEntry	Concept
TimeOffEntry(useByAdminOnly)	Concept
TimeOffEvent	Concept
TimeOffInformation	Concept
TimeOffRequest	Concept
TimeOffRequests	Concept
TimePeriodDetails	Concept
TimeRecord	Concept
TimeRegistration	Concept
TimeReport	Concept
TimeReports	Concept
TimeSeries	Concept
TimeTotalsByCostCode	Concept
TimeTotalsByEmployee	Concept
TimeTotalsByEquipment	Concept
TimeTotalsByProject	Concept
TimeTracking	Concept
TimeTrackings	Concept
TimeType	Concept
TimeWorked	Concept
Timeblock	Concept
Timecard	Concept
Timeclock	Concept
Timecode	Concept
Timecodes	Concept
TimedSubscriberAdded	Concept
Timeentry	Concept
TimeentryRecord	Concept
TimelineEntry	Concept
TimelineEvent	Concept
TimelineItem	Concept
TimelineMilestoneCreated	Concept
TimelineNote	Concept
TimelineNotes	Concept
TimelinePosts	Concept
Timelog	Concept
Timeoff	Concept
TimeoffRequest	Concept
TimeoffType	Concept
Timer	Concept
TimerStarted	Concept
TimerStartedAndRunning	Concept
TimerStatus	Concept
TimerTargetDate	Concept
Times	Concept
TimesExcelReport	Concept
Timesheet	Concept
Timesheet(actual)	Concept
TimesheetApproved	Concept
TimesheetClockEntries	Concept
TimesheetCreated	Concept
TimesheetEntries	Concept
TimesheetEntry	Concept
TimesheetEntryCreated	Concept
TimesheetGroup	Concept
TimesheetRow	Concept
Timesheets	Concept
TimesheetsRaw	Concept
TimesheetsReportAsACsv	Concept
TimesheetsSummary	Concept
Timeslip	Concept
Timestamp	Concept
TimestampIsReady	Concept
Timezones	Concept
Title	Concept
TitleDocument	Concept
ToAFeed	Concept
ToAFinancialObjective	Concept
ToANewRecipient	Concept
ToANewRecipientMultipleProducts	Concept
ToAllowList	Concept
ToApiEntry	Concept
ToAppsheet	Concept
ToAutomation	Concept
ToBase	Concept
ToBlacklist	Concept
ToBlockList	Concept
ToBlocklist	Concept
ToBoard	Concept
ToBookshelfAccessList	Concept
ToBulkSendList	Concept
ToCadence	Concept
ToCallQueue	Concept
ToCampaign	Concept
ToCart	Concept
ToClientGroup	Concept
ToConnector	Concept
ToContact	Concept
ToContactBlacklist	Concept
ToContactList	Concept
ToContentLibrary	Concept
ToCustomList	Concept
ToDataSource	Concept
ToDnt	Concept
ToDo	Concept
ToDoCompletion	Concept
ToDoList	Concept
ToDoPlan	Concept
ToDoStatus	Concept
ToDomainBlacklist	Concept
ToDosByTeam	Concept
ToDosByUser	Concept
ToDosRequested	Concept
ToEmailCampaign	Concept
ToExistingRecipient	Concept
ToFeed	Concept
ToFlipbookAccessList	Concept
ToGraveyard	Concept
ToGroup	Concept
ToHotlist	Concept
ToList	Concept
ToMailingList	Concept
ToMetricObjective	Concept
ToMySuggestedSessions	Concept
ToNearestNeighborCampaign	Concept
ToNetwork(limitedMembersOnly)	Concept
ToNewMembers	Concept
ToOtowaCampaign	Concept
ToPowerlist	Concept
ToPromotion	Concept
ToQueue	Concept
ToSalesDialerCampaign	Concept
ToSpace(s)(fullMembersOnly)	Concept
ToSuppressionList	Concept
ToTicketStatusOrAction	Concept
ToTimeline	Concept
ToUnsubscribeGroup	Concept
ToUnsubscribers	Concept
ToUserGroup	Concept
ToVault	Concept
ToWaApiCampaign	Concept
ToWaPersonalCampaign	Concept
ToWaitListRequest	Concept
ToWorkspace	Concept
Toast	Concept
Today'sReferrals	Concept
TodayTasks	Concept
Todo	Concept
Todo/note	Concept
TodoEvent	Concept
TodoItem	Concept
TodoList	Concept
TodoTask	Concept
Token	Concept
TokenBalance	Concept
TokenMetadata	Concept
TokenSupply	Concept
Tokens	Concept
TokensByAddress	Concept
Tomorrow'sForecast	Concept
Tool	Concept
ToolCostSetting	Concept
ToolData	Concept
ToolFinding	Concept
ToolResult	Concept
ToolTarget	Concept
Top10Members	Concept
TopTrack	Concept
TopTracks	Concept
Topic	Concept
TopicByModeratorTag	Concept
TopicDistribution	Concept
TopicExtraction	Concept
TopicLike	Concept
TopicList	Concept
Topics	Concept
TopupsOrders	Concept
TotalGivingPage	Concept
TotalPercentageWatched	Concept
TotalsAndStatsReport	Concept
Touchpoint	Concept
TouchpointByDonorId	Concept
TouchpointById	Concept
Touchpoints	Concept
Tour	Concept
Tour(withTemporaryTourId)	Concept
TourCreated	Concept
TourSurvey	Concept
Track	Concept
Track'sAudioFeatures	Concept
TrackAdded	Concept
TrackByArtist	Concept
TrackEvent	Concept
TrackILike	Concept
TrackItem	Concept
TrackTime	Concept
TrackTimeViaATimer	Concept
Trackable	Concept
TrackableById	Concept
TrackableLink	Concept
TrackableLinkEvent	Concept
TrackableLinkStatistics	Concept
TrackableQrCode	Concept
TrackedChanges	Concept
TrackedConcert	Concept
TrackedEvent	Concept
TrackedProduct	Concept
Tracker	Concept
TrackerCostSetting	Concept
TrackerData	Concept
Trackers	Concept
Tracking	Concept
TrackingCheckIn	Concept
TrackingEvent	Concept
TrackingInfo	Concept
TrackingLink	Concept
TrackingLink/deepLink	Concept
TrackingLinkClick	Concept
TrackingPageLink	Concept
TrackingStage	Concept
TrackingStatus	Concept
TrackingUpdate	Concept
TrackingUrls	Concept
TrackingWaiverRequest	Concept
TrackingWaiverRequest(deprecated)	Concept
Tracks	Concept
TradeTypes(newAction)	Concept
TraditionalActionPlan	Concept
Trainee	Concept
TraineeJoins	Concept
TraineeRegisters	Concept
TraineesListReport	Concept
Trainer	Concept
Training	Concept
TrainingContainer	Concept
TrainingDetails	Concept
TrainingRegistrant	Concept
TrainingSession	Concept
Transaction	Concept
Transaction(legacy)	Concept
Transaction(lineItems)	Concept
Transaction(nonRecurring)	Concept
Transaction(payments,Refunds,Credits)	Concept
Transaction(payouts,DepositsAndConversions)	Concept
Transaction(testnet)	Concept
Transaction/Payment	Concept
TransactionAssignment	Concept
TransactionById	Concept
TransactionByName	Concept
TransactionByQuery	Concept
TransactionByTransactionNumber	Concept
TransactionCommissions	Concept
TransactionConfirmed	Concept
TransactionCreated	Concept
TransactionDataById	Concept
TransactionDates	Concept
TransactionDeclined	Concept
TransactionDocument	Concept
TransactionDraft	Concept
TransactionEarnestMoney	Concept
TransactionEmail	Concept
TransactionEvent	Concept
TransactionFinancials	Concept
TransactionInformation	Concept
TransactionInsertedIntoProjectEventListener	Concept
TransactionLead	Concept
TransactionLine(s)	Concept
TransactionNote	Concept
TransactionNoteById	Concept
TransactionNotes	Concept
TransactionOnMonitoredCard	Concept
TransactionPayment	Concept
TransactionPeople	Concept
TransactionProcessed	Concept
TransactionProperty	Concept
TransactionReceipt	Concept
TransactionReceiptEmail	Concept
TransactionSuccess	Concept
TransactionTickets	Concept
Transactional/automatedEmail	Concept
TransactionalCampaign	Concept
TransactionalEmail	Concept
TransactionalEmailOrSms	Concept
TransactionalInAppCampaigns	Concept
TransactionalMail	Concept
TransactionalMessage	Concept
TransactionalSms	Concept
Transactions	Concept
TranscodeStatus	Concept
Transcript	Concept
Transcript/call	Concept
TranscriptAvailable	Concept
TranscriptOfClips	Concept
TranscriptOfProject	Concept
TranscriptParagraphs	Concept
TranscriptReady	Concept
TranscriptRedactedAudioResult	Concept
TranscriptSentences	Concept
TranscriptSubtitles	Concept
Transcription	Concept
Transcription(callback)	Concept
Transcription(plainText)	Concept
TranscriptionCreated	Concept
TranscriptionJob	Concept
TranscriptionOrder	Concept
TranscriptionReady	Concept
Transcriptions	Concept
Transcripts	Concept
Transfer	Concept
TransferCallAction	Concept
TransferOrder	Concept
TransferReceived	Concept
TransferSent	Concept
TranslatedContent	Concept
Translation	Concept
TranslationOrder	Concept
Translations	Concept
Transobject(aprv,ack,fileReq,form,pdfFom,toDo,timeBk)	Concept
TransobjectDeprecated	Concept
TransportOrder	Concept
TravelHistory	Concept
TrendReport	Concept
TrendSearch	Concept
TrendingTrack	Concept
Trial	Concept
TrialActivation	Concept
TrialUser	Concept
TribeContact	Concept
Trigger	Concept
TriggerEvent	Concept
TriggerLinkClick	Concept
TriggerOfExportPlugin	Concept
TriggerOf“exportViaZapier”Plugin	Concept
TriggerVisit	Concept
TriggeredEmail	Concept
TriggeredSms	Concept
TriggeredTelegramMessage	Concept
TriggeredViberMessage	Concept
TriggeredWebPush	Concept
TriggeredWebjobRun	Concept
TrintAsCsvFile	Concept
Trip	Concept
TripData	Concept
TripEvent	Concept
TripMetrics	Concept
TripStage	Concept
Trips	Concept
TripsByEquipmentId	Concept
Trust	Concept
TrustCenterRequest	Concept
TrustCenterRequests	Concept
TrustCreated	Concept
TrustedContact	Concept
Trusts	Concept
TtsCall	Concept
TtsLink	Concept
TurnstileContact	Concept
Turtle	Concept
Tweet	Concept
TweetScreenshot	Concept
TwitterAccountBasedPreCallBrief	Concept
TwitterQrCode	Concept
TwitterUser	Concept
TwoLetterIsoCode	Concept
TwoWayCall	Concept
Type	Concept
TypeData	Concept
TypeLeads	Concept
TypeOfService	Concept
TypesOfService	Concept
TypicalResponse	Concept
Typifications	Concept
TypingIndicator	Concept
U.s.RaceEthnicity	Concept
UgcCampaign	Concept
UltraTranscripts	Concept
UnAcceptTimesheet	Concept
UnSubmitTimesheet	Concept
UnassignedLead	Concept
UnassignedTicket	Concept
UnattendedDeviceDisplayName	Concept
Unavailability	Concept
UnavailabilitySlot	Concept
UnavailabilityType	Concept
UnbirdEntry	Concept
UncollectibleInvoice	Concept
UndeliveredMessage	Concept
Unenrollment	Concept
UnexpiredLongTermNumber	Concept
UnfinishedOrder	Concept
UnfinishedOrder(xCart5.4)	Concept
Unfollow	Concept
UnformattedNote	Concept
UniqueDonationSuccess	Concept
UniqueDownloadLink	Concept
UniqueLeadCreated	Concept
UniqueMessage	Concept
UniqueTestlink	Concept
Unit	Concept
Unit/space	Concept
UnitEnrolment	Concept
UnitGuest	Concept
UnitListings	Concept
UnitOfMeasure	Concept
UnitOfMeasureById	Concept
UnitPermission	Concept
UnitProperties	Concept
UnlockSchedule	Concept
UnlockedCandidates	Concept
UnpaidBooking	Concept
UnqualifiedConversation	Concept
UnqualifiedLead	Concept
UnscheduledItem	Concept
Unsubscribe	Concept
UnsubscribeEvent	Concept
UnsubscribedContact	Concept
UnsubscribedEmail	Concept
Unsubscriber	Concept
Unsubscribers	Concept
Unsubscribes	Concept
Unsubscription	Concept
UntimedEmployees	Concept
Unubscriber	Concept
UnusedGroups	Concept
UnusedTours	Concept
Uoms(initsOfMeasure)	Concept
UpAlert	Concept
UpcomingClassBooking	Concept
UpcomingConcert	Concept
UpcomingEvent	Concept
UpcomingMeeting	Concept
UpcomingMeetingDetails	Concept
UpcomingPersonalBooking	Concept
UpcomingWebinar	Concept
Update	Concept
UpdateAdded	Concept
UpdateOnItemOnContactSection	Concept
UpdatePosted	Concept
UpdateStatus	Concept
UpdateTierConfigRequest	Concept
UpdateTierConfigRequest(withLineItemsSupport)	Concept
UpdateUniqueLead	Concept
Update_booking	Concept
Updated	Concept
UpdatedAppointment	Concept
UpdatedCalendar	Concept
UpdatedContacts	Concept
UpdatedCustomer	Concept
UpdatedDocument	Concept
UpdatedEmployee(includeCustomFieldsChanges)	Concept
UpdatedEstimate	Concept
UpdatedLeadData	Concept
UpdatedMetadata	Concept
UpdatedOrder	Concept
UpdatedProduct	Concept
UpdatedRecords	Concept
UpdatedTag	Concept
UpdatedTask	Concept
UpdatedTicket	Concept
UpgradedSnapshotLeads	Concept
Upload	Concept
UploadLocations	Concept
UploadTransaction	Concept
UploadUrls	Concept
UploadedAsset	Concept
UploadedFile	Concept
UploadedPhotos	Concept
UploadedResource	Concept
Uploads	Concept
Upsell	Concept
UpsellsOfProductById	Concept
UptimeTest	Concept
Upvote	Concept
UrgentConversation	Concept
Url	Concept
UrlAnalytics	Concept
UrlAsDataSource	Concept
UrlAsRefdoc	Concept
UrlBookmarked	Concept
UrlResource	Concept
UsEntry	Concept
Usage	Concept
UsageOverview	Concept
UsageQuantity	Concept
UsageRecord	Concept
UsageReport	Concept
UsageStatus	Concept
User	Concept
User'sStatus	Concept
User'sTags	Concept
User(legacy)	Concept
User(polling)	Concept
User(s)	Concept
User(s)OnRotation	Concept
User(scim)	Concept
User(self)	Concept
User(teamMember)	Concept
User,ThenEnroll	Concept
User/contact	Concept
User/customer	Concept
User/employee	Concept
UserAccessibleBoards	Concept
UserAccountCharge	Concept
UserAccountCredit	Concept
UserAccounts	Concept
UserAction	Concept
UserActivities	Concept
UserAdded	Concept
UserAnalyticsCashFlowData	Concept
UserApplicationStatus	Concept
UserAsCollaborator	Concept
UserAssignment	Concept
UserAttendance	Concept
UserBasicInfo	Concept
UserBillingSubscriptions	Concept
UserBoards	Concept
UserBooking	Concept
UserBookings	Concept
UserByAnonymousId	Concept
UserByCustomField	Concept
UserByDisplayName	Concept
UserByEMail	Concept
UserByEmail	Concept
UserByEmailAddress	Concept
UserByEmailOrId	Concept
UserByEndUserId	Concept
UserByExternalId	Concept
UserByField	Concept
UserByFullName	Concept
UserById	Concept
UserByMail	Concept
UserByMemberid	Concept
UserByName	Concept
UserByNameOrEmail	Concept
UserByPhoneNumber	Concept
UserBySlug	Concept
UserByUserId	Concept
UserByUserName	Concept
UserByUsername	Concept
UserChecklistProgress	Concept
UserCompetency	Concept
UserConversations	Concept
UserCreated	Concept
UserCreation	Concept
UserCustomField	Concept
UserCustomSettings	Concept
UserData	Concept
UserDetails	Concept
UserDocumentSecurity	Concept
UserDomains	Concept
UserEmail	Concept
UserEnrollment	Concept
UserEvent	Concept
UserEventAttendance	Concept
UserExpenses	Concept
UserGroup	Concept
UserGroups	Concept
UserId	Concept
UserIdByEmail	Concept
UserInduction	Concept
UserInfo	Concept
UserInformation	Concept
UserInput	Concept
UserInvestments	Concept
UserInvitation	Concept
UserInvited	Concept
UserIsAdded	Concept
UserIsSignedUp	Concept
UserJoined	Concept
UserKpiActivity	Concept
UserList	Concept
UserLogin	Concept
UserMarketingPreferences	Concept
UserMembership	Concept
UserMessage	Concept
UserMetadata	Concept
UserNomlBudget	Concept
UserNoolBudget	Concept
UserNote	Concept
UserNotifications	Concept
UserOnCall	Concept
UserPerformanceData	Concept
UserPermissions	Concept
UserPlayGateEvent	Concept
UserPreAuthorization	Concept
UserProfile	Concept
UserProfilePicture	Concept
UserQuestion	Concept
UserReceipts	Concept
UserRecord	Concept
UserRegistered	Concept
UserRegistration	Concept
UserRegistrationFreeChallenge	Concept
UserRegistrationPaidChallenge	Concept
UserReply	Concept
UserReportsList	Concept
UserRequests	Concept
UserResetPasswordEmail	Concept
UserRole	Concept
UserRoles	Concept
UserRsvp	Concept
UserSegment	Concept
UserSegmentCreated	Concept
UserSetting	Concept
UserSettings	Concept
UserSignin	Concept
UserSignsUp	Concept
UserSignup	Concept
UserSkills	Concept
UserStatus	Concept
UserStories	Concept
UserStory	Concept
UserSubscription	Concept
UserSupportRequest	Concept
UserTag	Concept
UserTags	Concept
UserTask	Concept
UserTeams	Concept
UserTemplate	Concept
UserTextMessage	Concept
UserTimeLogged	Concept
UserTimeOffBalance	Concept
UserTraits	Concept
UserUsage	Concept
UserV2	Concept
UserVideoEvent	Concept
Userattendsevent	Concept
Userchat	Concept
UserchatMessage	Concept
Userid	Concept
Users	Concept
Users(scim)	Concept
UsersAssigned	Concept
UsersByEmail	Concept
UsersById	Concept
UsersDetails	Concept
UsersList	Concept
UsersNextSession	Concept
UsersOnCall	Concept
UsersStatus	Concept
Userstory	Concept
UtilityBill	Concept
UtilityCompanies	Concept
UtilityCompany	Concept
Vacancy	Concept
VacantPropertyFound	Concept
Vacation	Concept
VacationApproved	Concept
VacationVoucher	Concept
Vali	Concept
ValidOrder	Concept
ValidSpace	Concept
ValidateContact	Concept
ValidatorReports	Concept
Validsign	Concept
Value	Concept
Variable	Concept
VariableByName	Concept
VariableOption	Concept
Variables	Concept
Variant	Concept
Variants	Concept
Variation	Concept
VariationItem	Concept
VatCreditNote	Concept
VatDebitNote	Concept
VatDetails	Concept
VatInvoice	Concept
VatMossInvoice	Concept
VatPurchaseInvoice	Concept
VatRate	Concept
VatType	Concept
VatTypes	Concept
Vault	Concept
VaultEntry	Concept
VaultResource	Concept
VcWorkflowStreamedAttachment	Concept
VcWorkflowUrlAttachment	Concept
VcardQrCode	Concept
VectorStore	Concept
Vehicle	Concept
VehicleByLicensePlate	Concept
VehicleByVin	Concept
VehicleDataByVrm	Concept
VehicleDistanceLog	Concept
VehicleDvlaDataByVrm	Concept
VehicleEvent	Concept
VehicleHistory	Concept
VehicleManufacturer	Concept
VehicleMarketValue	Concept
VehicleMotDataByVrm	Concept
VehicleServiceEvent	Concept
VehicleSpecifications	Concept
VehicleTypes	Concept
VehicleUlezDataByVrm	Concept
Vehicles	Concept
Vendor	Concept
VendorBill	Concept
VendorById	Concept
VendorByName	Concept
VendorCompanyLevel	Concept
VendorContact	Concept
VendorCredit	Concept
VendorList	Concept
Vendors	Concept
Venue	Concept
Venues	Concept
VeoResult	Concept
Verdict	Concept
Verification	Concept
VerificationByEmail/sms	Concept
VerificationDecision	Concept
VerificationImage	Concept
VerificationRequest	Concept
VerificationResponse	Concept
VerificationResult	Concept
VerificationSession	Concept
VerificationStatus	Concept
VerifiedEmail	Concept
VerifiedEmailIdentities	Concept
VerifiedExpense	Concept
VerifiedIdentity	Concept
VerifiedInvoice	Concept
VerifiedNumbers	Concept
VerifiedReport	Concept
Version	Concept
VersionOfTechpack	Concept
VersionReleased	Concept
VersionStack	Concept
VersionStacks	Concept
VersionUploaded	Concept
Viber	Concept
ViberImage	Concept
ViberMessage	Concept
Video	Concept
Video(sora)	Concept
Video(sora/veo)	Concept
VideoAdded	Concept
VideoBookmark	Concept
VideoBySearch	Concept
VideoByUser	Concept
VideoConferenceLink	Concept
VideoContent(sora)	Concept
VideoCreated	Concept
VideoData	Concept
VideoEvent(allEvents)	Concept
VideoEvent(custom)	Concept
VideoExperience	Concept
VideoExported	Concept
VideoI'veLiked	Concept
VideoMeeting	Concept
VideoMessage	Concept
VideoMetadata	Concept
VideoMoment	Concept
VideoOfMine	Concept
VideoPendingApproval	Concept
VideoPersonalizationRequest	Concept
VideoPost	Concept
VideoProduced	Concept
VideoProduced(any)	Concept
VideoProject	Concept
VideoReady	Concept
VideoRecordingAvailable	Concept
VideoRequest	Concept
VideoSummary	Concept
VideoTemplate	Concept
VideoThumbnail	Concept
VideoTile	Concept
VideoTranslateEvent(fail)	Concept
VideoTranslateEvent(success)	Concept
VideoTranslation	Concept
VideoUploaded&Indexed	Concept
VideoUploadedOrRecorded	Concept
VideoUsingPdf/pptxFile	Concept
VideoView	Concept
VideoformViaEmail	Concept
VideoleadSubmitted	Concept
Videos	Concept
View	Concept
ViewOnlyLink	Concept
Viewer	Concept
ViewerAction	Concept
ViewerLogin	Concept
ViewerStartedWatching	Concept
Viewers	Concept
Viewing	Concept
ViewingById	Concept
ViewingSession	Concept
ViewingSlot	Concept
ViewingSlotById	Concept
ViewingSlotsByAgency	Concept
ViewingUpdate	Concept
ViewingsByAgency	Concept
Violation	Concept
ViolationEscalation	Concept
ViolationType	Concept
VirtualCard	Concept
VirtualCombo	Concept
VirtualTerminal	Concept
VirtualTryOn	Concept
Visa	Concept
VisaHistory	Concept
Visit	Concept
VisitAdded	Concept
VisitByAutoId	Concept
VisitByJob	Concept
VisitEnd	Concept
VisitEvent	Concept
VisitScheduled	Concept
VisitStart	Concept
Visitor	Concept
VisitorCheckIn	Concept
VisitorData	Concept
VisitorEmail	Concept
VisitorEntry	Concept
VisitorLog	Concept
VisitorNotification	Concept
VisitorSession	Concept
VisitorSignsUp	Concept
Visits	Concept
VisitsResults	Concept
VisualStyle	Concept
Vob	Concept
Voice	Concept
Voice(text	Concept
VoiceAgentData	Concept
VoiceBroadcast	Concept
VoiceCall	Concept
VoiceCampaign	Concept
VoiceClone	Concept
VoiceCloneResult	Concept
VoiceMailReceived	Concept
VoiceMemo	Concept
VoiceMemoCreated	Concept
VoiceMessage	Concept
VoiceNotification	Concept
Voicefile	Concept
Voicemail	Concept
Voicemail(dynamic)	Concept
VoicemailBoxes	Concept
VoicemailById	Concept
VoicemailInbox	Concept
VoicemailLeft	Concept
VoicemailMessage	Concept
VoicemailReceived	Concept
VoicemailRecording	Concept
VoicemailSendStatus	Concept
Voicemails	Concept
Voices	Concept
Void	Concept
VoidedItemsSummary	Concept
VoidedSale	Concept
Volunteer	Concept
VolunteerQualification	Concept
VolusionOrder	Concept
VolusionOrderUpdate	Concept
VortextAppointment/event	Concept
Vote	Concept
Vouch	Concept
Voucher	Concept
Voucher(lumpDiscount)	Concept
Voucher(percentageDiscount)	Concept
VoucherBooking	Concept
VoucherCode	Concept
VoucherEnrolment	Concept
VoucherSold	Concept
VttSummary	Concept
Vulnerability	Concept
VulnerabilityIdentified	Concept
Vyb	Concept
W8/w9RequestCompleted	Concept
WaPersonalMessage	Concept
WageGroup	Concept
WageGroupCostSetting	Concept
WageGroupEmployeeSetting	Concept
WagePayment	Concept
WageTier	Concept
WaitListGuest	Concept
WaitingTicketAssigned	Concept
WaitlistEntry	Concept
WaitlistFormSubmission	Concept
WaitlistGuest	Concept
WaitlistSignup	Concept
Waiver	Concept
WaiverAccepted	Concept
WaiverSigned(deprecated)	Concept
WaiverSubmitted	Concept
Wall	Concept
WallPost	Concept
WalletBalance	Concept
WalletPass	Concept
WalletPassCreated	Concept
Warehouse	Concept
WarehouseItem	Concept
WarehouseProduct	Concept
WarehouseProducts	Concept
WarehouseTransfer	Concept
Warranty	Concept
Watcher	Concept
Watermark	Concept
Watermarks	Concept
Wave	Concept
WbsActivity	Concept
WbsCode	Concept
WeatherAlerts	Concept
WeatherForecast	Concept
WebBrowsingAlerts	Concept
WebContact	Concept
WebForm	Concept
WebFormMessage	Concept
WebInquiry	Concept
WebLead	Concept
WebLead(adicionarWebLead)	Concept
WebLink	Concept
WebPost	Concept
WebPush	Concept
WebPushNotification	Concept
WebScrapingApiRequest	Concept
WebSource	Concept
WebSubmission	Concept
Webcast	Concept
WebchatMessage	Concept
WebchatSessionMessage	Concept
Webhook	Concept
WebhookApplication	Concept
WebhookAutomationEvent	Concept
WebhookClient	Concept
WebhookComponentStatus	Concept
WebhookEvent	Concept
WebhookExecution	Concept
WebhookMetric	Concept
WebhookNotification	Concept
WebhookResource	Concept
WebhookSubscription	Concept
Webhooks	Concept
WebhooksSubscription	Concept
WebhooksSubscriptions	Concept
Webinar	Concept
WebinarAttendanceReport	Concept
WebinarAttendee	Concept
WebinarDates	Concept
WebinarQuestion	Concept
WebinarRecording	Concept
WebinarRegistrant	Concept
WebinarRegistrant(allWebinars)	Concept
WebinarRegistration	Concept
WebinarScheduled	Concept
WebinarViewer	Concept
Weblead	Concept
Webleads	Concept
WebpageContent	Concept
WebpageFeedback	Concept
WebpixelproLeads	Concept
Website	Concept
WebsiteAlert	Concept
WebsiteAudit	Concept
WebsiteBooking	Concept
WebsiteContent	Concept
WebsiteCrawler	Concept
WebsiteLead	Concept
WebsiteOnACpanel	Concept
WebsiteOnWpWebsiteCreatorCloud	Concept
WebsiteOnYourOwnAgencyServerOrCpanel	Concept
WebsitePageVisit	Concept
WebsiteQrCode	Concept
WebsiteReview	Concept
WebsiteTechnology	Concept
WebsiteThumbnail	Concept
WebsiteUrl	Concept
WebsiteUrlOnCompany	Concept
WebsiteUrlOnPerson	Concept
WebsiteUrlQrCode	Concept
WebsiteUserLead	Concept
WebsiteVisitorLeadsFileGenerated	Concept
WebtrackAdded	Concept
Wedding	Concept
WeekReport	Concept
WeeklySummaryReport	Concept
WelcomeEmail	Concept
WelcomeFollowersAutomation	Concept
WelcomeMail	Concept
WellnessProgram	Concept
Whatsapp	Concept
Whatsapp(withHsm)	Concept
WhatsappAccount	Concept
WhatsappBusinessCollection	Concept
WhatsappBusinessCollections	Concept
WhatsappBusinessProduct	Concept
WhatsappBusinessProducts	Concept
WhatsappBusinessSurvey	Concept
WhatsappChat	Concept
WhatsappConversation	Concept
WhatsappFreeFormRichMedia	Concept
WhatsappFreeFormTextMessage	Concept
WhatsappGroupMessageViaSyncmate	Concept
WhatsappGroupParticipants	Concept
WhatsappGroups	Concept
WhatsappLocation	Concept
WhatsappMediaMessage	Concept
WhatsappMessage	Concept
WhatsappMessage(notOfficial)	Concept
WhatsappMessageOnGroup	Concept
WhatsappMessageTemplate	Concept
WhatsappMessages	Concept
WhatsappNonTemplates	Concept
WhatsappNotification	Concept
WhatsappNotificationViaSyncmate	Concept
WhatsappNotificationViaWapush	Concept
WhatsappQrCode	Concept
WhatsappReport	Concept
WhatsappSessionMessage	Concept
WhatsappSurvey	Concept
WhatsappTemplate	Concept
WhatsappTemplateMessage	Concept
WhatsappTemplatePayloadMessage	Concept
WhatsappTemplates	Concept
WheelLeads	Concept
WhiteLabelDomains	Concept
WhiteLabelUser	Concept
WhiteLabelUserReceived	Concept
WhiteLabelUsers	Concept
WholeProject	Concept
Widget	Concept
Widget(withJsonConfiguration)	Concept
WidgetData	Concept
WidgetLead	Concept
WidgetListing	Concept
WidgetOrPlugin	Concept
WifiGuestConnection(campaign)	Concept
WifiGuestConnection(device)	Concept
WifiGuestConnection(location)	Concept
WifiQrCode	Concept
WikProspect	Concept
Win	Concept
WindowedLetter	Concept
WindowlessLetter	Concept
WindowlessLetterViaRadiusSearch	Concept
Winner	Concept
WireTransfer	Concept
WithAltAllowancesAnAllowance	Concept
WithContractsAnEmployee	Concept
WithSources	Concept
WonDeal	Concept
WonLead	Concept
WonOpportunity	Concept
WordpressUserByEmail	Concept
WordpressUserByUsername	Concept
Work	Concept
WorkAddress	Concept
WorkItem	Concept
WorkItemComment	Concept
WorkLog	Concept
WorkOrder	Concept
WorkOrder(customer)	Concept
WorkOrder(serviceProvider)	Concept
WorkOrderById	Concept
WorkOrderComment	Concept
WorkOrderRequest	Concept
WorkOrders	Concept
WorkPackageOwnership	Concept
WorkPlan	Concept
WorkPlans	Concept
WorkRegistration	Concept
WorkRequest	Concept
WorkSpaceNotification	Concept
WorkStatus	Concept
WorkTodo	Concept
WorkTypes(newAction)	Concept
Workbook	Concept
WorkbookRefresh	Concept
WorkdayEnd	Concept
WorkdayStart	Concept
Worker	Concept
WorkerCompany	Concept
WorkerProject	Concept
WorkerTimeBlock	Concept
Workers	Concept
Workflow	Concept
WorkflowAction	Concept
WorkflowApprovals	Concept
WorkflowById	Concept
WorkflowCard	Concept
WorkflowCompletion	Concept
WorkflowCreated	Concept
WorkflowData	Concept
WorkflowDetails	Concept
WorkflowEvent	Concept
WorkflowExecution	Concept
WorkflowItem	Concept
WorkflowJob	Concept
WorkflowJobStatus	Concept
WorkflowPreview	Concept
WorkflowRequest	Concept
WorkflowRequestCollaborators	Concept
WorkflowRequests	Concept
WorkflowResult	Concept
WorkflowResults	Concept
WorkflowRun	Concept
WorkflowRuns	Concept
WorkflowStage	Concept
WorkflowStatus	Concept
WorkflowStatusByClientMembershipId	Concept
WorkflowStatusByParsedDeckId	Concept
WorkflowStep	Concept
WorkflowStepEvent	Concept
WorkflowSubscription	Concept
WorkflowTemplateCreated	Concept
WorkflowTriggerEvent	Concept
Workflows	Concept
Workforce	Concept
Workforces	Concept
Workgroup	Concept
WorkingHour	Concept
WorkingHours	Concept
Workitem	Concept
Worklog	Concept
Worklog(anyTicket)	Concept
WorklogEntry	Concept
Worklogs	Concept
Workorder	Concept
WorkorderCategory	Concept
Workout	Concept
WorkoutPlan	Concept
WorkoutPlanCreated	Concept
Workrequest	Concept
Worksheet	Concept
Worksheet(s)	Concept
Worksheet(workdrive)	Concept
WorksheetById	Concept
WorksheetRow	Concept
Worksite	Concept
WorksiteEvent	Concept
Workspace	Concept
Workspace'sProjects	Concept
Workspace(forIamPlans)	Concept
Workspace/organization	Concept
WorkspaceFile	Concept
WorkspaceFolder	Concept
WorkspaceLeads	Concept
WorkspaceMeeting	Concept
WorkspaceMembers	Concept
WorkspaceNote	Concept
WorkspaceNumbers	Concept
WorkspaceReservation	Concept
WorkspaceRun	Concept
WorkspaceTask	Concept
WorkspaceUser(forIamPlans)	Concept
Workspaces	Concept
Workspaces(forIamPlans)	Concept
WorkspacesIAmMemberOf	Concept
Workstream	Concept
WorldDetails	Concept
WpUltimoEvent	Concept
WpUser	Concept
WplUser	Concept
WritebackError	Concept
Writing	Concept
XeroPurchaseOrder	Concept
Yacht	Concept
YesterdayTasks	Concept
YobiTask	Concept
YourCreditBalance	Concept
YourEvents	Concept
YourNetworkMetricsDaily	Concept
YourTrackingInformation	Concept
YourVideo	Concept
YourselfAnIoMessage	Concept
YoutubeDetails	Concept
YoutubeProfileInformation&FullChannelList	Concept
YoutubeProfileReport	Concept
YoutubeQrCode	Concept
YoutubeReport	Concept
YoutubeSummary	Concept
YoutubeTranscript	Concept
YoutubeVideo	Concept
YtChannelId	Concept
Zap	Concept
Zap(legacy)	Concept
ZapButtonClicked	Concept
ZapError	Concept
ZapError(legacy)	Concept
ZapEvent	Concept
ZapPostPostcard(s)	Concept
Zapier	Concept
ZapierIntegrationField	Concept
ZapierStep	Concept
ZidOrder	Concept
ZipFile	Concept
ZoeProspect	Concept
Zone	Concept
ZoomEvent	Concept
ZoomMeetingAttendanceRecord	Concept
“triggerAZap”Event	Concept