$id	$type	$context	name	description	code	predicate	event	activity	actor	object	inverse	source	vocabulary
https://language.org.ai/Verb/accept	https://language.org.ai/Verb	https://language.org.ai	accept	Accepting receipt of goods or materials	accept	accepts	accepted	accepting	Accepter	Acceptance	acceptedBy	https://ref.gs1.org/cbv/2.0.0/	CBV 2.0
https://language.org.ai/Verb/achieve	https://language.org.ai/Verb	https://language.org.ai	achieve	Accomplish or attain a goal or result through effort or action.	achieve	achieves	achieved	achieving	Achiever	Achievement	achievedBy	https://schema.org/Action	Schema.org 27.0
https://language.org.ai/Verb/acquire	https://language.org.ai/Verb	https://language.org.ai	acquire	Obtain or purchase goods, services, or resources	acquire	acquires	acquired	acquiring	Acquirer	Acquisition	acquiredBy	https://www.apqc.org/	APQC PCF 7.0
https://language.org.ai/Verb/activate	https://language.org.ai/Verb	https://language.org.ai	activate	Make something active or operational; start or enable a process or system.	activate	activates	activated	activating	Activator	Activation	activatedBy	https://schema.org/Action	Schema.org 27.0
https://language.org.ai/Verb/add	https://language.org.ai/Verb	https://language.org.ai	add	Put or place something together with another item; combine or append.	add	adds	added	adding	Adder	Addition	addedBy	https://schema.org/Action	Schema.org 27.0
https://language.org.ai/Verb/administer	https://language.org.ai/Verb	https://language.org.ai	administer	Manage the execution and control of operational processes	administer	administers	administered	administering	Administrator	Administration	administeredBy	https://www.apqc.org/	APQC PCF 7.0
https://language.org.ai/Verb/agree	https://language.org.ai/Verb	https://language.org.ai	agree	Consent or assent to something; reach mutual understanding or acceptance.	agree	agrees	agreed	agreeing	Agreer	Agreement	agreedTo	https://schema.org/Action	Schema.org 27.0
https://language.org.ai/Verb/allocate	https://language.org.ai/Verb	https://language.org.ai	allocate	Distribute or assign resources, responsibilities, or opportunities.	allocate	allocates	allocated	allocating	Allocator	Allocation	allocatedBy	https://schema.org/Action	Schema.org 27.0
https://language.org.ai/Verb/analyze	https://language.org.ai/Verb	https://language.org.ai	analyze	Examining information or data to identify patterns, relationships, or solutions	analyze	analyzes	analyzed	analyzing	Analyzer	Analysis	analyzedBy	https://www.onetonline.org/	O*NET 28.0
https://language.org.ai/Verb/apply	https://language.org.ai/Verb	https://language.org.ai	apply	Submit a formal request or use something in practice; put into effect.	apply	applies	applied	applying	Applicant	Application	appliedBy	https://schema.org/Action	Schema.org 27.0
https://language.org.ai/Verb/approve	https://language.org.ai/Verb	https://language.org.ai	approve	Formally agree to or officially sanction something; give authorization.	approve	approves	approved	approving	Approver	Approval	approvedBy	https://schema.org/Action	Schema.org 27.0
https://language.org.ai/Verb/archive	https://language.org.ai/Verb	https://language.org.ai	archive	Store or preserve items for long-term retention; move to historical record.	archive	archives	archived	archiving	Archivist	Archive	archivedBy	https://schema.org/Action	Schema.org 27.0
https://language.org.ai/Verb/arrange	https://language.org.ai/Verb	https://language.org.ai	arrange	Organizing, positioning, or setting up items, events, or schedules in a particular order or configuration	arrange	arranges	arranged	arranging	Arranger	Arrangement	arrangedBy	https://www.onetonline.org/	O*NET 28.0
https://language.org.ai/Verb/arrive	https://language.org.ai/Verb	https://language.org.ai	arrive	Arriving at a location	arrive	arrives	arrived	arriving	Arriver	Arrival	arrivedBy	https://ref.gs1.org/cbv/2.0.0/	CBV 2.0
https://language.org.ai/Verb/assemble	https://language.org.ai/Verb	https://language.org.ai	assemble	Combining components into a finished product	assemble	assembles	assembled	assembling	Assembler	Assembly	assembledBy	https://ref.gs1.org/cbv/2.0.0/	CBV 2.0
https://language.org.ai/Verb/assess	https://language.org.ai/Verb	https://language.org.ai	assess	Evaluating or determining the nature, value, or extent of something through examination	assess	assesses	assessed	assessing	Assessor	Assessment	assessedBy	https://www.onetonline.org/	O*NET 28.0
https://language.org.ai/Verb/assign	https://language.org.ai/Verb	https://language.org.ai	assign	Indicating the object to be assigned	assign	assigns	assigned	assigning	Assigner	Assignment	assignedBy	https://schema.org/Action	Schema.org 27.0
https://language.org.ai/Verb/assist	https://language.org.ai/Verb	https://language.org.ai	assist	Helping, supporting, or providing aid to another person or process to accomplish tasks or goals	assist	assists	assisted	assisting	Assistant	Assistance	assistedBy	https://www.onetonline.org/	O*NET 28.0
https://language.org.ai/Verb/attach	https://language.org.ai/Verb	https://language.org.ai	attach	Indicating the object to be attached	attach	attaches	attached	attaching	Attacher	Attachment	attachedBy	https://schema.org/Action	Schema.org 27.0
https://language.org.ai/Verb/audit	https://language.org.ai/Verb	https://language.org.ai	audit	Examine and verify compliance with standards and procedures	audit	audits	audited	auditing	Auditor	Audit	auditedBy	https://www.apqc.org/	APQC PCF 7.0
https://language.org.ai/Verb/authorize	https://language.org.ai/Verb	https://language.org.ai	authorize	Granting a permission or authority	authorize	authorizes	authorized	authorizing	Authorizer	Authorization	authorizedBy	https://schema.org/Action	Schema.org 27.0
https://language.org.ai/Verb/benchmark	https://language.org.ai/Verb	https://language.org.ai	benchmark	Compare performance against industry standards or best practices	benchmark	benchmarks	benchmarked	benchmarking	Benchmarker	Benchmark	benchmarkedBy	https://www.apqc.org/	APQC PCF 7.0
https://language.org.ai/Verb/budget	https://language.org.ai/Verb	https://language.org.ai	budget	Plan and allocate financial resources for future periods	budget	budgets	budgeted	budgeting	Budgeter	Budget	budgetedBy	https://www.apqc.org/	APQC PCF 7.0
https://language.org.ai/Verb/calculate	https://language.org.ai/Verb	https://language.org.ai	calculate	Computing or determining mathematical values or results based on data and formulas	calculate	calculates	calculated	calculating	Calculator	Calculation	calculatedBy	https://www.onetonline.org/	O*NET 28.0
https://language.org.ai/Verb/cancel	https://language.org.ai/Verb	https://language.org.ai	cancel	Canceling an action that was previously scheduled	cancel	cancels	canceled	canceling	Canceler	Cancellation	canceledBy	https://schema.org/Action	Schema.org 27.0
https://language.org.ai/Verb/capture	https://language.org.ai/Verb	https://language.org.ai	capture	Recording an observation or information	capture	captures	captured	capturing	Capturer	Capture	capturedBy	https://schema.org/Action	Schema.org 27.0
https://language.org.ai/Verb/certify	https://language.org.ai/Verb	https://language.org.ai	certify	Formally attest or validate that standards are met	certify	certifies	certified	certifying	Certifier	Certification	certifiedBy	https://www.apqc.org/	APQC PCF 7.0
https://language.org.ai/Verb/check	https://language.org.ai/Verb	https://language.org.ai	check	Checking an object for correctness or validity	check	checks	checked	checking	Checker	Check	checkedBy	https://schema.org/Action	Schema.org 27.0
https://language.org.ai/Verb/choose	https://language.org.ai/Verb	https://language.org.ai	choose	Selecting one or more items from a collection	choose	chooses	chosen	choosing	Chooser	Choice	chosenBy	https://schema.org/Action	Schema.org 27.0
https://language.org.ai/Verb/classify	https://language.org.ai/Verb	https://language.org.ai	classify	Assigning a category or classification to an object	classify	classifies	classified	classifying	Classifier	Classification	classifiedBy	https://schema.org/Action	Schema.org 27.0
https://language.org.ai/Verb/clean	https://language.org.ai/Verb	https://language.org.ai	clean	Removing dirt, waste, or unwanted material from surfaces, objects, or areas to maintain cleanliness and hygiene	clean	cleans	cleaned	cleaning	Cleaner	Cleaning	cleanedBy	https://www.onetonline.org/	O*NET 28.0
https://language.org.ai/Verb/close	https://language.org.ai/Verb	https://language.org.ai	close	To move or cause to move into a position where something is no longer open; to shut or seal.	close	closes	closed	closing	Closer	Closure	closedBy	https://schema.org/Action	Schema.org 27.0
https://language.org.ai/Verb/collect	https://language.org.ai/Verb	https://language.org.ai	collect	Gathering objects together	collect	collects	collected	collecting	Collector	Collection	collectedBy	https://ref.gs1.org/cbv/2.0.0/	CBV 2.0
https://language.org.ai/Verb/comment	https://language.org.ai/Verb	https://language.org.ai	comment	To make remarks or observations, typically in response to something or someone; to provide feedback or notes.	comment	comments	commented	commenting	Commenter	Commentary	commentedBy	https://schema.org/Action	Schema.org 27.0
https://language.org.ai/Verb/commission	https://language.org.ai/Verb	https://language.org.ai	commission	Assigning a unique identity to an object	commission	commissions	commissioned	commissioning	Commissioner	Commission	commissionedBy	https://ref.gs1.org/cbv/2.0.0/	CBV 2.0
https://language.org.ai/Verb/communicate	https://language.org.ai/Verb	https://language.org.ai	communicate	To convey or exchange information, ideas, or feelings between parties; to impart knowledge or establish understanding.	communicate	communicates	communicated	communicating	Communicator	Communication	communicatedBy	https://schema.org/Action	Schema.org 27.0
https://language.org.ai/Verb/compare	https://language.org.ai/Verb	https://language.org.ai	compare	To examine similarities and differences between two or more things; to estimate or judge the relative value of alternatives.	compare	compares	compared	comparing	Comparer	Comparison	comparedBy	https://schema.org/Action	Schema.org 27.0
https://language.org.ai/Verb/compile	https://language.org.ai/Verb	https://language.org.ai	compile	Collecting, assembling, and organizing information or materials from multiple sources into a unified document or system	compile	compiles	compiled	compiling	Compiler	Compilation	compiledBy	https://www.onetonline.org/	O*NET 28.0
https://language.org.ai/Verb/complete	https://language.org.ai/Verb	https://language.org.ai	complete	To finish or bring to an end; to make whole or entire by adding what is missing.	complete	completes	completed	completing	Completer	Completion	completedBy	https://schema.org/Action	Schema.org 27.0
https://language.org.ai/Verb/comply	https://language.org.ai/Verb	https://language.org.ai	comply	Act in accordance with laws, regulations, or organizational policies	comply	complies	complied	complying	Complier	Compliance	compliedWith	https://www.apqc.org/	APQC PCF 7.0
https://language.org.ai/Verb/compute	https://language.org.ai/Verb	https://language.org.ai	compute	To calculate or determine by mathematical operations or logical reasoning; to process data.	compute	computes	computed	computing	Computer	Computation	computedBy	https://schema.org/Action	Schema.org 27.0
https://language.org.ai/Verb/conduct	https://language.org.ai/Verb	https://language.org.ai	conduct	Directing, leading, managing, or carrying out activities, events, or operations in a structured manner	conduct	conducts	conducted	conducting	Conductor	Conduct	conductedBy	https://www.onetonline.org/	O*NET 28.0
https://language.org.ai/Verb/configure	https://language.org.ai/Verb	https://language.org.ai	configure	To arrange, set up, or adjust components or settings to prepare for use or operation.	configure	configures	configured	configuring	Configurator	Configuration	configuredBy	https://schema.org/Action	Schema.org 27.0
https://language.org.ai/Verb/confirm	https://language.org.ai/Verb	https://language.org.ai	confirm	To establish or strengthen the truth or validity of something; to acknowledge or verify.	confirm	confirms	confirmed	confirming	Confirmer	Confirmation	confirmedBy	https://schema.org/Action	Schema.org 27.0
https://language.org.ai/Verb/connect	https://language.org.ai/Verb	https://language.org.ai	connect	To join or link together; establish a connection or relationship between entities.	connect	connects	connected	connecting	Connector	Connection	connectedBy	https://schema.org/Action	Schema.org 27.0
https://language.org.ai/Verb/consign	https://language.org.ai/Verb	https://language.org.ai	consign	Handing over responsibility for shipment	consign	consigns	consigned	consigning	Consigner	Consignment	consignedBy	https://ref.gs1.org/cbv/2.0.0/	CBV 2.0
https://language.org.ai/Verb/consult	https://language.org.ai/Verb	https://language.org.ai	consult	Providing professional advice or seeking expert opinion	consult	consults	consulted	consulting	Consultant	Consultation	consultedBy	https://www.onetonline.org/	O*NET 28.0
https://language.org.ai/Verb/consume	https://language.org.ai/Verb	https://language.org.ai	consume	To use up or take in resources, materials, or products; to use something completely.	consume	consumes	consumed	consuming	Consumer	Consumption	consumedBy	https://schema.org/Action	Schema.org 27.0
https://language.org.ai/Verb/contract	https://language.org.ai/Verb	https://language.org.ai	contract	Establish a formal binding agreement between parties	contract	contracts	contracted	contracting	Contracter	Contract	contractedWith	https://www.apqc.org/	APQC PCF 7.0
https://language.org.ai/Verb/control	https://language.org.ai/Verb	https://language.org.ai	control	Managing or regulating the operation, flow, or behavior of systems, processes, or people	control	controls	controlled	controlling	Controller	Control	controlledBy	https://www.onetonline.org/	O*NET 28.0
https://language.org.ai/Verb/convert	https://language.org.ai/Verb	https://language.org.ai	convert	To change something into a different form, substance, or state; transform or convert.	convert	converts	converted	converting	Converter	Conversion	convertedBy	https://schema.org/Action	Schema.org 27.0
https://language.org.ai/Verb/coordinate	https://language.org.ai/Verb	https://language.org.ai	coordinate	Organizing and harmonizing activities, efforts, or resources across multiple parties	coordinate	coordinates	coordinated	coordinating	Coordinator	Coordination	coordinatedBy	https://www.onetonline.org/	O*NET 28.0
https://language.org.ai/Verb/copy	https://language.org.ai/Verb	https://language.org.ai	copy	To make a duplicate or reproduction of something; replicate or reproduce.	copy	copies	copied	copying	Copier	Copy	copiedBy	https://schema.org/Action	Schema.org 27.0
https://language.org.ai/Verb/counsel	https://language.org.ai/Verb	https://language.org.ai	counsel	Providing guidance, support, and advice to individuals regarding personal, professional, or emotional matters	counsel	counsels	counseled	counseling	Counselor	Counseling	counseledBy	https://www.onetonline.org/	O*NET 28.0
https://language.org.ai/Verb/count	https://language.org.ai/Verb	https://language.org.ai	count	Periodic inventory counting (cycle_counting)	count	counts	counted	counting	Counter	Count	countedBy	https://ref.gs1.org/cbv/2.0.0/	CBV 2.0
https://language.org.ai/Verb/create	https://language.org.ai/Verb	https://language.org.ai	create	Creating a class-level instance	create	creates	created	creating	Creator	Creation	createdBy	https://ref.gs1.org/cbv/2.0.0/	CBV 2.0
https://language.org.ai/Verb/customize	https://language.org.ai/Verb	https://language.org.ai	customize	Modify or tailor products or services for specific customer needs	customize	customizes	customized	customizing	Customizer	Customization	customizedBy	https://www.apqc.org/	APQC PCF 7.0
https://language.org.ai/Verb/deactivate	https://language.org.ai/Verb	https://language.org.ai	deactivate	To turn off, disable, or remove from active use; make inactive.	deactivate	deactivates	deactivated	deactivating	Deactivator	Deactivation	deactivatedBy	https://schema.org/Action	Schema.org 27.0
https://language.org.ai/Verb/debug	https://language.org.ai/Verb	https://language.org.ai	debug	Identifying and resolving errors, defects, or malfunctions in systems, software, or processes	debug	debugs	debugged	debugging	Debugger	Debugging	debuggedBy	https://www.onetonline.org/	O*NET 28.0
https://language.org.ai/Verb/decide	https://language.org.ai/Verb	https://language.org.ai	decide	Making a choice or determination among options or alternatives based on analysis and judgment	decide	decides	decided	deciding	Decider	Decision	decidedBy	https://www.onetonline.org/	O*NET 28.0
https://language.org.ai/Verb/declare	https://language.org.ai/Verb	https://language.org.ai	declare	To announce, state, or proclaim something formally or officially; make a declaration.	declare	declares	declared	declaring	Declarer	Declaration	declaredBy	https://schema.org/Action	Schema.org 27.0
https://language.org.ai/Verb/decline	https://language.org.ai/Verb	https://language.org.ai	decline	To politely refuse or reject something; express unwillingness to accept or participate.	decline	declines	declined	declining	Decliner	Decline	declinedBy	https://schema.org/Action	Schema.org 27.0
https://language.org.ai/Verb/decommission	https://language.org.ai/Verb	https://language.org.ai	decommission	Removing an object from active use, typically after it has reached the end of its operational life.	decommission	decommissions	decommissioned	decommissioning	Decommissioner	Decommissioning	decommissionedBy	https://ref.gs1.org/cbv/2.0.0/	CBV 2.0
https://language.org.ai/Verb/delete	https://language.org.ai/Verb	https://language.org.ai	delete	To remove, erase, or destroy; eliminate something permanently or temporarily.	delete	deletes	deleted	deleting	Deleter	Deletion	deletedBy	https://schema.org/Action	Schema.org 27.0
https://language.org.ai/Verb/deliver	https://language.org.ai/Verb	https://language.org.ai	deliver	Transporting and handing over goods to a recipient	deliver	delivers	delivered	delivering	Deliverer	Delivery	deliveredBy	https://schema.org/Action	Schema.org 27.0
https://language.org.ai/Verb/demonstrate	https://language.org.ai/Verb	https://language.org.ai	demonstrate	Showing, proving, or exhibiting something through explanation, illustration, or practical example	demonstrate	demonstrates	demonstrated	demonstrating	Demonstrator	Demonstration	demonstratedBy	https://www.onetonline.org/	O*NET 28.0
https://language.org.ai/Verb/depart	https://language.org.ai/Verb	https://language.org.ai	depart	Leaving a location, typically as part of a transportation or logistics operation.	depart	departs	departed	departing	Departer	Departure	departedBy	https://ref.gs1.org/cbv/2.0.0/	CBV 2.0
https://language.org.ai/Verb/deploy	https://language.org.ai/Verb	https://language.org.ai	deploy	Moving or positioning something into active use	deploy	deploys	deployed	deploying	Deployer	Deployment	deployedBy	https://schema.org/Action	Schema.org 27.0
https://language.org.ai/Verb/design	https://language.org.ai/Verb	https://language.org.ai	design	Creating plans, specifications, or layouts for new products, systems, structures, or processes	design	designs	designed	designing	Designer	Design	designedBy	https://www.onetonline.org/	O*NET 28.0
https://language.org.ai/Verb/destroy	https://language.org.ai/Verb	https://language.org.ai	destroy	Permanently removing an object from use through destruction or disposal.	destroy	destroys	destroyed	destroying	Destroyer	Destruction	destroyedBy	https://ref.gs1.org/cbv/2.0.0/	CBV 2.0
https://language.org.ai/Verb/determine	https://language.org.ai/Verb	https://language.org.ai	determine	To establish or discover the exact nature or value of something; to decide or resolve a matter	determine	determines	determined	determining	Determiner	Determination	determinedBy	https://www.onetonline.org/	O*NET 28.0
https://language.org.ai/Verb/develop	https://language.org.ai/Verb	https://language.org.ai	develop	To create, improve, or advance something gradually or systematically; to bring something to a more advanced or complete state	develop	develops	developed	developing	Developer	Development	developedBy	https://www.onetonline.org/	O*NET 28.0
https://language.org.ai/Verb/diagnose	https://language.org.ai/Verb	https://language.org.ai	diagnose	To identify the nature or cause of a problem, disease, or condition through examination and analysis	diagnose	diagnoses	diagnosed	diagnosing	Diagnostician	Diagnosis	diagnosedBy	https://www.onetonline.org/	O*NET 28.0
https://language.org.ai/Verb/direct	https://language.org.ai/Verb	https://language.org.ai	direct	To guide, control, or supervise the actions, activities, or operations of people or processes; to point or aim something toward a target	direct	directs	directed	directing	Director	Direction	directedBy	https://www.onetonline.org/	O*NET 28.0
https://language.org.ai/Verb/disable	https://language.org.ai/Verb	https://language.org.ai	disable	Making something inoperative or unavailable	disable	disables	disabled	disabling	Disabler	Disabling	disabledBy	https://schema.org/Action	Schema.org 27.0
https://language.org.ai/Verb/disassemble	https://language.org.ai/Verb	https://language.org.ai	disassemble	Breaking down a finished product into its component parts.	disassemble	disassembles	disassembled	disassembling	Disassembler	Disassembly	disassembledBy	https://ref.gs1.org/cbv/2.0.0/	CBV 2.0
https://language.org.ai/Verb/discontinue	https://language.org.ai/Verb	https://language.org.ai	discontinue	End or stop production or support of a product or service	discontinue	discontinues	discontinued	discontinuing	Discontinuer	Discontinuation	discontinuedBy	https://www.apqc.org/	APQC PCF 7.0
https://language.org.ai/Verb/discover	https://language.org.ai/Verb	https://language.org.ai	discover	Finding or learning about something previously unknown	discover	discovers	discovered	discovering	Discoverer	Discovery	discoveredBy	https://schema.org/Action	Schema.org 27.0
https://language.org.ai/Verb/discuss	https://language.org.ai/Verb	https://language.org.ai	discuss	To exchange views, ideas, or opinions about a topic; to talk over or debate a subject with others	discuss	discusses	discussed	discussing	Discussant	Discussion	discussedBy	https://www.onetonline.org/	O*NET 28.0
https://language.org.ai/Verb/dispatch	https://language.org.ai/Verb	https://language.org.ai	dispatch	Send out orders, shipments, or personnel to designated locations	dispatch	dispatches	dispatched	dispatching	Dispatcher	Dispatch	dispatchedBy	https://www.apqc.org/	APQC PCF 7.0
https://language.org.ai/Verb/dispense	https://language.org.ai/Verb	https://language.org.ai	dispense	Allocating or distributing goods to recipients, often in measured quantities.	dispense	dispenses	dispensed	dispensing	Dispenser	Dispensing	dispensedBy	https://ref.gs1.org/cbv/2.0.0/	CBV 2.0
https://language.org.ai/Verb/distribute	https://language.org.ai/Verb	https://language.org.ai	distribute	Spreading or dividing something among multiple recipients or locations	distribute	distributes	distributed	distributing	Distributor	Distribution	distributedBy	https://schema.org/Action	Schema.org 27.0
https://language.org.ai/Verb/document	https://language.org.ai/Verb	https://language.org.ai	document	To record, write, or create written evidence or proof of something; to create documentation for reference and records	document	documents	documented	documenting	Documentarian	Documentation	documentedBy	https://www.onetonline.org/	O*NET 28.0
https://language.org.ai/Verb/download	https://language.org.ai/Verb	https://language.org.ai	download	Transferring data from a remote source to a local device	download	downloads	downloaded	downloading	Downloader	Download	downloadedBy	https://schema.org/Action	Schema.org 27.0
https://language.org.ai/Verb/draft	https://language.org.ai/Verb	https://language.org.ai	draft	To prepare a preliminary version of a written document, plan, or design; to create an initial or rough version for review and refinement	draft	drafts	drafted	drafting	Drafter	Draft	draftedBy	https://www.onetonline.org/	O*NET 28.0
https://language.org.ai/Verb/drive	https://language.org.ai/Verb	https://language.org.ai	drive	To operate a vehicle; to propel or cause to move forward; to motivate or compel action toward a goal	drive	drives	drove	driving	Driver	Drive	drivenBy	https://www.onetonline.org/	O*NET 28.0
https://language.org.ai/Verb/edit	https://language.org.ai/Verb	https://language.org.ai	edit	Revising or modifying content to correct or improve it	edit	edits	edited	editing	Editor	Editing	editedBy	https://schema.org/Action	Schema.org 27.0
https://language.org.ai/Verb/educate	https://language.org.ai/Verb	https://language.org.ai	educate	Teaching others through instruction and training	educate	educates	educated	educating	Educator	Education	educatedBy	https://www.onetonline.org/	O*NET 28.0
https://language.org.ai/Verb/enable	https://language.org.ai/Verb	https://language.org.ai	enable	Making something operational, available, or capable of functioning	enable	enables	enabled	enabling	Enabler	Enabling	enabledBy	https://schema.org/Action	Schema.org 27.0
https://language.org.ai/Verb/encode	https://language.org.ai/Verb	https://language.org.ai	encode	Writing data to an RFID tag, barcode, or other storage medium.	encode	encodes	encoded	encoding	Encoder	Encoding	encodedBy	https://ref.gs1.org/cbv/2.0.0/	CBV 2.0
https://language.org.ai/Verb/endorse	https://language.org.ai/Verb	https://language.org.ai	endorse	Give approval or permission to; publicly declare support for; recommend as worthy.	endorse	endorses	endorsed	endorsing	Endorser	Endorsement	endorsedBy	https://schema.org/Action	Schema.org 27.0
https://language.org.ai/Verb/enforce	https://language.org.ai/Verb	https://language.org.ai	enforce	Compelling compliance with rules, standards, or requirements	enforce	enforces	enforced	enforcing	Enforcer	Enforcement	enforcedBy	https://www.onetonline.org/	O*NET 28.0
https://language.org.ai/Verb/engage	https://language.org.ai/Verb	https://language.org.ai	engage	Actively involving others in interaction, communication, or activity	engage	engages	engaged	engaging	Engager	Engagement	engagedBy	https://www.onetonline.org/	O*NET 28.0
https://language.org.ai/Verb/enter	https://language.org.ai/Verb	https://language.org.ai	enter	Passing through a portal or boundary, such as entering a facility or geographic location.	enter	enters	entered	entering	Enterer	Entry	enteredBy	https://ref.gs1.org/cbv/2.0.0/	CBV 2.0
https://language.org.ai/Verb/escalate	https://language.org.ai/Verb	https://language.org.ai	escalate	Raise issues or concerns to higher authority or management levels	escalate	escalates	escalated	escalating	Escalator	Escalation	escalatedBy	https://www.apqc.org/	APQC PCF 7.0
https://language.org.ai/Verb/establish	https://language.org.ai/Verb	https://language.org.ai	establish	Creating, founding, or setting up something new	establish	establishes	established	establishing	Establisher	Establishment	establishedBy	https://www.onetonline.org/	O*NET 28.0
https://language.org.ai/Verb/estimate	https://language.org.ai/Verb	https://language.org.ai	estimate	Judging or calculating approximate values, quantities, or outcomes	estimate	estimates	estimated	estimating	Estimator	Estimate	estimatedBy	https://www.onetonline.org/	O*NET 28.0
https://language.org.ai/Verb/evaluate	https://language.org.ai/Verb	https://language.org.ai	evaluate	Assess or determine the significance, value, or condition of something; appraise or judge.	evaluate	evaluates	evaluated	evaluating	Evaluator	Evaluation	evaluatedBy	https://schema.org/Action	Schema.org 27.0
https://language.org.ai/Verb/examine	https://language.org.ai/Verb	https://language.org.ai	examine	Inspecting or investigating something carefully and thoroughly	examine	examines	examined	examining	Examiner	Examination	examinedBy	https://www.onetonline.org/	O*NET 28.0
https://language.org.ai/Verb/execute	https://language.org.ai/Verb	https://language.org.ai	execute	Carry out or perform a task, plan, or instruction; put into action.	execute	executes	executed	executing	Executor	Execution	executedBy	https://schema.org/Action	Schema.org 27.0
https://language.org.ai/Verb/explain	https://language.org.ai/Verb	https://language.org.ai	explain	Making something clear or understandable through description or discussion	explain	explains	explained	explaining	Explainer	Explanation	explainedBy	https://www.onetonline.org/	O*NET 28.0
https://language.org.ai/Verb/export	https://language.org.ai/Verb	https://language.org.ai	export	Send out or transfer data, goods, or information to an external location, system, or format.	export	exports	exported	exporting	Exporter	Export	exportedBy	https://schema.org/Action	Schema.org 27.0
https://language.org.ai/Verb/extract	https://language.org.ai/Verb	https://language.org.ai	extract	Remove, pull out, or obtain something from a location, source, or substance; derive or obtain from text.	extract	extracts	extracted	extracting	Extractor	Extraction	extractedBy	https://schema.org/Action	Schema.org 27.0
https://language.org.ai/Verb/facilitate	https://language.org.ai/Verb	https://language.org.ai	facilitate	Making something easier or helping to bring about an outcome	facilitate	facilitates	facilitated	facilitating	Facilitator	Facilitation	facilitatedBy	https://www.onetonline.org/	O*NET 28.0
https://language.org.ai/Verb/fail	https://language.org.ai/Verb	https://language.org.ai	fail	Be unsuccessful in achieving an objective or task; cease to function or work.	fail	fails	failed	failing	Failer	Failure	failedBy	https://schema.org/Action	Schema.org 27.0
https://language.org.ai/Verb/filter	https://language.org.ai/Verb	https://language.org.ai	filter	Remove impurities or unwanted elements from something; select or distinguish items based on criteria.	filter	filters	filtered	filtering	Filterer	Filter	filteredBy	https://schema.org/Action	Schema.org 27.0
https://language.org.ai/Verb/finalize	https://language.org.ai/Verb	https://language.org.ai	finalize	Complete and put into final form; make definite or conclusive; settle finally.	finalize	finalizes	finalized	finalizing	Finalizer	Finalization	finalizedBy	https://schema.org/Action	Schema.org 27.0
https://language.org.ai/Verb/find	https://language.org.ai/Verb	https://language.org.ai	find	Locate, discover, or obtain something that was sought; determine or establish the existence or location of.	find	finds	found	finding	Finder	Finding	foundBy	https://schema.org/Action	Schema.org 27.0
https://language.org.ai/Verb/forecast	https://language.org.ai/Verb	https://language.org.ai	forecast	Predicting or estimating future trends, events, or conditions	forecast	forecasts	forecasted	forecasting	Forecaster	Forecast	forecastedBy	https://www.onetonline.org/	O*NET 28.0
https://language.org.ai/Verb/formulate	https://language.org.ai/Verb	https://language.org.ai	formulate	Creating or developing a specific formula, plan, or theory	formulate	formulates	formulated	formulating	Formulator	Formulation	formulatedBy	https://www.onetonline.org/	O*NET 28.0
https://language.org.ai/Verb/fulfill	https://language.org.ai/Verb	https://language.org.ai	fulfill	Complete orders and deliver products or services to customers	fulfill	fulfills	fulfilled	fulfilling	Fulfiller	Fulfillment	fulfilledBy	https://www.apqc.org/	APQC PCF 7.0
https://language.org.ai/Verb/generate	https://language.org.ai/Verb	https://language.org.ai	generate	Producing or creating something from raw materials or processes	generate	generates	generated	generating	Generator	Generation	generatedBy	https://www.onetonline.org/	O*NET 28.0
https://language.org.ai/Verb/guide	https://language.org.ai/Verb	https://language.org.ai	guide	Directing, leading, or providing direction to someone or something	guide	guides	guided	guiding	Guide	Guidance	guidedBy	https://www.onetonline.org/	O*NET 28.0
https://language.org.ai/Verb/handle	https://language.org.ai/Verb	https://language.org.ai	handle	Managing, dealing with, or taking care of something or someone	handle	handles	handled	handling	Handler	Handling	handledBy	https://www.onetonline.org/	O*NET 28.0
https://language.org.ai/Verb/hold	https://language.org.ai/Verb	https://language.org.ai	hold	Retaining possession of goods or objects, typically in storage.	hold	holds	held	holding	Holder	Holding	heldBy	https://ref.gs1.org/cbv/2.0.0/	CBV 2.0
https://language.org.ai/Verb/identify	https://language.org.ai/Verb	https://language.org.ai	identify	Recognizing, naming, or determining the nature of something	identify	identifies	identified	identifying	Identifier	Identification	identifiedBy	https://www.onetonline.org/	O*NET 28.0
https://language.org.ai/Verb/implement	https://language.org.ai/Verb	https://language.org.ai	implement	Putting a plan, system, or decision into action or effect	implement	implements	implemented	implementing	Implementer	Implementation	implementedBy	https://www.onetonline.org/	O*NET 28.0
https://language.org.ai/Verb/improve	https://language.org.ai/Verb	https://language.org.ai	improve	Making something better or enhancing quality, performance, or value	improve	improves	improved	improving	Improver	Improvement	improvedBy	https://www.onetonline.org/	O*NET 28.0
https://language.org.ai/Verb/inform	https://language.org.ai/Verb	https://language.org.ai	inform	Providing information, knowledge, or communication to other people or systems	inform	informs	informed	informing	Informer	Information	informedBy	https://www.onetonline.org/	O*NET 28.0
https://language.org.ai/Verb/initiate	https://language.org.ai/Verb	https://language.org.ai	initiate	Starting or beginning a process, action, project, or sequence of events	initiate	initiates	initiated	initiating	Initiator	Initiation	initiatedBy	https://www.onetonline.org/	O*NET 28.0
https://language.org.ai/Verb/innovate	https://language.org.ai/Verb	https://language.org.ai	innovate	Creating or introducing new ideas, methods, products, or approaches	innovate	innovates	innovated	innovating	Innovator	Innovation	innovatedBy	https://www.onetonline.org/	O*NET 28.0
https://language.org.ai/Verb/inspect	https://language.org.ai/Verb	https://language.org.ai	inspect	Examining goods or materials for quality, compliance, or condition verification	inspect	inspects	inspected	inspecting	Inspector	Inspection	inspectedBy	https://ref.gs1.org/cbv/2.0.0/	CBV 2.0
https://language.org.ai/Verb/install	https://language.org.ai/Verb	https://language.org.ai	install	Putting equipment or products into service or operational use	install	installs	installed	installing	Installer	Installation	installedBy	https://ref.gs1.org/cbv/2.0.0/	CBV 2.0
https://language.org.ai/Verb/integrate	https://language.org.ai/Verb	https://language.org.ai	integrate	Combining or coordinating separate elements into a unified or cohesive whole	integrate	integrates	integrated	integrating	Integrator	Integration	integratedBy	https://www.onetonline.org/	O*NET 28.0
https://language.org.ai/Verb/interpret	https://language.org.ai/Verb	https://language.org.ai	interpret	Explaining the meaning or significance of information, data, language, or events	interpret	interprets	interpreted	interpreting	Interpreter	Interpretation	interpretedBy	https://www.onetonline.org/	O*NET 28.0
https://language.org.ai/Verb/interview	https://language.org.ai/Verb	https://language.org.ai	interview	Conducting a formal conversation or questioning to gather information or assess candidates	interview	interviews	interviewed	interviewing	Interviewer	Interview	interviewedBy	https://www.onetonline.org/	O*NET 28.0
https://language.org.ai/Verb/investigate	https://language.org.ai/Verb	https://language.org.ai	investigate	Conducting a systematic and detailed examination to discover facts or solve a problem	investigate	investigates	investigated	investigating	Investigator	Investigation	investigatedBy	https://www.onetonline.org/	O*NET 28.0
https://language.org.ai/Verb/invoice	https://language.org.ai/Verb	https://language.org.ai	invoice	Create and send billing documents for goods or services delivered	invoice	invoices	invoiced	invoicing	Invoicer	Invoice	invoicedBy	https://www.apqc.org/	APQC PCF 7.0
https://language.org.ai/Verb/kill	https://language.org.ai/Verb	https://language.org.ai	kill	Permanently disabling or deactivating an RFID tag or tracking device	kill	kills	killed	killing	Killer	Killing	killedBy	https://ref.gs1.org/cbv/2.0.0/	CBV 2.0
https://language.org.ai/Verb/lead	https://language.org.ai/Verb	https://language.org.ai	lead	Guiding, directing, or influencing a group toward a goal or objective	lead	leads	led	leading	Leader	Leadership	ledBy	https://www.onetonline.org/	O*NET 28.0
https://language.org.ai/Verb/learn	https://language.org.ai/Verb	https://language.org.ai	learn	Acquiring knowledge, skills, or understanding through study, experience, or instruction	learn	learns	learned	learning	Learner	Learning	learnedBy	https://www.onetonline.org/	O*NET 28.0
https://language.org.ai/Verb/liquidate	https://language.org.ai/Verb	https://language.org.ai	liquidate	Sell off remaining inventory or assets to convert to cash	liquidate	liquidates	liquidated	liquidating	Liquidator	Liquidation	liquidatedBy	https://www.apqc.org/	APQC PCF 7.0
https://language.org.ai/Verb/load	https://language.org.ai/Verb	https://language.org.ai	load	Placing goods onto a transport vehicle for shipment or transfer	load	loads	loaded	loading	Loader	Loading	loadedBy	https://ref.gs1.org/cbv/2.0.0/	CBV 2.0
https://language.org.ai/Verb/maintain	https://language.org.ai/Verb	https://language.org.ai	maintain	Keeping equipment, systems, or processes in proper working condition through regular upkeep	maintain	maintains	maintained	maintaining	Maintainer	Maintenance	maintainedBy	https://www.onetonline.org/	O*NET 28.0
https://language.org.ai/Verb/manage	https://language.org.ai/Verb	https://language.org.ai	manage	Directing, controlling, or overseeing activities, resources, or personnel to achieve organizational objectives	manage	manages	managed	managing	Manager	Management	managedBy	https://www.onetonline.org/	O*NET 28.0
https://language.org.ai/Verb/manufacture	https://language.org.ai/Verb	https://language.org.ai	manufacture	Produce goods through transformation of raw materials or components	manufacture	manufactures	manufactured	manufacturing	Manufacturer	Manufactured	manufacturedBy	https://www.apqc.org/	APQC PCF 7.0
https://language.org.ai/Verb/market	https://language.org.ai/Verb	https://language.org.ai	market	Promote and advertise products or services to target customers	market	markets	marketed	marketing	Marketer	Marketing	marketedBy	https://www.apqc.org/	APQC PCF 7.0
https://language.org.ai/Verb/measure	https://language.org.ai/Verb	https://language.org.ai	measure	Determining the size, quantity, extent, or magnitude of something using specific units or standards	measure	measures	measured	measuring	Measurer	Measurement	measuredBy	https://www.onetonline.org/	O*NET 28.0
https://language.org.ai/Verb/mediate	https://language.org.ai/Verb	https://language.org.ai	mediate	Acting as an intermediary or neutral party to resolve conflicts or facilitate agreements between parties	mediate	mediates	mediated	mediating	Mediator	Mediation	mediatedBy	https://www.onetonline.org/	O*NET 28.0
https://language.org.ai/Verb/merge	https://language.org.ai/Verb	https://language.org.ai	merge	Combine entities, data, or operations into a single consolidated unit	merge	merges	merged	merging	Merger	Merger	mergedWith	https://www.apqc.org/	APQC PCF 7.0
https://language.org.ai/Verb/modify	https://language.org.ai/Verb	https://language.org.ai	modify	Changing or altering something to suit different requirements, conditions, or preferences	modify	modifies	modified	modifying	Modifier	Modification	modifiedBy	https://www.onetonline.org/	O*NET 28.0
https://language.org.ai/Verb/monitor	https://language.org.ai/Verb	https://language.org.ai	monitor	Observing, tracking, or keeping watch over activities, conditions, or performance to detect changes or problems	monitor	monitors	monitored	monitoring	Monitor	Monitoring	monitoredBy	https://www.onetonline.org/	O*NET 28.0
https://language.org.ai/Verb/motivate	https://language.org.ai/Verb	https://language.org.ai	motivate	Stimulating or inspiring people to take action or achieve goals through encouragement and incentives	motivate	motivates	motivated	motivating	Motivator	Motivation	motivatedBy	https://www.onetonline.org/	O*NET 28.0
https://language.org.ai/Verb/negotiate	https://language.org.ai/Verb	https://language.org.ai	negotiate	Discussing and reaching agreement on terms, conditions, or solutions through dialogue	negotiate	negotiates	negotiated	negotiating	Negotiator	Negotiation	negotiatedBy	https://www.onetonline.org/	O*NET 28.0
https://language.org.ai/Verb/observe	https://language.org.ai/Verb	https://language.org.ai	observe	Watching carefully and noticing details, behaviors, or changes in a situation	observe	observes	observed	observing	Observer	Observation	observedBy	https://www.onetonline.org/	O*NET 28.0
https://language.org.ai/Verb/onboard	https://language.org.ai/Verb	https://language.org.ai	onboard	Integrate new employees, customers, or suppliers into organizational systems	onboard	onboards	onboarded	onboarding	Onboarder	Onboarding	onboardedBy	https://www.apqc.org/	APQC PCF 7.0
https://language.org.ai/Verb/operate	https://language.org.ai/Verb	https://language.org.ai	operate	Controlling and directing the functioning of machinery, equipment, systems, or organizations	operate	operates	operated	operating	Operator	Operation	operatedBy	https://www.onetonline.org/	O*NET 28.0
https://language.org.ai/Verb/optimize	https://language.org.ai/Verb	https://language.org.ai	optimize	Improving efficiency or performance by adjusting variables and removing inefficiencies	optimize	optimizes	optimized	optimizing	Optimizer	Optimization	optimizedBy	https://www.onetonline.org/	O*NET 28.0
https://language.org.ai/Verb/organize	https://language.org.ai/Verb	https://language.org.ai	organize	Arranging, structuring, or coordinating elements into a systematic order or coherent whole	organize	organizes	organized	organizing	Organizer	Organization	organizedBy	https://www.onetonline.org/	O*NET 28.0
https://language.org.ai/Verb/outsource	https://language.org.ai/Verb	https://language.org.ai	outsource	Transfer operations or functions to external service providers	outsource	outsources	outsourced	outsourcing	Outsourcer	Outsourcing	outsourcedBy	https://www.apqc.org/	APQC PCF 7.0
https://language.org.ai/Verb/oversee	https://language.org.ai/Verb	https://language.org.ai	oversee	Supervising, monitoring, and taking responsibility for the work of others or operations	oversee	oversees	oversaw	overseeing	Overseer	Oversight	overseenBy	https://www.onetonline.org/	O*NET 28.0
https://language.org.ai/Verb/pack	https://language.org.ai/Verb	https://language.org.ai	pack	Placing items into packaging for shipment, storage, or sale	pack	packs	packed	packing	Packer	Packing	packedBy	https://ref.gs1.org/cbv/2.0.0/	CBV 2.0
https://language.org.ai/Verb/participate	https://language.org.ai/Verb	https://language.org.ai	participate	Taking part in an activity, discussion, project, or group effort	participate	participates	participated	participating	Participant	Participation	participatedBy	https://www.onetonline.org/	O*NET 28.0
https://language.org.ai/Verb/perform	https://language.org.ai/Verb	https://language.org.ai	perform	Executing, carrying out, or presenting an action or task to achieve a desired result	perform	performs	performed	performing	Performer	Performance	performedBy	https://www.onetonline.org/	O*NET 28.0
https://language.org.ai/Verb/pick	https://language.org.ai/Verb	https://language.org.ai	pick	Selecting items from inventory for fulfillment or use	pick	picks	picked	picking	Picker	Picking	pickedBy	https://ref.gs1.org/cbv/2.0.0/	CBV 2.0
https://language.org.ai/Verb/plan	https://language.org.ai/Verb	https://language.org.ai	plan	Deciding on a course of action or determining what will be done to achieve objectives	plan	plans	planned	planning	Planner	Plan	plannedBy	https://www.onetonline.org/	O*NET 28.0
https://language.org.ai/Verb/prepare	https://language.org.ai/Verb	https://language.org.ai	prepare	Making ready or getting something into a suitable condition for use or action	prepare	prepares	prepared	preparing	Preparer	Preparation	preparedBy	https://www.onetonline.org/	O*NET 28.0
https://language.org.ai/Verb/present	https://language.org.ai/Verb	https://language.org.ai	present	Giving information or displaying something to an audience in a prepared manner	present	presents	presented	presenting	Presenter	Presentation	presentedBy	https://www.onetonline.org/	O*NET 28.0
https://language.org.ai/Verb/prioritize	https://language.org.ai/Verb	https://language.org.ai	prioritize	Determining the order of importance or sequence in which tasks or items should be addressed	prioritize	prioritizes	prioritized	prioritizing	Prioritizer	Prioritization	prioritizedBy	https://www.onetonline.org/	O*NET 28.0
https://language.org.ai/Verb/process	https://language.org.ai/Verb	https://language.org.ai	process	Performing a series of steps or operations to handle, handle, or transform something	process	processes	processed	processing	Processor	Processing	processedBy	https://www.onetonline.org/	O*NET 28.0
https://language.org.ai/Verb/procure	https://language.org.ai/Verb	https://language.org.ai	procure	Obtain needed goods or services through formal purchasing processes	procure	procures	procured	procuring	Procurer	Procurement	procuredBy	https://www.apqc.org/	APQC PCF 7.0
https://language.org.ai/Verb/produce	https://language.org.ai/Verb	https://language.org.ai	produce	Making or generating something, whether through manufacturing, creation, or preparation	produce	produces	produced	producing	Producer	Production	producedBy	https://www.onetonline.org/	O*NET 28.0
https://language.org.ai/Verb/program	https://language.org.ai/Verb	https://language.org.ai	program	Writing computer code, creating instructions, or scheduling operations or events	program	programs	programmed	programming	Programmer	Programming	programmedBy	https://www.onetonline.org/	O*NET 28.0
https://language.org.ai/Verb/promote	https://language.org.ai/Verb	https://language.org.ai	promote	Advancing someone's career position or publicizing and encouraging the adoption of something	promote	promotes	promoted	promoting	Promoter	Promotion	promotedBy	https://www.onetonline.org/	O*NET 28.0
https://language.org.ai/Verb/propose	https://language.org.ai/Verb	https://language.org.ai	propose	Putting forward an idea, plan, or solution for consideration or discussion	propose	proposes	proposed	proposing	Proposer	Proposal	proposedBy	https://www.onetonline.org/	O*NET 28.0
https://language.org.ai/Verb/protect	https://language.org.ai/Verb	https://language.org.ai	protect	Taking actions to keep someone or something safe from harm, damage, or loss	protect	protects	protected	protecting	Protector	Protection	protectedBy	https://www.onetonline.org/	O*NET 28.0
https://language.org.ai/Verb/provide	https://language.org.ai/Verb	https://language.org.ai	provide	Supplying, furnishing, or making something available to someone	provide	provides	provided	providing	Provider	Provision	providedBy	https://www.onetonline.org/	O*NET 28.0
https://language.org.ai/Verb/publish	https://language.org.ai/Verb	https://language.org.ai	publish	Making content, information, or material publicly available through print, digital, or other media	publish	publishes	published	publishing	Publisher	Publication	publishedBy	https://www.onetonline.org/	O*NET 28.0
https://language.org.ai/Verb/purchase	https://language.org.ai/Verb	https://language.org.ai	purchase	Acquiring goods, services, or assets by buying them in exchange for payment	purchase	purchases	purchased	purchasing	Purchaser	Purchase	purchasedBy	https://www.onetonline.org/	O*NET 28.0
https://language.org.ai/Verb/quantify	https://language.org.ai/Verb	https://language.org.ai	quantify	Measuring or expressing something in numerical or mathematical terms	quantify	quantifies	quantified	quantifying	Quantifier	Quantification	quantifiedBy	https://www.onetonline.org/	O*NET 28.0
https://language.org.ai/Verb/query	https://language.org.ai/Verb	https://language.org.ai	query	Asking questions or requesting information to obtain specific data or clarification	query	queries	queried	querying	Querier	Query	queriedBy	https://www.onetonline.org/	O*NET 28.0
https://language.org.ai/Verb/receive	https://language.org.ai/Verb	https://language.org.ai	receive	Taking delivery of goods from a supplier or carrier	receive	receives	received	receiving	Receiver	Receipt	receivedBy	https://ref.gs1.org/cbv/2.0.0/	CBV 2.0
https://language.org.ai/Verb/recommend	https://language.org.ai/Verb	https://language.org.ai	recommend	Suggesting or endorsing a course of action, product, or solution based on analysis or judgment	recommend	recommends	recommended	recommending	Recommender	Recommendation	recommendedBy	https://www.onetonline.org/	O*NET 28.0
https://language.org.ai/Verb/reconcile	https://language.org.ai/Verb	https://language.org.ai	reconcile	Verify that accounts or records match and resolve discrepancies	reconcile	reconciles	reconciled	reconciling	Reconciler	Reconciliation	reconciledBy	https://www.apqc.org/	APQC PCF 7.0
https://language.org.ai/Verb/record	https://language.org.ai/Verb	https://language.org.ai	record	Documenting information, data, or observations in a systematic manner for preservation, reference, or compliance purposes	record	records	recorded	recording	Recorder	Record	recordedBy	https://www.onetonline.org/	O*NET 28.0
https://language.org.ai/Verb/recruit	https://language.org.ai/Verb	https://language.org.ai	recruit	Identifying, attracting, and enrolling qualified candidates or participants for positions, programs, or initiatives	recruit	recruits	recruited	recruiting	Recruiter	Recruitment	recruitedBy	https://www.onetonline.org/	O*NET 28.0
https://language.org.ai/Verb/reduce	https://language.org.ai/Verb	https://language.org.ai	reduce	Decreasing the size, amount, intensity, or complexity of something through systematic action or process	reduce	reduces	reduced	reducing	Reducer	Reduction	reducedBy	https://www.onetonline.org/	O*NET 28.0
https://language.org.ai/Verb/refer	https://language.org.ai/Verb	https://language.org.ai	refer	Directing someone to another person, resource, or service for assistance, information, or specialized support	refer	refers	referred	referring	Referrer	Referral	referredBy	https://www.onetonline.org/	O*NET 28.0
https://language.org.ai/Verb/refine	https://language.org.ai/Verb	https://language.org.ai	refine	Improving the quality, clarity, or effectiveness of something through iterative adjustment, purification, or enhancement	refine	refines	refined	refining	Refiner	Refinement	refinedBy	https://www.onetonline.org/	O*NET 28.0
https://language.org.ai/Verb/register	https://language.org.ai/Verb	https://language.org.ai	register	Officially enrolling, recording, or listing someone or something in a formal system or database for identification or tracking	register	registers	registered	registering	Registrar	Registration	registeredBy	https://www.onetonline.org/	O*NET 28.0
https://language.org.ai/Verb/regulate	https://language.org.ai/Verb	https://language.org.ai	regulate	Controlling, governing, or maintaining something within specified parameters through rules, standards, or enforcement	regulate	regulates	regulated	regulating	Regulator	Regulation	regulatedBy	https://www.onetonline.org/	O*NET 28.0
https://language.org.ai/Verb/remove	https://language.org.ai/Verb	https://language.org.ai	remove	Taking away items from a location or active use	remove	removes	removed	removing	Remover	Removal	removedBy	https://ref.gs1.org/cbv/2.0.0/	CBV 2.0
https://language.org.ai/Verb/repackage	https://language.org.ai/Verb	https://language.org.ai	repackage	Changing packaging of goods or materials	repackage	repackages	repackaged	repackaging	Repackager	Repackaging	repackagedBy	https://ref.gs1.org/cbv/2.0.0/	CBV 2.0
https://language.org.ai/Verb/repair	https://language.org.ai/Verb	https://language.org.ai	repair	Fixing or restoring goods or materials	repair	repairs	repaired	repairing	Repairer	Repair	repairedBy	https://ref.gs1.org/cbv/2.0.0/	CBV 2.0
https://language.org.ai/Verb/replace	https://language.org.ai/Verb	https://language.org.ai	replace	Substituting one item for another	replace	replaces	replaced	replacing	Replacer	Replacement	replacedBy	https://ref.gs1.org/cbv/2.0.0/	CBV 2.0
https://language.org.ai/Verb/replenish	https://language.org.ai/Verb	https://language.org.ai	replenish	Restock or refill inventory to maintain required levels	replenish	replenishes	replenished	replenishing	Replenisher	Replenishment	replenishedBy	https://www.apqc.org/	APQC PCF 7.0
https://language.org.ai/Verb/report	https://language.org.ai/Verb	https://language.org.ai	report	Presenting information, findings, or status updates in a structured format to inform stakeholders or fulfill requirements	report	reports	reported	reporting	Reporter	Report	reportedBy	https://www.onetonline.org/	O*NET 28.0
https://language.org.ai/Verb/request	https://language.org.ai/Verb	https://language.org.ai	request	Asking for or formally soliciting something needed for work activities	request	requests	requested	requesting	Requester	Request	requestedBy	https://www.onetonline.org/	O*NET 28.0
https://language.org.ai/Verb/research	https://language.org.ai/Verb	https://language.org.ai	research	Conducting systematic inquiry to discover or verify facts and information	research	researches	researched	researching	Researcher	Research	researchedBy	https://www.onetonline.org/	O*NET 28.0
https://language.org.ai/Verb/reserve	https://language.org.ai/Verb	https://language.org.ai	reserve	Setting aside goods for future use or allocation	reserve	reserves	reserved	reserving	Reserver	Reservation	reservedBy	https://ref.gs1.org/cbv/2.0.0/	CBV 2.0
https://language.org.ai/Verb/resolve	https://language.org.ai/Verb	https://language.org.ai	resolve	Finding solutions to problems or reaching agreement on disputed issues	resolve	resolves	resolved	resolving	Resolver	Resolution	resolvedBy	https://www.onetonline.org/	O*NET 28.0
https://language.org.ai/Verb/respond	https://language.org.ai/Verb	https://language.org.ai	respond	Reacting to or answering inquiries, requests, or communications from others	respond	responds	responded	responding	Responder	Response	respondedTo	https://www.onetonline.org/	O*NET 28.0
https://language.org.ai/Verb/retire	https://language.org.ai/Verb	https://language.org.ai	retire	Remove assets or systems from service at end of lifecycle	retire	retires	retired	retiring	Retirer	Retirement	retiredBy	https://www.apqc.org/	APQC PCF 7.0
https://language.org.ai/Verb/review	https://language.org.ai/Verb	https://language.org.ai	review	Examining or assessing materials, documents, or work to verify quality and accuracy	review	reviews	reviewed	reviewing	Reviewer	Review	reviewedBy	https://www.onetonline.org/	O*NET 28.0
https://language.org.ai/Verb/revise	https://language.org.ai/Verb	https://language.org.ai	revise	Making changes or corrections to improve documents, plans, or work products	revise	revises	revised	revising	Reviser	Revision	revisedBy	https://www.onetonline.org/	O*NET 28.0
https://language.org.ai/Verb/schedule	https://language.org.ai/Verb	https://language.org.ai	schedule	Planning and organizing activities, meetings, or work to occur at specific times	schedule	schedules	scheduled	scheduling	Scheduler	Schedule	scheduledBy	https://www.onetonline.org/	O*NET 28.0
https://language.org.ai/Verb/search	https://language.org.ai/Verb	https://language.org.ai	search	Looking for or attempting to locate specific information, items, or resources	search	searches	searched	searching	Searcher	Search	searchedFor	https://www.onetonline.org/	O*NET 28.0
https://language.org.ai/Verb/select	https://language.org.ai/Verb	https://language.org.ai	select	Choosing items, options, or individuals from a set of alternatives based on specific criteria or requirements	select	selects	selected	selecting	Selector	Selection	selectedBy	https://www.onetonline.org/	O*NET 28.0
https://language.org.ai/Verb/sell	https://language.org.ai/Verb	https://language.org.ai	sell	Point of sale transaction and retail selling	sell	sells	sold	selling	Seller	Sale	soldBy	https://ref.gs1.org/cbv/2.0.0/	CBV 2.0
https://language.org.ai/Verb/serve	https://language.org.ai/Verb	https://language.org.ai	serve	Providing services, products, or support to customers, clients, or patrons to meet their needs or requirements	serve	serves	served	serving	Server	Service	servedBy	https://www.onetonline.org/	O*NET 28.0
https://language.org.ai/Verb/ship	https://language.org.ai/Verb	https://language.org.ai	ship	Dispatching goods for delivery to destination	ship	ships	shipped	shipping	Shipper	Shipment	shippedBy	https://ref.gs1.org/cbv/2.0.0/	CBV 2.0
https://language.org.ai/Verb/simplify	https://language.org.ai/Verb	https://language.org.ai	simplify	Making something less complex, easier to understand, or more straightforward by removing unnecessary elements or reducing complications	simplify	simplifies	simplified	simplifying	Simplifier	Simplification	simplifiedBy	https://www.onetonline.org/	O*NET 28.0
https://language.org.ai/Verb/solve	https://language.org.ai/Verb	https://language.org.ai	solve	Finding answers or solutions to problems, challenges, or questions through analysis, reasoning, or experimentation	solve	solves	solved	solving	Solver	Solution	solvedBy	https://www.onetonline.org/	O*NET 28.0
https://language.org.ai/Verb/stage	https://language.org.ai/Verb	https://language.org.ai	stage	Preparing goods for shipment or further processing	stage	stages	staged	staging	Stager	Staging	stagedBy	https://ref.gs1.org/cbv/2.0.0/	CBV 2.0
https://language.org.ai/Verb/standardize	https://language.org.ai/Verb	https://language.org.ai	standardize	Establish uniform methods, formats, or practices across organization	standardize	standardizes	standardized	standardizing	Standardizer	Standardization	standardizedBy	https://www.apqc.org/	APQC PCF 7.0
https://language.org.ai/Verb/stock	https://language.org.ai/Verb	https://language.org.ai	stock	Placing goods into storage or inventory location	stock	stocks	stocked	stocking	Stocker	Stocking	stockedBy	https://ref.gs1.org/cbv/2.0.0/	CBV 2.0
https://language.org.ai/Verb/store	https://language.org.ai/Verb	https://language.org.ai	store	Keeping goods or materials in inventory or storage	store	stores	stored	storing	Storer	Storage	storedBy	https://ref.gs1.org/cbv/2.0.0/	CBV 2.0
https://language.org.ai/Verb/strategize	https://language.org.ai/Verb	https://language.org.ai	strategize	Develop comprehensive plans and strategic direction for operations	strategize	strategizes	strategized	strategizing	Strategist	Strategy	strategizedBy	https://www.apqc.org/	APQC PCF 7.0
https://language.org.ai/Verb/streamline	https://language.org.ai/Verb	https://language.org.ai	streamline	Simplify and improve efficiency of processes and operations	streamline	streamlines	streamlined	streamlining	Streamliner	Streamlining	streamlinedBy	https://www.apqc.org/	APQC PCF 7.0
https://language.org.ai/Verb/subcontract	https://language.org.ai/Verb	https://language.org.ai	subcontract	Assign portions of contracted work to secondary vendors	subcontract	subcontracts	subcontracted	subcontracting	Subcontracter	Subcontract	subcontractedBy	https://www.apqc.org/	APQC PCF 7.0
https://language.org.ai/Verb/suspend	https://language.org.ai/Verb	https://language.org.ai	suspend	Temporarily halt or pause operations, services, or access	suspend	suspends	suspended	suspending	Suspender	Suspension	suspendedBy	https://www.apqc.org/	APQC PCF 7.0
https://language.org.ai/Verb/take	https://language.org.ai/Verb	https://language.org.ai	take	Conducting a comprehensive inventory count or stock audit	take	takes	taken	taking	Taker	Taking	takenBy	https://ref.gs1.org/cbv/2.0.0/	CBV 2.0
https://language.org.ai/Verb/transport	https://language.org.ai/Verb	https://language.org.ai	transport	Moving goods or materials between locations or in transit	transport	transports	transported	transporting	Transporter	Transportation	transportedBy	https://ref.gs1.org/cbv/2.0.0/	CBV 2.0
https://language.org.ai/Verb/unload	https://language.org.ai/Verb	https://language.org.ai	unload	Removing goods or materials from a transport vehicle or container	unload	unloads	unloaded	unloading	Unloader	Unloading	unloadedBy	https://ref.gs1.org/cbv/2.0.0/	CBV 2.0
https://language.org.ai/Verb/unpack	https://language.org.ai/Verb	https://language.org.ai	unpack	Removing goods or materials from packaging or containers	unpack	unpacks	unpacked	unpacking	Unpacker	Unpacking	unpackedBy	https://ref.gs1.org/cbv/2.0.0/	CBV 2.0
https://language.org.ai/Verb/unreserve	https://language.org.ai/Verb	https://language.org.ai	unreserve	Releasing inventory that was previously reserved or held for future use	unreserve	unreserves	unreserved	unreserving	Unreserver	Unreserving	unreservedBy	https://ref.gs1.org/cbv/2.0.0/	CBV 2.0
https://language.org.ai/Verb/void	https://language.org.ai/Verb	https://language.org.ai	void	Canceling or nullifying a shipment or transaction	void	voids	voided	voiding	Voider	Voiding	voidedBy	https://ref.gs1.org/cbv/2.0.0/	CBV 2.0
https://language.org.ai/Verb/define	https://language.org.ai/Verb	https://language.org.ai	define	To establish the meaning, scope, or boundaries of something. To specify requirements or parameters clearly.	define	defines	defined	defining	Definer	Definition	definedBy	APQC/ONET	Discovered
https://language.org.ai/Verb/use	https://language.org.ai/Verb	https://language.org.ai	use	To employ or utilize something for a particular purpose. To apply a tool, method, or resource in practice.	use	uses	used	using	User	Usage	usedBy	APQC/ONET	Discovered
https://language.org.ai/Verb/understand	https://language.org.ai/Verb	https://language.org.ai	understand	To comprehend or grasp the meaning, nature, or importance of something. To have knowledge or insight about a subject.	understand	understands	understood	understanding	Understander	Understanding	understoodBy	APQC/ONET	Discovered
https://language.org.ai/Verb/write	https://language.org.ai/Verb	https://language.org.ai	write	To compose text, documentation, or code. To create written materials or records.	write	writes	wrote	writing	Writer	Writing	writtenBy	APQC/ONET	Discovered
https://language.org.ai/Verb/track	https://language.org.ai/Verb	https://language.org.ai	track	To monitor, record, or follow the progress of something over time. To maintain records of status or changes.	track	tracks	tracked	tracking	Tracker	Track	trackedBy	APQC/ONET	Discovered
https://language.org.ai/Verb/train	https://language.org.ai/Verb	https://language.org.ai	train	To teach skills or knowledge to others. To develop capabilities through instruction and practice.	train	trains	trained	training	Trainer	Training	trainedBy	APQC/ONET	Discovered
https://language.org.ai/Verb/validate	https://language.org.ai/Verb	https://language.org.ai	validate	To verify that something meets requirements or standards. To confirm accuracy, correctness, or compliance.	validate	validates	validated	validating	Validator	Validation	validatedBy	APQC/ONET	Discovered
https://language.org.ai/Verb/test	https://language.org.ai/Verb	https://language.org.ai	test	To examine or evaluate something to verify its quality, performance, or functionality. To conduct trials or experiments.	test	tests	tested	testing	Tester	Test	testedBy	APQC/ONET	Discovered
https://language.org.ai/Verb/align	https://language.org.ai/Verb	https://language.org.ai	align	To arrange or position things in proper coordination. To ensure consistency or agreement between elements.	align	aligns	aligned	aligning	Aligner	Alignment	alignedBy	APQC/ONET	Discovered
https://language.org.ai/Verb/solicit	https://language.org.ai/Verb	https://language.org.ai	solicit	To request or seek input, feedback, or participation from others. To actively ask for contributions or responses.	solicit	solicits	solicited	soliciting	Solicitor	Solicitation	solicitedBy	APQC/ONET	Discovered
https://language.org.ai/Verb/support	https://language.org.ai/Verb	https://language.org.ai	support	To provide assistance, resources, or backing to enable work or operations to continue	support	supports	supported	supporting	Supporter	Support	supportedBy	APQC/ONET	Discovered
https://language.org.ai/Verb/derive	https://language.org.ai/Verb	https://language.org.ai	derive	To obtain or extract something from a source through analysis or calculation	derive	derives	derived	deriving	Deriver	Derivation	derivedBy	APQC/ONET	Discovered
https://language.org.ai/Verb/collaborate	https://language.org.ai/Verb	https://language.org.ai	collaborate	To work jointly with others toward a common goal or outcome	collaborate	collaborates	collaborated	collaborating	Collaborator	Collaboration	collaboratedBy	APQC/ONET	Discovered
https://language.org.ai/Verb/order	https://language.org.ai/Verb	https://language.org.ai	order	To arrange items in sequence or to request goods and services	order	orders	ordered	ordering	Orderer	Order	orderedBy	APQC/ONET	Discovered
https://language.org.ai/Verb/adjust	https://language.org.ai/Verb	https://language.org.ai	adjust	To make small changes or modifications to improve fit or accuracy	adjust	adjusts	adjusted	adjusting	Adjuster	Adjustment	adjustedBy	APQC/ONET	Discovered
https://language.org.ai/Verb/teach	https://language.org.ai/Verb	https://language.org.ai	teach	To impart knowledge or skills through instruction and guidance	teach	teaches	taught	teaching	Teacher	Teaching	taughtBy	APQC/ONET	Discovered
https://language.org.ai/Verb/build	https://language.org.ai/Verb	https://language.org.ai	build	To construct or create something by assembling parts or materials	build	builds	built	building	Builder	Build	builtBy	APQC/ONET	Discovered
https://language.org.ai/Verb/obtain	https://language.org.ai/Verb	https://language.org.ai	obtain	To acquire or get possession of something through effort or request	obtain	obtains	obtained	obtaining	Obtainer	Obtainment	obtainedBy	APQC/ONET	Discovered
https://language.org.ai/Verb/ensure	https://language.org.ai/Verb	https://language.org.ai	ensure	To make certain that something will occur or be the case	ensure	ensures	ensured	ensuring	Ensurer	Assurance	ensuredBy	APQC/ONET	Discovered
https://language.org.ai/Verb/gather	https://language.org.ai/Verb	https://language.org.ai	gather	To collect or assemble information, materials, or people from various sources	gather	gathers	gathered	gathering	Gatherer	Gathering	gatheredBy	APQC/ONET	Discovered
https://language.org.ai/Verb/post	https://language.org.ai/Verb	https://language.org.ai	post	To publish or display information, content, or materials in a public or accessible location. Commonly used in digital contexts for sharing content online or in physical contexts for displaying notices.	post	posts	posted	posting	Poster	Post	postedBy	APQC/ONET	Discovered
https://language.org.ai/Verb/contact	https://language.org.ai/Verb	https://language.org.ai	contact	To communicate with or reach out to a person or organization for information, coordination, or relationship building. Essential for business communication and networking activities.	contact	contacts	contacted	contacting	Contact	Contact	contactedBy	APQC/ONET	Discovered
https://language.org.ai/Verb/mentor	https://language.org.ai/Verb	https://language.org.ai	mentor	To guide, advise, and support someone's professional or personal development through experienced counsel. A key activity in talent development and knowledge transfer.	mentor	mentors	mentored	mentoring	Mentor	Mentorship	mentoredBy	APQC/ONET	Discovered
https://language.org.ai/Verb/match	https://language.org.ai/Verb	https://language.org.ai	match	To pair or align items, people, or criteria based on compatibility or correspondence. Used in recruiting, resource allocation, and pattern recognition processes.	match	matches	matched	matching	Matcher	Match	matchedBy	APQC/ONET	Discovered
https://language.org.ai/Verb/model	https://language.org.ai/Verb	https://language.org.ai	model	To create a representation, simulation, or exemplar of a system, process, or behavior. Used in analysis, planning, and demonstration activities.	model	models	modeled	modeling	Modeler	Model	modeledBy	APQC/ONET	Discovered
https://language.org.ai/Verb/calibrate	https://language.org.ai/Verb	https://language.org.ai	calibrate	To adjust, standardize, or fine-tune equipment, processes, or measurements to ensure accuracy and consistency. Critical for quality control and precision operations.	calibrate	calibrates	calibrated	calibrating	Calibrator	Calibration	calibratedBy	APQC/ONET	Discovered
https://language.org.ai/Verb/set	https://language.org.ai/Verb	https://language.org.ai	set	To establish, configure, or position something in a specific state or location. Involves defining parameters, arranging items, or initializing systems.	set	sets	set	setting	Setter	Set	setBy	APQC/ONET	Discovered
https://language.org.ai/Verb/make	https://language.org.ai/Verb	https://language.org.ai	make	To create, produce, or manufacture something through effort or process. A fundamental productive activity across all industries and functions.	make	makes	made	making	Maker	Make	madeBy	APQC/ONET	Discovered
https://language.org.ai/Verb/screen	https://language.org.ai/Verb	https://language.org.ai	screen	To evaluate, filter, or examine candidates, materials, or information against defined criteria. Common in hiring, quality control, and security processes.	screen	screens	screened	screening	Screener	Screen	screenedBy	APQC/ONET	Discovered
https://language.org.ai/Verb/hire	https://language.org.ai/Verb	https://language.org.ai	hire	To employ or engage a person for work or services in exchange for compensation. A core human resources function for building organizational capability.	hire	hires	hired	hiring	Hirer	Hire	hiredBy	APQC/ONET	Discovered
https://language.org.ai/Verb/reward	https://language.org.ai/Verb	https://language.org.ai	reward	To give recognition, compensation, or incentive to someone for their achievements, performance, or contributions. Commonly used in employee recognition and incentive programs.	reward	rewards	rewarded	rewarding	Rewarder	Reward	rewardedBy	APQC/ONET	Discovered
https://language.org.ai/Verb/relocate	https://language.org.ai/Verb	https://language.org.ai	relocate	To move personnel, equipment, or operations from one location to another. Often involves strategic business decisions or workforce management.	relocate	relocates	relocated	relocating	Relocator	Relocation	relocatedBy	APQC/ONET	Discovered
https://language.org.ai/Verb/triage	https://language.org.ai/Verb	https://language.org.ai	triage	To prioritize and categorize tasks, issues, or cases based on urgency and importance. Critical in customer support, healthcare, and incident management.	triage	triages	triaged	triaging	Triager	Triage	triagedBy	APQC/ONET	Discovered
https://language.org.ai/Verb/verify	https://language.org.ai/Verb	https://language.org.ai	verify	To confirm the accuracy, validity, or authenticity of information, data, or credentials. Essential in quality control and compliance processes.	verify	verifies	verified	verifying	Verifier	Verification	verifiedBy	APQC/ONET	Discovered
https://language.org.ai/Verb/issue	https://language.org.ai/Verb	https://language.org.ai	issue	To officially distribute, assign, or publish documents, equipment, or directives. Includes issuing purchase orders, permits, or communications.	issue	issues	issued	issuing	Issuer	Issue	issuedBy	APQC/ONET	Discovered
https://language.org.ai/Verb/cut	https://language.org.ai/Verb	https://language.org.ai	cut	To reduce, eliminate, or physically separate materials or resources. Used in manufacturing, cost reduction, and resource management contexts.	cut	cuts	cut	cutting	Cutter	Cut	cutBy	APQC/ONET	Discovered
https://language.org.ai/Verb/troubleshoot	https://language.org.ai/Verb	https://language.org.ai	troubleshoot	To diagnose and resolve problems in systems, equipment, or processes. Critical skill in IT support, maintenance, and technical services.	troubleshoot	troubleshoots	troubleshot	troubleshooting	Troubleshooter	Troubleshooting	troubleshotBy	APQC/ONET	Discovered
https://language.org.ai/Verb/secure	https://language.org.ai/Verb	https://language.org.ai	secure	To obtain or make safe and protected from threats or risks. Encompasses both acquiring resources and implementing security measures.	secure	secures	secured	securing	Securer	Security	securedBy	APQC/ONET	Discovered
https://language.org.ai/Verb/update	https://language.org.ai/Verb	https://language.org.ai	update	To revise, modify, or bring information and systems to current state. Essential in maintaining accurate records and modern systems.	update	updates	updated	updating	Updater	Update	updatedBy	APQC/ONET	Discovered
https://language.org.ai/Verb/specify	https://language.org.ai/Verb	https://language.org.ai	specify	To define requirements, parameters, or details precisely. Important in requirements gathering, procurement, and design processes.	specify	specifies	specified	specifying	Specifier	Specification	specifiedBy	APQC/ONET	Discovered
https://language.org.ai/Verb/incorporate	https://language.org.ai/Verb	https://language.org.ai	incorporate	To combine or unite elements into a single entity or system. Often used in contexts of integrating new components, forming legal entities, or including elements into a larger whole.	incorporate	incorporates	incorporated	incorporating	Incorporator	Incorporation	incorporatedBy	APQC/ONET	Discovered
https://language.org.ai/Verb/release	https://language.org.ai/Verb	https://language.org.ai	release	To make available, distribute, or free something for use or distribution. Can refer to product launches, information disclosure, or granting freedom from obligations.	release	releases	released	releasing	Releaser	Release	releasedBy	APQC/ONET	Discovered
https://language.org.ai/Verb/service	https://language.org.ai/Verb	https://language.org.ai	service	To perform maintenance, repair, or provide ongoing support for equipment, systems, or customer needs. Involves ensuring continued operation and meeting requirements.	service	services	serviced	servicing	Servicer	Service	servicedBy	APQC/ONET	Discovered
https://language.org.ai/Verb/notify	https://language.org.ai/Verb	https://language.org.ai	notify	To formally inform or give notice to parties about events, changes, or required actions. Ensures stakeholders receive timely communication.	notify	notifies	notified	notifying	Notifier	Notification	notifiedBy	APQC/ONET	Discovered
https://language.org.ai/Verb/submit	https://language.org.ai/Verb	https://language.org.ai	submit	To present or deliver documents, proposals, or work for consideration, approval, or processing. Involves formal presentation to authorities or decision-makers.	submit	submits	submitted	submitting	Submitter	Submission	submittedBy	APQC/ONET	Discovered
https://language.org.ai/Verb/open	https://language.org.ai/Verb	https://language.org.ai	open	To initiate, begin, or make accessible a process, account, facility, or opportunity. Can refer to starting new operations or providing access.	open	opens	opened	opening	Opener	Opening	openedBy	APQC/ONET	Discovered
https://language.org.ai/Verb/liaise	https://language.org.ai/Verb	https://language.org.ai	liaise	To establish and maintain communication and coordination between parties or departments. Involves acting as a connection point to facilitate collaboration.	liaise	liaises	liaised	liaising	Liaison	Liaison	liaisedBy	APQC/ONET	Discovered
https://language.org.ai/Verb/appraise	https://language.org.ai/Verb	https://language.org.ai	appraise	To assess, evaluate, or estimate the value, quality, or performance of assets, employees, or situations. Provides formal judgments based on established criteria.	appraise	appraises	appraised	appraising	Appraiser	Appraisal	appraisedBy	APQC/ONET	Discovered
https://language.org.ai/Verb/consolidate	https://language.org.ai/Verb	https://language.org.ai	consolidate	To combine multiple elements, accounts, or operations into a unified whole for efficiency or clarity. Often involves merging financial records or organizational units.	consolidate	consolidates	consolidated	consolidating	Consolidator	Consolidation	consolidatedBy	APQC/ONET	Discovered
https://language.org.ai/Verb/transfer	https://language.org.ai/Verb	https://language.org.ai	transfer	To move, convey, or relocate something from one place, person, or system to another. Includes physical movement, ownership changes, or data migration between locations or entities.	transfer	transfers	transferred	transferring	Transferrer	Transfer	transferredBy	APQC/ONET	Discovered
https://language.org.ai/Verb/pilot	https://language.org.ai/Verb	https://language.org.ai	pilot	To test, trial, or operate a new program, system, or initiative on a small scale before full implementation. Involves conducting experimental or preliminary runs to validate approaches.	pilot	pilots	piloted	piloting	Pilot	Pilot	pilotedBy	APQC/ONET	Discovered
https://language.org.ai/Verb/file	https://language.org.ai/Verb	https://language.org.ai	file	To submit documents officially or organize materials in a systematic filing system. Used in business processes for document management and regulatory compliance.	file	files	filed	filing	Filer	File	filedBy	APQC/ONET	Discovered
https://language.org.ai/Verb/construct	https://language.org.ai/Verb	https://language.org.ai	construct	To build or create structures, systems, or frameworks. Used in business processes for developing infrastructure, assembling components, or formulating plans.	construct	constructs	constructed	constructing	Constructor	Construction	constructedBy	APQC/ONET	Discovered
https://language.org.ai/Verb/undertake	https://language.org.ai/Verb	https://language.org.ai	undertake	To begin, commit to, or assume responsibility for a task or project. Used in business processes when initiating new initiatives or accepting obligations.	undertake	undertakes	undertook	undertaking	Undertaker	Undertaking	undertakenBy	APQC/ONET	Discovered
https://language.org.ai/Verb/scope	https://language.org.ai/Verb	https://language.org.ai	scope	To define or determine the extent, boundaries, or requirements of a project or initiative. Used in business processes for planning and establishing project parameters.	scope	scopes	scoped	scoping	Scoper	Scope	scopedBy	APQC/ONET	Discovered
https://language.org.ai/Verb/sustain	https://language.org.ai/Verb	https://language.org.ai	sustain	To maintain, support, or keep operational over time. Used in business processes for ongoing operations, maintaining standards, or providing continuous support.	sustain	sustains	sustained	sustaining	Sustainer	Sustenance	sustainedBy	APQC/ONET	Discovered
https://language.org.ai/Verb/inventory	https://language.org.ai/Verb	https://language.org.ai	inventory	To count, catalog, or systematically record items in stock. Used in business processes for asset management, stock control, and physical verification of materials.	inventory	inventories	inventoried	inventorying	Inventorier	Inventory	inventoriedBy	APQC/ONET	Discovered
https://language.org.ai/Verb/read	https://language.org.ai/Verb	https://language.org.ai	read	To interpret written or printed information, or to review and understand documents. Used in business processes for data analysis, document review, and information gathering.	read	reads	read	reading	Reader	Reading	readBy	APQC/ONET	Discovered
https://language.org.ai/Verb/move	https://language.org.ai/Verb	https://language.org.ai	move	To relocate, transfer, or shift items, resources, or operations from one location or state to another. Used in business processes for logistics, resource allocation, and organizational changes.	move	moves	moved	moving	Mover	Move	movedBy	APQC/ONET	Discovered
https://language.org.ai/Verb/account	https://language.org.ai/Verb	https://language.org.ai	account	Provide an explanation or be responsible for something	account	accounts	accounted	accounting	Accountant	Account	accountedBy		
https://language.org.ai/Verb/adapt	https://language.org.ai/Verb	https://language.org.ai	adapt	Modify or adjust to new conditions or requirements	adapt	adapts	adapted	adapting	Adapter	Adaptation	adaptedBy		
https://language.org.ai/Verb/address	https://language.org.ai/Verb	https://language.org.ai	address	Deal with or direct attention to a matter or person	address	addresses	addressed	addressing	Addresser	Address	addressedBy		
https://language.org.ai/Verb/adopt	https://language.org.ai/Verb	https://language.org.ai	adopt	Take on or formally approve a course of action	adopt	adopts	adopted	adopting	Adopter	Adoption	adoptedBy		
https://language.org.ai/Verb/alert	https://language.org.ai/Verb	https://language.org.ai	alert	Make aware of a potential danger or important information	alert	alerts	alerted	alerting	Alerter	Alert	alertedBy		
https://language.org.ai/Verb/allow	https://language.org.ai/Verb	https://language.org.ai	allow	Permit or enable something to happen	allow	allows	allowed	allowing	Allower	Allowance	allowedBy		
https://language.org.ai/Verb/answer	https://language.org.ai/Verb	https://language.org.ai	answer	Provide a response to a question or action	answer	answers	answered	answering	Answerer	Answer	answeredBy		
https://language.org.ai/Verb/ascertain	https://language.org.ai/Verb	https://language.org.ai	ascertain	Determine the facts or details of something with certainty	ascertain	ascertains	ascertained	ascertaining	Ascertainer	Ascertainment	ascertainedBy		
https://language.org.ai/Verb/assure	https://language.org.ai/Verb	https://language.org.ai	assure	Make someone confident or certain about something	assure	assures	assured	assuring	Assurer	Assurance	assuredBy		
https://language.org.ai/Verb/augment	https://language.org.ai/Verb	https://language.org.ai	augment	Make something greater in size or quantity	augment	augments	augmented	augmenting	Augmenter	Augmentation	augmentedBy		
https://language.org.ai/Verb/authenticate	https://language.org.ai/Verb	https://language.org.ai	authenticate	Verify the origin or validity of something	authenticate	authenticates	authenticated	authenticating	Authenticator	Authentication	authenticatedBy		
https://language.org.ai/Verb/automate	https://language.org.ai/Verb	https://language.org.ai	automate	Convert a process to be operated automatically	automate	automates	automated	automating	Automator	Automation	automatedBy		
https://language.org.ai/Verb/avoid	https://language.org.ai/Verb	https://language.org.ai	avoid	Keep away from or prevent something from happening	avoid	avoids	avoided	avoiding	Avoider	Avoidance	avoidedBy		
https://language.org.ai/Verb/Balance	https://language.org.ai/Verb	https://language.org.ai	Balance	Distribute weight or maintain equilibrium in work processes or resources	Balance	balances	balanced	balancing	Balancer	Balance	balancedBy		
https://language.org.ai/Verb/Become	https://language.org.ai/Verb	https://language.org.ai	Become	Develop into or grow to be something different	Become	becomes	became	becoming	Becomer	Becoming	becomeBy		
https://language.org.ai/Verb/Boost	https://language.org.ai/Verb	https://language.org.ai	Boost	Increase or improve performance, productivity, or effectiveness	Boost	boosts	boosted	boosting	Booster	Boost	boostedBy		
https://language.org.ai/Verb/Bridge	https://language.org.ai/Verb	https://language.org.ai	Bridge	Connect or span gaps between different departments, systems, or perspectives	Bridge	bridges	bridged	bridging	Bridger	Bridge	bridgedBy		
https://language.org.ai/Verb/Bundle	https://language.org.ai/Verb	https://language.org.ai	Bundle	Combine multiple items or services into a single package or offering	Bundle	bundles	bundled	bundling	Bundler	Bundle	bundledBy		
https://language.org.ai/Verb/Buy	https://language.org.ai/Verb	https://language.org.ai	Buy	Acquire or purchase goods or services for organizational use	Buy	buys	bought	buying	Buyer	Buy	boughtBy		
https://language.org.ai/Verb/Carry	https://language.org.ai/Verb	https://language.org.ai	Carry	Transport, convey, or maintain responsibility for tasks or items	Carry	carries	carried	carrying	Carrier	Carry	carriedBy		
https://language.org.ai/Verb/Change	https://language.org.ai/Verb	https://language.org.ai	Change	Alter, transform, or modify processes, systems, or approaches	Change	changes	changed	changing	Changer	Change	changedBy		
https://language.org.ai/Verb/Clarify	https://language.org.ai/Verb	https://language.org.ai	Clarify	Make something clear or easier to understand in communication	Clarify	clarifies	clarified	clarifying	Clarifier	Clarification	clarifiedBy		
https://language.org.ai/Verb/Coach	https://language.org.ai/Verb	https://language.org.ai	Coach	Guide, train, or develop individuals to improve performance	Coach	coaches	coached	coaching	Coach	Coaching	coachedBy		
https://language.org.ai/Verb/Combine	https://language.org.ai/Verb	https://language.org.ai	Combine	Join or merge multiple elements into an integrated whole	Combine	combines	combined	combining	Combiner	Combination	combinedBy		
https://language.org.ai/Verb/Commence	https://language.org.ai/Verb	https://language.org.ai	Commence	Begin or start a project, activity, or business operation	Commence	commences	commenced	commencing	Commencer	Commencement	commencedBy		
https://language.org.ai/Verb/Confer	https://language.org.ai/Verb	https://language.org.ai	Confer	Consult or discuss with colleagues to exchange ideas or make decisions	Confer	confers	conferred	conferring	Conferrer	Conferral	conferredBy		
https://language.org.ai/Verb/Consider	https://language.org.ai/Verb	https://language.org.ai	Consider	Give thought to or evaluate options, factors, or proposals carefully	Consider	considers	considered	considering	Considerer	Consideration	consideredBy		
https://language.org.ai/Verb/Correct	https://language.org.ai/Verb	https://language.org.ai	Correct	Fix errors or adjust something to make it accurate or proper	Correct	corrects	corrected	correcting	Corrector	Correction	correctedBy		
https://language.org.ai/Verb/Correspond	https://language.org.ai/Verb	https://language.org.ai	Correspond	Communicate or be in agreement with someone or something; exchange letters or messages	Correspond	corresponds	corresponded	corresponding	Correspondent	Correspondence	correspondedWith		
https://language.org.ai/Verb/Craft	https://language.org.ai/Verb	https://language.org.ai	Craft	Create or make something skillfully with careful attention to detail	Craft	crafts	crafted	crafting	Crafter	Craft	craftedBy		
https://language.org.ai/Verb/Describe	https://language.org.ai/Verb	https://language.org.ai	Describe	Provide details or an account of something; explain characteristics or features	Describe	describes	described	describing	Describer	Description	describedBy		
https://language.org.ai/Verb/Detect	https://language.org.ai/Verb	https://language.org.ai	Detect	Discover or identify the presence of something, often something hidden or subtle	Detect	detects	detected	detecting	Detector	Detection	detectedBy		
https://language.org.ai/Verb/Dig	https://language.org.ai/Verb	https://language.org.ai	Dig	Excavate or search deeply into something; investigate thoroughly	Dig	digs	dug	digging	Digger	Dig	dugBy		
https://language.org.ai/Verb/Display	https://language.org.ai/Verb	https://language.org.ai	Display	Show or present something prominently for others to see; exhibit	Display	displays	displayed	displaying	Displayer	Display	displayedBy		
https://language.org.ai/Verb/Disseminate	https://language.org.ai/Verb	https://language.org.ai	Disseminate	Spread or distribute information, ideas, or knowledge widely	Disseminate	disseminates	disseminated	disseminating	Disseminator	Dissemination	disseminatedBy		
https://language.org.ai/Verb/Distill	https://language.org.ai/Verb	https://language.org.ai	Distill	Extract the essential meaning or most important elements from something; refine or purify	Distill	distills	distilled	distilling	Distiller	Distillation	distilledBy		
https://language.org.ai/Verb/Draw	https://language.org.ai/Verb	https://language.org.ai	Draw	Attract or pull something toward oneself; create a visual representation; conclude or infer	Draw	draws	drew	drawing	Drawer	Drawing	drawnBy		
https://language.org.ai/Verb/Eliminate	https://language.org.ai/Verb	https://language.org.ai	Eliminate	Remove, get rid of, or exclude someone or something completely	Eliminate	eliminates	eliminated	eliminating	Eliminator	Elimination	eliminatedBy		
https://language.org.ai/Verb/Encourage	https://language.org.ai/Verb	https://language.org.ai	Encourage	Give support, confidence, or motivation to someone to do something	Encourage	encourages	encouraged	encouraging	Encourager	Encouragement	encouragedBy		
https://language.org.ai/Verb/Enhance	https://language.org.ai/Verb	https://language.org.ai	Enhance	Make something better, stronger, or more effective; improve	Enhance	enhances	enhanced	enhancing	Enhancer	Enhancement	enhancedBy		
https://language.org.ai/Verb/Evolve	https://language.org.ai/Verb	https://language.org.ai	Evolve	Develop gradually or change over time; progress or advance	Evolve	evolves	evolved	evolving	Evolver	Evolution	evolvedBy		
https://language.org.ai/Verb/Expand	https://language.org.ai/Verb	https://language.org.ai	Expand	Make something larger, wider, or more extensive; increase in size or scope	Expand	expands	expanded	expanding	Expander	Expansion	expandedBy		
https://language.org.ai/Verb/Expedite	https://language.org.ai/Verb	https://language.org.ai	Expedite	Speed up a process; make something happen faster or more quickly	Expedite	expedites	expedited	expediting	Expediter	Expedition	expeditedBy		
https://language.org.ai/Verb/Explore	https://language.org.ai/Verb	https://language.org.ai	Explore	Investigate or examine something thoroughly to discover information or possibilities	Explore	explores	explored	exploring	Explorer	Exploration	exploredBy		
https://language.org.ai/Verb/Express	https://language.org.ai/Verb	https://language.org.ai	Express	Convey ideas, opinions, or emotions clearly and effectively	Express	expresses	expressed	expressing	Expresser	Expression	expressedBy		
https://language.org.ai/Verb/Extend	https://language.org.ai/Verb	https://language.org.ai	Extend	Stretch out, enlarge, or increase the scope or duration of something	Extend	extends	extended	extending	Extender	Extension	extendedBy		
https://language.org.ai/Verb/Fill	https://language.org.ai/Verb	https://language.org.ai	Fill	Complete a space or make something full by adding content or material	Fill	fills	filled	filling	Filler	Filling	filledBy		
https://language.org.ai/Verb/Follow	https://language.org.ai/Verb	https://language.org.ai	Follow	Move or proceed in the same direction, or comply with instructions or guidance	Follow	follows	followed	following	Follower	Following	followedBy		
https://language.org.ai/Verb/Form	https://language.org.ai/Verb	https://language.org.ai	Form	Shape, create, or develop something into a specific structure or arrangement	Form	forms	formed	forming	Former	Formation	formedBy		
https://language.org.ai/Verb/Formalize	https://language.org.ai/Verb	https://language.org.ai	Formalize	Make something official or put it into a standardized format	Formalize	formalizes	formalized	formalizing	Formalizer	Formalization	formalizedBy		
https://language.org.ai/Verb/Gain	https://language.org.ai/Verb	https://language.org.ai	Gain	Obtain, achieve, or increase something desired such as knowledge or advantage	Gain	gains	gained	gaining	Gainer	Gain	gainedBy		
https://language.org.ai/Verb/Get	https://language.org.ai/Verb	https://language.org.ai	Get	Obtain, acquire, or receive something needed or desired	Get	gets	gotten	getting	Getter	Getting	gottenBy		
https://language.org.ai/Verb/Give	https://language.org.ai/Verb	https://language.org.ai	Give	Provide, offer, or transfer something to another person or entity	Give	gives	gave	giving	Giver	Gift	givenBy		
https://language.org.ai/Verb/Glean	https://language.org.ai/Verb	https://language.org.ai	Glean	Gradually collect or gather information, knowledge, or resources from various sources	Glean	gleans	gleaned	gleaning	Gleaner	Gleaning	gleaned By		
https://language.org.ai/Verb/Govern	https://language.org.ai/Verb	https://language.org.ai	Govern	Direct, control, or manage an organization, process, or situation according to rules	Govern	governs	governed	governing	Governor	Governance	governedBy		
https://language.org.ai/Verb/Grow	https://language.org.ai/Verb	https://language.org.ai	Grow	Increase in size, value, scope, or importance over time	Grow	grows	grew	growing	Grower	Growth	grownBy		
https://language.org.ai/Verb/Hand	https://language.org.ai/Verb	https://language.org.ai	Hand	Give, pass, or deliver something to another person	Hand	hands	handed	handing	Handler	Handoff	handedBy		
https://language.org.ai/Verb/Harvest	https://language.org.ai/Verb	https://language.org.ai	Harvest	Gather, collect, or extract the results or benefits of previous efforts	Harvest	harvests	harvested	harvesting	Harvester	Harvest	harvestedBy		
https://language.org.ai/Verb/have	https://language.org.ai/Verb	https://language.org.ai	have	Possess, own, or maintain control or responsibility for something	have	has	had	having	Haver	Having	hadBy		
https://language.org.ai/Verb/help	https://language.org.ai/Verb	https://language.org.ai	help	Provide assistance, support, or aid to someone to accomplish a task	help	helps	helped	helping	Helper	Help	helpedBy		
https://language.org.ai/Verb/hoist	https://language.org.ai/Verb	https://language.org.ai	hoist	Lift or raise something to a higher position using equipment or effort	hoist	hoists	hoisted	hoisting	Hoister	Hoist	hoisedBy		
https://language.org.ai/Verb/import	https://language.org.ai/Verb	https://language.org.ai	import	Bring in goods, data, or concepts from outside sources into a system	import	imports	imported	importing	Importer	Import	importedBy		
https://language.org.ai/Verb/include	https://language.org.ai/Verb	https://language.org.ai	include	Contain or comprise as a constituent part; add something to a group	include	includes	included	including	Includer	Inclusion	includedBy		
https://language.org.ai/Verb/increase	https://language.org.ai/Verb	https://language.org.ai	increase	Make something greater in size, amount, degree, or intensity	increase	increases	increased	increasing	Increaser	Increase	increasedBy		
https://language.org.ai/Verb/indicate	https://language.org.ai/Verb	https://language.org.ai	indicate	Point out, show, or suggest that something is the case	indicate	indicates	indicated	indicating	Indicator	Indication	indicatedBy		
https://language.org.ai/Verb/ingest	https://language.org.ai/Verb	https://language.org.ai	ingest	Take in or consume data, information, or substances for processing	ingest	ingests	ingested	ingesting	Ingester	Ingestion	ingestedBy		
https://language.org.ai/Verb/interact	https://language.org.ai/Verb	https://language.org.ai	interact	Engage in communication or activity with others or systems	interact	interacts	interacted	interacting	Interactor	Interaction	interactedBy		
https://language.org.ai/Verb/introduce	https://language.org.ai/Verb	https://language.org.ai	introduce	Present, bring in, or make someone aware of something new	introduce	introduces	introduced	introducing	Introducer	Introduction	introducedBy		
https://language.org.ai/Verb/invest	https://language.org.ai/Verb	https://language.org.ai	invest	Commit resources, time, or capital with expectation of return or benefit	invest	invests	invested	investing	Investor	Investment	investedBy		
https://language.org.ai/Verb/invite	https://language.org.ai/Verb	https://language.org.ai	invite	Request or encourage someone's presence or participation in an event	invite	invites	invited	inviting	Inviter	Invitation	invitedBy		
https://language.org.ai/Verb/keep	https://language.org.ai/Verb	https://language.org.ai	keep	Maintain, retain, or continue to have or do something over time	keep	keeps	kept	keeping	Keeper	Keeping	keptBy		
https://language.org.ai/Verb/label	https://language.org.ai/Verb	https://language.org.ai	label	Assign a name, description, or category to identify something	label	labels	labeled	labeling	Labeler	Label	labeledBy		
https://language.org.ai/Verb/launch	https://language.org.ai/Verb	https://language.org.ai	launch	Initiate or start a process, project, or activity formally	launch	launches	launched	launching	Launcher	Launch	launchedBy		
https://language.org.ai/Verb/Leverage	https://language.org.ai/Verb	https://language.org.ai	Leverage	Use or employ a resource, skill, or advantage strategically to achieve maximum benefit	Leverage	leverages	leveraged	leveraging	Leverager	Leverage	leveragedBy		
https://language.org.ai/Verb/Locate	https://language.org.ai/Verb	https://language.org.ai	Locate	Find or determine the position or place of something or someone	Locate	locates	located	locating	Locator	Location	locatedBy		
https://language.org.ai/Verb/Log	https://language.org.ai/Verb	https://language.org.ai	Log	Record information systematically in a document, database, or register	Log	logs	logged	logging	Logger	Log	loggedBy		
https://language.org.ai/Verb/Maximize	https://language.org.ai/Verb	https://language.org.ai	Maximize	Increase to the greatest possible extent or highest achievable level	Maximize	maximizes	maximized	maximizing	Maximizer	Maximization	maximizedBy		
https://language.org.ai/Verb/Meet	https://language.org.ai/Verb	https://language.org.ai	Meet	Satisfy a requirement, expectation, or obligation	Meet	meets	met	meeting	Meeter	Meeting	metBy		
https://language.org.ai/Verb/Minimize	https://language.org.ai/Verb	https://language.org.ai	Minimize	Reduce to the smallest possible extent or lowest acceptable level	Minimize	minimizes	minimized	minimizing	Minimizer	Minimization	minimizedBy		
https://language.org.ai/Verb/Mitigate	https://language.org.ai/Verb	https://language.org.ai	Mitigate	Make less severe, reduce the impact or seriousness of a problem	Mitigate	mitigates	mitigated	mitigating	Mitigator	Mitigation	mitigatedBy		
https://language.org.ai/Verb/Mix	https://language.org.ai/Verb	https://language.org.ai	Mix	Combine different elements, substances, or groups together	Mix	mixes	mixed	mixing	Mixer	Mixture	mixedBy		
https://language.org.ai/Verb/Offer	https://language.org.ai/Verb	https://language.org.ai	Offer	Present, propose, or make available something for consideration or acceptance	Offer	offers	offered	offering	Offerer	Offering	offeredBy		
https://language.org.ai/Verb/Offset	https://language.org.ai/Verb	https://language.org.ai	Offset	Counterbalance or compensate for something by using an opposite force or factor	Offset	offsets	offset	offsetting	Offsetter	Offset	offsetBy		
https://language.org.ai/Verb/Orchestrate	https://language.org.ai/Verb	https://language.org.ai	Orchestrate	Plan, organize, and coordinate complex activities or efforts	Orchestrate	orchestrates	orchestrated	orchestrating	Orchestrator	Orchestration	orchestratedBy		
https://language.org.ai/Verb/Outline	https://language.org.ai/Verb	https://language.org.ai	Outline	Describe or mark the main points, structure, or shape of something	Outline	outlines	outlined	outlining	Outliner	Outline	outlinedBy		
https://language.org.ai/Verb/Pay	https://language.org.ai/Verb	https://language.org.ai	Pay	Give money in exchange for goods or services, or give attention to something	Pay	pays	paid	paying	Payer	Payment	paidBy		
https://language.org.ai/Verb/Personalize	https://language.org.ai/Verb	https://language.org.ai	Personalize	Customize or adapt something to meet individual preferences or requirements	Personalize	personalizes	personalized	personalizing	Personalizer	Personalization	personalizedBy		
https://language.org.ai/Verb/Place	https://language.org.ai/Verb	https://language.org.ai	Place	Put or position something in a particular location or situation	Place	places	placed	placing	Placer	Placement	placedBy		
https://language.org.ai/Verb/Predict	https://language.org.ai/Verb	https://language.org.ai	Predict	Make a forecast or determination about future outcomes or events	Predict	predicts	predicted	predicting	Predictor	Prediction	predictedBy		
https://language.org.ai/Verb/Prevent	https://language.org.ai/Verb	https://language.org.ai	Prevent	Stop or hinder something from happening or occurring	Prevent	prevents	prevented	preventing	Preventer	Prevention	preventedBy		
https://language.org.ai/Verb/Prove	https://language.org.ai/Verb	https://language.org.ai	Prove	Demonstrate or establish the truth or validity of something	Prove	proves	proved	proving	Prover	Proof	provedBy		
https://language.org.ai/Verb/Put	https://language.org.ai/Verb	https://language.org.ai	Put	Place or position something in a specific location or state	Put	puts	put	putting	Putter	Placement	putBy		
https://language.org.ai/Verb/Qualify	https://language.org.ai/Verb	https://language.org.ai	Qualify	Meet the necessary requirements or standards for something	Qualify	qualifies	qualified	qualifying	Qualifier	Qualification	qualifiedBy		
https://language.org.ai/Verb/Reach	https://language.org.ai/Verb	https://language.org.ai	Reach	Arrive at or attain a particular level or destination	Reach	reaches	reached	reaching	Reacher	Reach	reachedBy		
https://language.org.ai/Verb/React	https://language.org.ai/Verb	https://language.org.ai	React	Respond or take action in response to something	React	reacts	reacted	reacting	Reactor	Reaction	reactedBy		
https://language.org.ai/Verb/Realign	https://language.org.ai/Verb	https://language.org.ai	Realign	Adjust or reposition something to correct alignment or focus	Realign	realigns	realigned	realigning	Realigner	Realignment	realignedBy		
https://language.org.ai/Verb/Recognize	https://language.org.ai/Verb	https://language.org.ai	Recognize	Identify or acknowledge something as valid or worthy	Recognize	recognizes	recognized	recognizing	Recognizer	Recognition	recognizedBy		
https://language.org.ai/Verb/Recover	https://language.org.ai/Verb	https://language.org.ai	Recover	Return to a normal state or retrieve something lost	Recover	recovers	recovered	recovering	Recoverer	Recovery	recoveredBy		
https://language.org.ai/Verb/Reflect	https://language.org.ai/Verb	https://language.org.ai	Reflect	Consider carefully or demonstrate a particular quality or characteristic	Reflect	reflects	reflected	reflecting	Reflector	Reflection	reflectedBy		
https://language.org.ai/Verb/Relate	https://language.org.ai/Verb	https://language.org.ai	Relate	Show a connection between things or communicate information	Relate	relates	related	relating	Relater	Relation	relatedBy		
https://language.org.ai/Verb/Remediate	https://language.org.ai/Verb	https://language.org.ai	Remediate	Take corrective action to fix or address a problem	Remediate	remediates	remediated	remediating	Remediator	Remediation	remediatedBy		
https://language.org.ai/Verb/Replicate	https://language.org.ai/Verb	https://language.org.ai	Replicate	Make an exact copy or reproduce something	Replicate	replicates	replicated	replicating	Replicator	Replication	replicatedBy		
https://language.org.ai/Verb/Retain	https://language.org.ai/Verb	https://language.org.ai	Retain	Keep or maintain possession of something	Retain	retains	retained	retaining	Retainer	Retention	retainedBy		
https://language.org.ai/Verb/retrieve	https://language.org.ai/Verb	https://language.org.ai	retrieve	Obtain and bring back information or data from a storage system	retrieve	retrieves	retrieved	retrieving	Retriever	Retrieval	retrievedBy		
https://language.org.ai/Verb/return	https://language.org.ai/Verb	https://language.org.ai	return	Give back or send something to its original location or owner	return	returns	returned	returning	Returner	Return	returnedBy		
https://language.org.ai/Verb/revamp	https://language.org.ai/Verb	https://language.org.ai	revamp	Completely renovate or redesign something for improvement	revamp	revamps	revamped	revamping	Revamper	Revamp	revampedBy		
https://language.org.ai/Verb/rework	https://language.org.ai/Verb	https://language.org.ai	rework	Reshape or redo work to improve quality or efficiency	rework	reworks	reworked	reworking	Reworker	Rework	reworkedBy		
https://language.org.ai/Verb/route	https://language.org.ai/Verb	https://language.org.ai	route	Direct or send something along a specific path or channel	route	routes	routed	routing	Router	Route	routedBy		
https://language.org.ai/Verb/run	https://language.org.ai/Verb	https://language.org.ai	run	Execute or operate a system, process, or program	run	runs	ran	running	Runner	Run	runBy		
https://language.org.ai/Verb/save	https://language.org.ai/Verb	https://language.org.ai	save	Store or preserve data, documents, or resources for future use	save	saves	saved	saving	Saver	Saving	savedBy		
https://language.org.ai/Verb/scan	https://language.org.ai/Verb	https://language.org.ai	scan	Examine or review documents or data systematically for information	scan	scans	scanned	scanning	Scanner	Scan	scannedBy		
https://language.org.ai/Verb/scout	https://language.org.ai/Verb	https://language.org.ai	scout	Explore or investigate an area to gather intelligence or assess conditions	scout	scouts	scouted	scouting	Scout	Scout	scoutedBy		
https://language.org.ai/Verb/see	https://language.org.ai/Verb	https://language.org.ai	see	Perceive or understand information visually or conceptually	see	sees	saw	seeing	Seer	Sight	seenBy		
https://language.org.ai/Verb/seek	https://language.org.ai/Verb	https://language.org.ai	seek	Actively search for or pursue specific information or resources	seek	seeks	sought	seeking	Seeker	Seek	soughtBy		
https://language.org.ai/Verb/send	https://language.org.ai/Verb	https://language.org.ai	send	Dispatch or transmit something to a recipient or destination	send	sends	sent	sending	Sender	Sending	sentBy		
https://language.org.ai/Verb/settle	https://language.org.ai/Verb	https://language.org.ai	settle	Resolve a dispute or establish an agreement definitively	settle	settles	settled	settling	Settler	Settlement	settledBy		
https://language.org.ai/Verb/share	https://language.org.ai/Verb	https://language.org.ai	share	Distribute or communicate information to multiple stakeholders	share	shares	shared	sharing	Sharer	Sharing	sharedBy		
https://language.org.ai/Verb/shift	https://language.org.ai/Verb	https://language.org.ai	shift	Move or transfer responsibility, focus, or resources to a different state	shift	shifts	shifted	shifting	Shifter	Shift	shiftedBy		
https://language.org.ai/Verb/source	https://language.org.ai/Verb	https://language.org.ai	source	Obtain or identify the origin or primary location of something	source	sources	sourced	sourcing	Sourcer	Source	sourcedBy		
https://language.org.ai/Verb/speak	https://language.org.ai/Verb	https://language.org.ai	speak	Communicate information or ideas verbally to an audience	speak	speaks	spoke	speaking	Speaker	Speech	spokenBy		
https://language.org.ai/Verb/start	https://language.org.ai/Verb	https://language.org.ai	start	Begin or initiate an activity, process, or organization	start	starts	started	starting	Starter	Start	startedBy		
https://language.org.ai/Verb/stop	https://language.org.ai/Verb	https://language.org.ai	stop	Cease or halt an activity or operation	stop	stops	stopped	stopping	Stopper	Stop	stoppedBy		
https://language.org.ai/Verb/strengthen	https://language.org.ai/Verb	https://language.org.ai	strengthen	Make something stronger or more robust in capacity	strengthen	strengthens	strengthened	strengthening	Strengthener	Strengthening	strengthenedBy		
https://language.org.ai/Verb/suggest	https://language.org.ai/Verb	https://language.org.ai	suggest	Propose an idea or course of action for consideration	suggest	suggests	suggested	suggesting	Suggester	Suggestion	suggestedBy		
https://language.org.ai/Verb/summarize	https://language.org.ai/Verb	https://language.org.ai	summarize	Present a concise overview of the main points	summarize	summarizes	summarized	summarizing	Summarizer	Summary	summarizedBy		
https://language.org.ai/Verb/supervise	https://language.org.ai/Verb	https://language.org.ai	supervise	Direct and oversee the work of subordinates or a process	supervise	supervises	supervised	supervising	Supervisor	Supervision	supervisedBy		
https://language.org.ai/Verb/supplement	https://language.org.ai/Verb	https://language.org.ai	supplement	Add something additional to complete or enhance	supplement	supplements	supplemented	supplementing	Supplementer	Supplement	supplementedBy		
https://language.org.ai/Verb/supply	https://language.org.ai/Verb	https://language.org.ai	supply	Provide or furnish something that is needed	supply	supplies	supplied	supplying	Supplier	Supply	suppliedBy		
https://language.org.ai/Verb/survey	https://language.org.ai/Verb	https://language.org.ai	survey	Examine or assess a situation, opinion, or property	survey	surveys	surveyed	surveying	Surveyor	Survey	surveyedBy		
https://language.org.ai/Verb/switch	https://language.org.ai/Verb	https://language.org.ai	switch	Change from one thing to another or reverse a position	switch	switches	switched	switching	Switcher	Switch	switchedBy		
https://language.org.ai/Verb/synthesize	https://language.org.ai/Verb	https://language.org.ai	synthesize	Combine elements into a unified whole or integrate information	synthesize	synthesizes	synthesized	synthesizing	Synthesizer	Synthesis	synthesizedBy		
https://language.org.ai/Verb/tap	https://language.org.ai/Verb	https://language.org.ai	tap	Strike lightly or access a resource for use	tap	taps	tapped	tapping	Tapper	Tap	tappedBy		
https://language.org.ai/Verb/target	https://language.org.ai/Verb	https://language.org.ai	target	Direct efforts toward achieving a specific goal or audience	target	targets	targeted	targeting	Targeter	Target	targetedBy		
https://language.org.ai/Verb/tint	https://language.org.ai/Verb	https://language.org.ai	tint	Apply a slight shade or color variation to something	tint	tints	tinted	tinting	Tinter	Tint	tintedBy		
https://language.org.ai/Verb/transform	https://language.org.ai/Verb	https://language.org.ai	transform	Fundamentally change the form, nature, or function of something	transform	transforms	transformed	transforming	Transformer	Transformation	transformedBy		
https://language.org.ai/Verb/translate	https://language.org.ai/Verb	https://language.org.ai	translate	Convert text or communication from one language or format to another	translate	translates	translated	translating	Translator	Translation	translatedBy		
https://language.org.ai/Verb/uncover	https://language.org.ai/Verb	https://language.org.ai	uncover	Discover or reveal hidden information, issues, or insights	uncover	uncovers	uncovered	uncovering	Uncoverer	Discovery	uncoveredBy		
https://language.org.ai/Verb/unlock	https://language.org.ai/Verb	https://language.org.ai	unlock	Release restrictions or enable access to resources, opportunities, or potential	unlock	unlocks	unlocked	unlocking	Unlocker	Unlock	unlockedBy		
https://language.org.ai/Verb/upgrade	https://language.org.ai/Verb	https://language.org.ai	upgrade	Improve the quality, capability, or version of something to a higher standard	upgrade	upgrades	upgraded	upgrading	Upgrader	Upgrade	upgradedBy		
https://language.org.ai/Verb/upload	https://language.org.ai/Verb	https://language.org.ai	upload	Transfer data or files from a local device to a server or cloud system	upload	uploads	uploaded	uploading	Uploader	Upload	uploadedBy		
https://language.org.ai/Verb/utilize	https://language.org.ai/Verb	https://language.org.ai	utilize	Make practical and effective use of something for a specific purpose or goal	utilize	utilizes	utilized	utilizing	Utilizer	Utilization	utilizedBy		
https://language.org.ai/Verb/Position	https://language.org.ai/Verb	https://language.org.ai	Position	Place or arrange something in a particular location or role	Position	positions	positioned	positioning	Positioner	Positioning	positionedBy		
https://language.org.ai/Verb/Time	https://language.org.ai/Verb	https://language.org.ai	Time	Schedule or coordinate the scheduling of events or activities	Time	times	timed	timing	Timer	Timing	timedBy		
https://language.org.ai/Verb/Sample	https://language.org.ai/Verb	https://language.org.ai	Sample	Select or extract a representative subset from a larger population	Sample	samples	sampled	sampling	Sampler	Sampling	sampledBy		
https://language.org.ai/Verb/Fund	https://language.org.ai/Verb	https://language.org.ai	Fund	Provide financial resources or capital to support operations or projects	Fund	funds	funded	funding	Funder	Funding	fundedBy		
https://language.org.ai/Verb/Score	https://language.org.ai/Verb	https://language.org.ai	Score	Achieve points or evaluate performance against predetermined criteria	Score	scores	scored	scoring	Scorer	Scoring	scoredBy		
https://language.org.ai/Verb/Price	https://language.org.ai/Verb	https://language.org.ai	Price	Determine or set the cost of goods or services	Price	prices	priced	pricing	Pricer	Pricing	pricedBy		
https://language.org.ai/Verb/Finance	https://language.org.ai/Verb	https://language.org.ai	Finance	Provide capital or monetary resources to support business operations	Finance	finances	financed	financing	Financer	Financing	financedBy		
https://language.org.ai/Verb/License	https://language.org.ai/Verb	https://language.org.ai	License	Grant official permission or authority to operate or perform activities	License	licenses	licensed	licensing	Licenser	Licensing	licensedBy		
https://language.org.ai/Verb/Warehouse	https://language.org.ai/Verb	https://language.org.ai	Warehouse	Store or hold goods in a facility for inventory management	Warehouse	warehouses	warehoused	warehousing	Warehouser	Warehousing	warehoused By		
https://language.org.ai/Verb/Reprocess	https://language.org.ai/Verb	https://language.org.ai	Reprocess	Treat or process something again to improve quality or compliance	Reprocess	reprocesses	reprocessed	reprocessing	Reprocessor	Reprocessing	reprocessedBy		
https://language.org.ai/Verb/Resource	https://language.org.ai/Verb	https://language.org.ai	Resource	Allocate or provide necessary materials, assets, or human capital	Resource	resources	resourced	resourcing	Resourcer	Resourcing	resourcedBy		
https://language.org.ai/Verb/Restructure	https://language.org.ai/Verb	https://language.org.ai	Restructure	Reorganize or redesign an organization or system for improved efficiency	Restructure	restructures	restructured	restructuring	Restructurer	Restructuring	restructuredBy		
https://language.org.ai/Verb/Resume	https://language.org.ai/Verb	https://language.org.ai	Resume	Continue or recommence an activity that was previously paused	Resume	resumes	resumed	resuming	Resumer	Resuming	resumedBy		
https://language.org.ai/Verb/Map	https://language.org.ai/Verb	https://language.org.ai	Map	Create a representation or plan showing relationships or locations	Map	maps	mapped	mapping	Mapper	Mapping	mappedBy		
https://language.org.ai/Verb/Work	https://language.org.ai/Verb	https://language.org.ai	Work	Perform tasks or labor to accomplish objectives or goals	Work	works	worked	working	Worker	Working	workedByrefresh	To update, renew, or restore something to a current or improved state; to make something feel new or revitalized	refreshes