url	ns	type	id	code	name	description	appCount
https://searches.org.ai/LookupRow	searches.org.ai	Search	LookupRow	lookup_row	lookup_row	Search for lookup_row	3
https://searches.org.ai/FindManyRows	searches.org.ai	Search	FindManyRows	find_many_rows	find_many_rows	Search for find_many_rows	2
https://searches.org.ai/GetManyRows	searches.org.ai	Search	GetManyRows	get_many_rows	get_many_rows	Search for get_many_rows	1
https://searches.org.ai/FindWorksheet	searches.org.ai	Search	FindWorksheet	find_worksheet	find_worksheet	Search for find_worksheet	2
https://searches.org.ai/GetRowByID	searches.org.ai	Search	GetRowByID	get_row_by_id	get_row_by_id	Search for get_row_by_id	1
https://searches.org.ai/GetSpreadsheetByID	searches.org.ai	Search	GetSpreadsheetByID	get_spreadsheet_by_id	get_spreadsheet_by_id	Search for get_spreadsheet_by_id	1
https://searches.org.ai/GetDataRange	searches.org.ai	Search	GetDataRange	get_data_range	get_data_range	Search for get_data_range	1
https://searches.org.ai/Message	searches.org.ai	Search	Message	message	message	Search for message	3
https://searches.org.ai/Attachment	searches.org.ai	Search	Attachment	attachment	attachment	Search for attachment	2
https://searches.org.ai/UserByName	searches.org.ai	Search	UserByName	user_by_name	user_by_name	Search for user_by_name	2
https://searches.org.ai/UserByEmail	searches.org.ai	Search	UserByEmail	user_by_email	user_by_email	Search for user_by_email	1
https://searches.org.ai/UserByUsername	searches.org.ai	Search	UserByUsername	user_by_username	user_by_username	Search for user_by_username	1
https://searches.org.ai/UserByID	searches.org.ai	Search	UserByID	user_by_id	user_by_id	Search for user_by_id	3
https://searches.org.ai/GetMessage	searches.org.ai	Search	GetMessage	get_message	get_message	Search for get_message	3
https://searches.org.ai/GetConversation	searches.org.ai	Search	GetConversation	get_conversation	get_conversation	Search for get_conversation	2
https://searches.org.ai/GetMessagePermalink	searches.org.ai	Search	GetMessagePermalink	get_message_permalink	get_message_permalink	Search for get_message_permalink	1
https://searches.org.ai/GetConversationMembers	searches.org.ai	Search	GetConversationMembers	get_conversation_members	get_conversation_members	Search for get_conversation_members	1
https://searches.org.ai/GetMessageReactions	searches.org.ai	Search	GetMessageReactions	get_message_reactions	get_message_reactions	Search for get_message_reactions	1
https://searches.org.ai/Event	searches.org.ai	Search	Event	event	event	Search for event	8
https://searches.org.ai/EventV2	searches.org.ai	Search	EventV2	event_v2	event_v2	Search for event_v2	1
https://searches.org.ai/FindMultipleEvents	searches.org.ai	Search	FindMultipleEvents	find_multiple_events	find_multiple_events	Search for find_multiple_events	2
https://searches.org.ai/EventByID	searches.org.ai	Search	EventByID	event_by_id	event_by_id	Search for event_by_id	1
https://searches.org.ai/FindBusyPeriods	searches.org.ai	Search	FindBusyPeriods	find_busy_periods	find_busy_periods	Search for find_busy_periods	1
https://searches.org.ai/GetCalendarInfo	searches.org.ai	Search	GetCalendarInfo	get_calendar_info	get_calendar_info	Search for get_calendar_info	1
https://searches.org.ai/FindCalendars	searches.org.ai	Search	FindCalendars	find_calendars	find_calendars	Search for find_calendars	1
https://searches.org.ai/FileV2	searches.org.ai	Search	FileV2	file_v2	file_v2	Search for file_v2	1
https://searches.org.ai/FolderV2	searches.org.ai	Search	FolderV2	folder_v2	folder_v2	Search for folder_v2	1
https://searches.org.ai/FindMultipleFiles	searches.org.ai	Search	FindMultipleFiles	find_multiple_files	find_multiple_files	Search for find_multiple_files	1
https://searches.org.ai/FileOrFolderByID	searches.org.ai	Search	FileOrFolderByID	file_or_folder_by_id	file_or_folder_by_id	Search for file_or_folder_by_id	1
https://searches.org.ai/FilePermissions	searches.org.ai	Search	FilePermissions	file_permissions	file_permissions	Search for file_permissions	1
https://searches.org.ai/DatabaseItem	searches.org.ai	Search	DatabaseItem	database_item	database_item	Search for database_item	1
https://searches.org.ai/PageByTitle	searches.org.ai	Search	PageByTitle	page_by_title	page_by_title	Search for page_by_title	1
https://searches.org.ai/BlockChildren	searches.org.ai	Search	BlockChildren	block_children	block_children	Search for block_children	1
https://searches.org.ai/Comments	searches.org.ai	Search	Comments	comments	comments	Search for comments	1
https://searches.org.ai/GetPageAndChildren	searches.org.ai	Search	GetPageAndChildren	get_page_and_children	get_page_and_children	Search for get_page_and_children	1
https://searches.org.ai/CommentsV2	searches.org.ai	Search	CommentsV2	comments_v2	comments_v2	Search for comments_v2	1
https://searches.org.ai/PageProperty	searches.org.ai	Search	PageProperty	page_property	page_property	Search for page_property	1
https://searches.org.ai/UserDetails	searches.org.ai	Search	UserDetails	user_details	user_details	Search for user_details	3
https://searches.org.ai/GetBlockChildren	searches.org.ai	Search	GetBlockChildren	get_block_children	get_block_children	Search for get_block_children	1
https://searches.org.ai/GetPageOrDatabaseItemByID	searches.org.ai	Search	GetPageOrDatabaseItemByID	get_page_or_database_item_by_id	get_page_or_database_item_by_id	Search for get_page_or_database_item_by_id	1
https://searches.org.ai/QueryDatabaseAdvanced	searches.org.ai	Search	QueryDatabaseAdvanced	query_database_advanced	query_database_advanced	Search for query_database_advanced	1
https://searches.org.ai/GetBlock	searches.org.ai	Search	GetBlock	get_block	get_block	Search for get_block	1
https://searches.org.ai/User	searches.org.ai	Search	User	user	user	Search for user	25
https://searches.org.ai/FindContact	searches.org.ai	Search	FindContact	find_contact	find_contact	Search for find_contact	173
https://searches.org.ai/Companysearch	searches.org.ai	Search	Companysearch	companysearch	companySearch	Search for companySearch	14
https://searches.org.ai/Dealsearch	searches.org.ai	Search	Dealsearch	dealsearch	dealSearch	Search for dealSearch	8
https://searches.org.ai/FindPipelineStage	searches.org.ai	Search	FindPipelineStage	find_pipeline_stage	find_pipeline_stage	Search for find_pipeline_stage	1
https://searches.org.ai/GetOwnerByID	searches.org.ai	Search	GetOwnerByID	get_owner_by_id	get_owner_by_id	Search for get_owner_by_id	1
https://searches.org.ai/GetDealByID	searches.org.ai	Search	GetDealByID	get_deal_by_id	get_deal_by_id	Search for get_deal_by_id	1
https://searches.org.ai/Ticketsearch	searches.org.ai	Search	Ticketsearch	ticketsearch	ticketSearch	Search for ticketSearch	6
https://searches.org.ai/Contactsearch	searches.org.ai	Search	Contactsearch	contactsearch	contactSearch	Search for contactSearch	40
https://searches.org.ai/FindAssociations	searches.org.ai	Search	FindAssociations	find_associations	find_associations	Search for find_associations	1
https://searches.org.ai/DealCrmsearch	searches.org.ai	Search	DealCrmsearch	deal_crmsearch	deal_crmSearch	Search for deal_crmSearch	1
https://searches.org.ai/CompanyCrmsearch	searches.org.ai	Search	CompanyCrmsearch	company_crmsearch	company_crmSearch	Search for company_crmSearch	1
https://searches.org.ai/LineItemCrmsearch	searches.org.ai	Search	LineItemCrmsearch	line_item_crmsearch	line_item_crmSearch	Search for line_item_crmSearch	1
https://searches.org.ai/ProductCrmsearch	searches.org.ai	Search	ProductCrmsearch	product_crmsearch	product_crmSearch	Search for product_crmSearch	1
https://searches.org.ai/FindOwnerByEmail	searches.org.ai	Search	FindOwnerByEmail	find_owner_by_email	find_owner_by_email	Search for find_owner_by_email	1
https://searches.org.ai/CustomObjectsearch	searches.org.ai	Search	CustomObjectsearch	custom_objectsearch	custom_objectSearch	Search for custom_objectSearch	1
https://searches.org.ai/CommonCRMObjectsearch	searches.org.ai	Search	CommonCRMObjectsearch	common_crm_objectsearch	common_crm_objectSearch	Search for common_crm_objectSearch	1
https://searches.org.ai/Campaignsearch	searches.org.ai	Search	Campaignsearch	campaignsearch	campaignSearch	Search for campaignSearch	5
https://searches.org.ai/Membersearch	searches.org.ai	Search	Membersearch	membersearch	memberSearch	Search for memberSearch	8
https://searches.org.ai/FindCustomer	searches.org.ai	Search	FindCustomer	find_customer	find_customer	Search for find_customer	86
https://searches.org.ai/FindTag	searches.org.ai	Search	FindTag	find_tag	find_tag	Search for find_tag	8
https://searches.org.ai/FindCalendarEvent	searches.org.ai	Search	FindCalendarEvent	find_calendar_event	find_calendar_event	Search for find_calendar_event	2
https://searches.org.ai/FindEmail	searches.org.ai	Search	FindEmail	find_email	find_email	Search for find_email	5
https://searches.org.ai/GetCalendarEventsInDateRange	searches.org.ai	Search	GetCalendarEventsInDateRange	get_calendar_events_in_date_range	get_calendar_events_in_date_range	Search for get_calendar_events_in_date_range	2
https://searches.org.ai/FindEmailsInFolder	searches.org.ai	Search	FindEmailsInFolder	find_emails_in_folder	find_emails_in_folder	Search for find_emails_in_folder	2
https://searches.org.ai/FindGroupCalendarEvents	searches.org.ai	Search	FindGroupCalendarEvents	find_group_calendar_events	find_group_calendar_events	Search for find_group_calendar_events	1
https://searches.org.ai/FindCompany	searches.org.ai	Search	FindCompany	find_company	find_company	Search for find_company	33
https://searches.org.ai/FindDeal	searches.org.ai	Search	FindDeal	find_deal	find_deal	Search for find_deal	17
https://searches.org.ai/FindFile	searches.org.ai	Search	FindFile	find_file	find_file	Search for find_file	7
https://searches.org.ai/FindAssistant	searches.org.ai	Search	FindAssistant	find_assistant	find_assistant	Search for find_assistant	1
https://searches.org.ai/SearchEmbeddings	searches.org.ai	Search	SearchEmbeddings	search_embeddings	search_embeddings	Search for search_embeddings	2
https://searches.org.ai/SearchEmbeddingsV2	searches.org.ai	Search	SearchEmbeddingsV2	search_embeddings_v2	search_embeddings_v2	Search for search_embeddings_v2	1
https://searches.org.ai/FindCharge	searches.org.ai	Search	FindCharge	find_charge	find_charge	Search for find_charge	4
https://searches.org.ai/FindSubscription	searches.org.ai	Search	FindSubscription	find_subscription	find_subscription	Search for find_subscription	10
https://searches.org.ai/FindInvoice	searches.org.ai	Search	FindInvoice	find_invoice	find_invoice	Search for find_invoice	31
https://searches.org.ai/FindPayment	searches.org.ai	Search	FindPayment	find_payment	find_payment	Search for find_payment	12
https://searches.org.ai/AccountBalance	searches.org.ai	Search	AccountBalance	account_balance	account_balance	Search for account_balance	2
https://searches.org.ai/FindAccount	searches.org.ai	Search	FindAccount	find_account	find_account	Search for find_account	29
https://searches.org.ai/LookupResponses	searches.org.ai	Search	LookupResponses	lookup_responses	lookup_responses	Search for lookup_responses	2
https://searches.org.ai/Findrecord	searches.org.ai	Search	Findrecord	findrecord	findRecord	Search for findRecord	4
https://searches.org.ai/Findmanyrecords	searches.org.ai	Search	Findmanyrecords	findmanyrecords	findManyRecords	Search for findManyRecords	2
https://searches.org.ai/Findrecordbyid	searches.org.ai	Search	Findrecordbyid	findrecordbyid	findRecordById	Search for findRecordById	1
https://searches.org.ai/Findtablebyid	searches.org.ai	Search	Findtablebyid	findtablebyid	findTableById	Search for findTableById	1
https://searches.org.ai/FindBase	searches.org.ai	Search	FindBase	find_base	find_base	Search for find_base	1
https://searches.org.ai/Findtable	searches.org.ai	Search	Findtable	findtable	findTable	Search for findTable	1
https://searches.org.ai/GetBaseSchema	searches.org.ai	Search	GetBaseSchema	get_base_schema	get_base_schema	Search for get_base_schema	1
https://searches.org.ai/FindUser	searches.org.ai	Search	FindUser	find_user	find_user	Search for find_user	95
https://searches.org.ai/FindEvent	searches.org.ai	Search	FindEvent	find_event	find_event	Search for find_event	15
https://searches.org.ai/OrganizationBoard	searches.org.ai	Search	OrganizationBoard	organization_board	organization_board	Search for organization_board	1
https://searches.org.ai/OrganizationMember	searches.org.ai	Search	OrganizationMember	organization_member	organization_member	Search for organization_member	1
https://searches.org.ai/Checklist	searches.org.ai	Search	Checklist	checklist	checklist	Search for checklist	1
https://searches.org.ai/OrganizationCard	searches.org.ai	Search	OrganizationCard	organization_card	organization_card	Search for organization_card	1
https://searches.org.ai/ChecklistItem	searches.org.ai	Search	ChecklistItem	checklist_item	checklist_item	Search for checklist_item	1
https://searches.org.ai/BoardList	searches.org.ai	Search	BoardList	board_list	board_list	Search for board_list	1
https://searches.org.ai/BoardLabel	searches.org.ai	Search	BoardLabel	board_label	board_label	Search for board_label	1
https://searches.org.ai/ActionByID	searches.org.ai	Search	ActionByID	action_by_id	action_by_id	Search for action_by_id	1
https://searches.org.ai/BoardByID	searches.org.ai	Search	BoardByID	board_by_id	board_by_id	Search for board_by_id	1
https://searches.org.ai/CardAttachmentsByID	searches.org.ai	Search	CardAttachmentsByID	card_attachments_by_id	card_attachments_by_id	Search for card_attachments_by_id	1
https://searches.org.ai/CardByID	searches.org.ai	Search	CardByID	card_by_id	card_by_id	Search for card_by_id	1
https://searches.org.ai/ChecklistByID	searches.org.ai	Search	ChecklistByID	checklist_by_id	checklist_by_id	Search for checklist_by_id	1
https://searches.org.ai/ChecklistItemByID	searches.org.ai	Search	ChecklistItemByID	checklist_item_by_id	checklist_item_by_id	Search for checklist_item_by_id	1
https://searches.org.ai/LabelByID	searches.org.ai	Search	LabelByID	label_by_id	label_by_id	Search for label_by_id	1
https://searches.org.ai/ListByID	searches.org.ai	Search	ListByID	list_by_id	list_by_id	Search for list_by_id	1
https://searches.org.ai/MemberByID	searches.org.ai	Search	MemberByID	member_by_id	member_by_id	Search for member_by_id	1
https://searches.org.ai/OrganizationByID	searches.org.ai	Search	OrganizationByID	organization_by_id	organization_by_id	Search for organization_by_id	1
https://searches.org.ai/OrganizationCardV2	searches.org.ai	Search	OrganizationCardV2	organization_card_v2	organization_card_v2	Search for organization_card_v2	1
https://searches.org.ai/OrganizationCardCustomQuery	searches.org.ai	Search	OrganizationCardCustomQuery	organization_card_custom_query	organization_card_custom_query	Search for organization_card_custom_query	1
https://searches.org.ai/FindChannel	searches.org.ai	Search	FindChannel	find_channel	find_channel	Search for find_channel	3
https://searches.org.ai/Document	searches.org.ai	Search	Document	document	document	Search for document	6
https://searches.org.ai/GetDocumentContent	searches.org.ai	Search	GetDocumentContent	get_document_content	get_document_content	Search for get_document_content	1
https://searches.org.ai/FindRecord	searches.org.ai	Search	FindRecord	find_record	find_record	Search for find_record	26
https://searches.org.ai/FindRecords	searches.org.ai	Search	FindRecords	find_records	find_records	Search for find_records	6
https://searches.org.ai/FindTable	searches.org.ai	Search	FindTable	find_table	find_table	Search for find_table	1
https://searches.org.ai/GetSummaryFormulaValues	searches.org.ai	Search	GetSummaryFormulaValues	get_summary_formula_values	get_summary_formula_values	Search for get_summary_formula_values	1
https://searches.org.ai/FindRecordByQuery	searches.org.ai	Search	FindRecordByQuery	find_record_by_query	find_record_by_query	Search for find_record_by_query	3
https://searches.org.ai/FindRecordsByQuery	searches.org.ai	Search	FindRecordsByQuery	find_records_by_query	find_records_by_query	Search for find_records_by_query	1
https://searches.org.ai/FindChildRecords	searches.org.ai	Search	FindChildRecords	find_child_records	find_child_records	Search for find_child_records	1
https://searches.org.ai/GetRecordAttachments	searches.org.ai	Search	GetRecordAttachments	get_record_attachments	get_record_attachments	Search for get_record_attachments	1
https://searches.org.ai/FindRecordsV2	searches.org.ai	Search	FindRecordsV2	find_records_v2	find_records_v2	Search for find_records_v2	2
https://searches.org.ai/FindRecordsByQueryV2	searches.org.ai	Search	FindRecordsByQueryV2	find_records_by_query_v2	find_records_by_query_v2	Search for find_records_by_query_v2	1
https://searches.org.ai/FindChildRecordsV2	searches.org.ai	Search	FindChildRecordsV2	find_child_records_v2	find_child_records_v2	Search for find_child_records_v2	1
https://searches.org.ai/CustomSoqlQuery	searches.org.ai	Search	CustomSoqlQuery	custom_soql_query	custom_soql_query	Search for custom_soql_query	1
https://searches.org.ai/FindItem	searches.org.ai	Search	FindItem	find_item	find_item	Search for find_item	7
https://searches.org.ai/FindLiveItem	searches.org.ai	Search	FindLiveItem	find_live_item	find_live_item	Search for find_live_item	1
https://searches.org.ai/FindTaskID	searches.org.ai	Search	FindTaskID	find_task_id	find_task_id	Search for find_task_id	1
https://searches.org.ai/FindSection	searches.org.ai	Search	FindSection	find_section	find_section	Search for find_section	2
https://searches.org.ai/FindProject	searches.org.ai	Search	FindProject	find_project	find_project	Search for find_project	49
https://searches.org.ai/FindTask2	searches.org.ai	Search	FindTask2	find_task_2	find_task_2	Search for find_task_2	2
https://searches.org.ai/FindTaskInWorkspace	searches.org.ai	Search	FindTaskInWorkspace	find_task_in_workspace	find_task_in_workspace	Search for find_task_in_workspace	1
https://searches.org.ai/FindAllTasksFromProject	searches.org.ai	Search	FindAllTasksFromProject	find_all_tasks_from_project	find_all_tasks_from_project	Search for find_all_tasks_from_project	1
https://searches.org.ai/FindAllTasksFromProjectV2	searches.org.ai	Search	FindAllTasksFromProjectV2	find_all_tasks_from_project_v2	find_all_tasks_from_project_v2	Search for find_all_tasks_from_project_v2	1
https://searches.org.ai/FindTaskComments	searches.org.ai	Search	FindTaskComments	find_task_comments	find_task_comments	Search for find_task_comments	1
https://searches.org.ai/FindTaskInWorkspaceV2	searches.org.ai	Search	FindTaskInWorkspaceV2	find_task_in_workspace_v2	find_task_in_workspace_v2	Search for find_task_in_workspace_v2	1
https://searches.org.ai/FindTaskAttachments	searches.org.ai	Search	FindTaskAttachments	find_task_attachments	find_task_attachments	Search for find_task_attachments	1
https://searches.org.ai/FindTaskV3	searches.org.ai	Search	FindTaskV3	find_task_v3	find_task_v3	Search for find_task_v3	1
https://searches.org.ai/FindProjectV2	searches.org.ai	Search	FindProjectV2	find_project_v2	find_project_v2	Search for find_project_v2	3
https://searches.org.ai/FindUserV2	searches.org.ai	Search	FindUserV2	find_user_v2	find_user_v2	Search for find_user_v2	2
https://searches.org.ai/GetColumnValues	searches.org.ai	Search	GetColumnValues	get_column_values	get_column_values	Search for get_column_values	1
https://searches.org.ai/GetFileValue	searches.org.ai	Search	GetFileValue	get_file_value	get_file_value	Search for get_file_value	1
https://searches.org.ai/FindItemByColumnValue	searches.org.ai	Search	FindItemByColumnValue	find_item_by_column_value	find_item_by_column_value	Search for find_item_by_column_value	1
https://searches.org.ai/GetGroupName	searches.org.ai	Search	GetGroupName	get_group_name	get_group_name	Search for get_group_name	1
https://searches.org.ai/GetBoardValues	searches.org.ai	Search	GetBoardValues	get_board_values	get_board_values	Search for get_board_values	1
https://searches.org.ai/GetUserDetails	searches.org.ai	Search	GetUserDetails	get_user_details	get_user_details	Search for get_user_details	2
https://searches.org.ai/GetSubitemValues	searches.org.ai	Search	GetSubitemValues	get_subitem_values	get_subitem_values	Search for get_subitem_values	1
https://searches.org.ai/FindUserByName	searches.org.ai	Search	FindUserByName	find_user_by_name	find_user_by_name	Search for find_user_by_name	4
https://searches.org.ai/FindItemsByColumnValue	searches.org.ai	Search	FindItemsByColumnValue	find_items_by_column_value	find_items_by_column_value	Search for find_items_by_column_value	1
https://searches.org.ai/FindItems	searches.org.ai	Search	FindItems	find_items	find_items	Search for find_items	2
https://searches.org.ai/FindSubitems	searches.org.ai	Search	FindSubitems	find_subitems	find_subitems	Search for find_subitems	1
https://searches.org.ai/FindDealOwner	searches.org.ai	Search	FindDealOwner	find_deal_owner	find_deal_owner	Search for find_deal_owner	1
https://searches.org.ai/FindContactTask	searches.org.ai	Search	FindContactTask	find_contact_task	find_contact_task	Search for find_contact_task	1
https://searches.org.ai/FindDealTask	searches.org.ai	Search	FindDealTask	find_deal_task	find_deal_task	Search for find_deal_task	1
https://searches.org.ai/Whatsapptemplatesearch	searches.org.ai	Search	Whatsapptemplatesearch	whatsapptemplatesearch	whatsappTemplateSearch	Search for whatsappTemplateSearch	2
https://searches.org.ai/Findtask	searches.org.ai	Search	Findtask	findtask	findTask	Search for findTask	6
https://searches.org.ai/Findtaskbyid	searches.org.ai	Search	Findtaskbyid	findtaskbyid	findTaskById	Search for findTaskById	2
https://searches.org.ai/Finduser	searches.org.ai	Search	Finduser	finduser	findUser	Search for findUser	9
https://searches.org.ai/Findtaskarray	searches.org.ai	Search	Findtaskarray	findtaskarray	findTaskArray	Search for findTaskArray	1
https://searches.org.ai/Customfields	searches.org.ai	Search	Customfields	customfields	customFields	Search for customFields	1
https://searches.org.ai/Searchdocs	searches.org.ai	Search	Searchdocs	searchdocs	searchDocs	Search for searchDocs	1
https://searches.org.ai/ProductByTitleV2	searches.org.ai	Search	ProductByTitleV2	product_by_title_v2	product_by_title_v2	Search for product_by_title_v2	1
https://searches.org.ai/Customer	searches.org.ai	Search	Customer	customer	customer	Search for customer	17
https://searches.org.ai/ProductVariantByTitle	searches.org.ai	Search	ProductVariantByTitle	product_variant_by_title	product_variant_by_title	Search for product_variant_by_title	1
https://searches.org.ai/GetOrderByID	searches.org.ai	Search	GetOrderByID	get_order_by_id	get_order_by_id	Search for get_order_by_id	4
https://searches.org.ai/Metafields	searches.org.ai	Search	Metafields	metafields	metafields	Search for metafields	1
https://searches.org.ai/Products	searches.org.ai	Search	Products	products	products	Search for products	5
https://searches.org.ai/ProductVariantBySku	searches.org.ai	Search	ProductVariantBySku	product_variant_by_sku	product_variant_by_sku	Search for product_variant_by_sku	1
https://searches.org.ai/OrderTransactions	searches.org.ai	Search	OrderTransactions	order_transactions	order_transactions	Search for order_transactions	1
https://searches.org.ai/FindOrder	searches.org.ai	Search	FindOrder	find_order	find_order	Search for find_order	24
https://searches.org.ai/ProductVariantsByTitleLineItems	searches.org.ai	Search	ProductVariantsByTitleLineItems	product_variants_by_title_line_items	product_variants_by_title_line_items	Search for product_variants_by_title_line_items	1
https://searches.org.ai/ProductsByTitleLineItems	searches.org.ai	Search	ProductsByTitleLineItems	products_by_title_line_items	products_by_title_line_items	Search for products_by_title_line_items	1
https://searches.org.ai/ProductByTitleV3	searches.org.ai	Search	ProductByTitleV3	product_by_title_v3	product_by_title_v3	Search for product_by_title_v3	1
https://searches.org.ai/ProductVariantByTitleV2	searches.org.ai	Search	ProductVariantByTitleV2	product_variant_by_title_v2	product_variant_by_title_v2	Search for product_variant_by_title_v2	1
https://searches.org.ai/GetFulfillmentOrdersByOrderID	searches.org.ai	Search	GetFulfillmentOrdersByOrderID	get_fulfillment_orders_by_order_id	get_fulfillment_orders_by_order_id	Search for get_fulfillment_orders_by_order_id	1
https://searches.org.ai/ProductsByTitleLineItemsV2	searches.org.ai	Search	ProductsByTitleLineItemsV2	products_by_title_line_items_v2	products_by_title_line_items_v2	Search for products_by_title_line_items_v2	1
https://searches.org.ai/ProductVariantsByTitleLineItemsV2	searches.org.ai	Search	ProductVariantsByTitleLineItemsV2	product_variants_by_title_line_items_v2	product_variants_by_title_line_items_v2	Search for product_variants_by_title_line_items_v2	1
https://searches.org.ai/ProductsV2	searches.org.ai	Search	ProductsV2	products_v2	products_v2	Search for products_v2	1
https://searches.org.ai/FindCustomerV2	searches.org.ai	Search	FindCustomerV2	find_customer_v2	find_customer_v2	Search for find_customer_v2	1
https://searches.org.ai/FindOrderV2	searches.org.ai	Search	FindOrderV2	find_order_v2	find_order_v2	Search for find_order_v2	2
https://searches.org.ai/GetOrderByIDV2	searches.org.ai	Search	GetOrderByIDV2	get_order_by_id_v2	get_order_by_id_v2	Search for get_order_by_id_v2	1
https://searches.org.ai/MetafieldsV2	searches.org.ai	Search	MetafieldsV2	metafields_v2	metafields_v2	Search for metafields_v2	1
https://searches.org.ai/FindCampaignByName	searches.org.ai	Search	FindCampaignByName	find_campaign_by_name	find_campaign_by_name	Search for find_campaign_by_name	1
https://searches.org.ai/FindCustomerList	searches.org.ai	Search	FindCustomerList	find_customer_list	find_customer_list	Search for find_customer_list	1
https://searches.org.ai/FindCampaignByID	searches.org.ai	Search	FindCampaignByID	find_campaign_by_id	find_campaign_by_id	Search for find_campaign_by_id	1
https://searches.org.ai/Organization	searches.org.ai	Search	Organization	organization	organization	Search for organization	5
https://searches.org.ai/Product	searches.org.ai	Search	Product	product	product	Search for product	8
https://searches.org.ai/Deal	searches.org.ai	Search	Deal	deal	deal	Search for deal	3
https://searches.org.ai/Person	searches.org.ai	Search	Person	person	person	Search for person	5
https://searches.org.ai/Activity	searches.org.ai	Search	Activity	activity	activity	Search for activity	2
https://searches.org.ai/Lead	searches.org.ai	Search	Lead	lead	lead	Search for lead	7
https://searches.org.ai/Deals	searches.org.ai	Search	Deals	deals	deals	Search for deals	3
https://searches.org.ai/DealsByPerson	searches.org.ai	Search	DealsByPerson	deals_by_person	deals_by_person	Search for deals_by_person	1
https://searches.org.ai/Note	searches.org.ai	Search	Note	note	note	Search for note	3
https://searches.org.ai/Notes	searches.org.ai	Search	Notes	notes	notes	Search for notes	2
https://searches.org.ai/Leads	searches.org.ai	Search	Leads	leads	leads	Search for leads	2
https://searches.org.ai/Projects	searches.org.ai	Search	Projects	projects	projects	Search for projects	1
https://searches.org.ai/SearchTask	searches.org.ai	Search	SearchTask	search_task	search_task	Search for search_task	8
https://searches.org.ai/Personv2	searches.org.ai	Search	Personv2	personv2	personV2	Search for personV2	1
https://searches.org.ai/Productv2	searches.org.ai	Search	Productv2	productv2	productV2	Search for productV2	1
https://searches.org.ai/Productsv2	searches.org.ai	Search	Productsv2	productsv2	productsV2	Search for productsV2	1
https://searches.org.ai/DealV2	searches.org.ai	Search	DealV2	deal_v2	deal_v2	Search for deal_v2	1
https://searches.org.ai/DealsV2	searches.org.ai	Search	DealsV2	deals_v2	deals_v2	Search for deals_v2	1
https://searches.org.ai/DealsByPersonV2	searches.org.ai	Search	DealsByPersonV2	deals_by_person_v2	deals_by_person_v2	Search for deals_by_person_v2	1
https://searches.org.ai/OrganizationV2	searches.org.ai	Search	OrganizationV2	organization_v2	organization_v2	Search for organization_v2	1
https://searches.org.ai/ActivityV2	searches.org.ai	Search	ActivityV2	activity_v2	activity_v2	Search for activity_v2	1
https://searches.org.ai/ProjectV2	searches.org.ai	Search	ProjectV2	project_v2	project_v2	Search for project_v2	1
https://searches.org.ai/DealV3	searches.org.ai	Search	DealV3	deal_v3	deal_v3	Search for deal_v3	1
https://searches.org.ai/Productv3	searches.org.ai	Search	Productv3	productv3	productV3	Search for productV3	1
https://searches.org.ai/Leadsv2	searches.org.ai	Search	Leadsv2	leadsv2	leadsV2	Search for leadsV2	1
https://searches.org.ai/DealsByPersonV3	searches.org.ai	Search	DealsByPersonV3	deals_by_person_v3	deals_by_person_v3	Search for deals_by_person_v3	1
https://searches.org.ai/Notesv2	searches.org.ai	Search	Notesv2	notesv2	notesV2	Search for notesV2	1
https://searches.org.ai/ActivityV3	searches.org.ai	Search	ActivityV3	activity_v3	activity_v3	Search for activity_v3	1
https://searches.org.ai/OrganizationV3	searches.org.ai	Search	OrganizationV3	organization_v3	organization_v3	Search for organization_v3	1
https://searches.org.ai/PersonV3	searches.org.ai	Search	PersonV3	person_v3	person_v3	Search for person_v3	1
https://searches.org.ai/GetOrganization	searches.org.ai	Search	GetOrganization	get_organization	get_organization	Search for get_organization	3
https://searches.org.ai/ProjectV3	searches.org.ai	Search	ProjectV3	project_v3	project_v3	Search for project_v3	1
https://searches.org.ai/UserV2	searches.org.ai	Search	UserV2	user_v2	user_v2	Search for user_v2	1
https://searches.org.ai/Project	searches.org.ai	Search	Project	project	project	Search for project	12
https://searches.org.ai/FindRecordingAndDownload	searches.org.ai	Search	FindRecordingAndDownload	find_recording_and_download	find_recording_and_download	Search for find_recording_and_download	1
https://searches.org.ai/FindMeeting	searches.org.ai	Search	FindMeeting	find_meeting	find_meeting	Search for find_meeting	5
https://searches.org.ai/GetSummary	searches.org.ai	Search	GetSummary	get_summary	get_summary	Search for get_summary	2
https://searches.org.ai/RetrieveMeetingParticipants	searches.org.ai	Search	RetrieveMeetingParticipants	retrieve_meeting_participants	retrieve_meeting_participants	Search for retrieve_meeting_participants	1
https://searches.org.ai/FindMeetingParticipants	searches.org.ai	Search	FindMeetingParticipants	find_meeting_participants	find_meeting_participants	Search for find_meeting_participants	1
https://searches.org.ai/FindRow	searches.org.ai	Search	FindRow	find_row	find_row	Search for find_row	7
https://searches.org.ai/FindRows	searches.org.ai	Search	FindRows	find_rows	find_rows	Search for find_rows	1
https://searches.org.ai/GetWorksheet	searches.org.ai	Search	GetWorksheet	get_worksheet	get_worksheet	Search for get_worksheet	2
https://searches.org.ai/GetRow	searches.org.ai	Search	GetRow	get_row	get_row	Search for get_row	1
https://searches.org.ai/GetCellsInRange	searches.org.ai	Search	GetCellsInRange	get_cells_in_range	get_cells_in_range	Search for get_cells_in_range	1
https://searches.org.ai/GetReport	searches.org.ai	Search	GetReport	get_report	get_report	Search for get_report	4
https://searches.org.ai/FindVideo	searches.org.ai	Search	FindVideo	find_video	find_video	Search for find_video	4
https://searches.org.ai/Contact	searches.org.ai	Search	Contact	contact	contact	Search for contact	28
https://searches.org.ai/FindTask	searches.org.ai	Search	FindTask	find_task	find_task	Search for find_task	37
https://searches.org.ai/GetTasksByList	searches.org.ai	Search	GetTasksByList	get_tasks_by_list	get_tasks_by_list	Search for get_tasks_by_list	1
https://searches.org.ai/SearchSubscriberByEmail	searches.org.ai	Search	SearchSubscriberByEmail	search_subscriber_by_email	search_subscriber_by_email	Search for search_subscriber_by_email	1
https://searches.org.ai/FindSubscriber	searches.org.ai	Search	FindSubscriber	find_subscriber	find_subscriber	Search for find_subscriber	15
https://searches.org.ai/FindGroup	searches.org.ai	Search	FindGroup	find_group	find_group	Search for find_group	16
https://searches.org.ai/Subscribersearch	searches.org.ai	Search	Subscribersearch	subscribersearch	subscriberSearch	Search for subscriberSearch	3
https://searches.org.ai/SearchCollaborators	searches.org.ai	Search	SearchCollaborators	search_collaborators	search_collaborators	Search for search_collaborators	1
https://searches.org.ai/SubscriberV3	searches.org.ai	Search	SubscriberV3	subscriber_v3	subscriber_v3	Search for subscriber_v3	1
https://searches.org.ai/Campaign	searches.org.ai	Search	Campaign	campaign	campaign	Search for campaign	4
https://searches.org.ai/List	searches.org.ai	Search	List	list	list	Search for list	2
https://searches.org.ai/Segment	searches.org.ai	Search	Segment	segment	segment	Search for segment	1
https://searches.org.ai/Tag	searches.org.ai	Search	Tag	tag	tag	Search for tag	5
https://searches.org.ai/GetSecret	searches.org.ai	Search	GetSecret	get_secret	get_secret	Search for get_secret	1
https://searches.org.ai/GetValue	searches.org.ai	Search	GetValue	get_value	get_value	Search for get_value	1
https://searches.org.ai/GetMultipleValues	searches.org.ai	Search	GetMultipleValues	get_multiple_values	get_multiple_values	Search for get_multiple_values	1
https://searches.org.ai/GetListValues	searches.org.ai	Search	GetListValues	get_list_values	get_list_values	Search for get_list_values	1
https://searches.org.ai/GetChildValue	searches.org.ai	Search	GetChildValue	get_child_value	get_child_value	Search for get_child_value	1
https://searches.org.ai/GetAllValues	searches.org.ai	Search	GetAllValues	get_all_values	get_all_values	Search for get_all_values	1
https://searches.org.ai/GetOrSetChildValue	searches.org.ai	Search	GetOrSetChildValue	get_or_set_child_value	get_or_set_child_value	Search for get_or_set_child_value	1
https://searches.org.ai/CustomerV2	searches.org.ai	Search	CustomerV2	customer_v2	customer_v2	Search for customer_v2	2
https://searches.org.ai/Vendor	searches.org.ai	Search	Vendor	vendor	vendor	Search for vendor	2
https://searches.org.ai/Invoice	searches.org.ai	Search	Invoice	invoice	invoice	Search for invoice	7
https://searches.org.ai/Account	searches.org.ai	Search	Account	account	account	Search for account	7
https://searches.org.ai/Estimate	searches.org.ai	Search	Estimate	estimate	estimate	Search for estimate	1
https://searches.org.ai/Attachments	searches.org.ai	Search	Attachments	attachments	attachments	Search for attachments	1
https://searches.org.ai/FindEmployeeV0	searches.org.ai	Search	FindEmployeeV0	find_employee_v0	find_employee_v0	Search for find_employee_v0	1
https://searches.org.ai/FindSalesReceiptV0	searches.org.ai	Search	FindSalesReceiptV0	find_sales_receipt_v0	find_sales_receipt_v0	Search for find_sales_receipt_v0	1
https://searches.org.ai/FindClassV0	searches.org.ai	Search	FindClassV0	find_class_v0	find_class_v0	Search for find_class_v0	1
https://searches.org.ai/FindPaymentV0	searches.org.ai	Search	FindPaymentV0	find_payment_v0	find_payment_v0	Search for find_payment_v0	1
https://searches.org.ai/FindSalesReceiptV2	searches.org.ai	Search	FindSalesReceiptV2	find_sales_receipt_v2	find_sales_receipt_v2	Search for find_sales_receipt_v2	1
https://searches.org.ai/FindProducts	searches.org.ai	Search	FindProducts	find_products	find_products	Search for find_products	6
https://searches.org.ai/FindPurchaseExpense	searches.org.ai	Search	FindPurchaseExpense	find_purchase_expense	find_purchase_expense	Search for find_purchase_expense	1
https://searches.org.ai/FindCustomerByQuery	searches.org.ai	Search	FindCustomerByQuery	find_customer_by_query	find_customer_by_query	Search for find_customer_by_query	1
https://searches.org.ai/Directory	searches.org.ai	Search	Directory	directory	directory	Search for directory	1
https://searches.org.ai/FileContents	searches.org.ai	Search	FileContents	file_contents	file_contents	Search for file_contents	1
https://searches.org.ai/File	searches.org.ai	Search	File	file	file	Search for file	7
https://searches.org.ai/ListFolderContents	searches.org.ai	Search	ListFolderContents	list_folder_contents	list_folder_contents	Search for list_folder_contents	1
https://searches.org.ai/FindSharedLinks	searches.org.ai	Search	FindSharedLinks	find_shared_links	find_shared_links	Search for find_shared_links	1
https://searches.org.ai/AdvancedSearch	searches.org.ai	Search	AdvancedSearch	advanced_search	advanced_search	Search for advanced_search	1
https://searches.org.ai/Appointmentfind	searches.org.ai	Search	Appointmentfind	appointmentfind	appointmentFind	Search for appointmentFind	1
https://searches.org.ai/Appointmentsfind	searches.org.ai	Search	Appointmentsfind	appointmentsfind	appointmentsFind	Search for appointmentsFind	1
https://searches.org.ai/Issue	searches.org.ai	Search	Issue	issue	issue	Search for issue	3
https://searches.org.ai/Component	searches.org.ai	Search	Component	component	component	Search for component	1
https://searches.org.ai/IssueJql	searches.org.ai	Search	IssueJql	issue_jql	issue_jql	Search for issue_jql	1
https://searches.org.ai/IssueKey	searches.org.ai	Search	IssueKey	issue_key	issue_key	Search for issue_key	1
https://searches.org.ai/IssuesJql	searches.org.ai	Search	IssuesJql	issues_jql	issues_jql	Search for issues_jql	1
https://searches.org.ai/Sprint	searches.org.ai	Search	Sprint	sprint	sprint	Search for sprint	1
https://searches.org.ai/JiraFilter	searches.org.ai	Search	JiraFilter	jira_filter	jira_filter	Search for jira_filter	1
https://searches.org.ai/IssuesByFilter	searches.org.ai	Search	IssuesByFilter	issues_by_filter	issues_by_filter	Search for issues_by_filter	1
https://searches.org.ai/Leadsearch	searches.org.ai	Search	Leadsearch	leadsearch	leadSearch	Search for leadSearch	13
https://searches.org.ai/SearchModuleEntry	searches.org.ai	Search	SearchModuleEntry	search_module_entry	search_module_entry	Search for search_module_entry	2
https://searches.org.ai/SearchModuleEntryMultiple	searches.org.ai	Search	SearchModuleEntryMultiple	search_module_entry_multiple	search_module_entry_multiple	Search for search_module_entry_multiple	1
https://searches.org.ai/Couponsearch	searches.org.ai	Search	Couponsearch	couponsearch	couponSearch	Search for couponSearch	2
https://searches.org.ai/Customersearch	searches.org.ai	Search	Customersearch	customersearch	customerSearch	Search for customerSearch	18
https://searches.org.ai/Ordersearch	searches.org.ai	Search	Ordersearch	ordersearch	orderSearch	Search for orderSearch	9
https://searches.org.ai/Productsearch	searches.org.ai	Search	Productsearch	productsearch	productSearch	Search for productSearch	15
https://searches.org.ai/Subscriptionsearch	searches.org.ai	Search	Subscriptionsearch	subscriptionsearch	subscriptionSearch	Search for subscriptionSearch	5
https://searches.org.ai/Ordernotesearch	searches.org.ai	Search	Ordernotesearch	ordernotesearch	orderNoteSearch	Search for orderNoteSearch	1
https://searches.org.ai/Subscriptionnotesearch	searches.org.ai	Search	Subscriptionnotesearch	subscriptionnotesearch	subscriptionNoteSearch	Search for subscriptionNoteSearch	1
https://searches.org.ai/Membershipplansearch	searches.org.ai	Search	Membershipplansearch	membershipplansearch	membershipPlanSearch	Search for membershipPlanSearch	1
https://searches.org.ai/Usermembershipsearch	searches.org.ai	Search	Usermembershipsearch	usermembershipsearch	userMembershipSearch	Search for userMembershipSearch	1
https://searches.org.ai/Item	searches.org.ai	Search	Item	item	item	Search for item	5
https://searches.org.ai/FindPurchaseOrder	searches.org.ai	Search	FindPurchaseOrder	find_purchase_order	find_purchase_order	Search for find_purchase_order	5
https://searches.org.ai/InvoiceHistory	searches.org.ai	Search	InvoiceHistory	invoice_history	invoice_history	Search for invoice_history	1
https://searches.org.ai/FindEmployee	searches.org.ai	Search	FindEmployee	find_employee	find_employee	Search for find_employee	13
https://searches.org.ai/InvoiceV2	searches.org.ai	Search	InvoiceV2	invoice_v2	invoice_v2	Search for invoice_v2	1
https://searches.org.ai/Payment	searches.org.ai	Search	Payment	payment	payment	Search for payment	1
https://searches.org.ai/FindInvoiceByID	searches.org.ai	Search	FindInvoiceByID	find_invoice_by_id	find_invoice_by_id	Search for find_invoice_by_id	1
https://searches.org.ai/CreditNoteSearch	searches.org.ai	Search	CreditNoteSearch	credit_note_search	credit_note_search	Search for credit_note_search	1
https://searches.org.ai/FindQuote	searches.org.ai	Search	FindQuote	find_quote	find_quote	Search for find_quote	12
https://searches.org.ai/Order	searches.org.ai	Search	Order	order	order	Search for order	7
https://searches.org.ai/FindAppointmentServices	searches.org.ai	Search	FindAppointmentServices	find_appointment_services	find_appointment_services	Search for find_appointment_services	1
https://searches.org.ai/CustomerByID	searches.org.ai	Search	CustomerByID	customer_by_id	customer_by_id	Search for customer_by_id	4
https://searches.org.ai/CurrentWeather	searches.org.ai	Search	CurrentWeather	current_weather	current_weather	Search for current_weather	2
https://searches.org.ai/TomorrowForecast	searches.org.ai	Search	TomorrowForecast	tomorrow_forecast	tomorrow_forecast	Search for tomorrow_forecast	2
https://searches.org.ai/SearchMember	searches.org.ai	Search	SearchMember	search_member	search_member	Search for search_member	3
https://searches.org.ai/SearchPublicChannel	searches.org.ai	Search	SearchPublicChannel	search_public_channel	search_public_channel	Search for search_public_channel	1
https://searches.org.ai/GetChat	searches.org.ai	Search	GetChat	get_chat	get_chat	Search for get_chat	1
https://searches.org.ai/GetChannel	searches.org.ai	Search	GetChannel	get_channel	get_channel	Search for get_channel	1
https://searches.org.ai/GetChannelMessage	searches.org.ai	Search	GetChannelMessage	get_channel_message	get_channel_message	Search for get_channel_message	1
https://searches.org.ai/GetChatMessage	searches.org.ai	Search	GetChatMessage	get_chat_message	get_chat_message	Search for get_chat_message	1
https://searches.org.ai/Charge	searches.org.ai	Search	Charge	charge	charge	Search for charge	1
https://searches.org.ai/Post	searches.org.ai	Search	Post	post	post	Search for post	2
https://searches.org.ai/SearchUser	searches.org.ai	Search	SearchUser	search_user	search_user	Search for search_user	17
https://searches.org.ai/Ticket	searches.org.ai	Search	Ticket	ticket	ticket	Search for ticket	2
https://searches.org.ai/Group	searches.org.ai	Search	Group	group	group	Search for group	2
https://searches.org.ai/Agent	searches.org.ai	Search	Agent	agent	agent	Search for agent	2
https://searches.org.ai/FindTickets	searches.org.ai	Search	FindTickets	find_tickets	find_tickets	Search for find_tickets	5
https://searches.org.ai/LatestComment	searches.org.ai	Search	LatestComment	latest_comment	latest_comment	Search for latest_comment	1
https://searches.org.ai/FindTicketsV2	searches.org.ai	Search	FindTicketsV2	find_tickets_v2	find_tickets_v2	Search for find_tickets_v2	1
https://searches.org.ai/AllComments	searches.org.ai	Search	AllComments	all_comments	all_comments	Search for all_comments	1
https://searches.org.ai/LookupList	searches.org.ai	Search	LookupList	lookup_list	lookup_list	Search for lookup_list	1
https://searches.org.ai/LookupTask	searches.org.ai	Search	LookupTask	lookup_task	lookup_task	Search for lookup_task	1
https://searches.org.ai/FindConsumer	searches.org.ai	Search	FindConsumer	find_consumer	find_consumer	Search for find_consumer	1
https://searches.org.ai/FindConsumers	searches.org.ai	Search	FindConsumers	find_consumers	find_consumers	Search for find_consumers	1
https://searches.org.ai/App	searches.org.ai	Search	App	app	app	Search for app	1
https://searches.org.ai/Zap	searches.org.ai	Search	Zap	zap	zap	Search for zap	2
https://searches.org.ai/FindActivity	searches.org.ai	Search	FindActivity	find_activity	find_activity	Search for find_activity	7
https://searches.org.ai/UserByCuf	searches.org.ai	Search	UserByCuf	user_by_cuf	user_by_cuf	Search for user_by_cuf	1
https://searches.org.ai/OrderByID	searches.org.ai	Search	OrderByID	order_by_id	order_by_id	Search for order_by_id	2
https://searches.org.ai/GetDocumentByID	searches.org.ai	Search	GetDocumentByID	get_document_by_id	get_document_by_id	Search for get_document_by_id	1
https://searches.org.ai/FindDocument	searches.org.ai	Search	FindDocument	find_document	find_document	Search for find_document	9
https://searches.org.ai/GetAttachments	searches.org.ai	Search	GetAttachments	get_attachments	get_attachments	Search for get_attachments	1
https://searches.org.ai/IamFindMaestroWorkflow	searches.org.ai	Search	IamFindMaestroWorkflow	iam_find_maestro_workflow	iam_find_maestro_workflow	Search for iam_find_maestro_workflow	1
https://searches.org.ai/IamFindWorkflowInstance	searches.org.ai	Search	IamFindWorkflowInstance	iam_find_workflow_instance	iam_find_workflow_instance	Search for iam_find_workflow_instance	1
https://searches.org.ai/IamFindNavigatorAgreement	searches.org.ai	Search	IamFindNavigatorAgreement	iam_find_navigator_agreement	iam_find_navigator_agreement	Search for iam_find_navigator_agreement	1
https://searches.org.ai/FindEnvelopeRecipients	searches.org.ai	Search	FindEnvelopeRecipients	find_envelope_recipients	find_envelope_recipients	Search for find_envelope_recipients	1
https://searches.org.ai/FindEnvelopeCustomFields	searches.org.ai	Search	FindEnvelopeCustomFields	find_envelope_custom_fields	find_envelope_custom_fields	Search for find_envelope_custom_fields	1
https://searches.org.ai/FindEnvelopeFormData	searches.org.ai	Search	FindEnvelopeFormData	find_envelope_form_data	find_envelope_form_data	Search for find_envelope_form_data	1
https://searches.org.ai/FindEnvelopeInfo	searches.org.ai	Search	FindEnvelopeInfo	find_envelope_info	find_envelope_info	Search for find_envelope_info	1
https://searches.org.ai/FindEnvelopeDocumentsList	searches.org.ai	Search	FindEnvelopeDocumentsList	find_envelope_documents_list	find_envelope_documents_list	Search for find_envelope_documents_list	1
https://searches.org.ai/SearchOpportunity	searches.org.ai	Search	SearchOpportunity	search_opportunity	search_opportunity	Search for search_opportunity	3
https://searches.org.ai/SearchCall	searches.org.ai	Search	SearchCall	search_call	search_call	Search for search_call	1
https://searches.org.ai/NumberOfLeads	searches.org.ai	Search	NumberOfLeads	number_of_leads	number_of_leads	Search for number_of_leads	1
https://searches.org.ai/SearchSequenceSubscription	searches.org.ai	Search	SearchSequenceSubscription	search_sequence_subscription	search_sequence_subscription	Search for search_sequence_subscription	1
https://searches.org.ai/SearchNote	searches.org.ai	Search	SearchNote	search_note	search_note	Search for search_note	3
https://searches.org.ai/SearchLeadV3	searches.org.ai	Search	SearchLeadV3	search_lead_v3	search_lead_v3	Search for search_lead_v3	1
https://searches.org.ai/SearchContact	searches.org.ai	Search	SearchContact	search_contact	search_contact	Search for search_contact	31
https://searches.org.ai/SearchOpportunityV2	searches.org.ai	Search	SearchOpportunityV2	search_opportunity_v2	search_opportunity_v2	Search for search_opportunity_v2	1
https://searches.org.ai/SearchLeadV4	searches.org.ai	Search	SearchLeadV4	search_lead_v4	search_lead_v4	Search for search_lead_v4	1
https://searches.org.ai/SearchUserV2	searches.org.ai	Search	SearchUserV2	search_user_v2	search_user_v2	Search for search_user_v2	2
https://searches.org.ai/SearchCustomActivity	searches.org.ai	Search	SearchCustomActivity	search_custom_activity	search_custom_activity	Search for search_custom_activity	1
https://searches.org.ai/SearchConnectedAccount	searches.org.ai	Search	SearchConnectedAccount	search_connected_account	search_connected_account	Search for search_connected_account	1
https://searches.org.ai/SearchLeadV5	searches.org.ai	Search	SearchLeadV5	search_lead_v5	search_lead_v5	Search for search_lead_v5	1
https://searches.org.ai/SearchOpportunityV3	searches.org.ai	Search	SearchOpportunityV3	search_opportunity_v3	search_opportunity_v3	Search for search_opportunity_v3	1
https://searches.org.ai/SearchLeadV6	searches.org.ai	Search	SearchLeadV6	search_lead_v6	search_lead_v6	Search for search_lead_v6	1
https://searches.org.ai/SearchCustomObject	searches.org.ai	Search	SearchCustomObject	search_custom_object	search_custom_object	Search for search_custom_object	1
https://searches.org.ai/SearchNoteV2	searches.org.ai	Search	SearchNoteV2	search_note_v2	search_note_v2	Search for search_note_v2	1
https://searches.org.ai/SearchCustomObjects	searches.org.ai	Search	SearchCustomObjects	search_custom_objects	search_custom_objects	Search for search_custom_objects	1
https://searches.org.ai/SearchContactsV2	searches.org.ai	Search	SearchContactsV2	search_contacts_v2	search_contacts_v2	Search for search_contacts_v2	1
https://searches.org.ai/SearchMeetings	searches.org.ai	Search	SearchMeetings	search_meetings	search_meetings	Search for search_meetings	1
https://searches.org.ai/SearchGroup	searches.org.ai	Search	SearchGroup	search_group	search_group	Search for search_group	4
https://searches.org.ai/SearchWhatsappMessages	searches.org.ai	Search	SearchWhatsappMessages	search_whatsapp_messages	search_whatsapp_messages	Search for search_whatsapp_messages	1
https://searches.org.ai/Eventsearch	searches.org.ai	Search	Eventsearch	eventsearch	eventSearch	Search for eventSearch	12
https://searches.org.ai/FindAttendee	searches.org.ai	Search	FindAttendee	find_attendee	find_attendee	Search for find_attendee	1
https://searches.org.ai/FindCompanyV2	searches.org.ai	Search	FindCompanyV2	find_company_v2	find_company_v2	Search for find_company_v2	2
https://searches.org.ai/FindLead	searches.org.ai	Search	FindLead	find_lead	find_lead	Search for find_lead	33
https://searches.org.ai/FindConversation	searches.org.ai	Search	FindConversation	find_conversation	find_conversation	Search for find_conversation	6
https://searches.org.ai/FindTicket	searches.org.ai	Search	FindTicket	find_ticket	find_ticket	Search for find_ticket	15
https://searches.org.ai/RetrieveConversation	searches.org.ai	Search	RetrieveConversation	retrieve_conversation	retrieve_conversation	Search for retrieve_conversation	1
https://searches.org.ai/ListCalls	searches.org.ai	Search	ListCalls	list_calls	list_calls	Search for list_calls	3
https://searches.org.ai/GetCallRecordings	searches.org.ai	Search	GetCallRecordings	get_call_recordings	get_call_recordings	Search for get_call_recordings	1
https://searches.org.ai/GetCallSummary	searches.org.ai	Search	GetCallSummary	get_call_summary	get_call_summary	Search for get_call_summary	1
https://searches.org.ai/GetCallTranscription	searches.org.ai	Search	GetCallTranscription	get_call_transcription	get_call_transcription	Search for get_call_transcription	1
https://searches.org.ai/ListConversations	searches.org.ai	Search	ListConversations	list_conversations	list_conversations	Search for list_conversations	3
https://searches.org.ai/ListMessages	searches.org.ai	Search	ListMessages	list_messages	list_messages	Search for list_messages	1
https://searches.org.ai/PoneNumbers	searches.org.ai	Search	PoneNumbers	pone_numbers	pone_numbers	Search for pone_numbers	1
https://searches.org.ai/HasMemberTag	searches.org.ai	Search	HasMemberTag	has_member_tag	has_member_tag	Search for has_member_tag	1
https://searches.org.ai/IsMemberInSpace	searches.org.ai	Search	IsMemberInSpace	is_member_in_space	is_member_in_space	Search for is_member_in_space	1
https://searches.org.ai/IsMemberInSpaceGroup	searches.org.ai	Search	IsMemberInSpaceGroup	is_member_in_space_group	is_member_in_space_group	Search for is_member_in_space_group	1
https://searches.org.ai/FindMember	searches.org.ai	Search	FindMember	find_member	find_member	Search for find_member	14
https://searches.org.ai/UsersList	searches.org.ai	Search	UsersList	users_list	users_list	Search for users_list	2
https://searches.org.ai/FindAd	searches.org.ai	Search	FindAd	find_ad	find_ad	Search for find_ad	1
https://searches.org.ai/Folder	searches.org.ai	Search	Folder	folder	folder	Search for folder	6
https://searches.org.ai/Drivebyid	searches.org.ai	Search	Drivebyid	drivebyid	driveById	Search for driveById	1
https://searches.org.ai/Filebyid	searches.org.ai	Search	Filebyid	filebyid	fileById	Search for fileById	1
https://searches.org.ai/FindContactProfile	searches.org.ai	Search	FindContactProfile	find_contact_profile	find_contact_profile	Search for find_contact_profile	1
https://searches.org.ai/GetDocument	searches.org.ai	Search	GetDocument	get_document	get_document	Search for get_document	6
https://searches.org.ai/GetEntry	searches.org.ai	Search	GetEntry	get_entry	get_entry	Search for get_entry	2
https://searches.org.ai/GetFormEntries	searches.org.ai	Search	GetFormEntries	get_form_entries	get_form_entries	Search for get_form_entries	1
https://searches.org.ai/RepoPull	searches.org.ai	Search	RepoPull	repo_pull	repo_pull	Search for repo_pull	1
https://searches.org.ai/RepositoryV2	searches.org.ai	Search	RepositoryV2	repository_v2	repository_v2	Search for repository_v2	1
https://searches.org.ai/RepoIssue	searches.org.ai	Search	RepoIssue	repo_issue	repo_issue	Search for repo_issue	1
https://searches.org.ai/Members	searches.org.ai	Search	Members	members	members	Search for members	1
https://searches.org.ai/Branch	searches.org.ai	Search	Branch	branch	branch	Search for branch	1
https://searches.org.ai/SoldProductsearch	searches.org.ai	Search	SoldProductsearch	sold_productsearch	sold_productSearch	Search for sold_productSearch	1
https://searches.org.ai/Task	searches.org.ai	Search	Task	task	task	Search for task	13
https://searches.org.ai/Client	searches.org.ai	Search	Client	client	client	Search for client	10
https://searches.org.ai/TimeEntry	searches.org.ai	Search	TimeEntry	time_entry	time_entry	Search for time_entry	1
https://searches.org.ai/Clientsearch	searches.org.ai	Search	Clientsearch	clientsearch	clientSearch	Search for clientSearch	15
https://searches.org.ai/FindAttachment	searches.org.ai	Search	FindAttachment	find_attachment	FIND_ATTACHMENT	Search for FIND_ATTACHMENT	2
https://searches.org.ai/FindSheetRow	searches.org.ai	Search	FindSheetRow	find_sheet_row	FIND_SHEET_ROW	Search for FIND_SHEET_ROW	1
https://searches.org.ai/ClicksendSearchContactByEmail	searches.org.ai	Search	ClicksendSearchContactByEmail	clicksend_search_contact_by_email	clicksend_search_contact_by_email	Search for clicksend_search_contact_by_email	2
https://searches.org.ai/ClicksendSearchlists	searches.org.ai	Search	ClicksendSearchlists	clicksend_searchlists	clicksend_searchlists	Search for clicksend_searchlists	2
https://searches.org.ai/ClicksendSearchContactByPhone	searches.org.ai	Search	ClicksendSearchContactByPhone	clicksend_search_contact_by_phone	clicksend_search_contact_by_phone	Search for clicksend_search_contact_by_phone	2
https://searches.org.ai/Digest	searches.org.ai	Search	Digest	digest	digest	Search for digest	1
https://searches.org.ai/FolderContents	searches.org.ai	Search	FolderContents	folder_contents	folder_contents	Search for folder_contents	1
https://searches.org.ai/SiteInformation	searches.org.ai	Search	SiteInformation	site_information	site_information	Search for site_information	1
https://searches.org.ai/GetMeeting	searches.org.ai	Search	GetMeeting	get_meeting	get_meeting	Search for get_meeting	3
https://searches.org.ai/SearchMeeting	searches.org.ai	Search	SearchMeeting	search_meeting	search_meeting	Search for search_meeting	2
https://searches.org.ai/FindRecentMeeting	searches.org.ai	Search	FindRecentMeeting	find_recent_meeting	find_recent_meeting	Search for find_recent_meeting	1
https://searches.org.ai/Findcontact	searches.org.ai	Search	Findcontact	findcontact	findContact	Search for findContact	14
https://searches.org.ai/FindPresentation	searches.org.ai	Search	FindPresentation	find_presentation	find_presentation	Search for find_presentation	1
https://searches.org.ai/Publicationsget	searches.org.ai	Search	Publicationsget	publicationsget	Publicationsget	Search for Publicationsget	1
https://searches.org.ai/Publicationspublicationidpostsget	searches.org.ai	Search	Publicationspublicationidpostsget	publicationspublicationidpostsget	PublicationsPublicationIdPostsget	Search for PublicationsPublicationIdPostsget	1
https://searches.org.ai/Publicationspublicationidsubscriptionsget	searches.org.ai	Search	Publicationspublicationidsubscriptionsget	publicationspublicationidsubscriptionsget	PublicationsPublicationIdSubscriptionsget	Search for PublicationsPublicationIdSubscriptionsget	1
https://searches.org.ai/Publicationspublicationidsegmentsget	searches.org.ai	Search	Publicationspublicationidsegmentsget	publicationspublicationidsegmentsget	PublicationsPublicationIdSegmentsget	Search for PublicationsPublicationIdSegmentsget	1
https://searches.org.ai/Publicationspublicationidemailblastsget	searches.org.ai	Search	Publicationspublicationidemailblastsget	publicationspublicationidemailblastsget	PublicationsPublicationIdEmailBlastsget	Search for PublicationsPublicationIdEmailBlastsget	1
https://searches.org.ai/Publicationspublicationidreferralprogramget	searches.org.ai	Search	Publicationspublicationidreferralprogramget	publicationspublicationidreferralprogramget	PublicationsPublicationIdReferralProgramget	Search for PublicationsPublicationIdReferralProgramget	1
https://searches.org.ai/Listsegmentmembers	searches.org.ai	Search	Listsegmentmembers	listsegmentmembers	listSegmentMembers	Search for listSegmentMembers	1
https://searches.org.ai/Listallcustomfields	searches.org.ai	Search	Listallcustomfields	listallcustomfields	listAllCustomFields	Search for listAllCustomFields	1
https://searches.org.ai/Viewcustomfield	searches.org.ai	Search	Viewcustomfield	viewcustomfield	viewCustomField	Search for viewCustomField	1
https://searches.org.ai/Listallautomationjourneys	searches.org.ai	Search	Listallautomationjourneys	listallautomationjourneys	listAllAutomationJourneys	Search for listAllAutomationJourneys	1
https://searches.org.ai/Listallautomations	searches.org.ai	Search	Listallautomations	listallautomations	listAllAutomations	Search for listAllAutomations	1
https://searches.org.ai/Viewautomation	searches.org.ai	Search	Viewautomation	viewautomation	viewAutomation	Search for viewAutomation	1
https://searches.org.ai/Viewautomationjourney	searches.org.ai	Search	Viewautomationjourney	viewautomationjourney	viewAutomationJourney	Search for viewAutomationJourney	1
https://searches.org.ai/Viewsubscriberbysubscriptionid	searches.org.ai	Search	Viewsubscriberbysubscriptionid	viewsubscriberbysubscriptionid	viewSubscriberBySubscriptionID	Search for viewSubscriberBySubscriptionID	1
https://searches.org.ai/Viewpublication	searches.org.ai	Search	Viewpublication	viewpublication	viewPublication	Search for viewPublication	1
https://searches.org.ai/Viewpost	searches.org.ai	Search	Viewpost	viewpost	viewPost	Search for viewPost	1
https://searches.org.ai/Viewsubscriberbysubscriberemail	searches.org.ai	Search	Viewsubscriberbysubscriberemail	viewsubscriberbysubscriberemail	viewSubscriberBySubscriberEmail	Search for viewSubscriberBySubscriberEmail	1
https://searches.org.ai/Viewsegment	searches.org.ai	Search	Viewsegment	viewsegment	viewSegment	Search for viewSegment	1
https://searches.org.ai/StudentSearch	searches.org.ai	Search	StudentSearch	student_search	student_search	Search for student_search	1
https://searches.org.ai/Findclient	searches.org.ai	Search	Findclient	findclient	findClient	Search for findClient	3
https://searches.org.ai/Entry	searches.org.ai	Search	Entry	entry	entry	Search for entry	2
https://searches.org.ai/FindSurvey	searches.org.ai	Search	FindSurvey	find_survey	find_survey	Search for find_survey	2
https://searches.org.ai/FindContacts	searches.org.ai	Search	FindContacts	find_contacts	find_contacts	Search for find_contacts	6
https://searches.org.ai/FindCollector	searches.org.ai	Search	FindCollector	find_collector	find_collector	Search for find_collector	1
https://searches.org.ai/SearchAuthorizedPayment	searches.org.ai	Search	SearchAuthorizedPayment	search_authorized_payment	search_authorized_payment	Search for search_authorized_payment	1
https://searches.org.ai/SearchCapturedPayment	searches.org.ai	Search	SearchCapturedPayment	search_captured_payment	search_captured_payment	Search for search_captured_payment	1
https://searches.org.ai/SearchInvoice	searches.org.ai	Search	SearchInvoice	search_invoice	search_invoice	Search for search_invoice	9
https://searches.org.ai/SearchOrder	searches.org.ai	Search	SearchOrder	search_order	search_order	Search for search_order	5
https://searches.org.ai/SearchPlan	searches.org.ai	Search	SearchPlan	search_plan	search_plan	Search for search_plan	1
https://searches.org.ai/SearchProduct	searches.org.ai	Search	SearchProduct	search_product	search_product	Search for search_product	8
https://searches.org.ai/SearchRefund	searches.org.ai	Search	SearchRefund	search_refund	search_refund	Search for search_refund	2
https://searches.org.ai/SearchSubscription	searches.org.ai	Search	SearchSubscription	search_subscription	search_subscription	Search for search_subscription	2
https://searches.org.ai/FindTicketByID	searches.org.ai	Search	FindTicketByID	find_ticket_by_id	find_ticket_by_id	Search for find_ticket_by_id	1
https://searches.org.ai/TodoList	searches.org.ai	Search	TodoList	todo_list	todo_list	Search for todo_list	1
https://searches.org.ai/FindTodo	searches.org.ai	Search	FindTodo	find_todo	find_todo	Search for find_todo	1
https://searches.org.ai/UpsertContactByEmail	searches.org.ai	Search	UpsertContactByEmail	upsert_contact_by_email	upsert_contact_by_email	Search for upsert_contact_by_email	1
https://searches.org.ai/SearchContactByEmailOrID	searches.org.ai	Search	SearchContactByEmailOrID	search_contact_by_email_or_id	search_contact_by_email_or_id	Search for search_contact_by_email_or_id	1
https://searches.org.ai/FindCampaign	searches.org.ai	Search	FindCampaign	find_campaign	find_campaign	Search for find_campaign	7
https://searches.org.ai/Row	searches.org.ai	Search	Row	row	row	Search for row	4
https://searches.org.ai/RowCustomQuery	searches.org.ai	Search	RowCustomQuery	row_custom_query	row_custom_query	Search for row_custom_query	3
https://searches.org.ai/RowsCustomQuery	searches.org.ai	Search	RowsCustomQuery	rows_custom_query	rows_custom_query	Search for rows_custom_query	3
https://searches.org.ai/FindMatter	searches.org.ai	Search	FindMatter	find_matter	find_matter	Search for find_matter	5
https://searches.org.ai/FindCompanyContact	searches.org.ai	Search	FindCompanyContact	find_company_contact	find_company_contact	Search for find_company_contact	2
https://searches.org.ai/FindPersonContact	searches.org.ai	Search	FindPersonContact	find_person_contact	find_person_contact	Search for find_person_contact	2
https://searches.org.ai/FindMatterByContactEmail	searches.org.ai	Search	FindMatterByContactEmail	find_matter_by_contact_email	find_matter_by_contact_email	Search for find_matter_by_contact_email	1
https://searches.org.ai/FindBill	searches.org.ai	Search	FindBill	find_bill	find_bill	Search for find_bill	3
https://searches.org.ai/FindMatterByCustomField	searches.org.ai	Search	FindMatterByCustomField	find_matter_by_custom_field	find_matter_by_custom_field	Search for find_matter_by_custom_field	1
https://searches.org.ai/FindContactByCustomField	searches.org.ai	Search	FindContactByCustomField	find_contact_by_custom_field	find_contact_by_custom_field	Search for find_contact_by_custom_field	1
https://searches.org.ai/FindListEntry	searches.org.ai	Search	FindListEntry	find_list_entry	find_list_entry	Search for find_list_entry	1
https://searches.org.ai/ListByName	searches.org.ai	Search	ListByName	list_by_name	list_by_name	Search for list_by_name	1
https://searches.org.ai/SearchBarks	searches.org.ai	Search	SearchBarks	search_barks	search_barks	Search for search_barks	1
https://searches.org.ai/Bark	searches.org.ai	Search	Bark	bark	bark	Search for bark	1
https://searches.org.ai/PurchasedBark	searches.org.ai	Search	PurchasedBark	purchased_bark	purchased_bark	Search for purchased_bark	1
https://searches.org.ai/CreditBalance	searches.org.ai	Search	CreditBalance	credit_balance	credit_balance	Search for credit_balance	1
https://searches.org.ai/FindTrack	searches.org.ai	Search	FindTrack	find_track	find_track	Search for find_track	2
https://searches.org.ai/GetTracks	searches.org.ai	Search	GetTracks	get_tracks	get_tracks	Search for get_tracks	1
https://searches.org.ai/FindEpisode	searches.org.ai	Search	FindEpisode	find_episode	find_episode	Search for find_episode	1
https://searches.org.ai/SearchItem	searches.org.ai	Search	SearchItem	search_item	search_item	Search for search_item	2
https://searches.org.ai/FindTopTracks	searches.org.ai	Search	FindTopTracks	find_top_tracks	find_top_tracks	Search for find_top_tracks	1
https://searches.org.ai/TaskSearch	searches.org.ai	Search	TaskSearch	task_search	task_search	Search for task_search	4
https://searches.org.ai/CompanySearch	searches.org.ai	Search	CompanySearch	company_search	company_search	Search for company_search	8
https://searches.org.ai/LeadSearch	searches.org.ai	Search	LeadSearch	lead_search	lead_search	Search for lead_search	7
https://searches.org.ai/LinksSearch	searches.org.ai	Search	LinksSearch	links_search	links_search	Search for links_search	2
https://searches.org.ai/ContactSearch	searches.org.ai	Search	ContactSearch	contact_search	contact_search	Search for contact_search	12
https://searches.org.ai/NoteSearch	searches.org.ai	Search	NoteSearch	note_search	note_search	Search for note_search	2
https://searches.org.ai/RowsCustomQueryV2	searches.org.ai	Search	RowsCustomQueryV2	rows_custom_query_v2	rows_custom_query_v2	Search for rows_custom_query_v2	1
https://searches.org.ai/Subscriber	searches.org.ai	Search	Subscriber	subscriber	subscriber	Search for subscriber	3
https://searches.org.ai/Author	searches.org.ai	Search	Author	author	author	Search for author	1
https://searches.org.ai/Member	searches.org.ai	Search	Member	member	member	Search for member	3
https://searches.org.ai/FindTimeEntry	searches.org.ai	Search	FindTimeEntry	find_time_entry	find_time_entry	Search for find_time_entry	4
https://searches.org.ai/FindClient	searches.org.ai	Search	FindClient	find_client	find_client	Search for find_client	41
https://searches.org.ai/FindRunningTimeEntry	searches.org.ai	Search	FindRunningTimeEntry	find_running_time_entry	find_running_time_entry	Search for find_running_time_entry	1
https://searches.org.ai/Firebasequery	searches.org.ai	Search	Firebasequery	firebasequery	firebaseQuery	Search for firebaseQuery	1
https://searches.org.ai/Firestorequery	searches.org.ai	Search	Firestorequery	firestorequery	firestoreQuery	Search for firestoreQuery	1
https://searches.org.ai/Query	searches.org.ai	Search	Query	query	query	Search for query	6
https://searches.org.ai/Getrowsforjobcompleted	searches.org.ai	Search	Getrowsforjobcompleted	getrowsforjobcompleted	getRowsForJobCompleted	Search for getRowsForJobCompleted	1
https://searches.org.ai/Findrows	searches.org.ai	Search	Findrows	findrows	findRows	Search for findRows	1
https://searches.org.ai/Findrow	searches.org.ai	Search	Findrow	findrow	findRow	Search for findRow	1
https://searches.org.ai/FindTimeEntries	searches.org.ai	Search	FindTimeEntries	find_time_entries	find_time_entries	Search for find_time_entries	2
https://searches.org.ai/DetailedReport	searches.org.ai	Search	DetailedReport	detailed_report	detailed_report	Search for detailed_report	1
https://searches.org.ai/WorkspaceUsers	searches.org.ai	Search	WorkspaceUsers	workspace_users	workspace_users	Search for workspace_users	1
https://searches.org.ai/GetGroups	searches.org.ai	Search	GetGroups	get_groups	get_groups	Search for get_groups	3
https://searches.org.ai/GetProjectMembers	searches.org.ai	Search	GetProjectMembers	get_project_members	get_project_members	Search for get_project_members	2
https://searches.org.ai/Formsearch	searches.org.ai	Search	Formsearch	formsearch	formSearch	Search for formSearch	3
https://searches.org.ai/Formfieldsearch	searches.org.ai	Search	Formfieldsearch	formfieldsearch	formFieldSearch	Search for formFieldSearch	1
https://searches.org.ai/Productformfieldsearch	searches.org.ai	Search	Productformfieldsearch	productformfieldsearch	productFormFieldSearch	Search for productFormFieldSearch	1
https://searches.org.ai/Spacesearch	searches.org.ai	Search	Spacesearch	spacesearch	spaceSearch	Search for spaceSearch	3
https://searches.org.ai/Cardsearch	searches.org.ai	Search	Cardsearch	cardsearch	cardSearch	Search for cardSearch	4
https://searches.org.ai/FindDatabaseRecords	searches.org.ai	Search	FindDatabaseRecords	find_database_records	find_database_records	Search for find_database_records	1
https://searches.org.ai/Accountsearch	searches.org.ai	Search	Accountsearch	accountsearch	accountSearch	Search for accountSearch	6
https://searches.org.ai/Opportunitysearch	searches.org.ai	Search	Opportunitysearch	opportunitysearch	opportunitySearch	Search for opportunitySearch	4
https://searches.org.ai/FindCampaignResponse	searches.org.ai	Search	FindCampaignResponse	find_campaign_response	find_campaign_response	Search for find_campaign_response	1
https://searches.org.ai/Invoicesearch	searches.org.ai	Search	Invoicesearch	invoicesearch	invoiceSearch	Search for invoiceSearch	10
https://searches.org.ai/CustomEntitysearch	searches.org.ai	Search	CustomEntitysearch	custom_entitysearch	custom_entitySearch	Search for custom_entitySearch	1
https://searches.org.ai/FindMultipleLeads	searches.org.ai	Search	FindMultipleLeads	find_multiple_leads	find_multiple_leads	Search for find_multiple_leads	1
https://searches.org.ai/ListSubscription	searches.org.ai	Search	ListSubscription	list_subscription	list_subscription	Search for list_subscription	1
https://searches.org.ai/ListInvoice	searches.org.ai	Search	ListInvoice	list_invoice	list_invoice	Search for list_invoice	1
https://searches.org.ai/FindProductWithLines	searches.org.ai	Search	FindProductWithLines	find_product_with_lines	find_product_with_lines	Search for find_product_with_lines	1
https://searches.org.ai/RetrieveProduct	searches.org.ai	Search	RetrieveProduct	retrieve_product	retrieve_product	Search for retrieve_product	1
https://searches.org.ai/RetrievePlan	searches.org.ai	Search	RetrievePlan	retrieve_plan	retrieve_plan	Search for retrieve_plan	1
https://searches.org.ai/RetrieveMembership	searches.org.ai	Search	RetrieveMembership	retrieve_membership	retrieve_membership	Search for retrieve_membership	1
https://searches.org.ai/RetrieveCompany	searches.org.ai	Search	RetrieveCompany	retrieve_company	retrieve_company	Search for retrieve_company	1
https://searches.org.ai/RetrieveCustomer	searches.org.ai	Search	RetrieveCustomer	retrieve_customer	retrieve_customer	Search for retrieve_customer	1
https://searches.org.ai/RetrieveExperience	searches.org.ai	Search	RetrieveExperience	retrieve_experience	retrieve_experience	Search for retrieve_experience	1
https://searches.org.ai/ListPaymentFees	searches.org.ai	Search	ListPaymentFees	list_payment_fees	list_payment_fees	Search for list_payment_fees	1
https://searches.org.ai/Searchcustomers	searches.org.ai	Search	Searchcustomers	searchcustomers	searchCustomers	Search for searchCustomers	2
https://searches.org.ai/Searchlocation	searches.org.ai	Search	Searchlocation	searchlocation	searchLocation	Search for searchLocation	3
https://searches.org.ai/Searchbusinessunits	searches.org.ai	Search	Searchbusinessunits	searchbusinessunits	searchBusinessUnits	Search for searchBusinessUnits	1
https://searches.org.ai/Searchcustomercontact	searches.org.ai	Search	Searchcustomercontact	searchcustomercontact	searchCustomerContact	Search for searchCustomerContact	1
https://searches.org.ai/Searchlocationcontact	searches.org.ai	Search	Searchlocationcontact	searchlocationcontact	searchLocationContact	Search for searchLocationContact	1
https://searches.org.ai/Searchjobtype	searches.org.ai	Search	Searchjobtype	searchjobtype	searchJobType	Search for searchJobType	1
https://searches.org.ai/Searchjobs	searches.org.ai	Search	Searchjobs	searchjobs	searchJobs	Search for searchJobs	1
https://searches.org.ai/Searchcampaigns	searches.org.ai	Search	Searchcampaigns	searchcampaigns	searchCampaigns	Search for searchCampaigns	1
https://searches.org.ai/Searchtagtypes	searches.org.ai	Search	Searchtagtypes	searchtagtypes	searchTagTypes	Search for searchTagTypes	1
https://searches.org.ai/Searchestimates	searches.org.ai	Search	Searchestimates	searchestimates	searchEstimates	Search for searchEstimates	1
https://searches.org.ai/Searchinvoices	searches.org.ai	Search	Searchinvoices	searchinvoices	searchInvoices	Search for searchInvoices	1
https://searches.org.ai/Searchproject	searches.org.ai	Search	Searchproject	searchproject	searchProject	Search for searchProject	1
https://searches.org.ai/Searchlead	searches.org.ai	Search	Searchlead	searchlead	searchLead	Search for searchLead	6
https://searches.org.ai/Searchservices	searches.org.ai	Search	Searchservices	searchservices	searchServices	Search for searchServices	1
https://searches.org.ai/Searchmaterials	searches.org.ai	Search	Searchmaterials	searchmaterials	searchMaterials	Search for searchMaterials	1
https://searches.org.ai/Searchequipments	searches.org.ai	Search	Searchequipments	searchequipments	searchEquipments	Search for searchEquipments	1
https://searches.org.ai/Searchdiscountandfees	searches.org.ai	Search	Searchdiscountandfees	searchdiscountandfees	searchDiscountAndFees	Search for searchDiscountAndFees	1
https://searches.org.ai/Searchcategories	searches.org.ai	Search	Searchcategories	searchcategories	searchCategories	Search for searchCategories	1
https://searches.org.ai/Searchappointments	searches.org.ai	Search	Searchappointments	searchappointments	searchAppointments	Search for searchAppointments	1
https://searches.org.ai/Searchpurchaseorder	searches.org.ai	Search	Searchpurchaseorder	searchpurchaseorder	searchPurchaseOrder	Search for searchPurchaseOrder	2
https://searches.org.ai/Searchvendors	searches.org.ai	Search	Searchvendors	searchvendors	searchVendors	Search for searchVendors	1
https://searches.org.ai/Searchbookingproviders	searches.org.ai	Search	Searchbookingproviders	searchbookingproviders	searchBookingProviders	Search for searchBookingProviders	1
https://searches.org.ai/Searchtechnicians	searches.org.ai	Search	Searchtechnicians	searchtechnicians	searchTechnicians	Search for searchTechnicians	1
https://searches.org.ai/Searchemployees	searches.org.ai	Search	Searchemployees	searchemployees	searchEmployees	Search for searchEmployees	1
https://searches.org.ai/Searchappointmentassignments	searches.org.ai	Search	Searchappointmentassignments	searchappointmentassignments	searchAppointmentAssignments	Search for searchAppointmentAssignments	1
https://searches.org.ai/SearchAllLocationContacts	searches.org.ai	Search	SearchAllLocationContacts	search_all_location_contacts	search_all_location_contacts	Search for search_all_location_contacts	1
https://searches.org.ai/Searchinstalledequipments	searches.org.ai	Search	Searchinstalledequipments	searchinstalledequipments	searchInstalledEquipments	Search for searchInstalledEquipments	1
https://searches.org.ai/OrderSearch	searches.org.ai	Search	OrderSearch	order_search	order_search	Search for order_search	4
https://searches.org.ai/GetLead	searches.org.ai	Search	GetLead	get_lead	get_lead	Search for get_lead	5
https://searches.org.ai/SearchLead	searches.org.ai	Search	SearchLead	search_lead	search_lead	Search for search_lead	8
https://searches.org.ai/GetTransactionDetails	searches.org.ai	Search	GetTransactionDetails	get_transaction_details	get_transaction_details	Search for get_transaction_details	1
https://searches.org.ai/GetSubscriptionDetails	searches.org.ai	Search	GetSubscriptionDetails	get_subscription_details	get_subscription_details	Search for get_subscription_details	2
https://searches.org.ai/SearchEvent	searches.org.ai	Search	SearchEvent	search_event	search_event	Search for search_event	5
https://searches.org.ai/SearchCompany	searches.org.ai	Search	SearchCompany	search_company	search_company	Search for search_company	8
https://searches.org.ai/SearchDeal	searches.org.ai	Search	SearchDeal	search_deal	search_deal	Search for search_deal	4
https://searches.org.ai/GetRecordsCoql	searches.org.ai	Search	GetRecordsCoql	get_records_coql	get_records_coql	Search for get_records_coql	1
https://searches.org.ai/FindProspectV2	searches.org.ai	Search	FindProspectV2	find_prospect_v2	find_prospect_v2	Search for find_prospect_v2	2
https://searches.org.ai/FindRecordInTable	searches.org.ai	Search	FindRecordInTable	find_record_in_table	find_record_in_table	Search for find_record_in_table	1
https://searches.org.ai/FindSelectOptionID	searches.org.ai	Search	FindSelectOptionID	find_select_option_id	find_select_option_id	Search for find_select_option_id	1
https://searches.org.ai/SearchClients	searches.org.ai	Search	SearchClients	search_clients	search_clients	Search for search_clients	5
https://searches.org.ai/Object	searches.org.ai	Search	Object	object	object	Search for object	1
https://searches.org.ai/ContactEmail	searches.org.ai	Search	ContactEmail	contact_email	contact_email	Search for contact_email	1
https://searches.org.ai/ContactID	searches.org.ai	Search	ContactID	contact_id	contact_id	Search for contact_id	1
https://searches.org.ai/Employeesearch	searches.org.ai	Search	Employeesearch	employeesearch	employeeSearch	Search for employeeSearch	6
https://searches.org.ai/DealSearch	searches.org.ai	Search	DealSearch	deal_search	deal_search	Search for deal_search	3
https://searches.org.ai/QuoteSearch	searches.org.ai	Search	QuoteSearch	quote_search	quote_search	Search for quote_search	2
https://searches.org.ai/SmartSearch	searches.org.ai	Search	SmartSearch	smart_search	smart_search	Search for smart_search	1
https://searches.org.ai/Rowsearch	searches.org.ai	Search	Rowsearch	rowsearch	rowSearch	Search for rowSearch	1
https://searches.org.ai/SearchProject	searches.org.ai	Search	SearchProject	search_project	search_project	Search for search_project	7
https://searches.org.ai/GetFolderCollaborations	searches.org.ai	Search	GetFolderCollaborations	get_folder_collaborations	get_folder_collaborations	Search for get_folder_collaborations	1
https://searches.org.ai/ListClassifications	searches.org.ai	Search	ListClassifications	list_classifications	list_classifications	Search for list_classifications	1
https://searches.org.ai/ListSignRequests	searches.org.ai	Search	ListSignRequests	list_sign_requests	list_sign_requests	Search for list_sign_requests	1
https://searches.org.ai/GetFileClassification	searches.org.ai	Search	GetFileClassification	get_file_classification	get_file_classification	Search for get_file_classification	1
https://searches.org.ai/GetFolderClassification	searches.org.ai	Search	GetFolderClassification	get_folder_classification	get_folder_classification	Search for get_folder_classification	1
https://searches.org.ai/ListEnterpriseUsers	searches.org.ai	Search	ListEnterpriseUsers	list_enterprise_users	list_enterprise_users	Search for list_enterprise_users	1
https://searches.org.ai/ListEnterpriseMetadataTemplates	searches.org.ai	Search	ListEnterpriseMetadataTemplates	list_enterprise_metadata_templates	list_enterprise_metadata_templates	Search for list_enterprise_metadata_templates	1
https://searches.org.ai/ListDocgenTemplates	searches.org.ai	Search	ListDocgenTemplates	list_docgen_templates	list_docgen_templates	Search for list_docgen_templates	1
https://searches.org.ai/Findsubscriber	searches.org.ai	Search	Findsubscriber	findsubscriber	findsubscriber	Search for findsubscriber	2
https://searches.org.ai/Findcampaign	searches.org.ai	Search	Findcampaign	findcampaign	findcampaign	Search for findcampaign	2
https://searches.org.ai/Searchactorrun	searches.org.ai	Search	Searchactorrun	searchactorrun	searchActorRun	Search for searchActorRun	1
https://searches.org.ai/Keyvaluestoregetvalue	searches.org.ai	Search	Keyvaluestoregetvalue	keyvaluestoregetvalue	keyValueStoreGetValue	Search for keyValueStoreGetValue	1
https://searches.org.ai/Fetchdatasetitems	searches.org.ai	Search	Fetchdatasetitems	fetchdatasetitems	fetchDatasetItems	Search for fetchDatasetItems	1
https://searches.org.ai/Searchtaskrun	searches.org.ai	Search	Searchtaskrun	searchtaskrun	searchTaskRun	Search for searchTaskRun	1
https://searches.org.ai/FindConversionByID	searches.org.ai	Search	FindConversionByID	find_conversion_by_id	find_conversion_by_id	Search for find_conversion_by_id	1
https://searches.org.ai/BoxSearchMaster	searches.org.ai	Search	BoxSearchMaster	box_search_master	box_search_master	Search for box_search_master	1
https://searches.org.ai/ContactSearchMaster	searches.org.ai	Search	ContactSearchMaster	contact_search_master	contact_search_master	Search for contact_search_master	1
https://searches.org.ai/SearchOrganizations	searches.org.ai	Search	SearchOrganizations	search_organizations	search_organizations	Search for search_organizations	1
https://searches.org.ai/SearchContacts	searches.org.ai	Search	SearchContacts	search_contacts	search_contacts	Search for search_contacts	17
https://searches.org.ai/SearchDeals	searches.org.ai	Search	SearchDeals	search_deals	search_deals	Search for search_deals	2
https://searches.org.ai/SearchCompanies	searches.org.ai	Search	SearchCompanies	search_companies	search_companies	Search for search_companies	2
https://searches.org.ai/SearchActivities	searches.org.ai	Search	SearchActivities	search_activities	search_activities	Search for search_activities	2
https://searches.org.ai/SearchLeads	searches.org.ai	Search	SearchLeads	search_leads	search_leads	Search for search_leads	3
https://searches.org.ai/SearchProjects	searches.org.ai	Search	SearchProjects	search_projects	search_projects	Search for search_projects	10
https://searches.org.ai/GetMember	searches.org.ai	Search	GetMember	get_member	get_member	Search for get_member	3
https://searches.org.ai/GetSubscription	searches.org.ai	Search	GetSubscription	get_subscription	get_subscription	Search for get_subscription	1
https://searches.org.ai/GetTransaction	searches.org.ai	Search	GetTransaction	get_transaction	get_transaction	Search for get_transaction	3
https://searches.org.ai/FindShift	searches.org.ai	Search	FindShift	find_shift	find_shift	Search for find_shift	1
https://searches.org.ai/FindSubmission	searches.org.ai	Search	FindSubmission	find_submission	find_submission	Search for find_submission	1
https://searches.org.ai/FindJob	searches.org.ai	Search	FindJob	find_job	find_job	Search for find_job	17
https://searches.org.ai/FindForm	searches.org.ai	Search	FindForm	find_form	find_form	Search for find_form	4
https://searches.org.ai/FindSubJobV2	searches.org.ai	Search	FindSubJobV2	find_sub_job_v2	find_sub_job_v2	Search for find_sub_job_v2	1
https://searches.org.ai/FindTaskLabel	searches.org.ai	Search	FindTaskLabel	find_task_label	find_task_label	Search for find_task_label	1
https://searches.org.ai/FindFormSubmission	searches.org.ai	Search	FindFormSubmission	find_form_submission	find_form_submission	Search for find_form_submission	1
https://searches.org.ai/GetAssetUploadJob	searches.org.ai	Search	GetAssetUploadJob	get_asset_upload_job	get_asset_upload_job	Search for get_asset_upload_job	1
https://searches.org.ai/GetDesignImportJob	searches.org.ai	Search	GetDesignImportJob	get_design_import_job	get_design_import_job	Search for get_design_import_job	1
https://searches.org.ai/GetDesignExportJob	searches.org.ai	Search	GetDesignExportJob	get_design_export_job	get_design_export_job	Search for get_design_export_job	1
https://searches.org.ai/FindDesign	searches.org.ai	Search	FindDesign	find_design	find_design	Search for find_design	1
https://searches.org.ai/Goal	searches.org.ai	Search	Goal	goal	goal	Search for goal	1
https://searches.org.ai/FindList	searches.org.ai	Search	FindList	find_list	find_list	Search for find_list	6
https://searches.org.ai/Findcustomer	searches.org.ai	Search	Findcustomer	findcustomer	findCustomer	Search for findCustomer	8
https://searches.org.ai/Findjob	searches.org.ai	Search	Findjob	findjob	findJob	Search for findJob	2
https://searches.org.ai/Findlocation	searches.org.ai	Search	Findlocation	findlocation	findLocation	Search for findLocation	1
https://searches.org.ai/Findvendor	searches.org.ai	Search	Findvendor	findvendor	findVendor	Search for findVendor	1
https://searches.org.ai/Findmembership	searches.org.ai	Search	Findmembership	findmembership	findMembership	Search for findMembership	1
https://searches.org.ai/Findconstituent	searches.org.ai	Search	Findconstituent	findconstituent	findConstituent	Search for findConstituent	1
https://searches.org.ai/FindMailbox	searches.org.ai	Search	FindMailbox	find_mailbox	find_mailbox	Search for find_mailbox	1
https://searches.org.ai/GetCustomReport	searches.org.ai	Search	GetCustomReport	get_custom_report	get_custom_report	Search for get_custom_report	1
https://searches.org.ai/GetWeekReport	searches.org.ai	Search	GetWeekReport	get_week_report	get_week_report	Search for get_week_report	1
https://searches.org.ai/GetDayReport	searches.org.ai	Search	GetDayReport	get_day_report	get_day_report	Search for get_day_report	1
https://searches.org.ai/FetchTicket	searches.org.ai	Search	FetchTicket	fetch_ticket	fetch_ticket	Search for fetch_ticket	1
https://searches.org.ai/FindContactDetails	searches.org.ai	Search	FindContactDetails	find_contact_details	find_contact_details	Search for find_contact_details	1
https://searches.org.ai/FindEstimate	searches.org.ai	Search	FindEstimate	find_estimate	find_estimate	Search for find_estimate	3
https://searches.org.ai/FindCreditNote	searches.org.ai	Search	FindCreditNote	find_credit_note	find_credit_note	Search for find_credit_note	2
https://searches.org.ai/FindVendor	searches.org.ai	Search	FindVendor	find_vendor	find_vendor	Search for find_vendor	6
https://searches.org.ai/FindBitlink	searches.org.ai	Search	FindBitlink	find_bitlink	find_bitlink	Search for find_bitlink	1
https://searches.org.ai/SearchContactByEmail	searches.org.ai	Search	SearchContactByEmail	search_contact_by_email	search_contact_by_email	Search for search_contact_by_email	2
https://searches.org.ai/SearchByNameOrID	searches.org.ai	Search	SearchByNameOrID	search_by_name_or_id	search_by_name_or_id	Search for search_by_name_or_id	1
https://searches.org.ai/SearchAccountByAccountIDAndName	searches.org.ai	Search	SearchAccountByAccountIDAndName	search_account_by_account_id_and_name	search_account_by_account_id_and_name	Search for search_account_by_account_id_and_name	1
https://searches.org.ai/SearchContactV2	searches.org.ai	Search	SearchContactV2	search_contact_v2	search_contact_v2	Search for search_contact_v2	1
https://searches.org.ai/Categories	searches.org.ai	Search	Categories	categories	categories	Search for categories	1
https://searches.org.ai/Brands	searches.org.ai	Search	Brands	brands	brands	Search for brands	1
https://searches.org.ai/FindOrders	searches.org.ai	Search	FindOrders	find_orders	find_orders	Search for find_orders	2
https://searches.org.ai/SearchCoupon	searches.org.ai	Search	SearchCoupon	search_coupon	search_coupon	Search for search_coupon	2
https://searches.org.ai/SearchLeadByField	searches.org.ai	Search	SearchLeadByField	search_lead_by_field	search_lead_by_field	Search for search_lead_by_field	1
https://searches.org.ai/Thing	searches.org.ai	Search	Thing	thing	thing	Search for thing	1
https://searches.org.ai/JobCategory	searches.org.ai	Search	JobCategory	job_category	job_category	Search for job_category	1
https://searches.org.ai/WorkTypes	searches.org.ai	Search	WorkTypes	work_types	work_types	Search for work_types	1
https://searches.org.ai/LeadSource	searches.org.ai	Search	LeadSource	lead_source	lead_source	Search for lead_source	1
https://searches.org.ai/TradeTypes	searches.org.ai	Search	TradeTypes	trade_types	trade_types	Search for trade_types	1
https://searches.org.ai/WhatsappGetGroups	searches.org.ai	Search	WhatsappGetGroups	whatsapp_get_groups	whatsapp_get_groups	Search for whatsapp_get_groups	1
https://searches.org.ai/WhatsappGetGroupParticipants	searches.org.ai	Search	WhatsappGetGroupParticipants	whatsapp_get_group_participants	whatsapp_get_group_participants	Search for whatsapp_get_group_participants	1
https://searches.org.ai/WhatsappCatalogGetProducts	searches.org.ai	Search	WhatsappCatalogGetProducts	whatsapp_catalog_get_products	whatsapp_catalog_get_products	Search for whatsapp_catalog_get_products	1
https://searches.org.ai/WhatsappCatalogGetCatalogCollections	searches.org.ai	Search	WhatsappCatalogGetCatalogCollections	whatsapp_catalog_get_catalog_collections	whatsapp_catalog_get_catalog_collections	Search for whatsapp_catalog_get_catalog_collections	1
https://searches.org.ai/Casesearch	searches.org.ai	Search	Casesearch	casesearch	caseSearch	Search for caseSearch	2
https://searches.org.ai/Partysearch	searches.org.ai	Search	Partysearch	partysearch	partySearch	Search for partySearch	2
https://searches.org.ai/Milestonesearch	searches.org.ai	Search	Milestonesearch	milestonesearch	milestoneSearch	Search for milestoneSearch	4
https://searches.org.ai/Stagesearch	searches.org.ai	Search	Stagesearch	stagesearch	stageSearch	Search for stageSearch	3
https://searches.org.ai/Messagesearch	searches.org.ai	Search	Messagesearch	messagesearch	messageSearch	Search for messageSearch	4
https://searches.org.ai/Tasklistsearch	searches.org.ai	Search	Tasklistsearch	tasklistsearch	tasklistSearch	Search for tasklistSearch	1
https://searches.org.ai/Linkcommentsearch	searches.org.ai	Search	Linkcommentsearch	linkcommentsearch	linkCommentSearch	Search for linkCommentSearch	1
https://searches.org.ai/Milestonecommentsearch	searches.org.ai	Search	Milestonecommentsearch	milestonecommentsearch	milestoneCommentSearch	Search for milestoneCommentSearch	1
https://searches.org.ai/Filecommentsearch	searches.org.ai	Search	Filecommentsearch	filecommentsearch	fileCommentSearch	Search for fileCommentSearch	1
https://searches.org.ai/Filesearch	searches.org.ai	Search	Filesearch	filesearch	fileSearch	Search for fileSearch	4
https://searches.org.ai/Tasksearch	searches.org.ai	Search	Tasksearch	tasksearch	taskSearch	Search for taskSearch	23
https://searches.org.ai/Columnsearch	searches.org.ai	Search	Columnsearch	columnsearch	columnSearch	Search for columnSearch	2
https://searches.org.ai/Taskcommentsearch	searches.org.ai	Search	Taskcommentsearch	taskcommentsearch	taskCommentSearch	Search for taskCommentSearch	1
https://searches.org.ai/Calendareventsearch	searches.org.ai	Search	Calendareventsearch	calendareventsearch	calendarEventSearch	Search for calendarEventSearch	1
https://searches.org.ai/Notebooksearch	searches.org.ai	Search	Notebooksearch	notebooksearch	notebookSearch	Search for notebookSearch	1
https://searches.org.ai/Linksearch	searches.org.ai	Search	Linksearch	linksearch	linkSearch	Search for linkSearch	1
https://searches.org.ai/Notebookcommentsearch	searches.org.ai	Search	Notebookcommentsearch	notebookcommentsearch	notebookCommentSearch	Search for notebookCommentSearch	1
https://searches.org.ai/Projectsearch	searches.org.ai	Search	Projectsearch	projectsearch	projectSearch	Search for projectSearch	27
https://searches.org.ai/Personsearch	searches.org.ai	Search	Personsearch	personsearch	personSearch	Search for personSearch	12
https://searches.org.ai/Workflowsearch	searches.org.ai	Search	Workflowsearch	workflowsearch	workflowSearch	Search for workflowSearch	1
https://searches.org.ai/SearchPayment	searches.org.ai	Search	SearchPayment	search_payment	search_payment	Search for search_payment	3
https://searches.org.ai/SearchBillingRequest	searches.org.ai	Search	SearchBillingRequest	search_billing_request	search_billing_request	Search for search_billing_request	1
https://searches.org.ai/SearchMandate	searches.org.ai	Search	SearchMandate	search_mandate	search_mandate	Search for search_mandate	1
https://searches.org.ai/SearchCustomer	searches.org.ai	Search	SearchCustomer	search_customer	search_customer	Search for search_customer	10
https://searches.org.ai/SearchCustomerBankAccount	searches.org.ai	Search	SearchCustomerBankAccount	search_customer_bank_account	search_customer_bank_account	Search for search_customer_bank_account	1
https://searches.org.ai/SearchPayout	searches.org.ai	Search	SearchPayout	search_payout	search_payout	Search for search_payout	1
https://searches.org.ai/SearchPayoutItems	searches.org.ai	Search	SearchPayoutItems	search_payout_items	search_payout_items	Search for search_payout_items	1
https://searches.org.ai/Prospect	searches.org.ai	Search	Prospect	prospect	prospect	Search for prospect	1
https://searches.org.ai/Finddocument	searches.org.ai	Search	Finddocument	finddocument	findDocument	Search for findDocument	1
https://searches.org.ai/SearchTransaction	searches.org.ai	Search	SearchTransaction	search_transaction	search_transaction	Search for search_transaction	2
https://searches.org.ai/SearchEventCall	searches.org.ai	Search	SearchEventCall	search_event_call	search_event_call	Search for search_event_call	1
https://searches.org.ai/GetCustomFields	searches.org.ai	Search	GetCustomFields	get_custom_fields	get_custom_fields	Search for get_custom_fields	2
https://searches.org.ai/InfoContact	searches.org.ai	Search	InfoContact	info_contact	info_contact	Search for info_contact	1
https://searches.org.ai/InfoCompany	searches.org.ai	Search	InfoCompany	info_company	info_company	Search for info_company	1
https://searches.org.ai/Getuser	searches.org.ai	Search	Getuser	getuser	getUser	Search for getUser	4
https://searches.org.ai/Getcustomfield	searches.org.ai	Search	Getcustomfield	getcustomfield	getCustomField	Search for getCustomField	1
https://searches.org.ai/Getallchannels	searches.org.ai	Search	Getallchannels	getallchannels	getAllChannels	Search for getAllChannels	1
https://searches.org.ai/Getallcustomfields	searches.org.ai	Search	Getallcustomfields	getallcustomfields	getAllCustomFields	Search for getAllCustomFields	1
https://searches.org.ai/Getallclosingnotes	searches.org.ai	Search	Getallclosingnotes	getallclosingnotes	getAllClosingNotes	Search for getAllClosingNotes	1
https://searches.org.ai/Getallusers	searches.org.ai	Search	Getallusers	getallusers	getAllUsers	Search for getAllUsers	1
https://searches.org.ai/Getcontact	searches.org.ai	Search	Getcontact	getcontact	getContact	Search for getContact	4
https://searches.org.ai/Getcontactchannels	searches.org.ai	Search	Getcontactchannels	getcontactchannels	getContactChannels	Search for getContactChannels	1
https://searches.org.ai/Getmanycontacts	searches.org.ai	Search	Getmanycontacts	getmanycontacts	getManyContacts	Search for getManyContacts	1
https://searches.org.ai/Getcontactmessage	searches.org.ai	Search	Getcontactmessage	getcontactmessage	getContactMessage	Search for getContactMessage	1
https://searches.org.ai/FindOrganization	searches.org.ai	Search	FindOrganization	find_organization	find_organization	Search for find_organization	9
https://searches.org.ai/FindPurchaseCategory	searches.org.ai	Search	FindPurchaseCategory	find_purchase_category	find_purchase_category	Search for find_purchase_category	1
https://searches.org.ai/FindExpense	searches.org.ai	Search	FindExpense	find_expense	find_expense	Search for find_expense	2
https://searches.org.ai/FindOffer	searches.org.ai	Search	FindOffer	find_offer	find_offer	Search for find_offer	2
https://searches.org.ai/FindPlanningEntry	searches.org.ai	Search	FindPlanningEntry	find_planning_entry	find_planning_entry	Search for find_planning_entry	1
https://searches.org.ai/FindPurchase	searches.org.ai	Search	FindPurchase	find_purchase	find_purchase	Search for find_purchase	2
https://searches.org.ai/BusinessDetails	searches.org.ai	Search	BusinessDetails	business_details	business_details	Search for business_details	1
https://searches.org.ai/LeadDetails	searches.org.ai	Search	LeadDetails	lead_details	lead_details	Search for lead_details	1
https://searches.org.ai/FindWhatsappAccount	searches.org.ai	Search	FindWhatsappAccount	find_whatsapp_account	find_whatsapp_account	Search for find_whatsapp_account	1
https://searches.org.ai/FindChat	searches.org.ai	Search	FindChat	find_chat	find_chat	Search for find_chat	1
https://searches.org.ai/FindMessage	searches.org.ai	Search	FindMessage	find_message	find_message	Search for find_message	3
https://searches.org.ai/FindMessageStatus	searches.org.ai	Search	FindMessageStatus	find_message_status	find_message_status	Search for find_message_status	1
https://searches.org.ai/FindUploadedFile	searches.org.ai	Search	FindUploadedFile	find_uploaded_file	find_uploaded_file	Search for find_uploaded_file	1
https://searches.org.ai/SearchChecklist	searches.org.ai	Search	SearchChecklist	search_checklist	search_checklist	Search for search_checklist	1
https://searches.org.ai/FindDataSetRows	searches.org.ai	Search	FindDataSetRows	find_data_set_rows	find_data_set_rows	Search for find_data_set_rows	1
https://searches.org.ai/DownloadFile	searches.org.ai	Search	DownloadFile	download_file	download_file	Search for download_file	3
https://searches.org.ai/SearchJob	searches.org.ai	Search	SearchJob	search_job	search_job	Search for search_job	5
https://searches.org.ai/ListBranches	searches.org.ai	Search	ListBranches	list_branches	list_branches	Search for list_branches	2
https://searches.org.ai/SearchQuote	searches.org.ai	Search	SearchQuote	search_quote	search_quote	Search for search_quote	3
https://searches.org.ai/SearchLoggedExpense	searches.org.ai	Search	SearchLoggedExpense	search_logged_expense	search_logged_expense	Search for search_logged_expense	1
https://searches.org.ai/Searchpriorityboard	searches.org.ai	Search	Searchpriorityboard	searchpriorityboard	searchPriorityBoard	Search for searchPriorityBoard	1
https://searches.org.ai/Pagesearch	searches.org.ai	Search	Pagesearch	pagesearch	pageSearch	Search for pageSearch	2
https://searches.org.ai/Searchclientbyid	searches.org.ai	Search	Searchclientbyid	searchclientbyid	searchClientById	Search for searchClientById	1
https://searches.org.ai/Searchclientbyexternalid	searches.org.ai	Search	Searchclientbyexternalid	searchclientbyexternalid	searchClientByExternalId	Search for searchClientByExternalId	1
https://searches.org.ai/Searchclientbyemail	searches.org.ai	Search	Searchclientbyemail	searchclientbyemail	searchClientByEmail	Search for searchClientByEmail	1
https://searches.org.ai/Searchappointment	searches.org.ai	Search	Searchappointment	searchappointment	searchAppointment	Search for searchAppointment	1
https://searches.org.ai/Searchorderbyid	searches.org.ai	Search	Searchorderbyid	searchorderbyid	searchOrderById	Search for searchOrderById	2
https://searches.org.ai/SeachReservation	searches.org.ai	Search	SeachReservation	seach_reservation	seach_reservation	Search for seach_reservation	1
https://searches.org.ai/SearchRecord	searches.org.ai	Search	SearchRecord	search_record	search_record	Search for search_record	5
https://searches.org.ai/ListCompanyCustomer	searches.org.ai	Search	ListCompanyCustomer	list_company_customer	list_company_customer	Search for list_company_customer	1
https://searches.org.ai/ListJob	searches.org.ai	Search	ListJob	list_job	list_job	Search for list_job	1
https://searches.org.ai/ListIndividualCustomer	searches.org.ai	Search	ListIndividualCustomer	list_individual_customer	list_individual_customer	Search for list_individual_customer	1
https://searches.org.ai/FindSite	searches.org.ai	Search	FindSite	find_site	find_site	Search for find_site	3
https://searches.org.ai/FindSchedule	searches.org.ai	Search	FindSchedule	find_schedule	find_schedule	Search for find_schedule	2
https://searches.org.ai/FindOrderByID	searches.org.ai	Search	FindOrderByID	find_order_by_id	find_order_by_id	Search for find_order_by_id	1
https://searches.org.ai/FindCustomerByNameOrEmail	searches.org.ai	Search	FindCustomerByNameOrEmail	find_customer_by_name_or_email	find_customer_by_name_or_email	Search for find_customer_by_name_or_email	1
https://searches.org.ai/FindCustomerByID	searches.org.ai	Search	FindCustomerByID	find_customer_by_id	find_customer_by_id	Search for find_customer_by_id	1
https://searches.org.ai/FindUserByMail	searches.org.ai	Search	FindUserByMail	find_user_by_mail	find_user_by_mail	Search for find_user_by_mail	1
https://searches.org.ai/Tagsearch	searches.org.ai	Search	Tagsearch	tagsearch	tagSearch	Search for tagSearch	6
https://searches.org.ai/FindWorkItem	searches.org.ai	Search	FindWorkItem	find_work_item	find_work_item	Search for find_work_item	2
https://searches.org.ai/Getrow	searches.org.ai	Search	Getrow	getrow	getRow	Search for getRow	1
https://searches.org.ai/Getrows	searches.org.ai	Search	Getrows	getrows	getRows	Search for getRows	1
https://searches.org.ai/ReferralSourcesearch	searches.org.ai	Search	ReferralSourcesearch	referral_sourcesearch	referral_sourceSearch	Search for referral_sourceSearch	1
https://searches.org.ai/Staffsearch	searches.org.ai	Search	Staffsearch	staffsearch	staffSearch	Search for staffSearch	1
https://searches.org.ai/Callersearch	searches.org.ai	Search	Callersearch	callersearch	callerSearch	Search for callerSearch	1
https://searches.org.ai/Locationsearch	searches.org.ai	Search	Locationsearch	locationsearch	locationSearch	Search for locationSearch	2
https://searches.org.ai/PracticeAreasearch	searches.org.ai	Search	PracticeAreasearch	practice_areasearch	practice_areaSearch	Search for practice_areaSearch	1
https://searches.org.ai/CaseStagesearch	searches.org.ai	Search	CaseStagesearch	case_stagesearch	case_stageSearch	Search for case_stageSearch	1
https://searches.org.ai/Peoplegroupsearch	searches.org.ai	Search	Peoplegroupsearch	peoplegroupsearch	peopleGroupSearch	Search for peopleGroupSearch	1
https://searches.org.ai/FindSession	searches.org.ai	Search	FindSession	find_session	find_session	Search for find_session	2
https://searches.org.ai/ListPeople	searches.org.ai	Search	ListPeople	list_people	list_people	Search for list_people	2
https://searches.org.ai/Findgif	searches.org.ai	Search	Findgif	findgif	FindGIF	Search for FindGIF	1
https://searches.org.ai/Recordingsearch	searches.org.ai	Search	Recordingsearch	recordingsearch	recordingSearch	Search for recordingSearch	1
https://searches.org.ai/Label	searches.org.ai	Search	Label	label	label	Search for label	1
https://searches.org.ai/Searchproduct	searches.org.ai	Search	Searchproduct	searchproduct	searchProduct	Search for searchProduct	3
https://searches.org.ai/Searchcustomer	searches.org.ai	Search	Searchcustomer	searchcustomer	searchCustomer	Search for searchCustomer	8
https://searches.org.ai/Searchcustomeraddress	searches.org.ai	Search	Searchcustomeraddress	searchcustomeraddress	searchCustomerAddress	Search for searchCustomerAddress	1
https://searches.org.ai/Findaperson	searches.org.ai	Search	Findaperson	findaperson	findAPerson	Search for findAPerson	1
https://searches.org.ai/Findacompany	searches.org.ai	Search	Findacompany	findacompany	findACompany	Search for findACompany	1
https://searches.org.ai/Getaperson	searches.org.ai	Search	Getaperson	getaperson	getAPerson	Search for getAPerson	1
https://searches.org.ai/Getacompany	searches.org.ai	Search	Getacompany	getacompany	getACompany	Search for getACompany	1
https://searches.org.ai/FindMergeRequests	searches.org.ai	Search	FindMergeRequests	find_merge_requests	find_merge_requests	Search for find_merge_requests	1
https://searches.org.ai/FindProjectMergeRequests	searches.org.ai	Search	FindProjectMergeRequests	find_project_merge_requests	find_project_merge_requests	Search for find_project_merge_requests	1
https://searches.org.ai/FindGroupMergeRequests	searches.org.ai	Search	FindGroupMergeRequests	find_group_merge_requests	find_group_merge_requests	Search for find_group_merge_requests	1
https://searches.org.ai/FindMergeRequestsV2	searches.org.ai	Search	FindMergeRequestsV2	find_merge_requests_v2	find_merge_requests_v2	Search for find_merge_requests_v2	1
https://searches.org.ai/FindProjectMergeRequestsV2	searches.org.ai	Search	FindProjectMergeRequestsV2	find_project_merge_requests_v2	find_project_merge_requests_v2	Search for find_project_merge_requests_v2	1
https://searches.org.ai/FindGroupMergeRequestsV2	searches.org.ai	Search	FindGroupMergeRequestsV2	find_group_merge_requests_v2	find_group_merge_requests_v2	Search for find_group_merge_requests_v2	1
https://searches.org.ai/ContactPersonSearch	searches.org.ai	Search	ContactPersonSearch	contact_person_search	contact_person_search	Search for contact_person_search	1
https://searches.org.ai/DealSourceSearch	searches.org.ai	Search	DealSourceSearch	deal_source_search	Deal_source_search	Search for Deal_source_search	1
https://searches.org.ai/StageSearch	searches.org.ai	Search	StageSearch	stage_search	stage_search	Search for stage_search	1
https://searches.org.ai/DealSearchV2	searches.org.ai	Search	DealSearchV2	deal_search_v2	deal_search_v2	Search for deal_search_v2	1
https://searches.org.ai/UserSearch	searches.org.ai	Search	UserSearch	user_search	user_search	Search for user_search	8
https://searches.org.ai/ContactContactSearchV2	searches.org.ai	Search	ContactContactSearchV2	contact_contact_search_v2	contact_contact_search_v2	Search for contact_contact_search_v2	1
https://searches.org.ai/LeadSearchV2	searches.org.ai	Search	LeadSearchV2	lead_search_v2	lead_search_v2	Search for lead_search_v2	1
https://searches.org.ai/LeadSourceSearch	searches.org.ai	Search	LeadSourceSearch	lead_source_search	Lead_source_search	Search for Lead_source_search	1
https://searches.org.ai/ContactCompanySearch	searches.org.ai	Search	ContactCompanySearch	contact_company_search	contact_company_search	Search for contact_company_search	1
https://searches.org.ai/ProductSearch	searches.org.ai	Search	ProductSearch	product_search	product_search	Search for product_search	3
https://searches.org.ai/SequenceSearch	searches.org.ai	Search	SequenceSearch	sequence_search	sequence_search	Search for sequence_search	1
https://searches.org.ai/FindTaxRate	searches.org.ai	Search	FindTaxRate	find_tax_rate	find_tax_rate	Search for find_tax_rate	1
https://searches.org.ai/FindAudience	searches.org.ai	Search	FindAudience	find_audience	find_audience	Search for find_audience	1
https://searches.org.ai/FindPerson	searches.org.ai	Search	FindPerson	find_person	find_person	Search for find_person	27
https://searches.org.ai/Attachmentsearch	searches.org.ai	Search	Attachmentsearch	attachmentsearch	attachmentSearch	Search for attachmentSearch	3
https://searches.org.ai/Labelsearch	searches.org.ai	Search	Labelsearch	labelsearch	labelSearch	Search for labelSearch	4
https://searches.org.ai/Jobsearch	searches.org.ai	Search	Jobsearch	jobsearch	jobSearch	Search for jobSearch	3
https://searches.org.ai/Candidatesearch	searches.org.ai	Search	Candidatesearch	candidatesearch	candidateSearch	Search for candidateSearch	4
https://searches.org.ai/TalentPoolsearch	searches.org.ai	Search	TalentPoolsearch	talent_poolsearch	talent_poolSearch	Search for talent_poolSearch	1
https://searches.org.ai/Placementsearch	searches.org.ai	Search	Placementsearch	placementsearch	placementSearch	Search for placementSearch	1
https://searches.org.ai/FindContactV2	searches.org.ai	Search	FindContactV2	find_contact_v2	find_contact_v2	Search for find_contact_v2	2
https://searches.org.ai/FindLeadV2	searches.org.ai	Search	FindLeadV2	find_lead_v2	find_lead_v2	Search for find_lead_v2	1
https://searches.org.ai/Webinar	searches.org.ai	Search	Webinar	webinar	webinar	Search for webinar	2
https://searches.org.ai/Registrant	searches.org.ai	Search	Registrant	registrant	registrant	Search for registrant	1
https://searches.org.ai/Oppsearch	searches.org.ai	Search	Oppsearch	oppsearch	oppSearch	Search for oppSearch	1
https://searches.org.ai/Searchpersonbyid	searches.org.ai	Search	Searchpersonbyid	searchpersonbyid	searchPersonById	Search for searchPersonById	1
https://searches.org.ai/Searchcompanybyid	searches.org.ai	Search	Searchcompanybyid	searchcompanybyid	searchCompanyById	Search for searchCompanyById	1
https://searches.org.ai/Searchoppbyid	searches.org.ai	Search	Searchoppbyid	searchoppbyid	searchOppById	Search for searchOppById	1
https://searches.org.ai/Listentrysearch	searches.org.ai	Search	Listentrysearch	listentrysearch	listEntrySearch	Search for listEntrySearch	1
https://searches.org.ai/FindOnCallContact	searches.org.ai	Search	FindOnCallContact	find_on_call_contact	find_on_call_contact	Search for find_on_call_contact	1
https://searches.org.ai/FindIncident	searches.org.ai	Search	FindIncident	find_incident	find_incident	Search for find_incident	2
https://searches.org.ai/FindProperty	searches.org.ai	Search	FindProperty	find_property	find_property	Search for find_property	7
https://searches.org.ai/FindProcess	searches.org.ai	Search	FindProcess	find_process	find_process	Search for find_process	2
https://searches.org.ai/FindUnit	searches.org.ai	Search	FindUnit	find_unit	find_unit	Search for find_unit	3
https://searches.org.ai/GetDeal	searches.org.ai	Search	GetDeal	get_deal	get_deal	Search for get_deal	2
https://searches.org.ai/GetProcess	searches.org.ai	Search	GetProcess	get_process	get_process	Search for get_process	1
https://searches.org.ai/FindContactByEmail	searches.org.ai	Search	FindContactByEmail	find_contact_by_email	find_contact_by_email	Search for find_contact_by_email	6
https://searches.org.ai/FindDealsByEmail	searches.org.ai	Search	FindDealsByEmail	find_deals_by_email	find_deals_by_email	Search for find_deals_by_email	1
https://searches.org.ai/FindDealByID	searches.org.ai	Search	FindDealByID	find_deal_by_id	find_deal_by_id	Search for find_deal_by_id	1
https://searches.org.ai/FindContactByID	searches.org.ai	Search	FindContactByID	find_contact_by_id	find_contact_by_id	Search for find_contact_by_id	4
https://searches.org.ai/SearchTemplatesByName	searches.org.ai	Search	SearchTemplatesByName	search_templates_by_name	search_templates_by_name	Search for search_templates_by_name	1
https://searches.org.ai/SearchTemplatesByNameV2	searches.org.ai	Search	SearchTemplatesByNameV2	search_templates_by_name_v2	search_templates_by_name_v2	Search for search_templates_by_name_v2	1
https://searches.org.ai/RecordSchema	searches.org.ai	Search	RecordSchema	record_schema	record_schema	Search for record_schema	1
https://searches.org.ai/FindRecordsSavedSearch	searches.org.ai	Search	FindRecordsSavedSearch	find_records_saved_search	find_records_saved_search	Search for find_records_saved_search	1
https://searches.org.ai/FindCaseNotes	searches.org.ai	Search	FindCaseNotes	find_case_notes	find_case_notes	Search for find_case_notes	1
https://searches.org.ai/FindRecordsSavedSearchV2	searches.org.ai	Search	FindRecordsSavedSearchV2	find_records_saved_search_v2	find_records_saved_search_v2	Search for find_records_saved_search_v2	1
https://searches.org.ai/PersonSearch	searches.org.ai	Search	PersonSearch	person_search	person_search	Search for person_search	5
https://searches.org.ai/CountrySearch	searches.org.ai	Search	CountrySearch	country_search	country_search	Search for country_search	1
https://searches.org.ai/AccountingAccounts	searches.org.ai	Search	AccountingAccounts	accounting_accounts	accounting_accounts	Search for accounting_accounts	1
https://searches.org.ai/InvoiceSearch	searches.org.ai	Search	InvoiceSearch	invoice_search	invoice_search	Search for invoice_search	3
https://searches.org.ai/ProjectSearch	searches.org.ai	Search	ProjectSearch	project_search	project_search	Search for project_search	5
https://searches.org.ai/Usersearch	searches.org.ai	Search	Usersearch	usersearch	userSearch	Search for userSearch	26
https://searches.org.ai/GetPerson	searches.org.ai	Search	GetPerson	get_person	get_person	Search for get_person	7
https://searches.org.ai/GetWebinarDates	searches.org.ai	Search	GetWebinarDates	get_webinar_dates	get_webinar_dates	Search for get_webinar_dates	1
https://searches.org.ai/PipelineItemsearch	searches.org.ai	Search	PipelineItemsearch	pipeline_itemsearch	pipeline_itemSearch	Search for pipeline_itemSearch	1
https://searches.org.ai/UdfTicketSearch	searches.org.ai	Search	UdfTicketSearch	udf_ticket_search	udf_ticket_search	Search for udf_ticket_search	1
https://searches.org.ai/UdfContactSearch	searches.org.ai	Search	UdfContactSearch	udf_contact_search	udf_contact_search	Search for udf_contact_search	1
https://searches.org.ai/UdfAccountSearch	searches.org.ai	Search	UdfAccountSearch	udf_account_search	udf_account_search	Search for udf_account_search	1
https://searches.org.ai/FindOpportunity	searches.org.ai	Search	FindOpportunity	find_opportunity	find_opportunity	Search for find_opportunity	12
https://searches.org.ai/Searchresource	searches.org.ai	Search	Searchresource	searchresource	searchResource	Search for searchResource	2
https://searches.org.ai/Searchcurrency	searches.org.ai	Search	Searchcurrency	searchcurrency	searchCurrency	Search for searchCurrency	1
https://searches.org.ai/Searchcountry	searches.org.ai	Search	Searchcountry	searchcountry	searchCountry	Search for searchCountry	1
https://searches.org.ai/Contract	searches.org.ai	Search	Contract	contract	contract	Search for contract	2
https://searches.org.ai/FindLocation	searches.org.ai	Search	FindLocation	find_location	find_location	Search for find_location	6
https://searches.org.ai/FindTimesheetsSummary	searches.org.ai	Search	FindTimesheetsSummary	find_timesheets_summary	find_timesheets_summary	Search for find_timesheets_summary	1
https://searches.org.ai/FindPersonByID	searches.org.ai	Search	FindPersonByID	find_person_by_id	find_person_by_Id	Search for find_person_by_Id	2
https://searches.org.ai/FindGroupByID	searches.org.ai	Search	FindGroupByID	find_group_by_id	find_group_by_id	Search for find_group_by_id	1
https://searches.org.ai/FindLocationByID	searches.org.ai	Search	FindLocationByID	find_location_by_id	find_location_by_id	Search for find_location_by_id	1
https://searches.org.ai/FindTimesheetsReport	searches.org.ai	Search	FindTimesheetsReport	find_timesheets_report	find_timesheets_report	Search for find_timesheets_report	1
https://searches.org.ai/Personalapplicant	searches.org.ai	Search	Personalapplicant	personalapplicant	personalApplicant	Search for personalApplicant	1
https://searches.org.ai/Commercialapplicant	searches.org.ai	Search	Commercialapplicant	commercialapplicant	commercialApplicant	Search for commercialApplicant	1
https://searches.org.ai/FindAbsence	searches.org.ai	Search	FindAbsence	find_absence	find_absence	Search for find_absence	2
https://searches.org.ai/FindAttendance	searches.org.ai	Search	FindAttendance	find_attendance	find_attendance	Search for find_attendance	1
https://searches.org.ai/FindEventMatchingRemoteID	searches.org.ai	Search	FindEventMatchingRemoteID	find_event_matching_remote_id	find_event_matching_remote_id	Search for find_event_matching_remote_id	1
https://searches.org.ai/FindImage	searches.org.ai	Search	FindImage	find_image	find_image	Search for find_image	3
https://searches.org.ai/FindAnimatedGIF	searches.org.ai	Search	FindAnimatedGIF	find_animated_gif	find_animated_gif	Search for find_animated_gif	1
https://searches.org.ai/GetMetrics	searches.org.ai	Search	GetMetrics	get_metrics	get_metrics	Search for get_metrics	2
https://searches.org.ai/GetAutopilotConfigEmail	searches.org.ai	Search	GetAutopilotConfigEmail	get_autopilot_config_email	get_autopilot_config_email	Search for get_autopilot_config_email	1
https://searches.org.ai/GetAutopilotListEmail	searches.org.ai	Search	GetAutopilotListEmail	get_autopilot_list_email	get_autopilot_list_email	Search for get_autopilot_list_email	1
https://searches.org.ai/GetCampaignByID	searches.org.ai	Search	GetCampaignByID	get_campaign_by_id	get_campaign_by_id	Search for get_campaign_by_id	1
https://searches.org.ai/GetCampaigns	searches.org.ai	Search	GetCampaigns	get_campaigns	get_campaigns	Search for get_campaigns	2
https://searches.org.ai/GetLeadsFromCampaign	searches.org.ai	Search	GetLeadsFromCampaign	get_leads_from_campaign	get_leads_from_campaign	Search for get_leads_from_campaign	1
https://searches.org.ai/GetCampaignsForLead	searches.org.ai	Search	GetCampaignsForLead	get_campaigns_for_lead	get_campaigns_for_lead	Search for get_campaigns_for_lead	1
https://searches.org.ai/GetConversations	searches.org.ai	Search	GetConversations	get_conversations	get_conversations	Search for get_conversations	3
https://searches.org.ai/GetLinkedinAccounts	searches.org.ai	Search	GetLinkedinAccounts	get_linkedin_accounts	get_linkedin_accounts	Search for get_linkedin_accounts	1
https://searches.org.ai/GetSenderByID	searches.org.ai	Search	GetSenderByID	get_sender_by_id	get_sender_by_id	Search for get_sender_by_id	1
https://searches.org.ai/GetListByID	searches.org.ai	Search	GetListByID	get_list_by_id	get_list_by_id	Search for get_list_by_id	1
https://searches.org.ai/GetLists	searches.org.ai	Search	GetLists	get_lists	get_lists	Search for get_lists	1
https://searches.org.ai/GetLeadsFromList	searches.org.ai	Search	GetLeadsFromList	get_leads_from_list	get_leads_from_list	Search for get_leads_from_list	1
https://searches.org.ai/GetCompaniesFromList	searches.org.ai	Search	GetCompaniesFromList	get_companies_from_list	get_companies_from_list	Search for get_companies_from_list	1
https://searches.org.ai/GetOverallStats	searches.org.ai	Search	GetOverallStats	get_overall_stats	get_overall_stats	Search for get_overall_stats	1
https://searches.org.ai/GetLeadDetails	searches.org.ai	Search	GetLeadDetails	get_lead_details	get_lead_details	Search for get_lead_details	1
https://searches.org.ai/FindQuotation	searches.org.ai	Search	FindQuotation	find_quotation	find_quotation	Search for find_quotation	2
https://searches.org.ai/SearchEmployee	searches.org.ai	Search	SearchEmployee	search_employee	search_employee	Search for search_employee	3
https://searches.org.ai/FindContract	searches.org.ai	Search	FindContract	find_contract	find_contract	Search for find_contract	3
https://searches.org.ai/FindSupplier	searches.org.ai	Search	FindSupplier	find_supplier	find_supplier	Search for find_supplier	8
https://searches.org.ai/FindAgentVoiceCall	searches.org.ai	Search	FindAgentVoiceCall	find_agent_voice_call	find_agent_voice_call	Search for find_agent_voice_call	1
https://searches.org.ai/SearchBitable	searches.org.ai	Search	SearchBitable	search_bitable	search_bitable	Search for search_bitable	1
https://searches.org.ai/SearchDoc	searches.org.ai	Search	SearchDoc	search_doc	search_doc	Search for search_doc	1
https://searches.org.ai/SearchSheet	searches.org.ai	Search	SearchSheet	search_sheet	search_sheet	Search for search_sheet	1
https://searches.org.ai/SearchSlide	searches.org.ai	Search	SearchSlide	search_slide	search_slide	Search for search_slide	1
https://searches.org.ai/SearchFile	searches.org.ai	Search	SearchFile	search_file	search_file	Search for search_file	3
https://searches.org.ai/SearchTaskByID	searches.org.ai	Search	SearchTaskByID	search_task_by_id	search_task_by_id	Search for search_task_by_id	1
https://searches.org.ai/FindAppointment	searches.org.ai	Search	FindAppointment	find_appointment	find_appointment	Search for find_appointment	6
https://searches.org.ai/FindNoteV2	searches.org.ai	Search	FindNoteV2	find_note_v2	find_note_v2	Search for find_note_v2	1
https://searches.org.ai/GetObject	searches.org.ai	Search	GetObject	get_object	get_object	Search for get_object	1
https://searches.org.ai/FindContactV4	searches.org.ai	Search	FindContactV4	find_contact_v4	find_contact_v4	Search for find_contact_v4	1
https://searches.org.ai/FindOpportunityV3	searches.org.ai	Search	FindOpportunityV3	find_opportunity_v3	find_opportunity_v3	Search for find_opportunity_v3	1
https://searches.org.ai/FindAdvanced	searches.org.ai	Search	FindAdvanced	find_advanced	find_advanced	Search for find_advanced	1
https://searches.org.ai/Record	searches.org.ai	Search	Record	record	record	Search for record	5
https://searches.org.ai/WorkdriveRecord	searches.org.ai	Search	WorkdriveRecord	workdrive_record	workdrive_record	Search for workdrive_record	1
https://searches.org.ai/AllCredentials	searches.org.ai	Search	AllCredentials	all_credentials	all_credentials	Search for all_credentials	1
https://searches.org.ai/AllGroups	searches.org.ai	Search	AllGroups	all_groups	all_groups	Search for all_groups	1
https://searches.org.ai/QueryEntityRecords	searches.org.ai	Search	QueryEntityRecords	query_entity_records	query_entity_records	Search for query_entity_records	1
https://searches.org.ai/Entitysearch	searches.org.ai	Search	Entitysearch	entitysearch	entitySearch	Search for entitySearch	3
https://searches.org.ai/Vitallyusersearch	searches.org.ai	Search	Vitallyusersearch	vitallyusersearch	vitallyUserSearch	Search for vitallyUserSearch	1
https://searches.org.ai/Customobjectinstancesearch	searches.org.ai	Search	Customobjectinstancesearch	customobjectinstancesearch	customObjectInstanceSearch	Search for customObjectInstanceSearch	1
https://searches.org.ai/Notesearch	searches.org.ai	Search	Notesearch	notesearch	noteSearch	Search for noteSearch	6
https://searches.org.ai/Organizationsearch	searches.org.ai	Search	Organizationsearch	organizationsearch	organizationSearch	Search for organizationSearch	2
https://searches.org.ai/SearchGuest	searches.org.ai	Search	SearchGuest	search_guest	search_guest	Search for search_guest	2
https://searches.org.ai/SearchGuestByID	searches.org.ai	Search	SearchGuestByID	search_guest_by_id	search_guest_by_id	Search for search_guest_by_id	1
https://searches.org.ai/FindApplication	searches.org.ai	Search	FindApplication	find_application	find_application	Search for find_application	2
https://searches.org.ai/FindPlacement	searches.org.ai	Search	FindPlacement	find_placement	find_placement	Search for find_placement	1
https://searches.org.ai/FindCandidate	searches.org.ai	Search	FindCandidate	find_candidate	find_candidate	Search for find_candidate	13
https://searches.org.ai/GetCandidate	searches.org.ai	Search	GetCandidate	get_candidate	get_candidate	Search for get_candidate	4
https://searches.org.ai/GetCandidateDocument	searches.org.ai	Search	GetCandidateDocument	get_candidate_document	get_candidate_document	Search for get_candidate_document	1
https://searches.org.ai/GetJob	searches.org.ai	Search	GetJob	get_job	get_job	Search for get_job	3
https://searches.org.ai/GetContact	searches.org.ai	Search	GetContact	get_contact	get_contact	Search for get_contact	27
https://searches.org.ai/GetCompany	searches.org.ai	Search	GetCompany	get_company	get_company	Search for get_company	9
https://searches.org.ai/GetApplication	searches.org.ai	Search	GetApplication	get_application	get_application	Search for get_application	1
https://searches.org.ai/GetPlacement	searches.org.ai	Search	GetPlacement	get_placement	get_placement	Search for get_placement	1
https://searches.org.ai/PostsLineItem	searches.org.ai	Search	PostsLineItem	posts_line_item	posts_line_item	Search for posts_line_item	1
https://searches.org.ai/Thread	searches.org.ai	Search	Thread	thread	thread	Search for thread	1
https://searches.org.ai/ProspectingListsearch	searches.org.ai	Search	ProspectingListsearch	prospecting_listsearch	prospecting_listSearch	Search for prospecting_listSearch	1
https://searches.org.ai/LeadNewsearch	searches.org.ai	Search	LeadNewsearch	lead_newsearch	lead_newSearch	Search for lead_newSearch	1
https://searches.org.ai/FindProspect	searches.org.ai	Search	FindProspect	find_prospect	find_prospect	Search for find_prospect	6
https://searches.org.ai/GetListOfReceipts	searches.org.ai	Search	GetListOfReceipts	get_list_of_receipts	get_list_of_receipts	Search for get_list_of_receipts	1
https://searches.org.ai/GetListOfItems	searches.org.ai	Search	GetListOfItems	get_list_of_items	get_list_of_items	Search for get_list_of_items	1
https://searches.org.ai/GetListOfShifts	searches.org.ai	Search	GetListOfShifts	get_list_of_shifts	get_list_of_shifts	Search for get_list_of_shifts	1
https://searches.org.ai/GetListOfStores	searches.org.ai	Search	GetListOfStores	get_list_of_stores	get_list_of_stores	Search for get_list_of_stores	1
https://searches.org.ai/GetListOfTaxes	searches.org.ai	Search	GetListOfTaxes	get_list_of_taxes	get_list_of_taxes	Search for get_list_of_taxes	1
https://searches.org.ai/GetListOfPaymentTypes	searches.org.ai	Search	GetListOfPaymentTypes	get_list_of_payment_types	get_list_of_payment_types	Search for get_list_of_payment_types	1
https://searches.org.ai/GetListOfCustomers	searches.org.ai	Search	GetListOfCustomers	get_list_of_customers	get_list_of_customers	Search for get_list_of_customers	1
https://searches.org.ai/GetSingleItem	searches.org.ai	Search	GetSingleItem	get_single_item	get_single_item	Search for get_single_item	1
https://searches.org.ai/GetSingleReceipt	searches.org.ai	Search	GetSingleReceipt	get_single_receipt	get_single_receipt	Search for get_single_receipt	1
https://searches.org.ai/GetSingleStore	searches.org.ai	Search	GetSingleStore	get_single_store	get_single_store	Search for get_single_store	1
https://searches.org.ai/GetSingleCustomer	searches.org.ai	Search	GetSingleCustomer	get_single_customer	get_single_customer	Search for get_single_customer	1
https://searches.org.ai/GetAListOfPOSDevices	searches.org.ai	Search	GetAListOfPOSDevices	get_a_list_of_pos_devices	Get_a_list_of_pos_devices	Search for Get_a_list_of_pos_devices	1
https://searches.org.ai/GetASinglePOSDevice	searches.org.ai	Search	GetASinglePOSDevice	get_a_single_pos_device	Get_a_single_pos_device	Search for Get_a_single_pos_device	1
https://searches.org.ai/GetListDiscounts	searches.org.ai	Search	GetListDiscounts	get_list_discounts	get_list_discounts	Search for get_list_discounts	1
https://searches.org.ai/GetSingleCategory	searches.org.ai	Search	GetSingleCategory	get_single_category	get_single_category	Search for get_single_category	1
https://searches.org.ai/GetListCategories	searches.org.ai	Search	GetListCategories	get_list_categories	get_list_categories	Search for get_list_categories	1
https://searches.org.ai/GetSingleDiscount	searches.org.ai	Search	GetSingleDiscount	get_single_discount	get_single_discount	Search for get_single_discount	1
https://searches.org.ai/GetListEmployees	searches.org.ai	Search	GetListEmployees	get_list_employees	get_list_employees	Search for get_list_employees	1
https://searches.org.ai/GetSingleEmployee	searches.org.ai	Search	GetSingleEmployee	get_single_employee	get_single_employee	Search for get_single_employee	1
https://searches.org.ai/GetListInventoryLevels	searches.org.ai	Search	GetListInventoryLevels	get_list_inventory_levels	get_list_inventory_levels	Search for get_list_inventory_levels	1
https://searches.org.ai/GetMerchantInformation	searches.org.ai	Search	GetMerchantInformation	get_merchant_information	get_merchant_information	Search for get_merchant_information	1
https://searches.org.ai/GetSingleModifier	searches.org.ai	Search	GetSingleModifier	get_single_modifier	get_single_modifier	Search for get_single_modifier	1
https://searches.org.ai/GetListModifiers	searches.org.ai	Search	GetListModifiers	get_list_modifiers	get_list_modifiers	Search for get_list_modifiers	1
https://searches.org.ai/GetSinglePaymentType	searches.org.ai	Search	GetSinglePaymentType	get_single_payment_type	get_single_payment_type	Search for get_single_payment_type	1
https://searches.org.ai/GetSingleShift	searches.org.ai	Search	GetSingleShift	get_single_shift	get_single_shift	Search for get_single_shift	1
https://searches.org.ai/GetSingleSupplier	searches.org.ai	Search	GetSingleSupplier	get_single_supplier	get_single_supplier	Search for get_single_supplier	1
https://searches.org.ai/GetListSuppliers	searches.org.ai	Search	GetListSuppliers	get_list_suppliers	get_list_suppliers	Search for get_list_suppliers	1
https://searches.org.ai/GetSingleTax	searches.org.ai	Search	GetSingleTax	get_single_tax	get_single_tax	Search for get_single_tax	1
https://searches.org.ai/GetSingleVariant	searches.org.ai	Search	GetSingleVariant	get_single_variant	get_single_variant	Search for get_single_variant	1
https://searches.org.ai/GetListVariants	searches.org.ai	Search	GetListVariants	get_list_variants	get_list_variants	Search for get_list_variants	1
https://searches.org.ai/Conversationsearch	searches.org.ai	Search	Conversationsearch	conversationsearch	conversationSearch	Search for conversationSearch	2
https://searches.org.ai/Profilesearch	searches.org.ai	Search	Profilesearch	profilesearch	profileSearch	Search for profileSearch	1
https://searches.org.ai/FindDatabaseRecord	searches.org.ai	Search	FindDatabaseRecord	find_database_record	find_database_record	Search for find_database_record	1
https://searches.org.ai/Quotesearch	searches.org.ai	Search	Quotesearch	quotesearch	quoteSearch	Search for quoteSearch	4
https://searches.org.ai/Creditsearch	searches.org.ai	Search	Creditsearch	creditsearch	creditSearch	Search for creditSearch	1
https://searches.org.ai/Commentsearch	searches.org.ai	Search	Commentsearch	commentsearch	commentSearch	Search for commentSearch	2
https://searches.org.ai/Assetsearch	searches.org.ai	Search	Assetsearch	assetsearch	assetSearch	Search for assetSearch	3
https://searches.org.ai/Searchclient	searches.org.ai	Search	Searchclient	searchclient	SearchClient	Search for SearchClient	3
https://searches.org.ai/ClientSearch	searches.org.ai	Search	ClientSearch	client_search	client_search	Search for client_search	4
https://searches.org.ai/Showuser	searches.org.ai	Search	Showuser	showuser	showUser	Search for showUser	1
https://searches.org.ai/Showlisting	searches.org.ai	Search	Showlisting	showlisting	showListing	Search for showListing	1
https://searches.org.ai/Showtransaction	searches.org.ai	Search	Showtransaction	showtransaction	showTransaction	Search for showTransaction	1
https://searches.org.ai/CountEmailV2	searches.org.ai	Search	CountEmailV2	count_email_v2	count_email_v2	Search for count_email_v2	1
https://searches.org.ai/FindEmailV2	searches.org.ai	Search	FindEmailV2	find_email_v2	find_email_v2	Search for find_email_v2	1
https://searches.org.ai/VerifyEmailV2	searches.org.ai	Search	VerifyEmailV2	verify_email_v2	verify_email_v2	Search for verify_email_v2	1
https://searches.org.ai/Searchactivity	searches.org.ai	Search	Searchactivity	searchactivity	searchActivity	Search for searchActivity	3
https://searches.org.ai/Searchcontact	searches.org.ai	Search	Searchcontact	searchcontact	searchContact	Search for searchContact	6
https://searches.org.ai/Searchdeal	searches.org.ai	Search	Searchdeal	searchdeal	searchDeal	Search for searchDeal	2
https://searches.org.ai/Searchcompany	searches.org.ai	Search	Searchcompany	searchcompany	searchCompany	Search for searchCompany	3
https://searches.org.ai/Findcompany	searches.org.ai	Search	Findcompany	findcompany	findCompany	Search for findCompany	2
https://searches.org.ai/Findactivity	searches.org.ai	Search	Findactivity	findactivity	findActivity	Search for findActivity	1
https://searches.org.ai/Finddeal	searches.org.ai	Search	Finddeal	finddeal	findDeal	Search for findDeal	1
https://searches.org.ai/Searchuser	searches.org.ai	Search	Searchuser	searchuser	searchUser	Search for searchUser	5
https://searches.org.ai/Customcontacts	searches.org.ai	Search	Customcontacts	customcontacts	customContacts	Search for customContacts	1
https://searches.org.ai/Customcompanies	searches.org.ai	Search	Customcompanies	customcompanies	customCompanies	Search for customCompanies	1
https://searches.org.ai/Customactivities	searches.org.ai	Search	Customactivities	customactivities	customActivities	Search for customActivities	1
https://searches.org.ai/Customdeals	searches.org.ai	Search	Customdeals	customdeals	customDeals	Search for customDeals	1
https://searches.org.ai/Searchrecord	searches.org.ai	Search	Searchrecord	searchrecord	searchRecord	Search for searchRecord	4
https://searches.org.ai/Customrecords	searches.org.ai	Search	Customrecords	customrecords	customRecords	Search for customRecords	1
https://searches.org.ai/GetTranscript	searches.org.ai	Search	GetTranscript	get_transcript	get_transcript	Search for get_transcript	2
https://searches.org.ai/GetTranscriptSentences	searches.org.ai	Search	GetTranscriptSentences	get_transcript_sentences	get_transcript_sentences	Search for get_transcript_sentences	1
https://searches.org.ai/GetTranscriptParagraphs	searches.org.ai	Search	GetTranscriptParagraphs	get_transcript_paragraphs	get_transcript_paragraphs	Search for get_transcript_paragraphs	1
https://searches.org.ai/GetTranscriptRedactedAudio	searches.org.ai	Search	GetTranscriptRedactedAudio	get_transcript_redacted_audio	get_transcript_redacted_audio	Search for get_transcript_redacted_audio	1
https://searches.org.ai/GetTranscriptSubtitles	searches.org.ai	Search	GetTranscriptSubtitles	get_transcript_subtitles	get_transcript_subtitles	Search for get_transcript_subtitles	1
https://searches.org.ai/ProjectTypesearch	searches.org.ai	Search	ProjectTypesearch	project_typesearch	project_typeSearch	Search for project_typeSearch	1
https://searches.org.ai/CollectionItemsearch	searches.org.ai	Search	CollectionItemsearch	collection_itemsearch	collection_itemSearch	Search for collection_itemSearch	1
https://searches.org.ai/Documentsearch	searches.org.ai	Search	Documentsearch	documentsearch	documentSearch	Search for documentSearch	5
https://searches.org.ai/Phasesearch	searches.org.ai	Search	Phasesearch	phasesearch	phaseSearch	Search for phaseSearch	2
https://searches.org.ai/FindFormBySelector	searches.org.ai	Search	FindFormBySelector	find_form_by_selector	find_form_by_selector	Search for find_form_by_selector	1
https://searches.org.ai/SearchFamily	searches.org.ai	Search	SearchFamily	search_family	search_family	Search for search_family	1
https://searches.org.ai/Searchenrollmentsbyenrolldate	searches.org.ai	Search	Searchenrollmentsbyenrolldate	searchenrollmentsbyenrolldate	SearchEnrollmentsByEnrollDate	Search for SearchEnrollmentsByEnrollDate	1
https://searches.org.ai/Searchenrollmentsbydropdate	searches.org.ai	Search	Searchenrollmentsbydropdate	searchenrollmentsbydropdate	SearchEnrollmentsByDropDate	Search for SearchEnrollmentsByDropDate	1
https://searches.org.ai/Searchstudentsbydatelastinactive	searches.org.ai	Search	Searchstudentsbydatelastinactive	searchstudentsbydatelastinactive	SearchStudentsByDateLastInactive	Search for SearchStudentsByDateLastInactive	1
https://searches.org.ai/Searchstudentsbycreateddate	searches.org.ai	Search	Searchstudentsbycreateddate	searchstudentsbycreateddate	SearchStudentsByCreatedDate	Search for SearchStudentsByCreatedDate	1
https://searches.org.ai/Searchstudentsbybirthdate	searches.org.ai	Search	Searchstudentsbybirthdate	searchstudentsbybirthdate	SearchStudentsByBirthDate	Search for SearchStudentsByBirthDate	1
https://searches.org.ai/Searchcontactsbycreateddate	searches.org.ai	Search	Searchcontactsbycreateddate	searchcontactsbycreateddate	SearchContactsByCreatedDate	Search for SearchContactsByCreatedDate	1
https://searches.org.ai/Searchenrollmentsbycreateddate	searches.org.ai	Search	Searchenrollmentsbycreateddate	searchenrollmentsbycreateddate	SearchEnrollmentsByCreatedDate	Search for SearchEnrollmentsByCreatedDate	1
https://searches.org.ai/SearchClassesByStartDate	searches.org.ai	Search	SearchClassesByStartDate	search_classes_by_start_date	search_classes_by_start_date	Search for search_classes_by_start_date	1
https://searches.org.ai/GetIndividual	searches.org.ai	Search	GetIndividual	get_individual	get_individual	Search for get_individual	1
https://searches.org.ai/GetGroup	searches.org.ai	Search	GetGroup	get_group	get_group	Search for get_group	1
https://searches.org.ai/GetPolicy	searches.org.ai	Search	GetPolicy	get_policy	get_policy	Search for get_policy	1
https://searches.org.ai/GetActivity	searches.org.ai	Search	GetActivity	get_activity	get_activity	Search for get_activity	2
https://searches.org.ai/GetIndividualByPhoneAndName	searches.org.ai	Search	GetIndividualByPhoneAndName	get_individual_by_phone_and_name	get_individual_by_phone_and_name	Search for get_individual_by_phone_and_name	1
https://searches.org.ai/GetIndividualByEmailAndName	searches.org.ai	Search	GetIndividualByEmailAndName	get_individual_by_email_and_name	get_individual_by_email_and_name	Search for get_individual_by_email_and_name	1
https://searches.org.ai/GetIndividualByDobAndName	searches.org.ai	Search	GetIndividualByDobAndName	get_individual_by_dob_and_name	get_individual_by_dob_and_name	Search for get_individual_by_dob_and_name	1
https://searches.org.ai/FindMessages	searches.org.ai	Search	FindMessages	find_messages	find_messages	Search for find_messages	2
https://searches.org.ai/Getcustomertotals	searches.org.ai	Search	Getcustomertotals	getcustomertotals	getcustomertotals	Search for getcustomertotals	1
https://searches.org.ai/Resolvebank	searches.org.ai	Search	Resolvebank	resolvebank	resolvebank	Search for resolvebank	1
https://searches.org.ai/Findtransaction	searches.org.ai	Search	Findtransaction	findtransaction	findtransaction	Search for findtransaction	1
https://searches.org.ai/Findtransfer	searches.org.ai	Search	Findtransfer	findtransfer	findtransfer	Search for findtransfer	1
https://searches.org.ai/Findorder	searches.org.ai	Search	Findorder	findorder	findorder	Search for findorder	4
https://searches.org.ai/Checkterminal	searches.org.ai	Search	Checkterminal	checkterminal	checkterminal	Search for checkterminal	1
https://searches.org.ai/Getacall	searches.org.ai	Search	Getacall	getacall	getacall	Search for getacall	1
https://searches.org.ai/Getaphonenumber	searches.org.ai	Search	Getaphonenumber	getaphonenumber	getaphonenumber	Search for getaphonenumber	1
https://searches.org.ai/Getvoice	searches.org.ai	Search	Getvoice	getvoice	getvoice	Search for getvoice	1
https://searches.org.ai/Getaretellllm	searches.org.ai	Search	Getaretellllm	getaretellllm	getaretellllm	Search for getaretellllm	1
https://searches.org.ai/Getanagent	searches.org.ai	Search	Getanagent	getanagent	getanagent	Search for getanagent	1
https://searches.org.ai/GetConcurrency	searches.org.ai	Search	GetConcurrency	get_concurrency	get_concurrency	Search for get_concurrency	1
https://searches.org.ai/ListVoices	searches.org.ai	Search	ListVoices	list_voices	list_voices	Search for list_voices	1
https://searches.org.ai/ListLlms	searches.org.ai	Search	ListLlms	list_llms	list_llms	Search for list_llms	1
https://searches.org.ai/ListAgents	searches.org.ai	Search	ListAgents	list_agents	list_agents	Search for list_agents	1
https://searches.org.ai/ListPhoneNumbers	searches.org.ai	Search	ListPhoneNumbers	list_phone_numbers	list_phone_numbers	Search for list_phone_numbers	1
https://searches.org.ai/ListKnowledgeBases	searches.org.ai	Search	ListKnowledgeBases	list_knowledge_bases	list_knowledge_bases	Search for list_knowledge_bases	1
https://searches.org.ai/GetKnowledgeBase	searches.org.ai	Search	GetKnowledgeBase	get_knowledge_base	get_knowledge_base	Search for get_knowledge_base	1
https://searches.org.ai/Findticket	searches.org.ai	Search	Findticket	findticket	findTicket	Search for findTicket	2
https://searches.org.ai/Findalert	searches.org.ai	Search	Findalert	findalert	findAlert	Search for findAlert	1
https://searches.org.ai/Findconversation	searches.org.ai	Search	Findconversation	findconversation	findConversation	Search for findConversation	4
https://searches.org.ai/Finddepartment	searches.org.ai	Search	Finddepartment	finddepartment	findDepartment	Search for findDepartment	1
https://searches.org.ai/Findtechnician	searches.org.ai	Search	Findtechnician	findtechnician	findTechnician	Search for findTechnician	1
https://searches.org.ai/FindOrder2	searches.org.ai	Search	FindOrder2	find_order_2	find_order_2	Search for find_order_2	1
https://searches.org.ai/FindDeliveryMethod2	searches.org.ai	Search	FindDeliveryMethod2	find_delivery_method_2	find_delivery_method_2	Search for find_delivery_method_2	1
https://searches.org.ai/FoundLead	searches.org.ai	Search	FoundLead	found_lead	found_lead	Search for found_lead	1
https://searches.org.ai/FindTax	searches.org.ai	Search	FindTax	find_tax	find_tax	Search for find_tax	1
https://searches.org.ai/FindItemV2	searches.org.ai	Search	FindItemV2	find_item_v2	find_item_v2	Search for find_item_v2	1
https://searches.org.ai/FindContactCol	searches.org.ai	Search	FindContactCol	find_contact_col	find_contact_col	Search for find_contact_col	1
https://searches.org.ai/FindContactMexico	searches.org.ai	Search	FindContactMexico	find_contact_mexico	find_contact_mexico	Search for find_contact_mexico	1
https://searches.org.ai/FindContactCostaRica	searches.org.ai	Search	FindContactCostaRica	find_contact_costa_rica	find_contact_costa_rica	Search for find_contact_costa_rica	1
https://searches.org.ai/FindContactArgentina	searches.org.ai	Search	FindContactArgentina	find_contact_argentina	find_contact_argentina	Search for find_contact_argentina	1
https://searches.org.ai/FindContactPeru	searches.org.ai	Search	FindContactPeru	find_contact_peru	find_contact_peru	Search for find_contact_peru	1
https://searches.org.ai/FindContactChile	searches.org.ai	Search	FindContactChile	find_contact_chile	find_contact_chile	Search for find_contact_chile	1
https://searches.org.ai/FindItemMexico	searches.org.ai	Search	FindItemMexico	find_item_mexico	find_item_mexico	Search for find_item_mexico	1
https://searches.org.ai/FindItemCostaRica	searches.org.ai	Search	FindItemCostaRica	find_item_costa_rica	find_item_costa_rica	Search for find_item_costa_rica	1
https://searches.org.ai/FindItemsV1	searches.org.ai	Search	FindItemsV1	find_items_v1	find_items_v1	Search for find_items_v1	1
https://searches.org.ai/FindContactPanama	searches.org.ai	Search	FindContactPanama	find_contact_panama	find_contact_panama	Search for find_contact_panama	1
https://searches.org.ai/FindUserByID	searches.org.ai	Search	FindUserByID	find_user_by_id	find_user_by_id	Search for find_user_by_id	7
https://searches.org.ai/FindTeamMember	searches.org.ai	Search	FindTeamMember	find_team_member	find_team_member	Search for find_team_member	2
https://searches.org.ai/FindTeamMemberByID	searches.org.ai	Search	FindTeamMemberByID	find_team_member_by_id	find_team_member_by_id	Search for find_team_member_by_id	1
https://searches.org.ai/SearchCandidate	searches.org.ai	Search	SearchCandidate	search_candidate	search_candidate	Search for search_candidate	3
https://searches.org.ai/SearchCalllog	searches.org.ai	Search	SearchCalllog	search_calllog	search_calllog	Search for search_calllog	1
https://searches.org.ai/SearchHotlist	searches.org.ai	Search	SearchHotlist	search_hotlist	search_hotlist	Search for search_hotlist	1
https://searches.org.ai/SearchEnrollment	searches.org.ai	Search	SearchEnrollment	search_enrollment	search_enrollment	Search for search_enrollment	1
https://searches.org.ai/FindAddress	searches.org.ai	Search	FindAddress	find_address	find_address	Search for find_address	3
https://searches.org.ai/SearchSignupAction	searches.org.ai	Search	SearchSignupAction	search_signup_action	search_signup_action	Search for search_signup_action	1
https://searches.org.ai/SearchSignupTaggingsAction	searches.org.ai	Search	SearchSignupTaggingsAction	search_signup_taggings_action	search_signup_taggings_action	Search for search_signup_taggings_action	1
https://searches.org.ai/SearchPathJourneyParticipants	searches.org.ai	Search	SearchPathJourneyParticipants	search_path_journey_participants	search_path_journey_participants	Search for search_path_journey_participants	1
https://searches.org.ai/SearchListsAction	searches.org.ai	Search	SearchListsAction	search_lists_action	search_lists_action	Search for search_lists_action	1
https://searches.org.ai/SearchEvents	searches.org.ai	Search	SearchEvents	search_events	search_events	Search for search_events	4
https://searches.org.ai/FindFileContent	searches.org.ai	Search	FindFileContent	find_file_content	find_file_content	Search for find_file_content	1
https://searches.org.ai/FindFolder	searches.org.ai	Search	FindFolder	find_folder	find_folder	Search for find_folder	3
https://searches.org.ai/FindFolderV2	searches.org.ai	Search	FindFolderV2	find_folder_v2	find_folder_v2	Search for find_folder_v2	1
https://searches.org.ai/FindFileV2	searches.org.ai	Search	FindFileV2	find_file_v2	find_file_v2	Search for find_file_v2	1
https://searches.org.ai/FindFileContentV2	searches.org.ai	Search	FindFileContentV2	find_file_content_v2	find_file_content_v2	Search for find_file_content_v2	1
https://searches.org.ai/Absence	searches.org.ai	Search	Absence	absence	absence	Search for absence	1
https://searches.org.ai/FindAppointments	searches.org.ai	Search	FindAppointments	find_appointments	find_appointments	Search for find_appointments	1
https://searches.org.ai/FindLeads	searches.org.ai	Search	FindLeads	find_leads	find_leads	Search for find_leads	3
https://searches.org.ai/FindClients	searches.org.ai	Search	FindClients	find_clients	find_clients	Search for find_clients	2
https://searches.org.ai/FindClientEvents	searches.org.ai	Search	FindClientEvents	find_client_events	find_client_events	Search for find_client_events	1
https://searches.org.ai/FindProjectOwner	searches.org.ai	Search	FindProjectOwner	find_project_owner	find_project_owner	Search for find_project_owner	1
https://searches.org.ai/SearchStories	searches.org.ai	Search	SearchStories	search_stories	search_stories	Search for search_stories	1
https://searches.org.ai/QueryContact	searches.org.ai	Search	QueryContact	query_contact	query_contact	Search for query_contact	1
https://searches.org.ai/TaskSearchByCustomField	searches.org.ai	Search	TaskSearchByCustomField	task_search_by_custom_field	task_search_by_custom_field	Search for task_search_by_custom_field	1
https://searches.org.ai/QouteSearch	searches.org.ai	Search	QouteSearch	qoute_search	qoute_search	Search for qoute_search	1
https://searches.org.ai/TaskSearchByProject	searches.org.ai	Search	TaskSearchByProject	task_search_by_project	task_search_by_project	Search for task_search_by_project	1
https://searches.org.ai/CustomentitySearchByCustomField	searches.org.ai	Search	CustomentitySearchByCustomField	customentity_search_by_custom_field	customEntity_search_by_custom_field	Search for customEntity_search_by_custom_field	1
https://searches.org.ai/PurchaseorderSearch	searches.org.ai	Search	PurchaseorderSearch	purchaseorder_search	purchaseOrder_search	Search for purchaseOrder_search	1
https://searches.org.ai/BillSearch	searches.org.ai	Search	BillSearch	bill_search	bill_search	Search for bill_search	1
https://searches.org.ai/Productv2search	searches.org.ai	Search	Productv2search	productv2search	productV2Search	Search for productV2Search	1
https://searches.org.ai/Customerv2search	searches.org.ai	Search	Customerv2search	customerv2search	customerV2Search	Search for customerV2Search	1
https://searches.org.ai/CustomerInvoicev2search	searches.org.ai	Search	CustomerInvoicev2search	customer_invoicev2search	customer_invoiceV2Search	Search for customer_invoiceV2Search	1
https://searches.org.ai/BillingSubscriptionv2search	searches.org.ai	Search	BillingSubscriptionv2search	billing_subscriptionv2search	billing_subscriptionV2Search	Search for billing_subscriptionV2Search	1
https://searches.org.ai/Quotev2search	searches.org.ai	Search	Quotev2search	quotev2search	quoteV2Search	Search for quoteV2Search	1
https://searches.org.ai/Findperson	searches.org.ai	Search	Findperson	findperson	findPerson	Search for findPerson	1
https://searches.org.ai/Salesearch	searches.org.ai	Search	Salesearch	salesearch	saleSearch	Search for saleSearch	3
https://searches.org.ai/Salefulfilmentsearch	searches.org.ai	Search	Salefulfilmentsearch	salefulfilmentsearch	saleFulfilmentSearch	Search for saleFulfilmentSearch	1
https://searches.org.ai/Salesearchextended	searches.org.ai	Search	Salesearchextended	salesearchextended	saleSearchExtended	Search for saleSearchExtended	1
https://searches.org.ai/Assemblysearch	searches.org.ai	Search	Assemblysearch	assemblysearch	assemblySearch	Search for assemblySearch	1
https://searches.org.ai/Paymentsearch	searches.org.ai	Search	Paymentsearch	paymentsearch	paymentSearch	Search for paymentSearch	4
https://searches.org.ai/Productavailabilitysearch	searches.org.ai	Search	Productavailabilitysearch	productavailabilitysearch	productAvailabilitySearch	Search for productAvailabilitySearch	1
https://searches.org.ai/Salecreditnotesearch	searches.org.ai	Search	Salecreditnotesearch	salecreditnotesearch	saleCreditNoteSearch	Search for saleCreditNoteSearch	1
https://searches.org.ai/Saleinvoicesearch	searches.org.ai	Search	Saleinvoicesearch	saleinvoicesearch	saleInvoiceSearch	Search for saleInvoiceSearch	1
https://searches.org.ai/FindLink	searches.org.ai	Search	FindLink	find_link	find_link	Search for find_link	5
https://searches.org.ai/CreateAccountsearch	searches.org.ai	Search	CreateAccountsearch	create_accountsearch	create_accountSearch	Search for create_accountSearch	1
https://searches.org.ai/GetLeadEmail	searches.org.ai	Search	GetLeadEmail	get_lead_email	get_lead_email	Search for get_lead_email	1
https://searches.org.ai/Getactivitydetail	searches.org.ai	Search	Getactivitydetail	getactivitydetail	getActivityDetail	Search for getActivityDetail	1
https://searches.org.ai/Getusers	searches.org.ai	Search	Getusers	getusers	getUsers	Search for getUsers	3
https://searches.org.ai/Searchstarttimes	searches.org.ai	Search	Searchstarttimes	searchstarttimes	searchStartTimes	Search for searchStartTimes	1
https://searches.org.ai/SearchShipments	searches.org.ai	Search	SearchShipments	search_shipments	search_shipments	Search for search_shipments	2
https://searches.org.ai/Listarchivedocuments	searches.org.ai	Search	Listarchivedocuments	listarchivedocuments	listArchiveDocuments	Search for listArchiveDocuments	1
https://searches.org.ai/Listcashbookentries	searches.org.ai	Search	Listcashbookentries	listcashbookentries	listCashbookEntries	Search for listCashbookEntries	1
https://searches.org.ai/Listclients	searches.org.ai	Search	Listclients	listclients	listClients	Search for listClients	2
https://searches.org.ai/Listemails	searches.org.ai	Search	Listemails	listemails	listEmails	Search for listEmails	1
https://searches.org.ai/Listcities	searches.org.ai	Search	Listcities	listcities	listCities	Search for listCities	1
https://searches.org.ai/Listpaymentaccounts	searches.org.ai	Search	Listpaymentaccounts	listpaymentaccounts	listPaymentAccounts	Search for listPaymentAccounts	1
https://searches.org.ai/Listpaymentmethods	searches.org.ai	Search	Listpaymentmethods	listpaymentmethods	listPaymentMethods	Search for listPaymentMethods	1
https://searches.org.ai/Listtemplates	searches.org.ai	Search	Listtemplates	listtemplates	listTemplates	Search for listTemplates	1
https://searches.org.ai/Listvattypes	searches.org.ai	Search	Listvattypes	listvattypes	listVatTypes	Search for listVatTypes	1
https://searches.org.ai/Listissueddocuments	searches.org.ai	Search	Listissueddocuments	listissueddocuments	listIssuedDocuments	Search for listIssuedDocuments	1
https://searches.org.ai/Listproducts	searches.org.ai	Search	Listproducts	listproducts	listProducts	Search for listProducts	1
https://searches.org.ai/Listreceipts	searches.org.ai	Search	Listreceipts	listreceipts	listReceipts	Search for listReceipts	1
https://searches.org.ai/Listreceiveddocuments	searches.org.ai	Search	Listreceiveddocuments	listreceiveddocuments	listReceivedDocuments	Search for listReceivedDocuments	1
https://searches.org.ai/Listsuppliers	searches.org.ai	Search	Listsuppliers	listsuppliers	listSuppliers	Search for listSuppliers	1
https://searches.org.ai/Listf24	searches.org.ai	Search	Listf24	listf24	listF24	Search for listF24	1
https://searches.org.ai/Listwebhookssubscriptions	searches.org.ai	Search	Listwebhookssubscriptions	listwebhookssubscriptions	listWebhooksSubscriptions	Search for listWebhooksSubscriptions	1
https://searches.org.ai/Listbinissueddocuments	searches.org.ai	Search	Listbinissueddocuments	listbinissueddocuments	listBinIssuedDocuments	Search for listBinIssuedDocuments	1
https://searches.org.ai/Listbinreceiveddocuments	searches.org.ai	Search	Listbinreceiveddocuments	listbinreceiveddocuments	listBinReceivedDocuments	Search for listBinReceivedDocuments	1
https://searches.org.ai/GetSubscriber	searches.org.ai	Search	GetSubscriber	get_subscriber	get_subscriber	Search for get_subscriber	1
https://searches.org.ai/JobConsiderationsearch	searches.org.ai	Search	JobConsiderationsearch	job_considerationsearch	job_considerationSearch	Search for job_considerationSearch	1
https://searches.org.ai/Openingsearch	searches.org.ai	Search	Openingsearch	openingsearch	openingSearch	Search for openingSearch	1
https://searches.org.ai/Contactssearch	searches.org.ai	Search	Contactssearch	contactssearch	contactsSearch	Search for contactsSearch	1
https://searches.org.ai/Companylookup	searches.org.ai	Search	Companylookup	companylookup	companyLookup	Search for companyLookup	1
https://searches.org.ai/Personlookup	searches.org.ai	Search	Personlookup	personlookup	personLookup	Search for personLookup	1
https://searches.org.ai/RetrieveClient	searches.org.ai	Search	RetrieveClient	retrieve_client	retrieve_client	Search for retrieve_client	2
https://searches.org.ai/RetrieveListHomes	searches.org.ai	Search	RetrieveListHomes	retrieve_list_homes	Retrieve_list_homes	Search for Retrieve_list_homes	1
https://searches.org.ai/FilterHomes	searches.org.ai	Search	FilterHomes	filter_homes	filter_homes	Search for filter_homes	1
https://searches.org.ai/FilterAllClientsByEmail	searches.org.ai	Search	FilterAllClientsByEmail	filter_all_clients_by_email	Filter_all_clients_by_email	Search for Filter_all_clients_by_email	1
https://searches.org.ai/FindIssue	searches.org.ai	Search	FindIssue	find_issue	find_issue	Search for find_issue	5
https://searches.org.ai/Searchcontacts	searches.org.ai	Search	Searchcontacts	searchcontacts	SearchContacts	Search for SearchContacts	4
https://searches.org.ai/Searchmatters	searches.org.ai	Search	Searchmatters	searchmatters	SearchMatters	Search for SearchMatters	1
https://searches.org.ai/FindMatterCustomField	searches.org.ai	Search	FindMatterCustomField	find_matter_custom_field	find_matter_custom_field	Search for find_matter_custom_field	1
https://searches.org.ai/RetrieveMatterCustomFieldValue	searches.org.ai	Search	RetrieveMatterCustomFieldValue	retrieve_matter_custom_field_value	retrieve_matter_custom_field_value	Search for retrieve_matter_custom_field_value	1
https://searches.org.ai/FindTaxCode	searches.org.ai	Search	FindTaxCode	find_tax_code	find_tax_code	Search for find_tax_code	1
https://searches.org.ai/SearchForContact	searches.org.ai	Search	SearchForContact	search_for_contact	search_for_contact	Search for search_for_contact	1
https://searches.org.ai/SearchForMatter	searches.org.ai	Search	SearchForMatter	search_for_matter	search_for_matter	Search for search_for_matter	1
https://searches.org.ai/GetLeads	searches.org.ai	Search	GetLeads	get_leads	get_leads	Search for get_leads	3
https://searches.org.ai/GetMembers	searches.org.ai	Search	GetMembers	get_members	get_members	Search for get_members	4
https://searches.org.ai/GetAttendance	searches.org.ai	Search	GetAttendance	get_attendance	get_attendance	Search for get_attendance	1
https://searches.org.ai/GetBookings	searches.org.ai	Search	GetBookings	get_bookings	get_bookings	Search for get_bookings	1
https://searches.org.ai/GetMembersMany	searches.org.ai	Search	GetMembersMany	get_members_many	get_members_many	Search for get_members_many	1
https://searches.org.ai/GetLeadsMany	searches.org.ai	Search	GetLeadsMany	get_leads_many	get_leads_many	Search for get_leads_many	1
https://searches.org.ai/GetAttendanceMany	searches.org.ai	Search	GetAttendanceMany	get_attendance_many	get_attendance_many	Search for get_attendance_many	1
https://searches.org.ai/GetBookingsMany	searches.org.ai	Search	GetBookingsMany	get_bookings_many	get_bookings_many	Search for get_bookings_many	1
https://searches.org.ai/FoundCustomer	searches.org.ai	Search	FoundCustomer	found_customer	found_customer	Search for found_customer	2
https://searches.org.ai/Getbillbyid	searches.org.ai	Search	Getbillbyid	getbillbyid	getBillById	Search for getBillById	1
https://searches.org.ai/Getcustomer	searches.org.ai	Search	Getcustomer	getcustomer	getCustomer	Search for getCustomer	1
https://searches.org.ai/Getratebyid	searches.org.ai	Search	Getratebyid	getratebyid	getRateById	Search for getRateById	1
https://searches.org.ai/Getreservationbyreservationid	searches.org.ai	Search	Getreservationbyreservationid	getreservationbyreservationid	getReservationByReservationId	Search for getReservationByReservationId	1
https://searches.org.ai/Getreservationbycustomerid	searches.org.ai	Search	Getreservationbycustomerid	getreservationbycustomerid	getReservationByCustomerId	Search for getReservationByCustomerId	1
https://searches.org.ai/FindSale	searches.org.ai	Search	FindSale	find_sale	find_sale	Search for find_sale	3
https://searches.org.ai/FindCandidateInJob	searches.org.ai	Search	FindCandidateInJob	find_candidate_in_job	find_candidate_in_job	Search for find_candidate_in_job	1
https://searches.org.ai/SearchLeadByEmail	searches.org.ai	Search	SearchLeadByEmail	search_lead_by_email	search_lead_by_email	Search for search_lead_by_email	1
https://searches.org.ai/SearchAccountByName	searches.org.ai	Search	SearchAccountByName	search_account_by_name	search_account_by_name	Search for search_account_by_name	1
https://searches.org.ai/FindBusinessClient	searches.org.ai	Search	FindBusinessClient	find_business_client	find_business_client	Search for find_business_client	1
https://searches.org.ai/FindIndividualClient	searches.org.ai	Search	FindIndividualClient	find_individual_client	find_individual_client	Search for find_individual_client	1
https://searches.org.ai/Searchsupporter	searches.org.ai	Search	Searchsupporter	searchsupporter	searchSupporter	Search for searchSupporter	1
https://searches.org.ai/Searchcampaign	searches.org.ai	Search	Searchcampaign	searchcampaign	searchCampaign	Search for searchCampaign	1
https://searches.org.ai/ProspectSearch	searches.org.ai	Search	ProspectSearch	prospect-search	prospect-search	Search for prospect-search	3
https://searches.org.ai/Vendorsearch	searches.org.ai	Search	Vendorsearch	vendorsearch	vendorSearch	Search for vendorSearch	2
https://searches.org.ai/Customervendorsearch	searches.org.ai	Search	Customervendorsearch	customervendorsearch	customerVendorSearch	Search for customerVendorSearch	1
https://searches.org.ai/CurrentAirQuality	searches.org.ai	Search	CurrentAirQuality	current_air_quality	current_air_quality	Search for current_air_quality	1
https://searches.org.ai/Findcontacts	searches.org.ai	Search	Findcontacts	findcontacts	findContacts	Search for findContacts	3
https://searches.org.ai/Findproject	searches.org.ai	Search	Findproject	findproject	findProject	Search for findProject	4
https://searches.org.ai/People	searches.org.ai	Search	People	people	people	Search for people	2
https://searches.org.ai/Meetingsearch	searches.org.ai	Search	Meetingsearch	meetingsearch	meetingSearch	Search for meetingSearch	3
https://searches.org.ai/Attendeesearch	searches.org.ai	Search	Attendeesearch	attendeesearch	attendeeSearch	Search for attendeeSearch	4
https://searches.org.ai/FindAttendees	searches.org.ai	Search	FindAttendees	find_attendees	find_attendees	Search for find_attendees	1
https://searches.org.ai/FindReferrer	searches.org.ai	Search	FindReferrer	find_referrer	find_referrer	Search for find_referrer	1
https://searches.org.ai/FindFundraisingPage	searches.org.ai	Search	FindFundraisingPage	find_fundraising_page	find_fundraising_page	Search for find_fundraising_page	1
https://searches.org.ai/SearchClient	searches.org.ai	Search	SearchClient	search_client	search_client	Search for search_client	10
https://searches.org.ai/FoundTicket	searches.org.ai	Search	FoundTicket	found_ticket	found_ticket	Search for found_ticket	1
https://searches.org.ai/Officeby	searches.org.ai	Search	Officeby	officeby	officeBy	Search for officeBy	1
https://searches.org.ai/Memberby	searches.org.ai	Search	Memberby	memberby	memberBy	Search for memberBy	1
https://searches.org.ai/Teamby	searches.org.ai	Search	Teamby	teamby	teamBy	Search for teamBy	1
https://searches.org.ai/Bookingby	searches.org.ai	Search	Bookingby	bookingby	bookingBy	Search for bookingBy	1
https://searches.org.ai/ProjectFileSearch	searches.org.ai	Search	ProjectFileSearch	project_file_search	project_file_search	Search for project_file_search	1
https://searches.org.ai/ProjectTaskSearch	searches.org.ai	Search	ProjectTaskSearch	project_task_search	project_task_search	Search for project_task_search	1
https://searches.org.ai/ScheduledTaskSearch	searches.org.ai	Search	ScheduledTaskSearch	scheduled_task_search	scheduled_task_search	Search for scheduled_task_search	1
https://searches.org.ai/SubmittalSearch	searches.org.ai	Search	SubmittalSearch	submittal_search	submittal_search	Search for submittal_search	1
https://searches.org.ai/TimesheetFind	searches.org.ai	Search	TimesheetFind	timesheet_find	timesheet_find	Search for timesheet_find	1
https://searches.org.ai/IncidentFind	searches.org.ai	Search	IncidentFind	incident_find	incident_find	Search for incident_find	1
https://searches.org.ai/CompanyVendor	searches.org.ai	Search	CompanyVendor	company_vendor	company_vendor	Search for company_vendor	1
https://searches.org.ai/WbsFind	searches.org.ai	Search	WbsFind	wbs_find	wbs_find	Search for wbs_find	1
https://searches.org.ai/GetProjectDetailsByID	searches.org.ai	Search	GetProjectDetailsByID	get_project_details_by_id	get_project_details_by_id	Search for get_project_details_by_id	1
https://searches.org.ai/Find	searches.org.ai	Search	Find	find	find	Search for find	1
https://searches.org.ai/Findagent	searches.org.ai	Search	Findagent	findagent	findAgent	Search for findAgent	1
https://searches.org.ai/FindDownloadDocument	searches.org.ai	Search	FindDownloadDocument	find_download_document	find_download_document	Search for find_download_document	1
https://searches.org.ai/FindContactNew	searches.org.ai	Search	FindContactNew	find_contact_new	find_contact_new	Search for find_contact_new	1
https://searches.org.ai/FindCompanyNew	searches.org.ai	Search	FindCompanyNew	find_company_new	find_company_new	Search for find_company_new	1
https://searches.org.ai/Printjob	searches.org.ai	Search	Printjob	printjob	printjob	Search for printjob	1
https://searches.org.ai/Findmatter	searches.org.ai	Search	Findmatter	findmatter	FindMatter	Search for FindMatter	1
https://searches.org.ai/GetPersonByemail	searches.org.ai	Search	GetPersonByemail	get_person_byemail	get_person_byemail	Search for get_person_byemail	1
https://searches.org.ai/GetDealByemail	searches.org.ai	Search	GetDealByemail	get_deal_byemail	get_deal_byemail	Search for get_deal_byemail	1
https://searches.org.ai/BookingLookup	searches.org.ai	Search	BookingLookup	booking_lookup	booking_lookup	Search for booking_lookup	1
https://searches.org.ai/GuestLookup	searches.org.ai	Search	GuestLookup	guest_lookup	guest_lookup	Search for guest_lookup	1
https://searches.org.ai/PropertyLookup	searches.org.ai	Search	PropertyLookup	property_lookup	property_lookup	Search for property_lookup	1
https://searches.org.ai/FindPersonEmail	searches.org.ai	Search	FindPersonEmail	find_person_email	find_person_email	Search for find_person_email	1
https://searches.org.ai/FindPersonPhone	searches.org.ai	Search	FindPersonPhone	find_person_phone	find_person_phone	Search for find_person_phone	1
https://searches.org.ai/FindMessageByID	searches.org.ai	Search	FindMessageByID	find_message_by_id	find_message_by_id	Search for find_message_by_id	2
https://searches.org.ai/Get	searches.org.ai	Search	Get	get	get	Search for get	1
https://searches.org.ai/Searchorder	searches.org.ai	Search	Searchorder	searchorder	searchOrder	Search for searchOrder	2
https://searches.org.ai/Searchtable	searches.org.ai	Search	Searchtable	searchtable	searchTable	Search for searchTable	1
https://searches.org.ai/SearchSchedule	searches.org.ai	Search	SearchSchedule	search_schedule	search_schedule	Search for search_schedule	1
https://searches.org.ai/Checkmemberevent	searches.org.ai	Search	Checkmemberevent	checkmemberevent	checkMemberEvent	Search for checkMemberEvent	1
https://searches.org.ai/TeamMemberSearch	searches.org.ai	Search	TeamMemberSearch	team_member_search	team_member_search	Search for team_member_search	1
https://searches.org.ai/FindPost	searches.org.ai	Search	FindPost	find_post	find_post	Search for find_post	4
https://searches.org.ai/FindUserByEmail	searches.org.ai	Search	FindUserByEmail	find_user_by_email	find_user_by_email	Search for find_user_by_email	10
https://searches.org.ai/FindChannelByID	searches.org.ai	Search	FindChannelByID	find_channel_by_id	find_channel_by_id	Search for find_channel_by_id	1
https://searches.org.ai/FindChannelByName	searches.org.ai	Search	FindChannelByName	find_channel_by_name	find_channel_by_name	Search for find_channel_by_name	1
https://searches.org.ai/CancellationActsearch	searches.org.ai	Search	CancellationActsearch	cancellation_actsearch	cancellation_actSearch	Search for cancellation_actSearch	1
https://searches.org.ai/Checkoutsearch	searches.org.ai	Search	Checkoutsearch	checkoutsearch	checkoutSearch	Search for checkoutSearch	1
https://searches.org.ai/LineItemsearch	searches.org.ai	Search	LineItemsearch	line_itemsearch	line_itemSearch	Search for line_itemSearch	1
https://searches.org.ai/PaymentIntentsearch	searches.org.ai	Search	PaymentIntentsearch	payment_intentsearch	payment_intentSearch	Search for payment_intentSearch	1
https://searches.org.ai/PaymentMethodsearch	searches.org.ai	Search	PaymentMethodsearch	payment_methodsearch	payment_methodSearch	Search for payment_methodSearch	1
https://searches.org.ai/Pricesearch	searches.org.ai	Search	Pricesearch	pricesearch	priceSearch	Search for priceSearch	3
https://searches.org.ai/Promotionsearch	searches.org.ai	Search	Promotionsearch	promotionsearch	promotionSearch	Search for promotionSearch	2
https://searches.org.ai/Purchasesearch	searches.org.ai	Search	Purchasesearch	purchasesearch	purchaseSearch	Search for purchaseSearch	2
https://searches.org.ai/Refundsearch	searches.org.ai	Search	Refundsearch	refundsearch	refundSearch	Search for refundSearch	1
https://searches.org.ai/AffiliationRequestsearch	searches.org.ai	Search	AffiliationRequestsearch	affiliation_requestsearch	affiliation_requestSearch	Search for affiliation_requestSearch	1
https://searches.org.ai/Affiliationsearch	searches.org.ai	Search	Affiliationsearch	affiliationsearch	affiliationSearch	Search for affiliationSearch	1
https://searches.org.ai/Clicksearch	searches.org.ai	Search	Clicksearch	clicksearch	clickSearch	Search for clickSearch	1
https://searches.org.ai/FulfillmentItemsearch	searches.org.ai	Search	FulfillmentItemsearch	fulfillment_itemsearch	fulfillment_itemSearch	Search for fulfillment_itemSearch	1
https://searches.org.ai/Fulfillmentsearch	searches.org.ai	Search	Fulfillmentsearch	fulfillmentsearch	fulfillmentSearch	Search for fulfillmentSearch	1
https://searches.org.ai/PayoutGroupsearch	searches.org.ai	Search	PayoutGroupsearch	payout_groupsearch	payout_groupSearch	Search for payout_groupSearch	1
https://searches.org.ai/Payoutsearch	searches.org.ai	Search	Payoutsearch	payoutsearch	payoutSearch	Search for payoutSearch	2
https://searches.org.ai/ReferralItemsearch	searches.org.ai	Search	ReferralItemsearch	referral_itemsearch	referral_itemSearch	Search for referral_itemSearch	1
https://searches.org.ai/Referralsearch	searches.org.ai	Search	Referralsearch	referralsearch	referralSearch	Search for referralSearch	3
https://searches.org.ai/ReturnItemsearch	searches.org.ai	Search	ReturnItemsearch	return_itemsearch	return_itemSearch	Search for return_itemSearch	1
https://searches.org.ai/ReturnRequestsearch	searches.org.ai	Search	ReturnRequestsearch	return_requestsearch	return_requestSearch	Search for return_requestSearch	1
https://searches.org.ai/Trackingsearch	searches.org.ai	Search	Trackingsearch	trackingsearch	trackingSearch	Search for trackingSearch	1
https://searches.org.ai/FindTopicByModeratorTag	searches.org.ai	Search	FindTopicByModeratorTag	find_topic_by_moderator_tag	find_topic_by_moderator_tag	Search for find_topic_by_moderator_tag	1
https://searches.org.ai/GetUserAssignedPoints	searches.org.ai	Search	GetUserAssignedPoints	get_user_assigned_points	get_user_assigned_points	Search for get_user_assigned_points	1
https://searches.org.ai/Filechannelsearch	searches.org.ai	Search	Filechannelsearch	filechannelsearch	fileChannelSearch	Search for fileChannelSearch	1
https://searches.org.ai/Customfieldoptionsearch	searches.org.ai	Search	Customfieldoptionsearch	customfieldoptionsearch	customFieldOptionSearch	Search for customFieldOptionSearch	1
https://searches.org.ai/Messagechannelsearch	searches.org.ai	Search	Messagechannelsearch	messagechannelsearch	messageChannelSearch	Search for messageChannelSearch	1
https://searches.org.ai/Internalusersearch	searches.org.ai	Search	Internalusersearch	internalusersearch	internalUserSearch	Search for internalUserSearch	1
https://searches.org.ai/Appconnectionsearch	searches.org.ai	Search	Appconnectionsearch	appconnectionsearch	appConnectionSearch	Search for appConnectionSearch	1
https://searches.org.ai/Appinstallsearch	searches.org.ai	Search	Appinstallsearch	appinstallsearch	appInstallSearch	Search for appInstallSearch	1
https://searches.org.ai/Filessearch	searches.org.ai	Search	Filessearch	filessearch	filesSearch	Search for filesSearch	2
https://searches.org.ai/Tasktemplatesearch	searches.org.ai	Search	Tasktemplatesearch	tasktemplatesearch	taskTemplateSearch	Search for taskTemplateSearch	1
https://searches.org.ai/FullContactSearch	searches.org.ai	Search	FullContactSearch	full_contact_search	full_contact_search	Search for full_contact_search	1
https://searches.org.ai/FullListingSearch	searches.org.ai	Search	FullListingSearch	full_listing_search	full_listing_search	Search for full_listing_search	1
https://searches.org.ai/FullPropertySearch	searches.org.ai	Search	FullPropertySearch	full_property_search	full_property_search	Search for full_property_search	1
https://searches.org.ai/FullCalendarEventSearch	searches.org.ai	Search	FullCalendarEventSearch	full_calendar_event_search	full_calendar_event_search	Search for full_calendar_event_search	1
https://searches.org.ai/ScorecardDue	searches.org.ai	Search	ScorecardDue	scorecard_due	scorecard_due	Search for scorecard_due	1
https://searches.org.ai/ShowComment	searches.org.ai	Search	ShowComment	show_comment	show_comment	Search for show_comment	1
https://searches.org.ai/ShowFile	searches.org.ai	Search	ShowFile	show_file	show_file	Search for show_file	1
https://searches.org.ai/ShowProject	searches.org.ai	Search	ShowProject	show_project	show_project	Search for show_project	1
https://searches.org.ai/Listversionstacks	searches.org.ai	Search	Listversionstacks	listversionstacks	listVersionStacks	Search for listVersionStacks	1
https://searches.org.ai/ClientProperties	searches.org.ai	Search	ClientProperties	client_properties	client_properties	Search for client_properties	1
https://searches.org.ai/FindAgent	searches.org.ai	Search	FindAgent	find_agent	find_agent	Search for find_agent	7
https://searches.org.ai/TaskByID	searches.org.ai	Search	TaskByID	task_by_id	task_by_id	Search for task_by_id	1
https://searches.org.ai/LoggedTimesearch	searches.org.ai	Search	LoggedTimesearch	logged_timesearch	logged_timeSearch	Search for logged_timeSearch	1
https://searches.org.ai/LookupUser	searches.org.ai	Search	LookupUser	lookup_user	lookup_user	Search for lookup_user	1
https://searches.org.ai/LookupLocation	searches.org.ai	Search	LookupLocation	lookup_location	lookup_location	Search for lookup_location	1
https://searches.org.ai/LookupContact	searches.org.ai	Search	LookupContact	lookup_contact	lookup_contact	Search for lookup_contact	2
https://searches.org.ai/LookupCustomValue	searches.org.ai	Search	LookupCustomValue	lookup_custom_value	lookup_custom_value	Search for lookup_custom_value	1
https://searches.org.ai/LookupSaasLocation	searches.org.ai	Search	LookupSaasLocation	lookup_saas_location	lookup_saas_location	Search for lookup_saas_location	1
https://searches.org.ai/LookupCalendarEvents	searches.org.ai	Search	LookupCalendarEvents	lookup_calendar_events	lookup_calendar_events	Search for lookup_calendar_events	1
https://searches.org.ai/LookupCalendars	searches.org.ai	Search	LookupCalendars	lookup_calendars	lookup_calendars	Search for lookup_calendars	1
https://searches.org.ai/GetCalendarDetails	searches.org.ai	Search	GetCalendarDetails	get_calendar_details	get_calendar_details	Search for get_calendar_details	1
https://searches.org.ai/Board	searches.org.ai	Search	Board	board	board	Search for board	2
https://searches.org.ai/FinancialBatchsearch	searches.org.ai	Search	FinancialBatchsearch	financial_batchsearch	financial_batchSearch	Search for financial_batchSearch	2
https://searches.org.ai/GetProspectByEmail	searches.org.ai	Search	GetProspectByEmail	get_prospect_by_email	get_prospect_by_email	Search for get_prospect_by_email	2
https://searches.org.ai/EmailVerifier2	searches.org.ai	Search	EmailVerifier2	email_verifier2	email_verifier2	Search for email_verifier2	2
https://searches.org.ai/GetProspectByID	searches.org.ai	Search	GetProspectByID	get_prospect_by_id	get_prospect_by_id	Search for get_prospect_by_id	2
https://searches.org.ai/EmailFinder	searches.org.ai	Search	EmailFinder	email_finder	email_finder	Search for email_finder	2
https://searches.org.ai/Searchopportunity	searches.org.ai	Search	Searchopportunity	searchopportunity	searchOpportunity	Search for searchOpportunity	2
https://searches.org.ai/Searchdata	searches.org.ai	Search	Searchdata	searchdata	searchData	Search for searchData	1
https://searches.org.ai/Searchsalesunit	searches.org.ai	Search	Searchsalesunit	searchsalesunit	searchSalesUnit	Search for searchSalesUnit	1
https://searches.org.ai/Searchaccount	searches.org.ai	Search	Searchaccount	searchaccount	searchAccount	Search for searchAccount	2
https://searches.org.ai/FindPersonDepricated	searches.org.ai	Search	FindPersonDepricated	find_person_depricated	find_person_depricated	Search for find_person_depricated	1
https://searches.org.ai/FindPeople	searches.org.ai	Search	FindPeople	find_people	find_people	Search for find_people	2
https://searches.org.ai/GetDocumentFields	searches.org.ai	Search	GetDocumentFields	get_document_fields	get_document_fields	Search for get_document_fields	1
https://searches.org.ai/GetDocumentRecipients	searches.org.ai	Search	GetDocumentRecipients	get_document_recipients	get_document_recipients	Search for get_document_recipients	1
https://searches.org.ai/FindGroupMember	searches.org.ai	Search	FindGroupMember	find_group_member	find_group_member	Search for find_group_member	1
https://searches.org.ai/Template	searches.org.ai	Search	Template	template	template	Search for template	2
https://searches.org.ai/FindRecordingSession	searches.org.ai	Search	FindRecordingSession	find_recording_session	find_recording_session	Search for find_recording_session	1
https://searches.org.ai/FindProjects	searches.org.ai	Search	FindProjects	find_projects	find_projects	Search for find_projects	5
https://searches.org.ai/FindProposal	searches.org.ai	Search	FindProposal	find_proposal	find_proposal	Search for find_proposal	3
https://searches.org.ai/GetPropertyClaims	searches.org.ai	Search	GetPropertyClaims	get_property_claims	get_property_claims	Search for get_property_claims	1
https://searches.org.ai/GetPropertyClaim	searches.org.ai	Search	GetPropertyClaim	get_property_claim	get_property_claim	Search for get_property_claim	1
https://searches.org.ai/GetPropertyClaimNote	searches.org.ai	Search	GetPropertyClaimNote	get_property_claim_note	get_property_claim_note	Search for get_property_claim_note	1
https://searches.org.ai/GetPropertyClaimRoomNote	searches.org.ai	Search	GetPropertyClaimRoomNote	get_property_claim_room_note	get_property_claim_room_note	Search for get_property_claim_room_note	1
https://searches.org.ai/GetPropertyClaimAssignments	searches.org.ai	Search	GetPropertyClaimAssignments	get_property_claim_assignments	get_property_claim_assignments	Search for get_property_claim_assignments	1
https://searches.org.ai/GetCrawlStatus	searches.org.ai	Search	GetCrawlStatus	get_crawl_status	get_crawl_status	Search for get_crawl_status	1
https://searches.org.ai/GetExtractData	searches.org.ai	Search	GetExtractData	get_extract_data	Get_Extract_Data	Search for Get_Extract_Data	1
https://searches.org.ai/ContactSearchV1	searches.org.ai	Search	ContactSearchV1	contact_search_v1	Contact_search_v1	Search for Contact_search_v1	1
https://searches.org.ai/OpportunitySearchV1	searches.org.ai	Search	OpportunitySearchV1	opportunity_search_v1	Opportunity_search_v1	Search for Opportunity_search_v1	1
https://searches.org.ai/FindPartnerV3	searches.org.ai	Search	FindPartnerV3	find_partner_v3	find_partner_v3	Search for find_partner_v3	1
https://searches.org.ai/FindLeadV4	searches.org.ai	Search	FindLeadV4	find_lead_v4	find_lead_v4	Search for find_lead_v4	1
https://searches.org.ai/FindCustomerV3	searches.org.ai	Search	FindCustomerV3	find_customer_v3	find_customer_v3	Search for find_customer_v3	1
https://searches.org.ai/Mattersearch	searches.org.ai	Search	Mattersearch	mattersearch	matterSearch	Search for matterSearch	1
https://searches.org.ai/Donationsearch	searches.org.ai	Search	Donationsearch	donationsearch	donationSearch	Search for donationSearch	1
https://searches.org.ai/Fundraisersearch	searches.org.ai	Search	Fundraisersearch	fundraisersearch	fundraiserSearch	Search for fundraiserSearch	1
https://searches.org.ai/RecurringFailuresearch	searches.org.ai	Search	RecurringFailuresearch	recurring_failuresearch	recurring_failureSearch	Search for recurring_failureSearch	1
https://searches.org.ai/FindContactDynamic	searches.org.ai	Search	FindContactDynamic	find_contact_dynamic	find_contact_dynamic	Search for find_contact_dynamic	1
https://searches.org.ai/Searchgroups	searches.org.ai	Search	Searchgroups	searchgroups	searchgroups	Search for searchgroups	1
https://searches.org.ai/FindStage	searches.org.ai	Search	FindStage	find_stage	find_stage	Search for find_stage	3
https://searches.org.ai/FindWorkflow	searches.org.ai	Search	FindWorkflow	find_workflow	find_workflow	Search for find_workflow	3
https://searches.org.ai/FindMatterByClientEmail	searches.org.ai	Search	FindMatterByClientEmail	find_matter_by_client_email	find_matter_by_client_email	Search for find_matter_by_client_email	1
https://searches.org.ai/Searchprojectv2	searches.org.ai	Search	Searchprojectv2	searchprojectv2	SearchProjectV2	Search for SearchProjectV2	1
https://searches.org.ai/Searchtaskv2	searches.org.ai	Search	Searchtaskv2	searchtaskv2	SearchTaskV2	Search for SearchTaskV2	1
https://searches.org.ai/FindEntry	searches.org.ai	Search	FindEntry	find_entry	find_entry	Search for find_entry	4
https://searches.org.ai/FindListMember	searches.org.ai	Search	FindListMember	find_list_member	find_list_member	Search for find_list_member	1
https://searches.org.ai/FindEntryByID	searches.org.ai	Search	FindEntryByID	find_entry_by_id	find_entry_by_id	Search for find_entry_by_id	1
https://searches.org.ai/MemberByEmail	searches.org.ai	Search	MemberByEmail	member_by_email	member_by_email	Search for member_by_email	1
https://searches.org.ai/GetMemberByID	searches.org.ai	Search	GetMemberByID	get_member_by_id	get_member_by_id	Search for get_member_by_id	1
https://searches.org.ai/GetOptoutsForMailing	searches.org.ai	Search	GetOptoutsForMailing	get_optouts_for_mailing	get_optouts_for_mailing	Search for get_optouts_for_mailing	1
https://searches.org.ai/GetResponseSummaryForMailing	searches.org.ai	Search	GetResponseSummaryForMailing	get_response_summary_for_mailing	get_response_summary_for_mailing	Search for get_response_summary_for_mailing	1
https://searches.org.ai/GetGroupsOfMember	searches.org.ai	Search	GetGroupsOfMember	get_groups_of_member	get_groups_of_member	Search for get_groups_of_member	1
https://searches.org.ai/GetGroupMembers	searches.org.ai	Search	GetGroupMembers	get_group_members	get_group_members	Search for get_group_members	1
https://searches.org.ai/GetMembersSentMailing	searches.org.ai	Search	GetMembersSentMailing	get_members_sent_mailing	get_members_sent_mailing	Search for get_members_sent_mailing	1
https://searches.org.ai/GetProduct	searches.org.ai	Search	GetProduct	get_product	get_product	Search for get_product	7
https://searches.org.ai/LookupProduct	searches.org.ai	Search	LookupProduct	lookup_product	lookup_product	Search for lookup_product	1
https://searches.org.ai/SearchJobs	searches.org.ai	Search	SearchJobs	search_jobs	search_jobs	Search for search_jobs	2
https://searches.org.ai/Groupsearch	searches.org.ai	Search	Groupsearch	groupsearch	groupSearch	Search for groupSearch	5
https://searches.org.ai/Organizations	searches.org.ai	Search	Organizations	organizations	organizations	Search for organizations	1
https://searches.org.ai/Recordsearch	searches.org.ai	Search	Recordsearch	recordsearch	recordSearch	Search for recordSearch	3
https://searches.org.ai/Searchperson	searches.org.ai	Search	Searchperson	searchperson	searchPerson	Search for searchPerson	2
https://searches.org.ai/GetDiscounts	searches.org.ai	Search	GetDiscounts	get_discounts	get_discounts	Search for get_discounts	1
https://searches.org.ai/GetOrder	searches.org.ai	Search	GetOrder	get_order	get_order	Search for get_order	5
https://searches.org.ai/GetAllOrders	searches.org.ai	Search	GetAllOrders	get_all_orders	get_all_orders	Search for get_all_orders	1
https://searches.org.ai/GetShipment	searches.org.ai	Search	GetShipment	get_shipment	get_shipment	Search for get_shipment	1
https://searches.org.ai/GetAllProducts	searches.org.ai	Search	GetAllProducts	get_all_products	get_all_products	Search for get_all_products	1
https://searches.org.ai/GetCategories	searches.org.ai	Search	GetCategories	get_categories	get_categories	Search for get_categories	2
https://searches.org.ai/GetCategory	searches.org.ai	Search	GetCategory	get_category	get_category	Search for get_category	1
https://searches.org.ai/GetAllShipments	searches.org.ai	Search	GetAllShipments	get_all_shipments	get_all_shipments	Search for get_all_shipments	1
https://searches.org.ai/GetDiscount	searches.org.ai	Search	GetDiscount	get_discount	get_discount	Search for get_discount	1
https://searches.org.ai/GetAllAbandonedCarts	searches.org.ai	Search	GetAllAbandonedCarts	get_all_abandoned_carts	get_all_abandoned_carts	Search for get_all_abandoned_carts	1
https://searches.org.ai/CaseTypeSearch	searches.org.ai	Search	CaseTypeSearch	case_type_search	case_type_search	Search for case_type_search	1
https://searches.org.ai/CaseSearch	searches.org.ai	Search	CaseSearch	case_search	case_search	Search for case_search	3
https://searches.org.ai/CaseworkerSearch	searches.org.ai	Search	CaseworkerSearch	caseworker_search	caseworker_search	Search for caseworker_search	1
https://searches.org.ai/FindPersonByEmail	searches.org.ai	Search	FindPersonByEmail	find_person_by_email	find_person_by_email	Search for find_person_by_email	2
https://searches.org.ai/FindPersonAndCompanyByEmail	searches.org.ai	Search	FindPersonAndCompanyByEmail	find_person_and_company_by_email	find_person_and_company_by_email	Search for find_person_and_company_by_email	1
https://searches.org.ai/FindCompanyByDomain	searches.org.ai	Search	FindCompanyByDomain	find_company_by_domain	find_company_by_domain	Search for find_company_by_domain	2
https://searches.org.ai/FindCompanyByName	searches.org.ai	Search	FindCompanyByName	find_company_by_name	find_company_by_name	Search for find_company_by_name	3
https://searches.org.ai/ListPayments	searches.org.ai	Search	ListPayments	list_payments	list_payments	Search for list_payments	1
https://searches.org.ai/ListSubscriptions	searches.org.ai	Search	ListSubscriptions	list_subscriptions	list_subscriptions	Search for list_subscriptions	1
https://searches.org.ai/ListOneTimeSetupFees	searches.org.ai	Search	ListOneTimeSetupFees	list_one_time_setup_fees	list_one_time_setup_fees	Search for list_one_time_setup_fees	1
https://searches.org.ai/FindGroupCopy	searches.org.ai	Search	FindGroupCopy	find_group_copy	find_group_copy	Search for find_group_copy	1
https://searches.org.ai/FindContactCopy	searches.org.ai	Search	FindContactCopy	find_contact_copy	find_contact_copy	Search for find_contact_copy	1
https://searches.org.ai/FindEvents	searches.org.ai	Search	FindEvents	find_events	find_events	Search for find_events	5
https://searches.org.ai/FindAffiliateInProgramV2	searches.org.ai	Search	FindAffiliateInProgramV2	find_affiliate_in_program_v2	find_affiliate_in_program_v2	Search for find_affiliate_in_program_v2	1
https://searches.org.ai/FindConversionV2	searches.org.ai	Search	FindConversionV2	find_conversion_v2	find_conversion_v2	Search for find_conversion_v2	1
https://searches.org.ai/FindAffiliate	searches.org.ai	Search	FindAffiliate	find_affiliate	find_affiliate	Search for find_affiliate	2
https://searches.org.ai/FindAffiliateProspect	searches.org.ai	Search	FindAffiliateProspect	find_affiliate_prospect	find_affiliate_prospect	Search for find_affiliate_prospect	1
https://searches.org.ai/SearchAttendance	searches.org.ai	Search	SearchAttendance	search_attendance	search_attendance	Search for search_attendance	3
https://searches.org.ai/SearchParent	searches.org.ai	Search	SearchParent	search_parent	search_parent	Search for search_parent	3
https://searches.org.ai/SearchStudent	searches.org.ai	Search	SearchStudent	search_student	search_student	Search for search_student	3
https://searches.org.ai/SearchParents	searches.org.ai	Search	SearchParents	search_parents	search_parents	Search for search_parents	3
https://searches.org.ai/FindUserByEndUserID	searches.org.ai	Search	FindUserByEndUserID	find_user_by_end_user_id	find_user_by_end_user_id	Search for find_user_by_end_user_id	1
https://searches.org.ai/GetCallDisposition	searches.org.ai	Search	GetCallDisposition	get_call_disposition	get_call_disposition	Search for get_call_disposition	1
https://searches.org.ai/GetContactDisposition	searches.org.ai	Search	GetContactDisposition	get_contact_disposition	get_contact_disposition	Search for get_contact_disposition	1
https://searches.org.ai/SearchContactsByPhoneNumber	searches.org.ai	Search	SearchContactsByPhoneNumber	search_contacts_by_phone_number	search_contacts_by_phone_number	Search for search_contacts_by_phone_number	1
https://searches.org.ai/GetUser	searches.org.ai	Search	GetUser	get_user	get_user	Search for get_user	16
https://searches.org.ai/GetCalendarEventType	searches.org.ai	Search	GetCalendarEventType	get_calendar_event_type	get_calendar_event_type	Search for get_calendar_event_type	1
https://searches.org.ai/SearchPhoneNumbersByPhoneNumber	searches.org.ai	Search	SearchPhoneNumbersByPhoneNumber	search_phone_numbers_by_phone_number	search_phone_numbers_by_phone_number	Search for search_phone_numbers_by_phone_number	1
https://searches.org.ai/GetPhoneNumber	searches.org.ai	Search	GetPhoneNumber	get_phone_number	get_phone_number	Search for get_phone_number	1
https://searches.org.ai/GetTag	searches.org.ai	Search	GetTag	get_tag	get_tag	Search for get_tag	2
https://searches.org.ai/GetUserCustomSettings	searches.org.ai	Search	GetUserCustomSettings	get_user_custom_settings	get_user_custom_settings	Search for get_user_custom_settings	1
https://searches.org.ai/GetNotesByContactID	searches.org.ai	Search	GetNotesByContactID	get_notes_by_contact_id	get_notes_by_contact_id	Search for get_notes_by_contact_id	1
https://searches.org.ai/GetLastNoteByContactID	searches.org.ai	Search	GetLastNoteByContactID	get_last_note_by_contact_id	get_last_note_by_contact_id	Search for get_last_note_by_contact_id	1
https://searches.org.ai/GetNotesSummarizedForContactID	searches.org.ai	Search	GetNotesSummarizedForContactID	get_notes_summarized_for_contact_id	get_notes_summarized_for_contact_id	Search for get_notes_summarized_for_contact_id	1
https://searches.org.ai/Registrationsearch	searches.org.ai	Search	Registrationsearch	registrationsearch	registrationSearch	Search for registrationSearch	1
https://searches.org.ai/Organisationsearch	searches.org.ai	Search	Organisationsearch	organisationsearch	organisationSearch	Search for organisationSearch	3
https://searches.org.ai/Onlineactivityregistrationsearch	searches.org.ai	Search	Onlineactivityregistrationsearch	onlineactivityregistrationsearch	onlineActivityRegistrationSearch	Search for onlineActivityRegistrationSearch	1
https://searches.org.ai/Multisessioneventregistrationsearch	searches.org.ai	Search	Multisessioneventregistrationsearch	multisessioneventregistrationsearch	multiSessionEventRegistrationSearch	Search for multiSessionEventRegistrationSearch	1
https://searches.org.ai/CheckAvailability	searches.org.ai	Search	CheckAvailability	check_availability	check_availability	Search for check_availability	2
https://searches.org.ai/FindOrg	searches.org.ai	Search	FindOrg	find_org	find_org	Search for find_org	2
https://searches.org.ai/FindChildStudent	searches.org.ai	Search	FindChildStudent	find_child_student	find_child_student	Search for find_child_student	1
https://searches.org.ai/FindIndependentStudentS	searches.org.ai	Search	FindIndependentStudentS	find_independent_student_s	find_independent_student_s	Search for find_independent_student_s	1
https://searches.org.ai/FindFamily	searches.org.ai	Search	FindFamily	find_family	find_family	Search for find_family	1
https://searches.org.ai/FindIndependentStudent	searches.org.ai	Search	FindIndependentStudent	find_independent_student	find_independent_student	Search for find_independent_student	1
https://searches.org.ai/SearchUsers	searches.org.ai	Search	SearchUsers	search_users	search_users	Search for search_users	5
https://searches.org.ai/SearchResources	searches.org.ai	Search	SearchResources	search_resources	search_resources	Search for search_resources	1
https://searches.org.ai/SearchTasks	searches.org.ai	Search	SearchTasks	search_tasks	search_tasks	Search for search_tasks	2
https://searches.org.ai/SearchVendorByID	searches.org.ai	Search	SearchVendorByID	search_vendor_by_id	search_vendor_by_id	Search for search_vendor_by_id	1
https://searches.org.ai/SearchProjectByID	searches.org.ai	Search	SearchProjectByID	search_project_by_id	search_project_by_id	Search for search_project_by_id	1
https://searches.org.ai/SearchClientByID	searches.org.ai	Search	SearchClientByID	search_client_by_id	search_client_by_id	Search for search_client_by_id	1
https://searches.org.ai/SearchProducts	searches.org.ai	Search	SearchProducts	search_products	search_products	Search for search_products	2
https://searches.org.ai/SearchUserByID	searches.org.ai	Search	SearchUserByID	search_user_by_id	search_user_by_id	Search for search_user_by_id	2
https://searches.org.ai/SearchPhases	searches.org.ai	Search	SearchPhases	search_phases	search_phases	Search for search_phases	1
https://searches.org.ai/WebinarRegistration	searches.org.ai	Search	WebinarRegistration	webinar_registration	webinar_registration	Search for webinar_registration	1
https://searches.org.ai/FindPrivateChannelMember	searches.org.ai	Search	FindPrivateChannelMember	find_private_channel_member	find_private_channel_member	Search for find_private_channel_member	1
https://searches.org.ai/GetMessageReplies	searches.org.ai	Search	GetMessageReplies	get_message_replies	get_message_replies	Search for get_message_replies	1
https://searches.org.ai/Getsinglerow	searches.org.ai	Search	Getsinglerow	getsinglerow	getSingleRow	Search for getSingleRow	2
https://searches.org.ai/Listrows	searches.org.ai	Search	Listrows	listrows	listRows	Search for listRows	2
https://searches.org.ai/FindOffice	searches.org.ai	Search	FindOffice	find_office	find_office	Search for find_office	1
https://searches.org.ai/FindComponent	searches.org.ai	Search	FindComponent	find_component	find_component	Search for find_component	1
https://searches.org.ai/FindProductFamily	searches.org.ai	Search	FindProductFamily	find_product_family	find_product_family	Search for find_product_family	1
https://searches.org.ai/FindProduct	searches.org.ai	Search	FindProduct	find_product	find_product	Search for find_product	39
https://searches.org.ai/Searchsalesorder	searches.org.ai	Search	Searchsalesorder	searchsalesorder	searchSalesOrder	Search for searchSalesOrder	2
https://searches.org.ai/Searchstockcount	searches.org.ai	Search	Searchstockcount	searchstockcount	searchStockCount	Search for searchStockCount	1
https://searches.org.ai/Searchmanufacturingorder	searches.org.ai	Search	Searchmanufacturingorder	searchmanufacturingorder	searchManufacturingOrder	Search for searchManufacturingOrder	1
https://searches.org.ai/Searchpstockadjustment	searches.org.ai	Search	Searchpstockadjustment	searchpstockadjustment	searchPStockAdjustment	Search for searchPStockAdjustment	1
https://searches.org.ai/Searchstocktransfer	searches.org.ai	Search	Searchstocktransfer	searchstocktransfer	searchStockTransfer	Search for searchStockTransfer	1
https://searches.org.ai/Searchvendor	searches.org.ai	Search	Searchvendor	searchvendor	searchVendor	Search for searchVendor	1
https://searches.org.ai/Searchstockroomscan	searches.org.ai	Search	Searchstockroomscan	searchstockroomscan	searchStockroomScan	Search for searchStockroomScan	1
https://searches.org.ai/Searchtaxingscheme	searches.org.ai	Search	Searchtaxingscheme	searchtaxingscheme	searchTaxingScheme	Search for searchTaxingScheme	1
https://searches.org.ai/Searchpricingscheme	searches.org.ai	Search	Searchpricingscheme	searchpricingscheme	searchPricingScheme	Search for searchPricingScheme	1
https://searches.org.ai/Searchpaymentterms	searches.org.ai	Search	Searchpaymentterms	searchpaymentterms	searchPaymentTerms	Search for searchPaymentTerms	1
https://searches.org.ai/Searchadjustmentreason	searches.org.ai	Search	Searchadjustmentreason	searchadjustmentreason	searchAdjustmentReason	Search for searchAdjustmentReason	1
https://searches.org.ai/Searchcategory	searches.org.ai	Search	Searchcategory	searchcategory	searchCategory	Search for searchCategory	1
https://searches.org.ai/Searchcountsheet	searches.org.ai	Search	Searchcountsheet	searchcountsheet	searchCountSheet	Search for searchCountSheet	1
https://searches.org.ai/Searchcustomdocument	searches.org.ai	Search	Searchcustomdocument	searchcustomdocument	searchCustomDocument	Search for searchCustomDocument	1
https://searches.org.ai/Salesrepsearch	searches.org.ai	Search	Salesrepsearch	salesrepsearch	salesRepSearch	Search for salesRepSearch	1
https://searches.org.ai/Findsinglereferral	searches.org.ai	Search	Findsinglereferral	findsinglereferral	FindSingleReferral	Search for FindSingleReferral	1
https://searches.org.ai/Findmember	searches.org.ai	Search	Findmember	findmember	FindMember	Search for FindMember	1
https://searches.org.ai/Findsingleprogram	searches.org.ai	Search	Findsingleprogram	findsingleprogram	FindSingleProgram	Search for FindSingleProgram	1
https://searches.org.ai/FindTenant	searches.org.ai	Search	FindTenant	find_tenant	find_tenant	Search for find_tenant	2
https://searches.org.ai/FindLease	searches.org.ai	Search	FindLease	find_lease	find_lease	Search for find_lease	2
https://searches.org.ai/FindLeaseTenants	searches.org.ai	Search	FindLeaseTenants	find_lease_tenants	find_lease_tenants	Search for find_lease_tenants	1
https://searches.org.ai/FindNextRentIncrease	searches.org.ai	Search	FindNextRentIncrease	find_next_rent_increase	find_next_rent_increase	Search for find_next_rent_increase	1
https://searches.org.ai/SearchMediaEntries	searches.org.ai	Search	SearchMediaEntries	search_media_entries	search_media_entries	Search for search_media_entries	1
https://searches.org.ai/SearchMediaCollections	searches.org.ai	Search	SearchMediaCollections	search_media_collections	search_media_collections	Search for search_media_collections	1
https://searches.org.ai/SearchDocuments	searches.org.ai	Search	SearchDocuments	search_documents	search_documents	Search for search_documents	2
https://searches.org.ai/SearchDailyProjectReports	searches.org.ai	Search	SearchDailyProjectReports	search_daily_project_reports	search_daily_project_reports	Search for search_daily_project_reports	1
https://searches.org.ai/SearchProgressEntries	searches.org.ai	Search	SearchProgressEntries	search_progress_entries	search_progress_entries	Search for search_progress_entries	1
https://searches.org.ai/SearchDailySignOff	searches.org.ai	Search	SearchDailySignOff	search_daily_sign_off	search_daily_sign_off	Search for search_daily_sign_off	1
https://searches.org.ai/SearchDailySignIn	searches.org.ai	Search	SearchDailySignIn	search_daily_sign_in	search_daily_sign_in	Search for search_daily_sign_in	1
https://searches.org.ai/SearchTimeEntries	searches.org.ai	Search	SearchTimeEntries	search_time_entries	search_time_entries	Search for search_time_entries	1
https://searches.org.ai/SearchTimeOffRequests	searches.org.ai	Search	SearchTimeOffRequests	search_time_off_requests	search_time_off_requests	Search for search_time_off_requests	1
https://searches.org.ai/SearchTimeOff	searches.org.ai	Search	SearchTimeOff	search_time_off	search_time_off	Search for search_time_off	1
https://searches.org.ai/SearchTimeTotalsByProject	searches.org.ai	Search	SearchTimeTotalsByProject	search_time_totals_by_project	search_time_totals_by_project	Search for search_time_totals_by_project	1
https://searches.org.ai/SearchTimeTotalsByEmployee	searches.org.ai	Search	SearchTimeTotalsByEmployee	search_time_totals_by_employee	search_time_totals_by_employee	Search for search_time_totals_by_employee	1
https://searches.org.ai/SearchPayrollSummaryBasic	searches.org.ai	Search	SearchPayrollSummaryBasic	search_payroll_summary_basic	search_payroll_summary_basic	Search for search_payroll_summary_basic	1
https://searches.org.ai/SearchTimeTotalsByCostCode	searches.org.ai	Search	SearchTimeTotalsByCostCode	search_time_totals_by_cost_code	search_time_totals_by_cost_code	Search for search_time_totals_by_cost_code	1
https://searches.org.ai/SearchTimeTotalsByEquipment	searches.org.ai	Search	SearchTimeTotalsByEquipment	search_time_totals_by_equipment	search_time_totals_by_equipment	Search for search_time_totals_by_equipment	1
https://searches.org.ai/SearchCostCode	searches.org.ai	Search	SearchCostCode	search_cost_code	search_cost_code	Search for search_cost_code	1
https://searches.org.ai/SearchEmployees	searches.org.ai	Search	SearchEmployees	search_employees	search_employees	Search for search_employees	1
https://searches.org.ai/SearchCostCodes	searches.org.ai	Search	SearchCostCodes	search_cost_codes	search_cost_codes	Search for search_cost_codes	1
https://searches.org.ai/SearchAdvancedPayrollReport	searches.org.ai	Search	SearchAdvancedPayrollReport	search_advanced_payroll_report	search_advanced_payroll_report	Search for search_advanced_payroll_report	1
https://searches.org.ai/SearchBudgetMultiple	searches.org.ai	Search	SearchBudgetMultiple	search_budget_multiple	search_budget_multiple	Search for search_budget_multiple	1
https://searches.org.ai/SearchBudget	searches.org.ai	Search	SearchBudget	search_budget	search_budget	Search for search_budget	1
https://searches.org.ai/SearchPerDiem	searches.org.ai	Search	SearchPerDiem	search_per_diem	search_per_diem	Search for search_per_diem	1
https://searches.org.ai/SearchPerDiemMultiple	searches.org.ai	Search	SearchPerDiemMultiple	search_per_diem_multiple	search_per_diem_multiple	Search for search_per_diem_multiple	1
https://searches.org.ai/SearchPerDiemRequestsMultiple	searches.org.ai	Search	SearchPerDiemRequestsMultiple	search_per_diem_requests_multiple	search_per_diem_requests_multiple	Search for search_per_diem_requests_multiple	1
https://searches.org.ai/SearchPerDiemRequestsSingle	searches.org.ai	Search	SearchPerDiemRequestsSingle	search_per_diem_requests_single	search_per_diem_requests_single	Search for search_per_diem_requests_single	1
https://searches.org.ai/SearchTimeEntryLogSingle	searches.org.ai	Search	SearchTimeEntryLogSingle	search_time_entry_log_single	search_time_entry_log_single	Search for search_time_entry_log_single	1
https://searches.org.ai/SearchTimeEntryLogMultiple	searches.org.ai	Search	SearchTimeEntryLogMultiple	search_time_entry_log_multiple	search_time_entry_log_multiple	Search for search_time_entry_log_multiple	1
https://searches.org.ai/SearchEmployeeGroup	searches.org.ai	Search	SearchEmployeeGroup	search_employee_group	search_employee_group	Search for search_employee_group	1
https://searches.org.ai/SearchEquipmentMultiple	searches.org.ai	Search	SearchEquipmentMultiple	search_equipment_multiple	search_equipment_multiple	Search for search_equipment_multiple	1
https://searches.org.ai/SearchEquipment	searches.org.ai	Search	SearchEquipment	search_equipment	search_equipment	Search for search_equipment	1
https://searches.org.ai/SearchCostCodeGroups	searches.org.ai	Search	SearchCostCodeGroups	search_cost_code_groups	search_cost_code_groups	Search for search_cost_code_groups	1
https://searches.org.ai/SearchProjectGroup	searches.org.ai	Search	SearchProjectGroup	search_project_group	search_project_group	Search for search_project_group	1
https://searches.org.ai/SearchScheduleItem	searches.org.ai	Search	SearchScheduleItem	search_schedule_item	search_schedule_item	Search for search_schedule_item	1
https://searches.org.ai/FindArchivedCard	searches.org.ai	Search	FindArchivedCard	find_archived_card	find_archived_card	Search for find_archived_card	1
https://searches.org.ai/SearchWithSources	searches.org.ai	Search	SearchWithSources	search_with_sources	search_with_sources	Search for search_with_sources	1
https://searches.org.ai/FindLatestScreenshot	searches.org.ai	Search	FindLatestScreenshot	find_latest_screenshot	find_latest_screenshot	Search for find_latest_screenshot	1
https://searches.org.ai/CheckDomainResearchStatus	searches.org.ai	Search	CheckDomainResearchStatus	check_domain_research_status	check_domain_research_status	Search for check_domain_research_status	1
https://searches.org.ai/FindDomainResearchReport	searches.org.ai	Search	FindDomainResearchReport	find_domain_research_report	find_domain_research_report	Search for find_domain_research_report	1
https://searches.org.ai/FindAllDomainResearchReport	searches.org.ai	Search	FindAllDomainResearchReport	find_all_domain_research_report	find_all_domain_research_report	Search for find_all_domain_research_report	1
https://searches.org.ai/AccountFind	searches.org.ai	Search	AccountFind	account_find	account_find	Search for account_find	1
https://searches.org.ai/AccountFindByID	searches.org.ai	Search	AccountFindByID	account_find_by_id	account_find_by_id	Search for account_find_by_id	1
https://searches.org.ai/FindLabel	searches.org.ai	Search	FindLabel	find_label	find_label	Search for find_label	2
https://searches.org.ai/FindNonAttendingContact	searches.org.ai	Search	FindNonAttendingContact	find_non_attending_contact	find_non_attending_contact	Search for find_non_attending_contact	1
https://searches.org.ai/Findlead	searches.org.ai	Search	Findlead	findlead	FindLead	Search for FindLead	5
https://searches.org.ai/Findleadbyanything	searches.org.ai	Search	Findleadbyanything	findleadbyanything	FIndLeadByAnything	Search for FIndLeadByAnything	1
https://searches.org.ai/Findleadbyemail	searches.org.ai	Search	Findleadbyemail	findleadbyemail	FindLeadByEmail	Search for FindLeadByEmail	1
https://searches.org.ai/Findleadbycustomfieldvalue	searches.org.ai	Search	Findleadbycustomfieldvalue	findleadbycustomfieldvalue	FindLeadByCustomFieldValue	Search for FindLeadByCustomFieldValue	1
https://searches.org.ai/Findleadbyexternalleadid	searches.org.ai	Search	Findleadbyexternalleadid	findleadbyexternalleadid	FindLeadByExternalLeadId	Search for FindLeadByExternalLeadId	1
https://searches.org.ai/Findactivitybyactivityid	searches.org.ai	Search	Findactivitybyactivityid	findactivitybyactivityid	FindActivityByActivityId	Search for FindActivityByActivityId	1
https://searches.org.ai/Finddataobject	searches.org.ai	Search	Finddataobject	finddataobject	findDataObject	Search for findDataObject	1
https://searches.org.ai/Finddataobjectbyanything	searches.org.ai	Search	Finddataobjectbyanything	finddataobjectbyanything	findDataObjectByAnything	Search for findDataObjectByAnything	1
https://searches.org.ai/Findactivitybyid	searches.org.ai	Search	Findactivitybyid	findactivitybyid	findActivityById	Search for findActivityById	1
https://searches.org.ai/FindGroupByName	searches.org.ai	Search	FindGroupByName	find_group_by_name	find_group_by_name	Search for find_group_by_name	2
https://searches.org.ai/GetContactsearch	searches.org.ai	Search	GetContactsearch	get_contactsearch	get_contactSearch	Search for get_contactSearch	4
https://searches.org.ai/SearchPaymentmethods	searches.org.ai	Search	SearchPaymentmethods	search_paymentmethods	search_paymentmethods	Search for search_paymentmethods	4
https://searches.org.ai/FindJobByJobNumber	searches.org.ai	Search	FindJobByJobNumber	find_job_by_job_number	find_job_by_job_number	Search for find_job_by_job_number	1
https://searches.org.ai/FindLocationByExternalID	searches.org.ai	Search	FindLocationByExternalID	find_location_by_external_id	find_location_by_external_id	Search for find_location_by_external_id	1
https://searches.org.ai/FindCompanyByExternalID	searches.org.ai	Search	FindCompanyByExternalID	find_company_by_external_id	find_company_by_external_id	Search for find_company_by_external_id	1
https://searches.org.ai/FindQuoteByQuoteNumber	searches.org.ai	Search	FindQuoteByQuoteNumber	find_quote_by_quote_number	find_quote_by_quote_number	Search for find_quote_by_quote_number	1
https://searches.org.ai/FindDeficiencyByRefNumber	searches.org.ai	Search	FindDeficiencyByRefNumber	find_deficiency_by_ref_number	find_deficiency_by_ref_number	Search for find_deficiency_by_ref_number	1
https://searches.org.ai/FindAssetBySearch	searches.org.ai	Search	FindAssetBySearch	find_asset_by_search	find_asset_by_search	Search for find_asset_by_search	1
https://searches.org.ai/FindContractByName	searches.org.ai	Search	FindContractByName	find_contract_by_name	find_contract_by_name	Search for find_contract_by_name	1
https://searches.org.ai/FindSalesOrder	searches.org.ai	Search	FindSalesOrder	find_sales_order	find_sales_order	Search for find_sales_order	1
https://searches.org.ai/FindBankentries	searches.org.ai	Search	FindBankentries	find_bankentries	find_bankentries	Search for find_bankentries	1
https://searches.org.ai/FindSalesInvoice	searches.org.ai	Search	FindSalesInvoice	find_sales_invoice	find_sales_invoice	Search for find_sales_invoice	2
https://searches.org.ai/FindCostcenter	searches.org.ai	Search	FindCostcenter	find_costcenter	find_costcenter	Search for find_costcenter	1
https://searches.org.ai/FindCostunit	searches.org.ai	Search	FindCostunit	find_costunit	find_costunit	Search for find_costunit	1
https://searches.org.ai/FindGlaccount	searches.org.ai	Search	FindGlaccount	find_glaccount	find_glaccount	Search for find_glaccount	1
https://searches.org.ai/FindBankaccount	searches.org.ai	Search	FindBankaccount	find_bankaccount	find_bankaccount	Search for find_bankaccount	2
https://searches.org.ai/FindReceivable	searches.org.ai	Search	FindReceivable	find_receivable	find_receivable	Search for find_receivable	2
https://searches.org.ai/FindProjecttimetransaction	searches.org.ai	Search	FindProjecttimetransaction	find_projecttimetransaction	find_projecttimetransaction	Search for find_projecttimetransaction	1
https://searches.org.ai/FindPurchaseentry	searches.org.ai	Search	FindPurchaseentry	find_purchaseentry	find_purchaseentry	Search for find_purchaseentry	1
https://searches.org.ai/FindSalesentry	searches.org.ai	Search	FindSalesentry	find_salesentry	find_salesentry	Search for find_salesentry	1
https://searches.org.ai/Findprofitlossoverview	searches.org.ai	Search	Findprofitlossoverview	findprofitlossoverview	findProfitLossOverview	Search for findProfitLossOverview	1
https://searches.org.ai/FindMailmessagesent	searches.org.ai	Search	FindMailmessagesent	find_mailmessagesent	find_mailmessagesent	Search for find_mailmessagesent	1
https://searches.org.ai/FindWarehouseTransfer	searches.org.ai	Search	FindWarehouseTransfer	find_warehouse_transfer	find_warehouse_transfer	Search for find_warehouse_transfer	1
https://searches.org.ai/FindGoodsDelivery	searches.org.ai	Search	FindGoodsDelivery	find_goods_delivery	find_goods_delivery	Search for find_goods_delivery	1
https://searches.org.ai/FindSalespricelist	searches.org.ai	Search	FindSalespricelist	find_salespricelist	find_salespricelist	Search for find_salespricelist	1
https://searches.org.ai/FindSalesPriceListVolumeDiscount	searches.org.ai	Search	FindSalesPriceListVolumeDiscount	find_sales_price_list_volume_discount	find_sales_price_list_volume_discount	Search for find_sales_price_list_volume_discount	1
https://searches.org.ai/FindSalesPriceListLinkedAccount	searches.org.ai	Search	FindSalesPriceListLinkedAccount	find_sales_price_list_linked_account	find_sales_price_list_linked_account	Search for find_sales_price_list_linked_account	1
https://searches.org.ai/FindSalesItemPrice	searches.org.ai	Search	FindSalesItemPrice	find_sales_item_price	find_sales_item_price	Search for find_sales_item_price	1
https://searches.org.ai/FindSalesorderline	searches.org.ai	Search	FindSalesorderline	find_salesorderline	find_salesorderline	Search for find_salesorderline	1
https://searches.org.ai/FindDivisions	searches.org.ai	Search	FindDivisions	find_divisions	find_divisions	Search for find_divisions	1
https://searches.org.ai/FindPurchaseinvoice	searches.org.ai	Search	FindPurchaseinvoice	find_purchaseinvoice	find_purchaseinvoice	Search for find_purchaseinvoice	1
https://searches.org.ai/FindAccounts	searches.org.ai	Search	FindAccounts	find_accounts	find_accounts	Search for find_accounts	1
https://searches.org.ai/FindAddresses	searches.org.ai	Search	FindAddresses	find_addresses	find_addresses	Search for find_addresses	1
https://searches.org.ai/FindManyItems	searches.org.ai	Search	FindManyItems	find_many_items	find_many_items	Search for find_many_items	1
https://searches.org.ai/FindManyContacts	searches.org.ai	Search	FindManyContacts	find_many_contacts	find_many_contacts	Search for find_many_contacts	1
https://searches.org.ai/FindPurchaseEntryLine	searches.org.ai	Search	FindPurchaseEntryLine	find_purchase_entry_line	find_purchase_entry_line	Search for find_purchase_entry_line	1
https://searches.org.ai/FindItemGroup	searches.org.ai	Search	FindItemGroup	find_item_group	find_item_group	Search for find_item_group	1
https://searches.org.ai/FindGoodsDeliveryLine	searches.org.ai	Search	FindGoodsDeliveryLine	find_goods_delivery_line	find_goods_delivery_line	Search for find_goods_delivery_line	1
https://searches.org.ai/FindGoodsReceipt	searches.org.ai	Search	FindGoodsReceipt	find_goods_receipt	find_goods_receipt	Search for find_goods_receipt	1
https://searches.org.ai/FindManySalesinvoices	searches.org.ai	Search	FindManySalesinvoices	find_many_salesinvoices	find_many_salesinvoices	Search for find_many_salesinvoices	1
https://searches.org.ai/FindManySalesinvoicelines	searches.org.ai	Search	FindManySalesinvoicelines	find_many_salesinvoicelines	find_many_salesinvoicelines	Search for find_many_salesinvoicelines	1
https://searches.org.ai/FindManyQuotations	searches.org.ai	Search	FindManyQuotations	find_many_quotations	find_many_quotations	Search for find_many_quotations	1
https://searches.org.ai/FindAccountclassifications	searches.org.ai	Search	FindAccountclassifications	find_accountclassifications	find_accountclassifications	Search for find_accountclassifications	1
https://searches.org.ai/FindTransactionLines	searches.org.ai	Search	FindTransactionLines	find_transaction_lines	find_transaction_lines	Search for find_transaction_lines	1
https://searches.org.ai/FindStockPosition	searches.org.ai	Search	FindStockPosition	find_stock_position	find_stock_position	Search for find_stock_position	1
https://searches.org.ai/FindProjectClassification	searches.org.ai	Search	FindProjectClassification	find_project_classification	find_project_classification	Search for find_project_classification	1
https://searches.org.ai/FindAccountManager	searches.org.ai	Search	FindAccountManager	find_account_manager	find_account_manager	Search for find_account_manager	1
https://searches.org.ai/FindBankEntries	searches.org.ai	Search	FindBankEntries	find_bank_entries	find_bank_entries	Search for find_bank_entries	1
https://searches.org.ai/FindBankEntryLines	searches.org.ai	Search	FindBankEntryLines	find_bank_entry_lines	find_bank_entry_lines	Search for find_bank_entry_lines	1
https://searches.org.ai/GetGlTotalsForPeriod	searches.org.ai	Search	GetGlTotalsForPeriod	get_gl_totals_for_period	get_gl_totals_for_period	Search for get_gl_totals_for_period	1
https://searches.org.ai/FindArticle	searches.org.ai	Search	FindArticle	find_article	find_article	Search for find_article	6
https://searches.org.ai/FindArticleV2	searches.org.ai	Search	FindArticleV2	find_article_v2	find_article_v2	Search for find_article_v2	1
https://searches.org.ai/FindCustomerByName	searches.org.ai	Search	FindCustomerByName	find_customer_by_name	find_customer_by_name	Search for find_customer_by_name	1
https://searches.org.ai/FindArticleByName	searches.org.ai	Search	FindArticleByName	find_article_by_name	find_article_by_name	Search for find_article_by_name	1
https://searches.org.ai/FindOrderV3	searches.org.ai	Search	FindOrderV3	find_order_v3	find_order_v3	Search for find_order_v3	1
https://searches.org.ai/Track	searches.org.ai	Search	Track	track	track	Search for track	1
https://searches.org.ai/Cart	searches.org.ai	Search	Cart	cart	cart	Search for cart	1
https://searches.org.ai/FindCommentByID	searches.org.ai	Search	FindCommentByID	find_comment_by_id	find_comment_by_id	Search for find_comment_by_id	1
https://searches.org.ai/FindThread	searches.org.ai	Search	FindThread	find_thread	find_thread	Search for find_thread	1
https://searches.org.ai/FindThreadByID	searches.org.ai	Search	FindThreadByID	find_thread_by_id	find_thread_by_id	Search for find_thread_by_id	1
https://searches.org.ai/FindConversationProperty	searches.org.ai	Search	FindConversationProperty	find_conversation_property	find_conversation_property	Search for find_conversation_property	1
https://searches.org.ai/FindSalesorder	searches.org.ai	Search	FindSalesorder	find_salesorder	find_salesorder	Search for find_salesorder	1
https://searches.org.ai/ListObjects	searches.org.ai	Search	ListObjects	list_objects	list_objects	Search for list_objects	1
https://searches.org.ai/SrchFindcust	searches.org.ai	Search	SrchFindcust	srch_findcust	srch_findcust	Search for srch_findcust	1
https://searches.org.ai/ContactFind	searches.org.ai	Search	ContactFind	contact_find	contact_find	Search for contact_find	1
https://searches.org.ai/SearchStaffByInfo	searches.org.ai	Search	SearchStaffByInfo	search_staff_by_info	search_staff_by_info	Search for search_staff_by_info	1
https://searches.org.ai/SearchClientsByInfo	searches.org.ai	Search	SearchClientsByInfo	search_clients_by_info	search_clients_by_info	Search for search_clients_by_info	1
https://searches.org.ai/SearchEventTypeByName	searches.org.ai	Search	SearchEventTypeByName	search_event_type_by_name	search_event_type_by_name	Search for search_event_type_by_name	1
https://searches.org.ai/SearchClientsByID	searches.org.ai	Search	SearchClientsByID	search_clients_by_id	search_clients_by_id	Search for search_clients_by_id	1
https://searches.org.ai/GetOffers	searches.org.ai	Search	GetOffers	get_offers	get_offers	Search for get_offers	1
https://searches.org.ai/GetMemberAccesses	searches.org.ai	Search	GetMemberAccesses	get_member_accesses	get_member_accesses	Search for get_member_accesses	1
https://searches.org.ai/GetPrograms	searches.org.ai	Search	GetPrograms	get_programs	get_programs	Search for get_programs	1
https://searches.org.ai/GetCoachingTypes	searches.org.ai	Search	GetCoachingTypes	get_coaching_types	get_coaching_types	Search for get_coaching_types	1
https://searches.org.ai/GetMemberProgress	searches.org.ai	Search	GetMemberProgress	get_member_progress	get_member_progress	Search for get_member_progress	1
https://searches.org.ai/GetProgram	searches.org.ai	Search	GetProgram	get_program	get_program	Search for get_program	1
https://searches.org.ai/GetOffer	searches.org.ai	Search	GetOffer	get_offer	get_offer	Search for get_offer	2
https://searches.org.ai/GetLeaderboard	searches.org.ai	Search	GetLeaderboard	get_leaderboard	get_leaderboard	Search for get_leaderboard	1
https://searches.org.ai/GetAdminDetails	searches.org.ai	Search	GetAdminDetails	get_admin_details	get_admin_details	Search for get_admin_details	1
https://searches.org.ai/GetPDF	searches.org.ai	Search	GetPDF	get_pdf	get_pdf	Search for get_pdf	1
https://searches.org.ai/GetUsers	searches.org.ai	Search	GetUsers	get_users	get_users	Search for get_users	6
https://searches.org.ai/FindAccountByName	searches.org.ai	Search	FindAccountByName	find_account_by_name	find_account_by_name	Search for find_account_by_name	1
https://searches.org.ai/FindBySku	searches.org.ai	Search	FindBySku	find_by_sku	find_by_sku	Search for find_by_sku	1
https://searches.org.ai/GetRenderTaskResults	searches.org.ai	Search	GetRenderTaskResults	get_render_task_results	get_render_task_results	Search for get_render_task_results	1
https://searches.org.ai/FindSales	searches.org.ai	Search	FindSales	find_sales	find_sales	Search for find_sales	1
https://searches.org.ai/FindCompanyName	searches.org.ai	Search	FindCompanyName	find_company_name	find_company_name	Search for find_company_name	1
https://searches.org.ai/FindContactEmail	searches.org.ai	Search	FindContactEmail	find_contact_email	find_contact_email	Search for find_contact_email	2
https://searches.org.ai/ValidateMembership	searches.org.ai	Search	ValidateMembership	validate_membership	validate_membership	Search for validate_membership	1
https://searches.org.ai/Service	searches.org.ai	Search	Service	service	service	Search for service	2
https://searches.org.ai/CallLog	searches.org.ai	Search	CallLog	call-log	call-log	Search for call-log	1
https://searches.org.ai/Customercreationsearch	searches.org.ai	Search	Customercreationsearch	customercreationsearch	customerCreationSearch	Search for customerCreationSearch	1
https://searches.org.ai/SalesInvoicesearch	searches.org.ai	Search	SalesInvoicesearch	sales_invoicesearch	sales_invoiceSearch	Search for sales_invoiceSearch	1
https://searches.org.ai/SalesQuotesearch	searches.org.ai	Search	SalesQuotesearch	sales_quotesearch	sales_quoteSearch	Search for sales_quoteSearch	1
https://searches.org.ai/CreatePurchaseInvoicesearch	searches.org.ai	Search	CreatePurchaseInvoicesearch	create_purchase_invoicesearch	create_purchase_invoiceSearch	Search for create_purchase_invoiceSearch	1
https://searches.org.ai/CreateContactPaymentsearch	searches.org.ai	Search	CreateContactPaymentsearch	create_contact_paymentsearch	create_contact_paymentSearch	Search for create_contact_paymentSearch	1
https://searches.org.ai/Servicesearch	searches.org.ai	Search	Servicesearch	servicesearch	serviceSearch	Search for serviceSearch	3
https://searches.org.ai/StockItemsearch	searches.org.ai	Search	StockItemsearch	stock_itemsearch	stock_itemSearch	Search for stock_itemSearch	2
https://searches.org.ai/Createledgeraccountsearch	searches.org.ai	Search	Createledgeraccountsearch	createledgeraccountsearch	createLedgerAccountSearch	Search for createLedgerAccountSearch	1
https://searches.org.ai/Vendorcreationsearch	searches.org.ai	Search	Vendorcreationsearch	vendorcreationsearch	vendorCreationSearch	Search for vendorCreationSearch	1
https://searches.org.ai/GetClips	searches.org.ai	Search	GetClips	get_clips	get_clips	Search for get_clips	2
https://searches.org.ai/GetProjectTranscript	searches.org.ai	Search	GetProjectTranscript	get_project_transcript	get_project_transcript	Search for get_project_transcript	1
https://searches.org.ai/GetClipTranscript	searches.org.ai	Search	GetClipTranscript	get_clip_transcript	get_clip_transcript	Search for get_clip_transcript	1
https://searches.org.ai/GetVideoWithCaption	searches.org.ai	Search	GetVideoWithCaption	get_video_with_caption	get_video_with_caption	Search for get_video_with_caption	1
https://searches.org.ai/Readsubscription	searches.org.ai	Search	Readsubscription	readsubscription	readSubscription	Search for readSubscription	1
https://searches.org.ai/Readuser	searches.org.ai	Search	Readuser	readuser	readUser	Search for readUser	1
https://searches.org.ai/Readorder	searches.org.ai	Search	Readorder	readorder	readOrder	Search for readOrder	2
https://searches.org.ai/Readorderitem	searches.org.ai	Search	Readorderitem	readorderitem	readOrderItem	Search for readOrderItem	1
https://searches.org.ai/FindRequest	searches.org.ai	Search	FindRequest	find_request	find_request	Search for find_request	4
https://searches.org.ai/Postsearch	searches.org.ai	Search	Postsearch	postsearch	postSearch	Search for postSearch	2
https://searches.org.ai/Ismemberofspace	searches.org.ai	Search	Ismemberofspace	ismemberofspace	isMemberOfSpace	Search for isMemberOfSpace	1
https://searches.org.ai/Hasbadge	searches.org.ai	Search	Hasbadge	hasbadge	hasBadge	Search for hasBadge	1
https://searches.org.ai/SearchCustomerOrder	searches.org.ai	Search	SearchCustomerOrder	search_customer_order	search_customer_order	Search for search_customer_order	1
https://searches.org.ai/Finduserbymemberid	searches.org.ai	Search	Finduserbymemberid	finduserbymemberid	findUserByMemberID	Search for findUserByMemberID	1
https://searches.org.ai/License	searches.org.ai	Search	License	license	license	Search for license	1
https://searches.org.ai/Release	searches.org.ai	Search	Release	release	release	Search for release	1
https://searches.org.ai/Artifact	searches.org.ai	Search	Artifact	artifact	artifact	Search for artifact	1
https://searches.org.ai/Entitlements	searches.org.ai	Search	Entitlements	entitlements	entitlements	Search for entitlements	1
https://searches.org.ai/Machine	searches.org.ai	Search	Machine	machine	machine	Search for machine	1
https://searches.org.ai/Findreferencebinder	searches.org.ai	Search	Findreferencebinder	findreferencebinder	findReferenceBinder	Search for findReferenceBinder	1
https://searches.org.ai/Findbindermembers	searches.org.ai	Search	Findbindermembers	findbindermembers	findBinderMembers	Search for findBinderMembers	1
https://searches.org.ai/FindBoard	searches.org.ai	Search	FindBoard	find_board	find_board	Search for find_board	5
https://searches.org.ai/FindCounty	searches.org.ai	Search	FindCounty	find_county	find_county	Search for find_county	1
https://searches.org.ai/Searchorderbynumber	searches.org.ai	Search	Searchorderbynumber	searchorderbynumber	searchOrderByNumber	Search for searchOrderByNumber	1
https://searches.org.ai/Searchorderbyexternalid	searches.org.ai	Search	Searchorderbyexternalid	searchorderbyexternalid	searchOrderByExternalId	Search for searchOrderByExternalId	2
https://searches.org.ai/Searchroutebycode	searches.org.ai	Search	Searchroutebycode	searchroutebycode	searchRouteByCode	Search for searchRouteByCode	1
https://searches.org.ai/SearchUsersByMail	searches.org.ai	Search	SearchUsersByMail	search_users_by_mail	search_users_by_mail	Search for search_users_by_mail	1
https://searches.org.ai/FindContactClient	searches.org.ai	Search	FindContactClient	find_contact_client	find_contact_client	Search for find_contact_client	1
https://searches.org.ai/FindSaleOrder	searches.org.ai	Search	FindSaleOrder	find_sale_order	find_sale_order	Search for find_sale_order	1
https://searches.org.ai/FindGoals	searches.org.ai	Search	FindGoals	find_goals	find_goals	Search for find_goals	1
https://searches.org.ai/FindCustomerEmail	searches.org.ai	Search	FindCustomerEmail	find_customer_email	find_customer_email	Search for find_customer_email	2
https://searches.org.ai/FindCustomerExid	searches.org.ai	Search	FindCustomerExid	find_customer_exid	find_customer_exid	Search for find_customer_exid	1
https://searches.org.ai/FindCustomerUUID	searches.org.ai	Search	FindCustomerUUID	find_customer_uuid	find_customer_uuid	Search for find_customer_uuid	1
https://searches.org.ai/GetMetric	searches.org.ai	Search	GetMetric	get_metric	get_metric	Search for get_metric	1
https://searches.org.ai/ListOpportunity	searches.org.ai	Search	ListOpportunity	list_opportunity	list_opportunity	Search for list_opportunity	1
https://searches.org.ai/ListCustomerTasks	searches.org.ai	Search	ListCustomerTasks	list_customer_tasks	list_customer_tasks	Search for list_customer_tasks	1
https://searches.org.ai/ContactByAttributeValue	searches.org.ai	Search	ContactByAttributeValue	contact_by_attribute_value	contact_by_attribute_value	Search for contact_by_attribute_value	1
https://searches.org.ai/ContactByName	searches.org.ai	Search	ContactByName	contact_by_name	contact_by_name	Search for contact_by_name	1
https://searches.org.ai/ContactByRecipientID	searches.org.ai	Search	ContactByRecipientID	contact_by_recipient_id	contact_by_recipient_id	Search for contact_by_recipient_id	1
https://searches.org.ai/AutomationByID	searches.org.ai	Search	AutomationByID	automation_by_id	automation_by_id	Search for automation_by_id	1
https://searches.org.ai/Workbook	searches.org.ai	Search	Workbook	workbook	workbook	Search for workbook	1
https://searches.org.ai/View	searches.org.ai	Search	View	view	view	Search for view	1
https://searches.org.ai/Contentsearch	searches.org.ai	Search	Contentsearch	contentsearch	contentSearch	Search for contentSearch	1
https://searches.org.ai/Itemsearch	searches.org.ai	Search	Itemsearch	itemsearch	itemSearch	Search for itemSearch	6
https://searches.org.ai/Rmasearch	searches.org.ai	Search	Rmasearch	rmasearch	rmaSearch	Search for rmaSearch	1
https://searches.org.ai/Findmultipleitems	searches.org.ai	Search	Findmultipleitems	findmultipleitems	findMultipleItems	Search for findMultipleItems	1
https://searches.org.ai/CoreMembersearch	searches.org.ai	Search	CoreMembersearch	core_membersearch	core_memberSearch	Search for core_memberSearch	1
https://searches.org.ai/BlogBlogsearch	searches.org.ai	Search	BlogBlogsearch	blog_blogsearch	blog_blogSearch	Search for blog_blogSearch	1
https://searches.org.ai/BlogCategorysearch	searches.org.ai	Search	BlogCategorysearch	blog_categorysearch	blog_categorySearch	Search for blog_categorySearch	1
https://searches.org.ai/CoreClubsearch	searches.org.ai	Search	CoreClubsearch	core_clubsearch	core_clubSearch	Search for core_clubSearch	1
https://searches.org.ai/ForumsTopicsearch	searches.org.ai	Search	ForumsTopicsearch	forums_topicsearch	forums_topicSearch	Search for forums_topicSearch	1
https://searches.org.ai/SearchDonation	searches.org.ai	Search	SearchDonation	search_donation	search_donation	Search for search_donation	1
https://searches.org.ai/SearchRegistrations	searches.org.ai	Search	SearchRegistrations	search_registrations	search_registrations	Search for search_registrations	1
https://searches.org.ai/LookupWebhookResource	searches.org.ai	Search	LookupWebhookResource	lookup_webhook_resource	lookup_webhook_resource	Search for lookup_webhook_resource	1
https://searches.org.ai/GetLeadByEmail	searches.org.ai	Search	GetLeadByEmail	get_lead_by_email	get_lead_by_email	Search for get_lead_by_email	1
https://searches.org.ai/GetLeadByPhoneNumber	searches.org.ai	Search	GetLeadByPhoneNumber	get_lead_by_phone_number	get_lead_by_phone_number	Search for get_lead_by_phone_number	1
https://searches.org.ai/GetLeadByID	searches.org.ai	Search	GetLeadByID	get_lead_by_id	get_lead_by_ID	Search for get_lead_by_ID	4
https://searches.org.ai/GetLeadTagsByEmail	searches.org.ai	Search	GetLeadTagsByEmail	get_lead_tags_by_email	get_lead_tags_by_email	Search for get_lead_tags_by_email	1
https://searches.org.ai/GetLeadTagsByPhoneNumber	searches.org.ai	Search	GetLeadTagsByPhoneNumber	get_lead_tags_by_phone_number	get_lead_tags_by_phone_number	Search for get_lead_tags_by_phone_number	1
https://searches.org.ai/GetLeadTagsByLeadid	searches.org.ai	Search	GetLeadTagsByLeadid	get_lead_tags_by_leadid	get_lead_tags_by_leadID	Search for get_lead_tags_by_leadID	1
https://searches.org.ai/EnrichContacts	searches.org.ai	Search	EnrichContacts	enrich_contacts	enrich_contacts	Search for enrich_contacts	1
https://searches.org.ai/EnrichCompanies	searches.org.ai	Search	EnrichCompanies	enrich_companies	enrich_companies	Search for enrich_companies	1
https://searches.org.ai/ProspectingContactsSearch	searches.org.ai	Search	ProspectingContactsSearch	prospecting_contacts_search	prospecting_contacts_search	Search for prospecting_contacts_search	1
https://searches.org.ai/Enrich	searches.org.ai	Search	Enrich	enrich	enrich	Search for enrich	2
https://searches.org.ai/CompanyEnrich	searches.org.ai	Search	CompanyEnrich	company_enrich	company_enrich	Search for company_enrich	1
https://searches.org.ai/Teammember	searches.org.ai	Search	Teammember	teammember	teammember	Search for teammember	1
https://searches.org.ai/Response	searches.org.ai	Search	Response	response	response	Search for response	1
https://searches.org.ai/ActivitySearch	searches.org.ai	Search	ActivitySearch	activity_search	activity_search	Search for activity_search	1
https://searches.org.ai/GetComments	searches.org.ai	Search	GetComments	get_comments	get_comments	Search for get_comments	2
https://searches.org.ai/Partnersearch	searches.org.ai	Search	Partnersearch	partnersearch	partnerSearch	Search for partnerSearch	1
https://searches.org.ai/Transactionsearch	searches.org.ai	Search	Transactionsearch	transactionsearch	transactionSearch	Search for transactionSearch	3
https://searches.org.ai/Partnerapplicationsearch	searches.org.ai	Search	Partnerapplicationsearch	partnerapplicationsearch	partnerApplicationSearch	Search for partnerApplicationSearch	1
https://searches.org.ai/Partnercontactsearch	searches.org.ai	Search	Partnercontactsearch	partnercontactsearch	partnerContactSearch	Search for partnerContactSearch	1
https://searches.org.ai/Certificationsearch	searches.org.ai	Search	Certificationsearch	certificationsearch	certificationSearch	Search for certificationSearch	1
https://searches.org.ai/SearchProspect	searches.org.ai	Search	SearchProspect	search_prospect	search_prospect	Search for search_prospect	3
https://searches.org.ai/SearchActiveUser	searches.org.ai	Search	SearchActiveUser	search_active_user	search_active_user	Search for search_active_user	1
https://searches.org.ai/SearchExpiredUser	searches.org.ai	Search	SearchExpiredUser	search_expired_user	search_expired_user	Search for search_expired_user	1
https://searches.org.ai/FindShipment	searches.org.ai	Search	FindShipment	find_shipment	find_shipment	Search for find_shipment	4
https://searches.org.ai/FindCart	searches.org.ai	Search	FindCart	find_cart	find_cart	Search for find_cart	1
https://searches.org.ai/CourtCaseFind	searches.org.ai	Search	CourtCaseFind	court_case_find	court_case_find	Search for court_case_find	1
https://searches.org.ai/CompanyFind	searches.org.ai	Search	CompanyFind	company_find	company_find	Search for company_find	1
https://searches.org.ai/JobFind	searches.org.ai	Search	JobFind	job_find	job_find	Search for job_find	1
https://searches.org.ai/Booking	searches.org.ai	Search	Booking	booking	booking	Search for booking	2
https://searches.org.ai/GetPageOrBlockData	searches.org.ai	Search	GetPageOrBlockData	get_page_or_block_data	get_page_or_block_data	Search for get_page_or_block_data	1
https://searches.org.ai/ProjectFiles	searches.org.ai	Search	ProjectFiles	project_files	project_files	Search for project_files	1
https://searches.org.ai/MarketplaceOrderItemGet	searches.org.ai	Search	MarketplaceOrderItemGet	marketplace_order_item_get	marketplace_order_item_get	Search for marketplace_order_item_get	1
https://searches.org.ai/FindSipuser	searches.org.ai	Search	FindSipuser	find_sipuser	find_sipuser	Search for find_sipuser	1
https://searches.org.ai/SearchOrganization	searches.org.ai	Search	SearchOrganization	search_organization	search_organization	Search for search_organization	2
https://searches.org.ai/FindOrCreateCustomer	searches.org.ai	Search	FindOrCreateCustomer	find_or_create_customer	find_or_create_customer	Search for find_or_create_customer	2
https://searches.org.ai/Invitationsearch	searches.org.ai	Search	Invitationsearch	invitationsearch	invitationSearch	Search for invitationSearch	2
https://searches.org.ai/GiftCard	searches.org.ai	Search	GiftCard	gift_card	gift_card	Search for gift_card	1
https://searches.org.ai/FindAsset	searches.org.ai	Search	FindAsset	find_asset	find_asset	Search for find_asset	11
https://searches.org.ai/FindPart	searches.org.ai	Search	FindPart	find_part	find_part	Search for find_part	1
https://searches.org.ai/FindAssessment	searches.org.ai	Search	FindAssessment	find_assessment	find_assessment	Search for find_assessment	2
https://searches.org.ai/Employee	searches.org.ai	Search	Employee	employee	employee	Search for employee	2
https://searches.org.ai/Lookupemployee	searches.org.ai	Search	Lookupemployee	lookupemployee	lookupemployee	Search for lookupemployee	1
https://searches.org.ai/GetEvent	searches.org.ai	Search	GetEvent	get_event	get_event	Search for get_event	5
https://searches.org.ai/GetRegistrant	searches.org.ai	Search	GetRegistrant	get_registrant	get_registrant	Search for get_registrant	1
https://searches.org.ai/Paymentmethodsearch	searches.org.ai	Search	Paymentmethodsearch	paymentmethodsearch	paymentMethodSearch	Search for paymentMethodSearch	1
https://searches.org.ai/Schedulesearch	searches.org.ai	Search	Schedulesearch	schedulesearch	scheduleSearch	Search for scheduleSearch	1
https://searches.org.ai/SearchRegistration	searches.org.ai	Search	SearchRegistration	search_registration	search_registration	Search for search_registration	1
https://searches.org.ai/FindClientByEmail	searches.org.ai	Search	FindClientByEmail	find_client_by_email	find_client_by_email	Search for find_client_by_email	1
https://searches.org.ai/SearchAddress	searches.org.ai	Search	SearchAddress	search_address	search_address	Search for search_address	1
https://searches.org.ai/SearchProperty	searches.org.ai	Search	SearchProperty	search_property	search_property	Search for search_property	1
https://searches.org.ai/SearchAppointment	searches.org.ai	Search	SearchAppointment	search_appointment	search_appointment	Search for search_appointment	1
https://searches.org.ai/SearchAssociation	searches.org.ai	Search	SearchAssociation	search_association	search_association	Search for search_association	1
https://searches.org.ai/GetLink	searches.org.ai	Search	GetLink	get_link	get_link	Search for get_link	1
https://searches.org.ai/Resource	searches.org.ai	Search	Resource	resource	resource	Search for resource	1
https://searches.org.ai/Location	searches.org.ai	Search	Location	location	location	Search for location	4
https://searches.org.ai/Fetchcustomer	searches.org.ai	Search	Fetchcustomer	fetchcustomer	fetchCustomer	Search for fetchCustomer	1
https://searches.org.ai/Fetchvisit	searches.org.ai	Search	Fetchvisit	fetchvisit	fetchVisit	Search for fetchVisit	1
https://searches.org.ai/SearchOrders	searches.org.ai	Search	SearchOrders	search_orders	search_orders	Search for search_orders	2
https://searches.org.ai/T2mFindShortURL	searches.org.ai	Search	T2mFindShortURL	t2m_find_short_url	t2m_find_short_url	Search for t2m_find_short_url	1
https://searches.org.ai/T2mSearchShortURL	searches.org.ai	Search	T2mSearchShortURL	t2m_search_short_url	t2m_search_short_url	Search for t2m_search_short_url	1
https://searches.org.ai/RetrieveDataFromFormFields	searches.org.ai	Search	RetrieveDataFromFormFields	retrieve_data_from_form_fields	retrieve_data_from_form_fields	Search for retrieve_data_from_form_fields	1
https://searches.org.ai/RetrieveAgreementsForAUser	searches.org.ai	Search	RetrieveAgreementsForAUser	retrieve_agreements_for_a_user	retrieve_agreements_for_a_user	Search for retrieve_agreements_for_a_user	1
https://searches.org.ai/RetrieveAgreementCurrentStatus	searches.org.ai	Search	RetrieveAgreementCurrentStatus	retrieve_agreement_current_status	retrieve_agreement_current_status	Search for retrieve_agreement_current_status	1
https://searches.org.ai/RetrieveURL	searches.org.ai	Search	RetrieveURL	retrieve_url	retrieve_url	Search for retrieve_url	1
https://searches.org.ai/RetrieveAllDocumentsOfAnAgreement	searches.org.ai	Search	RetrieveAllDocumentsOfAnAgreement	retrieve_all_documents_of_an_agreement	retrieve_all_documents_of_an_agreement	Search for retrieve_all_documents_of_an_agreement	1
https://searches.org.ai/Getraceparticipantcount	searches.org.ai	Search	Getraceparticipantcount	getraceparticipantcount	getRaceParticipantCount	Search for getRaceParticipantCount	1
https://searches.org.ai/Getraceparticipantcounts	searches.org.ai	Search	Getraceparticipantcounts	getraceparticipantcounts	getRaceParticipantCounts	Search for getRaceParticipantCounts	1
https://searches.org.ai/Findfundraiserbyid	searches.org.ai	Search	Findfundraiserbyid	findfundraiserbyid	findFundraiserByID	Search for findFundraiserByID	1
https://searches.org.ai/Supplier	searches.org.ai	Search	Supplier	supplier	supplier	Search for supplier	2
https://searches.org.ai/Article	searches.org.ai	Search	Article	article	article	Search for article	1
https://searches.org.ai/Customerinvoice	searches.org.ai	Search	Customerinvoice	customerinvoice	customerinvoice	Search for customerinvoice	1
https://searches.org.ai/Articlelineitemsupport	searches.org.ai	Search	Articlelineitemsupport	articlelineitemsupport	articleLineItemSupport	Search for articleLineItemSupport	1
https://searches.org.ai/GetMeetings	searches.org.ai	Search	GetMeetings	get_meetings	get_meetings	Search for get_meetings	2
https://searches.org.ai/GetHighlights	searches.org.ai	Search	GetHighlights	get_highlights	get_highlights	Search for get_highlights	1
https://searches.org.ai/TeamMeetings	searches.org.ai	Search	TeamMeetings	team_meetings	Team_Meetings	Search for Team_Meetings	1
https://searches.org.ai/GetTeams	searches.org.ai	Search	GetTeams	get_teams	get_teams	Search for get_teams	2
https://searches.org.ai/GetTranscripts	searches.org.ai	Search	GetTranscripts	get_transcripts	Get_Transcripts	Search for Get_Transcripts	1
https://searches.org.ai/Coursesearch	searches.org.ai	Search	Coursesearch	coursesearch	courseSearch	Search for courseSearch	2
https://searches.org.ai/ListTransactions	searches.org.ai	Search	ListTransactions	list_transactions	list_transactions	Search for list_transactions	1
https://searches.org.ai/TransactionsByID	searches.org.ai	Search	TransactionsByID	transactions_by_id	transactions_by_id	Search for transactions_by_id	1
https://searches.org.ai/ProgramInformation	searches.org.ai	Search	ProgramInformation	program_information	program_information	Search for program_information	1
https://searches.org.ai/Promotions	searches.org.ai	Search	Promotions	promotions	promotions	Search for promotions	1
https://searches.org.ai/CommissionGroups	searches.org.ai	Search	CommissionGroups	commission_groups	commission_groups	Search for commission_groups	1
https://searches.org.ai/PerformanceReport	searches.org.ai	Search	PerformanceReport	performance_report	performance_report	Search for performance_report	1
https://searches.org.ai/PerformanceReportPublishers	searches.org.ai	Search	PerformanceReportPublishers	performance_report_publishers	performance_report_publishers	Search for performance_report_publishers	1
https://searches.org.ai/SellerLead	searches.org.ai	Search	SellerLead	seller_lead	seller_lead	Search for seller_lead	1
https://searches.org.ai/BuyerLead	searches.org.ai	Search	BuyerLead	buyer_lead	buyer_lead	Search for buyer_lead	1
https://searches.org.ai/SearchDataItem	searches.org.ai	Search	SearchDataItem	search_data_item	search_data_item	Search for search_data_item	1
https://searches.org.ai/Sectionsearch	searches.org.ai	Search	Sectionsearch	sectionsearch	sectionSearch	Search for sectionSearch	2
https://searches.org.ai/Projectinternalsearch	searches.org.ai	Search	Projectinternalsearch	projectinternalsearch	projectInternalSearch	Search for projectInternalSearch	1
https://searches.org.ai/FetchUsers	searches.org.ai	Search	FetchUsers	fetch_users	fetch_users	Search for fetch_users	1
https://searches.org.ai/FetchRoleAssignments	searches.org.ai	Search	FetchRoleAssignments	fetch_role_assignments	fetch_role_assignments	Search for fetch_role_assignments	1
https://searches.org.ai/Findappointment	searches.org.ai	Search	Findappointment	findappointment	findappointment	Search for findappointment	2
https://searches.org.ai/Findnote	searches.org.ai	Search	Findnote	findnote	findnote	Search for findnote	1
https://searches.org.ai/Findcase	searches.org.ai	Search	Findcase	findcase	findcase	Search for findcase	1
https://searches.org.ai/Findopportunity	searches.org.ai	Search	Findopportunity	findopportunity	findopportunity	Search for findopportunity	2
https://searches.org.ai/FindWorkspace	searches.org.ai	Search	FindWorkspace	find_workspace	find_workspace	Search for find_workspace	3
https://searches.org.ai/GetContacts	searches.org.ai	Search	GetContacts	get_contacts	get_contacts	Search for get_contacts	6
https://searches.org.ai/FindChatroom	searches.org.ai	Search	FindChatroom	find_chatroom	find_chatroom	Search for find_chatroom	1
https://searches.org.ai/ListLineItemsOfInvoice	searches.org.ai	Search	ListLineItemsOfInvoice	list_line_items_of_invoice	list_line_items_of_invoice	Search for list_line_items_of_invoice	1
https://searches.org.ai/GetFormAnswers	searches.org.ai	Search	GetFormAnswers	get_form_answers	get_form_answers	Search for get_form_answers	1
https://searches.org.ai/FindContentItems	searches.org.ai	Search	FindContentItems	find_content_items	find_content_items	Search for find_content_items	1
https://searches.org.ai/FindTheAssignments	searches.org.ai	Search	FindTheAssignments	find_the_assignments	find_the_assignments	Search for find_the_assignments	1
https://searches.org.ai/FindTheTasks	searches.org.ai	Search	FindTheTasks	find_the_tasks	find_the_tasks	Search for find_the_tasks	1
https://searches.org.ai/FindSectionsOfAProject	searches.org.ai	Search	FindSectionsOfAProject	find_sections_of_a_project	find_sections_of_a_project	Search for find_sections_of_a_project	1
https://searches.org.ai/ListTaskComments	searches.org.ai	Search	ListTaskComments	list_task_comments	list_task_comments	Search for list_task_comments	1
https://searches.org.ai/GetSmartdoc	searches.org.ai	Search	GetSmartdoc	get_smartdoc	get_smartdoc	Search for get_smartdoc	1
https://searches.org.ai/RetrievesMessagesOfChatroom	searches.org.ai	Search	RetrievesMessagesOfChatroom	retrieves_messages_of_chatroom	retrieves_messages_of_chatroom	Search for retrieves_messages_of_chatroom	1
https://searches.org.ai/GetCompanies	searches.org.ai	Search	GetCompanies	get_companies	get_companies	Search for get_companies	1
https://searches.org.ai/RetrieveParticipants	searches.org.ai	Search	RetrieveParticipants	retrieve_participants	retrieve_participants	Search for retrieve_participants	1
https://searches.org.ai/GetProposalLineItems	searches.org.ai	Search	GetProposalLineItems	get_proposal_line_items	get_proposal_line_items	Search for get_proposal_line_items	1
https://searches.org.ai/RetrieveMembers	searches.org.ai	Search	RetrieveMembers	retrieve_members	retrieve_members	Search for retrieve_members	1
https://searches.org.ai/FindInvoiceitems	searches.org.ai	Search	FindInvoiceitems	find_invoiceitems	find_invoiceitems	Search for find_invoiceitems	1
https://searches.org.ai/FindJournalentry	searches.org.ai	Search	FindJournalentry	find_journalentry	find_journalentry	Search for find_journalentry	1
https://searches.org.ai/SearchActivity	searches.org.ai	Search	SearchActivity	search_activity	search_activity	Search for search_activity	2
https://searches.org.ai/SearchAllActivities	searches.org.ai	Search	SearchAllActivities	search_all_activities	search_all_activities	Search for search_all_activities	1
https://searches.org.ai/FindParticipants	searches.org.ai	Search	FindParticipants	find_participants	find_participants	Search for find_participants	1
https://searches.org.ai/FindDonation	searches.org.ai	Search	FindDonation	find_donation	find_donation	Search for find_donation	1
https://searches.org.ai/FindRentalPurchaseformAnswers	searches.org.ai	Search	FindRentalPurchaseformAnswers	find_rental_purchaseform_answers	find_rental_purchaseform_answers	Search for find_rental_purchaseform_answers	1
https://searches.org.ai/SearchMembershipExtraquestionsAnswers	searches.org.ai	Search	SearchMembershipExtraquestionsAnswers	search_membership_extraquestions_answers	search_membership_extraQuestions_answers	Search for search_membership_extraQuestions_answers	1
https://searches.org.ai/Schedule	searches.org.ai	Search	Schedule	schedule	schedule	Search for schedule	1
https://searches.org.ai/Findusersoncall	searches.org.ai	Search	Findusersoncall	findusersoncall	findUsersOnCall	Search for findUsersOnCall	1
https://searches.org.ai/Sequencesearch	searches.org.ai	Search	Sequencesearch	sequencesearch	sequenceSearch	Search for sequenceSearch	1
https://searches.org.ai/Fieldsearch	searches.org.ai	Search	Fieldsearch	fieldsearch	fieldSearch	Search for fieldSearch	2
https://searches.org.ai/Searchlayer	searches.org.ai	Search	Searchlayer	searchlayer	searchLayer	Search for searchLayer	1
https://searches.org.ai/Getcount	searches.org.ai	Search	Getcount	getcount	getCount	Search for getCount	1
https://searches.org.ai/FindBusinessunit	searches.org.ai	Search	FindBusinessunit	find_businessunit	find_businessunit	Search for find_businessunit	1
https://searches.org.ai/FindTimesheetGroup	searches.org.ai	Search	FindTimesheetGroup	find_timesheet_group	find_timesheet_group	Search for find_timesheet_group	1
https://searches.org.ai/FindOrCreateContact	searches.org.ai	Search	FindOrCreateContact	find_or_create_contact	find_or_create_contact	Search for find_or_create_contact	5
https://searches.org.ai/Companys	searches.org.ai	Search	Companys	companys	companys	Search for companys	1
https://searches.org.ai/CheckEmail	searches.org.ai	Search	CheckEmail	check_email	check_email	Search for check_email	2
https://searches.org.ai/FindSequence	searches.org.ai	Search	FindSequence	find_sequence	find_sequence	Search for find_sequence	2
https://searches.org.ai/FindCheckinPhotos	searches.org.ai	Search	FindCheckinPhotos	find_checkin_photos	find_checkin_photos	Search for find_checkin_photos	1
https://searches.org.ai/Searchtask	searches.org.ai	Search	Searchtask	searchtask	searchTask	Search for searchTask	3
https://searches.org.ai/Userbyid	searches.org.ai	Search	Userbyid	userbyid	userById	Search for userById	2
https://searches.org.ai/Companybykey	searches.org.ai	Search	Companybykey	companybykey	companyByKey	Search for companyByKey	2
https://searches.org.ai/Projectbyid	searches.org.ai	Search	Projectbyid	projectbyid	projectById	Search for projectById	2
https://searches.org.ai/Reportbyprojectid	searches.org.ai	Search	Reportbyprojectid	reportbyprojectid	reportByProjectId	Search for reportByProjectId	2
https://searches.org.ai/Imagesbyprojectid	searches.org.ai	Search	Imagesbyprojectid	imagesbyprojectid	imagesByProjectId	Search for imagesByProjectId	2
https://searches.org.ai/Mediametadatabyprojectid	searches.org.ai	Search	Mediametadatabyprojectid	mediametadatabyprojectid	mediaMetadataByProjectId	Search for mediaMetadataByProjectId	1
https://searches.org.ai/Fieldvaluesbyprojectid	searches.org.ai	Search	Fieldvaluesbyprojectid	fieldvaluesbyprojectid	fieldValuesByProjectId	Search for fieldValuesByProjectId	1
https://searches.org.ai/DownloadReport	searches.org.ai	Search	DownloadReport	download_report	download_report	Search for download_report	1
https://searches.org.ai/CouponRead	searches.org.ai	Search	CouponRead	coupon_read	coupon_read	Search for coupon_read	1
https://searches.org.ai/CouponSearch	searches.org.ai	Search	CouponSearch	coupon_search	coupon_search	Search for coupon_search	1
https://searches.org.ai/TransactionRead	searches.org.ai	Search	TransactionRead	transaction_read	transaction_read	Search for transaction_read	1
https://searches.org.ai/TransactionTicketsRead	searches.org.ai	Search	TransactionTicketsRead	transaction_tickets_read	transaction_tickets_read	Search for transaction_tickets_read	1
https://searches.org.ai/CustomerRead	searches.org.ai	Search	CustomerRead	customer_read	customer_read	Search for customer_read	1
https://searches.org.ai/CustomerSearch	searches.org.ai	Search	CustomerSearch	customer_search	customer_search	Search for customer_search	1
https://searches.org.ai/EventRead	searches.org.ai	Search	EventRead	event_read	event_read	Search for event_read	1
https://searches.org.ai/TicketRead	searches.org.ai	Search	TicketRead	ticket_read	ticket_read	Search for ticket_read	1
https://searches.org.ai/TicketSearch	searches.org.ai	Search	TicketSearch	ticket_search	ticket_search	Search for ticket_search	3
https://searches.org.ai/CheckoutRead	searches.org.ai	Search	CheckoutRead	checkout_read	checkout_read	Search for checkout_read	1
https://searches.org.ai/CheckoutSearch	searches.org.ai	Search	CheckoutSearch	checkout_search	checkout_search	Search for checkout_search	1
https://searches.org.ai/CheckoutTicketsRead	searches.org.ai	Search	CheckoutTicketsRead	checkout_tickets_read	checkout_tickets_read	Search for checkout_tickets_read	1
https://searches.org.ai/PurchaseintentRead	searches.org.ai	Search	PurchaseintentRead	purchaseintent_read	purchaseIntent_read	Search for purchaseIntent_read	1
https://searches.org.ai/PurchaseintentSearch	searches.org.ai	Search	PurchaseintentSearch	purchaseintent_search	purchaseIntent_search	Search for purchaseIntent_search	1
https://searches.org.ai/EventInfoRead	searches.org.ai	Search	EventInfoRead	event_info_read	event_info_read	Search for event_info_read	1
https://searches.org.ai/EventSearch	searches.org.ai	Search	EventSearch	event_search	event_search	Search for event_search	1
https://searches.org.ai/Findcontactbyemail	searches.org.ai	Search	Findcontactbyemail	findcontactbyemail	findcontactbyemail	Search for findcontactbyemail	1
https://searches.org.ai/FindContactByUniqueIdentifier	searches.org.ai	Search	FindContactByUniqueIdentifier	find_contact_by_unique_identifier	find_contact_by_unique_identifier	Search for find_contact_by_unique_identifier	1
https://searches.org.ai/FindOrderByOriginalOrderID	searches.org.ai	Search	FindOrderByOriginalOrderID	find_order_by_original_order_id	find_order_by_original_order_id	Search for find_order_by_original_order_id	1
https://searches.org.ai/Searchplanningbyid	searches.org.ai	Search	Searchplanningbyid	searchplanningbyid	searchPlanningById	Search for searchPlanningById	1
https://searches.org.ai/Deliverysearch	searches.org.ai	Search	Deliverysearch	deliverysearch	deliverySearch	Search for deliverySearch	1
https://searches.org.ai/Personb2csearch	searches.org.ai	Search	Personb2csearch	personb2csearch	personB2CSearch	Search for personB2CSearch	1
https://searches.org.ai/Rental	searches.org.ai	Search	Rental	rental	rental	Search for rental	1
https://searches.org.ai/Attendees	searches.org.ai	Search	Attendees	attendees	attendees	Search for attendees	1
https://searches.org.ai/Events	searches.org.ai	Search	Events	events	events	Search for events	2
https://searches.org.ai/Orders	searches.org.ai	Search	Orders	orders	orders	Search for orders	2
https://searches.org.ai/Getinvoices	searches.org.ai	Search	Getinvoices	getinvoices	getInvoices	Search for getInvoices	1
https://searches.org.ai/Getcustomers	searches.org.ai	Search	Getcustomers	getcustomers	getCustomers	Search for getCustomers	2
https://searches.org.ai/FindInterest	searches.org.ai	Search	FindInterest	find_interest	find_interest	Search for find_interest	1
https://searches.org.ai/Publicationbyid	searches.org.ai	Search	Publicationbyid	publicationbyid	publicationById	Search for publicationById	1
https://searches.org.ai/Publicationbyname	searches.org.ai	Search	Publicationbyname	publicationbyname	publicationByName	Search for publicationByName	1
https://searches.org.ai/Publicationbyurl	searches.org.ai	Search	Publicationbyurl	publicationbyurl	publicationByUrl	Search for publicationByUrl	1
https://searches.org.ai/Teamsearch	searches.org.ai	Search	Teamsearch	teamsearch	teamSearch	Search for teamSearch	8
https://searches.org.ai/Getcustomerbyid	searches.org.ai	Search	Getcustomerbyid	getcustomerbyid	getCustomerById	Search for getCustomerById	2
https://searches.org.ai/Getsitebyid	searches.org.ai	Search	Getsitebyid	getsitebyid	getSiteById	Search for getSiteById	1
https://searches.org.ai/Searchsite	searches.org.ai	Search	Searchsite	searchsite	searchSite	Search for searchSite	1
https://searches.org.ai/Getquotesforjob	searches.org.ai	Search	Getquotesforjob	getquotesforjob	getQuotesForJob	Search for getQuotesForJob	1
https://searches.org.ai/Searchjob	searches.org.ai	Search	Searchjob	searchjob	searchJob	Search for searchJob	1
https://searches.org.ai/Searchallquotes	searches.org.ai	Search	Searchallquotes	searchallquotes	searchAllQuotes	Search for searchAllQuotes	1
https://searches.org.ai/Activitysearch	searches.org.ai	Search	Activitysearch	activitysearch	activitySearch	Search for activitySearch	3
https://searches.org.ai/Catalogsearch	searches.org.ai	Search	Catalogsearch	catalogsearch	catalogSearch	Search for catalogSearch	1
https://searches.org.ai/Anagraphicemaillistsearch	searches.org.ai	Search	Anagraphicemaillistsearch	anagraphicemaillistsearch	anagraphicEmailListSearch	Search for anagraphicEmailListSearch	1
https://searches.org.ai/FindPersonByPhone	searches.org.ai	Search	FindPersonByPhone	find_person_by_phone	find_person_by_phone	Search for find_person_by_phone	1
https://searches.org.ai/FindProjectByProjectID	searches.org.ai	Search	FindProjectByProjectID	find_project_by_project_id	find_project_by_project_id	Search for find_project_by_project_id	1
https://searches.org.ai/FindProjectByName	searches.org.ai	Search	FindProjectByName	find_project_by_name	find_project_by_name	Search for find_project_by_name	5
https://searches.org.ai/FindInvoiceTemplateByName	searches.org.ai	Search	FindInvoiceTemplateByName	find_invoice_template_by_name	find_invoice_template_by_name	Search for find_invoice_template_by_name	1
https://searches.org.ai/FindSplitFeeRecipientByName	searches.org.ai	Search	FindSplitFeeRecipientByName	find_split_fee_recipient_by_name	find_split_fee_recipient_by_name	Search for find_split_fee_recipient_by_name	1
https://searches.org.ai/FindOpportunityByOpportunityID	searches.org.ai	Search	FindOpportunityByOpportunityID	find_opportunity_by_opportunity_id	find_opportunity_by_opportunity_id	Search for find_opportunity_by_opportunity_id	1
https://searches.org.ai/FindCustomFieldValues	searches.org.ai	Search	FindCustomFieldValues	find_custom_field_values	find_custom_field_values	Search for find_custom_field_values	1
https://searches.org.ai/FindOffLimits	searches.org.ai	Search	FindOffLimits	find_off_limits	find_off_limits	Search for find_off_limits	1
https://searches.org.ai/FindPersonByLinkedin	searches.org.ai	Search	FindPersonByLinkedin	find_person_by_linkedin	find_person_by_linkedin	Search for find_person_by_linkedin	1
https://searches.org.ai/FindProjectByID	searches.org.ai	Search	FindProjectByID	find_project_by_id	find_project_by_id	Search for find_project_by_id	4
https://searches.org.ai/FindProjectBillingByID	searches.org.ai	Search	FindProjectBillingByID	find_project_billing_by_id	find_project_billing_by_id	Search for find_project_billing_by_id	1
https://searches.org.ai/FindCompanyByID	searches.org.ai	Search	FindCompanyByID	find_company_by_id	find_company_by_id	Search for find_company_by_id	3
https://searches.org.ai/FindProjectCandidatesByID	searches.org.ai	Search	FindProjectCandidatesByID	find_project_candidates_by_id	find_project_candidates_by_id	Search for find_project_candidates_by_id	1
https://searches.org.ai/FindOffLimitsV2	searches.org.ai	Search	FindOffLimitsV2	find_off_limits_v2	find_off_limits_v2	Search for find_off_limits_v2	1
https://searches.org.ai/FindPersonOffLimits	searches.org.ai	Search	FindPersonOffLimits	find_person_off_limits	find_person_off_limits	Search for find_person_off_limits	1
https://searches.org.ai/FindCustomFields	searches.org.ai	Search	FindCustomFields	find_custom_fields	find_custom_fields	Search for find_custom_fields	2
https://searches.org.ai/FindPersonByPhoneV3	searches.org.ai	Search	FindPersonByPhoneV3	find_person_by_phone_v3	find_person_by_phone_v3	Search for find_person_by_phone_v3	1
https://searches.org.ai/FindPersonByEmailV3	searches.org.ai	Search	FindPersonByEmailV3	find_person_by_email_v3	find_person_by_email_v3	Search for find_person_by_email_v3	1
https://searches.org.ai/FindPersonByIDV3	searches.org.ai	Search	FindPersonByIDV3	find_person_by_id_v3	find_person_by_id_v3	Search for find_person_by_id_v3	1
https://searches.org.ai/FindPersonByLinkedinV3	searches.org.ai	Search	FindPersonByLinkedinV3	find_person_by_linkedin_v3	find_person_by_linkedin_v3	Search for find_person_by_linkedin_v3	1
https://searches.org.ai/FindCompanyByNameV3	searches.org.ai	Search	FindCompanyByNameV3	find_company_by_name_v3	find_company_by_name_v3	Search for find_company_by_name_v3	1
https://searches.org.ai/FindCompanyByIDV3	searches.org.ai	Search	FindCompanyByIDV3	find_company_by_id_v3	find_company_by_id_v3	Search for find_company_by_id_v3	1
https://searches.org.ai/Analytics	searches.org.ai	Search	Analytics	analytics	analytics	Search for analytics	1
https://searches.org.ai/Journal	searches.org.ai	Search	Journal	journal	journal	Search for journal	1
https://searches.org.ai/GetIncidentByNumber	searches.org.ai	Search	GetIncidentByNumber	get_incident_by_number	get_incident_by_number	Search for get_incident_by_number	1
https://searches.org.ai/FindBranch	searches.org.ai	Search	FindBranch	find_branch	Find_Branch	Search for Find_Branch	2
https://searches.org.ai/Actions	searches.org.ai	Search	Actions	actions	actions	Search for actions	1
https://searches.org.ai/Select	searches.org.ai	Search	Select	select	select	Search for select	1
https://searches.org.ai/QueryV2	searches.org.ai	Search	QueryV2	query_v2	query_v2	Search for query_v2	1
https://searches.org.ai/SelectV2	searches.org.ai	Search	SelectV2	select_v2	select_v2	Search for select_v2	1
https://searches.org.ai/Emailaddressverifier	searches.org.ai	Search	Emailaddressverifier	emailaddressverifier	EmailAddressVerifier	Search for EmailAddressVerifier	1
https://searches.org.ai/Phonenumbersenricher	searches.org.ai	Search	Phonenumbersenricher	phonenumbersenricher	PhoneNumbersEnricher	Search for PhoneNumbersEnricher	1
https://searches.org.ai/Reversegeocoding	searches.org.ai	Search	Reversegeocoding	reversegeocoding	ReverseGeocoding	Search for ReverseGeocoding	1
https://searches.org.ai/Emailsandcontactsscraper	searches.org.ai	Search	Emailsandcontactsscraper	emailsandcontactsscraper	EmailsAndContactsScraper	Search for EmailsAndContactsScraper	1
https://searches.org.ai/Googlemapsplaces	searches.org.ai	Search	Googlemapsplaces	googlemapsplaces	GoogleMapsPlaces	Search for GoogleMapsPlaces	1
https://searches.org.ai/Googlemapsreviews	searches.org.ai	Search	Googlemapsreviews	googlemapsreviews	GoogleMapsReviews	Search for GoogleMapsReviews	1
https://searches.org.ai/Amazonreviews	searches.org.ai	Search	Amazonreviews	amazonreviews	AmazonReviews	Search for AmazonReviews	1
https://searches.org.ai/FindReport	searches.org.ai	Search	FindReport	find_report	find_report	Search for find_report	4
https://searches.org.ai/FindCaseOrIntakeByFirstParty	searches.org.ai	Search	FindCaseOrIntakeByFirstParty	find_case_or_intake_by_first_party	find_case_or_intake_by_first_party	Search for find_case_or_intake_by_first_party	1
https://searches.org.ai/FindCaseOrIntakeByNumber	searches.org.ai	Search	FindCaseOrIntakeByNumber	find_case_or_intake_by_number	find_case_or_intake_by_number	Search for find_case_or_intake_by_number	1
https://searches.org.ai/GetProjectStatus	searches.org.ai	Search	GetProjectStatus	get_project_status	get_project_status	Search for get_project_status	1
https://searches.org.ai/Getprojectdates	searches.org.ai	Search	Getprojectdates	getprojectdates	GetProjectDates	Search for GetProjectDates	1
https://searches.org.ai/GetProjectFinancialKPI	searches.org.ai	Search	GetProjectFinancialKPI	get_project_financial_kpi	Get_Project_Financial_KPI	Search for Get_Project_Financial_KPI	1
https://searches.org.ai/GetProjectInvoices	searches.org.ai	Search	GetProjectInvoices	get_project_invoices	get_project_invoices	Search for get_project_invoices	1
https://searches.org.ai/GetProjectInvoice	searches.org.ai	Search	GetProjectInvoice	get_project_invoice	get_project_invoice	Search for get_project_invoice	1
https://searches.org.ai/GetProjectPayments	searches.org.ai	Search	GetProjectPayments	get_project_payments	get_project_payments	Search for get_project_payments	1
https://searches.org.ai/GetProjectPayment	searches.org.ai	Search	GetProjectPayment	get_project_payment	get_project_payment	Search for get_project_payment	1
https://searches.org.ai/GetProjectExpenses	searches.org.ai	Search	GetProjectExpenses	get_project_expenses	get_project_expenses	Search for get_project_expenses	1
https://searches.org.ai/GetProjectExpense	searches.org.ai	Search	GetProjectExpense	get_project_expense	get_project_expense	Search for get_project_expense	1
https://searches.org.ai/GetAllProjects	searches.org.ai	Search	GetAllProjects	get_all_projects	get_all_projects	Search for get_all_projects	1
https://searches.org.ai/IPLookup	searches.org.ai	Search	IPLookup	ip_lookup	ip_lookup	Search for ip_lookup	2
https://searches.org.ai/AbuseLookup	searches.org.ai	Search	AbuseLookup	abuse_lookup	abuse_lookup	Search for abuse_lookup	1
https://searches.org.ai/AsnLookup	searches.org.ai	Search	AsnLookup	asn_lookup	asn_lookup	Search for asn_lookup	2
https://searches.org.ai/CarrierLookup	searches.org.ai	Search	CarrierLookup	carrier_lookup	carrier_lookup	Search for carrier_lookup	1
https://searches.org.ai/CompanyLookup	searches.org.ai	Search	CompanyLookup	company_lookup	company_lookup	Search for company_lookup	1
https://searches.org.ai/GeoLookup	searches.org.ai	Search	GeoLookup	geo_lookup	geo_lookup	Search for geo_lookup	1
https://searches.org.ai/DomainsLookup	searches.org.ai	Search	DomainsLookup	domains_lookup	domains_lookup	Search for domains_lookup	1
https://searches.org.ai/PrivacyLookup	searches.org.ai	Search	PrivacyLookup	privacy_lookup	privacy_lookup	Search for privacy_lookup	1
https://searches.org.ai/GetData	searches.org.ai	Search	GetData	get_data	get_data	Search for get_data	1
https://searches.org.ai/PhoneSearch	searches.org.ai	Search	PhoneSearch	phone_search	phone_search	Search for phone_search	2
https://searches.org.ai/DeviceSearch	searches.org.ai	Search	DeviceSearch	device_search	device_search	Search for device_search	1
https://searches.org.ai/ManagedobjectSearch	searches.org.ai	Search	ManagedobjectSearch	managedobject_search	managedObject_search	Search for managedObject_search	1
https://searches.org.ai/Guest	searches.org.ai	Search	Guest	guest	guest	Search for guest	4
https://searches.org.ai/Invitee	searches.org.ai	Search	Invitee	invitee	invitee	Search for invitee	1
https://searches.org.ai/Boardsearch	searches.org.ai	Search	Boardsearch	boardsearch	boardSearch	Search for boardSearch	1
https://searches.org.ai/Foldersearch	searches.org.ai	Search	Foldersearch	foldersearch	folderSearch	Search for folderSearch	5
https://searches.org.ai/Listsearch	searches.org.ai	Search	Listsearch	listsearch	listSearch	Search for listSearch	2
https://searches.org.ai/Docsearch	searches.org.ai	Search	Docsearch	docsearch	docSearch	Search for docSearch	1
https://searches.org.ai/Embedsearch	searches.org.ai	Search	Embedsearch	embedsearch	embedSearch	Search for embedSearch	1
https://searches.org.ai/Recurringinvoicesearch	searches.org.ai	Search	Recurringinvoicesearch	recurringinvoicesearch	recurringInvoiceSearch	Search for recurringInvoiceSearch	1
https://searches.org.ai/Templatesearch	searches.org.ai	Search	Templatesearch	templatesearch	templateSearch	Search for templateSearch	5
https://searches.org.ai/BoardMembershipsearch	searches.org.ai	Search	BoardMembershipsearch	board_membershipsearch	board_membershipSearch	Search for board_membershipSearch	1
https://searches.org.ai/BoardCustomFieldsearch	searches.org.ai	Search	BoardCustomFieldsearch	board_custom_fieldsearch	board_custom_fieldSearch	Search for board_custom_fieldSearch	1
https://searches.org.ai/CardLabelsearch	searches.org.ai	Search	CardLabelsearch	card_labelsearch	card_labelSearch	Search for card_labelSearch	1
https://searches.org.ai/CardMembersearch	searches.org.ai	Search	CardMembersearch	card_membersearch	card_memberSearch	Search for card_memberSearch	1
https://searches.org.ai/ConversationMembershipsearch	searches.org.ai	Search	ConversationMembershipsearch	conversation_membershipsearch	conversation_membershipSearch	Search for conversation_membershipSearch	1
https://searches.org.ai/DocMembershipsearch	searches.org.ai	Search	DocMembershipsearch	doc_membershipsearch	doc_membershipSearch	Search for doc_membershipSearch	1
https://searches.org.ai/EmbedMembershipsearch	searches.org.ai	Search	EmbedMembershipsearch	embed_membershipsearch	embed_membershipSearch	Search for embed_membershipSearch	1
https://searches.org.ai/FolderMembershipsearch	searches.org.ai	Search	FolderMembershipsearch	folder_membershipsearch	folder_membershipSearch	Search for folder_membershipSearch	1
https://searches.org.ai/InvoiceMembershipsearch	searches.org.ai	Search	InvoiceMembershipsearch	invoice_membershipsearch	invoice_membershipSearch	Search for invoice_membershipSearch	1
https://searches.org.ai/MilestoneMembershipsearch	searches.org.ai	Search	MilestoneMembershipsearch	milestone_membershipsearch	milestone_membershipSearch	Search for milestone_membershipSearch	1
https://searches.org.ai/FindContactRelatedEntities	searches.org.ai	Search	FindContactRelatedEntities	find_contact_related_entities	find_contact_related_entities	Search for find_contact_related_entities	1
https://searches.org.ai/FindCompanyRelatedEntities	searches.org.ai	Search	FindCompanyRelatedEntities	find_company_related_entities	find_company_related_entities	Search for find_company_related_entities	1
https://searches.org.ai/FindOpportunityRelatedEntities	searches.org.ai	Search	FindOpportunityRelatedEntities	find_opportunity_related_entities	find_opportunity_related_entities	Search for find_opportunity_related_entities	1
https://searches.org.ai/FindCustomObject	searches.org.ai	Search	FindCustomObject	find_custom_object	find_custom_object	Search for find_custom_object	1
https://searches.org.ai/FindCustomObjects	searches.org.ai	Search	FindCustomObjects	find_custom_objects	find_custom_objects	Search for find_custom_objects	1
https://searches.org.ai/FindCompanyRelatedOpportunities	searches.org.ai	Search	FindCompanyRelatedOpportunities	find_company_related_opportunities	find_company_related_opportunities	Search for find_company_related_opportunities	1
https://searches.org.ai/FindContactRecentInteractions	searches.org.ai	Search	FindContactRecentInteractions	find_contact_recent_interactions	find_contact_recent_interactions	Search for find_contact_recent_interactions	1
https://searches.org.ai/Groups	searches.org.ai	Search	Groups	groups	groups	Search for groups	2
https://searches.org.ai/Users	searches.org.ai	Search	Users	users	users	Search for users	6
https://searches.org.ai/GetAiropsAppExecution	searches.org.ai	Search	GetAiropsAppExecution	get_airops_app_execution	get_airops_app_execution	Search for get_airops_app_execution	1
https://searches.org.ai/FindListItem	searches.org.ai	Search	FindListItem	find_list_item	find_list_item	Search for find_list_item	1
https://searches.org.ai/FindInvoiceAdjustment	searches.org.ai	Search	FindInvoiceAdjustment	find_invoice_adjustment	find_invoice_adjustment	Search for find_invoice_adjustment	1
https://searches.org.ai/FindTimesheet	searches.org.ai	Search	FindTimesheet	find_timesheet	find_timesheet	Search for find_timesheet	3
https://searches.org.ai/FindTimeoffTypes	searches.org.ai	Search	FindTimeoffTypes	find_timeoff_types	find_timeoff_types	Search for find_timeoff_types	1
https://searches.org.ai/GetEntrepriseSiren	searches.org.ai	Search	GetEntrepriseSiren	get_entreprise_siren	get_entreprise_siren	Search for get_entreprise_siren	1
https://searches.org.ai/RechercheEntrepriseCriters	searches.org.ai	Search	RechercheEntrepriseCriters	recherche_entreprise_criters	recherche_entreprise_criters	Search for recherche_entreprise_criters	1
https://searches.org.ai/RechercheDirigeant	searches.org.ai	Search	RechercheDirigeant	recherche_dirigeant	Recherche_dirigeant	Search for Recherche_dirigeant	1
https://searches.org.ai/RechercheDocuments	searches.org.ai	Search	RechercheDocuments	recherche_documents	Recherche_documents	Search for Recherche_documents	1
https://searches.org.ai/RecherchePublicationsBodacc	searches.org.ai	Search	RecherchePublicationsBodacc	recherche_publications_bodacc	recherche_publications_bodacc	Search for recherche_publications_bodacc	1
https://searches.org.ai/TelechargerDocument	searches.org.ai	Search	TelechargerDocument	telecharger_document	telecharger_document	Search for telecharger_document	1
https://searches.org.ai/SearchAutocomplete	searches.org.ai	Search	SearchAutocomplete	search_autocomplete	Search_Autocomplete	Search for Search_Autocomplete	1
https://searches.org.ai/SearchUserByPhone	searches.org.ai	Search	SearchUserByPhone	search_user_by_phone	Search_user_by_phone	Search for Search_user_by_phone	1
https://searches.org.ai/FindConversationsByUser	searches.org.ai	Search	FindConversationsByUser	find_conversations_by_user	find_conversations_by_user	Search for find_conversations_by_user	1
https://searches.org.ai/SearchUserByEmail	searches.org.ai	Search	SearchUserByEmail	search_user_by_email	search_user_by_email	Search for search_user_by_email	4
https://searches.org.ai/GetMessagesInConversation	searches.org.ai	Search	GetMessagesInConversation	get_messages_in_conversation	Get_Messages_In_conversation	Search for Get_Messages_In_conversation	1
https://searches.org.ai/SearchQueue	searches.org.ai	Search	SearchQueue	search_queue	Search_queue	Search for Search_queue	1
https://searches.org.ai/GetActivitylog	searches.org.ai	Search	GetActivitylog	get_activitylog	get_activitylog	Search for get_activitylog	1
https://searches.org.ai/GetConversationRating	searches.org.ai	Search	GetConversationRating	get_conversation_rating	get_conversation_rating	Search for get_conversation_rating	1
https://searches.org.ai/GetConversationTags	searches.org.ai	Search	GetConversationTags	get_conversation_tags	get_conversation_tags	Search for get_conversation_tags	1
https://searches.org.ai/GetUserByID	searches.org.ai	Search	GetUserByID	get_user_by_id	get_user_by_id	Search for get_user_by_id	7
https://searches.org.ai/SearchConversation	searches.org.ai	Search	SearchConversation	search_conversation	search_conversation	Search for search_conversation	3
https://searches.org.ai/FindUserByExternalID	searches.org.ai	Search	FindUserByExternalID	find_user_by_external_id	find_user_by_external_id	Search for find_user_by_external_id	1
https://searches.org.ai/FindQuoteItem	searches.org.ai	Search	FindQuoteItem	find_quote_item	find_quote_item	Search for find_quote_item	1
https://searches.org.ai/FindOrderItem	searches.org.ai	Search	FindOrderItem	find_order_item	find_order_item	Search for find_order_item	1
https://searches.org.ai/FindCard	searches.org.ai	Search	FindCard	find_card	find_card	Search for find_card	7
https://searches.org.ai/SFindAddress	searches.org.ai	Search	SFindAddress	s_find_address	s_find_address	Search for s_find_address	1
https://searches.org.ai/GetDailyMetrics	searches.org.ai	Search	GetDailyMetrics	get_daily_metrics	get_daily_metrics	Search for get_daily_metrics	1
https://searches.org.ai/GetPostMetrics	searches.org.ai	Search	GetPostMetrics	get_post_metrics	get_post_metrics	Search for get_post_metrics	1
https://searches.org.ai/GetInbox	searches.org.ai	Search	GetInbox	get_inbox	get_inbox	Search for get_inbox	1
https://searches.org.ai/CustomersSearch	searches.org.ai	Search	CustomersSearch	customers_search	customers_search	Search for customers_search	1
https://searches.org.ai/InvoicesSearch	searches.org.ai	Search	InvoicesSearch	invoices_search	invoices_search	Search for invoices_search	1
https://searches.org.ai/SubscriptionsSearch	searches.org.ai	Search	SubscriptionsSearch	subscriptions_search	subscriptions_search	Search for subscriptions_search	1
https://searches.org.ai/TransactionsSearch	searches.org.ai	Search	TransactionsSearch	transactions_search	transactions_search	Search for transactions_search	1
https://searches.org.ai/QuoteSearchFind	searches.org.ai	Search	QuoteSearchFind	quote_search_find	quote_search_find	Search for quote_search_find	1
https://searches.org.ai/ContactSearchFind	searches.org.ai	Search	ContactSearchFind	contact_search_find	contact_search_find	Search for contact_search_find	1
https://searches.org.ai/FindCommentsForRequest	searches.org.ai	Search	FindCommentsForRequest	find_comments_for_request	find_comments_for_request	Search for find_comments_for_request	1
https://searches.org.ai/QueryVectorSearchIndex	searches.org.ai	Search	QueryVectorSearchIndex	query_vector_search_index	query_vector_search_index	Search for query_vector_search_index	1
https://searches.org.ai/QueryServingEndpoint	searches.org.ai	Search	QueryServingEndpoint	query_serving_endpoint	query_serving_endpoint	Search for query_serving_endpoint	1
https://searches.org.ai/QuerySQLWarehouse	searches.org.ai	Search	QuerySQLWarehouse	query_sql_warehouse	query_sql_warehouse	Search for query_sql_warehouse	1
https://searches.org.ai/QueryOnlineTable	searches.org.ai	Search	QueryOnlineTable	query_online_table	query_online_table	Search for query_online_table	1
https://searches.org.ai/GenieConversation	searches.org.ai	Search	GenieConversation	genie_conversation	genie_conversation	Search for genie_conversation	1
https://searches.org.ai/GenieFollowUp	searches.org.ai	Search	GenieFollowUp	genie_follow_up	genie_follow_up	Search for genie_follow_up	1
https://searches.org.ai/GetGenieSpaceV2	searches.org.ai	Search	GetGenieSpaceV2	get_genie_space_v2	get_genie_space_v2	Search for get_genie_space_v2	1
https://searches.org.ai/ListGenieSpaces	searches.org.ai	Search	ListGenieSpaces	list_genie_spaces	list_genie_spaces	Search for list_genie_spaces	1
https://searches.org.ai/Clicks	searches.org.ai	Search	Clicks	clicks	clicks	Search for clicks	1
https://searches.org.ai/Conversions	searches.org.ai	Search	Conversions	conversions	conversions	Search for conversions	1
https://searches.org.ai/Conversiontypes	searches.org.ai	Search	Conversiontypes	conversiontypes	conversionTypes	Search for conversionTypes	1
https://searches.org.ai/FindCategory	searches.org.ai	Search	FindCategory	find_category	find_category	Search for find_category	7
https://searches.org.ai/GetContactByID	searches.org.ai	Search	GetContactByID	get_contact_by_id	get_contact_by_id	Search for get_contact_by_id	6
https://searches.org.ai/GetContactByEmailAddress	searches.org.ai	Search	GetContactByEmailAddress	get_contact_by_email_address	get_contact_by_email_address	Search for get_contact_by_email_address	1
https://searches.org.ai/SearchFileMeta	searches.org.ai	Search	SearchFileMeta	search_file_meta	search_file_meta	Search for search_file_meta	1
https://searches.org.ai/FindPlan	searches.org.ai	Search	FindPlan	find_plan	find_plan	Search for find_plan	2
https://searches.org.ai/SearchAppointments	searches.org.ai	Search	SearchAppointments	search_appointments	search_appointments	Search for search_appointments	1
https://searches.org.ai/GetPropertyRecords	searches.org.ai	Search	GetPropertyRecords	get_property_records	get_property_records	Search for get_property_records	1
https://searches.org.ai/GetPropertyRecordsRandom	searches.org.ai	Search	GetPropertyRecordsRandom	get_property_records_random	get_property_records_random	Search for get_property_records_random	1
https://searches.org.ai/GetPropertyRecordByAddress	searches.org.ai	Search	GetPropertyRecordByAddress	get_property_record_by_address	get_property_record_by_address	Search for get_property_record_by_address	1
https://searches.org.ai/GetPropertyRecordByID	searches.org.ai	Search	GetPropertyRecordByID	get_property_record_by_id	get_property_record_by_id	Search for get_property_record_by_id	1
https://searches.org.ai/GetValueEstimate	searches.org.ai	Search	GetValueEstimate	get_value_estimate	get_value_estimate	Search for get_value_estimate	1
https://searches.org.ai/GetRentEstimateLongTerm	searches.org.ai	Search	GetRentEstimateLongTerm	get_rent_estimate_long_term	get_rent_estimate_long_term	Search for get_rent_estimate_long_term	1
https://searches.org.ai/GetSaleListings	searches.org.ai	Search	GetSaleListings	get_sale_listings	get_sale_listings	Search for get_sale_listings	1
https://searches.org.ai/GetSaleListingByAddress	searches.org.ai	Search	GetSaleListingByAddress	get_sale_listing_by_address	get_sale_listing_by_address	Search for get_sale_listing_by_address	1
https://searches.org.ai/GetSaleListingByID	searches.org.ai	Search	GetSaleListingByID	get_sale_listing_by_id	get_sale_listing_by_id	Search for get_sale_listing_by_id	1
https://searches.org.ai/GetRentalListingsLongTerm	searches.org.ai	Search	GetRentalListingsLongTerm	get_rental_listings_long_term	get_rental_listings_long_term	Search for get_rental_listings_long_term	1
https://searches.org.ai/GetRentalListingLongTermByAddress	searches.org.ai	Search	GetRentalListingLongTermByAddress	get_rental_listing_long_term_by_address	get_rental_listing_long_term_by_address	Search for get_rental_listing_long_term_by_address	1
https://searches.org.ai/GetRentalListingLongTermByID	searches.org.ai	Search	GetRentalListingLongTermByID	get_rental_listing_long_term_by_id	get_rental_listing_long_term_by_id	Search for get_rental_listing_long_term_by_id	1
https://searches.org.ai/GetMarketStatistics	searches.org.ai	Search	GetMarketStatistics	get_market_statistics	get_market_statistics	Search for get_market_statistics	1
https://searches.org.ai/Lookupipaddress	searches.org.ai	Search	Lookupipaddress	lookupipaddress	LookUpIPAddress	Search for LookUpIPAddress	1
https://searches.org.ai/Membershipsearch	searches.org.ai	Search	Membershipsearch	membershipsearch	membershipSearch	Search for membershipSearch	1
https://searches.org.ai/Bookingsearch	searches.org.ai	Search	Bookingsearch	bookingsearch	bookingSearch	Search for bookingSearch	7
https://searches.org.ai/GetTaskDetails	searches.org.ai	Search	GetTaskDetails	get_task_details	get_task_details	Search for get_task_details	1
https://searches.org.ai/SearchIqaResults	searches.org.ai	Search	SearchIqaResults	search_iqa_results	search_iqa_results	Search for search_iqa_results	1
https://searches.org.ai/FindCompanyRecord	searches.org.ai	Search	FindCompanyRecord	find_company_record	find_company_record	Search for find_company_record	1
https://searches.org.ai/Scrape	searches.org.ai	Search	Scrape	scrape	scrape	Search for scrape	1
https://searches.org.ai/Content	searches.org.ai	Search	Content	content	content	Search for content	2
https://searches.org.ai/Screenshot	searches.org.ai	Search	Screenshot	screenshot	screenshot	Search for screenshot	1
https://searches.org.ai/PDF	searches.org.ai	Search	PDF	pdf	pdf	Search for pdf	1
https://searches.org.ai/Stats	searches.org.ai	Search	Stats	stats	stats	Search for stats	1
https://searches.org.ai/Bql	searches.org.ai	Search	Bql	bql	bql	Search for bql	1
https://searches.org.ai/SearchPolicyContactID	searches.org.ai	Search	SearchPolicyContactID	search_policy_contact_id	search_policy_contact_id	Search for search_policy_contact_id	1
https://searches.org.ai/SearchPolicyDobZipLastname	searches.org.ai	Search	SearchPolicyDobZipLastname	search_policy_dob_zip_lastname	search_policy_dob_zip_lastname	Search for search_policy_dob_zip_lastname	1
https://searches.org.ai/GetCard	searches.org.ai	Search	GetCard	get_card	get_card	Search for get_card	1
https://searches.org.ai/GetAllCards	searches.org.ai	Search	GetAllCards	get_all_cards	get_all_cards	Search for get_all_cards	1
https://searches.org.ai/GetWorkflows	searches.org.ai	Search	GetWorkflows	get_workflows	get_workflows	Search for get_workflows	2
https://searches.org.ai/GetLanes	searches.org.ai	Search	GetLanes	get_lanes	get_lanes	Search for get_lanes	1
https://searches.org.ai/GetCardDetails	searches.org.ai	Search	GetCardDetails	get_card_details	get_card_details	Search for get_card_details	2
https://searches.org.ai/FindCardByCustomID	searches.org.ai	Search	FindCardByCustomID	find_card_by_custom_id	find_card_by_custom_id	Search for find_card_by_custom_id	1
https://searches.org.ai/GetCardComments	searches.org.ai	Search	GetCardComments	get_card_comments	get_card_comments	Search for get_card_comments	1
https://searches.org.ai/GetAllCardsV2	searches.org.ai	Search	GetAllCardsV2	get_all_cards_v2	get_all_cards_v2	Search for get_all_cards_v2	1
https://searches.org.ai/GetColumns	searches.org.ai	Search	GetColumns	get_columns	get_columns	Search for get_columns	1
https://searches.org.ai/ListCardAttachments	searches.org.ai	Search	ListCardAttachments	list_card_attachments	list_card_attachments	Search for list_card_attachments	1
https://searches.org.ai/XamaHubSearch	searches.org.ai	Search	XamaHubSearch	xama_hub_search	xama_hub_search	Search for xama_hub_search	1
https://searches.org.ai/GetCustomerid	searches.org.ai	Search	GetCustomerid	get_customerid	Get_CustomerID	Search for Get_CustomerID	1
https://searches.org.ai/GetProductid	searches.org.ai	Search	GetProductid	get_productid	Get_ProductID	Search for Get_ProductID	1
https://searches.org.ai/AgentSearch	searches.org.ai	Search	AgentSearch	agent_search	agent_search	Search for agent_search	1
https://searches.org.ai/GetJSONBin	searches.org.ai	Search	GetJSONBin	get_json_bin	get_json_bin	Search for get_json_bin	1
https://searches.org.ai/Contactsinlist	searches.org.ai	Search	Contactsinlist	contactsinlist	ContactsInList	Search for ContactsInList	1
https://searches.org.ai/GetCandidates	searches.org.ai	Search	GetCandidates	get_candidates	get_candidates	Search for get_candidates	1
https://searches.org.ai/GetResource	searches.org.ai	Search	GetResource	get_resource	get_resource	Search for get_resource	1
https://searches.org.ai/GetLog	searches.org.ai	Search	GetLog	get_log	get_log	Search for get_log	1
https://searches.org.ai/SearchEntry	searches.org.ai	Search	SearchEntry	search_entry	search_entry	Search for search_entry	2
https://searches.org.ai/FindExistingContactID	searches.org.ai	Search	FindExistingContactID	find_existing_contact_id	find_existing_contact_id	Search for find_existing_contact_id	1
https://searches.org.ai/FindReservation	searches.org.ai	Search	FindReservation	find_reservation	find_reservation	Search for find_reservation	3
https://searches.org.ai/FindListing	searches.org.ai	Search	FindListing	find_listing	find_listing	Search for find_listing	3
https://searches.org.ai/Customers	searches.org.ai	Search	Customers	customers	customers	Search for customers	1
https://searches.org.ai/Customerunique	searches.org.ai	Search	Customerunique	customerunique	customerUnique	Search for customerUnique	1
https://searches.org.ai/RetrievePeople	searches.org.ai	Search	RetrievePeople	retrieve_people	retrieve_people	Search for retrieve_people	1
https://searches.org.ai/RetrieveBlock	searches.org.ai	Search	RetrieveBlock	retrieve_block	retrieve_block	Search for retrieve_block	1
https://searches.org.ai/Peoplesearch	searches.org.ai	Search	Peoplesearch	peoplesearch	peopleSearch	Search for peopleSearch	1
https://searches.org.ai/SearchStaff	searches.org.ai	Search	SearchStaff	search_staff	search_staff	Search for search_staff	1
https://searches.org.ai/SearchMessage	searches.org.ai	Search	SearchMessage	search_message	search_message	Search for search_message	1
https://searches.org.ai/SearchContractor	searches.org.ai	Search	SearchContractor	search_contractor	search_contractor	Search for search_contractor	1
https://searches.org.ai/Student	searches.org.ai	Search	Student	student	student	Search for student	1
https://searches.org.ai/FindServiceobject	searches.org.ai	Search	FindServiceobject	find_serviceobject	find_serviceobject	Search for find_serviceobject	1
https://searches.org.ai/FindServicerequest	searches.org.ai	Search	FindServicerequest	find_servicerequest	find_servicerequest	Search for find_servicerequest	1
https://searches.org.ai/GetServicerequest	searches.org.ai	Search	GetServicerequest	get_servicerequest	get_servicerequest	Search for get_servicerequest	1
https://searches.org.ai/FindItemtype	searches.org.ai	Search	FindItemtype	find_itemtype	find_itemtype	Search for find_itemtype	1
https://searches.org.ai/FindBestTechnician	searches.org.ai	Search	FindBestTechnician	find_best_technician	find_best_technician	Search for find_best_technician	1
https://searches.org.ai/Loginsearch	searches.org.ai	Search	Loginsearch	loginsearch	loginSearch	Search for loginSearch	1
https://searches.org.ai/Videosearch	searches.org.ai	Search	Videosearch	videosearch	videoSearch	Search for videoSearch	1
https://searches.org.ai/Engagementsessionsearch	searches.org.ai	Search	Engagementsessionsearch	engagementsessionsearch	engagementSessionSearch	Search for engagementSessionSearch	1
https://searches.org.ai/AccessGrantsearch	searches.org.ai	Search	AccessGrantsearch	access_grantsearch	access_grantSearch	Search for access_grantSearch	1
https://searches.org.ai/PercentWatchedsearch	searches.org.ai	Search	PercentWatchedsearch	percent_watchedsearch	percent_watchedSearch	Search for percent_watchedSearch	1
https://searches.org.ai/GetEventViews	searches.org.ai	Search	GetEventViews	get_event_views	get_event_views	Search for get_event_views	1
https://searches.org.ai/GetLifetimeUsage	searches.org.ai	Search	GetLifetimeUsage	get_lifetime_usage	get_lifetime_usage	Search for get_lifetime_usage	1
https://searches.org.ai/GetEventParticipants	searches.org.ai	Search	GetEventParticipants	get_event_participants	get_event_participants	Search for get_event_participants	1
https://searches.org.ai/CallToolAsSearch	searches.org.ai	Search	CallToolAsSearch	call_tool_as_search	call_tool_as_search	Search for call_tool_as_search	1
https://searches.org.ai/Tablerowsearch	searches.org.ai	Search	Tablerowsearch	tablerowsearch	tableRowSearch	Search for tableRowSearch	1
https://searches.org.ai/ContactByID	searches.org.ai	Search	ContactByID	contact_by_id	contact_by_id	Search for contact_by_id	2
https://searches.org.ai/JobPipelineByID	searches.org.ai	Search	JobPipelineByID	job_pipeline_by_id	job_pipeline_by_id	Search for job_pipeline_by_id	1
https://searches.org.ai/JobByID	searches.org.ai	Search	JobByID	job_by_id	job_by_id	Search for job_by_id	1
https://searches.org.ai/ShipmentByID	searches.org.ai	Search	ShipmentByID	shipment_by_id	shipment_by_id	Search for shipment_by_id	1
https://searches.org.ai/SalesOrderByID	searches.org.ai	Search	SalesOrderByID	sales_order_by_id	sales_order_by_id	Search for sales_order_by_id	1
https://searches.org.ai/PurchaseOrderByID	searches.org.ai	Search	PurchaseOrderByID	purchase_order_by_id	purchase_order_by_id	Search for purchase_order_by_id	1
https://searches.org.ai/VendorByID	searches.org.ai	Search	VendorByID	vendor_by_id	vendor_by_id	Search for vendor_by_id	1
https://searches.org.ai/InvoiceByID	searches.org.ai	Search	InvoiceByID	invoice_by_id	invoice_by_id	Search for invoice_by_id	1
https://searches.org.ai/RecordSearchAction	searches.org.ai	Search	RecordSearchAction	record_search_action	record_search_action	Search for record_search_action	2
https://searches.org.ai/SearchAccounts	searches.org.ai	Search	SearchAccounts	search_accounts	search_accounts	Search for search_accounts	1
https://searches.org.ai/SearchOpportunityExtid	searches.org.ai	Search	SearchOpportunityExtid	search_opportunity_extid	search_opportunity_extid	Search for search_opportunity_extid	1
https://searches.org.ai/SearchAccountsExtid	searches.org.ai	Search	SearchAccountsExtid	search_accounts_extid	search_accounts_extid	Search for search_accounts_extid	1
https://searches.org.ai/SearchContactsAnyField	searches.org.ai	Search	SearchContactsAnyField	search_contacts_any_field	search_contacts_any_field	Search for search_contacts_any_field	1
https://searches.org.ai/SearchOpportunityAnyField	searches.org.ai	Search	SearchOpportunityAnyField	search_opportunity_any_field	search_opportunity_any_field	Search for search_opportunity_any_field	1
https://searches.org.ai/SearchContactsExtid	searches.org.ai	Search	SearchContactsExtid	search_contacts_extid	search_contacts_extid	Search for search_contacts_extid	1
https://searches.org.ai/SearchAccountsAnyField	searches.org.ai	Search	SearchAccountsAnyField	search_accounts_any_field	search_accounts_any_field	Search for search_accounts_any_field	1
https://searches.org.ai/FindEntity	searches.org.ai	Search	FindEntity	find_entity	find_entity	Search for find_entity	4
https://searches.org.ai/ListCountries	searches.org.ai	Search	ListCountries	list_countries	list_countries	Search for list_countries	1
https://searches.org.ai/ListCurrencies	searches.org.ai	Search	ListCurrencies	list_currencies	list_currencies	Search for list_currencies	1
https://searches.org.ai/ListTimezones	searches.org.ai	Search	ListTimezones	list_timezones	list_timezones	Search for list_timezones	1
https://searches.org.ai/ListUsers	searches.org.ai	Search	ListUsers	list_users	list_users	Search for list_users	6
https://searches.org.ai/Propertysearch	searches.org.ai	Search	Propertysearch	propertysearch	propertySearch	Search for propertySearch	3
https://searches.org.ai/CallLogSearch	searches.org.ai	Search	CallLogSearch	call_log_search	call_log_search	Search for call_log_search	1
https://searches.org.ai/CallbackSearch	searches.org.ai	Search	CallbackSearch	callback_search	callback_search	Search for callback_search	1
https://searches.org.ai/LeadRecordingsGet	searches.org.ai	Search	LeadRecordingsGet	lead_recordings_get	lead_recordings_get	Search for lead_recordings_get	1
https://searches.org.ai/UserRecordingsGet	searches.org.ai	Search	UserRecordingsGet	user_recordings_get	user_recordings_get	Search for user_recordings_get	1
https://searches.org.ai/AgentPerformance	searches.org.ai	Search	AgentPerformance	agent_performance	agent_performance	Search for agent_performance	1
https://searches.org.ai/CampaignSearch	searches.org.ai	Search	CampaignSearch	campaign_search	campaign_search	Search for campaign_search	3
https://searches.org.ai/DncSearch	searches.org.ai	Search	DncSearch	dnc_search	dnc_search	Search for dnc_search	1
https://searches.org.ai/ListSearch	searches.org.ai	Search	ListSearch	list_search	list_search	Search for list_search	3
https://searches.org.ai/StatusSearch	searches.org.ai	Search	StatusSearch	status_search	status_search	Search for status_search	1
https://searches.org.ai/GetCustomerDetails	searches.org.ai	Search	GetCustomerDetails	get_customer_details	get_customer_details	Search for get_customer_details	1
https://searches.org.ai/GetShippingAddress	searches.org.ai	Search	GetShippingAddress	get_shipping_address	get_shipping_address	Search for get_shipping_address	1
https://searches.org.ai/FindMarketingCampaign	searches.org.ai	Search	FindMarketingCampaign	find_marketing_campaign	find_marketing_campaign	Search for find_marketing_campaign	1
https://searches.org.ai/FindSalesLead	searches.org.ai	Search	FindSalesLead	find_sales_lead	find_sales_lead	Search for find_sales_lead	1
https://searches.org.ai/FindMarketingCampaignMember	searches.org.ai	Search	FindMarketingCampaignMember	find_marketing_campaign_member	find_marketing_campaign_member	Search for find_marketing_campaign_member	1
https://searches.org.ai/FindMarketingCampaignStatus	searches.org.ai	Search	FindMarketingCampaignStatus	find_marketing_campaign_status	find_marketing_campaign_status	Search for find_marketing_campaign_status	1
https://searches.org.ai/FindOrganisation	searches.org.ai	Search	FindOrganisation	find_organisation	find_organisation	Search for find_organisation	1
https://searches.org.ai/FindProjectTask	searches.org.ai	Search	FindProjectTask	find_project_task	find_project_task	Search for find_project_task	1
https://searches.org.ai/GetTimeLogs	searches.org.ai	Search	GetTimeLogs	get_time_logs	get_time_logs	Search for get_time_logs	1
https://searches.org.ai/GetUserByEmail	searches.org.ai	Search	GetUserByEmail	get_user_by_email	get_user_by_email	Search for get_user_by_email	6
https://searches.org.ai/ListEntries	searches.org.ai	Search	ListEntries	list_entries	list_entries	Search for list_entries	1
https://searches.org.ai/SearchEntriesByTag	searches.org.ai	Search	SearchEntriesByTag	search_entries_by_tag	search_entries_by_tag	Search for search_entries_by_tag	1
https://searches.org.ai/GetUserBySlug	searches.org.ai	Search	GetUserBySlug	get_user_by_slug	get_user_by_slug	Search for get_user_by_slug	2
https://searches.org.ai/GetAssignment	searches.org.ai	Search	GetAssignment	get_assignment	get_assignment	Search for get_assignment	2
https://searches.org.ai/RecuseAssignment	searches.org.ai	Search	RecuseAssignment	recuse_assignment	recuse_assignment	Search for recuse_assignment	2
https://searches.org.ai/GetClient	searches.org.ai	Search	GetClient	get_client	get_client	Search for get_client	2
https://searches.org.ai/GetInvoice	searches.org.ai	Search	GetInvoice	get_invoice	get_invoice	Search for get_invoice	9
https://searches.org.ai/FindNumber	searches.org.ai	Search	FindNumber	find_number	find_number	Search for find_number	2
https://searches.org.ai/SContactGet	searches.org.ai	Search	SContactGet	s_contact_get	s_contact_get	Search for s_contact_get	1
https://searches.org.ai/DataLeakSearch	searches.org.ai	Search	DataLeakSearch	data_leak_search	data_leak_search	Search for data_leak_search	1
https://searches.org.ai/IdentityBreachSearch	searches.org.ai	Search	IdentityBreachSearch	identity_breach_search	identity_breach_search	Search for identity_breach_search	1
https://searches.org.ai/VendorSearch	searches.org.ai	Search	VendorSearch	vendor_search	vendor_search	Search for vendor_search	1
https://searches.org.ai/VendorSearchHostname	searches.org.ai	Search	VendorSearchHostname	vendor_search_hostname	vendor_search_hostname	Search for vendor_search_hostname	1
https://searches.org.ai/Searchsubscriber	searches.org.ai	Search	Searchsubscriber	searchsubscriber	searchSubscriber	Search for searchSubscriber	1
https://searches.org.ai/SearchCustomers	searches.org.ai	Search	SearchCustomers	search_customers	search_customers	Search for search_customers	2
https://searches.org.ai/Findquote	searches.org.ai	Search	Findquote	findquote	findQuote	Search for findQuote	1
https://searches.org.ai/SearchVendor	searches.org.ai	Search	SearchVendor	search_vendor	search_vendor	Search for search_vendor	2
https://searches.org.ai/SearchTimeentry	searches.org.ai	Search	SearchTimeentry	search_timeentry	search_timeentry	Search for search_timeentry	1
https://searches.org.ai/SearchExpenseentry	searches.org.ai	Search	SearchExpenseentry	search_expenseentry	search_expenseentry	Search for search_expenseentry	1
https://searches.org.ai/SearchVendorbill	searches.org.ai	Search	SearchVendorbill	search_vendorbill	search_vendorbill	Search for search_vendorbill	1
https://searches.org.ai/SearchExpense	searches.org.ai	Search	SearchExpense	search_expense	search_expense	Search for search_expense	1
https://searches.org.ai/SearchJournal	searches.org.ai	Search	SearchJournal	search_journal	search_journal	Search for search_journal	1
https://searches.org.ai/SearchTodo	searches.org.ai	Search	SearchTodo	search_todo	search_todo	Search for search_todo	1
https://searches.org.ai/Searchpayment	searches.org.ai	Search	Searchpayment	searchpayment	SearchPayment	Search for SearchPayment	2
https://searches.org.ai/Searchbillpayment	searches.org.ai	Search	Searchbillpayment	searchbillpayment	SearchBillPayment	Search for SearchBillPayment	1
https://searches.org.ai/SearchCoa	searches.org.ai	Search	SearchCoa	search_coa	search_coa	Search for search_coa	1
https://searches.org.ai/SearchCheck	searches.org.ai	Search	SearchCheck	search_check	search_check	Search for search_check	1
https://searches.org.ai/SearchCreditcard	searches.org.ai	Search	SearchCreditcard	search_creditcard	search_creditcard	Search for search_creditcard	1
https://searches.org.ai/SearchDeposit	searches.org.ai	Search	SearchDeposit	search_deposit	search_deposit	Search for search_deposit	1
https://searches.org.ai/Department	searches.org.ai	Search	Department	department	department	Search for department	2
https://searches.org.ai/Vendors	searches.org.ai	Search	Vendors	vendors	vendors	Search for vendors	1
https://searches.org.ai/CardTransactions	searches.org.ai	Search	CardTransactions	card_transactions	card_transactions	Search for card_transactions	1
https://searches.org.ai/CashTransactions	searches.org.ai	Search	CashTransactions	cash_transactions	cash_transactions	Search for cash_transactions	1
https://searches.org.ai/CardNumber	searches.org.ai	Search	CardNumber	card_number	card_number	Search for card_number	1
https://searches.org.ai/GetBudget	searches.org.ai	Search	GetBudget	get_budget	get_budget	Search for get_budget	1
https://searches.org.ai/GetRelatedRecords	searches.org.ai	Search	GetRelatedRecords	get_related_records	get_related_records	Search for get_related_records	1
https://searches.org.ai/ProductsPartition	searches.org.ai	Search	ProductsPartition	products_partition	products_partition	Search for products_partition	1
https://searches.org.ai/Decision	searches.org.ai	Search	Decision	decision	decision	Search for decision	1
https://searches.org.ai/Replysearch	searches.org.ai	Search	Replysearch	replysearch	replySearch	Search for replySearch	1
https://searches.org.ai/Incidentsearch	searches.org.ai	Search	Incidentsearch	incidentsearch	incidentSearch	Search for incidentSearch	1
https://searches.org.ai/TranslateCustomFields	searches.org.ai	Search	TranslateCustomFields	translate_custom_fields	translate_custom_fields	Search for translate_custom_fields	1
https://searches.org.ai/FetchCustomer	searches.org.ai	Search	FetchCustomer	fetch_customer	fetch_customer	Search for fetch_customer	1
https://searches.org.ai/Barcode	searches.org.ai	Search	Barcode	barcode	barcode	Search for barcode	2
https://searches.org.ai/FindBanner	searches.org.ai	Search	FindBanner	find_banner	find_banner	Search for find_banner	1
https://searches.org.ai/FindTemplate	searches.org.ai	Search	FindTemplate	find_template	find_template	Search for find_template	7
https://searches.org.ai/FindFormat	searches.org.ai	Search	FindFormat	find_format	find_format	Search for find_format	1
https://searches.org.ai/Search	searches.org.ai	Search	Search	search	search	Search for search	5
https://searches.org.ai/FindDocuments	searches.org.ai	Search	FindDocuments	find_documents	find_documents	Search for find_documents	3
https://searches.org.ai/GetFeed	searches.org.ai	Search	GetFeed	get_feed	get_feed	Search for get_feed	1
https://searches.org.ai/FindQRCode	searches.org.ai	Search	FindQRCode	find_qr_code	find_qr_code	Search for find_qr_code	1
https://searches.org.ai/SearchClientTag	searches.org.ai	Search	SearchClientTag	search_client_tag	search_client_tag	Search for search_client_tag	1
https://searches.org.ai/SearchInsuranceCompany	searches.org.ai	Search	SearchInsuranceCompany	search_insurance_company	search_insurance_company	Search for search_insurance_company	1
https://searches.org.ai/SearchInsuranceCategory	searches.org.ai	Search	SearchInsuranceCategory	search_insurance_category	search_insurance_category	Search for search_insurance_category	1
https://searches.org.ai/SearchContractTag	searches.org.ai	Search	SearchContractTag	search_contract_tag	search_contract_tag	Search for search_contract_tag	1
https://searches.org.ai/SearchContract	searches.org.ai	Search	SearchContract	search_contract	search_contract	Search for search_contract	1
https://searches.org.ai/Course	searches.org.ai	Search	Course	course	course	Search for course	1
https://searches.org.ai/GetPostByURL	searches.org.ai	Search	GetPostByURL	get_post_by_url	get_post_by_url	Search for get_post_by_url	1
https://searches.org.ai/SearchTicket	searches.org.ai	Search	SearchTicket	search_ticket	search_ticket	Search for search_ticket	1
https://searches.org.ai/GetClientByName	searches.org.ai	Search	GetClientByName	get_client_by_name	get_client_by_name	Search for get_client_by_name	1
https://searches.org.ai/GetClientSiteByName	searches.org.ai	Search	GetClientSiteByName	get_client_site_by_name	get_client_site_by_name	Search for get_client_site_by_name	1
https://searches.org.ai/GetClientUserByName	searches.org.ai	Search	GetClientUserByName	get_client_user_by_name	get_client_user_by_name	Search for get_client_user_by_name	1
https://searches.org.ai/SearchClientuser	searches.org.ai	Search	SearchClientuser	search_clientuser	search_clientUser	Search for search_clientUser	1
https://searches.org.ai/SearchWorklog	searches.org.ai	Search	SearchWorklog	search_worklog	search_worklog	Search for search_worklog	1
https://searches.org.ai/AllowedServiceItem	searches.org.ai	Search	AllowedServiceItem	allowed_service_item	allowed_service_item	Search for allowed_service_item	1
https://searches.org.ai/GetAssetByName	searches.org.ai	Search	GetAssetByName	get_asset_by_name	get_asset_by_name	Search for get_asset_by_name	2
https://searches.org.ai/SearchTaxes	searches.org.ai	Search	SearchTaxes	search_taxes	search_taxes	Search for search_taxes	1
https://searches.org.ai/FindTaskName	searches.org.ai	Search	FindTaskName	find_task_name	find_task_name	Search for find_task_name	1
https://searches.org.ai/Any	searches.org.ai	Search	Any	any	any	Search for any	1
https://searches.org.ai/FindOwner	searches.org.ai	Search	FindOwner	find_owner	find_owner	Search for find_owner	4
https://searches.org.ai/FindProfiles	searches.org.ai	Search	FindProfiles	find_profiles	find_profiles	Search for find_profiles	1
https://searches.org.ai/GetBillingDocuments	searches.org.ai	Search	GetBillingDocuments	get_billing_documents	get_billing_documents	Search for get_billing_documents	1
https://searches.org.ai/GetCustomers	searches.org.ai	Search	GetCustomers	get_customers	get_customers	Search for get_customers	3
https://searches.org.ai/GetJobOffers	searches.org.ai	Search	GetJobOffers	get_job_offers	get_job_offers	Search for get_job_offers	1
https://searches.org.ai/GetBillingItems	searches.org.ai	Search	GetBillingItems	get_billing_items	get_billing_items	Search for get_billing_items	1
https://searches.org.ai/GetJobs	searches.org.ai	Search	GetJobs	get_jobs	get_jobs	Search for get_jobs	1
https://searches.org.ai/GetOrganizations	searches.org.ai	Search	GetOrganizations	get_organizations	get_organizations	Search for get_organizations	2
https://searches.org.ai/GetAppointments	searches.org.ai	Search	GetAppointments	get_appointments	get_appointments	Search for get_appointments	1
https://searches.org.ai/AITemplates	searches.org.ai	Search	AITemplates	ai_templates	ai_templates	Search for ai_templates	1
https://searches.org.ai/AITemplatesByID	searches.org.ai	Search	AITemplatesByID	ai_templates_by_id	ai_templates_by_id	Search for ai_templates_by_id	1
https://searches.org.ai/AITemplateResponse	searches.org.ai	Search	AITemplateResponse	ai_template_response	ai_template_response	Search for ai_template_response	1
https://searches.org.ai/Lookupipaddressbypackage	searches.org.ai	Search	Lookupipaddressbypackage	lookupipaddressbypackage	LookupIPAddressByPackage	Search for LookupIPAddressByPackage	1
https://searches.org.ai/Emailsearch	searches.org.ai	Search	Emailsearch	emailsearch	emailSearch	Search for emailSearch	2
https://searches.org.ai/Lettersearch	searches.org.ai	Search	Lettersearch	lettersearch	letterSearch	Search for letterSearch	1
https://searches.org.ai/Massemailsearch	searches.org.ai	Search	Massemailsearch	massemailsearch	massEmailSearch	Search for massEmailSearch	1
https://searches.org.ai/Phonecallsearch	searches.org.ai	Search	Phonecallsearch	phonecallsearch	phoneCallSearch	Search for phoneCallSearch	1
https://searches.org.ai/Pricelistsearch	searches.org.ai	Search	Pricelistsearch	pricelistsearch	pricelistSearch	Search for pricelistSearch	1
https://searches.org.ai/Salesordersearch	searches.org.ai	Search	Salesordersearch	salesordersearch	salesOrderSearch	Search for salesOrderSearch	1
https://searches.org.ai/Email	searches.org.ai	Search	Email	email	email	Search for email	4
https://searches.org.ai/Letter	searches.org.ai	Search	Letter	letter	letter	Search for letter	1
https://searches.org.ai/Massemail	searches.org.ai	Search	Massemail	massemail	massEmail	Search for massEmail	1
https://searches.org.ai/Meeting	searches.org.ai	Search	Meeting	meeting	meeting	Search for meeting	1
https://searches.org.ai/Quote	searches.org.ai	Search	Quote	quote	quote	Search for quote	1
https://searches.org.ai/Phonecall	searches.org.ai	Search	Phonecall	phonecall	phoneCall	Search for phoneCall	1
https://searches.org.ai/Pricelist	searches.org.ai	Search	Pricelist	pricelist	priceList	Search for priceList	1
https://searches.org.ai/Salesorder	searches.org.ai	Search	Salesorder	salesorder	salesOrder	Search for salesOrder	1
https://searches.org.ai/Invoicelightsearch	searches.org.ai	Search	Invoicelightsearch	invoicelightsearch	invoiceLightSearch	Search for invoiceLightSearch	1
https://searches.org.ai/Businesscaseparticipantsearch	searches.org.ai	Search	Businesscaseparticipantsearch	businesscaseparticipantsearch	businessCaseParticipantSearch	Search for businessCaseParticipantSearch	1
https://searches.org.ai/Projectparticipantsearch	searches.org.ai	Search	Projectparticipantsearch	projectparticipantsearch	projectParticipantSearch	Search for projectParticipantSearch	1
https://searches.org.ai/Invoicelight	searches.org.ai	Search	Invoicelight	invoicelight	invoiceLight	Search for invoiceLight	1
https://searches.org.ai/GetMeetingTypes2	searches.org.ai	Search	GetMeetingTypes2	get_meeting_types2	get_meeting_types2	Search for get_meeting_types2	1
https://searches.org.ai/Findresources2	searches.org.ai	Search	Findresources2	findresources2	findresources2	Search for findresources2	1
https://searches.org.ai/Findevents2	searches.org.ai	Search	Findevents2	findevents2	findevents2	Search for findevents2	1
https://searches.org.ai/FindApplicant	searches.org.ai	Search	FindApplicant	find_applicant	find_applicant	Search for find_applicant	2
https://searches.org.ai/ListLead	searches.org.ai	Search	ListLead	list_lead	list_lead	Search for list_lead	1
https://searches.org.ai/GetMembership	searches.org.ai	Search	GetMembership	get_membership	get_membership	Search for get_membership	1
https://searches.org.ai/GetCustomerPaymentMethod	searches.org.ai	Search	GetCustomerPaymentMethod	get_customer_payment_method	get_customer_payment_method	Search for get_customer_payment_method	1
https://searches.org.ai/FindResources	searches.org.ai	Search	FindResources	find_resources	find_resources	Search for find_resources	1
https://searches.org.ai/SearchProposal	searches.org.ai	Search	SearchProposal	search_proposal	search_proposal	Search for search_proposal	1
https://searches.org.ai/VerifyEmail	searches.org.ai	Search	VerifyEmail	verify_email	verify_email	Search for verify_email	2
https://searches.org.ai/Goalsearch	searches.org.ai	Search	Goalsearch	goalsearch	goalSearch	Search for goalSearch	1
https://searches.org.ai/Validateemail	searches.org.ai	Search	Validateemail	validateemail	validateEmail	Search for validateEmail	1
https://searches.org.ai/SearchPass	searches.org.ai	Search	SearchPass	search_pass	search_pass	Search for search_pass	1
https://searches.org.ai/Findcustomerbyemail	searches.org.ai	Search	Findcustomerbyemail	findcustomerbyemail	findCustomerByEmail	Search for findCustomerByEmail	1
https://searches.org.ai/Findcustomerbylastname	searches.org.ai	Search	Findcustomerbylastname	findcustomerbylastname	findCustomerByLastName	Search for findCustomerByLastName	1
https://searches.org.ai/Company	searches.org.ai	Search	Company	company	company	Search for company	6
https://searches.org.ai/Job	searches.org.ai	Search	Job	job	job	Search for job	2
https://searches.org.ai/Candidate	searches.org.ai	Search	Candidate	candidate	candidate	Search for candidate	1
https://searches.org.ai/Searchfirstcustomer	searches.org.ai	Search	Searchfirstcustomer	searchfirstcustomer	searchFirstCustomer	Search for searchFirstCustomer	1
https://searches.org.ai/Searchsinglecustomer	searches.org.ai	Search	Searchsinglecustomer	searchsinglecustomer	searchSingleCustomer	Search for searchSingleCustomer	1
https://searches.org.ai/Enquiries	searches.org.ai	Search	Enquiries	enquiries	enquiries	Search for enquiries	1
https://searches.org.ai/Sales	searches.org.ai	Search	Sales	sales	sales	Search for sales	1
https://searches.org.ai/Issues	searches.org.ai	Search	Issues	issues	issues	Search for issues	1
https://searches.org.ai/Taskgroupfind	searches.org.ai	Search	Taskgroupfind	taskgroupfind	taskGroupFind	Search for taskGroupFind	1
https://searches.org.ai/Taskfind	searches.org.ai	Search	Taskfind	taskfind	taskFind	Search for taskFind	1
https://searches.org.ai/Paymentfind	searches.org.ai	Search	Paymentfind	paymentfind	paymentFind	Search for paymentFind	1
https://searches.org.ai/Jobopeningfind	searches.org.ai	Search	Jobopeningfind	jobopeningfind	jobOpeningFind	Search for jobOpeningFind	1
https://searches.org.ai/Partnerfind	searches.org.ai	Search	Partnerfind	partnerfind	partnerFind	Search for partnerFind	1
https://searches.org.ai/FindPosts	searches.org.ai	Search	FindPosts	find_posts	find_posts	Search for find_posts	1
https://searches.org.ai/FindBoards	searches.org.ai	Search	FindBoards	find_boards	find_boards	Search for find_boards	2
https://searches.org.ai/Retrievelink	searches.org.ai	Search	Retrievelink	retrievelink	retrieveLink	Search for retrieveLink	1
https://searches.org.ai/ListAvailableApps	searches.org.ai	Search	ListAvailableApps	list_available_apps	list_available_apps	Search for list_available_apps	1
https://searches.org.ai/ListDevices	searches.org.ai	Search	ListDevices	list_devices	list_devices	Search for list_devices	1
https://searches.org.ai/GetDeviceDetails	searches.org.ai	Search	GetDeviceDetails	get_device_details	get_device_details	Search for get_device_details	1
https://searches.org.ai/ListInstallations	searches.org.ai	Search	ListInstallations	list_installations	list_installations	Search for list_installations	1
https://searches.org.ai/GetInstallationPreview	searches.org.ai	Search	GetInstallationPreview	get_installation_preview	get_installation_preview	Search for get_installation_preview	1
https://searches.org.ai/SearchUserByUsername	searches.org.ai	Search	SearchUserByUsername	search_user_by_username	search_user_by_username	Search for search_user_by_username	1
https://searches.org.ai/Api20250101resourcesapipublicwebhooksubscriptionsget	searches.org.ai	Search	Api20250101resourcesapipublicwebhooksubscriptionsget	api20250101resourcesapipublicwebhooksubscriptionsget	api20250101ResourcesApiPublicWebhookSubscriptionsGet	Search for api20250101ResourcesApiPublicWebhookSubscriptionsGet	1
https://searches.org.ai/Api20250101resourcesapipublicwebhooksubscriptionsidget	searches.org.ai	Search	Api20250101resourcesapipublicwebhooksubscriptionsidget	api20250101resourcesapipublicwebhooksubscriptionsidget	api20250101ResourcesApiPublicWebhookSubscriptionsIdGet	Search for api20250101ResourcesApiPublicWebhookSubscriptionsIdGet	1
https://searches.org.ai/Api20250101resourcesatsanswersget	searches.org.ai	Search	Api20250101resourcesatsanswersget	api20250101resourcesatsanswersget	api20250101ResourcesAtsAnswersGet	Search for api20250101ResourcesAtsAnswersGet	1
https://searches.org.ai/Api20250101resourcesatsanswersidget	searches.org.ai	Search	Api20250101resourcesatsanswersidget	api20250101resourcesatsanswersidget	api20250101ResourcesAtsAnswersIdGet	Search for api20250101ResourcesAtsAnswersIdGet	1
https://searches.org.ai/Api20250101resourcesatsapplicationsget	searches.org.ai	Search	Api20250101resourcesatsapplicationsget	api20250101resourcesatsapplicationsget	api20250101ResourcesAtsApplicationsGet	Search for api20250101ResourcesAtsApplicationsGet	1
https://searches.org.ai/Api20250101resourcesatsapplicationsidget	searches.org.ai	Search	Api20250101resourcesatsapplicationsidget	api20250101resourcesatsapplicationsidget	api20250101ResourcesAtsApplicationsIdGet	Search for api20250101ResourcesAtsApplicationsIdGet	1
https://searches.org.ai/Api20250101resourcesatsapplicationphasesget	searches.org.ai	Search	Api20250101resourcesatsapplicationphasesget	api20250101resourcesatsapplicationphasesget	api20250101ResourcesAtsApplicationPhasesGet	Search for api20250101ResourcesAtsApplicationPhasesGet	1
https://searches.org.ai/Api20250101resourcesatsapplicationphasesidget	searches.org.ai	Search	Api20250101resourcesatsapplicationphasesidget	api20250101resourcesatsapplicationphasesidget	api20250101ResourcesAtsApplicationPhasesIdGet	Search for api20250101ResourcesAtsApplicationPhasesIdGet	1
https://searches.org.ai/Api20250101resourcesatscandidatesget	searches.org.ai	Search	Api20250101resourcesatscandidatesget	api20250101resourcesatscandidatesget	api20250101ResourcesAtsCandidatesGet	Search for api20250101ResourcesAtsCandidatesGet	1
https://searches.org.ai/Api20250101resourcesatscandidatesidget	searches.org.ai	Search	Api20250101resourcesatscandidatesidget	api20250101resourcesatscandidatesidget	api20250101ResourcesAtsCandidatesIdGet	Search for api20250101ResourcesAtsCandidatesIdGet	1
https://searches.org.ai/Api20250101resourcesatscandidatesourcesget	searches.org.ai	Search	Api20250101resourcesatscandidatesourcesget	api20250101resourcesatscandidatesourcesget	api20250101ResourcesAtsCandidateSourcesGet	Search for api20250101ResourcesAtsCandidateSourcesGet	1
https://searches.org.ai/Api20250101resourcesatscandidatesourcesidget	searches.org.ai	Search	Api20250101resourcesatscandidatesourcesidget	api20250101resourcesatscandidatesourcesidget	api20250101ResourcesAtsCandidateSourcesIdGet	Search for api20250101ResourcesAtsCandidateSourcesIdGet	1
https://searches.org.ai/Api20250101resourcesatsevaluationformsget	searches.org.ai	Search	Api20250101resourcesatsevaluationformsget	api20250101resourcesatsevaluationformsget	api20250101ResourcesAtsEvaluationFormsGet	Search for api20250101ResourcesAtsEvaluationFormsGet	1
https://searches.org.ai/Api20250101resourcesatsevaluationformsidget	searches.org.ai	Search	Api20250101resourcesatsevaluationformsidget	api20250101resourcesatsevaluationformsidget	api20250101ResourcesAtsEvaluationFormsIdGet	Search for api20250101ResourcesAtsEvaluationFormsIdGet	1
https://searches.org.ai/Api20250101resourcesatsfeedbacksget	searches.org.ai	Search	Api20250101resourcesatsfeedbacksget	api20250101resourcesatsfeedbacksget	api20250101ResourcesAtsFeedbacksGet	Search for api20250101ResourcesAtsFeedbacksGet	1
https://searches.org.ai/Api20250101resourcesatsfeedbacksidget	searches.org.ai	Search	Api20250101resourcesatsfeedbacksidget	api20250101resourcesatsfeedbacksidget	api20250101ResourcesAtsFeedbacksIdGet	Search for api20250101ResourcesAtsFeedbacksIdGet	1
https://searches.org.ai/Api20250101resourcesatshiringstagesget	searches.org.ai	Search	Api20250101resourcesatshiringstagesget	api20250101resourcesatshiringstagesget	api20250101ResourcesAtsHiringStagesGet	Search for api20250101ResourcesAtsHiringStagesGet	1
https://searches.org.ai/Api20250101resourcesatshiringstagesidget	searches.org.ai	Search	Api20250101resourcesatshiringstagesidget	api20250101resourcesatshiringstagesidget	api20250101ResourcesAtsHiringStagesIdGet	Search for api20250101ResourcesAtsHiringStagesIdGet	1
https://searches.org.ai/Api20250101resourcesatsjobpostingsget	searches.org.ai	Search	Api20250101resourcesatsjobpostingsget	api20250101resourcesatsjobpostingsget	api20250101ResourcesAtsJobPostingsGet	Search for api20250101ResourcesAtsJobPostingsGet	1
https://searches.org.ai/Api20250101resourcesatsjobpostingsidget	searches.org.ai	Search	Api20250101resourcesatsjobpostingsidget	api20250101resourcesatsjobpostingsidget	api20250101ResourcesAtsJobPostingsIdGet	Search for api20250101ResourcesAtsJobPostingsIdGet	1
https://searches.org.ai/Api20250101resourcesatsmessagesget	searches.org.ai	Search	Api20250101resourcesatsmessagesget	api20250101resourcesatsmessagesget	api20250101ResourcesAtsMessagesGet	Search for api20250101ResourcesAtsMessagesGet	1
https://searches.org.ai/Api20250101resourcesatsmessagesidget	searches.org.ai	Search	Api20250101resourcesatsmessagesidget	api20250101resourcesatsmessagesidget	api20250101ResourcesAtsMessagesIdGet	Search for api20250101ResourcesAtsMessagesIdGet	1
https://searches.org.ai/Api20250101resourcesatsrejectionreasonsget	searches.org.ai	Search	Api20250101resourcesatsrejectionreasonsget	api20250101resourcesatsrejectionreasonsget	api20250101ResourcesAtsRejectionReasonsGet	Search for api20250101ResourcesAtsRejectionReasonsGet	1
https://searches.org.ai/Api20250101resourcesatsrejectionreasonsidget	searches.org.ai	Search	Api20250101resourcesatsrejectionreasonsidget	api20250101resourcesatsrejectionreasonsidget	api20250101ResourcesAtsRejectionReasonsIdGet	Search for api20250101ResourcesAtsRejectionReasonsIdGet	1
https://searches.org.ai/Api20250101resourcesattendancebreakconfigurationsget	searches.org.ai	Search	Api20250101resourcesattendancebreakconfigurationsget	api20250101resourcesattendancebreakconfigurationsget	api20250101ResourcesAttendanceBreakConfigurationsGet	Search for api20250101ResourcesAttendanceBreakConfigurationsGet	1
https://searches.org.ai/Api20250101resourcesattendancebreakconfigurationsidget	searches.org.ai	Search	Api20250101resourcesattendancebreakconfigurationsidget	api20250101resourcesattendancebreakconfigurationsidget	api20250101ResourcesAttendanceBreakConfigurationsIdGet	Search for api20250101ResourcesAttendanceBreakConfigurationsIdGet	1
https://searches.org.ai/Api20250101resourcesattendanceedittimesheetrequestsget	searches.org.ai	Search	Api20250101resourcesattendanceedittimesheetrequestsget	api20250101resourcesattendanceedittimesheetrequestsget	api20250101ResourcesAttendanceEditTimesheetRequestsGet	Search for api20250101ResourcesAttendanceEditTimesheetRequestsGet	1
https://searches.org.ai/Api20250101resourcesattendanceedittimesheetrequestsidget	searches.org.ai	Search	Api20250101resourcesattendanceedittimesheetrequestsidget	api20250101resourcesattendanceedittimesheetrequestsidget	api20250101ResourcesAttendanceEditTimesheetRequestsIdGet	Search for api20250101ResourcesAttendanceEditTimesheetRequestsIdGet	1
https://searches.org.ai/Api20250101resourcesattendanceestimatedtimesget	searches.org.ai	Search	Api20250101resourcesattendanceestimatedtimesget	api20250101resourcesattendanceestimatedtimesget	api20250101ResourcesAttendanceEstimatedTimesGet	Search for api20250101ResourcesAttendanceEstimatedTimesGet	1
https://searches.org.ai/Api20250101resourcesattendanceopenshiftsget	searches.org.ai	Search	Api20250101resourcesattendanceopenshiftsget	api20250101resourcesattendanceopenshiftsget	api20250101ResourcesAttendanceOpenShiftsGet	Search for api20250101ResourcesAttendanceOpenShiftsGet	1
https://searches.org.ai/Api20250101resourcesattendanceovertimerequestsget	searches.org.ai	Search	Api20250101resourcesattendanceovertimerequestsget	api20250101resourcesattendanceovertimerequestsget	api20250101ResourcesAttendanceOvertimeRequestsGet	Search for api20250101ResourcesAttendanceOvertimeRequestsGet	1
https://searches.org.ai/Api20250101resourcesattendanceovertimerequestsidget	searches.org.ai	Search	Api20250101resourcesattendanceovertimerequestsidget	api20250101resourcesattendanceovertimerequestsidget	api20250101ResourcesAttendanceOvertimeRequestsIdGet	Search for api20250101ResourcesAttendanceOvertimeRequestsIdGet	1
https://searches.org.ai/Api20250101resourcesattendanceshiftsget	searches.org.ai	Search	Api20250101resourcesattendanceshiftsget	api20250101resourcesattendanceshiftsget	api20250101ResourcesAttendanceShiftsGet	Search for api20250101ResourcesAttendanceShiftsGet	1
https://searches.org.ai/Api20250101resourcesattendanceshiftsidget	searches.org.ai	Search	Api20250101resourcesattendanceshiftsidget	api20250101resourcesattendanceshiftsidget	api20250101ResourcesAttendanceShiftsIdGet	Search for api20250101ResourcesAttendanceShiftsIdGet	1
https://searches.org.ai/Api20250101resourcesattendanceworkedtimesget	searches.org.ai	Search	Api20250101resourcesattendanceworkedtimesget	api20250101resourcesattendanceworkedtimesget	api20250101ResourcesAttendanceWorkedTimesGet	Search for api20250101ResourcesAttendanceWorkedTimesGet	1
https://searches.org.ai/Api20250101resourcesbookkeepersmanagementincidencesget	searches.org.ai	Search	Api20250101resourcesbookkeepersmanagementincidencesget	api20250101resourcesbookkeepersmanagementincidencesget	api20250101ResourcesBookkeepersManagementIncidencesGet	Search for api20250101ResourcesBookkeepersManagementIncidencesGet	1
https://searches.org.ai/Api20250101resourcesbookkeepersmanagementincidencesidget	searches.org.ai	Search	Api20250101resourcesbookkeepersmanagementincidencesidget	api20250101resourcesbookkeepersmanagementincidencesidget	api20250101ResourcesBookkeepersManagementIncidencesIdGet	Search for api20250101ResourcesBookkeepersManagementIncidencesIdGet	1
https://searches.org.ai/Api20250101resourcescompanieslegalentitiesget	searches.org.ai	Search	Api20250101resourcescompanieslegalentitiesget	api20250101resourcescompanieslegalentitiesget	api20250101ResourcesCompaniesLegalEntitiesGet	Search for api20250101ResourcesCompaniesLegalEntitiesGet	1
https://searches.org.ai/Api20250101resourcescompanieslegalentitiesidget	searches.org.ai	Search	Api20250101resourcescompanieslegalentitiesidget	api20250101resourcescompanieslegalentitiesidget	api20250101ResourcesCompaniesLegalEntitiesIdGet	Search for api20250101ResourcesCompaniesLegalEntitiesIdGet	1
https://searches.org.ai/Api20250101resourcescontractscompensationsget	searches.org.ai	Search	Api20250101resourcescontractscompensationsget	api20250101resourcescontractscompensationsget	api20250101ResourcesContractsCompensationsGet	Search for api20250101ResourcesContractsCompensationsGet	1
https://searches.org.ai/Api20250101resourcescontractscompensationsidget	searches.org.ai	Search	Api20250101resourcescontractscompensationsidget	api20250101resourcescontractscompensationsidget	api20250101ResourcesContractsCompensationsIdGet	Search for api20250101ResourcesContractsCompensationsIdGet	1
https://searches.org.ai/Api20250101resourcescontractscontractversionsget	searches.org.ai	Search	Api20250101resourcescontractscontractversionsget	api20250101resourcescontractscontractversionsget	api20250101ResourcesContractsContractVersionsGet	Search for api20250101ResourcesContractsContractVersionsGet	1
https://searches.org.ai/Api20250101resourcescontractscontractversionsidget	searches.org.ai	Search	Api20250101resourcescontractscontractversionsidget	api20250101resourcescontractscontractversionsidget	api20250101ResourcesContractsContractVersionsIdGet	Search for api20250101ResourcesContractsContractVersionsIdGet	1
https://searches.org.ai/Api20250101resourcescontractsfrenchcontracttypesget	searches.org.ai	Search	Api20250101resourcescontractsfrenchcontracttypesget	api20250101resourcescontractsfrenchcontracttypesget	api20250101ResourcesContractsFrenchContractTypesGet	Search for api20250101ResourcesContractsFrenchContractTypesGet	1
https://searches.org.ai/Api20250101resourcescontractsfrenchcontracttypesidget	searches.org.ai	Search	Api20250101resourcescontractsfrenchcontracttypesidget	api20250101resourcescontractsfrenchcontracttypesidget	api20250101ResourcesContractsFrenchContractTypesIdGet	Search for api20250101ResourcesContractsFrenchContractTypesIdGet	1
https://searches.org.ai/Api20250101resourcescontractsgermancontracttypesget	searches.org.ai	Search	Api20250101resourcescontractsgermancontracttypesget	api20250101resourcescontractsgermancontracttypesget	api20250101ResourcesContractsGermanContractTypesGet	Search for api20250101ResourcesContractsGermanContractTypesGet	1
https://searches.org.ai/Api20250101resourcescontractsgermancontracttypesidget	searches.org.ai	Search	Api20250101resourcescontractsgermancontracttypesidget	api20250101resourcescontractsgermancontracttypesidget	api20250101ResourcesContractsGermanContractTypesIdGet	Search for api20250101ResourcesContractsGermanContractTypesIdGet	1
https://searches.org.ai/Api20250101resourcescontractsportuguesecontracttypesget	searches.org.ai	Search	Api20250101resourcescontractsportuguesecontracttypesget	api20250101resourcescontractsportuguesecontracttypesget	api20250101ResourcesContractsPortugueseContractTypesGet	Search for api20250101ResourcesContractsPortugueseContractTypesGet	1
https://searches.org.ai/Api20250101resourcescontractsportuguesecontracttypesidget	searches.org.ai	Search	Api20250101resourcescontractsportuguesecontracttypesidget	api20250101resourcescontractsportuguesecontracttypesidget	api20250101ResourcesContractsPortugueseContractTypesIdGet	Search for api20250101ResourcesContractsPortugueseContractTypesIdGet	1
https://searches.org.ai/Api20250101resourcescontractsreferencecontractsget	searches.org.ai	Search	Api20250101resourcescontractsreferencecontractsget	api20250101resourcescontractsreferencecontractsget	api20250101ResourcesContractsReferenceContractsGet	Search for api20250101ResourcesContractsReferenceContractsGet	1
https://searches.org.ai/Api20250101resourcescontractsspanishcontracttypesget	searches.org.ai	Search	Api20250101resourcescontractsspanishcontracttypesget	api20250101resourcescontractsspanishcontracttypesget	api20250101ResourcesContractsSpanishContractTypesGet	Search for api20250101ResourcesContractsSpanishContractTypesGet	1
https://searches.org.ai/Api20250101resourcescontractsspanishcontracttypesidget	searches.org.ai	Search	Api20250101resourcescontractsspanishcontracttypesidget	api20250101resourcescontractsspanishcontracttypesidget	api20250101ResourcesContractsSpanishContractTypesIdGet	Search for api20250101ResourcesContractsSpanishContractTypesIdGet	1
https://searches.org.ai/Api20250101resourcescontractstaxonomiesget	searches.org.ai	Search	Api20250101resourcescontractstaxonomiesget	api20250101resourcescontractstaxonomiesget	api20250101ResourcesContractsTaxonomiesGet	Search for api20250101ResourcesContractsTaxonomiesGet	1
https://searches.org.ai/Api20250101resourcescontractstaxonomiesidget	searches.org.ai	Search	Api20250101resourcescontractstaxonomiesidget	api20250101resourcescontractstaxonomiesidget	api20250101ResourcesContractsTaxonomiesIdGet	Search for api20250101ResourcesContractsTaxonomiesIdGet	1
https://searches.org.ai/Api20250101resourcescustomfieldsfieldsget	searches.org.ai	Search	Api20250101resourcescustomfieldsfieldsget	api20250101resourcescustomfieldsfieldsget	api20250101ResourcesCustomFieldsFieldsGet	Search for api20250101ResourcesCustomFieldsFieldsGet	1
https://searches.org.ai/Api20250101resourcescustomfieldsfieldsidget	searches.org.ai	Search	Api20250101resourcescustomfieldsfieldsidget	api20250101resourcescustomfieldsfieldsidget	api20250101ResourcesCustomFieldsFieldsIdGet	Search for api20250101ResourcesCustomFieldsFieldsIdGet	1
https://searches.org.ai/Api20250101resourcescustomfieldsoptionsget	searches.org.ai	Search	Api20250101resourcescustomfieldsoptionsget	api20250101resourcescustomfieldsoptionsget	api20250101ResourcesCustomFieldsOptionsGet	Search for api20250101ResourcesCustomFieldsOptionsGet	1
https://searches.org.ai/Api20250101resourcescustomfieldsoptionsidget	searches.org.ai	Search	Api20250101resourcescustomfieldsoptionsidget	api20250101resourcescustomfieldsoptionsidget	api20250101ResourcesCustomFieldsOptionsIdGet	Search for api20250101ResourcesCustomFieldsOptionsIdGet	1
https://searches.org.ai/Api20250101resourcescustomfieldsresourcefieldsget	searches.org.ai	Search	Api20250101resourcescustomfieldsresourcefieldsget	api20250101resourcescustomfieldsresourcefieldsget	api20250101ResourcesCustomFieldsResourceFieldsGet	Search for api20250101ResourcesCustomFieldsResourceFieldsGet	1
https://searches.org.ai/Api20250101resourcescustomfieldsresourcefieldsidget	searches.org.ai	Search	Api20250101resourcescustomfieldsresourcefieldsidget	api20250101resourcescustomfieldsresourcefieldsidget	api20250101ResourcesCustomFieldsResourceFieldsIdGet	Search for api20250101ResourcesCustomFieldsResourceFieldsIdGet	1
https://searches.org.ai/Api20250101resourcescustomfieldsvaluesget	searches.org.ai	Search	Api20250101resourcescustomfieldsvaluesget	api20250101resourcescustomfieldsvaluesget	api20250101ResourcesCustomFieldsValuesGet	Search for api20250101ResourcesCustomFieldsValuesGet	1
https://searches.org.ai/Api20250101resourcescustomfieldsvaluesidget	searches.org.ai	Search	Api20250101resourcescustomfieldsvaluesidget	api20250101resourcescustomfieldsvaluesidget	api20250101ResourcesCustomFieldsValuesIdGet	Search for api20250101ResourcesCustomFieldsValuesIdGet	1
https://searches.org.ai/Api20250101resourcescustomresourcesschemasget	searches.org.ai	Search	Api20250101resourcescustomresourcesschemasget	api20250101resourcescustomresourcesschemasget	api20250101ResourcesCustomResourcesSchemasGet	Search for api20250101ResourcesCustomResourcesSchemasGet	1
https://searches.org.ai/Api20250101resourcescustomresourcesschemasidget	searches.org.ai	Search	Api20250101resourcescustomresourcesschemasidget	api20250101resourcescustomresourcesschemasidget	api20250101ResourcesCustomResourcesSchemasIdGet	Search for api20250101ResourcesCustomResourcesSchemasIdGet	1
https://searches.org.ai/Api20250101resourcescustomresourcesvaluesget	searches.org.ai	Search	Api20250101resourcescustomresourcesvaluesget	api20250101resourcescustomresourcesvaluesget	api20250101ResourcesCustomResourcesValuesGet	Search for api20250101ResourcesCustomResourcesValuesGet	1
https://searches.org.ai/Api20250101resourcescustomresourcesvaluesidget	searches.org.ai	Search	Api20250101resourcescustomresourcesvaluesidget	api20250101resourcescustomresourcesvaluesidget	api20250101ResourcesCustomResourcesValuesIdGet	Search for api20250101ResourcesCustomResourcesValuesIdGet	1
https://searches.org.ai/Api20250101resourcesdocumentsdocumentsget	searches.org.ai	Search	Api20250101resourcesdocumentsdocumentsget	api20250101resourcesdocumentsdocumentsget	api20250101ResourcesDocumentsDocumentsGet	Search for api20250101ResourcesDocumentsDocumentsGet	1
https://searches.org.ai/Api20250101resourcesdocumentsdocumentsidget	searches.org.ai	Search	Api20250101resourcesdocumentsdocumentsidget	api20250101resourcesdocumentsdocumentsidget	api20250101ResourcesDocumentsDocumentsIdGet	Search for api20250101ResourcesDocumentsDocumentsIdGet	1
https://searches.org.ai/Api20250101resourcesdocumentsfoldersget	searches.org.ai	Search	Api20250101resourcesdocumentsfoldersget	api20250101resourcesdocumentsfoldersget	api20250101ResourcesDocumentsFoldersGet	Search for api20250101ResourcesDocumentsFoldersGet	1
https://searches.org.ai/Api20250101resourcesdocumentsfoldersidget	searches.org.ai	Search	Api20250101resourcesdocumentsfoldersidget	api20250101resourcesdocumentsfoldersidget	api20250101ResourcesDocumentsFoldersIdGet	Search for api20250101ResourcesDocumentsFoldersIdGet	1
https://searches.org.ai/Api20250101resourcesemployeeupdatesabsencesget	searches.org.ai	Search	Api20250101resourcesemployeeupdatesabsencesget	api20250101resourcesemployeeupdatesabsencesget	api20250101ResourcesEmployeeUpdatesAbsencesGet	Search for api20250101ResourcesEmployeeUpdatesAbsencesGet	1
https://searches.org.ai/Api20250101resourcesemployeeupdatesabsencesidget	searches.org.ai	Search	Api20250101resourcesemployeeupdatesabsencesidget	api20250101resourcesemployeeupdatesabsencesidget	api20250101ResourcesEmployeeUpdatesAbsencesIdGet	Search for api20250101ResourcesEmployeeUpdatesAbsencesIdGet	1
https://searches.org.ai/Api20250101resourcesemployeeupdatescontractchangesget	searches.org.ai	Search	Api20250101resourcesemployeeupdatescontractchangesget	api20250101resourcesemployeeupdatescontractchangesget	api20250101ResourcesEmployeeUpdatesContractChangesGet	Search for api20250101ResourcesEmployeeUpdatesContractChangesGet	1
https://searches.org.ai/Api20250101resourcesemployeeupdatescontractchangesidget	searches.org.ai	Search	Api20250101resourcesemployeeupdatescontractchangesidget	api20250101resourcesemployeeupdatescontractchangesidget	api20250101ResourcesEmployeeUpdatesContractChangesIdGet	Search for api20250101ResourcesEmployeeUpdatesContractChangesIdGet	1
https://searches.org.ai/Api20250101resourcesemployeeupdatesnewhiresget	searches.org.ai	Search	Api20250101resourcesemployeeupdatesnewhiresget	api20250101resourcesemployeeupdatesnewhiresget	api20250101ResourcesEmployeeUpdatesNewHiresGet	Search for api20250101ResourcesEmployeeUpdatesNewHiresGet	1
https://searches.org.ai/Api20250101resourcesemployeeupdatesnewhiresidget	searches.org.ai	Search	Api20250101resourcesemployeeupdatesnewhiresidget	api20250101resourcesemployeeupdatesnewhiresidget	api20250101ResourcesEmployeeUpdatesNewHiresIdGet	Search for api20250101ResourcesEmployeeUpdatesNewHiresIdGet	1
https://searches.org.ai/Api20250101resourcesemployeeupdatespersonalchangesget	searches.org.ai	Search	Api20250101resourcesemployeeupdatespersonalchangesget	api20250101resourcesemployeeupdatespersonalchangesget	api20250101ResourcesEmployeeUpdatesPersonalChangesGet	Search for api20250101ResourcesEmployeeUpdatesPersonalChangesGet	1
https://searches.org.ai/Api20250101resourcesemployeeupdatespersonalchangesidget	searches.org.ai	Search	Api20250101resourcesemployeeupdatespersonalchangesidget	api20250101resourcesemployeeupdatespersonalchangesidget	api20250101ResourcesEmployeeUpdatesPersonalChangesIdGet	Search for api20250101ResourcesEmployeeUpdatesPersonalChangesIdGet	1
https://searches.org.ai/Api20250101resourcesemployeeupdatessummariesget	searches.org.ai	Search	Api20250101resourcesemployeeupdatessummariesget	api20250101resourcesemployeeupdatessummariesget	api20250101ResourcesEmployeeUpdatesSummariesGet	Search for api20250101ResourcesEmployeeUpdatesSummariesGet	1
https://searches.org.ai/Api20250101resourcesemployeeupdatessummariesidget	searches.org.ai	Search	Api20250101resourcesemployeeupdatessummariesidget	api20250101resourcesemployeeupdatessummariesidget	api20250101ResourcesEmployeeUpdatesSummariesIdGet	Search for api20250101ResourcesEmployeeUpdatesSummariesIdGet	1
https://searches.org.ai/Api20250101resourcesemployeeupdatesterminationsget	searches.org.ai	Search	Api20250101resourcesemployeeupdatesterminationsget	api20250101resourcesemployeeupdatesterminationsget	api20250101ResourcesEmployeeUpdatesTerminationsGet	Search for api20250101ResourcesEmployeeUpdatesTerminationsGet	1
https://searches.org.ai/Api20250101resourcesemployeeupdatesterminationsidget	searches.org.ai	Search	Api20250101resourcesemployeeupdatesterminationsidget	api20250101resourcesemployeeupdatesterminationsidget	api20250101ResourcesEmployeeUpdatesTerminationsIdGet	Search for api20250101ResourcesEmployeeUpdatesTerminationsIdGet	1
https://searches.org.ai/Api20250101resourcesemployeesemployeesget	searches.org.ai	Search	Api20250101resourcesemployeesemployeesget	api20250101resourcesemployeesemployeesget	api20250101ResourcesEmployeesEmployeesGet	Search for api20250101ResourcesEmployeesEmployeesGet	1
https://searches.org.ai/Api20250101resourcesemployeesemployeesidget	searches.org.ai	Search	Api20250101resourcesemployeesemployeesidget	api20250101resourcesemployeesemployeesidget	api20250101ResourcesEmployeesEmployeesIdGet	Search for api20250101ResourcesEmployeesEmployeesIdGet	1
https://searches.org.ai/Api20250101resourcesexpensesexpensablesget	searches.org.ai	Search	Api20250101resourcesexpensesexpensablesget	api20250101resourcesexpensesexpensablesget	api20250101ResourcesExpensesExpensablesGet	Search for api20250101ResourcesExpensesExpensablesGet	1
https://searches.org.ai/Api20250101resourcesexpensesexpensablesidget	searches.org.ai	Search	Api20250101resourcesexpensesexpensablesidget	api20250101resourcesexpensesexpensablesidget	api20250101ResourcesExpensesExpensablesIdGet	Search for api20250101ResourcesExpensesExpensablesIdGet	1
https://searches.org.ai/Api20250101resourcesexpensesexpensesget	searches.org.ai	Search	Api20250101resourcesexpensesexpensesget	api20250101resourcesexpensesexpensesget	api20250101ResourcesExpensesExpensesGet	Search for api20250101ResourcesExpensesExpensesGet	1
https://searches.org.ai/Api20250101resourcesexpensesexpensesidget	searches.org.ai	Search	Api20250101resourcesexpensesexpensesidget	api20250101resourcesexpensesexpensesidget	api20250101ResourcesExpensesExpensesIdGet	Search for api20250101ResourcesExpensesExpensesIdGet	1
https://searches.org.ai/Api20250101resourcesexpensesmileagesget	searches.org.ai	Search	Api20250101resourcesexpensesmileagesget	api20250101resourcesexpensesmileagesget	api20250101ResourcesExpensesMileagesGet	Search for api20250101ResourcesExpensesMileagesGet	1
https://searches.org.ai/Api20250101resourcesexpensesmileagesidget	searches.org.ai	Search	Api20250101resourcesexpensesmileagesidget	api20250101resourcesexpensesmileagesidget	api20250101ResourcesExpensesMileagesIdGet	Search for api20250101ResourcesExpensesMileagesIdGet	1
https://searches.org.ai/Api20250101resourcesexpensesperdiemsget	searches.org.ai	Search	Api20250101resourcesexpensesperdiemsget	api20250101resourcesexpensesperdiemsget	api20250101ResourcesExpensesPerDiemsGet	Search for api20250101ResourcesExpensesPerDiemsGet	1
https://searches.org.ai/Api20250101resourcesexpensesperdiemsidget	searches.org.ai	Search	Api20250101resourcesexpensesperdiemsidget	api20250101resourcesexpensesperdiemsidget	api20250101ResourcesExpensesPerDiemsIdGet	Search for api20250101ResourcesExpensesPerDiemsIdGet	1
https://searches.org.ai/Api20250101resourcesfinanceaccountsget	searches.org.ai	Search	Api20250101resourcesfinanceaccountsget	api20250101resourcesfinanceaccountsget	api20250101ResourcesFinanceAccountsGet	Search for api20250101ResourcesFinanceAccountsGet	1
https://searches.org.ai/Api20250101resourcesfinanceaccountsidget	searches.org.ai	Search	Api20250101resourcesfinanceaccountsidget	api20250101resourcesfinanceaccountsidget	api20250101ResourcesFinanceAccountsIdGet	Search for api20250101ResourcesFinanceAccountsIdGet	1
https://searches.org.ai/Api20250101resourcesfinancecostcentersget	searches.org.ai	Search	Api20250101resourcesfinancecostcentersget	api20250101resourcesfinancecostcentersget	api20250101ResourcesFinanceCostCentersGet	Search for api20250101ResourcesFinanceCostCentersGet	1
https://searches.org.ai/Api20250101resourcesfinancecostcentersidget	searches.org.ai	Search	Api20250101resourcesfinancecostcentersidget	api20250101resourcesfinancecostcentersidget	api20250101ResourcesFinanceCostCentersIdGet	Search for api20250101ResourcesFinanceCostCentersIdGet	1
https://searches.org.ai/Api20250101resourcesfinancecostcentermembershipsget	searches.org.ai	Search	Api20250101resourcesfinancecostcentermembershipsget	api20250101resourcesfinancecostcentermembershipsget	api20250101ResourcesFinanceCostCenterMembershipsGet	Search for api20250101ResourcesFinanceCostCenterMembershipsGet	1
https://searches.org.ai/Api20250101resourcesholidayscompanyholidaysget	searches.org.ai	Search	Api20250101resourcesholidayscompanyholidaysget	api20250101resourcesholidayscompanyholidaysget	api20250101ResourcesHolidaysCompanyHolidaysGet	Search for api20250101ResourcesHolidaysCompanyHolidaysGet	1
https://searches.org.ai/Api20250101resourcesholidayscompanyholidaysidget	searches.org.ai	Search	Api20250101resourcesholidayscompanyholidaysidget	api20250101resourcesholidayscompanyholidaysidget	api20250101ResourcesHolidaysCompanyHolidaysIdGet	Search for api20250101ResourcesHolidaysCompanyHolidaysIdGet	1
https://searches.org.ai/Api20250101resourcesjobcataloglevelsget	searches.org.ai	Search	Api20250101resourcesjobcataloglevelsget	api20250101resourcesjobcataloglevelsget	api20250101ResourcesJobCatalogLevelsGet	Search for api20250101ResourcesJobCatalogLevelsGet	1
https://searches.org.ai/Api20250101resourcesjobcataloglevelsidget	searches.org.ai	Search	Api20250101resourcesjobcataloglevelsidget	api20250101resourcesjobcataloglevelsidget	api20250101ResourcesJobCatalogLevelsIdGet	Search for api20250101ResourcesJobCatalogLevelsIdGet	1
https://searches.org.ai/Api20250101resourcesjobcatalogrolesget	searches.org.ai	Search	Api20250101resourcesjobcatalogrolesget	api20250101resourcesjobcatalogrolesget	api20250101ResourcesJobCatalogRolesGet	Search for api20250101ResourcesJobCatalogRolesGet	1
https://searches.org.ai/Api20250101resourcesjobcatalogrolesidget	searches.org.ai	Search	Api20250101resourcesjobcatalogrolesidget	api20250101resourcesjobcatalogrolesidget	api20250101ResourcesJobCatalogRolesIdGet	Search for api20250101ResourcesJobCatalogRolesIdGet	1
https://searches.org.ai/Api20250101resourceslocationslocationsget	searches.org.ai	Search	Api20250101resourceslocationslocationsget	api20250101resourceslocationslocationsget	api20250101ResourcesLocationsLocationsGet	Search for api20250101ResourcesLocationsLocationsGet	1
https://searches.org.ai/Api20250101resourceslocationslocationsidget	searches.org.ai	Search	Api20250101resourceslocationslocationsidget	api20250101resourceslocationslocationsidget	api20250101ResourcesLocationsLocationsIdGet	Search for api20250101ResourcesLocationsLocationsIdGet	1
https://searches.org.ai/Api20250101resourceslocationsworkareasget	searches.org.ai	Search	Api20250101resourceslocationsworkareasget	api20250101resourceslocationsworkareasget	api20250101ResourcesLocationsWorkAreasGet	Search for api20250101ResourcesLocationsWorkAreasGet	1
https://searches.org.ai/Api20250101resourceslocationsworkareasidget	searches.org.ai	Search	Api20250101resourceslocationsworkareasidget	api20250101resourceslocationsworkareasidget	api20250101ResourcesLocationsWorkAreasIdGet	Search for api20250101ResourcesLocationsWorkAreasIdGet	1
https://searches.org.ai/Api20250101resourcesmarketplaceinstallationsettingsget	searches.org.ai	Search	Api20250101resourcesmarketplaceinstallationsettingsget	api20250101resourcesmarketplaceinstallationsettingsget	api20250101ResourcesMarketplaceInstallationSettingsGet	Search for api20250101ResourcesMarketplaceInstallationSettingsGet	1
https://searches.org.ai/Api20250101resourcesmarketplacesettingsget	searches.org.ai	Search	Api20250101resourcesmarketplacesettingsget	api20250101resourcesmarketplacesettingsget	api20250101ResourcesMarketplaceSettingsGet	Search for api20250101ResourcesMarketplaceSettingsGet	1
https://searches.org.ai/Api20250101resourcespayrollemployeesidentifiersget	searches.org.ai	Search	Api20250101resourcespayrollemployeesidentifiersget	api20250101resourcespayrollemployeesidentifiersget	api20250101ResourcesPayrollEmployeesIdentifiersGet	Search for api20250101ResourcesPayrollEmployeesIdentifiersGet	1
https://searches.org.ai/Api20250101resourcespayrollemployeesidentifiersidget	searches.org.ai	Search	Api20250101resourcespayrollemployeesidentifiersidget	api20250101resourcespayrollemployeesidentifiersidget	api20250101ResourcesPayrollEmployeesIdentifiersIdGet	Search for api20250101ResourcesPayrollEmployeesIdentifiersIdGet	1
https://searches.org.ai/Api20250101resourcespayrollfamilysituationsget	searches.org.ai	Search	Api20250101resourcespayrollfamilysituationsget	api20250101resourcespayrollfamilysituationsget	api20250101ResourcesPayrollFamilySituationsGet	Search for api20250101ResourcesPayrollFamilySituationsGet	1
https://searches.org.ai/Api20250101resourcespayrollintegrationsbasecodesget	searches.org.ai	Search	Api20250101resourcespayrollintegrationsbasecodesget	api20250101resourcespayrollintegrationsbasecodesget	api20250101ResourcesPayrollIntegrationsBaseCodesGet	Search for api20250101ResourcesPayrollIntegrationsBaseCodesGet	1
https://searches.org.ai/Api20250101resourcespayrollsupplementsget	searches.org.ai	Search	Api20250101resourcespayrollsupplementsget	api20250101resourcespayrollsupplementsget	api20250101ResourcesPayrollSupplementsGet	Search for api20250101ResourcesPayrollSupplementsGet	1
https://searches.org.ai/Api20250101resourcespayrollsupplementsidget	searches.org.ai	Search	Api20250101resourcespayrollsupplementsidget	api20250101resourcespayrollsupplementsidget	api20250101ResourcesPayrollSupplementsIdGet	Search for api20250101ResourcesPayrollSupplementsIdGet	1
https://searches.org.ai/Api20250101resourcesperformanceagreementsget	searches.org.ai	Search	Api20250101resourcesperformanceagreementsget	api20250101resourcesperformanceagreementsget	api20250101ResourcesPerformanceAgreementsGet	Search for api20250101ResourcesPerformanceAgreementsGet	1
https://searches.org.ai/Api20250101resourcesperformanceagreementsidget	searches.org.ai	Search	Api20250101resourcesperformanceagreementsidget	api20250101resourcesperformanceagreementsidget	api20250101ResourcesPerformanceAgreementsIdGet	Search for api20250101ResourcesPerformanceAgreementsIdGet	1
https://searches.org.ai/Api20250101resourcesperformancecompanyemployeescorescalesget	searches.org.ai	Search	Api20250101resourcesperformancecompanyemployeescorescalesget	api20250101resourcesperformancecompanyemployeescorescalesget	api20250101ResourcesPerformanceCompanyEmployeeScoreScalesGet	Search for api20250101ResourcesPerformanceCompanyEmployeeScoreScalesGet	1
https://searches.org.ai/Api20250101resourcesperformancecompanyemployeescorescalesidget	searches.org.ai	Search	Api20250101resourcesperformancecompanyemployeescorescalesidget	api20250101resourcesperformancecompanyemployeescorescalesidget	api20250101ResourcesPerformanceCompanyEmployeeScoreScalesIdGet	Search for api20250101ResourcesPerformanceCompanyEmployeeScoreScalesIdGet	1
https://searches.org.ai/Api20250101resourcesperformanceemployeescorescalesget	searches.org.ai	Search	Api20250101resourcesperformanceemployeescorescalesget	api20250101resourcesperformanceemployeescorescalesget	api20250101ResourcesPerformanceEmployeeScoreScalesGet	Search for api20250101ResourcesPerformanceEmployeeScoreScalesGet	1
https://searches.org.ai/Api20250101resourcesperformanceemployeescorescalesidget	searches.org.ai	Search	Api20250101resourcesperformanceemployeescorescalesidget	api20250101resourcesperformanceemployeescorescalesidget	api20250101ResourcesPerformanceEmployeeScoreScalesIdGet	Search for api20250101ResourcesPerformanceEmployeeScoreScalesIdGet	1
https://searches.org.ai/Api20250101resourcesperformancereviewemployeescoresget	searches.org.ai	Search	Api20250101resourcesperformancereviewemployeescoresget	api20250101resourcesperformancereviewemployeescoresget	api20250101ResourcesPerformanceReviewEmployeeScoresGet	Search for api20250101ResourcesPerformanceReviewEmployeeScoresGet	1
https://searches.org.ai/Api20250101resourcesperformancereviewemployeescoresidget	searches.org.ai	Search	Api20250101resourcesperformancereviewemployeescoresidget	api20250101resourcesperformancereviewemployeescoresidget	api20250101ResourcesPerformanceReviewEmployeeScoresIdGet	Search for api20250101ResourcesPerformanceReviewEmployeeScoresIdGet	1
https://searches.org.ai/Api20250101resourcesperformancereviewevaluationsget	searches.org.ai	Search	Api20250101resourcesperformancereviewevaluationsget	api20250101resourcesperformancereviewevaluationsget	api20250101ResourcesPerformanceReviewEvaluationsGet	Search for api20250101ResourcesPerformanceReviewEvaluationsGet	1
https://searches.org.ai/Api20250101resourcesperformancereviewevaluationsidget	searches.org.ai	Search	Api20250101resourcesperformancereviewevaluationsidget	api20250101resourcesperformancereviewevaluationsidget	api20250101ResourcesPerformanceReviewEvaluationsIdGet	Search for api20250101ResourcesPerformanceReviewEvaluationsIdGet	1
https://searches.org.ai/Api20250101resourcesperformancereviewevaluationanswersget	searches.org.ai	Search	Api20250101resourcesperformancereviewevaluationanswersget	api20250101resourcesperformancereviewevaluationanswersget	api20250101ResourcesPerformanceReviewEvaluationAnswersGet	Search for api20250101ResourcesPerformanceReviewEvaluationAnswersGet	1
https://searches.org.ai/Api20250101resourcesperformancereviewownersget	searches.org.ai	Search	Api20250101resourcesperformancereviewownersget	api20250101resourcesperformancereviewownersget	api20250101ResourcesPerformanceReviewOwnersGet	Search for api20250101ResourcesPerformanceReviewOwnersGet	1
https://searches.org.ai/Api20250101resourcesperformancereviewprocessesget	searches.org.ai	Search	Api20250101resourcesperformancereviewprocessesget	api20250101resourcesperformancereviewprocessesget	api20250101ResourcesPerformanceReviewProcessesGet	Search for api20250101ResourcesPerformanceReviewProcessesGet	1
https://searches.org.ai/Api20250101resourcesperformancereviewprocessesidget	searches.org.ai	Search	Api20250101resourcesperformancereviewprocessesidget	api20250101resourcesperformancereviewprocessesidget	api20250101ResourcesPerformanceReviewProcessesIdGet	Search for api20250101ResourcesPerformanceReviewProcessesIdGet	1
https://searches.org.ai/Api20250101resourcesperformancereviewprocessestimatedtargetsget	searches.org.ai	Search	Api20250101resourcesperformancereviewprocessestimatedtargetsget	api20250101resourcesperformancereviewprocessestimatedtargetsget	api20250101ResourcesPerformanceReviewProcessEstimatedTargetsGet	Search for api20250101ResourcesPerformanceReviewProcessEstimatedTargetsGet	1
https://searches.org.ai/Api20250101resourcesperformancereviewprocesstargetsget	searches.org.ai	Search	Api20250101resourcesperformancereviewprocesstargetsget	api20250101resourcesperformancereviewprocesstargetsget	api20250101ResourcesPerformanceReviewProcessTargetsGet	Search for api20250101ResourcesPerformanceReviewProcessTargetsGet	1
https://searches.org.ai/Api20250101resourcesperformancereviewprocesstargetsidget	searches.org.ai	Search	Api20250101resourcesperformancereviewprocesstargetsidget	api20250101resourcesperformancereviewprocesstargetsidget	api20250101ResourcesPerformanceReviewProcessTargetsIdGet	Search for api20250101ResourcesPerformanceReviewProcessTargetsIdGet	1
https://searches.org.ai/Api20250101resourcesperformancereviewquestionnairebystrategiesget	searches.org.ai	Search	Api20250101resourcesperformancereviewquestionnairebystrategiesget	api20250101resourcesperformancereviewquestionnairebystrategiesget	api20250101ResourcesPerformanceReviewQuestionnaireByStrategiesGet	Search for api20250101ResourcesPerformanceReviewQuestionnaireByStrategiesGet	1
https://searches.org.ai/Api20250101resourcesperformancereviewquestionnairebystrategiesidget	searches.org.ai	Search	Api20250101resourcesperformancereviewquestionnairebystrategiesidget	api20250101resourcesperformancereviewquestionnairebystrategiesidget	api20250101ResourcesPerformanceReviewQuestionnaireByStrategiesIdGet	Search for api20250101ResourcesPerformanceReviewQuestionnaireByStrategiesIdGet	1
https://searches.org.ai/Api20250101resourcesperformancereviewvisibilitysettingsget	searches.org.ai	Search	Api20250101resourcesperformancereviewvisibilitysettingsget	api20250101resourcesperformancereviewvisibilitysettingsget	api20250101ResourcesPerformanceReviewVisibilitySettingsGet	Search for api20250101ResourcesPerformanceReviewVisibilitySettingsGet	1
https://searches.org.ai/Api20250101resourcesperformancetargetmanagersget	searches.org.ai	Search	Api20250101resourcesperformancetargetmanagersget	api20250101resourcesperformancetargetmanagersget	api20250101ResourcesPerformanceTargetManagersGet	Search for api20250101ResourcesPerformanceTargetManagersGet	1
https://searches.org.ai/Api20250101resourcesperformancetargetmanagersidget	searches.org.ai	Search	Api20250101resourcesperformancetargetmanagersidget	api20250101resourcesperformancetargetmanagersidget	api20250101ResourcesPerformanceTargetManagersIdGet	Search for api20250101ResourcesPerformanceTargetManagersIdGet	1
https://searches.org.ai/Api20250101resourcespostscommentsget	searches.org.ai	Search	Api20250101resourcespostscommentsget	api20250101resourcespostscommentsget	api20250101ResourcesPostsCommentsGet	Search for api20250101ResourcesPostsCommentsGet	1
https://searches.org.ai/Api20250101resourcespostscommentsidget	searches.org.ai	Search	Api20250101resourcespostscommentsidget	api20250101resourcespostscommentsidget	api20250101ResourcesPostsCommentsIdGet	Search for api20250101ResourcesPostsCommentsIdGet	1
https://searches.org.ai/Api20250101resourcespostsgroupsget	searches.org.ai	Search	Api20250101resourcespostsgroupsget	api20250101resourcespostsgroupsget	api20250101ResourcesPostsGroupsGet	Search for api20250101ResourcesPostsGroupsGet	1
https://searches.org.ai/Api20250101resourcespostsgroupsidget	searches.org.ai	Search	Api20250101resourcespostsgroupsidget	api20250101resourcespostsgroupsidget	api20250101ResourcesPostsGroupsIdGet	Search for api20250101ResourcesPostsGroupsIdGet	1
https://searches.org.ai/Api20250101resourcespostspostsget	searches.org.ai	Search	Api20250101resourcespostspostsget	api20250101resourcespostspostsget	api20250101ResourcesPostsPostsGet	Search for api20250101ResourcesPostsPostsGet	1
https://searches.org.ai/Api20250101resourcespostspostsidget	searches.org.ai	Search	Api20250101resourcespostspostsidget	api20250101resourcespostspostsidget	api20250101ResourcesPostsPostsIdGet	Search for api20250101ResourcesPostsPostsIdGet	1
https://searches.org.ai/Api20250101resourcesprojectmanagementexpenserecordsget	searches.org.ai	Search	Api20250101resourcesprojectmanagementexpenserecordsget	api20250101resourcesprojectmanagementexpenserecordsget	api20250101ResourcesProjectManagementExpenseRecordsGet	Search for api20250101ResourcesProjectManagementExpenseRecordsGet	1
https://searches.org.ai/Api20250101resourcesprojectmanagementexpenserecordsidget	searches.org.ai	Search	Api20250101resourcesprojectmanagementexpenserecordsidget	api20250101resourcesprojectmanagementexpenserecordsidget	api20250101ResourcesProjectManagementExpenseRecordsIdGet	Search for api20250101ResourcesProjectManagementExpenseRecordsIdGet	1
https://searches.org.ai/Api20250101resourcesprojectmanagementexportableexpensesget	searches.org.ai	Search	Api20250101resourcesprojectmanagementexportableexpensesget	api20250101resourcesprojectmanagementexportableexpensesget	api20250101ResourcesProjectManagementExportableExpensesGet	Search for api20250101ResourcesProjectManagementExportableExpensesGet	1
https://searches.org.ai/Api20250101resourcesprojectmanagementexportableprojectsget	searches.org.ai	Search	Api20250101resourcesprojectmanagementexportableprojectsget	api20250101resourcesprojectmanagementexportableprojectsget	api20250101ResourcesProjectManagementExportableProjectsGet	Search for api20250101ResourcesProjectManagementExportableProjectsGet	1
https://searches.org.ai/Api20250101resourcesprojectmanagementflexibletimerecordsget	searches.org.ai	Search	Api20250101resourcesprojectmanagementflexibletimerecordsget	api20250101resourcesprojectmanagementflexibletimerecordsget	api20250101ResourcesProjectManagementFlexibleTimeRecordsGet	Search for api20250101ResourcesProjectManagementFlexibleTimeRecordsGet	1
https://searches.org.ai/Api20250101resourcesprojectmanagementflexibletimerecordsidget	searches.org.ai	Search	Api20250101resourcesprojectmanagementflexibletimerecordsidget	api20250101resourcesprojectmanagementflexibletimerecordsidget	api20250101ResourcesProjectManagementFlexibleTimeRecordsIdGet	Search for api20250101ResourcesProjectManagementFlexibleTimeRecordsIdGet	1
https://searches.org.ai/Api20250101resourcesprojectmanagementflexibletimerecordcommentsget	searches.org.ai	Search	Api20250101resourcesprojectmanagementflexibletimerecordcommentsget	api20250101resourcesprojectmanagementflexibletimerecordcommentsget	api20250101ResourcesProjectManagementFlexibleTimeRecordCommentsGet	Search for api20250101ResourcesProjectManagementFlexibleTimeRecordCommentsGet	1
https://searches.org.ai/Api20250101resourcesprojectmanagementflexibletimerecordcommentsidget	searches.org.ai	Search	Api20250101resourcesprojectmanagementflexibletimerecordcommentsidget	api20250101resourcesprojectmanagementflexibletimerecordcommentsidget	api20250101ResourcesProjectManagementFlexibleTimeRecordCommentsIdGet	Search for api20250101ResourcesProjectManagementFlexibleTimeRecordCommentsIdGet	1
https://searches.org.ai/Api20250101resourcesprojectmanagementprojectsget	searches.org.ai	Search	Api20250101resourcesprojectmanagementprojectsget	api20250101resourcesprojectmanagementprojectsget	api20250101ResourcesProjectManagementProjectsGet	Search for api20250101ResourcesProjectManagementProjectsGet	1
https://searches.org.ai/Api20250101resourcesprojectmanagementprojectsidget	searches.org.ai	Search	Api20250101resourcesprojectmanagementprojectsidget	api20250101resourcesprojectmanagementprojectsidget	api20250101ResourcesProjectManagementProjectsIdGet	Search for api20250101ResourcesProjectManagementProjectsIdGet	1
https://searches.org.ai/Api20250101resourcesprojectmanagementprojecttasksget	searches.org.ai	Search	Api20250101resourcesprojectmanagementprojecttasksget	api20250101resourcesprojectmanagementprojecttasksget	api20250101ResourcesProjectManagementProjectTasksGet	Search for api20250101ResourcesProjectManagementProjectTasksGet	1
https://searches.org.ai/Api20250101resourcesprojectmanagementprojecttasksidget	searches.org.ai	Search	Api20250101resourcesprojectmanagementprojecttasksidget	api20250101resourcesprojectmanagementprojecttasksidget	api20250101ResourcesProjectManagementProjectTasksIdGet	Search for api20250101ResourcesProjectManagementProjectTasksIdGet	1
https://searches.org.ai/Api20250101resourcesprojectmanagementprojectworkersget	searches.org.ai	Search	Api20250101resourcesprojectmanagementprojectworkersget	api20250101resourcesprojectmanagementprojectworkersget	api20250101ResourcesProjectManagementProjectWorkersGet	Search for api20250101ResourcesProjectManagementProjectWorkersGet	1
https://searches.org.ai/Api20250101resourcesprojectmanagementprojectworkersidget	searches.org.ai	Search	Api20250101resourcesprojectmanagementprojectworkersidget	api20250101resourcesprojectmanagementprojectworkersidget	api20250101ResourcesProjectManagementProjectWorkersIdGet	Search for api20250101ResourcesProjectManagementProjectWorkersIdGet	1
https://searches.org.ai/Api20250101resourcesprojectmanagementsubprojectsget	searches.org.ai	Search	Api20250101resourcesprojectmanagementsubprojectsget	api20250101resourcesprojectmanagementsubprojectsget	api20250101ResourcesProjectManagementSubprojectsGet	Search for api20250101ResourcesProjectManagementSubprojectsGet	1
https://searches.org.ai/Api20250101resourcesprojectmanagementsubprojectsidget	searches.org.ai	Search	Api20250101resourcesprojectmanagementsubprojectsidget	api20250101resourcesprojectmanagementsubprojectsidget	api20250101ResourcesProjectManagementSubprojectsIdGet	Search for api20250101ResourcesProjectManagementSubprojectsIdGet	1
https://searches.org.ai/Api20250101resourcesprojectmanagementtimerecordsget	searches.org.ai	Search	Api20250101resourcesprojectmanagementtimerecordsget	api20250101resourcesprojectmanagementtimerecordsget	api20250101ResourcesProjectManagementTimeRecordsGet	Search for api20250101ResourcesProjectManagementTimeRecordsGet	1
https://searches.org.ai/Api20250101resourcesprojectmanagementtimerecordsidget	searches.org.ai	Search	Api20250101resourcesprojectmanagementtimerecordsidget	api20250101resourcesprojectmanagementtimerecordsidget	api20250101ResourcesProjectManagementTimeRecordsIdGet	Search for api20250101ResourcesProjectManagementTimeRecordsIdGet	1
https://searches.org.ai/Api20250101resourcesshiftmanagementshiftsget	searches.org.ai	Search	Api20250101resourcesshiftmanagementshiftsget	api20250101resourcesshiftmanagementshiftsget	api20250101ResourcesShiftManagementShiftsGet	Search for api20250101ResourcesShiftManagementShiftsGet	1
https://searches.org.ai/Api20250101resourcesshiftmanagementshiftsidget	searches.org.ai	Search	Api20250101resourcesshiftmanagementshiftsidget	api20250101resourcesshiftmanagementshiftsidget	api20250101ResourcesShiftManagementShiftsIdGet	Search for api20250101ResourcesShiftManagementShiftsIdGet	1
https://searches.org.ai/Api20250101resourcestaskstasksget	searches.org.ai	Search	Api20250101resourcestaskstasksget	api20250101resourcestaskstasksget	api20250101ResourcesTasksTasksGet	Search for api20250101ResourcesTasksTasksGet	1
https://searches.org.ai/Api20250101resourcestaskstasksidget	searches.org.ai	Search	Api20250101resourcestaskstasksidget	api20250101resourcestaskstasksidget	api20250101ResourcesTasksTasksIdGet	Search for api20250101ResourcesTasksTasksIdGet	1
https://searches.org.ai/Api20250101resourcestaskstaskfilesget	searches.org.ai	Search	Api20250101resourcestaskstaskfilesget	api20250101resourcestaskstaskfilesget	api20250101ResourcesTasksTaskFilesGet	Search for api20250101ResourcesTasksTaskFilesGet	1
https://searches.org.ai/Api20250101resourcestaskstaskfilesidget	searches.org.ai	Search	Api20250101resourcestaskstaskfilesidget	api20250101resourcestaskstaskfilesidget	api20250101ResourcesTasksTaskFilesIdGet	Search for api20250101ResourcesTasksTaskFilesIdGet	1
https://searches.org.ai/Api20250101resourcesteamsmembershipsget	searches.org.ai	Search	Api20250101resourcesteamsmembershipsget	api20250101resourcesteamsmembershipsget	api20250101ResourcesTeamsMembershipsGet	Search for api20250101ResourcesTeamsMembershipsGet	1
https://searches.org.ai/Api20250101resourcesteamsmembershipsidget	searches.org.ai	Search	Api20250101resourcesteamsmembershipsidget	api20250101resourcesteamsmembershipsidget	api20250101ResourcesTeamsMembershipsIdGet	Search for api20250101ResourcesTeamsMembershipsIdGet	1
https://searches.org.ai/Api20250101resourcesteamsteamsget	searches.org.ai	Search	Api20250101resourcesteamsteamsget	api20250101resourcesteamsteamsget	api20250101ResourcesTeamsTeamsGet	Search for api20250101ResourcesTeamsTeamsGet	1
https://searches.org.ai/Api20250101resourcesteamsteamsidget	searches.org.ai	Search	Api20250101resourcesteamsteamsidget	api20250101resourcesteamsteamsidget	api20250101ResourcesTeamsTeamsIdGet	Search for api20250101ResourcesTeamsTeamsIdGet	1
https://searches.org.ai/Api20250101resourcestimeplanningplanningversionsget	searches.org.ai	Search	Api20250101resourcestimeplanningplanningversionsget	api20250101resourcestimeplanningplanningversionsget	api20250101ResourcesTimePlanningPlanningVersionsGet	Search for api20250101ResourcesTimePlanningPlanningVersionsGet	1
https://searches.org.ai/Api20250101resourcestimesettingsbreakconfigurationsget	searches.org.ai	Search	Api20250101resourcestimesettingsbreakconfigurationsget	api20250101resourcestimesettingsbreakconfigurationsget	api20250101ResourcesTimeSettingsBreakConfigurationsGet	Search for api20250101ResourcesTimeSettingsBreakConfigurationsGet	1
https://searches.org.ai/Api20250101resourcestimesettingsbreakconfigurationsidget	searches.org.ai	Search	Api20250101resourcestimesettingsbreakconfigurationsidget	api20250101resourcestimesettingsbreakconfigurationsidget	api20250101ResourcesTimeSettingsBreakConfigurationsIdGet	Search for api20250101ResourcesTimeSettingsBreakConfigurationsIdGet	1
https://searches.org.ai/Api20250101resourcestimeoffallowancesget	searches.org.ai	Search	Api20250101resourcestimeoffallowancesget	api20250101resourcestimeoffallowancesget	api20250101ResourcesTimeoffAllowancesGet	Search for api20250101ResourcesTimeoffAllowancesGet	1
https://searches.org.ai/Api20250101resourcestimeoffallowancesidget	searches.org.ai	Search	Api20250101resourcestimeoffallowancesidget	api20250101resourcestimeoffallowancesidget	api20250101ResourcesTimeoffAllowancesIdGet	Search for api20250101ResourcesTimeoffAllowancesIdGet	1
https://searches.org.ai/Api20250101resourcestimeoffallowanceincidencesget	searches.org.ai	Search	Api20250101resourcestimeoffallowanceincidencesget	api20250101resourcestimeoffallowanceincidencesget	api20250101ResourcesTimeoffAllowanceIncidencesGet	Search for api20250101ResourcesTimeoffAllowanceIncidencesGet	1
https://searches.org.ai/Api20250101resourcestimeoffallowanceincidencesidget	searches.org.ai	Search	Api20250101resourcestimeoffallowanceincidencesidget	api20250101resourcestimeoffallowanceincidencesidget	api20250101ResourcesTimeoffAllowanceIncidencesIdGet	Search for api20250101ResourcesTimeoffAllowanceIncidencesIdGet	1
https://searches.org.ai/Api20250101resourcestimeoffallowancestatsget	searches.org.ai	Search	Api20250101resourcestimeoffallowancestatsget	api20250101resourcestimeoffallowancestatsget	api20250101ResourcesTimeoffAllowanceStatsGet	Search for api20250101ResourcesTimeoffAllowanceStatsGet	1
https://searches.org.ai/Api20250101resourcestimeoffallowancestatsidget	searches.org.ai	Search	Api20250101resourcestimeoffallowancestatsidget	api20250101resourcestimeoffallowancestatsidget	api20250101ResourcesTimeoffAllowanceStatsIdGet	Search for api20250101ResourcesTimeoffAllowanceStatsIdGet	1
https://searches.org.ai/Api20250101resourcestimeoffblockedperiodsget	searches.org.ai	Search	Api20250101resourcestimeoffblockedperiodsget	api20250101resourcestimeoffblockedperiodsget	api20250101ResourcesTimeoffBlockedPeriodsGet	Search for api20250101ResourcesTimeoffBlockedPeriodsGet	1
https://searches.org.ai/Api20250101resourcestimeoffblockedperiodsidget	searches.org.ai	Search	Api20250101resourcestimeoffblockedperiodsidget	api20250101resourcestimeoffblockedperiodsidget	api20250101ResourcesTimeoffBlockedPeriodsIdGet	Search for api20250101ResourcesTimeoffBlockedPeriodsIdGet	1
https://searches.org.ai/Api20250101resourcestimeoffleavesget	searches.org.ai	Search	Api20250101resourcestimeoffleavesget	api20250101resourcestimeoffleavesget	api20250101ResourcesTimeoffLeavesGet	Search for api20250101ResourcesTimeoffLeavesGet	1
https://searches.org.ai/Api20250101resourcestimeoffleavesidget	searches.org.ai	Search	Api20250101resourcestimeoffleavesidget	api20250101resourcestimeoffleavesidget	api20250101ResourcesTimeoffLeavesIdGet	Search for api20250101ResourcesTimeoffLeavesIdGet	1
https://searches.org.ai/Api20250101resourcestimeoffleavetypesget	searches.org.ai	Search	Api20250101resourcestimeoffleavetypesget	api20250101resourcestimeoffleavetypesget	api20250101ResourcesTimeoffLeaveTypesGet	Search for api20250101ResourcesTimeoffLeaveTypesGet	1
https://searches.org.ai/Api20250101resourcestimeoffleavetypesidget	searches.org.ai	Search	Api20250101resourcestimeoffleavetypesidget	api20250101resourcestimeoffleavetypesidget	api20250101ResourcesTimeoffLeaveTypesIdGet	Search for api20250101ResourcesTimeoffLeaveTypesIdGet	1
https://searches.org.ai/Api20250101resourcestimeoffpoliciesget	searches.org.ai	Search	Api20250101resourcestimeoffpoliciesget	api20250101resourcestimeoffpoliciesget	api20250101ResourcesTimeoffPoliciesGet	Search for api20250101ResourcesTimeoffPoliciesGet	1
https://searches.org.ai/Api20250101resourcestimeoffpoliciesidget	searches.org.ai	Search	Api20250101resourcestimeoffpoliciesidget	api20250101resourcestimeoffpoliciesidget	api20250101ResourcesTimeoffPoliciesIdGet	Search for api20250101ResourcesTimeoffPoliciesIdGet	1
https://searches.org.ai/Api20250101resourcestimeoffpolicytimelinesget	searches.org.ai	Search	Api20250101resourcestimeoffpolicytimelinesget	api20250101resourcestimeoffpolicytimelinesget	api20250101ResourcesTimeoffPolicyTimelinesGet	Search for api20250101ResourcesTimeoffPolicyTimelinesGet	1
https://searches.org.ai/Api20250101resourcestrainingscategoriesget	searches.org.ai	Search	Api20250101resourcestrainingscategoriesget	api20250101resourcestrainingscategoriesget	api20250101ResourcesTrainingsCategoriesGet	Search for api20250101ResourcesTrainingsCategoriesGet	1
https://searches.org.ai/Api20250101resourcestrainingscategoriesidget	searches.org.ai	Search	Api20250101resourcestrainingscategoriesidget	api20250101resourcestrainingscategoriesidget	api20250101ResourcesTrainingsCategoriesIdGet	Search for api20250101ResourcesTrainingsCategoriesIdGet	1
https://searches.org.ai/Api20250101resourcestrainingssessionsget	searches.org.ai	Search	Api20250101resourcestrainingssessionsget	api20250101resourcestrainingssessionsget	api20250101ResourcesTrainingsSessionsGet	Search for api20250101ResourcesTrainingsSessionsGet	1
https://searches.org.ai/Api20250101resourcestrainingssessionsidget	searches.org.ai	Search	Api20250101resourcestrainingssessionsidget	api20250101resourcestrainingssessionsidget	api20250101ResourcesTrainingsSessionsIdGet	Search for api20250101ResourcesTrainingsSessionsIdGet	1
https://searches.org.ai/Api20250101resourcestrainingssessionaccessmembershipsget	searches.org.ai	Search	Api20250101resourcestrainingssessionaccessmembershipsget	api20250101resourcestrainingssessionaccessmembershipsget	api20250101ResourcesTrainingsSessionAccessMembershipsGet	Search for api20250101ResourcesTrainingsSessionAccessMembershipsGet	1
https://searches.org.ai/Api20250101resourcestrainingssessionaccessmembershipsidget	searches.org.ai	Search	Api20250101resourcestrainingssessionaccessmembershipsidget	api20250101resourcestrainingssessionaccessmembershipsidget	api20250101ResourcesTrainingsSessionAccessMembershipsIdGet	Search for api20250101ResourcesTrainingsSessionAccessMembershipsIdGet	1
https://searches.org.ai/Api20250101resourcestrainingssessionattendancesget	searches.org.ai	Search	Api20250101resourcestrainingssessionattendancesget	api20250101resourcestrainingssessionattendancesget	api20250101ResourcesTrainingsSessionAttendancesGet	Search for api20250101ResourcesTrainingsSessionAttendancesGet	1
https://searches.org.ai/Api20250101resourcestrainingssessionattendancesidget	searches.org.ai	Search	Api20250101resourcestrainingssessionattendancesidget	api20250101resourcestrainingssessionattendancesidget	api20250101ResourcesTrainingsSessionAttendancesIdGet	Search for api20250101ResourcesTrainingsSessionAttendancesIdGet	1
https://searches.org.ai/Api20250101resourcestrainingstrainingsget	searches.org.ai	Search	Api20250101resourcestrainingstrainingsget	api20250101resourcestrainingstrainingsget	api20250101ResourcesTrainingsTrainingsGet	Search for api20250101ResourcesTrainingsTrainingsGet	1
https://searches.org.ai/Api20250101resourcestrainingstrainingsidget	searches.org.ai	Search	Api20250101resourcestrainingstrainingsidget	api20250101resourcestrainingstrainingsidget	api20250101ResourcesTrainingsTrainingsIdGet	Search for api20250101ResourcesTrainingsTrainingsIdGet	1
https://searches.org.ai/Api20250101resourcestrainingstrainingmembershipsget	searches.org.ai	Search	Api20250101resourcestrainingstrainingmembershipsget	api20250101resourcestrainingstrainingmembershipsget	api20250101ResourcesTrainingsTrainingMembershipsGet	Search for api20250101ResourcesTrainingsTrainingMembershipsGet	1
https://searches.org.ai/Api20250101resourcestrainingstrainingmembershipsidget	searches.org.ai	Search	Api20250101resourcestrainingstrainingmembershipsidget	api20250101resourcestrainingstrainingmembershipsidget	api20250101ResourcesTrainingsTrainingMembershipsIdGet	Search for api20250101ResourcesTrainingsTrainingMembershipsIdGet	1
https://searches.org.ai/Api20250101resourcesworkscheduledayconfigurationsget	searches.org.ai	Search	Api20250101resourcesworkscheduledayconfigurationsget	api20250101resourcesworkscheduledayconfigurationsget	api20250101ResourcesWorkScheduleDayConfigurationsGet	Search for api20250101ResourcesWorkScheduleDayConfigurationsGet	1
https://searches.org.ai/Api20250101resourcesworkscheduledayconfigurationsidget	searches.org.ai	Search	Api20250101resourcesworkscheduledayconfigurationsidget	api20250101resourcesworkscheduledayconfigurationsidget	api20250101ResourcesWorkScheduleDayConfigurationsIdGet	Search for api20250101ResourcesWorkScheduleDayConfigurationsIdGet	1
https://searches.org.ai/Api20250101resourcesworkscheduleoverlapperiodsget	searches.org.ai	Search	Api20250101resourcesworkscheduleoverlapperiodsget	api20250101resourcesworkscheduleoverlapperiodsget	api20250101ResourcesWorkScheduleOverlapPeriodsGet	Search for api20250101ResourcesWorkScheduleOverlapPeriodsGet	1
https://searches.org.ai/Api20250101resourcesworkscheduleoverlapperiodsidget	searches.org.ai	Search	Api20250101resourcesworkscheduleoverlapperiodsidget	api20250101resourcesworkscheduleoverlapperiodsidget	api20250101ResourcesWorkScheduleOverlapPeriodsIdGet	Search for api20250101ResourcesWorkScheduleOverlapPeriodsIdGet	1
https://searches.org.ai/Api20250101resourcesworkscheduleschedulesget	searches.org.ai	Search	Api20250101resourcesworkscheduleschedulesget	api20250101resourcesworkscheduleschedulesget	api20250101ResourcesWorkScheduleSchedulesGet	Search for api20250101ResourcesWorkScheduleSchedulesGet	1
https://searches.org.ai/Api20250101resourcesworkscheduleschedulesidget	searches.org.ai	Search	Api20250101resourcesworkscheduleschedulesidget	api20250101resourcesworkscheduleschedulesidget	api20250101ResourcesWorkScheduleSchedulesIdGet	Search for api20250101ResourcesWorkScheduleSchedulesIdGet	1
https://searches.org.ai/Searchproductbyname	searches.org.ai	Search	Searchproductbyname	searchproductbyname	searchProductByName	Search for searchProductByName	1
https://searches.org.ai/Searchproductsstock	searches.org.ai	Search	Searchproductsstock	searchproductsstock	searchProductsStock	Search for searchProductsStock	1
https://searches.org.ai/Searchemployee	searches.org.ai	Search	Searchemployee	searchemployee	searchEmployee	Search for searchEmployee	1
https://searches.org.ai/Searchshipment	searches.org.ai	Search	Searchshipment	searchshipment	searchShipment	Search for searchShipment	1
https://searches.org.ai/FindSuppliers	searches.org.ai	Search	FindSuppliers	find_suppliers	find_suppliers	Search for find_suppliers	1
https://searches.org.ai/FindLeadSources	searches.org.ai	Search	FindLeadSources	find_lead_sources	find_lead_sources	Search for find_lead_sources	1
https://searches.org.ai/FindProductTypes	searches.org.ai	Search	FindProductTypes	find_product_types	find_product_types	Search for find_product_types	1
https://searches.org.ai/FindProductInterests	searches.org.ai	Search	FindProductInterests	find_product_interests	find_product_interests	Search for find_product_interests	1
https://searches.org.ai/FindProjectTypes	searches.org.ai	Search	FindProjectTypes	find_project_types	find_project_types	Search for find_project_types	1
https://searches.org.ai/FindLeadTypes	searches.org.ai	Search	FindLeadTypes	find_lead_types	find_lead_types	Search for find_lead_types	1
https://searches.org.ai/FindSalesAreas	searches.org.ai	Search	FindSalesAreas	find_sales_areas	find_sales_areas	Search for find_sales_areas	1
https://searches.org.ai/FindUsers	searches.org.ai	Search	FindUsers	find_users	find_users	Search for find_users	4
https://searches.org.ai/FindRoles	searches.org.ai	Search	FindRoles	find_roles	find_roles	Search for find_roles	1
https://searches.org.ai/FindContracts	searches.org.ai	Search	FindContracts	find_contracts	find_contracts	Search for find_contracts	1
https://searches.org.ai/FindContractByID	searches.org.ai	Search	FindContractByID	find_contract_by_id	find_contract_by_id	Search for find_contract_by_id	1
https://searches.org.ai/FindAllContacts	searches.org.ai	Search	FindAllContacts	find_all_contacts	find_all_contacts	Search for find_all_contacts	1
https://searches.org.ai/FindLeadType	searches.org.ai	Search	FindLeadType	find_lead_type	find_lead_type	Search for find_lead_type	1
https://searches.org.ai/SearchPurchaseOrders	searches.org.ai	Search	SearchPurchaseOrders	search_purchase_orders	search_purchase_orders	Search for search_purchase_orders	1
https://searches.org.ai/SearchPurchaseOrderInvoices	searches.org.ai	Search	SearchPurchaseOrderInvoices	search_purchase_order_invoices	search_purchase_order_invoices	Search for search_purchase_order_invoices	1
https://searches.org.ai/FindPurchaseOrderInvoices	searches.org.ai	Search	FindPurchaseOrderInvoices	find_purchase_order_invoices	find_purchase_order_invoices	Search for find_purchase_order_invoices	1
https://searches.org.ai/FindPurchaseOrders	searches.org.ai	Search	FindPurchaseOrders	find_purchase_orders	find_purchase_orders	Search for find_purchase_orders	1
https://searches.org.ai/SearchPurchaseOrderInvoiceQuery	searches.org.ai	Search	SearchPurchaseOrderInvoiceQuery	search_purchase_order_invoice_query	search_purchase_order_invoice_query	Search for search_purchase_order_invoice_query	1
https://searches.org.ai/FindPurchaseOrderInvoiceQueries	searches.org.ai	Search	FindPurchaseOrderInvoiceQueries	find_purchase_order_invoice_queries	find_purchase_order_invoice_queries	Search for find_purchase_order_invoice_queries	1
https://searches.org.ai/SearchInvoices	searches.org.ai	Search	SearchInvoices	search_invoices	search_invoices	Search for search_invoices	3
https://searches.org.ai/FindInvoices	searches.org.ai	Search	FindInvoices	find_invoices	find_invoices	Search for find_invoices	2
https://searches.org.ai/SearchEnquiries	searches.org.ai	Search	SearchEnquiries	search_enquiries	search_enquiries	Search for search_enquiries	1
https://searches.org.ai/FindEnquiries	searches.org.ai	Search	FindEnquiries	find_enquiries	find_enquiries	Search for find_enquiries	1
https://searches.org.ai/FindContactTypes	searches.org.ai	Search	FindContactTypes	find_contact_types	find_contact_types	Search for find_contact_types	1
https://searches.org.ai/FindContactType	searches.org.ai	Search	FindContactType	find_contact_type	find_contact_type	Search for find_contact_type	1
https://searches.org.ai/FindAllDocumentTypes	searches.org.ai	Search	FindAllDocumentTypes	find_all_document_types	find_all_document_types	Search for find_all_document_types	1
https://searches.org.ai/SearchServiceCall	searches.org.ai	Search	SearchServiceCall	search_service_call	search_service_call	Search for search_service_call	1
https://searches.org.ai/FindServiceCalls	searches.org.ai	Search	FindServiceCalls	find_service_calls	find_service_calls	Search for find_service_calls	1
https://searches.org.ai/GetAllEvents	searches.org.ai	Search	GetAllEvents	get_all_events	get_all_events	Search for get_all_events	1
https://searches.org.ai/GetCustomerByEmail	searches.org.ai	Search	GetCustomerByEmail	get_customer_by_email	get_customer_by_email	Search for get_customer_by_email	2
https://searches.org.ai/GetInstances	searches.org.ai	Search	GetInstances	get_instances	get_instances	Search for get_instances	1
https://searches.org.ai/GetMerchandiseItems	searches.org.ai	Search	GetMerchandiseItems	get_merchandise_items	get_merchandise_items	Search for get_merchandise_items	1
https://searches.org.ai/FindFund	searches.org.ai	Search	FindFund	find_fund	find_fund	Search for find_fund	1
https://searches.org.ai/FindMembership	searches.org.ai	Search	FindMembership	find_membership	find_membership	Search for find_membership	2
https://searches.org.ai/FindTaskInProject	searches.org.ai	Search	FindTaskInProject	find_task_in_project	find_task_in_project	Search for find_task_in_project	1
https://searches.org.ai/FindTaskByID	searches.org.ai	Search	FindTaskByID	find_task_by_id	find_task_by_id	Search for find_task_by_id	1
https://searches.org.ai/SearchTransfer	searches.org.ai	Search	SearchTransfer	search_transfer	search_transfer	Search for search_transfer	1
https://searches.org.ai/FindNote	searches.org.ai	Search	FindNote	find_note	find_note	Search for find_note	4
https://searches.org.ai/FindEntryFromContactProcess	searches.org.ai	Search	FindEntryFromContactProcess	find_entry_from_contact_process	find_entry_from_contact_process	Search for find_entry_from_contact_process	1
https://searches.org.ai/FindEntryFromOrganizationProcess	searches.org.ai	Search	FindEntryFromOrganizationProcess	find_entry_from_organization_process	find_entry_from_organization_process	Search for find_entry_from_organization_process	1
https://searches.org.ai/SearchContactByIdentifier	searches.org.ai	Search	SearchContactByIdentifier	search_contact_by_identifier	SEARCH_CONTACT_BY_IDENTIFIER	Search for SEARCH_CONTACT_BY_IDENTIFIER	1
https://searches.org.ai/FindContactByContactID	searches.org.ai	Search	FindContactByContactID	find_contact_by_contact_id	FIND_CONTACT_BY_CONTACT_ID	Search for FIND_CONTACT_BY_CONTACT_ID	1
https://searches.org.ai/ContactExists	searches.org.ai	Search	ContactExists	contact_exists	CONTACT_EXISTS	Search for CONTACT_EXISTS	1
https://searches.org.ai/GetOrderBatchByID	searches.org.ai	Search	GetOrderBatchByID	get_order_batch_by_id	get_order_batch_by_id	Search for get_order_batch_by_id	1
https://searches.org.ai/GetOrdersInOrderBatch	searches.org.ai	Search	GetOrdersInOrderBatch	get_orders_in_order_batch	get_orders_in_order_batch	Search for get_orders_in_order_batch	1
https://searches.org.ai/FindPosition	searches.org.ai	Search	FindPosition	find_position	find_position	Search for find_position	1
https://searches.org.ai/Searchentity	searches.org.ai	Search	Searchentity	searchentity	searchEntity	Search for searchEntity	1
https://searches.org.ai/Searchentityunifiedapis	searches.org.ai	Search	Searchentityunifiedapis	searchentityunifiedapis	searchEntityUnifiedApis	Search for searchEntityUnifiedApis	1
https://searches.org.ai/FindCompletedOrders	searches.org.ai	Search	FindCompletedOrders	find_completed_orders	find_completed_orders	Search for find_completed_orders	1
https://searches.org.ai/FindCarrierServices	searches.org.ai	Search	FindCarrierServices	find_carrier_services	find_carrier_services	Search for find_carrier_services	1
https://searches.org.ai/Datesearch	searches.org.ai	Search	Datesearch	datesearch	dateSearch	Search for dateSearch	1
https://searches.org.ai/Offersearch	searches.org.ai	Search	Offersearch	offersearch	offerSearch	Search for offerSearch	1
https://searches.org.ai/GetAdminReportResults	searches.org.ai	Search	GetAdminReportResults	get_admin_report_results	get_admin_report_results	Search for get_admin_report_results	1
https://searches.org.ai/FindRepairOrder	searches.org.ai	Search	FindRepairOrder	find_repair_order	find_repair_order	Search for find_repair_order	1
https://searches.org.ai/FindVehicle	searches.org.ai	Search	FindVehicle	find_vehicle	find_vehicle	Search for find_vehicle	2
https://searches.org.ai/Matter	searches.org.ai	Search	Matter	matter	matter	Search for matter	1
https://searches.org.ai/MatterContacts	searches.org.ai	Search	MatterContacts	matter_contacts	matter_contacts	Search for matter_contacts	1
https://searches.org.ai/MatterAssets	searches.org.ai	Search	MatterAssets	matter_assets	matter_assets	Search for matter_assets	1
https://searches.org.ai/MatterDocuments	searches.org.ai	Search	MatterDocuments	matter_documents	matter_documents	Search for matter_documents	1
https://searches.org.ai/MatterFinancialDocuments	searches.org.ai	Search	MatterFinancialDocuments	matter_financial_documents	matter_financial_documents	Search for matter_financial_documents	1
https://searches.org.ai/GetProjectByID	searches.org.ai	Search	GetProjectByID	get_project_by_id	get_project_by_id	Search for get_project_by_id	5
https://searches.org.ai/GetFileByFileidV2	searches.org.ai	Search	GetFileByFileidV2	get_file_by_fileid_v2	get_file_by_fileid_v2	Search for get_file_by_fileid_v2	1
https://searches.org.ai/GetFolderByID	searches.org.ai	Search	GetFolderByID	get_folder_by_id	get_folder_by_id	Search for get_folder_by_id	1
https://searches.org.ai/GetFileReviews	searches.org.ai	Search	GetFileReviews	get_file_reviews	get_file_reviews	Search for get_file_reviews	1
https://searches.org.ai/GetReviewByID	searches.org.ai	Search	GetReviewByID	get_review_by_id	get_review_by_id	Search for get_review_by_id	1
https://searches.org.ai/GetStepsByProject	searches.org.ai	Search	GetStepsByProject	get_steps_by_project	get_steps_by_project	Search for get_steps_by_project	1
https://searches.org.ai/GetFolders	searches.org.ai	Search	GetFolders	get_folders	get_folders	Search for get_folders	2
https://searches.org.ai/GetProjects	searches.org.ai	Search	GetProjects	get_projects	get_projects	Search for get_projects	6
https://searches.org.ai/GetCommentsByReview	searches.org.ai	Search	GetCommentsByReview	get_comments_by_review	get_comments_by_review	Search for get_comments_by_review	1
https://searches.org.ai/SearchCards	searches.org.ai	Search	SearchCards	search_cards	search_cards	Search for search_cards	2
https://searches.org.ai/SearchMatters	searches.org.ai	Search	SearchMatters	search_matters	search_matters	Search for search_matters	1
https://searches.org.ai/Riskprofilesearch	searches.org.ai	Search	Riskprofilesearch	riskprofilesearch	riskProfileSearch	Search for riskProfileSearch	1
https://searches.org.ai/Policysearch	searches.org.ai	Search	Policysearch	policysearch	policySearch	Search for policySearch	1
https://searches.org.ai/FindTile	searches.org.ai	Search	FindTile	find_tile	find_tile	Search for find_tile	1
https://searches.org.ai/FindFeedback	searches.org.ai	Search	FindFeedback	find_feedback	find_feedback	Search for find_feedback	2
https://searches.org.ai/FindIdea	searches.org.ai	Search	FindIdea	find_idea	find_idea	Search for find_idea	1
https://searches.org.ai/FindOrderByOrderNo	searches.org.ai	Search	FindOrderByOrderNo	find_order_by_order_no	find_order_by_order_no	Search for find_order_by_order_no	1
https://searches.org.ai/FindProductByID	searches.org.ai	Search	FindProductByID	find_product_by_id	find_product_by_id	Search for find_product_by_id	2
https://searches.org.ai/Storesearch	searches.org.ai	Search	Storesearch	storesearch	storeSearch	Search for storeSearch	2
https://searches.org.ai/FindInstance	searches.org.ai	Search	FindInstance	find_instance	find_instance	Search for find_instance	2
https://searches.org.ai/Findcontactbyid	searches.org.ai	Search	Findcontactbyid	findcontactbyid	findContactById	Search for findContactById	2
https://searches.org.ai/Findcontactbyname	searches.org.ai	Search	Findcontactbyname	findcontactbyname	findContactByName	Search for findContactByName	1
https://searches.org.ai/Findcontactbyvariable	searches.org.ai	Search	Findcontactbyvariable	findcontactbyvariable	findContactByVariable	Search for findContactByVariable	1
https://searches.org.ai/Findcontactbyparameter	searches.org.ai	Search	Findcontactbyparameter	findcontactbyparameter	findContactByParameter	Search for findContactByParameter	1
https://searches.org.ai/Searchestimate	searches.org.ai	Search	Searchestimate	searchestimate	searchEstimate	Search for searchEstimate	1
https://searches.org.ai/Searchworkorder	searches.org.ai	Search	Searchworkorder	searchworkorder	searchWorkorder	Search for searchWorkorder	1
https://searches.org.ai/Searchinvoice	searches.org.ai	Search	Searchinvoice	searchinvoice	searchInvoice	Search for searchInvoice	2
https://searches.org.ai/FindInventory	searches.org.ai	Search	FindInventory	find_inventory	find_inventory	Search for find_inventory	1
https://searches.org.ai/QueuedJob	searches.org.ai	Search	QueuedJob	queued_job	queued_job	Search for queued_job	1
https://searches.org.ai/FindInventoryQuantity	searches.org.ai	Search	FindInventoryQuantity	find_inventory_quantity	find_inventory_quantity	Search for find_inventory_quantity	1
https://searches.org.ai/SearchDiscovery	searches.org.ai	Search	SearchDiscovery	search_discovery	search_discovery	Search for search_discovery	1
https://searches.org.ai/SearchSubmitter	searches.org.ai	Search	SearchSubmitter	search_submitter	search_submitter	Search for search_submitter	1
https://searches.org.ai/ListRequests	searches.org.ai	Search	ListRequests	list_requests	list_requests	Search for list_requests	2
https://searches.org.ai/MyTemplates	searches.org.ai	Search	MyTemplates	my_templates	my_templates	Search for my_templates	1
https://searches.org.ai/Playerssearch	searches.org.ai	Search	Playerssearch	playerssearch	playersSearch	Search for playersSearch	1
https://searches.org.ai/SearchFeedback	searches.org.ai	Search	SearchFeedback	search_feedback	search_feedback	Search for search_feedback	1
https://searches.org.ai/Opportunitysearchbyoppcopmanyandoppname	searches.org.ai	Search	Opportunitysearchbyoppcopmanyandoppname	opportunitysearchbyoppcopmanyandoppname	opportunitySearchByOppCopmanyAndOppName	Search for opportunitySearchByOppCopmanyAndOppName	1
https://searches.org.ai/ProjectTemplateSearch	searches.org.ai	Search	ProjectTemplateSearch	project_template_search	project_template_search	Search for project_template_search	1
https://searches.org.ai/FindCreateCustomer	searches.org.ai	Search	FindCreateCustomer	find_create_customer	find_create_customer	Search for find_create_customer	1
https://searches.org.ai/FindCreateItem	searches.org.ai	Search	FindCreateItem	find_create_item	find_create_item	Search for find_create_item	1
https://searches.org.ai/FindCreateSupplier	searches.org.ai	Search	FindCreateSupplier	find_create_supplier	find_create_supplier	Search for find_create_supplier	1
https://searches.org.ai/GetOpportunityByID	searches.org.ai	Search	GetOpportunityByID	get_opportunity_by_id	get_opportunity_by_id	Search for get_opportunity_by_id	3
https://searches.org.ai/GetClientCompanyByID	searches.org.ai	Search	GetClientCompanyByID	get_client_company_by_id	get_client_company_by_id	Search for get_client_company_by_id	2
https://searches.org.ai/GetClientUserByID	searches.org.ai	Search	GetClientUserByID	get_client_user_by_id	get_client_user_by_id	Search for get_client_user_by_id	2
https://searches.org.ai/FindLists	searches.org.ai	Search	FindLists	find_lists	find_lists	Search for find_lists	2
https://searches.org.ai/FindSubscribeByEmail	searches.org.ai	Search	FindSubscribeByEmail	find_subscribe_by_email	find_subscribe_by_email	Search for find_subscribe_by_email	1
https://searches.org.ai/RetrieveKey	searches.org.ai	Search	RetrieveKey	retrieve_key	retrieve_key	Search for retrieve_key	1
https://searches.org.ai/ListAllTranslations	searches.org.ai	Search	ListAllTranslations	list_all_translations	list_all_translations	Search for list_all_translations	1
https://searches.org.ai/GetTask	searches.org.ai	Search	GetTask	get_task	get_task	Search for get_task	15
https://searches.org.ai/ListTasks	searches.org.ai	Search	ListTasks	list_tasks	list_tasks	Search for list_tasks	3
https://searches.org.ai/DeleteKey	searches.org.ai	Search	DeleteKey	delete_key	delete_key	Search for delete_key	1
https://searches.org.ai/GetComment	searches.org.ai	Search	GetComment	get_comment	get_comment	Search for get_comment	1
https://searches.org.ai/ListKeyComments	searches.org.ai	Search	ListKeyComments	list_key_comments	list_key_comments	Search for list_key_comments	1
https://searches.org.ai/ListAllOrders	searches.org.ai	Search	ListAllOrders	list_all_orders	list_all_orders	Search for list_all_orders	1
https://searches.org.ai/GetKeys	searches.org.ai	Search	GetKeys	get_keys	get_keys	Search for get_keys	2
https://searches.org.ai/GetProject	searches.org.ai	Search	GetProject	get_project	get_project	Search for get_project	13
https://searches.org.ai/FindEmailSubscriber	searches.org.ai	Search	FindEmailSubscriber	find_email_subscriber	find_email_subscriber	Search for find_email_subscriber	1
https://searches.org.ai/FindStockItem	searches.org.ai	Search	FindStockItem	find_stock_item	find_stock_item	Search for find_stock_item	1
https://searches.org.ai/GetMap	searches.org.ai	Search	GetMap	get_map	get_map	Search for get_map	1
https://searches.org.ai/GetLocations	searches.org.ai	Search	GetLocations	get_locations	get_locations	Search for get_locations	2
https://searches.org.ai/Findaccount	searches.org.ai	Search	Findaccount	findaccount	findAccount	Search for findAccount	1
https://searches.org.ai/Findcustomentity	searches.org.ai	Search	Findcustomentity	findcustomentity	findCustomEntity	Search for findCustomEntity	1
https://searches.org.ai/Findproduct	searches.org.ai	Search	Findproduct	findproduct	findProduct	Search for findProduct	1
https://searches.org.ai/FindUserEmail	searches.org.ai	Search	FindUserEmail	find_user_email	find_user_email	Search for find_user_email	1
https://searches.org.ai/FindUserName	searches.org.ai	Search	FindUserName	find_user_name	find_user_name	Search for find_user_name	1
https://searches.org.ai/ProductVariants	searches.org.ai	Search	ProductVariants	product_variants	product_variants	Search for product_variants	1
https://searches.org.ai/SearchOptions	searches.org.ai	Search	SearchOptions	search_options	search_options	Search for search_options	1
https://searches.org.ai/SearchCollections	searches.org.ai	Search	SearchCollections	search_collections	search_collections	Search for search_collections	1
https://searches.org.ai/Trainingsearch	searches.org.ai	Search	Trainingsearch	trainingsearch	trainingSearch	Search for trainingSearch	1
https://searches.org.ai/Progresssearch	searches.org.ai	Search	Progresssearch	progresssearch	progressSearch	Search for progressSearch	1
https://searches.org.ai/Caseinvitationbycaseandrolesearch	searches.org.ai	Search	Caseinvitationbycaseandrolesearch	caseinvitationbycaseandrolesearch	caseInvitationByCaseAndRoleSearch	Search for caseInvitationByCaseAndRoleSearch	1
https://searches.org.ai/LawFirmsearch	searches.org.ai	Search	LawFirmsearch	law_firmsearch	law_firmSearch	Search for law_firmSearch	1
https://searches.org.ai/Relaynodesearch	searches.org.ai	Search	Relaynodesearch	relaynodesearch	relayNodeSearch	Search for relayNodeSearch	1
https://searches.org.ai/GetOrderDetails	searches.org.ai	Search	GetOrderDetails	get_order_details	get_order_details	Search for get_order_details	2
https://searches.org.ai/GetQuoteDetails	searches.org.ai	Search	GetQuoteDetails	get_quote_details	get_quote_details	Search for get_quote_details	1
https://searches.org.ai/GetHTMLEmail	searches.org.ai	Search	GetHTMLEmail	get_html_email	get_html_email	Search for get_html_email	1
https://searches.org.ai/ListEmployees	searches.org.ai	Search	ListEmployees	list_employees	list_employees	Search for list_employees	1
https://searches.org.ai/ListEmploymentContracts	searches.org.ai	Search	ListEmploymentContracts	list_employment_contracts	list_employment_contracts	Search for list_employment_contracts	1
https://searches.org.ai/FindDefaultField	searches.org.ai	Search	FindDefaultField	find_default_field	find_default_field	Search for find_default_field	1
https://searches.org.ai/ContactGetFull	searches.org.ai	Search	ContactGetFull	contact_get_full	contact_get_full	Search for contact_get_full	1
https://searches.org.ai/ActivityGetFull	searches.org.ai	Search	ActivityGetFull	activity_get_full	activity_get_full	Search for activity_get_full	1
https://searches.org.ai/UserGetUsername	searches.org.ai	Search	UserGetUsername	user_get_username	user_get_username	Search for user_get_username	1
https://searches.org.ai/PropertyGetFullByID	searches.org.ai	Search	PropertyGetFullByID	property_get_full_by_id	property_get_full_by_id	Search for property_get_full_by_id	1
https://searches.org.ai/PropertyGetFullByReference	searches.org.ai	Search	PropertyGetFullByReference	property_get_full_by_reference	property_get_full_by_reference	Search for property_get_full_by_reference	1
https://searches.org.ai/SaleGetByID	searches.org.ai	Search	SaleGetByID	sale_get_by_id	sale_get_by_id	Search for sale_get_by_id	1
https://searches.org.ai/SaleGetByCode	searches.org.ai	Search	SaleGetByCode	sale_get_by_code	sale_get_by_code	Search for sale_get_by_code	1
https://searches.org.ai/SearchCustomFeatures	searches.org.ai	Search	SearchCustomFeatures	search_custom_features	search_custom_features	Search for search_custom_features	1
https://searches.org.ai/SearchPropertyTypes	searches.org.ai	Search	SearchPropertyTypes	search_property_types	search_property_types	Search for search_property_types	1
https://searches.org.ai/SearchPropertyTags	searches.org.ai	Search	SearchPropertyTags	search_property_tags	search_property_tags	Search for search_property_tags	1
https://searches.org.ai/SearchPropertyFeatures	searches.org.ai	Search	SearchPropertyFeatures	search_property_features	search_property_features	Search for search_property_features	1
https://searches.org.ai/PropertyDescriptionGet	searches.org.ai	Search	PropertyDescriptionGet	property_description_get	property_description_get	Search for property_description_get	1
https://searches.org.ai/PropertyImagesGet	searches.org.ai	Search	PropertyImagesGet	property_images_get	property_images_get	Search for property_images_get	1
https://searches.org.ai/PropertyFilesGet	searches.org.ai	Search	PropertyFilesGet	property_files_get	property_files_get	Search for property_files_get	1
https://searches.org.ai/PropertyLinksGet	searches.org.ai	Search	PropertyLinksGet	property_links_get	property_links_get	Search for property_links_get	1
https://searches.org.ai/PropertyHtmlsGet	searches.org.ai	Search	PropertyHtmlsGet	property_htmls_get	property_htmls_get	Search for property_htmls_get	1
https://searches.org.ai/SelectLocation	searches.org.ai	Search	SelectLocation	select_location	select_location	Search for select_location	1
https://searches.org.ai/SearchSingleEmail	searches.org.ai	Search	SearchSingleEmail	search_single_email	search_single_email	Search for search_single_email	1
https://searches.org.ai/SearchPersonSingleField	searches.org.ai	Search	SearchPersonSingleField	search_person_single_field	search_person_single_field	Search for search_person_single_field	1
https://searches.org.ai/Searchmembershiplevelbyid	searches.org.ai	Search	Searchmembershiplevelbyid	searchmembershiplevelbyid	searchMembershipLevelById	Search for searchMembershipLevelById	1
https://searches.org.ai/OrganizationSearch	searches.org.ai	Search	OrganizationSearch	organization_search	organization_search	Search for organization_search	3
https://searches.org.ai/Researchsessionsearch	searches.org.ai	Search	Researchsessionsearch	researchsessionsearch	researchSessionSearch	Search for researchSessionSearch	1
https://searches.org.ai/Participantsearch	searches.org.ai	Search	Participantsearch	participantsearch	participantSearch	Search for participantSearch	1
https://searches.org.ai/Attendeesstatus	searches.org.ai	Search	Attendeesstatus	attendeesstatus	attendeesStatus	Search for attendeesStatus	1
https://searches.org.ai/FindRole	searches.org.ai	Search	FindRole	find_role	find_role	Search for find_role	3
https://searches.org.ai/Clientssearch	searches.org.ai	Search	Clientssearch	clientssearch	clientsSearch	Search for clientsSearch	1
https://searches.org.ai/Companiessearch	searches.org.ai	Search	Companiessearch	companiessearch	companiesSearch	Search for companiesSearch	1
https://searches.org.ai/FindCredential	searches.org.ai	Search	FindCredential	find_credential	find_credential	Search for find_credential	1
https://searches.org.ai/FindDevice	searches.org.ai	Search	FindDevice	find_device	find_device	Search for find_device	1
https://searches.org.ai/FindHolder	searches.org.ai	Search	FindHolder	find_holder	find_holder	Search for find_holder	1
https://searches.org.ai/AgentStatus	searches.org.ai	Search	AgentStatus	agent_status	agent_status	Search for agent_status	1
https://searches.org.ai/ProcurarProposta	searches.org.ai	Search	ProcurarProposta	procurar_proposta	procurar_proposta	Search for procurar_proposta	1
https://searches.org.ai/ProcurarCliente	searches.org.ai	Search	ProcurarCliente	procurar_cliente	procurar_cliente	Search for procurar_cliente	1
https://searches.org.ai/ProcurarProjeto	searches.org.ai	Search	ProcurarProjeto	procurar_projeto	procurar_projeto	Search for procurar_projeto	1
https://searches.org.ai/ProcurarFunisAssociadoAUmProjeto	searches.org.ai	Search	ProcurarFunisAssociadoAUmProjeto	procurar_funis_associado_a_um_projeto	procurar_funis_associado_a_um_projeto	Search for procurar_funis_associado_a_um_projeto	1
https://searches.org.ai/ProcurarCamposCustomizadosAssociadosAUmProjeto	searches.org.ai	Search	ProcurarCamposCustomizadosAssociadosAUmProjeto	procurar_campos_customizados_associados_a_um_projeto	procurar_campos_customizados_associados_a_um_projeto	Search for procurar_campos_customizados_associados_a_um_projeto	1
https://searches.org.ai/ProcurarUsuarios	searches.org.ai	Search	ProcurarUsuarios	procurar_usuarios	procurar_usuarios	Search for procurar_usuarios	1
https://searches.org.ai/PrcurarFunis	searches.org.ai	Search	PrcurarFunis	prcurar_funis	prcurar_funis	Search for prcurar_funis	1
https://searches.org.ai/ProcurarCamposCustomizadosDasConta	searches.org.ai	Search	ProcurarCamposCustomizadosDasConta	procurar_campos_customizados_das_conta	procurar_campos_customizados_das_conta	Search for procurar_campos_customizados_das_conta	1
https://searches.org.ai/SearchForLead	searches.org.ai	Search	SearchForLead	search_for_lead	search_for_lead	Search for search_for_lead	1
https://searches.org.ai/GetFormResponse	searches.org.ai	Search	GetFormResponse	get_form_response	get_form_response	Search for get_form_response	1
https://searches.org.ai/ListTemplates	searches.org.ai	Search	ListTemplates	list_templates	list_templates	Search for list_templates	1
https://searches.org.ai/ContactDetailssearch	searches.org.ai	Search	ContactDetailssearch	contact_detailssearch	contact_detailsSearch	Search for contact_detailsSearch	1
https://searches.org.ai/CustomFieldsearch	searches.org.ai	Search	CustomFieldsearch	custom_fieldsearch	custom_fieldSearch	Search for custom_fieldSearch	3
https://searches.org.ai/MarketingChannelsearch	searches.org.ai	Search	MarketingChannelsearch	marketing_channelsearch	marketing_channelSearch	Search for marketing_channelSearch	1
https://searches.org.ai/ReviewChannelsearch	searches.org.ai	Search	ReviewChannelsearch	review_channelsearch	review_channelSearch	Search for review_channelSearch	1
https://searches.org.ai/Channelsearch	searches.org.ai	Search	Channelsearch	channelsearch	channelSearch	Search for channelSearch	2
https://searches.org.ai/Segmentsearch	searches.org.ai	Search	Segmentsearch	segmentsearch	segmentSearch	Search for segmentSearch	1
https://searches.org.ai/Match	searches.org.ai	Search	Match	match	match	Search for match	1
https://searches.org.ai/FileRequests	searches.org.ai	Search	FileRequests	file_requests	file_requests	Search for file_requests	1
https://searches.org.ai/GetBacklinks	searches.org.ai	Search	GetBacklinks	get_backlinks	get_backlinks	Search for get_backlinks	1
https://searches.org.ai/GetBacklinksPagesSummary	searches.org.ai	Search	GetBacklinksPagesSummary	get_backlinks_pages_summary	get_backlinks_pages_summary	Search for get_backlinks_pages_summary	1
https://searches.org.ai/GetGoogleSerpOrganic	searches.org.ai	Search	GetGoogleSerpOrganic	get_google_serp_organic	get_google_serp_organic	Search for get_google_serp_organic	1
https://searches.org.ai/BusinessListingCategoriesAggregation	searches.org.ai	Search	BusinessListingCategoriesAggregation	business_listing_categories_aggregation	business_listing_categories_aggregation	Search for business_listing_categories_aggregation	1
https://searches.org.ai/BusinessListingSearch	searches.org.ai	Search	BusinessListingSearch	business_listing_search	business_listing_search	Search for business_listing_search	1
https://searches.org.ai/KeywordSuggestion	searches.org.ai	Search	KeywordSuggestion	keyword_suggestion	keyword_suggestion	Search for keyword_suggestion	1
https://searches.org.ai/BulkKeywordDifficulty	searches.org.ai	Search	BulkKeywordDifficulty	bulk_keyword_difficulty	bulk_keyword_difficulty	Search for bulk_keyword_difficulty	1
https://searches.org.ai/RankedKeywords	searches.org.ai	Search	RankedKeywords	ranked_keywords	ranked_keywords	Search for ranked_keywords	1
https://searches.org.ai/DomainRankOverview	searches.org.ai	Search	DomainRankOverview	domain_rank_overview	domain_rank_overview	Search for domain_rank_overview	1
https://searches.org.ai/GoogleSearchVolume	searches.org.ai	Search	GoogleSearchVolume	google_search_volume	google_search_volume	Search for google_search_volume	1
https://searches.org.ai/HistoricalTrafficStats	searches.org.ai	Search	HistoricalTrafficStats	historical_traffic_stats	historical_traffic_stats	Search for historical_traffic_stats	1
https://searches.org.ai/OrganicTrafficStats	searches.org.ai	Search	OrganicTrafficStats	organic_traffic_stats	organic_traffic_stats	Search for organic_traffic_stats	1
https://searches.org.ai/PageAuditCheck	searches.org.ai	Search	PageAuditCheck	page_audit_check	page_audit_check	Search for page_audit_check	1
https://searches.org.ai/GetAIKeywordSearchVolume	searches.org.ai	Search	GetAIKeywordSearchVolume	get_ai_keyword_search_volume	get_ai_keyword_search_volume	Search for get_ai_keyword_search_volume	1
https://searches.org.ai/GetIndividualCRMUser	searches.org.ai	Search	GetIndividualCRMUser	get_individual_crm_user	Get_Individual_CRM_User	Search for Get_Individual_CRM_User	1
https://searches.org.ai/FormsGetItem	searches.org.ai	Search	FormsGetItem	forms_get_item	forms_get_item	Search for forms_get_item	1
https://searches.org.ai/FindDailySalesReport	searches.org.ai	Search	FindDailySalesReport	find_daily_sales_report	find_daily_sales_report	Search for find_daily_sales_report	1
https://searches.org.ai/FindMonthlySalesReport	searches.org.ai	Search	FindMonthlySalesReport	find_monthly_sales_report	find_monthly_sales_report	Search for find_monthly_sales_report	1
https://searches.org.ai/FindDailyPurchasesReport	searches.org.ai	Search	FindDailyPurchasesReport	find_daily_purchases_report	find_daily_purchases_report	Search for find_daily_purchases_report	1
https://searches.org.ai/FindMonthlyPurchasesReport	searches.org.ai	Search	FindMonthlyPurchasesReport	find_monthly_purchases_report	find_monthly_purchases_report	Search for find_monthly_purchases_report	1
https://searches.org.ai/FindPOSOrders	searches.org.ai	Search	FindPOSOrders	find_pos_orders	find_pos_orders	Search for find_pos_orders	1
https://searches.org.ai/FindTicketInvoices	searches.org.ai	Search	FindTicketInvoices	find_ticket_invoices	find_ticket_invoices	Search for find_ticket_invoices	1
https://searches.org.ai/FindTicketPresets	searches.org.ai	Search	FindTicketPresets	find_ticket_presets	find_ticket_presets	Search for find_ticket_presets	1
https://searches.org.ai/FindBrand	searches.org.ai	Search	FindBrand	find_brand	find_brand	Search for find_brand	3
https://searches.org.ai/FindModel	searches.org.ai	Search	FindModel	find_model	find_model	Search for find_model	1
https://searches.org.ai/FindModelGroup	searches.org.ai	Search	FindModelGroup	find_model_group	find_model_group	Search for find_model_group	1
https://searches.org.ai/FindTicketTimer	searches.org.ai	Search	FindTicketTimer	find_ticket_timer	find_ticket_timer	Search for find_ticket_timer	1
https://searches.org.ai/FindTimeClock	searches.org.ai	Search	FindTimeClock	find_time_clock	find_time_clock	Search for find_time_clock	1
https://searches.org.ai/FindStock	searches.org.ai	Search	FindStock	find_stock	find_stock	Search for find_stock	2
https://searches.org.ai/FindStockAdjustment	searches.org.ai	Search	FindStockAdjustment	find_stock_adjustment	find_stock_adjustment	Search for find_stock_adjustment	1
https://searches.org.ai/FindStockSerials	searches.org.ai	Search	FindStockSerials	find_stock_serials	find_stock_serials	Search for find_stock_serials	1
https://searches.org.ai/FindCustomerGroup	searches.org.ai	Search	FindCustomerGroup	find_customer_group	find_customer_group	Search for find_customer_group	1
https://searches.org.ai/FindProjectTags	searches.org.ai	Search	FindProjectTags	find_project_tags	find_project_tags	Search for find_project_tags	1
https://searches.org.ai/FindProjectStatus	searches.org.ai	Search	FindProjectStatus	find_project_status	find_project_status	Search for find_project_status	2
https://searches.org.ai/FindProjectCategory	searches.org.ai	Search	FindProjectCategory	find_project_category	find_project_category	Search for find_project_category	2
https://searches.org.ai/FindProjectTasks	searches.org.ai	Search	FindProjectTasks	find_project_tasks	find_project_tasks	Search for find_project_tasks	1
https://searches.org.ai/FindGroupedTickets	searches.org.ai	Search	FindGroupedTickets	find_grouped_tickets	find_grouped_tickets	Search for find_grouped_tickets	1
https://searches.org.ai/FindAssetType	searches.org.ai	Search	FindAssetType	find_asset_type	find_asset_type	Search for find_asset_type	1
https://searches.org.ai/FindMilestone	searches.org.ai	Search	FindMilestone	find_milestone	find_milestone	Search for find_milestone	1
https://searches.org.ai/FindProjectMessages	searches.org.ai	Search	FindProjectMessages	find_project_messages	find_project_messages	Search for find_project_messages	1
https://searches.org.ai/FindReminder	searches.org.ai	Search	FindReminder	find_reminder	find_reminder	Search for find_reminder	1
https://searches.org.ai/FindExpenses	searches.org.ai	Search	FindExpenses	find_expenses	find_expenses	Search for find_expenses	1
https://searches.org.ai/FindExpenseCategories	searches.org.ai	Search	FindExpenseCategories	find_expense_categories	find_expense_categories	Search for find_expense_categories	1
https://searches.org.ai/FindNotification	searches.org.ai	Search	FindNotification	find_notification	find_notification	Search for find_notification	2
https://searches.org.ai/FindCustomerPurchase	searches.org.ai	Search	FindCustomerPurchase	find_customer_purchase	find_customer_purchase	Search for find_customer_purchase	1
https://searches.org.ai/FindCustomFieldsCategories	searches.org.ai	Search	FindCustomFieldsCategories	find_custom_fields_categories	find_custom_fields_categories	Search for find_custom_fields_categories	1
https://searches.org.ai/FindPOSHold	searches.org.ai	Search	FindPOSHold	find_pos_hold	find_pos_hold	Search for find_pos_hold	1
https://searches.org.ai/GetProperty	searches.org.ai	Search	GetProperty	get_property	Get_Property	Search for Get_Property	2
https://searches.org.ai/GetAccount	searches.org.ai	Search	GetAccount	get_account	Get_Account	Search for Get_Account	4
https://searches.org.ai/ContactGroupSearch	searches.org.ai	Search	ContactGroupSearch	contact_group_search	contact_group_search	Search for contact_group_search	1
https://searches.org.ai/TicketListsearch	searches.org.ai	Search	TicketListsearch	ticket_listsearch	ticket_listsearch	Search for ticket_listsearch	1
https://searches.org.ai/ContactListsearch	searches.org.ai	Search	ContactListsearch	contact_listsearch	contact_listsearch	Search for contact_listsearch	1
https://searches.org.ai/ContactGroupListsearch	searches.org.ai	Search	ContactGroupListsearch	contact_group_listsearch	contact_group_listsearch	Search for contact_group_listsearch	1
https://searches.org.ai/NetgsmSMSRaporu	searches.org.ai	Search	NetgsmSMSRaporu	netgsm_sms_raporu	netgsm_sms_raporu	Search for netgsm_sms_raporu	1
https://searches.org.ai/SearchPerson	searches.org.ai	Search	SearchPerson	search_person	search_person	Search for search_person	3
https://searches.org.ai/SearchBusiness	searches.org.ai	Search	SearchBusiness	search_business	search_business	Search for search_business	1
https://searches.org.ai/Invoicesearchbynumber	searches.org.ai	Search	Invoicesearchbynumber	invoicesearchbynumber	invoiceSearchByNumber	Search for invoiceSearchByNumber	1
https://searches.org.ai/Customercontactsearch	searches.org.ai	Search	Customercontactsearch	customercontactsearch	customerContactSearch	Search for customerContactSearch	1
https://searches.org.ai/Getlocation	searches.org.ai	Search	Getlocation	getlocation	getLocation	Search for getLocation	1
https://searches.org.ai/Appsearch	searches.org.ai	Search	Appsearch	appsearch	appSearch	Search for appSearch	1
https://searches.org.ai/GetMeetingAssets	searches.org.ai	Search	GetMeetingAssets	get_meeting_assets	get_meeting_assets	Search for get_meeting_assets	1
https://searches.org.ai/GetVideoMetadata	searches.org.ai	Search	GetVideoMetadata	get_video_metadata	get_video_metadata	Search for get_video_metadata	1
https://searches.org.ai/VideoQna	searches.org.ai	Search	VideoQna	video_qna	video_qna	Search for video_qna	1
https://searches.org.ai/GetRecord	searches.org.ai	Search	GetRecord	get_record	get_record	Search for get_record	5
https://searches.org.ai/FindRecordWithFilters	searches.org.ai	Search	FindRecordWithFilters	find_record_with_filters	find_record_with_filters	Search for find_record_with_filters	1
https://searches.org.ai/ReadRecordActivity	searches.org.ai	Search	ReadRecordActivity	read_record_activity	read_record_activity	Search for read_record_activity	1
https://searches.org.ai/GetAnalysis	searches.org.ai	Search	GetAnalysis	get_analysis	get_analysis	Search for get_analysis	1
https://searches.org.ai/FindCreateContact	searches.org.ai	Search	FindCreateContact	find_create_contact	find_create_contact	Search for find_create_contact	2
https://searches.org.ai/RetrieveRecord	searches.org.ai	Search	RetrieveRecord	retrieve_record	retrieve_record	Search for retrieve_record	1
https://searches.org.ai/KeywordSearch	searches.org.ai	Search	KeywordSearch	keyword_search	keyword_search	Search for keyword_search	2
https://searches.org.ai/SearchQbe	searches.org.ai	Search	SearchQbe	search_qbe	search_qbe	Search for search_qbe	1
https://searches.org.ai/GetIssue	searches.org.ai	Search	GetIssue	get_issue	get_issue	Search for get_issue	2
https://searches.org.ai/FindLessons	searches.org.ai	Search	FindLessons	find_lessons	find_lessons	Search for find_lessons	1
https://searches.org.ai/FindStudents	searches.org.ai	Search	FindStudents	find_students	find_students	Search for find_students	1
https://searches.org.ai/FindStaffs	searches.org.ai	Search	FindStaffs	find_staffs	find_staffs	Search for find_staffs	1
https://searches.org.ai/GetForm	searches.org.ai	Search	GetForm	get_form	get_form	Search for get_form	1
https://searches.org.ai/ActionForLead	searches.org.ai	Search	ActionForLead	action_for_lead	action_for_lead	Search for action_for_lead	1
https://searches.org.ai/ActionForQuote	searches.org.ai	Search	ActionForQuote	action_for_quote	action_for_quote	Search for action_for_quote	1
https://searches.org.ai/ActionForOrder	searches.org.ai	Search	ActionForOrder	action_for_order	action_for_order	Search for action_for_order	1
https://searches.org.ai/ActionForCheckAddressInServiceArea	searches.org.ai	Search	ActionForCheckAddressInServiceArea	action_for_check_address_in_service_area	action_for_check_address_in_service_area	Search for action_for_check_address_in_service_area	1
https://searches.org.ai/GetCreateCustomer	searches.org.ai	Search	GetCreateCustomer	get_create_customer	get_create_customer	Search for get_create_customer	1
https://searches.org.ai/GetCreateSite	searches.org.ai	Search	GetCreateSite	get_create_site	get_create_site	Search for get_create_site	1
https://searches.org.ai/GetCreateEquipment	searches.org.ai	Search	GetCreateEquipment	get_create_equipment	get_create_equipment	Search for get_create_equipment	1
https://searches.org.ai/GetCreateJob	searches.org.ai	Search	GetCreateJob	get_create_job	get_create_job	Search for get_create_job	1
https://searches.org.ai/FindVoucher	searches.org.ai	Search	FindVoucher	find_voucher	find_voucher	Search for find_voucher	2
https://searches.org.ai/FindDealSearch	searches.org.ai	Search	FindDealSearch	find_deal_search	find_deal_search	Search for find_deal_search	1
https://searches.org.ai/GetASpecificSubscriber	searches.org.ai	Search	GetASpecificSubscriber	get_a_specific_subscriber	get_a_specific_subscriber	Search for get_a_specific_subscriber	1
https://searches.org.ai/GetSubscriberList	searches.org.ai	Search	GetSubscriberList	get_subscriber_list	get_subscriber_list	Search for get_subscriber_list	1
https://searches.org.ai/ListLabels	searches.org.ai	Search	ListLabels	list_labels	list_labels	Search for list_labels	1
https://searches.org.ai/ListIndexes	searches.org.ai	Search	ListIndexes	list_indexes	list_indexes	Search for list_indexes	1
https://searches.org.ai/DescribeIndexStats	searches.org.ai	Search	DescribeIndexStats	describe_index_stats	describe_index_stats	Search for describe_index_stats	1
https://searches.org.ai/DescribeIndex	searches.org.ai	Search	DescribeIndex	describe_index	describe_index	Search for describe_index	1
https://searches.org.ai/DescribeNamespace	searches.org.ai	Search	DescribeNamespace	describe_namespace	describe_namespace	Search for describe_namespace	1
https://searches.org.ai/ListNamespaces	searches.org.ai	Search	ListNamespaces	list_namespaces	list_namespaces	Search for list_namespaces	1
https://searches.org.ai/ListRecords	searches.org.ai	Search	ListRecords	list_records	list_records	Search for list_records	1
https://searches.org.ai/SearchRecords	searches.org.ai	Search	SearchRecords	search_records	search_records	Search for search_records	3
https://searches.org.ai/Bill	searches.org.ai	Search	Bill	bill	bill	Search for bill	1
https://searches.org.ai/Awardearnedsearch	searches.org.ai	Search	Awardearnedsearch	awardearnedsearch	awardEarnedSearch	Search for awardEarnedSearch	1
https://searches.org.ai/Checklistprogresssearch	searches.org.ai	Search	Checklistprogresssearch	checklistprogresssearch	checklistProgressSearch	Search for checklistProgressSearch	1
https://searches.org.ai/Usercourseprogresssearch	searches.org.ai	Search	Usercourseprogresssearch	usercourseprogresssearch	userCourseProgressSearch	Search for userCourseProgressSearch	1
https://searches.org.ai/Coursecategorysearch	searches.org.ai	Search	Coursecategorysearch	coursecategorysearch	courseCategorySearch	Search for courseCategorySearch	1
https://searches.org.ai/Quizsearch	searches.org.ai	Search	Quizsearch	quizsearch	quizSearch	Search for quizSearch	1
https://searches.org.ai/Quizresultsearch	searches.org.ai	Search	Quizresultsearch	quizresultsearch	quizResultSearch	Search for quizResultSearch	1
https://searches.org.ai/Checklistsearch	searches.org.ai	Search	Checklistsearch	checklistsearch	checklistSearch	Search for checklistSearch	1
https://searches.org.ai/Assignmentsearch	searches.org.ai	Search	Assignmentsearch	assignmentsearch	assignmentSearch	Search for assignmentSearch	2
https://searches.org.ai/Awardsearch	searches.org.ai	Search	Awardsearch	awardsearch	awardSearch	Search for awardSearch	1
https://searches.org.ai/Lessonsearch	searches.org.ai	Search	Lessonsearch	lessonsearch	lessonSearch	Search for lessonSearch	1
https://searches.org.ai/Objectsearch	searches.org.ai	Search	Objectsearch	objectsearch	objectSearch	Search for objectSearch	1
https://searches.org.ai/Objecttypesearch	searches.org.ai	Search	Objecttypesearch	objecttypesearch	objectTypeSearch	Search for objectTypeSearch	1
https://searches.org.ai/Courseprogresssearch	searches.org.ai	Search	Courseprogresssearch	courseprogresssearch	courseProgressSearch	Search for courseProgressSearch	1
https://searches.org.ai/Mediaitemsearch	searches.org.ai	Search	Mediaitemsearch	mediaitemsearch	mediaItemSearch	Search for mediaItemSearch	1
https://searches.org.ai/Mediacategorysearch	searches.org.ai	Search	Mediacategorysearch	mediacategorysearch	mediaCategorySearch	Search for mediaCategorySearch	1
https://searches.org.ai/Customfieldsearch	searches.org.ai	Search	Customfieldsearch	customfieldsearch	customFieldSearch	Search for customFieldSearch	1
https://searches.org.ai/Eventregistrationsearch	searches.org.ai	Search	Eventregistrationsearch	eventregistrationsearch	eventRegistrationSearch	Search for eventRegistrationSearch	1
https://searches.org.ai/Usermulti	searches.org.ai	Search	Usermulti	usermulti	userMulti	Search for userMulti	1
https://searches.org.ai/Awardearnedmulti	searches.org.ai	Search	Awardearnedmulti	awardearnedmulti	awardEarnedMulti	Search for awardEarnedMulti	1
https://searches.org.ai/Checklistprogressmulti	searches.org.ai	Search	Checklistprogressmulti	checklistprogressmulti	checklistProgressMulti	Search for checklistProgressMulti	1
https://searches.org.ai/Usercourseprogressmulti	searches.org.ai	Search	Usercourseprogressmulti	usercourseprogressmulti	userCourseProgressMulti	Search for userCourseProgressMulti	1
https://searches.org.ai/Teammulti	searches.org.ai	Search	Teammulti	teammulti	teamMulti	Search for teamMulti	1
https://searches.org.ai/Groupmulti	searches.org.ai	Search	Groupmulti	groupmulti	groupMulti	Search for groupMulti	1
https://searches.org.ai/Eventmulti	searches.org.ai	Search	Eventmulti	eventmulti	eventMulti	Search for eventMulti	1
https://searches.org.ai/Coursemulti	searches.org.ai	Search	Coursemulti	coursemulti	courseMulti	Search for courseMulti	1
https://searches.org.ai/Coursecategorymulti	searches.org.ai	Search	Coursecategorymulti	coursecategorymulti	courseCategoryMulti	Search for courseCategoryMulti	1
https://searches.org.ai/Meetingmulti	searches.org.ai	Search	Meetingmulti	meetingmulti	meetingMulti	Search for meetingMulti	1
https://searches.org.ai/Quizmulti	searches.org.ai	Search	Quizmulti	quizmulti	quizMulti	Search for quizMulti	1
https://searches.org.ai/Quizresultmulti	searches.org.ai	Search	Quizresultmulti	quizresultmulti	quizResultMulti	Search for quizResultMulti	1
https://searches.org.ai/Checklistmulti	searches.org.ai	Search	Checklistmulti	checklistmulti	checklistMulti	Search for checklistMulti	1
https://searches.org.ai/Assignmentmulti	searches.org.ai	Search	Assignmentmulti	assignmentmulti	assignmentMulti	Search for assignmentMulti	1
https://searches.org.ai/Awardmulti	searches.org.ai	Search	Awardmulti	awardmulti	awardMulti	Search for awardMulti	1
https://searches.org.ai/Subscriptionmulti	searches.org.ai	Search	Subscriptionmulti	subscriptionmulti	subscriptionMulti	Search for subscriptionMulti	1
https://searches.org.ai/Lessonmulti	searches.org.ai	Search	Lessonmulti	lessonmulti	lessonMulti	Search for lessonMulti	1
https://searches.org.ai/Objectmulti	searches.org.ai	Search	Objectmulti	objectmulti	objectMulti	Search for objectMulti	1
https://searches.org.ai/Objecttypemulti	searches.org.ai	Search	Objecttypemulti	objecttypemulti	objectTypeMulti	Search for objectTypeMulti	1
https://searches.org.ai/Surveyresponsemulti	searches.org.ai	Search	Surveyresponsemulti	surveyresponsemulti	surveyResponseMulti	Search for surveyResponseMulti	1
https://searches.org.ai/Courseprogressmulti	searches.org.ai	Search	Courseprogressmulti	courseprogressmulti	courseProgressMulti	Search for courseProgressMulti	1
https://searches.org.ai/Mediaitemmulti	searches.org.ai	Search	Mediaitemmulti	mediaitemmulti	mediaItemMulti	Search for mediaItemMulti	1
https://searches.org.ai/Mediacategorymulti	searches.org.ai	Search	Mediacategorymulti	mediacategorymulti	mediaCategoryMulti	Search for mediaCategoryMulti	1
https://searches.org.ai/Customfieldmulti	searches.org.ai	Search	Customfieldmulti	customfieldmulti	customFieldMulti	Search for customFieldMulti	1
https://searches.org.ai/Eventregistrationmulti	searches.org.ai	Search	Eventregistrationmulti	eventregistrationmulti	eventRegistrationMulti	Search for eventRegistrationMulti	1
https://searches.org.ai/WorkflowDetails	searches.org.ai	Search	WorkflowDetails	workflow_details	WORKFLOW_DETAILS	Search for WORKFLOW_DETAILS	1
https://searches.org.ai/GetItem	searches.org.ai	Search	GetItem	get_item	get_item	Search for get_item	4
https://searches.org.ai/GetAListOfItems	searches.org.ai	Search	GetAListOfItems	get_a_list_of_items	get_a_list_of_items	Search for get_a_list_of_items	1
https://searches.org.ai/GetTrendreport	searches.org.ai	Search	GetTrendreport	get_trendreport	get_trendreport	Search for get_trendreport	1
https://searches.org.ai/GetKeywordreport	searches.org.ai	Search	GetKeywordreport	get_keywordreport	get_keywordreport	Search for get_keywordreport	1
https://searches.org.ai/GetLocationreport	searches.org.ai	Search	GetLocationreport	get_locationreport	get_locationreport	Search for get_locationreport	1
https://searches.org.ai/GetAllScans	searches.org.ai	Search	GetAllScans	get_all_scans	get_all_scans	Search for get_all_scans	1
https://searches.org.ai/GetTrendReports	searches.org.ai	Search	GetTrendReports	get_trend_reports	get_trend_reports	Search for get_trend_reports	1
https://searches.org.ai/GetKeywordReports	searches.org.ai	Search	GetKeywordReports	get_keyword_reports	get_keyword_reports	Search for get_keyword_reports	1
https://searches.org.ai/GetLocationReports	searches.org.ai	Search	GetLocationReports	get_location_reports	get_location_reports	Search for get_location_reports	1
https://searches.org.ai/GetCampaignreport	searches.org.ai	Search	GetCampaignreport	get_campaignreport	get_campaignreport	Search for get_campaignreport	1
https://searches.org.ai/GetAllCampaigns	searches.org.ai	Search	GetAllCampaigns	get_all_campaigns	get_all_campaigns	Search for get_all_campaigns	1
https://searches.org.ai/GetCompetitorReport	searches.org.ai	Search	GetCompetitorReport	get_competitor_report	get_competitor_report	Search for get_competitor_report	1
https://searches.org.ai/GetFalconguard	searches.org.ai	Search	GetFalconguard	get_falconguard	get_falconguard	Search for get_falconguard	1
https://searches.org.ai/GetAllFalconguard	searches.org.ai	Search	GetAllFalconguard	get_all_falconguard	get_all_falconguard	Search for get_all_falconguard	1
https://searches.org.ai/Findentityobject	searches.org.ai	Search	Findentityobject	findentityobject	findEntityObject	Search for findEntityObject	1
https://searches.org.ai/GetAgents	searches.org.ai	Search	GetAgents	get_agents	get_agents	Search for get_agents	2
https://searches.org.ai/GetCustomerPropertiesList	searches.org.ai	Search	GetCustomerPropertiesList	get_customer_properties_list	get_customer_properties_list	Search for get_customer_properties_list	1
https://searches.org.ai/ListWebhooks	searches.org.ai	Search	ListWebhooks	list_webhooks	list_webhooks	Search for list_webhooks	1
https://searches.org.ai/ListDeliveryOptions	searches.org.ai	Search	ListDeliveryOptions	list_delivery_options	list_delivery_options	Search for list_delivery_options	1
https://searches.org.ai/SubscriberFind	searches.org.ai	Search	SubscriberFind	subscriber-find	subscriber-find	Search for subscriber-find	1
https://searches.org.ai/FindEbookByResourceID	searches.org.ai	Search	FindEbookByResourceID	find_ebook_by_resource_id	find_ebook_by_resource_id	Search for find_ebook_by_resource_id	1
https://searches.org.ai/GetProjectPages	searches.org.ai	Search	GetProjectPages	get_project_pages	get_project_pages	Search for get_project_pages	1
https://searches.org.ai/GetProjectPage	searches.org.ai	Search	GetProjectPage	get_project_page	get_project_page	Search for get_project_page	1
https://searches.org.ai/GetCollaborators	searches.org.ai	Search	GetCollaborators	get_collaborators	get_collaborators	Search for get_collaborators	1
https://searches.org.ai/GetPayment	searches.org.ai	Search	GetPayment	get_payment	get_payment	Search for get_payment	1
https://searches.org.ai/GetDonation	searches.org.ai	Search	GetDonation	get_donation	get_donation	Search for get_donation	1
https://searches.org.ai/GetAppeal	searches.org.ai	Search	GetAppeal	get_appeal	get_appeal	Search for get_appeal	1
https://searches.org.ai/GetSpace	searches.org.ai	Search	GetSpace	get_space	get_space	Search for get_space	2
https://searches.org.ai/GetSpaceByThirdPartyID	searches.org.ai	Search	GetSpaceByThirdPartyID	get_space_by_third_party_id	get_space_by_third_party_id	Search for get_space_by_third_party_id	1
https://searches.org.ai/GetSpaceOutstandingTasks	searches.org.ai	Search	GetSpaceOutstandingTasks	get_space_outstanding_tasks	get_space_outstanding_tasks	Search for get_space_outstanding_tasks	1
https://searches.org.ai/GetSpaceThirdPartyIds	searches.org.ai	Search	GetSpaceThirdPartyIds	get_space_third_party_ids	get_space_third_party_ids	Search for get_space_third_party_ids	1
https://searches.org.ai/ListSpaceCustomProperties	searches.org.ai	Search	ListSpaceCustomProperties	list_space_custom_properties	list_space_custom_properties	Search for list_space_custom_properties	1
https://searches.org.ai/GetSpaceForms	searches.org.ai	Search	GetSpaceForms	get_space_forms	get_space_forms	Search for get_space_forms	1
https://searches.org.ai/Findclientbyid	searches.org.ai	Search	Findclientbyid	findclientbyid	findClientById	Search for findClientById	1
https://searches.org.ai/SeachStats	searches.org.ai	Search	SeachStats	seach_stats	seach_stats	Search for seach_stats	1
https://searches.org.ai/SearchMedia	searches.org.ai	Search	SearchMedia	search_media	search_media	Search for search_media	1
https://searches.org.ai/SearchWebhook	searches.org.ai	Search	SearchWebhook	search_webhook	search_webhook	Search for search_webhook	1
https://searches.org.ai/SearchShipment	searches.org.ai	Search	SearchShipment	search_shipment	search_shipment	Search for search_shipment	1
https://searches.org.ai/SearchShipmentCarrier	searches.org.ai	Search	SearchShipmentCarrier	search_shipment_carrier	search_shipment_carrier	Search for search_shipment_carrier	1
https://searches.org.ai/SearchShipping	searches.org.ai	Search	SearchShipping	search_shipping	search_shipping	Search for search_shipping	1
https://searches.org.ai/SearchBrand	searches.org.ai	Search	SearchBrand	search_brand	search_brand	Search for search_brand	1
https://searches.org.ai/SearchProductOption	searches.org.ai	Search	SearchProductOption	search_product_option	search_product_option	Search for search_product_option	1
https://searches.org.ai/SearchProductOptionGroup	searches.org.ai	Search	SearchProductOptionGroup	search_product_option_group	search_product_option_group	Search for search_product_option_group	1
https://searches.org.ai/SearchProductSearch	searches.org.ai	Search	SearchProductSearch	search_product_search	search_product_search	Search for search_product_search	1
https://searches.org.ai/SearchStore	searches.org.ai	Search	SearchStore	search_store	search_store	Search for search_store	1
https://searches.org.ai/SearchCategory	searches.org.ai	Search	SearchCategory	search_category	search_category	Search for search_category	2
https://searches.org.ai/SearchProductID	searches.org.ai	Search	SearchProductID	search_product_id	search_product_id	Search for search_product_id	1
https://searches.org.ai/SearchProductSku	searches.org.ai	Search	SearchProductSku	search_product_sku	search_product_sku	Search for search_product_sku	1
https://searches.org.ai/Findpartner	searches.org.ai	Search	Findpartner	findpartner	FindPartner	Search for FindPartner	1
https://searches.org.ai/Searchrecipient	searches.org.ai	Search	Searchrecipient	searchrecipient	searchRecipient	Search for searchRecipient	1
https://searches.org.ai/Searchnewsletter	searches.org.ai	Search	Searchnewsletter	searchnewsletter	searchNewsletter	Search for searchNewsletter	1
https://searches.org.ai/Searchgroup	searches.org.ai	Search	Searchgroup	searchgroup	searchGroup	Search for searchGroup	1
https://searches.org.ai/FindCompetency	searches.org.ai	Search	FindCompetency	find_competency	find_competency	Search for find_competency	1
https://searches.org.ai/FindUserCompetency	searches.org.ai	Search	FindUserCompetency	find_user_competency	find_user_competency	Search for find_user_competency	1
https://searches.org.ai/FindRelationalContact	searches.org.ai	Search	FindRelationalContact	find_relational_contact	find_relational_contact	Search for find_relational_contact	1
https://searches.org.ai/FindInduction	searches.org.ai	Search	FindInduction	find_induction	find_induction	Search for find_induction	1
https://searches.org.ai/FindUserInduction	searches.org.ai	Search	FindUserInduction	find_user_induction	find_user_induction	Search for find_user_induction	1
https://searches.org.ai/FindOrderTasks	searches.org.ai	Search	FindOrderTasks	find_order_tasks	find_order_tasks	Search for find_order_tasks	1
https://searches.org.ai/FindAssetByID	searches.org.ai	Search	FindAssetByID	find_asset_by_id	find_asset_by_id	Search for find_asset_by_id	1
https://searches.org.ai/FindChargeItems	searches.org.ai	Search	FindChargeItems	find_charge_items	find_charge_items	Search for find_charge_items	1
https://searches.org.ai/FindDigitalDocket	searches.org.ai	Search	FindDigitalDocket	find_digital_docket	find_digital_docket	Search for find_digital_docket	1
https://searches.org.ai/FindOrderChargeItems	searches.org.ai	Search	FindOrderChargeItems	find_order_charge_items	find_order_charge_items	Search for find_order_charge_items	1
https://searches.org.ai/FindDigitalDocketWorkerQuestions	searches.org.ai	Search	FindDigitalDocketWorkerQuestions	find_digital_docket_worker_questions	find_digital_docket_worker_questions	Search for find_digital_docket_worker_questions	1
https://searches.org.ai/FindOrderByWo	searches.org.ai	Search	FindOrderByWo	find_order_by_wo	find_order_by_wo	Search for find_order_by_wo	1
https://searches.org.ai/FindTimesheetWorkItem	searches.org.ai	Search	FindTimesheetWorkItem	find_timesheet_work_item	find_timesheet_work_item	Search for find_timesheet_work_item	1
https://searches.org.ai/FindDigitalDocketTimeEntries	searches.org.ai	Search	FindDigitalDocketTimeEntries	find_digital_docket_time_entries	find_digital_docket_time_entries	Search for find_digital_docket_time_entries	1
https://searches.org.ai/FindProjectWorkItems	searches.org.ai	Search	FindProjectWorkItems	find_project_work_items	find_project_work_items	Search for find_project_work_items	1
https://searches.org.ai/FindChargeCode	searches.org.ai	Search	FindChargeCode	find_charge_code	find_charge_code	Search for find_charge_code	1
https://searches.org.ai/GetCampaignSubmissions	searches.org.ai	Search	GetCampaignSubmissions	get_campaign_submissions	get_campaign_submissions	Search for get_campaign_submissions	1
https://searches.org.ai/GetFinancialApplications	searches.org.ai	Search	GetFinancialApplications	get_financial_applications	get_financial_applications	Search for get_financial_applications	1
https://searches.org.ai/GetFinancialApplicationInformation	searches.org.ai	Search	GetFinancialApplicationInformation	get_financial_application_information	get_financial_application_information	Search for get_financial_application_information	1
https://searches.org.ai/FindApplicantProgress	searches.org.ai	Search	FindApplicantProgress	find_applicant_progress	find_applicant_progress	Search for find_applicant_progress	1
https://searches.org.ai/FindContactWithMultiplePhoneNumbers	searches.org.ai	Search	FindContactWithMultiplePhoneNumbers	find_contact_with_multiple_phone_numbers	find_contact_with_multiple_phone_numbers	Search for find_contact_with_multiple_phone_numbers	1
https://searches.org.ai/FindStudent	searches.org.ai	Search	FindStudent	find_student	find_student	Search for find_student	1
https://searches.org.ai/FindProfessor	searches.org.ai	Search	FindProfessor	find_professor	find_professor	Search for find_professor	1
https://searches.org.ai/FindAdmin	searches.org.ai	Search	FindAdmin	find_admin	find_admin	Search for find_admin	1
https://searches.org.ai/FindDocumentTemplate	searches.org.ai	Search	FindDocumentTemplate	find_document_template	find_document_template	Search for find_document_template	1
https://searches.org.ai/FindExternal	searches.org.ai	Search	FindExternal	find_external	find_external	Search for find_external	2
https://searches.org.ai/SearchFindprospect	searches.org.ai	Search	SearchFindprospect	search_findprospect	search_findProspect	Search for search_findProspect	1
https://searches.org.ai/SearchPromotor	searches.org.ai	Search	SearchPromotor	search_promotor	search_promotor	Search for search_promotor	1
https://searches.org.ai/SearchRecommendation	searches.org.ai	Search	SearchRecommendation	search_recommendation	search_recommendation	Search for search_recommendation	1
https://searches.org.ai/SearchMessageTemplate	searches.org.ai	Search	SearchMessageTemplate	search_message_template	search_message_template	Search for search_message_template	1
https://searches.org.ai/FindRepresentative	searches.org.ai	Search	FindRepresentative	find_representative	find_representative	Search for find_representative	1
https://searches.org.ai/FindCountry	searches.org.ai	Search	FindCountry	find_country	find_country	Search for find_country	1
https://searches.org.ai/FindCompanygroup	searches.org.ai	Search	FindCompanygroup	find_companygroup	find_companygroup	Search for find_companygroup	1
https://searches.org.ai/Community	searches.org.ai	Search	Community	community	community	Search for community	1
https://searches.org.ai/FindRelation	searches.org.ai	Search	FindRelation	find_relation	find_relation	Search for find_relation	1
https://searches.org.ai/FindMutation	searches.org.ai	Search	FindMutation	find_mutation	find_mutation	Search for find_mutation	1
https://searches.org.ai/GetLedgerBalance	searches.org.ai	Search	GetLedgerBalance	get_ledger_balance	get_ledger_balance	Search for get_ledger_balance	1
https://searches.org.ai/GetOutstandingInvoices	searches.org.ai	Search	GetOutstandingInvoices	get_outstanding_invoices	get_outstanding_invoices	Search for get_outstanding_invoices	1
https://searches.org.ai/GetNotes	searches.org.ai	Search	GetNotes	get_notes	get_notes	Search for get_notes	1
https://searches.org.ai/GetAssignments	searches.org.ai	Search	GetAssignments	get_assignments	get_assignments	Search for get_assignments	1
https://searches.org.ai/FindArticles	searches.org.ai	Search	FindArticles	find_articles	find_articles	Search for find_articles	1
https://searches.org.ai/SearchFoldersJSON	searches.org.ai	Search	SearchFoldersJSON	search_folders_json	search_folders_json	Search for search_folders_json	1
https://searches.org.ai/SearchResourcesJSON	searches.org.ai	Search	SearchResourcesJSON	search_resources_json	search_resources_json	Search for search_resources_json	1
https://searches.org.ai/SearchRecordsJSON	searches.org.ai	Search	SearchRecordsJSON	search_records_json	search_records_json	Search for search_records_json	1
https://searches.org.ai/SearchUsersJSON	searches.org.ai	Search	SearchUsersJSON	search_users_json	search_users_json	Search for search_users_json	1
https://searches.org.ai/SearchFiltersJSON	searches.org.ai	Search	SearchFiltersJSON	search_filters_json	search_filters_json	Search for search_filters_json	1
https://searches.org.ai/SearchGroupsJSON	searches.org.ai	Search	SearchGroupsJSON	search_groups_json	search_groups_json	Search for search_groups_json	1
https://searches.org.ai/SearchProfilerFilesJSON	searches.org.ai	Search	SearchProfilerFilesJSON	search_profiler_files_json	search_profiler_files_json	Search for search_profiler_files_json	1
https://searches.org.ai/SearchWorkflowRequestsJSON	searches.org.ai	Search	SearchWorkflowRequestsJSON	search_workflow_requests_json	search_workflow_requests_json	Search for search_workflow_requests_json	1
https://searches.org.ai/SearchMarkupCommentsJSON	searches.org.ai	Search	SearchMarkupCommentsJSON	search_markup_comments_json	search_markup_comments_json	Search for search_markup_comments_json	1
https://searches.org.ai/SearchCustomPagesJSON	searches.org.ai	Search	SearchCustomPagesJSON	search_custom_pages_json	search_custom_pages_json	Search for search_custom_pages_json	1
https://searches.org.ai/SearchUnitGuest	searches.org.ai	Search	SearchUnitGuest	search_unit_guest	search_unit_guest	Search for search_unit_guest	1
https://searches.org.ai/GroupsFindAUser	searches.org.ai	Search	GroupsFindAUser	groups_find_a_user	groups_find_a_user	Search for groups_find_a_user	1
https://searches.org.ai/OrganisationSearch	searches.org.ai	Search	OrganisationSearch	organisation_search	organisation_search	Search for organisation_search	1
https://searches.org.ai/Ratesearch	searches.org.ai	Search	Ratesearch	ratesearch	rateSearch	Search for rateSearch	1
https://searches.org.ai/GetProcessTemplateHeaderIDProcessInstanceHeaderListSearch	searches.org.ai	Search	GetProcessTemplateHeaderIDProcessInstanceHeaderListSearch	get_process_template_header_id_process_instance_header_list_search	get_process_template_header_id_process_instance_header_list_search	Search for get_process_template_header_id_process_instance_header_list_search	1
https://searches.org.ai/Findfolder	searches.org.ai	Search	Findfolder	findfolder	findFolder	Search for findFolder	2
https://searches.org.ai/Findfile	searches.org.ai	Search	Findfile	findfile	findFile	Search for findFile	2
https://searches.org.ai/FindUserBillingSubscriptions	searches.org.ai	Search	FindUserBillingSubscriptions	find_user_billing_subscriptions	find_user_billing_subscriptions	Search for find_user_billing_subscriptions	1
https://searches.org.ai/GetCustomer	searches.org.ai	Search	GetCustomer	get_customer	get_customer	Search for get_customer	13
https://searches.org.ai/GetSupplier	searches.org.ai	Search	GetSupplier	get_supplier	get_supplier	Search for get_supplier	2
https://searches.org.ai/GetPo	searches.org.ai	Search	GetPo	get_po	get_po	Search for get_po	1
https://searches.org.ai/FindPo	searches.org.ai	Search	FindPo	find_po	find_po	Search for find_po	1
https://searches.org.ai/GetQuoteStructure	searches.org.ai	Search	GetQuoteStructure	get_quote_structure	get_quote_structure	Search for get_quote_structure	1
https://searches.org.ai/FindAreaGroup	searches.org.ai	Search	FindAreaGroup	find_area_group	find_area_group	Search for find_area_group	1
https://searches.org.ai/FindArea	searches.org.ai	Search	FindArea	find_area	find_area	Search for find_area	1
https://searches.org.ai/FindSubsystems	searches.org.ai	Search	FindSubsystems	find_subsystems	find_subsystems	Search for find_subsystems	1
https://searches.org.ai/CreateStructure	searches.org.ai	Search	CreateStructure	create_structure	create_structure	Search for create_structure	1
https://searches.org.ai/FindTapper	searches.org.ai	Search	FindTapper	find_tapper	find_tapper	Search for find_tapper	1
https://searches.org.ai/GetColumn	searches.org.ai	Search	GetColumn	get_column	get_column	Search for get_column	1
https://searches.org.ai/DupeCheck	searches.org.ai	Search	DupeCheck	dupe_check	dupe_check	Search for dupe_check	1
https://searches.org.ai/Pipeline	searches.org.ai	Search	Pipeline	pipeline	pipeline	Search for pipeline	1
https://searches.org.ai/Pipelines	searches.org.ai	Search	Pipelines	pipelines	pipelines	Search for pipelines	1
https://searches.org.ai/Companyowners	searches.org.ai	Search	Companyowners	companyowners	companyOwners	Search for companyOwners	1
https://searches.org.ai/Companytasks	searches.org.ai	Search	Companytasks	companytasks	companyTasks	Search for companyTasks	1
https://searches.org.ai/Notifications	searches.org.ai	Search	Notifications	notifications	notifications	Search for notifications	1
https://searches.org.ai/Stages	searches.org.ai	Search	Stages	stages	stages	Search for stages	2
https://searches.org.ai/Recentdocuments	searches.org.ai	Search	Recentdocuments	recentdocuments	recentDocuments	Search for recentDocuments	1
https://searches.org.ai/Companiesstage	searches.org.ai	Search	Companiesstage	companiesstage	companiesStage	Search for companiesStage	1
https://searches.org.ai/Companysearchdf	searches.org.ai	Search	Companysearchdf	companysearchdf	companySearchDf	Search for companySearchDf	1
https://searches.org.ai/Fields	searches.org.ai	Search	Fields	fields	fields	Search for fields	1
https://searches.org.ai/Companyexport	searches.org.ai	Search	Companyexport	companyexport	companyExport	Search for companyExport	1
https://searches.org.ai/Dfpfcompanies	searches.org.ai	Search	Dfpfcompanies	dfpfcompanies	dfPfCompanies	Search for dfPfCompanies	1
https://searches.org.ai/Companycomments	searches.org.ai	Search	Companycomments	companycomments	companyComments	Search for companyComments	1
https://searches.org.ai/Companymetrics	searches.org.ai	Search	Companymetrics	companymetrics	companyMetrics	Search for companyMetrics	1
https://searches.org.ai/Companycontacts	searches.org.ai	Search	Companycontacts	companycontacts	companyContacts	Search for companyContacts	1
https://searches.org.ai/Companynews	searches.org.ai	Search	Companynews	companynews	companyNews	Search for companyNews	1
https://searches.org.ai/Companycaptables	searches.org.ai	Search	Companycaptables	companycaptables	companyCaptables	Search for companyCaptables	1
https://searches.org.ai/Companyfiles	searches.org.ai	Search	Companyfiles	companyfiles	companyFiles	Search for companyFiles	1
https://searches.org.ai/Companysubmissions	searches.org.ai	Search	Companysubmissions	companysubmissions	companySubmissions	Search for companySubmissions	1
https://searches.org.ai/Companytimelines	searches.org.ai	Search	Companytimelines	companytimelines	companyTimelines	Search for companyTimelines	1
https://searches.org.ai/Companyfundinginvestor	searches.org.ai	Search	Companyfundinginvestor	companyfundinginvestor	companyFundingInvestor	Search for companyFundingInvestor	1
https://searches.org.ai/Companyscorecards	searches.org.ai	Search	Companyscorecards	companyscorecards	companyScorecards	Search for companyScorecards	1
https://searches.org.ai/Companyinvestordetails	searches.org.ai	Search	Companyinvestordetails	companyinvestordetails	companyInvestorDetails	Search for companyInvestorDetails	1
https://searches.org.ai/GetOpportunity	searches.org.ai	Search	GetOpportunity	get_opportunity	get_opportunity	Search for get_opportunity	2
https://searches.org.ai/GetEquipment	searches.org.ai	Search	GetEquipment	get_equipment	get_equipment	Search for get_equipment	1
https://searches.org.ai/GetNote	searches.org.ai	Search	GetNote	get_note	get_note	Search for get_note	3
https://searches.org.ai/GetExpense	searches.org.ai	Search	GetExpense	get_expense	get_expense	Search for get_expense	1
https://searches.org.ai/GetTicket	searches.org.ai	Search	GetTicket	get_ticket	get_ticket	Search for get_ticket	2
https://searches.org.ai/GetProjectTask	searches.org.ai	Search	GetProjectTask	get_project_task	get_project_task	Search for get_project_task	1
https://searches.org.ai/GetProjectSubtask	searches.org.ai	Search	GetProjectSubtask	get_project_subtask	get_project_subtask	Search for get_project_subtask	1
https://searches.org.ai/MetadataPoint	searches.org.ai	Search	MetadataPoint	metadata_point	metadata_point	Search for metadata_point	1
https://searches.org.ai/CloudListCloudResources	searches.org.ai	Search	CloudListCloudResources	cloud_list_cloud_resources	cloud_list_cloud_resources	Search for cloud_list_cloud_resources	1
https://searches.org.ai/CloudGetACloudResource	searches.org.ai	Search	CloudGetACloudResource	cloud_get_a_cloud_resource	cloud_get_a_cloud_resource	Search for cloud_get_a_cloud_resource	1
https://searches.org.ai/ControlListControl	searches.org.ai	Search	ControlListControl	control_list_control	control_list_control	Search for control_list_control	1
https://searches.org.ai/ControlGetAControl	searches.org.ai	Search	ControlGetAControl	control_get_a_control	control_get_a_control	Search for control_get_a_control	1
https://searches.org.ai/DevideListDevice	searches.org.ai	Search	DevideListDevice	devide_list_device	devide_list_device	Search for devide_list_device	1
https://searches.org.ai/DeviceGetADevice	searches.org.ai	Search	DeviceGetADevice	device_get_a_device	device_get_a_device	Search for device_get_a_device	1
https://searches.org.ai/EvidenceGetAnEvidence	searches.org.ai	Search	EvidenceGetAnEvidence	evidence_get_an_evidence	evidence_get_an_evidence	Search for evidence_get_an_evidence	1
https://searches.org.ai/FrameworkListFrameworks	searches.org.ai	Search	FrameworkListFrameworks	framework_list_frameworks	framework_list_frameworks	Search for framework_list_frameworks	1
https://searches.org.ai/FrameworkGetAFramework	searches.org.ai	Search	FrameworkGetAFramework	framework_get_a_framework	framework_get_a_framework	Search for framework_get_a_framework	1
https://searches.org.ai/IntegrationListIntegration	searches.org.ai	Search	IntegrationListIntegration	integration_list_integration	integration_list_Integration	Search for integration_list_Integration	1
https://searches.org.ai/IntegrationGetAnIntegration	searches.org.ai	Search	IntegrationGetAnIntegration	integration_get_an_integration	integration_get_an_integration	Search for integration_get_an_integration	1
https://searches.org.ai/RepositoriesListRepositories	searches.org.ai	Search	RepositoriesListRepositories	repositories_list_repositories	repositories_list_repositories	Search for repositories_list_repositories	1
https://searches.org.ai/RepositoryGetARepository	searches.org.ai	Search	RepositoryGetARepository	repository_get_a_repository	repository_get_a_repository	Search for repository_get_a_repository	1
https://searches.org.ai/TestListTest	searches.org.ai	Search	TestListTest	test_list_test	test_list_test	Search for test_list_test	1
https://searches.org.ai/GetATest	searches.org.ai	Search	GetATest	get_a_test	get_a_test	Search for get_a_test	1
https://searches.org.ai/TrustCenterRequestListTrustCenterRequest	searches.org.ai	Search	TrustCenterRequestListTrustCenterRequest	trust_center_request_list_trust_center_request	trust_center_request_list_trust_center_request	Search for trust_center_request_list_trust_center_request	1
https://searches.org.ai/TrustCenterRequestGetATrustCenterRequest	searches.org.ai	Search	TrustCenterRequestGetATrustCenterRequest	trust_center_request_get_a_trust_center_request	trust_center_request_get_a_trust_center_request	Search for trust_center_request_get_a_trust_center_request	1
https://searches.org.ai/UserListUser	searches.org.ai	Search	UserListUser	user_list_user	user_list_user	Search for user_list_user	1
https://searches.org.ai/UserGetAUser	searches.org.ai	Search	UserGetAUser	user_get_a_user	user_get_a_user	Search for user_get_a_user	1
https://searches.org.ai/UserAccountListUserAccounts	searches.org.ai	Search	UserAccountListUserAccounts	user_account_list_user_accounts	user_account_list_user_accounts	Search for user_account_list_user_accounts	1
https://searches.org.ai/UserAccountGetAUserAccount	searches.org.ai	Search	UserAccountGetAUserAccount	user_account_get_a_user_account	user_account_get_a_user_account	Search for user_account_get_a_user_account	1
https://searches.org.ai/VendorListVendors	searches.org.ai	Search	VendorListVendors	vendor_list_vendors	vendor_list_vendors	Search for vendor_list_vendors	1
https://searches.org.ai/VendorGetAVendor	searches.org.ai	Search	VendorGetAVendor	vendor_get_a_vendor	vendor_get_a_vendor	Search for vendor_get_a_vendor	1
https://searches.org.ai/FindDocumentsByProject	searches.org.ai	Search	FindDocumentsByProject	find_documents_by_project	find_documents_by_project	Search for find_documents_by_project	1
https://searches.org.ai/FindFilesByProject	searches.org.ai	Search	FindFilesByProject	find_files_by_project	find_files_by_project	Search for find_files_by_project	1
https://searches.org.ai/FindSnapshotsByProject	searches.org.ai	Search	FindSnapshotsByProject	find_snapshots_by_project	find_snapshots_by_project	Search for find_snapshots_by_project	1
https://searches.org.ai/FindDocumentsByConversation	searches.org.ai	Search	FindDocumentsByConversation	find_documents_by_conversation	find_documents_by_conversation	Search for find_documents_by_conversation	1
https://searches.org.ai/FindFilesByConversation	searches.org.ai	Search	FindFilesByConversation	find_files_by_conversation	find_files_by_conversation	Search for find_files_by_conversation	1
https://searches.org.ai/FindSnapshotsByConversation	searches.org.ai	Search	FindSnapshotsByConversation	find_snapshots_by_conversation	find_snapshots_by_conversation	Search for find_snapshots_by_conversation	1
https://searches.org.ai/FindRecordingsByProject	searches.org.ai	Search	FindRecordingsByProject	find_recordings_by_project	find_recordings_by_project	Search for find_recordings_by_project	1
https://searches.org.ai/FindRecordingsByConversation	searches.org.ai	Search	FindRecordingsByConversation	find_recordings_by_conversation	find_recordings_by_conversation	Search for find_recordings_by_conversation	1
https://searches.org.ai/FindConversations	searches.org.ai	Search	FindConversations	find_conversations	find_conversations	Search for find_conversations	1
https://searches.org.ai/FindAllTags	searches.org.ai	Search	FindAllTags	find_all_tags	find_all_tags	Search for find_all_tags	2
https://searches.org.ai/InspectiontypeByName	searches.org.ai	Search	InspectiontypeByName	inspectiontype__by_name	inspectionType__by_name	Search for inspectionType__by_name	2
https://searches.org.ai/StaffByEmail	searches.org.ai	Search	StaffByEmail	staff__by_email	staff__by_email	Search for staff__by_email	2
https://searches.org.ai/StaffByName	searches.org.ai	Search	StaffByName	staff__by_name	staff__by_name	Search for staff__by_name	2
https://searches.org.ai/ClientByName	searches.org.ai	Search	ClientByName	client__by_name	client__by_name	Search for client__by_name	2
https://searches.org.ai/ClientByEmail	searches.org.ai	Search	ClientByEmail	client__by_email	client__by_email	Search for client__by_email	2
https://searches.org.ai/PropertyByAddress	searches.org.ai	Search	PropertyByAddress	property__by_address	property__by_address	Search for property__by_address	2
https://searches.org.ai/ActionreportByInspection	searches.org.ai	Search	ActionreportByInspection	actionreport__by_inspection	actionReport__by_inspection	Search for actionReport__by_inspection	2
https://searches.org.ai/InspectionByID	searches.org.ai	Search	InspectionByID	inspection__by_id	inspection__by_id	Search for inspection__by_id	2
https://searches.org.ai/PropertyByID	searches.org.ai	Search	PropertyByID	property__by_id	property__by_id	Search for property__by_id	2
https://searches.org.ai/ContactsFindForProperty	searches.org.ai	Search	ContactsFindForProperty	contacts__find_for_property	contacts__find_for_property	Search for contacts__find_for_property	2
https://searches.org.ai/ContactsFindForInspection	searches.org.ai	Search	ContactsFindForInspection	contacts__find_for_inspection	contacts__find_for_inspection	Search for contacts__find_for_inspection	2
https://searches.org.ai/PDFGetPDF	searches.org.ai	Search	PDFGetPDF	pdf__get_pdf	pdf__get_pdf	Search for pdf__get_pdf	2
https://searches.org.ai/GetMessageByID	searches.org.ai	Search	GetMessageByID	get_message_by_id	get_message_by_id	Search for get_message_by_id	1
https://searches.org.ai/FindCase	searches.org.ai	Search	FindCase	find_case	find_case	Search for find_case	2
https://searches.org.ai/Inputs	searches.org.ai	Search	Inputs	inputs	inputs	Search for inputs	1
https://searches.org.ai/FindProjectRecurring	searches.org.ai	Search	FindProjectRecurring	find_project_recurring	find_project_recurring	Search for find_project_recurring	1
https://searches.org.ai/FindJournal	searches.org.ai	Search	FindJournal	find_journal	find_journal	Search for find_journal	1
https://searches.org.ai/GetDropdownValue	searches.org.ai	Search	GetDropdownValue	get_dropdown_value	get_dropdown_value	Search for get_dropdown_value	1
https://searches.org.ai/TheListOfClients	searches.org.ai	Search	TheListOfClients	the_list_of_clients	the_list_of_clients	Search for the_list_of_clients	2
https://searches.org.ai/ListOfAsset	searches.org.ai	Search	ListOfAsset	list_of_asset	list_of_asset	Search for list_of_asset	2
https://searches.org.ai/GetTaskByID	searches.org.ai	Search	GetTaskByID	get_task_by_id	get_task_by_id	Search for get_task_by_id	7
https://searches.org.ai/SearchForTask	searches.org.ai	Search	SearchForTask	search_for_task	search_for_task	Search for search_for_task	2
https://searches.org.ai/GetProductByID	searches.org.ai	Search	GetProductByID	get_product_by_id	get_product_by_id	Search for get_product_by_id	3
https://searches.org.ai/GetClientByID	searches.org.ai	Search	GetClientByID	get_client_by_id	get_client_by_id	Search for get_client_by_id	3
https://searches.org.ai/GetHoursAndWages	searches.org.ai	Search	GetHoursAndWages	get_hours_and_wages	get_hours_and_wages	Search for get_hours_and_wages	1
https://searches.org.ai/GetDailySales	searches.org.ai	Search	GetDailySales	get_daily_sales	get_daily_sales	Search for get_daily_sales	1
https://searches.org.ai/GetHoursAndWagesCompact	searches.org.ai	Search	GetHoursAndWagesCompact	get_hours_and_wages_compact	get_hours_and_wages_compact	Search for get_hours_and_wages_compact	1
https://searches.org.ai/ListLocations	searches.org.ai	Search	ListLocations	list_locations	list_locations	Search for list_locations	1
https://searches.org.ai/ListDepartments	searches.org.ai	Search	ListDepartments	list_departments	list_departments	Search for list_departments	1
https://searches.org.ai/ListRoles	searches.org.ai	Search	ListRoles	list_roles	list_roles	Search for list_roles	1
https://searches.org.ai/RetrieveUser	searches.org.ai	Search	RetrieveUser	retrieve_user	retrieve_user	Search for retrieve_user	1
https://searches.org.ai/RetrieveShift	searches.org.ai	Search	RetrieveShift	retrieve_shift	retrieve_shift	Search for retrieve_shift	1
https://searches.org.ai/RetrieveTimePunch	searches.org.ai	Search	RetrieveTimePunch	retrieve_time_punch	retrieve_time_punch	Search for retrieve_time_punch	1
https://searches.org.ai/Appointmentsearch	searches.org.ai	Search	Appointmentsearch	appointmentsearch	AppointmentSearch	Search for AppointmentSearch	2
https://searches.org.ai/Sessionenrollmentsearch	searches.org.ai	Search	Sessionenrollmentsearch	sessionenrollmentsearch	SessionEnrollmentSearch	Search for SessionEnrollmentSearch	1
https://searches.org.ai/Clientget	searches.org.ai	Search	Clientget	clientget	ClientGet	Search for ClientGet	1
https://searches.org.ai/Locationget	searches.org.ai	Search	Locationget	locationget	LocationGet	Search for LocationGet	1
https://searches.org.ai/Ticketget	searches.org.ai	Search	Ticketget	ticketget	TicketGet	Search for TicketGet	1
https://searches.org.ai/Customfieldssearch	searches.org.ai	Search	Customfieldssearch	customfieldssearch	CustomFieldsSearch	Search for CustomFieldsSearch	1
https://searches.org.ai/Audience	searches.org.ai	Search	Audience	audience	audience	Search for audience	1
https://searches.org.ai/Audiencegroup	searches.org.ai	Search	Audiencegroup	audiencegroup	audienceGroup	Search for audienceGroup	1
https://searches.org.ai/Journey	searches.org.ai	Search	Journey	journey	journey	Search for journey	1
https://searches.org.ai/Customevent	searches.org.ai	Search	Customevent	customevent	customEvent	Search for customEvent	1
https://searches.org.ai/FindPin	searches.org.ai	Search	FindPin	find_pin	find_pin	Search for find_pin	1
https://searches.org.ai/FindCircuit	searches.org.ai	Search	FindCircuit	find_circuit	find_circuit	Search for find_circuit	1
https://searches.org.ai/ContactFindContact	searches.org.ai	Search	ContactFindContact	contact_find_contact	contact_find_contact	Search for contact_find_contact	1
https://searches.org.ai/SearchAccount	searches.org.ai	Search	SearchAccount	search_account	search_account	Search for search_account	2
https://searches.org.ai/SearchCRMActivity	searches.org.ai	Search	SearchCRMActivity	search_crm_activity	search_crm_activity	Search for search_crm_activity	1
https://searches.org.ai/FindProductByTitle	searches.org.ai	Search	FindProductByTitle	find_product_by_title	find_product_by_title	Search for find_product_by_title	2
https://searches.org.ai/FindVariantByTitle	searches.org.ai	Search	FindVariantByTitle	find_variant_by_title	find_variant_by_title	Search for find_variant_by_title	1
https://searches.org.ai/FindContactperson	searches.org.ai	Search	FindContactperson	find_contactperson	find_contactperson	Search for find_contactperson	2
https://searches.org.ai/FindSalesrep	searches.org.ai	Search	FindSalesrep	find_salesrep	find_salesrep	Search for find_salesrep	1
https://searches.org.ai/FindAmbassador	searches.org.ai	Search	FindAmbassador	find_ambassador	find_ambassador	Search for find_ambassador	1
https://searches.org.ai/FindInvitation	searches.org.ai	Search	FindInvitation	find_invitation	find_invitation	Search for find_invitation	1
https://searches.org.ai/FindSatisfactionquestionnaire	searches.org.ai	Search	FindSatisfactionquestionnaire	find_satisfactionquestionnaire	find_satisfactionquestionnaire	Search for find_satisfactionquestionnaire	1
https://searches.org.ai/Conversation	searches.org.ai	Search	Conversation	conversation	conversation	Search for conversation	1
https://searches.org.ai/SkuImportsearch	searches.org.ai	Search	SkuImportsearch	sku_importsearch	sku_importSearch	Search for sku_importSearch	1
https://searches.org.ai/PriceImportsearch	searches.org.ai	Search	PriceImportsearch	price_importsearch	price_importSearch	Search for price_importSearch	1
https://searches.org.ai/StockItemImportsearch	searches.org.ai	Search	StockItemImportsearch	stock_item_importsearch	stock_item_importSearch	Search for stock_item_importSearch	1
https://searches.org.ai/ShippingCategorysearch	searches.org.ai	Search	ShippingCategorysearch	shipping_categorysearch	shipping_categorySearch	Search for shipping_categorySearch	1
https://searches.org.ai/Skusearch	searches.org.ai	Search	Skusearch	skusearch	skuSearch	Search for skuSearch	1
https://searches.org.ai/PriceListsearch	searches.org.ai	Search	PriceListsearch	price_listsearch	price_listSearch	Search for price_listSearch	1
https://searches.org.ai/StockLocationsearch	searches.org.ai	Search	StockLocationsearch	stock_locationsearch	stock_locationSearch	Search for stock_locationSearch	1
https://searches.org.ai/GiftCardsearch	searches.org.ai	Search	GiftCardsearch	gift_cardsearch	gift_cardSearch	Search for gift_cardSearch	1
https://searches.org.ai/GetPickaxeHistory	searches.org.ai	Search	GetPickaxeHistory	get_pickaxe_history	get_pickaxe_history	Search for get_pickaxe_history	1
https://searches.org.ai/ListDocuments	searches.org.ai	Search	ListDocuments	list_documents	list_documents	Search for list_documents	1
https://searches.org.ai/FindCountryInfo	searches.org.ai	Search	FindCountryInfo	find_country_info	find_country_info	Search for find_country_info	1
https://searches.org.ai/GetTransfer	searches.org.ai	Search	GetTransfer	get_transfer	get_transfer	Search for get_transfer	1
https://searches.org.ai/CampaignContacts	searches.org.ai	Search	CampaignContacts	campaign_contacts	campaign_contacts	Search for campaign_contacts	1
https://searches.org.ai/CampaignByID	searches.org.ai	Search	CampaignByID	campaign_by_id	campaign_by_id	Search for campaign_by_id	1
https://searches.org.ai/Channelsbyid	searches.org.ai	Search	Channelsbyid	channelsbyid	channelsById	Search for channelsById	1
https://searches.org.ai/Sequencesbyid	searches.org.ai	Search	Sequencesbyid	sequencesbyid	sequencesById	Search for sequencesById	1
https://searches.org.ai/SequenceContacts	searches.org.ai	Search	SequenceContacts	sequence_contacts	sequence_contacts	Search for sequence_contacts	1
https://searches.org.ai/Sequences	searches.org.ai	Search	Sequences	sequences	sequences	Search for sequences	1
https://searches.org.ai/Campaigns	searches.org.ai	Search	Campaigns	campaigns	campaigns	Search for campaigns	1
https://searches.org.ai/Channels	searches.org.ai	Search	Channels	channels	channels	Search for channels	1
https://searches.org.ai/Contacts	searches.org.ai	Search	Contacts	contacts	contacts	Search for contacts	2
https://searches.org.ai/Getcontactbyid	searches.org.ai	Search	Getcontactbyid	getcontactbyid	getContactById	Search for getContactById	1
https://searches.org.ai/Getagents	searches.org.ai	Search	Getagents	getagents	getAgents	Search for getAgents	1
https://searches.org.ai/Getagentbyid	searches.org.ai	Search	Getagentbyid	getagentbyid	getAgentById	Search for getAgentById	1
https://searches.org.ai/Getcalls	searches.org.ai	Search	Getcalls	getcalls	getCalls	Search for getCalls	1
https://searches.org.ai/Getcallbyid	searches.org.ai	Search	Getcallbyid	getcallbyid	getCallById	Search for getCallById	1
https://searches.org.ai/Workflowjobstatus	searches.org.ai	Search	Workflowjobstatus	workflowjobstatus	workflowJobStatus	Search for workflowJobStatus	1
https://searches.org.ai/Ingestjobstatus	searches.org.ai	Search	Ingestjobstatus	ingestjobstatus	ingestJobStatus	Search for ingestJobStatus	1
https://searches.org.ai/FindRecipient	searches.org.ai	Search	FindRecipient	find_recipient	find_recipient	Search for find_recipient	4
https://searches.org.ai/GetOtmTable	searches.org.ai	Search	GetOtmTable	get_otm_table	get_otm_table	Search for get_otm_table	1
https://searches.org.ai/Searchflag	searches.org.ai	Search	Searchflag	searchflag	SearchFlag	Search for SearchFlag	1
https://searches.org.ai/Searchequipmentbycode	searches.org.ai	Search	Searchequipmentbycode	searchequipmentbycode	SearchEquipmentByCode	Search for SearchEquipmentByCode	1
https://searches.org.ai/FindCustomField	searches.org.ai	Search	FindCustomField	find_custom_field	find_custom_field	Search for find_custom_field	1
https://searches.org.ai/GetBoardInfo	searches.org.ai	Search	GetBoardInfo	get_board_info	get_board_info	Search for get_board_info	1
https://searches.org.ai/GetCustomField	searches.org.ai	Search	GetCustomField	get_custom_field	get_custom_field	Search for get_custom_field	2
https://searches.org.ai/GetAssetInfo	searches.org.ai	Search	GetAssetInfo	get_asset_info	get_asset_info	Search for get_asset_info	1
https://searches.org.ai/GetAssetVersionInfo	searches.org.ai	Search	GetAssetVersionInfo	get_asset_version_info	get_asset_version_info	Search for get_asset_version_info	1
https://searches.org.ai/FindGuest	searches.org.ai	Search	FindGuest	find_guest	find_guest	Search for find_guest	2
https://searches.org.ai/Findinvoice	searches.org.ai	Search	Findinvoice	findinvoice	FindInvoice	Search for FindInvoice	1
https://searches.org.ai/Findstore	searches.org.ai	Search	Findstore	findstore	FindStore	Search for FindStore	1
https://searches.org.ai/GetSoldbytax	searches.org.ai	Search	GetSoldbytax	get_soldbytax	get_soldbyTax	Search for get_soldbyTax	1
https://searches.org.ai/GetSoldbycategory	searches.org.ai	Search	GetSoldbycategory	get_soldbycategory	get_soldbyCategory	Search for get_soldbyCategory	1
https://searches.org.ai/GetSoldbydepartment	searches.org.ai	Search	GetSoldbydepartment	get_soldbydepartment	get_soldbyDepartment	Search for get_soldbyDepartment	1
https://searches.org.ai/FindSalesPoints	searches.org.ai	Search	FindSalesPoints	find_sales_points	find_sales_points	Search for find_sales_points	1
https://searches.org.ai/RunTrialBalance	searches.org.ai	Search	RunTrialBalance	run_trial_balance	run_trial_balance	Search for run_trial_balance	1
https://searches.org.ai/RunCustomReport	searches.org.ai	Search	RunCustomReport	run_custom_report	run_custom_report	Search for run_custom_report	1
https://searches.org.ai/Searchcustomtablebyname	searches.org.ai	Search	Searchcustomtablebyname	searchcustomtablebyname	searchCustomTableByName	Search for searchCustomTableByName	1
https://searches.org.ai/FindAssignableByName	searches.org.ai	Search	FindAssignableByName	find_assignable_by_name	find_assignable_by_name	Search for find_assignable_by_name	1
https://searches.org.ai/FindAssignableByID	searches.org.ai	Search	FindAssignableByID	find_assignable_by_id	find_assignable_by_id	Search for find_assignable_by_id	1
https://searches.org.ai/FindCreateProject	searches.org.ai	Search	FindCreateProject	find_create_project	find_create_project	Search for find_create_project	1
https://searches.org.ai/FindCreateTask	searches.org.ai	Search	FindCreateTask	find_create_task	find_create_task	Search for find_create_task	1
https://searches.org.ai/FindCreateGroup	searches.org.ai	Search	FindCreateGroup	find_create_group	find_create_group	Search for find_create_group	1
https://searches.org.ai/Guestsearch	searches.org.ai	Search	Guestsearch	guestsearch	guestSearch	Search for guestSearch	1
https://searches.org.ai/ProjectByID	searches.org.ai	Search	ProjectByID	project_by_id	project_by_id	Search for project_by_id	1
https://searches.org.ai/GetOneTaskFromProject	searches.org.ai	Search	GetOneTaskFromProject	get_one_task_from_project	get_one_task_from_project	Search for get_one_task_from_project	1
https://searches.org.ai/GetAllTasksInProject	searches.org.ai	Search	GetAllTasksInProject	get_all_tasks_in_project	get_all_tasks_in_project	Search for get_all_tasks_in_project	1
https://searches.org.ai/Media	searches.org.ai	Search	Media	media	media	Search for media	2
https://searches.org.ai/ShipmentSearch	searches.org.ai	Search	ShipmentSearch	shipment_search	shipment_search	Search for shipment_search	1
https://searches.org.ai/GetMemberID	searches.org.ai	Search	GetMemberID	get_member_id	get_member_id	Search for get_member_id	1
https://searches.org.ai/GetReferral	searches.org.ai	Search	GetReferral	get_referral	get_referral	Search for get_referral	1
https://searches.org.ai/GetUserNextSession	searches.org.ai	Search	GetUserNextSession	get_user_next_session	get_user_next_session	Search for get_user_next_session	1
https://searches.org.ai/GetContactMessages	searches.org.ai	Search	GetContactMessages	get_contact_messages	get_contact_messages	Search for get_contact_messages	1
https://searches.org.ai/DownloadDocumentByID	searches.org.ai	Search	DownloadDocumentByID	download_document_by_id	download_document_by_id	Search for download_document_by_id	1
https://searches.org.ai/FindObjectByID	searches.org.ai	Search	FindObjectByID	find_object_by_id	find_object_by_id	Search for find_object_by_id	2
https://searches.org.ai/FindObject	searches.org.ai	Search	FindObject	find_object	find_object	Search for find_object	1
https://searches.org.ai/FindCustomers	searches.org.ai	Search	FindCustomers	find_customers	find_customers	Search for find_customers	4
https://searches.org.ai/GetCompanyID	searches.org.ai	Search	GetCompanyID	get_company_id	get_company_id	Search for get_company_id	1
https://searches.org.ai/GetCompanyUsers	searches.org.ai	Search	GetCompanyUsers	get_company_users	get_company_users	Search for get_company_users	1
https://searches.org.ai/GetCompanyModules	searches.org.ai	Search	GetCompanyModules	get_company_modules	get_company_modules	Search for get_company_modules	1
https://searches.org.ai/GetCompanyInverters	searches.org.ai	Search	GetCompanyInverters	get_company_inverters	get_company_inverters	Search for get_company_inverters	1
https://searches.org.ai/GetCompanyInstallers	searches.org.ai	Search	GetCompanyInstallers	get_company_installers	get_company_installers	Search for get_company_installers	1
https://searches.org.ai/GetAhjs	searches.org.ai	Search	GetAhjs	get_ahjs	get_ahjs	Search for get_ahjs	1
https://searches.org.ai/GetUtilityCompanies	searches.org.ai	Search	GetUtilityCompanies	get_utility_companies	get_utility_companies	Search for get_utility_companies	1
https://searches.org.ai/GetCadAttachments	searches.org.ai	Search	GetCadAttachments	get_cad_attachments	get_cad_attachments	Search for get_cad_attachments	1
https://searches.org.ai/GetCadRails	searches.org.ai	Search	GetCadRails	get_cad_rails	get_cad_rails	Search for get_cad_rails	1
https://searches.org.ai/GetTimezones	searches.org.ai	Search	GetTimezones	get_timezones	get_timezones	Search for get_timezones	1
https://searches.org.ai/Lookup	searches.org.ai	Search	Lookup	lookup	lookup	Search for lookup	1
https://searches.org.ai/ParseUserAgent	searches.org.ai	Search	ParseUserAgent	parse_user_agent	parse_user_agent	Search for parse_user_agent	1
https://searches.org.ai/FindTimeoff	searches.org.ai	Search	FindTimeoff	find_timeoff	find_timeoff	Search for find_timeoff	1
https://searches.org.ai/SearchMembers	searches.org.ai	Search	SearchMembers	search_members	search_members	Search for search_members	2
https://searches.org.ai/Labelsourcesearch	searches.org.ai	Search	Labelsourcesearch	labelsourcesearch	labelSourceSearch	Search for labelSourceSearch	1
https://searches.org.ai/Projectsourcesearch	searches.org.ai	Search	Projectsourcesearch	projectsourcesearch	projectSourceSearch	Search for projectSourceSearch	1
https://searches.org.ai/Timersearch	searches.org.ai	Search	Timersearch	timersearch	timerSearch	Search for timerSearch	1
https://searches.org.ai/Tasksourcesearch	searches.org.ai	Search	Tasksourcesearch	tasksourcesearch	taskSourceSearch	Search for taskSourceSearch	1
https://searches.org.ai/FetchApplicationData	searches.org.ai	Search	FetchApplicationData	fetch_application_data	fetch_application_data	Search for fetch_application_data	1
https://searches.org.ai/GetCandidateByID	searches.org.ai	Search	GetCandidateByID	get_candidate_by_id	get_candidate_by_id	Search for get_candidate_by_id	1
https://searches.org.ai/GetCompanyByID	searches.org.ai	Search	GetCompanyByID	get_company_by_id	get_company_by_id	Search for get_company_by_id	1
https://searches.org.ai/GetJobByID	searches.org.ai	Search	GetJobByID	get_job_by_id	get_job_by_id	Search for get_job_by_id	1
https://searches.org.ai/GetPlacementByID	searches.org.ai	Search	GetPlacementByID	get_placement_by_id	get_placement_by_id	Search for get_placement_by_id	1
https://searches.org.ai/GetCandidateWebformByID	searches.org.ai	Search	GetCandidateWebformByID	get_candidate_webform_by_id	get_candidate_webform_by_id	Search for get_candidate_webform_by_id	1
https://searches.org.ai/GetJobAdvertByID	searches.org.ai	Search	GetJobAdvertByID	get_job_advert_by_id	get_job_advert_by_id	Search for get_job_advert_by_id	1
https://searches.org.ai/SearchAllRecords	searches.org.ai	Search	SearchAllRecords	search_all_records	search_all_records	Search for search_all_records	1
https://searches.org.ai/FindModuleRecordFilter	searches.org.ai	Search	FindModuleRecordFilter	find_module_record_filter	find_module_record_filter	Search for find_module_record_filter	1
https://searches.org.ai/Getcreditbalance	searches.org.ai	Search	Getcreditbalance	getcreditbalance	getCreditBalance	Search for getCreditBalance	1
https://searches.org.ai/ExploriumFetchProspects	searches.org.ai	Search	ExploriumFetchProspects	explorium_fetch_prospects	explorium_fetch_prospects	Search for explorium_fetch_prospects	1
https://searches.org.ai/ExploriumBusinessesFetch	searches.org.ai	Search	ExploriumBusinessesFetch	explorium_businesses_fetch	explorium_businesses_fetch	Search for explorium_businesses_fetch	1
https://searches.org.ai/FindCourse	searches.org.ai	Search	FindCourse	find_course	find_course	Search for find_course	4
https://searches.org.ai/FindLiveLesson	searches.org.ai	Search	FindLiveLesson	find_live_lesson	find_live_lesson	Search for find_live_lesson	1
https://searches.org.ai/FindBundle	searches.org.ai	Search	FindBundle	find_bundle	find_bundle	Search for find_bundle	1
https://searches.org.ai/FindCoach	searches.org.ai	Search	FindCoach	find_coach	find_coach	Search for find_coach	1
https://searches.org.ai/FindEnterprise	searches.org.ai	Search	FindEnterprise	find_enterprise	find_enterprise	Search for find_enterprise	1
https://searches.org.ai/FindAccountingcode	searches.org.ai	Search	FindAccountingcode	find_accountingcode	find_accountingcode	Search for find_accountingcode	1
https://searches.org.ai/FindExpenseaccount	searches.org.ai	Search	FindExpenseaccount	find_expenseaccount	find_expenseaccount	Search for find_expenseaccount	1
https://searches.org.ai/FindProfessioncode	searches.org.ai	Search	FindProfessioncode	find_professioncode	find_professioncode	Search for find_professioncode	1
https://searches.org.ai/FindEnterpriseactivitycode	searches.org.ai	Search	FindEnterpriseactivitycode	find_enterpriseactivitycode	find_enterpriseactivitycode	Search for find_enterpriseactivitycode	1
https://searches.org.ai/FindPaymenttype	searches.org.ai	Search	FindPaymenttype	find_paymenttype	find_paymenttype	Search for find_paymenttype	1
https://searches.org.ai/FindTaxprofile	searches.org.ai	Search	FindTaxprofile	find_taxprofile	find_taxprofile	Search for find_taxprofile	1
https://searches.org.ai/FindService	searches.org.ai	Search	FindService	find_service	find_service	Search for find_service	5
https://searches.org.ai/FindInvoicepayment	searches.org.ai	Search	FindInvoicepayment	find_invoicepayment	find_invoicepayment	Search for find_invoicepayment	1
https://searches.org.ai/GetEnterprise	searches.org.ai	Search	GetEnterprise	get_enterprise	get_enterprise	Search for get_enterprise	1
https://searches.org.ai/GetAccountingcode	searches.org.ai	Search	GetAccountingcode	get_accountingcode	get_accountingcode	Search for get_accountingcode	1
https://searches.org.ai/GetBankaccount	searches.org.ai	Search	GetBankaccount	get_bankaccount	get_bankaccount	Search for get_bankaccount	1
https://searches.org.ai/GetExpenseaccount	searches.org.ai	Search	GetExpenseaccount	get_expenseaccount	get_expenseaccount	Search for get_expenseaccount	1
https://searches.org.ai/GetProfessioncode	searches.org.ai	Search	GetProfessioncode	get_professioncode	get_professioncode	Search for get_professioncode	1
https://searches.org.ai/GetEnterpriseactivitycode	searches.org.ai	Search	GetEnterpriseactivitycode	get_enterpriseactivitycode	get_enterpriseactivitycode	Search for get_enterpriseactivitycode	1
https://searches.org.ai/GetPaymenttype	searches.org.ai	Search	GetPaymenttype	get_paymenttype	get_paymenttype	Search for get_paymenttype	1
https://searches.org.ai/GetTaxprofile	searches.org.ai	Search	GetTaxprofile	get_taxprofile	get_taxprofile	Search for get_taxprofile	1
https://searches.org.ai/GetService	searches.org.ai	Search	GetService	get_service	get_service	Search for get_service	1
https://searches.org.ai/GetInvoicepayment	searches.org.ai	Search	GetInvoicepayment	get_invoicepayment	get_invoicepayment	Search for get_invoicepayment	1
https://searches.org.ai/UpdateEnterprise	searches.org.ai	Search	UpdateEnterprise	update_enterprise	update_enterprise	Search for update_enterprise	1
https://searches.org.ai/UpdateAccountingcode	searches.org.ai	Search	UpdateAccountingcode	update_accountingcode	update_accountingcode	Search for update_accountingcode	1
https://searches.org.ai/UpdateBankaccount	searches.org.ai	Search	UpdateBankaccount	update_bankaccount	update_bankaccount	Search for update_bankaccount	1
https://searches.org.ai/UpdateContact	searches.org.ai	Search	UpdateContact	update_contact	update_contact	Search for update_contact	1
https://searches.org.ai/UpdateExpenseaccount	searches.org.ai	Search	UpdateExpenseaccount	update_expenseaccount	update_expenseaccount	Search for update_expenseaccount	1
https://searches.org.ai/UpdatePaymenttype	searches.org.ai	Search	UpdatePaymenttype	update_paymenttype	update_paymenttype	Search for update_paymenttype	1
https://searches.org.ai/UpdateProduct	searches.org.ai	Search	UpdateProduct	update_product	update_product	Search for update_product	1
https://searches.org.ai/UpdateTaxprofile	searches.org.ai	Search	UpdateTaxprofile	update_taxprofile	update_taxprofile	Search for update_taxprofile	1
https://searches.org.ai/UpdateService	searches.org.ai	Search	UpdateService	update_service	update_service	Search for update_service	1
https://searches.org.ai/UpdateInvoice	searches.org.ai	Search	UpdateInvoice	update_invoice	update_invoice	Search for update_invoice	1
https://searches.org.ai/UpdateInvoicepayment	searches.org.ai	Search	UpdateInvoicepayment	update_invoicepayment	update_invoicepayment	Search for update_invoicepayment	1
https://searches.org.ai/FindCurrency	searches.org.ai	Search	FindCurrency	find_currency	find_currency	Search for find_currency	1
https://searches.org.ai/FindProjectstep	searches.org.ai	Search	FindProjectstep	find_projectstep	find_projectstep	Search for find_projectstep	1
https://searches.org.ai/FindSprint	searches.org.ai	Search	FindSprint	find_sprint	find_sprint	Search for find_sprint	2
https://searches.org.ai/FindTimeentry	searches.org.ai	Search	FindTimeentry	find_timeentry	find_timeentry	Search for find_timeentry	2
https://searches.org.ai/GetCurrency	searches.org.ai	Search	GetCurrency	get_currency	get_currency	Search for get_currency	1
https://searches.org.ai/GetProjectstep	searches.org.ai	Search	GetProjectstep	get_projectstep	get_projectstep	Search for get_projectstep	1
https://searches.org.ai/GetSprint	searches.org.ai	Search	GetSprint	get_sprint	get_sprint	Search for get_sprint	1
https://searches.org.ai/GetTimeentry	searches.org.ai	Search	GetTimeentry	get_timeentry	get_timeentry	Search for get_timeentry	1
https://searches.org.ai/UpdateProject	searches.org.ai	Search	UpdateProject	update_project	update_project	Search for update_project	2
https://searches.org.ai/UpdateProjectstep	searches.org.ai	Search	UpdateProjectstep	update_projectstep	update_projectstep	Search for update_projectstep	1
https://searches.org.ai/UpdateSprint	searches.org.ai	Search	UpdateSprint	update_sprint	update_sprint	Search for update_sprint	1
https://searches.org.ai/UpdateTask	searches.org.ai	Search	UpdateTask	update_task	update_task	Search for update_task	2
https://searches.org.ai/UpdateTimeentry	searches.org.ai	Search	UpdateTimeentry	update_timeentry	update_timeentry	Search for update_timeentry	1
https://searches.org.ai/Getprojecttemplate	searches.org.ai	Search	Getprojecttemplate	getprojecttemplate	getProjectTemplate	Search for getProjectTemplate	1
https://searches.org.ai/Getproject	searches.org.ai	Search	Getproject	getproject	getProject	Search for getProject	1
https://searches.org.ai/ReadProfile	searches.org.ai	Search	ReadProfile	read_profile	read_profile	Search for read_profile	1
https://searches.org.ai/ReadList	searches.org.ai	Search	ReadList	read_list	read_list	Search for read_list	1
https://searches.org.ai/ViewAllProfiles	searches.org.ai	Search	ViewAllProfiles	view_all_profiles	view_all_profiles	Search for view_all_profiles	1
https://searches.org.ai/ViewAllLists	searches.org.ai	Search	ViewAllLists	view_all_lists	view_all_lists	Search for view_all_lists	1
https://searches.org.ai/ViewAllParticipantsOnList	searches.org.ai	Search	ViewAllParticipantsOnList	view_all_participants_on_list	view_all_participants_on_list	Search for view_all_participants_on_list	1
https://searches.org.ai/ViewAllPasses	searches.org.ai	Search	ViewAllPasses	view_all_passes	view_all_passes	Search for view_all_passes	1
https://searches.org.ai/ViewProfilePasses	searches.org.ai	Search	ViewProfilePasses	view_profile_passes	view_profile_passes	Search for view_profile_passes	1
https://searches.org.ai/FindContactbyemail	searches.org.ai	Search	FindContactbyemail	find_contactbyemail	find_contactByEmail	Search for find_contactByEmail	1
https://searches.org.ai/FindTagbyname	searches.org.ai	Search	FindTagbyname	find_tagbyname	find_tagByName	Search for find_tagByName	1
https://searches.org.ai/FindSegmentbyname	searches.org.ai	Search	FindSegmentbyname	find_segmentbyname	find_segmentByName	Search for find_segmentByName	1
https://searches.org.ai/FindUserid	searches.org.ai	Search	FindUserid	find_userid	find_userid	Search for find_userid	1
https://searches.org.ai/FindOfficeid	searches.org.ai	Search	FindOfficeid	find_officeid	find_officeid	Search for find_officeid	1
https://searches.org.ai/FindClientid	searches.org.ai	Search	FindClientid	find_clientid	find_clientid	Search for find_clientid	1
https://searches.org.ai/FindProjectid	searches.org.ai	Search	FindProjectid	find_projectid	find_projectid	Search for find_projectid	1
https://searches.org.ai/FindCurrencyid	searches.org.ai	Search	FindCurrencyid	find_currencyid	find_currencyid	Search for find_currencyid	1
https://searches.org.ai/FindCustomfieldid	searches.org.ai	Search	FindCustomfieldid	find_customfieldid	find_customfieldid	Search for find_customfieldid	1
https://searches.org.ai/FindGlcodeid	searches.org.ai	Search	FindGlcodeid	find_glcodeid	find_glcodeid	Search for find_glcodeid	1
https://searches.org.ai/FindTaskid	searches.org.ai	Search	FindTaskid	find_taskid	find_taskid	Search for find_taskid	1
https://searches.org.ai/FindModuleid	searches.org.ai	Search	FindModuleid	find_moduleid	find_moduleid	Search for find_moduleid	1
https://searches.org.ai/Projectdraftsearch	searches.org.ai	Search	Projectdraftsearch	projectdraftsearch	projectDraftSearch	Search for projectDraftSearch	1
https://searches.org.ai/Organizersearch	searches.org.ai	Search	Organizersearch	organizersearch	organizerSearch	Search for organizerSearch	1
https://searches.org.ai/SearchPauseReasons	searches.org.ai	Search	SearchPauseReasons	search_pause_reasons	search_pause_reasons	Search for search_pause_reasons	1
https://searches.org.ai/FindRouteDestination	searches.org.ai	Search	FindRouteDestination	find_route_destination	find_route_destination	Search for find_route_destination	1
https://searches.org.ai/Chancesearch	searches.org.ai	Search	Chancesearch	chancesearch	chanceSearch	Search for chanceSearch	1
https://searches.org.ai/Contractsearch	searches.org.ai	Search	Contractsearch	contractsearch	contractSearch	Search for contractSearch	1
https://searches.org.ai/Todosearch	searches.org.ai	Search	Todosearch	todosearch	todoSearch	Search for todoSearch	1
https://searches.org.ai/FieldValuesearch	searches.org.ai	Search	FieldValuesearch	field_valuesearch	field_valueSearch	Search for field_valueSearch	1
https://searches.org.ai/Collectionsearch	searches.org.ai	Search	Collectionsearch	collectionsearch	collectionSearch	Search for collectionSearch	2
https://searches.org.ai/FindResource	searches.org.ai	Search	FindResource	find_resource	find_resource	Search for find_resource	2
https://searches.org.ai/FindBookingStatus	searches.org.ai	Search	FindBookingStatus	find_booking_status	find_booking_status	Search for find_booking_status	1
https://searches.org.ai/FindClientContact	searches.org.ai	Search	FindClientContact	find_client_contact	find_client_contact	Search for find_client_contact	2
https://searches.org.ai/FindBooking	searches.org.ai	Search	FindBooking	find_booking	find_booking	Search for find_booking	3
https://searches.org.ai/FindBillableItem	searches.org.ai	Search	FindBillableItem	find_billable_item	find_billable_item	Search for find_billable_item	1
https://searches.org.ai/GetParticipantFields	searches.org.ai	Search	GetParticipantFields	get_participant_fields	get_participant_fields	Search for get_participant_fields	1
https://searches.org.ai/GetParticipantsVerificationCompletedAt	searches.org.ai	Search	GetParticipantsVerificationCompletedAt	get_participants_verification_completed_at	get_participants_verification_completed_at	Search for get_participants_verification_completed_at	1
https://searches.org.ai/Slotsearch	searches.org.ai	Search	Slotsearch	slotsearch	slotSearch	Search for slotSearch	1
https://searches.org.ai/Slotfetch	searches.org.ai	Search	Slotfetch	slotfetch	slotFetch	Search for slotFetch	1
https://searches.org.ai/FindProcessTask	searches.org.ai	Search	FindProcessTask	find_process_task	find_process_task	Search for find_process_task	1
https://searches.org.ai/GlobalSearch	searches.org.ai	Search	GlobalSearch	global_search	global_search	Search for global_search	1
https://searches.org.ai/FindResourceID	searches.org.ai	Search	FindResourceID	find_resource_id	find_resource_id	Search for find_resource_id	1
https://searches.org.ai/SearchRoleByID	searches.org.ai	Search	SearchRoleByID	search_role_by_id	search_role_by_id	Search for search_role_by_id	1
https://searches.org.ai/SearchRoleByName	searches.org.ai	Search	SearchRoleByName	search_role_by_name	search_role_by_name	Search for search_role_by_name	1
https://searches.org.ai/SearchLocationByID	searches.org.ai	Search	SearchLocationByID	search_location_by_id	search_location_by_id	Search for search_location_by_id	1
https://searches.org.ai/SearchLocationByName	searches.org.ai	Search	SearchLocationByName	search_location_by_name	search_location_by_name	Search for search_location_by_name	1
https://searches.org.ai/FindBuilding	searches.org.ai	Search	FindBuilding	find_building	find_building	Search for find_building	2
https://searches.org.ai/PlayerFind	searches.org.ai	Search	PlayerFind	player_find	player_find	Search for player_find	1
https://searches.org.ai/FindScorSeriesPointType	searches.org.ai	Search	FindScorSeriesPointType	find_scor_series_point_type	find_scor_series_point_type	Search for find_scor_series_point_type	1
https://searches.org.ai/FindPlayer	searches.org.ai	Search	FindPlayer	find_player	find_player	Search for find_player	1
https://searches.org.ai/FindScoreSeries	searches.org.ai	Search	FindScoreSeries	find_score_series	find_score_series	Search for find_score_series	1
https://searches.org.ai/FindTeam	searches.org.ai	Search	FindTeam	find_team	find_team	Search for find_team	3
https://searches.org.ai/FindTeamPlayer	searches.org.ai	Search	FindTeamPlayer	find_team_player	find_team_player	Search for find_team_player	1
https://searches.org.ai/GetPlayer	searches.org.ai	Search	GetPlayer	get_player	get_player	Search for get_player	1
https://searches.org.ai/SearchCustomerWithQuery	searches.org.ai	Search	SearchCustomerWithQuery	search_customer_with_query	search_customer_with_query	Search for search_customer_with_query	1
https://searches.org.ai/FindCustomerInfo	searches.org.ai	Search	FindCustomerInfo	find_customer_info	find_customer_info	Search for find_customer_info	1
https://searches.org.ai/SearchServiceWithQuery	searches.org.ai	Search	SearchServiceWithQuery	search_service_with_query	search_service_with_query	Search for search_service_with_query	1
https://searches.org.ai/SearchServiceWithID	searches.org.ai	Search	SearchServiceWithID	search_service_with_id	search_service_with_id	Search for search_service_with_id	1
https://searches.org.ai/SearchBundleServiceWithQuery	searches.org.ai	Search	SearchBundleServiceWithQuery	search_bundle_service_with_query	search_bundle_service_with_query	Search for search_bundle_service_with_query	1
https://searches.org.ai/SearchBundleServiceWithID	searches.org.ai	Search	SearchBundleServiceWithID	search_bundle_service_with_id	search_bundle_service_with_id	Search for search_bundle_service_with_id	1
https://searches.org.ai/SearchIdentities	searches.org.ai	Search	SearchIdentities	search_identities	search_identities	Search for search_identities	1
https://searches.org.ai/GetDoc	searches.org.ai	Search	GetDoc	get_doc	get_doc	Search for get_doc	1
https://searches.org.ai/ListDocs	searches.org.ai	Search	ListDocs	list_docs	list_docs	Search for list_docs	1
https://searches.org.ai/GetConsignment	searches.org.ai	Search	GetConsignment	get_consignment	get_consignment	Search for get_consignment	1
https://searches.org.ai/GetSchedule	searches.org.ai	Search	GetSchedule	get_schedule	get_schedule	Search for get_schedule	1
https://searches.org.ai/GetInventory	searches.org.ai	Search	GetInventory	get_inventory	get_inventory	Search for get_inventory	1
https://searches.org.ai/GetReportCarrierCharges	searches.org.ai	Search	GetReportCarrierCharges	get_report_carrier_charges	get_report_carrier_charges	Search for get_report_carrier_charges	1
https://searches.org.ai/GetReportClientCharges	searches.org.ai	Search	GetReportClientCharges	get_report_client_charges	get_report_client_charges	Search for get_report_client_charges	1
https://searches.org.ai/GetReportConsignmentMetrics	searches.org.ai	Search	GetReportConsignmentMetrics	get_report_consignment_metrics	get_report_consignment_metrics	Search for get_report_consignment_metrics	1
https://searches.org.ai/GetReportConsignmentProductDetail	searches.org.ai	Search	GetReportConsignmentProductDetail	get_report_consignment_product_detail	get_report_consignment_product_detail	Search for get_report_consignment_product_detail	1
https://searches.org.ai/GetReportConsignmentProductDue	searches.org.ai	Search	GetReportConsignmentProductDue	get_report_consignment_product_due	get_report_consignment_product_due	Search for get_report_consignment_product_due	1
https://searches.org.ai/GetReportFreightMargin	searches.org.ai	Search	GetReportFreightMargin	get_report_freight_margin	get_report_freight_margin	Search for get_report_freight_margin	1
https://searches.org.ai/GetReportLocationStatus	searches.org.ai	Search	GetReportLocationStatus	get_report_location_status	get_report_location_status	Search for get_report_location_status	1
https://searches.org.ai/GetReportProductTransactionDetail	searches.org.ai	Search	GetReportProductTransactionDetail	get_report_product_transaction_detail	get_report_product_transaction_detail	Search for get_report_product_transaction_detail	1
https://searches.org.ai/GetReportStockAge	searches.org.ai	Search	GetReportStockAge	get_report_stock_age	get_report_stock_age	Search for get_report_stock_age	1
https://searches.org.ai/GetReportStockBalance	searches.org.ai	Search	GetReportStockBalance	get_report_stock_balance	get_report_stock_balance	Search for get_report_stock_balance	1
https://searches.org.ai/GetReportStockOnHand	searches.org.ai	Search	GetReportStockOnHand	get_report_stock_on_hand	get_report_stock_on_hand	Search for get_report_stock_on_hand	1
https://searches.org.ai/GetReportStockPosition	searches.org.ai	Search	GetReportStockPosition	get_report_stock_position	get_report_stock_position	Search for get_report_stock_position	1
https://searches.org.ai/GetReportScheduleSummary	searches.org.ai	Search	GetReportScheduleSummary	get_report_schedule_summary	get_report_schedule_summary	Search for get_report_schedule_summary	1
https://searches.org.ai/GetReportScheduledTransactions	searches.org.ai	Search	GetReportScheduledTransactions	get_report_scheduled_transactions	get_report_scheduled_transactions	Search for get_report_scheduled_transactions	1
https://searches.org.ai/Getorder	searches.org.ai	Search	Getorder	getorder	getOrder	Search for getOrder	1
https://searches.org.ai/Ordershipments	searches.org.ai	Search	Ordershipments	ordershipments	orderShipments	Search for orderShipments	1
https://searches.org.ai/Getdelegate	searches.org.ai	Search	Getdelegate	getdelegate	GetDelegate	Search for GetDelegate	1
https://searches.org.ai/Getcompany	searches.org.ai	Search	Getcompany	getcompany	GetCompany	Search for GetCompany	3
https://searches.org.ai/Getschedule	searches.org.ai	Search	Getschedule	getschedule	GetSchedule	Search for GetSchedule	1
https://searches.org.ai/Getscheduledelegate	searches.org.ai	Search	Getscheduledelegate	getscheduledelegate	GetScheduleDelegate	Search for GetScheduleDelegate	1
https://searches.org.ai/Getbooking	searches.org.ai	Search	Getbooking	getbooking	GetBooking	Search for GetBooking	1
https://searches.org.ai/Getcourse	searches.org.ai	Search	Getcourse	getcourse	GetCourse	Search for GetCourse	1
https://searches.org.ai/CardholderSearch	searches.org.ai	Search	CardholderSearch	cardholder_search	cardholder_search	Search for cardholder_search	1
https://searches.org.ai/GuessEmail	searches.org.ai	Search	GuessEmail	guess_email	guess_email	Search for guess_email	1
https://searches.org.ai/FindFulfillmentOrder	searches.org.ai	Search	FindFulfillmentOrder	find_fulfillment_order	find_fulfillment_order	Search for find_fulfillment_order	1
https://searches.org.ai/Getaccount	searches.org.ai	Search	Getaccount	getaccount	getAccount	Search for getAccount	1
https://searches.org.ai/Getopportunity	searches.org.ai	Search	Getopportunity	getopportunity	getOpportunity	Search for getOpportunity	1
https://searches.org.ai/ListDynamicFields	searches.org.ai	Search	ListDynamicFields	list_dynamic_fields	list_dynamic_fields	Search for list_dynamic_fields	1
https://searches.org.ai/FindDocumentDownloadURL	searches.org.ai	Search	FindDocumentDownloadURL	find_document_download_url	find_document_download_url	Search for find_document_download_url	1
https://searches.org.ai/FindDocumentMetadataValues	searches.org.ai	Search	FindDocumentMetadataValues	find_document_metadata_values	find_document_metadata_values	Search for find_document_metadata_values	1
https://searches.org.ai/FindDocumentMetadataValue	searches.org.ai	Search	FindDocumentMetadataValue	find_document_metadata_value	find_document_metadata_value	Search for find_document_metadata_value	1
https://searches.org.ai/FindDocumentParties	searches.org.ai	Search	FindDocumentParties	find_document_parties	find_document_parties	Search for find_document_parties	1
https://searches.org.ai/FindSignatories	searches.org.ai	Search	FindSignatories	find_signatories	find_signatories	Search for find_signatories	1
https://searches.org.ai/FindDynamicField	searches.org.ai	Search	FindDynamicField	find_dynamic_field	find_dynamic_field	Search for find_dynamic_field	1
https://searches.org.ai/IssuesList	searches.org.ai	Search	IssuesList	issues_list	issues_list	Search for issues_list	1
https://searches.org.ai/TargetsList	searches.org.ai	Search	TargetsList	targets_list	targets_list	Search for targets_list	1
https://searches.org.ai/IssuesOccurrencesList	searches.org.ai	Search	IssuesOccurrencesList	issues_occurrences_list	issues_occurrences_list	Search for issues_occurrences_list	1
https://searches.org.ai/GenerateLlnReport	searches.org.ai	Search	GenerateLlnReport	generate_lln_report	generate_lln_report	Search for generate_lln_report	1
https://searches.org.ai/GetCourses	searches.org.ai	Search	GetCourses	get_courses	get_courses	Search for get_courses	1
https://searches.org.ai/GetLearners	searches.org.ai	Search	GetLearners	get_learners	get_learners	Search for get_learners	1
https://searches.org.ai/EnrichPerson	searches.org.ai	Search	EnrichPerson	enrich_person	enrich_person	Search for enrich_person	1
https://searches.org.ai/VerifySignals	searches.org.ai	Search	VerifySignals	verify_signals	verify_signals	Search for verify_signals	1
https://searches.org.ai/VerifyActivity	searches.org.ai	Search	VerifyActivity	verify_activity	verify_activity	Search for verify_activity	1
https://searches.org.ai/FindSingleRecord	searches.org.ai	Search	FindSingleRecord	find_single_record	find_single_record	Search for find_single_record	1
https://searches.org.ai/ObtainPromiseDetails	searches.org.ai	Search	ObtainPromiseDetails	obtain_promise_details	obtain_promise_details	Search for obtain_promise_details	1
https://searches.org.ai/ObtainSellerByQuote	searches.org.ai	Search	ObtainSellerByQuote	obtain_seller_by_quote	obtain_seller_by_quote	Search for obtain_seller_by_quote	1
https://searches.org.ai/ObtainSellerByRut	searches.org.ai	Search	ObtainSellerByRut	obtain_seller_by_rut	obtain_seller_by_rut	Search for obtain_seller_by_rut	1
https://searches.org.ai/FindChecklist	searches.org.ai	Search	FindChecklist	find_checklist	find_checklist	Search for find_checklist	2
https://searches.org.ai/Joblistsearch	searches.org.ai	Search	Joblistsearch	joblistsearch	jobListSearch	Search for jobListSearch	1
https://searches.org.ai/Onlinejobslistsearch	searches.org.ai	Search	Onlinejobslistsearch	onlinejobslistsearch	onlineJobsListSearch	Search for onlineJobsListSearch	1
https://searches.org.ai/Requestsearch	searches.org.ai	Search	Requestsearch	requestsearch	requestSearch	Search for requestSearch	1
https://searches.org.ai/SearchArticle	searches.org.ai	Search	SearchArticle	search_article	search_article	Search for search_article	1
https://searches.org.ai/Crmrecordsearch	searches.org.ai	Search	Crmrecordsearch	crmrecordsearch	crmRecordSearch	Search for crmRecordSearch	1
https://searches.org.ai/Campaignrecordsearch	searches.org.ai	Search	Campaignrecordsearch	campaignrecordsearch	campaignRecordSearch	Search for campaignRecordSearch	1
https://searches.org.ai/Card	searches.org.ai	Search	Card	card	card	Search for card	2
https://searches.org.ai/Cardssearch	searches.org.ai	Search	Cardssearch	cardssearch	cardsSearch	Search for cardsSearch	1
https://searches.org.ai/Getexpiredlicenses	searches.org.ai	Search	Getexpiredlicenses	getexpiredlicenses	GetExpiredLicenses	Search for GetExpiredLicenses	1
https://searches.org.ai/FindOrCreateTask	searches.org.ai	Search	FindOrCreateTask	find_or_create_task	find_or_create_task	Search for find_or_create_task	1
https://searches.org.ai/FindOrCreateContactV2	searches.org.ai	Search	FindOrCreateContactV2	find_or_create_contact_v2	find_or_create_contact_v2	Search for find_or_create_contact_v2	1
https://searches.org.ai/FindBooleanChoiceElement	searches.org.ai	Search	FindBooleanChoiceElement	find_boolean_choice_element	find_boolean_choice_element	Search for find_boolean_choice_element	1
https://searches.org.ai/FindSingleChoiceElement	searches.org.ai	Search	FindSingleChoiceElement	find_single_choice_element	find_single_choice_element	Search for find_single_choice_element	1
https://searches.org.ai/FindMultipleChoiceElement	searches.org.ai	Search	FindMultipleChoiceElement	find_multiple_choice_element	find_multiple_choice_element	Search for find_multiple_choice_element	1
https://searches.org.ai/FindConfirmationElement	searches.org.ai	Search	FindConfirmationElement	find_confirmation_element	find_confirmation_element	Search for find_confirmation_element	1
https://searches.org.ai/FindSignatureElement	searches.org.ai	Search	FindSignatureElement	find_signature_element	find_signature_element	Search for find_signature_element	1
https://searches.org.ai/FindTextElement	searches.org.ai	Search	FindTextElement	find_text_element	find_text_element	Search for find_text_element	1
https://searches.org.ai/FindPdfeditorElement	searches.org.ai	Search	FindPdfeditorElement	find_pdfeditor_element	find_pdfeditor_element	Search for find_pdfeditor_element	1
https://searches.org.ai/Alert	searches.org.ai	Search	Alert	alert	alert	Search for alert	1
https://searches.org.ai/Incident	searches.org.ai	Search	Incident	incident	incident	Search for incident	1
https://searches.org.ai/Pulse	searches.org.ai	Search	Pulse	pulse	pulse	Search for pulse	1
https://searches.org.ai/RetriveAllActionForJob	searches.org.ai	Search	RetriveAllActionForJob	retrive_all_action_for_job	retrive_all_action_for_job	Search for retrive_all_action_for_job	1
https://searches.org.ai/SearchJobAPIIds	searches.org.ai	Search	SearchJobAPIIds	search_job_api_ids	search_job_api_ids	Search for search_job_api_ids	1
https://searches.org.ai/FindOperator	searches.org.ai	Search	FindOperator	find_operator	find_operator	Search for find_operator	1
https://searches.org.ai/Directorysearch	searches.org.ai	Search	Directorysearch	directorysearch	directorySearch	Search for directorySearch	1
https://searches.org.ai/Stringsearch	searches.org.ai	Search	Stringsearch	stringsearch	stringSearch	Search for stringSearch	1
https://searches.org.ai/FindLanguage	searches.org.ai	Search	FindLanguage	find_language	find_language	Search for find_language	2
https://searches.org.ai/Contactbyoriginalid	searches.org.ai	Search	Contactbyoriginalid	contactbyoriginalid	contactByOriginalId	Search for contactByOriginalId	1
https://searches.org.ai/Stock	searches.org.ai	Search	Stock	stock	stock	Search for stock	1
https://searches.org.ai/GetExportcsvOrders	searches.org.ai	Search	GetExportcsvOrders	get_exportcsv_orders	get_exportcsv_orders	Search for get_exportcsv_orders	1
https://searches.org.ai/LeadFilter	searches.org.ai	Search	LeadFilter	lead_filter	lead_filter	Search for lead_filter	1
https://searches.org.ai/LeadByID	searches.org.ai	Search	LeadByID	lead_by_id	lead_by_id	Search for lead_by_id	1
https://searches.org.ai/DealFilter	searches.org.ai	Search	DealFilter	deal_filter	deal_filter	Search for deal_filter	1
https://searches.org.ai/CustomerFilter	searches.org.ai	Search	CustomerFilter	customer_filter	customer_filter	Search for customer_filter	1
https://searches.org.ai/Transaction	searches.org.ai	Search	Transaction	transaction	transaction	Search for transaction	1
https://searches.org.ai/ScheduledPayment	searches.org.ai	Search	ScheduledPayment	scheduled_payment	scheduled_payment	Search for scheduled_payment	1
https://searches.org.ai/AmbassadorGet	searches.org.ai	Search	AmbassadorGet	ambassador_get	ambassador_get	Search for ambassador_get	1
https://searches.org.ai/ShortcodeGet	searches.org.ai	Search	ShortcodeGet	shortcode_get	shortcode_get	Search for shortcode_get	1
https://searches.org.ai/FindCalendar	searches.org.ai	Search	FindCalendar	find_calendar	find_calendar	Search for find_calendar	1
https://searches.org.ai/FindProductgroup	searches.org.ai	Search	FindProductgroup	find_productgroup	find_productgroup	Search for find_productgroup	1
https://searches.org.ai/FindOrCreateProduct	searches.org.ai	Search	FindOrCreateProduct	find_or_create_product	find_or_create_product	Search for find_or_create_product	1
https://searches.org.ai/FindCoupon	searches.org.ai	Search	FindCoupon	find_coupon	find_coupon	Search for find_coupon	1
https://searches.org.ai/FindCoupontype	searches.org.ai	Search	FindCoupontype	find_coupontype	find_coupontype	Search for find_coupontype	1
https://searches.org.ai/FindGiftcard	searches.org.ai	Search	FindGiftcard	find_giftcard	find_giftcard	Search for find_giftcard	1
https://searches.org.ai/FindGiftcardtype	searches.org.ai	Search	FindGiftcardtype	find_giftcardtype	find_giftcardtype	Search for find_giftcardtype	1
https://searches.org.ai/FindVatRate	searches.org.ai	Search	FindVatRate	find_vat_rate	find_vat_rate	Search for find_vat_rate	1
https://searches.org.ai/FindPaymentMethod	searches.org.ai	Search	FindPaymentMethod	find_payment_method	find_payment_method	Search for find_payment_method	1
https://searches.org.ai/GetContactTags	searches.org.ai	Search	GetContactTags	get_contact_tags	get_contact_tags	Search for get_contact_tags	1
https://searches.org.ai/GetTransactionPeople	searches.org.ai	Search	GetTransactionPeople	get_transaction_people	get_transaction_people	Search for get_transaction_people	1
https://searches.org.ai/GetTransactionProperty	searches.org.ai	Search	GetTransactionProperty	get_transaction_property	get_transaction_property	Search for get_transaction_property	1
https://searches.org.ai/GetTransactionFinancial	searches.org.ai	Search	GetTransactionFinancial	get_transaction_financial	get_transaction_financial	Search for get_transaction_financial	1
https://searches.org.ai/GetTransactionDates	searches.org.ai	Search	GetTransactionDates	get_transaction_dates	get_transaction_dates	Search for get_transaction_dates	1
https://searches.org.ai/GetTransactionCommissions	searches.org.ai	Search	GetTransactionCommissions	get_transaction_commissions	get_transaction_commissions	Search for get_transaction_commissions	1
https://searches.org.ai/GetTransactionEarnestMoney	searches.org.ai	Search	GetTransactionEarnestMoney	get_transaction_earnest_money	get_transaction_earnest_money	Search for get_transaction_earnest_money	1
https://searches.org.ai/GetVendor	searches.org.ai	Search	GetVendor	get_vendor	get_vendor	Search for get_vendor	2
https://searches.org.ai/SearchFetch	searches.org.ai	Search	SearchFetch	search_fetch	search_fetch	Search for search_fetch	1
https://searches.org.ai/SearchGetjiraissue	searches.org.ai	Search	SearchGetjiraissue	search_getjiraissue	search_getJiraIssue	Search for search_getJiraIssue	1
https://searches.org.ai/SearchGetjiraissueremoteissuelinks	searches.org.ai	Search	SearchGetjiraissueremoteissuelinks	search_getjiraissueremoteissuelinks	search_getJiraIssueRemoteIssueLinks	Search for search_getJiraIssueRemoteIssueLinks	1
https://searches.org.ai/SearchGetjiraprojectissuetypesmetadata	searches.org.ai	Search	SearchGetjiraprojectissuetypesmetadata	search_getjiraprojectissuetypesmetadata	search_getJiraProjectIssueTypesMetadata	Search for search_getJiraProjectIssueTypesMetadata	1
https://searches.org.ai/SearchGettransitionsforjiraissue	searches.org.ai	Search	SearchGettransitionsforjiraissue	search_gettransitionsforjiraissue	search_getTransitionsForJiraIssue	Search for search_getTransitionsForJiraIssue	1
https://searches.org.ai/SearchGetvisiblejiraprojects	searches.org.ai	Search	SearchGetvisiblejiraprojects	search_getvisiblejiraprojects	search_getVisibleJiraProjects	Search for search_getVisibleJiraProjects	1
https://searches.org.ai/SearchLookupjiraaccountid	searches.org.ai	Search	SearchLookupjiraaccountid	search_lookupjiraaccountid	search_lookupJiraAccountId	Search for search_lookupJiraAccountId	1
https://searches.org.ai/SearchSearchjiraissuesusingjql	searches.org.ai	Search	SearchSearchjiraissuesusingjql	search_searchjiraissuesusingjql	search_searchJiraIssuesUsingJql	Search for search_searchJiraIssuesUsingJql	1
https://searches.org.ai/MakeReport	searches.org.ai	Search	MakeReport	make_report	make_report	Search for make_report	1
https://searches.org.ai/ListAccount	searches.org.ai	Search	ListAccount	list_account	list_account	Search for list_account	1
https://searches.org.ai/ListStatusID	searches.org.ai	Search	ListStatusID	list_status_id	list_status_id	Search for list_status_id	1
https://searches.org.ai/FindCampaignDetails	searches.org.ai	Search	FindCampaignDetails	find_campaign_details	find_campaign_details	Search for find_campaign_details	1
https://searches.org.ai/ContactResourcesearch	searches.org.ai	Search	ContactResourcesearch	contact_resourcesearch	contact_resourceSearch	Search for contact_resourceSearch	1
https://searches.org.ai/GroupResourcesearch	searches.org.ai	Search	GroupResourcesearch	group_resourcesearch	group_resourceSearch	Search for group_resourceSearch	1
https://searches.org.ai/Numberverifier	searches.org.ai	Search	Numberverifier	numberverifier	numberVerifier	Search for numberVerifier	1
https://searches.org.ai/FindContactsByEmail	searches.org.ai	Search	FindContactsByEmail	find_contacts_by_email	find_contacts_by_email	Search for find_contacts_by_email	1
https://searches.org.ai/FindContactsByPhone	searches.org.ai	Search	FindContactsByPhone	find_contacts_by_phone	find_contacts_by_phone	Search for find_contacts_by_phone	1
https://searches.org.ai/SearchConversations	searches.org.ai	Search	SearchConversations	search_conversations	search_conversations	Search for search_conversations	2
https://searches.org.ai/SearchAgents	searches.org.ai	Search	SearchAgents	search_agents	search_agents	Search for search_agents	1
https://searches.org.ai/SeachWorkforces	searches.org.ai	Search	SeachWorkforces	seach_workforces	seach_workforces	Search for seach_workforces	1
https://searches.org.ai/BulkRegistration	searches.org.ai	Search	BulkRegistration	bulk_registration	bulk_registration	Search for bulk_registration	1
https://searches.org.ai/FindReceipt	searches.org.ai	Search	FindReceipt	find_receipt	find_receipt	Search for find_receipt	1
https://searches.org.ai/FindBasket	searches.org.ai	Search	FindBasket	find_basket	find_basket	Search for find_basket	1
https://searches.org.ai/SearchSession	searches.org.ai	Search	SearchSession	search_session	search_session	Search for search_session	1
https://searches.org.ai/SearchSponsor	searches.org.ai	Search	SearchSponsor	search_sponsor	search_sponsor	Search for search_sponsor	1
https://searches.org.ai/SearchExhibitor	searches.org.ai	Search	SearchExhibitor	search_exhibitor	search_exhibitor	Search for search_exhibitor	1
https://searches.org.ai/SearchEventContactSessions	searches.org.ai	Search	SearchEventContactSessions	search_event_contact_sessions	search_event_contact_sessions	Search for search_event_contact_sessions	1
https://searches.org.ai/SearchOrganizationContactSessions	searches.org.ai	Search	SearchOrganizationContactSessions	search_organization_contact_sessions	search_organization_contact_sessions	Search for search_organization_contact_sessions	1
https://searches.org.ai/FindTransaction	searches.org.ai	Search	FindTransaction	find_transaction	find_transaction	Search for find_transaction	2
https://searches.org.ai/RetrieveRecipientByID	searches.org.ai	Search	RetrieveRecipientByID	retrieve_recipient_by_id	retrieve_recipient_by_id	Search for retrieve_recipient_by_id	1
https://searches.org.ai/Findeffort	searches.org.ai	Search	Findeffort	findeffort	FindEffort	Search for FindEffort	1
https://searches.org.ai/ActivitySearchV2	searches.org.ai	Search	ActivitySearchV2	activity_search_v2	activity_search_v2	Search for activity_search_v2	1
https://searches.org.ai/ProjectSearchV2	searches.org.ai	Search	ProjectSearchV2	project_search_v2	project_search_v2	Search for project_search_v2	1
https://searches.org.ai/TimelogSearchV2	searches.org.ai	Search	TimelogSearchV2	timelog_search_v2	timelog_search_v2	Search for timelog_search_v2	1
https://searches.org.ai/SearchBoard	searches.org.ai	Search	SearchBoard	search_board	search_board	Search for search_board	2
https://searches.org.ai/SearchSpace	searches.org.ai	Search	SearchSpace	search_space	search_space	Search for search_space	2
https://searches.org.ai/FindCardByExternalID	searches.org.ai	Search	FindCardByExternalID	find_card_by_external_id	find_card_by_external_id	Search for find_card_by_external_id	2
https://searches.org.ai/GetCustomerOrder	searches.org.ai	Search	GetCustomerOrder	get_customer_order	get_customer_order	Search for get_customer_order	1
https://searches.org.ai/FindCustomObjectData	searches.org.ai	Search	FindCustomObjectData	find_custom_object_data	find_custom_object_data	Search for find_custom_object_data	1
https://searches.org.ai/Finduserbyuserid	searches.org.ai	Search	Finduserbyuserid	finduserbyuserid	FindUserByUserId	Search for FindUserByUserId	1
https://searches.org.ai/Findresourcebyresourceid	searches.org.ai	Search	Findresourcebyresourceid	findresourcebyresourceid	FindResourceByResourceId	Search for FindResourceByResourceId	1
https://searches.org.ai/Findworkflowbyworkflowid	searches.org.ai	Search	Findworkflowbyworkflowid	findworkflowbyworkflowid	FindWorkflowByWorkflowId	Search for FindWorkflowByWorkflowId	1
https://searches.org.ai/Findbookingbybookingid	searches.org.ai	Search	Findbookingbybookingid	findbookingbybookingid	FindBookingByBookingId	Search for FindBookingByBookingId	1
https://searches.org.ai/Findorderbyorderid	searches.org.ai	Search	Findorderbyorderid	findorderbyorderid	FindOrderByOrderId	Search for FindOrderByOrderId	1
https://searches.org.ai/Findnumberbynumberid	searches.org.ai	Search	Findnumberbynumberid	findnumberbynumberid	FindNumberByNumberId	Search for FindNumberByNumberId	1
https://searches.org.ai/Searchbookings	searches.org.ai	Search	Searchbookings	searchbookings	SearchBookings	Search for SearchBookings	1
https://searches.org.ai/Searchorders	searches.org.ai	Search	Searchorders	searchorders	SearchOrders	Search for SearchOrders	1
https://searches.org.ai/Finddescendantworkflowsbyworkflowid	searches.org.ai	Search	Finddescendantworkflowsbyworkflowid	finddescendantworkflowsbyworkflowid	FindDescendantWorkflowsByWorkflowId	Search for FindDescendantWorkflowsByWorkflowId	1
https://searches.org.ai/GetInvoiceByID	searches.org.ai	Search	GetInvoiceByID	get_invoice_by_id	get_invoice_by_id	Search for get_invoice_by_id	1
https://searches.org.ai/GetWorkOrder	searches.org.ai	Search	GetWorkOrder	get_work_order	get_work_order	Search for get_work_order	2
https://searches.org.ai/GetWorkOrderByID	searches.org.ai	Search	GetWorkOrderByID	get_work_order_by_id	get_work_order_by_id	Search for get_work_order_by_id	1
https://searches.org.ai/GetTimeLog	searches.org.ai	Search	GetTimeLog	get_time_log	get_time_log	Search for get_time_log	1
https://searches.org.ai/GetActiveTimers	searches.org.ai	Search	GetActiveTimers	get_active_timers	get_active_timers	Search for get_active_timers	1
https://searches.org.ai/GetContactPersonByName	searches.org.ai	Search	GetContactPersonByName	get_contact_person_by_name	get_contact_person_by_name	Search for get_contact_person_by_name	1
https://searches.org.ai/GetContactPersonByID	searches.org.ai	Search	GetContactPersonByID	get_contact_person_by_id	get_contact_person_by_id	Search for get_contact_person_by_id	1
https://searches.org.ai/GetCustomerByID	searches.org.ai	Search	GetCustomerByID	get_customer_by_id	get_customer_by_id	Search for get_customer_by_id	3
https://searches.org.ai/Shipmentsearch	searches.org.ai	Search	Shipmentsearch	shipmentsearch	shipmentSearch	Search for shipmentSearch	1
https://searches.org.ai/FindTimeslip	searches.org.ai	Search	FindTimeslip	find_timeslip	find_timeslip	Search for find_timeslip	1
https://searches.org.ai/FindCommunicationsLog	searches.org.ai	Search	FindCommunicationsLog	find_communications_log	find_communications_log	Search for find_communications_log	1
https://searches.org.ai/FindRevenueForecast	searches.org.ai	Search	FindRevenueForecast	find_revenue_forecast	find_revenue_forecast	Search for find_revenue_forecast	1
https://searches.org.ai/FindExpenseForecast	searches.org.ai	Search	FindExpenseForecast	find_expense_forecast	find_expense_forecast	Search for find_expense_forecast	1
https://searches.org.ai/FindRecoveryPhase	searches.org.ai	Search	FindRecoveryPhase	find_recovery_phase	find_recovery_phase	Search for find_recovery_phase	1
https://searches.org.ai/FindRecoveryParty	searches.org.ai	Search	FindRecoveryParty	find_recovery_party	find_recovery_party	Search for find_recovery_party	1
https://searches.org.ai/FindRecoveryTransaction	searches.org.ai	Search	FindRecoveryTransaction	find_recovery_transaction	find_recovery_transaction	Search for find_recovery_transaction	1
https://searches.org.ai/FindRecoveryDistibution	searches.org.ai	Search	FindRecoveryDistibution	find_recovery_distibution	find_recovery_distibution	Search for find_recovery_distibution	1
https://searches.org.ai/FindPlaintiff	searches.org.ai	Search	FindPlaintiff	find_plaintiff	find_plaintiff	Search for find_plaintiff	1
https://searches.org.ai/FindCRMSale	searches.org.ai	Search	FindCRMSale	find_crm_sale	find_crm_sale	Search for find_crm_sale	1
https://searches.org.ai/FindCustomerbymeta	searches.org.ai	Search	FindCustomerbymeta	find_customerbymeta	find_customerbymeta	Search for find_customerbymeta	1
https://searches.org.ai/FindCustomerbymetavat	searches.org.ai	Search	FindCustomerbymetavat	find_customerbymetavat	find_customerbymetavat	Search for find_customerbymetavat	1
https://searches.org.ai/GetNewJobs	searches.org.ai	Search	GetNewJobs	get_new_jobs	get_new_jobs	Search for get_new_jobs	1
https://searches.org.ai/GetDeactivatedJobs	searches.org.ai	Search	GetDeactivatedJobs	get_deactivated_jobs	get_deactivated_jobs	Search for get_deactivated_jobs	1
https://searches.org.ai/GetNewContacts	searches.org.ai	Search	GetNewContacts	get_new_contacts	get_new_contacts	Search for get_new_contacts	1
https://searches.org.ai/FindExampleMeme	searches.org.ai	Search	FindExampleMeme	find_example_meme	find_example_meme	Search for find_example_meme	1
https://searches.org.ai/FindCustomMeme	searches.org.ai	Search	FindCustomMeme	find_custom_meme	find_custom_meme	Search for find_custom_meme	1
https://searches.org.ai/FindDivision	searches.org.ai	Search	FindDivision	find_division	find_division	Search for find_division	1
https://searches.org.ai/FindMytimeentry	searches.org.ai	Search	FindMytimeentry	find_mytimeentry	find_mytimeEntry	Search for find_mytimeEntry	1
https://searches.org.ai/FindMytimeoffentry	searches.org.ai	Search	FindMytimeoffentry	find_mytimeoffentry	find_mytimeoffentry	Search for find_mytimeoffentry	1
https://searches.org.ai/Findevent	searches.org.ai	Search	Findevent	findevent	findEvent	Search for findEvent	1
https://searches.org.ai/GetLoggedActivity	searches.org.ai	Search	GetLoggedActivity	get_logged_activity	get_logged_activity	Search for get_logged_activity	1
https://searches.org.ai/Getviesdata	searches.org.ai	Search	Getviesdata	getviesdata	getVIESData	Search for getVIESData	1
https://searches.org.ai/FindLeaveType	searches.org.ai	Search	FindLeaveType	find_leave_type	find_leave_type	Search for find_leave_type	1
https://searches.org.ai/NameToDomain	searches.org.ai	Search	NameToDomain	name_to_domain	name_to_domain	Search for name_to_domain	1
https://searches.org.ai/SearchInventory	searches.org.ai	Search	SearchInventory	search_inventory	search_inventory	Search for search_inventory	1
https://searches.org.ai/SearchPurchase	searches.org.ai	Search	SearchPurchase	search_purchase	search_purchase	Search for search_purchase	1
https://searches.org.ai/SearchAddresses	searches.org.ai	Search	SearchAddresses	search_addresses	search_addresses	Search for search_addresses	1
https://searches.org.ai/LoadRowByID	searches.org.ai	Search	LoadRowByID	load_row_by_id	load_row_by_id	Search for load_row_by_id	1
https://searches.org.ai/FetchUser	searches.org.ai	Search	FetchUser	fetch_user	fetch_user	Search for fetch_user	2
https://searches.org.ai/FetchOneQualiobee	searches.org.ai	Search	FetchOneQualiobee	fetch_one_qualiobee	fetch_one_qualiobee	Search for fetch_one_qualiobee	1
https://searches.org.ai/FetchOneConvention	searches.org.ai	Search	FetchOneConvention	fetch_one_convention	fetch_one_convention	Search for fetch_one_convention	1
https://searches.org.ai/FetchManyConventions	searches.org.ai	Search	FetchManyConventions	fetch_many_conventions	fetch_many_conventions	Search for fetch_many_conventions	1
https://searches.org.ai/FetchOneConvocation	searches.org.ai	Search	FetchOneConvocation	fetch_one_convocation	fetch_one_convocation	Search for fetch_one_convocation	1
https://searches.org.ai/FetchManyConvocations	searches.org.ai	Search	FetchManyConvocations	fetch_many_convocations	fetch_many_convocations	Search for fetch_many_convocations	1
https://searches.org.ai/FetchOneSessiondate	searches.org.ai	Search	FetchOneSessiondate	fetch_one_sessiondate	fetch_one_sessionDate	Search for fetch_one_sessionDate	1
https://searches.org.ai/FetchManySessiondates	searches.org.ai	Search	FetchManySessiondates	fetch_many_sessiondates	fetch_many_sessionDates	Search for fetch_many_sessionDates	1
https://searches.org.ai/FetchOneTrainer	searches.org.ai	Search	FetchOneTrainer	fetch_one_trainer	fetch_one_trainer	Search for fetch_one_trainer	1
https://searches.org.ai/FetchManyTrainers	searches.org.ai	Search	FetchManyTrainers	fetch_many_trainers	fetch_many_trainers	Search for fetch_many_trainers	1
https://searches.org.ai/FetchOneSession	searches.org.ai	Search	FetchOneSession	fetch_one_session	fetch_one_session	Search for fetch_one_session	1
https://searches.org.ai/FetchManySessions	searches.org.ai	Search	FetchManySessions	fetch_many_sessions	fetch_many_sessions	Search for fetch_many_sessions	1
https://searches.org.ai/FetchOneModule	searches.org.ai	Search	FetchOneModule	fetch_one_module	fetch_one_module	Search for fetch_one_module	1
https://searches.org.ai/FetchManyModules	searches.org.ai	Search	FetchManyModules	fetch_many_modules	fetch_many_modules	Search for fetch_many_modules	1
https://searches.org.ai/FetchOneFormation	searches.org.ai	Search	FetchOneFormation	fetch_one_formation	fetch_one_formation	Search for fetch_one_formation	1
https://searches.org.ai/FetchManyFormations	searches.org.ai	Search	FetchManyFormations	fetch_many_formations	fetch_many_formations	Search for fetch_many_formations	1
https://searches.org.ai/FetchOneLocation	searches.org.ai	Search	FetchOneLocation	fetch_one_location	fetch_one_location	Search for fetch_one_location	1
https://searches.org.ai/FetchManyLocations	searches.org.ai	Search	FetchManyLocations	fetch_many_locations	fetch_many_locations	Search for fetch_many_locations	1
https://searches.org.ai/FetchOneCustomer	searches.org.ai	Search	FetchOneCustomer	fetch_one_customer	fetch_one_customer	Search for fetch_one_customer	1
https://searches.org.ai/FetchManyCustomers	searches.org.ai	Search	FetchManyCustomers	fetch_many_customers	fetch_many_customers	Search for fetch_many_customers	1
https://searches.org.ai/FetchManyLearners	searches.org.ai	Search	FetchManyLearners	fetch_many_learners	fetch_many_learners	Search for fetch_many_learners	1
https://searches.org.ai/FetchOneLearner	searches.org.ai	Search	FetchOneLearner	fetch_one_learner	fetch_one_learner	Search for fetch_one_learner	1
https://searches.org.ai/QueryWhois	searches.org.ai	Search	QueryWhois	query_whois	query_whois	Search for query_whois	1
https://searches.org.ai/GetSaleDocument	searches.org.ai	Search	GetSaleDocument	get_sale_document	get_sale_document	Search for get_sale_document	1
https://searches.org.ai/CommercialDocumentSeries	searches.org.ai	Search	CommercialDocumentSeries	commercial_document_series	commercial_document_series	Search for commercial_document_series	1
https://searches.org.ai/GetSupliers	searches.org.ai	Search	GetSupliers	get_supliers	get_supliers	Search for get_supliers	1
https://searches.org.ai/GetProducts	searches.org.ai	Search	GetProducts	get_products	get_products	Search for get_products	2
https://searches.org.ai/GetServices	searches.org.ai	Search	GetServices	get_services	get_services	Search for get_services	3
https://searches.org.ai/GetSaleDocumentPDF	searches.org.ai	Search	GetSaleDocumentPDF	get_sale_document_pdf	get_sale_document_pdf	Search for get_sale_document_pdf	1
https://searches.org.ai/GetReceiptDocument	searches.org.ai	Search	GetReceiptDocument	get_receipt_document	get_receipt_document	Search for get_receipt_document	1
https://searches.org.ai/GetPurchaseDocument	searches.org.ai	Search	GetPurchaseDocument	get_purchase_document	get_purchase_document	Search for get_purchase_document	1
https://searches.org.ai/Supplierbynamesearch	searches.org.ai	Search	Supplierbynamesearch	supplierbynamesearch	supplierByNameSearch	Search for supplierByNameSearch	1
https://searches.org.ai/Supplierbycustomfieldsearch	searches.org.ai	Search	Supplierbycustomfieldsearch	supplierbycustomfieldsearch	supplierByCustomFieldSearch	Search for supplierByCustomFieldSearch	1
https://searches.org.ai/GetFileProperties	searches.org.ai	Search	GetFileProperties	get_file_properties	get_file_properties	Search for get_file_properties	1
https://searches.org.ai/GetFileContent	searches.org.ai	Search	GetFileContent	get_file_content	get_file_content	Search for get_file_content	2
https://searches.org.ai/GetLibraryFileContent	searches.org.ai	Search	GetLibraryFileContent	get_library_file_content	get_library_file_content	Search for get_library_file_content	1
https://searches.org.ai/GetJournalentry	searches.org.ai	Search	GetJournalentry	get_journalentry	get_journalentry	Search for get_journalentry	1
https://searches.org.ai/GetAllJournalentries	searches.org.ai	Search	GetAllJournalentries	get_all_journalentries	get_all_journalentries	Search for get_all_journalentries	1
https://searches.org.ai/GetDraftinvoiceByCustomername	searches.org.ai	Search	GetDraftinvoiceByCustomername	get_draftinvoice_by_customername	get_draftinvoice_by_customername	Search for get_draftinvoice_by_customername	1
https://searches.org.ai/GetAllInvoices	searches.org.ai	Search	GetAllInvoices	get_all_invoices	get_all_invoices	Search for get_all_invoices	1
https://searches.org.ai/GetDraftinvoiceByProjectid	searches.org.ai	Search	GetDraftinvoiceByProjectid	get_draftinvoice_by_projectid	get_draftinvoice_by_projectId	Search for get_draftinvoice_by_projectId	1
https://searches.org.ai/DetectAJobChange	searches.org.ai	Search	DetectAJobChange	detect_a_job_change	Detect_a_job_change	Search for Detect_a_job_change	1
https://searches.org.ai/FindPhone	searches.org.ai	Search	FindPhone	find_phone	find_phone	Search for find_phone	1
https://searches.org.ai/LoadActivity	searches.org.ai	Search	LoadActivity	load_activity	load_activity	Search for load_activity	1
https://searches.org.ai/Taskcategorysearch	searches.org.ai	Search	Taskcategorysearch	taskcategorysearch	taskCategorySearch	Search for taskCategorySearch	1
https://searches.org.ai/Memberssearch	searches.org.ai	Search	Memberssearch	memberssearch	membersSearch	Search for membersSearch	1
https://searches.org.ai/GetDocumentSignedFileInfo	searches.org.ai	Search	GetDocumentSignedFileInfo	get_document_signed_file_info	get_document_signed_file_info	Search for get_document_signed_file_info	1
https://searches.org.ai/DocumentHistory	searches.org.ai	Search	DocumentHistory	document_history	document_history	Search for document_history	1
https://searches.org.ai/FindTaxByID	searches.org.ai	Search	FindTaxByID	find_tax_by_id	Find_Tax_By_Id	Search for Find_Tax_By_Id	1
https://searches.org.ai/FindInventorylocationByName	searches.org.ai	Search	FindInventorylocationByName	find_inventorylocation_by_name	Find_InventoryLocation_By_Name	Search for Find_InventoryLocation_By_Name	1
https://searches.org.ai/FindProductByProductsku	searches.org.ai	Search	FindProductByProductsku	find_product_by_productsku	Find_Product_by_ProductSKU	Search for Find_Product_by_ProductSKU	1
https://searches.org.ai/FindDiscountByID	searches.org.ai	Search	FindDiscountByID	find_discount_by_id	Find_Discount_By_Id	Search for Find_Discount_By_Id	1
https://searches.org.ai/FindTaxByName	searches.org.ai	Search	FindTaxByName	find_tax_by_name	Find_Tax_By_Name	Search for Find_Tax_By_Name	1
https://searches.org.ai/FindDiscountByName	searches.org.ai	Search	FindDiscountByName	find_discount_by_name	Find_Discount_By_Name	Search for Find_Discount_By_Name	1
https://searches.org.ai/FindWorkorderByNo	searches.org.ai	Search	FindWorkorderByNo	find_workorder_by_no	Find_WorkOrder_By_No	Search for Find_WorkOrder_By_No	1
https://searches.org.ai/FindProductcategoryByID	searches.org.ai	Search	FindProductcategoryByID	find_productcategory_by_id	Find_ProductCategory_By_Id	Search for Find_ProductCategory_By_Id	1
https://searches.org.ai/FindShippingproviderByID	searches.org.ai	Search	FindShippingproviderByID	find_shippingprovider_by_id	Find_ShippingProvider_By_Id	Search for Find_ShippingProvider_By_Id	1
https://searches.org.ai/FindDocumentByTypeidAndNo	searches.org.ai	Search	FindDocumentByTypeidAndNo	find_document_by_typeid_and_no	Find_Document_By_TypeId_And_No	Search for Find_Document_By_TypeId_And_No	1
https://searches.org.ai/FindClientByID	searches.org.ai	Search	FindClientByID	find_client_by_id	Find_Client_By_Id	Search for Find_Client_By_Id	1
https://searches.org.ai/FindShippingproviderByName	searches.org.ai	Search	FindShippingproviderByName	find_shippingprovider_by_name	Find_ShippingProvider_By_Name	Search for Find_ShippingProvider_By_Name	1
https://searches.org.ai/FindCurrencyByCode	searches.org.ai	Search	FindCurrencyByCode	find_currency_by_code	Find_Currency_By_Code	Search for Find_Currency_By_Code	1
https://searches.org.ai/FindWorkorderByID	searches.org.ai	Search	FindWorkorderByID	find_workorder_by_id	Find_WorkOrder_By_Id	Search for Find_WorkOrder_By_Id	1
https://searches.org.ai/FindSupplierByID	searches.org.ai	Search	FindSupplierByID	find_supplier_by_id	Find_Supplier_By_Id	Search for Find_Supplier_By_Id	1
https://searches.org.ai/FindProductcategoryByName	searches.org.ai	Search	FindProductcategoryByName	find_productcategory_by_name	Find_ProductCategory_By_Name	Search for Find_ProductCategory_By_Name	1
https://searches.org.ai/FindInventorylocationByID	searches.org.ai	Search	FindInventorylocationByID	find_inventorylocation_by_id	Find_InventoryLocation_By_Id	Search for Find_InventoryLocation_By_Id	1
https://searches.org.ai/FindClientByName	searches.org.ai	Search	FindClientByName	find_client_by_name	Find_Client_By_Name	Search for Find_Client_By_Name	1
https://searches.org.ai/FindCurrencyByID	searches.org.ai	Search	FindCurrencyByID	find_currency_by_id	Find_Currency_By_Id	Search for Find_Currency_By_Id	1
https://searches.org.ai/FindSupplierByName	searches.org.ai	Search	FindSupplierByName	find_supplier_by_name	Find_Supplier_By_Name	Search for Find_Supplier_By_Name	1
https://searches.org.ai/FindSalesOrderByID	searches.org.ai	Search	FindSalesOrderByID	find_sales_order_by_id	Find_Sales_Order_By_Id	Search for Find_Sales_Order_By_Id	1
https://searches.org.ai/FindSalesOrderByNo	searches.org.ai	Search	FindSalesOrderByNo	find_sales_order_by_no	Find_Sales_Order_By_No	Search for Find_Sales_Order_By_No	1
https://searches.org.ai/FindSalesQuoteByID	searches.org.ai	Search	FindSalesQuoteByID	find_sales_quote_by_id	Find_Sales_Quote_By_Id	Search for Find_Sales_Quote_By_Id	1
https://searches.org.ai/FindSalesQuoteByNo	searches.org.ai	Search	FindSalesQuoteByNo	find_sales_quote_by_no	Find_Sales_Quote_By_No	Search for Find_Sales_Quote_By_No	1
https://searches.org.ai/FindPricingRuleByID	searches.org.ai	Search	FindPricingRuleByID	find_pricing_rule_by_id	Find_Pricing_Rule_By_Id	Search for Find_Pricing_Rule_By_Id	1
https://searches.org.ai/FindPurchaseOrderByID	searches.org.ai	Search	FindPurchaseOrderByID	find_purchase_order_by_id	Find_Purchase_Order_By_Id	Search for Find_Purchase_Order_By_Id	1
https://searches.org.ai/FindPurchaseOrderByNo	searches.org.ai	Search	FindPurchaseOrderByNo	find_purchase_order_by_no	Find_Purchase_Order_By_No	Search for Find_Purchase_Order_By_No	1
https://searches.org.ai/FindDocumentByID	searches.org.ai	Search	FindDocumentByID	find_document_by_id	Find_Document_By_ID	Search for Find_Document_By_ID	1
https://searches.org.ai/FindChecklistInstance	searches.org.ai	Search	FindChecklistInstance	find_checklist_instance	find_checklist_instance	Search for find_checklist_instance	1
https://searches.org.ai/FindChecklistStep	searches.org.ai	Search	FindChecklistStep	find_checklist_step	find_checklist_step	Search for find_checklist_step	1
https://searches.org.ai/FindProcedure	searches.org.ai	Search	FindProcedure	find_procedure	find_procedure	Search for find_procedure	1
https://searches.org.ai/FindChecklistInstanceByID	searches.org.ai	Search	FindChecklistInstanceByID	find_checklist_instance_by_id	find_checklist_instance_by_id	Search for find_checklist_instance_by_id	1
https://searches.org.ai/FindChecklistStepByID	searches.org.ai	Search	FindChecklistStepByID	find_checklist_step_by_id	find_checklist_step_by_id	Search for find_checklist_step_by_id	1
https://searches.org.ai/FindProcedureByID	searches.org.ai	Search	FindProcedureByID	find_procedure_by_id	find_procedure_by_id	Search for find_procedure_by_id	1
https://searches.org.ai/GetAssets	searches.org.ai	Search	GetAssets	get_assets	get_assets	Search for get_assets	2
https://searches.org.ai/FindAssetByName	searches.org.ai	Search	FindAssetByName	find_asset_by_name	find_asset_by_name	Search for find_asset_by_name	1
https://searches.org.ai/ExportContacts	searches.org.ai	Search	ExportContacts	export_contacts	export_contacts	Search for export_contacts	1
https://searches.org.ai/AnalysisSearch	searches.org.ai	Search	AnalysisSearch	analysis_search	analysis_search	Search for analysis_search	1
https://searches.org.ai/RecordsSearch	searches.org.ai	Search	RecordsSearch	records_search	records_search	Search for records_search	1
https://searches.org.ai/FindMemo	searches.org.ai	Search	FindMemo	find_memo	find_memo	Search for find_memo	1
https://searches.org.ai/GetRfq	searches.org.ai	Search	GetRfq	get_rfq	get_rfq	Search for get_rfq	1
https://searches.org.ai/GetSalesOrder	searches.org.ai	Search	GetSalesOrder	get_sales_order	get_sales_order	Search for get_sales_order	1
https://searches.org.ai/GetPurchaseOrder	searches.org.ai	Search	GetPurchaseOrder	get_purchase_order	get_purchase_order	Search for get_purchase_order	1
https://searches.org.ai/FindApprovalProcessRequest	searches.org.ai	Search	FindApprovalProcessRequest	find_approval_process_request	find_approval_process_request	Search for find_approval_process_request	1
https://searches.org.ai/FindApprovalStageRequest	searches.org.ai	Search	FindApprovalStageRequest	find_approval_stage_request	find_approval_stage_request	Search for find_approval_stage_request	1
https://searches.org.ai/FindStudentrecord	searches.org.ai	Search	FindStudentrecord	find_studentrecord	find_studentrecord	Search for find_studentrecord	1
https://searches.org.ai/FindParentrecord	searches.org.ai	Search	FindParentrecord	find_parentrecord	find_parentrecord	Search for find_parentrecord	1
https://searches.org.ai/FindTeacherrecord	searches.org.ai	Search	FindTeacherrecord	find_teacherrecord	find_teacherrecord	Search for find_teacherrecord	1
https://searches.org.ai/SearchSupplierV2	searches.org.ai	Search	SearchSupplierV2	search_supplier_v2	search_supplier_v2	Search for search_supplier_v2	1
https://searches.org.ai/SearchCustomerV2	searches.org.ai	Search	SearchCustomerV2	search_customer_v2	search_customer_v2	Search for search_customer_v2	1
https://searches.org.ai/Affiliatesearch	searches.org.ai	Search	Affiliatesearch	affiliatesearch	affiliateSearch	Search for affiliateSearch	1
https://searches.org.ai/Currencies	searches.org.ai	Search	Currencies	currencies	Currencies	Search for Currencies	1
https://searches.org.ai/Providers	searches.org.ai	Search	Providers	providers	Providers	Search for Providers	1
https://searches.org.ai/Latest	searches.org.ai	Search	Latest	latest	Latest	Search for Latest	1
https://searches.org.ai/Historical	searches.org.ai	Search	Historical	historical	Historical	Search for Historical	1
https://searches.org.ai/Convert	searches.org.ai	Search	Convert	convert	Convert	Search for Convert	1
https://searches.org.ai/Business	searches.org.ai	Search	Business	business	business	Search for business	1
https://searches.org.ai/Property	searches.org.ai	Search	Property	property	property	Search for property	1
https://searches.org.ai/FindCallStatus	searches.org.ai	Search	FindCallStatus	find_call_status	find_call_status	Search for find_call_status	1
https://searches.org.ai/FindJobs	searches.org.ai	Search	FindJobs	find_jobs	find_jobs	Search for find_jobs	1
https://searches.org.ai/GetConvertedFileFromJob	searches.org.ai	Search	GetConvertedFileFromJob	get_converted_file_from_job	get_converted_file_from_job	Search for get_converted_file_from_job	1
https://searches.org.ai/Findcontract	searches.org.ai	Search	Findcontract	findcontract	findContract	Search for findContract	1
https://searches.org.ai/FindMemberShareLinks	searches.org.ai	Search	FindMemberShareLinks	find_member_share_links	find_member_share_links	Search for find_member_share_links	1
https://searches.org.ai/FindBonus	searches.org.ai	Search	FindBonus	find_bonus	find_bonus	Search for find_bonus	1
https://searches.org.ai/FindBonuses	searches.org.ai	Search	FindBonuses	find_bonuses	find_bonuses	Search for find_bonuses	1
https://searches.org.ai/FindMembers	searches.org.ai	Search	FindMembers	find_members	find_members	Search for find_members	1
https://searches.org.ai/FindPayoutRequest	searches.org.ai	Search	FindPayoutRequest	find_payout_request	find_payout_request	Search for find_payout_request	1
https://searches.org.ai/FindPayoutRequests	searches.org.ai	Search	FindPayoutRequests	find_payout_requests	find_payout_requests	Search for find_payout_requests	1
https://searches.org.ai/Bundlefiles	searches.org.ai	Search	Bundlefiles	bundlefiles	bundleFiles	Search for bundleFiles	1
https://searches.org.ai/Certificateevidence	searches.org.ai	Search	Certificateevidence	certificateevidence	certificateEvidence	Search for certificateEvidence	1
https://searches.org.ai/Bundles	searches.org.ai	Search	Bundles	bundles	bundles	Search for bundles	1
https://searches.org.ai/Bundledata	searches.org.ai	Search	Bundledata	bundledata	bundleData	Search for bundleData	1
https://searches.org.ai/Retrieveperson	searches.org.ai	Search	Retrieveperson	retrieveperson	retrievePerson	Search for retrievePerson	1
https://searches.org.ai/Searchcontactbyemail	searches.org.ai	Search	Searchcontactbyemail	searchcontactbyemail	searchContactByEmail	Search for searchContactByEmail	1
https://searches.org.ai/Searchcontactbyid	searches.org.ai	Search	Searchcontactbyid	searchcontactbyid	searchContactById	Search for searchContactById	1
https://searches.org.ai/Searcharivecrmid	searches.org.ai	Search	Searcharivecrmid	searcharivecrmid	searchAriveCRMId	Search for searchAriveCRMId	1
https://searches.org.ai/Searchcontactbyphone	searches.org.ai	Search	Searchcontactbyphone	searchcontactbyphone	searchContactByPhone	Search for searchContactByPhone	1
https://searches.org.ai/Searchrecipientbyemail	searches.org.ai	Search	Searchrecipientbyemail	searchrecipientbyemail	searchRecipientByEmail	Search for searchRecipientByEmail	1
https://searches.org.ai/Getdeliveryreports	searches.org.ai	Search	Getdeliveryreports	getdeliveryreports	getDeliveryReports	Search for getDeliveryReports	1
https://searches.org.ai/FindRequestTemplate	searches.org.ai	Search	FindRequestTemplate	find_request_template	find_request_template	Search for find_request_template	1
https://searches.org.ai/Contactlookup	searches.org.ai	Search	Contactlookup	contactlookup	ContactLookup	Search for ContactLookup	1
https://searches.org.ai/RepGet	searches.org.ai	Search	RepGet	rep_get	rep_get	Search for rep_get	1
https://searches.org.ai/LookupLead	searches.org.ai	Search	LookupLead	lookup_lead	lookup_lead	Search for lookup_lead	1
https://searches.org.ai/CustomLookupLead	searches.org.ai	Search	CustomLookupLead	custom_lookup_lead	custom_lookup_lead	Search for custom_lookup_lead	1
https://searches.org.ai/FindProjectSearch	searches.org.ai	Search	FindProjectSearch	find_project_search	find_project_search	Search for find_project_search	1
https://searches.org.ai/SearchHousehold	searches.org.ai	Search	SearchHousehold	search_household	search_household	Search for search_household	1
https://searches.org.ai/Findcategory	searches.org.ai	Search	Findcategory	findcategory	FindCategory	Search for FindCategory	1
https://searches.org.ai/Findemployee	searches.org.ai	Search	Findemployee	findemployee	FindEmployee	Search for FindEmployee	1
https://searches.org.ai/Actionsearch	searches.org.ai	Search	Actionsearch	actionsearch	actionSearch	Search for actionSearch	1
https://searches.org.ai/Playersearch	searches.org.ai	Search	Playersearch	playersearch	playerSearch	Search for playerSearch	1
https://searches.org.ai/Searchcustomobject	searches.org.ai	Search	Searchcustomobject	searchcustomobject	searchCustomObject	Search for searchCustomObject	1
https://searches.org.ai/UsersFindOne	searches.org.ai	Search	UsersFindOne	users_find_one	users_find_one	Search for users_find_one	1
https://searches.org.ai/GroupsFindOne	searches.org.ai	Search	GroupsFindOne	groups_find_one	groups_find_one	Search for groups_find_one	1
https://searches.org.ai/OrganizationsFindOne	searches.org.ai	Search	OrganizationsFindOne	organizations_find_one	organizations_find_one	Search for organizations_find_one	1
https://searches.org.ai/DepartmentsFindOne	searches.org.ai	Search	DepartmentsFindOne	departments_find_one	departments_find_one	Search for departments_find_one	1
https://searches.org.ai/LocationsFindOne	searches.org.ai	Search	LocationsFindOne	locations_find_one	locations_find_one	Search for locations_find_one	1
https://searches.org.ai/OrganizationsSearch	searches.org.ai	Search	OrganizationsSearch	organizations_search	organizations_search	Search for organizations_search	1
https://searches.org.ai/UsersSearch	searches.org.ai	Search	UsersSearch	users_search	users_search	Search for users_search	1
https://searches.org.ai/IssuetypesFindOne	searches.org.ai	Search	IssuetypesFindOne	issuetypes_find_one	issueTypes_find_one	Search for issueTypes_find_one	1
https://searches.org.ai/SearchIssuetypes	searches.org.ai	Search	SearchIssuetypes	search_issuetypes	search_issueTypes	Search for search_issueTypes	1
https://searches.org.ai/Subtype1sFindOne	searches.org.ai	Search	Subtype1sFindOne	subtype1s_find_one	subtype1s_find_one	Search for subtype1s_find_one	1
https://searches.org.ai/SearchSubtype1s	searches.org.ai	Search	SearchSubtype1s	search_subtype1s	search_subtype1s	Search for search_subtype1s	1
https://searches.org.ai/Subtype2sFindOne	searches.org.ai	Search	Subtype2sFindOne	subtype2s_find_one	subtype2s_find_one	Search for subtype2s_find_one	1
https://searches.org.ai/SearchSubtype2s	searches.org.ai	Search	SearchSubtype2s	search_subtype2s	search_subtype2s	Search for search_subtype2s	1
https://searches.org.ai/Subtype3sFindOne	searches.org.ai	Search	Subtype3sFindOne	subtype3s_find_one	subtype3s_find_one	Search for subtype3s_find_one	1
https://searches.org.ai/SearchSubtype3s	searches.org.ai	Search	SearchSubtype3s	search_subtype3s	search_subtype3s	Search for search_subtype3s	1
https://searches.org.ai/Subtype4sFindOne	searches.org.ai	Search	Subtype4sFindOne	subtype4s_find_one	subtype4s_find_one	Search for subtype4s_find_one	1
https://searches.org.ai/SearchSubtype4s	searches.org.ai	Search	SearchSubtype4s	search_subtype4s	search_subtype4s	Search for search_subtype4s	1
https://searches.org.ai/CausesFindOne	searches.org.ai	Search	CausesFindOne	causes_find_one	causes_find_one	Search for causes_find_one	1
https://searches.org.ai/SearchCauses	searches.org.ai	Search	SearchCauses	search_causes	search_causes	Search for search_causes	1
https://searches.org.ai/ClassesFindOne	searches.org.ai	Search	ClassesFindOne	classes_find_one	classes_find_one	Search for classes_find_one	1
https://searches.org.ai/SearchClasses	searches.org.ai	Search	SearchClasses	search_classes	search_classes	Search for search_classes	1
https://searches.org.ai/PrioritiesFindOne	searches.org.ai	Search	PrioritiesFindOne	priorities_find_one	priorities_find_one	Search for priorities_find_one	1
https://searches.org.ai/SearchPriorities	searches.org.ai	Search	SearchPriorities	search_priorities	search_priorities	Search for search_priorities	1
https://searches.org.ai/SeveritiesFindOne	searches.org.ai	Search	SeveritiesFindOne	severities_find_one	severities_find_one	Search for severities_find_one	1
https://searches.org.ai/SearchSeverities	searches.org.ai	Search	SearchSeverities	search_severities	search_severities	Search for search_severities	1
https://searches.org.ai/SubstatusesFindOne	searches.org.ai	Search	SubstatusesFindOne	substatuses_find_one	substatuses_find_one	Search for substatuses_find_one	1
https://searches.org.ai/SearchSubstatuses	searches.org.ai	Search	SearchSubstatuses	search_substatuses	search_substatuses	Search for search_substatuses	1
https://searches.org.ai/ProjectsFindOne	searches.org.ai	Search	ProjectsFindOne	projects_find_one	projects_find_one	Search for projects_find_one	1
https://searches.org.ai/IssuesFindOne	searches.org.ai	Search	IssuesFindOne	issues_find_one	issues_find_one	Search for issues_find_one	1
https://searches.org.ai/SearchIssues	searches.org.ai	Search	SearchIssues	search_issues	search_issues	Search for search_issues	1
https://searches.org.ai/ConfigurationitemsFindOne	searches.org.ai	Search	ConfigurationitemsFindOne	configurationitems_find_one	configurationItems_find_one	Search for configurationItems_find_one	1
https://searches.org.ai/SearchConfigurationitems	searches.org.ai	Search	SearchConfigurationitems	search_configurationitems	search_configurationItems	Search for search_configurationItems	1
https://searches.org.ai/SolutionsFindOne	searches.org.ai	Search	SolutionsFindOne	solutions_find_one	solutions_find_one	Search for solutions_find_one	1
https://searches.org.ai/SearchSolutions	searches.org.ai	Search	SearchSolutions	search_solutions	search_solutions	Search for search_solutions	1
https://searches.org.ai/Dealtypesearch	searches.org.ai	Search	Dealtypesearch	dealtypesearch	dealTypeSearch	Search for dealTypeSearch	1
https://searches.org.ai/Teammembersearch	searches.org.ai	Search	Teammembersearch	teammembersearch	teamMemberSearch	Search for teamMemberSearch	1
https://searches.org.ai/Name	searches.org.ai	Search	Name	name	name	Search for name	1
https://searches.org.ai/FindQrcode	searches.org.ai	Search	FindQrcode	find_qrcode	find_qrcode	Search for find_qrcode	1
https://searches.org.ai/ListContract	searches.org.ai	Search	ListContract	list_contract	list_contract	Search for list_contract	1
https://searches.org.ai/ListAsset	searches.org.ai	Search	ListAsset	list_asset	list_asset	Search for list_asset	1
https://searches.org.ai/ListSupplier	searches.org.ai	Search	ListSupplier	list_supplier	list_supplier	Search for list_supplier	1
https://searches.org.ai/SearchAsset	searches.org.ai	Search	SearchAsset	search_asset	search_asset	Search for search_asset	1
https://searches.org.ai/SearchCountry	searches.org.ai	Search	SearchCountry	search_country	search_country	Search for search_country	1
https://searches.org.ai/FindAssetName	searches.org.ai	Search	FindAssetName	find_asset_name	find_asset_name	Search for find_asset_name	1
https://searches.org.ai/FindHardwareModel	searches.org.ai	Search	FindHardwareModel	find_hardware_model	find_hardware_model	Search for find_hardware_model	1
https://searches.org.ai/FindUsageStatus	searches.org.ai	Search	FindUsageStatus	find_usage_status	find_usage_status	Search for find_usage_status	1
https://searches.org.ai/ContractLookup	searches.org.ai	Search	ContractLookup	contract_lookup	contract_lookup	Search for contract_lookup	1
https://searches.org.ai/KeywordsByAsin	searches.org.ai	Search	KeywordsByAsin	keywords_by_asin	keywords_by_asin	Search for keywords_by_asin	1
https://searches.org.ai/KeywordsByKeyword	searches.org.ai	Search	KeywordsByKeyword	keywords_by_keyword	keywords_by_keyword	Search for keywords_by_keyword	1
https://searches.org.ai/ProductDatabase	searches.org.ai	Search	ProductDatabase	product_database	product_database	Search for product_database	1
https://searches.org.ai/HistoricalSearchVolume	searches.org.ai	Search	HistoricalSearchVolume	historical_search_volume	historical_search_volume	Search for historical_search_volume	1
https://searches.org.ai/SalesEstimates	searches.org.ai	Search	SalesEstimates	sales_estimates	sales_estimates	Search for sales_estimates	1
https://searches.org.ai/ShareOfVoice	searches.org.ai	Search	ShareOfVoice	share_of_voice	share_of_voice	Search for share_of_voice	1
https://searches.org.ai/Categorysearch	searches.org.ai	Search	Categorysearch	categorysearch	categorySearch	Search for categorySearch	2
https://searches.org.ai/GetPersonLinkedin	searches.org.ai	Search	GetPersonLinkedin	get_person_linkedin	get_person_linkedin	Search for get_person_linkedin	1
https://searches.org.ai/GetPersonPositions	searches.org.ai	Search	GetPersonPositions	get_person_positions	get_person_positions	Search for get_person_positions	1
https://searches.org.ai/GetPersonWebSites	searches.org.ai	Search	GetPersonWebSites	get_person_web_sites	get_person_web_sites	Search for get_person_web_sites	1
https://searches.org.ai/GetSchool	searches.org.ai	Search	GetSchool	get_school	get_school	Search for get_school	1
https://searches.org.ai/GetProjectAdmin	searches.org.ai	Search	GetProjectAdmin	get_project_admin	get_project_admin	Search for get_project_admin	1
https://searches.org.ai/GetProjectClient	searches.org.ai	Search	GetProjectClient	get_project_client	get_project_client	Search for get_project_client	1
https://searches.org.ai/GetProjectCompensation	searches.org.ai	Search	GetProjectCompensation	get_project_compensation	get_project_compensation	Search for get_project_compensation	1
https://searches.org.ai/GetProjectFees	searches.org.ai	Search	GetProjectFees	get_project_fees	get_project_fees	Search for get_project_fees	1
https://searches.org.ai/PeopleSearch	searches.org.ai	Search	PeopleSearch	people_search	people_search	Search for people_search	3
https://searches.org.ai/FindIdentification	searches.org.ai	Search	FindIdentification	find_identification	find_identification	Search for find_identification	1
https://searches.org.ai/GetIdentificationData	searches.org.ai	Search	GetIdentificationData	get_identification_data	Get_identification_data	Search for Get_identification_data	1
https://searches.org.ai/RetrieveCompanyInformation	searches.org.ai	Search	RetrieveCompanyInformation	retrieve_company_information	retrieve_company_information	Search for retrieve_company_information	1
https://searches.org.ai/SearchClienteByEmail	searches.org.ai	Search	SearchClienteByEmail	search_cliente_by_email	search_cliente_by_email	Search for search_cliente_by_email	1
https://searches.org.ai/BuscarAgentePorEmail	searches.org.ai	Search	BuscarAgentePorEmail	buscar_agente_por_email	buscar_agente_por_email	Search for buscar_agente_por_email	1
https://searches.org.ai/Getcurrentuserdetail	searches.org.ai	Search	Getcurrentuserdetail	getcurrentuserdetail	GetCurrentUserDetail	Search for GetCurrentUserDetail	1
https://searches.org.ai/Getoneproject	searches.org.ai	Search	Getoneproject	getoneproject	GetOneProject	Search for GetOneProject	1
https://searches.org.ai/Getonemediaurl	searches.org.ai	Search	Getonemediaurl	getonemediaurl	GetOneMediaUrl	Search for GetOneMediaUrl	1
https://searches.org.ai/Getonedocument	searches.org.ai	Search	Getonedocument	getonedocument	GetOneDocument	Search for GetOneDocument	1
https://searches.org.ai/Getoneobservation	searches.org.ai	Search	Getoneobservation	getoneobservation	GetOneObservation	Search for GetOneObservation	1
https://searches.org.ai/Getoneform	searches.org.ai	Search	Getoneform	getoneform	GetOneForm	Search for GetOneForm	1
https://searches.org.ai/Approvalrule	searches.org.ai	Search	Approvalrule	approvalrule	approvalRule	Search for approvalRule	1
https://searches.org.ai/Approval	searches.org.ai	Search	Approval	approval	approval	Search for approval	1
https://searches.org.ai/Beacon	searches.org.ai	Search	Beacon	beacon	beacon	Search for beacon	1
https://searches.org.ai/Billofquantities	searches.org.ai	Search	Billofquantities	billofquantities	billOfQuantities	Search for billOfQuantities	1
https://searches.org.ai/Fetchdata	searches.org.ai	Search	Fetchdata	fetchdata	fetchData	Search for fetchData	1
https://searches.org.ai/Containerinquiry	searches.org.ai	Search	Containerinquiry	containerinquiry	containerInquiry	Search for containerInquiry	1
https://searches.org.ai/Container	searches.org.ai	Search	Container	container	container	Search for container	1
https://searches.org.ai/Containertype	searches.org.ai	Search	Containertype	containertype	containerType	Search for containerType	1
https://searches.org.ai/Costbookingexportdata	searches.org.ai	Search	Costbookingexportdata	costbookingexportdata	costBookingExportData	Search for costBookingExportData	1
https://searches.org.ai/Costbooking	searches.org.ai	Search	Costbooking	costbooking	costBooking	Search for costBooking	1
https://searches.org.ai/Costbookingstartexport	searches.org.ai	Search	Costbookingstartexport	costbookingstartexport	costBookingStartExport	Search for costBookingStartExport	1
https://searches.org.ai/Customformdatapdf	searches.org.ai	Search	Customformdatapdf	customformdatapdf	customFormDataPdf	Search for customFormDataPdf	1
https://searches.org.ai/Customformdata	searches.org.ai	Search	Customformdata	customformdata	customFormData	Search for customFormData	1
https://searches.org.ai/Log	searches.org.ai	Search	Log	log	log	Search for log	1
https://searches.org.ai/Customformdefinition	searches.org.ai	Search	Customformdefinition	customformdefinition	customFormDefinition	Search for customFormDefinition	1
https://searches.org.ai/Customformdatamediadata	searches.org.ai	Search	Customformdatamediadata	customformdatamediadata	customFormDataMediaData	Search for customFormDataMediaData	1
https://searches.org.ai/Employeeabsence	searches.org.ai	Search	Employeeabsence	employeeabsence	employeeAbsence	Search for employeeAbsence	1
https://searches.org.ai/Employeeabsencetype	searches.org.ai	Search	Employeeabsencetype	employeeabsencetype	employeeAbsenceType	Search for employeeAbsenceType	1
https://searches.org.ai/Employeeaccountingentry	searches.org.ai	Search	Employeeaccountingentry	employeeaccountingentry	employeeAccountingEntry	Search for employeeAccountingEntry	1
https://searches.org.ai/Fetchtype	searches.org.ai	Search	Fetchtype	fetchtype	fetchType	Search for fetchType	1
https://searches.org.ai/Fetchtypedata	searches.org.ai	Search	Fetchtypedata	fetchtypedata	fetchTypeData	Search for fetchTypeData	1
https://searches.org.ai/Fetchteam	searches.org.ai	Search	Fetchteam	fetchteam	fetchTeam	Search for fetchTeam	1
https://searches.org.ai/Fetchqualification	searches.org.ai	Search	Fetchqualification	fetchqualification	fetchQualification	Search for fetchQualification	1
https://searches.org.ai/Fetchdistrict	searches.org.ai	Search	Fetchdistrict	fetchdistrict	fetchDistrict	Search for fetchDistrict	1
https://searches.org.ai/Dispoqualification	searches.org.ai	Search	Dispoqualification	dispoqualification	dispoQualification	Search for dispoQualification	1
https://searches.org.ai/Dispotour	searches.org.ai	Search	Dispotour	dispotour	dispoTour	Search for dispoTour	1
https://searches.org.ai/Employeeimage	searches.org.ai	Search	Employeeimage	employeeimage	employeeImage	Search for employeeImage	1
https://searches.org.ai/Employeestamp	searches.org.ai	Search	Employeestamp	employeestamp	employeeStamp	Search for employeeStamp	1
https://searches.org.ai/Employeetimetracking	searches.org.ai	Search	Employeetimetracking	employeetimetracking	employeeTimeTracking	Search for employeeTimeTracking	1
https://searches.org.ai/Fetchfile	searches.org.ai	Search	Fetchfile	fetchfile	fetchFile	Search for fetchFile	1
https://searches.org.ai/Geocoder	searches.org.ai	Search	Geocoder	geocoder	geocoder	Search for geocoder	1
https://searches.org.ai/Maintenancelog	searches.org.ai	Search	Maintenancelog	maintenancelog	maintenanceLog	Search for maintenanceLog	1
https://searches.org.ai/Maintenance	searches.org.ai	Search	Maintenance	maintenance	maintenance	Search for maintenance	1
https://searches.org.ai/Maintenancetype	searches.org.ai	Search	Maintenancetype	maintenancetype	maintenanceType	Search for maintenanceType	1
https://searches.org.ai/Ordercategory	searches.org.ai	Search	Ordercategory	ordercategory	orderCategory	Search for orderCategory	1
https://searches.org.ai/Orderfetchdata	searches.org.ai	Search	Orderfetchdata	orderfetchdata	orderFetchData	Search for orderFetchData	1
https://searches.org.ai/Projectassignment	searches.org.ai	Search	Projectassignment	projectassignment	projectAssignment	Search for projectAssignment	1
https://searches.org.ai/Projectcategory	searches.org.ai	Search	Projectcategory	projectcategory	projectCategory	Search for projectCategory	1
https://searches.org.ai/Projecttimes	searches.org.ai	Search	Projecttimes	projecttimes	projectTimes	Search for projectTimes	1
https://searches.org.ai/Reversegeocoder	searches.org.ai	Search	Reversegeocoder	reversegeocoder	reverseGeocoder	Search for reverseGeocoder	1
https://searches.org.ai/Salarytype	searches.org.ai	Search	Salarytype	salarytype	salaryType	Search for salaryType	1
https://searches.org.ai/Toolcategory	searches.org.ai	Search	Toolcategory	toolcategory	toolCategory	Search for toolCategory	1
https://searches.org.ai/Toolcostsetting	searches.org.ai	Search	Toolcostsetting	toolcostsetting	toolCostSetting	Search for toolCostSetting	1
https://searches.org.ai/Tool	searches.org.ai	Search	Tool	tool	tool	Search for tool	1
https://searches.org.ai/Fetchtooldata	searches.org.ai	Search	Fetchtooldata	fetchtooldata	fetchToolData	Search for fetchToolData	1
https://searches.org.ai/Toolmanufacturer	searches.org.ai	Search	Toolmanufacturer	toolmanufacturer	toolManufacturer	Search for toolManufacturer	1
https://searches.org.ai/Trackercategory	searches.org.ai	Search	Trackercategory	trackercategory	trackerCategory	Search for trackerCategory	1
https://searches.org.ai/Trackercostsetting	searches.org.ai	Search	Trackercostsetting	trackercostsetting	trackerCostSetting	Search for trackerCostSetting	1
https://searches.org.ai/Trackercounter	searches.org.ai	Search	Trackercounter	trackercounter	trackerCounter	Search for trackerCounter	1
https://searches.org.ai/Trackerhealth	searches.org.ai	Search	Trackerhealth	trackerhealth	trackerHealth	Search for trackerHealth	1
https://searches.org.ai/Trackermanufacturer	searches.org.ai	Search	Trackermanufacturer	trackermanufacturer	trackerManufacturer	Search for trackerManufacturer	1
https://searches.org.ai/Tracker	searches.org.ai	Search	Tracker	tracker	tracker	Search for tracker	1
https://searches.org.ai/Trackerprofile	searches.org.ai	Search	Trackerprofile	trackerprofile	trackerProfile	Search for trackerProfile	1
https://searches.org.ai/Trackpoint	searches.org.ai	Search	Trackpoint	trackpoint	trackPoint	Search for trackPoint	1
https://searches.org.ai/Wagegroupcostsetting	searches.org.ai	Search	Wagegroupcostsetting	wagegroupcostsetting	wageGroupCostSetting	Search for wageGroupCostSetting	1
https://searches.org.ai/Wagegroupemployeesetting	searches.org.ai	Search	Wagegroupemployeesetting	wagegroupemployeesetting	wageGroupEmployeeSetting	Search for wageGroupEmployeeSetting	1
https://searches.org.ai/Wagegroup	searches.org.ai	Search	Wagegroup	wagegroup	wageGroup	Search for wageGroup	1
https://searches.org.ai/Webhookapplication	searches.org.ai	Search	Webhookapplication	webhookapplication	webhookApplication	Search for webhookApplication	1
https://searches.org.ai/Webhook	searches.org.ai	Search	Webhook	webhook	webhook	Search for webhook	1
https://searches.org.ai/GetOrganizationCustomers	searches.org.ai	Search	GetOrganizationCustomers	get_organization_customers	get_organization_customers	Search for get_organization_customers	1
https://searches.org.ai/GetClientsList	searches.org.ai	Search	GetClientsList	get_clients_list	get_clients_list	Search for get_clients_list	1
https://searches.org.ai/GetInvoicesList	searches.org.ai	Search	GetInvoicesList	get_invoices_list	get_invoices_list	Search for get_invoices_list	1
https://searches.org.ai/GetPaymentRequests	searches.org.ai	Search	GetPaymentRequests	get_payment_requests	get_payment_requests	Search for get_payment_requests	1
https://searches.org.ai/FindExperiencepoint	searches.org.ai	Search	FindExperiencepoint	find_experiencepoint	find_experiencePoint	Search for find_experiencePoint	1
https://searches.org.ai/GetAlert	searches.org.ai	Search	GetAlert	get_alert	get_alert	Search for get_alert	1
https://searches.org.ai/GetModels	searches.org.ai	Search	GetModels	get_models	get_models	Search for get_models	1
https://searches.org.ai/QueryNewContacts	searches.org.ai	Search	QueryNewContacts	query_new_contacts	query_new_contacts	Search for query_new_contacts	1
https://searches.org.ai/GetMatter	searches.org.ai	Search	GetMatter	get_matter	get_matter	Search for get_matter	1
https://searches.org.ai/LibraryAvatar	searches.org.ai	Search	LibraryAvatar	library_avatar	library_avatar	Search for library_avatar	1
https://searches.org.ai/InstantAvatar	searches.org.ai	Search	InstantAvatar	instant_avatar	instant_avatar	Search for instant_avatar	1
https://searches.org.ai/PhotoAvatar	searches.org.ai	Search	PhotoAvatar	photo_avatar	photo_avatar	Search for photo_avatar	1
https://searches.org.ai/CheckPhotoAvatarStatus	searches.org.ai	Search	CheckPhotoAvatarStatus	check_photo_avatar_status	check_photo_avatar_status	Search for check_photo_avatar_status	1
https://searches.org.ai/CheckPhotoStatus	searches.org.ai	Search	CheckPhotoStatus	check_photo_status	check_photo_status	Search for check_photo_status	1
https://searches.org.ai/GetGeneratedVideo	searches.org.ai	Search	GetGeneratedVideo	get_generated_video	get_generated_video	Search for get_generated_video	1
https://searches.org.ai/GetVisualStyle	searches.org.ai	Search	GetVisualStyle	get_visual_style	get_visual_style	Search for get_visual_style	1
https://searches.org.ai/GetMusic	searches.org.ai	Search	GetMusic	get_music	get_music	Search for get_music	1
https://searches.org.ai/GetMyVoice	searches.org.ai	Search	GetMyVoice	get_my_voice	get_my_voice	Search for get_my_voice	1
https://searches.org.ai/GetLibraryVoice	searches.org.ai	Search	GetLibraryVoice	get_library_voice	get_library_voice	Search for get_library_voice	1
https://searches.org.ai/GetLibraryTemplate	searches.org.ai	Search	GetLibraryTemplate	get_library_template	get_library_template	Search for get_library_template	1
https://searches.org.ai/GetMyTemplate	searches.org.ai	Search	GetMyTemplate	get_my_template	get_my_template	Search for get_my_template	1
https://searches.org.ai/ListWebhook	searches.org.ai	Search	ListWebhook	list_webhook	list_webhook	Search for list_webhook	1
https://searches.org.ai/ListWebhookEvent	searches.org.ai	Search	ListWebhookEvent	list_webhook_event	list_webhook_event	Search for list_webhook_event	1
https://searches.org.ai/FilterByFilterQuery	searches.org.ai	Search	FilterByFilterQuery	filter_by_filter_query	filter_by_filter_query	Search for filter_by_filter_query	1
https://searches.org.ai/QueryRecordsByThqlQuery	searches.org.ai	Search	QueryRecordsByThqlQuery	query_records_by_thql_query	query_records_by_thql_query	Search for query_records_by_thql_query	1
https://searches.org.ai/FindImportFields	searches.org.ai	Search	FindImportFields	find_import_fields	find_import_fields	Search for find_import_fields	1
https://searches.org.ai/Resourcesearch	searches.org.ai	Search	Resourcesearch	resourcesearch	resourceSearch	Search for resourceSearch	2
https://searches.org.ai/Rolesearch	searches.org.ai	Search	Rolesearch	rolesearch	roleSearch	Search for roleSearch	1
https://searches.org.ai/SearchResourceorrole	searches.org.ai	Search	SearchResourceorrole	search_resourceorrole	search_resourceOrRole	Search for search_resourceOrRole	1
https://searches.org.ai/SearchProjectbykey	searches.org.ai	Search	SearchProjectbykey	search_projectbykey	search_projectByKey	Search for search_projectByKey	1
https://searches.org.ai/SearchResourcebykey	searches.org.ai	Search	SearchResourcebykey	search_resourcebykey	search_resourceByKey	Search for search_resourceByKey	1
https://searches.org.ai/SearchTeamorresourceorrole	searches.org.ai	Search	SearchTeamorresourceorrole	search_teamorresourceorrole	search_teamOrResourceOrRole	Search for search_teamOrResourceOrRole	1
https://searches.org.ai/ResolveContactSearch	searches.org.ai	Search	ResolveContactSearch	resolve_contact_search	resolve_contact_search	Search for resolve_contact_search	1
https://searches.org.ai/FilterJobs	searches.org.ai	Search	FilterJobs	filter_jobs	filter_jobs	Search for filter_jobs	1
https://searches.org.ai/GetCustomerInfo	searches.org.ai	Search	GetCustomerInfo	get_customer_info	get_customer_info	Search for get_customer_info	1
https://searches.org.ai/GetJobHistory	searches.org.ai	Search	GetJobHistory	get_job_history	get_job_history	Search for get_job_history	1
https://searches.org.ai/Bankbillet	searches.org.ai	Search	Bankbillet	bankbillet	BankBillet	Search for BankBillet	1
https://searches.org.ai/Bankbilletpayment	searches.org.ai	Search	Bankbilletpayment	bankbilletpayment	BankBilletPayment	Search for BankBilletPayment	1
https://searches.org.ai/Customersubscription	searches.org.ai	Search	Customersubscription	customersubscription	CustomerSubscription	Search for CustomerSubscription	1
https://searches.org.ai/Discharge	searches.org.ai	Search	Discharge	discharge	Discharge	Search for Discharge	1
https://searches.org.ai/Installment	searches.org.ai	Search	Installment	installment	Installment	Search for Installment	1
https://searches.org.ai/Remittance	searches.org.ai	Search	Remittance	remittance	Remittance	Search for Remittance	1
https://searches.org.ai/Findcalllink	searches.org.ai	Search	Findcalllink	findcalllink	findCallLink	Search for findCallLink	1
https://searches.org.ai/Finduserbyemail	searches.org.ai	Search	Finduserbyemail	finduserbyemail	findUserByEmail	Search for findUserByEmail	1
https://searches.org.ai/GetVolunteer	searches.org.ai	Search	GetVolunteer	get_volunteer	get_volunteer	Search for get_volunteer	1
https://searches.org.ai/GetMission	searches.org.ai	Search	GetMission	get_mission	get_mission	Search for get_mission	1
https://searches.org.ai/Tmgpt	searches.org.ai	Search	Tmgpt	tmgpt	tmgpt	Search for tmgpt	1
https://searches.org.ai/FindAgents	searches.org.ai	Search	FindAgents	find_agents	find_agents	Search for find_agents	1
https://searches.org.ai/FindApplicationNew	searches.org.ai	Search	FindApplicationNew	find_application_new	find_application_new	Search for find_application_new	1
https://searches.org.ai/FindTemplateSet	searches.org.ai	Search	FindTemplateSet	find_template_set	find_template_set	Search for find_template_set	1
https://searches.org.ai/GetItems	searches.org.ai	Search	GetItems	get_items	get_items	Search for get_items	1
https://searches.org.ai/GetKey	searches.org.ai	Search	GetKey	get_key	get_key	Search for get_key	1
https://searches.org.ai/RetrieveAccesses	searches.org.ai	Search	RetrieveAccesses	retrieve_accesses	retrieve_accesses	Search for retrieve_accesses	1
https://searches.org.ai/Searchquote	searches.org.ai	Search	Searchquote	searchquote	searchQuote	Search for searchQuote	1
https://searches.org.ai/GetPresentation	searches.org.ai	Search	GetPresentation	get_presentation	get_presentation	Search for get_presentation	1
https://searches.org.ai/FindVariable	searches.org.ai	Search	FindVariable	find_variable	find_variable	Search for find_variable	1
https://searches.org.ai/FindTeamMemberByEmail	searches.org.ai	Search	FindTeamMemberByEmail	find_team_member_by_email	find_team_member_by_email	Search for find_team_member_by_email	1
https://searches.org.ai/FindVariableOption	searches.org.ai	Search	FindVariableOption	find_variable_option	find_variable_option	Search for find_variable_option	1
https://searches.org.ai/FindMapByID	searches.org.ai	Search	FindMapByID	find_map_by_id	find_map_by_id	Search for find_map_by_id	1
https://searches.org.ai/TrackingStatussearch	searches.org.ai	Search	TrackingStatussearch	tracking_statussearch	tracking_statusSearch	Search for tracking_statusSearch	1
https://searches.org.ai/GetUserID	searches.org.ai	Search	GetUserID	get_user_id	get_user_id	Search for get_user_id	1
https://searches.org.ai/GetDepartments	searches.org.ai	Search	GetDepartments	get_departments	get_departments	Search for get_departments	1
https://searches.org.ai/GetRequesterRoles	searches.org.ai	Search	GetRequesterRoles	get_requester_roles	get_requester_roles	Search for get_requester_roles	1
https://searches.org.ai/GetTechnicianRoles	searches.org.ai	Search	GetTechnicianRoles	get_technician_roles	get_technician_roles	Search for get_technician_roles	1
https://searches.org.ai/GetSites	searches.org.ai	Search	GetSites	get_sites	get_sites	Search for get_sites	2
https://searches.org.ai/GetUserRoles	searches.org.ai	Search	GetUserRoles	get_user_roles	get_user_roles	Search for get_user_roles	1
https://searches.org.ai/GetModuleByID	searches.org.ai	Search	GetModuleByID	get_module_by_id	get_module_by_id	Search for get_module_by_id	1
https://searches.org.ai/GetTasks	searches.org.ai	Search	GetTasks	get_tasks	get_tasks	Search for get_tasks	3
https://searches.org.ai/GetDatafields	searches.org.ai	Search	GetDatafields	get_datafields	get_datafields	Search for get_datafields	1
https://searches.org.ai/Zipfilesinlanguages	searches.org.ai	Search	Zipfilesinlanguages	zipfilesinlanguages	zipFilesInLanguages	Search for zipFilesInLanguages	1
https://searches.org.ai/TemplateSearch	searches.org.ai	Search	TemplateSearch	template_search	template_search	Search for template_search	1
https://searches.org.ai/SavedSearchsearch	searches.org.ai	Search	SavedSearchsearch	saved_searchsearch	saved_searchSearch	Search for saved_searchSearch	1
https://searches.org.ai/FindMoment	searches.org.ai	Search	FindMoment	find_moment	find_moment	Search for find_moment	1
https://searches.org.ai/FindTalent	searches.org.ai	Search	FindTalent	find_talent	find_talent	Search for find_talent	1
https://searches.org.ai/FindCasting	searches.org.ai	Search	FindCasting	find_casting	find_casting	Search for find_casting	1
https://searches.org.ai/SearchProjectFiles	searches.org.ai	Search	SearchProjectFiles	search_project_files	search_project_files	Search for search_project_files	1
https://searches.org.ai/FindApplicantByID	searches.org.ai	Search	FindApplicantByID	find_applicant_by_id	find_applicant_by_id	Search for find_applicant_by_id	1
https://searches.org.ai/FindCandidateByID	searches.org.ai	Search	FindCandidateByID	find_candidate_by_id	find_candidate_by_id	Search for find_candidate_by_id	1
https://searches.org.ai/FindCaseByID	searches.org.ai	Search	FindCaseByID	find_case_by_id	find_case_by_id	Search for find_case_by_id	1
https://searches.org.ai/FindChecklistByID	searches.org.ai	Search	FindChecklistByID	find_checklist_by_id	find_checklist_by_id	Search for find_checklist_by_id	1
https://searches.org.ai/FindLeadByID	searches.org.ai	Search	FindLeadByID	find_lead_by_id	find_lead_by_id	Search for find_lead_by_id	1
https://searches.org.ai/FindApplicantByName	searches.org.ai	Search	FindApplicantByName	find_applicant_by_name	find_applicant_by_name	Search for find_applicant_by_name	1
https://searches.org.ai/FindCaseBySubject	searches.org.ai	Search	FindCaseBySubject	find_case_by_subject	find_case_by_subject	Search for find_case_by_subject	1
https://searches.org.ai/FindChecklistByName	searches.org.ai	Search	FindChecklistByName	find_checklist_by_name	find_checklist_by_name	Search for find_checklist_by_name	1
https://searches.org.ai/FindContactByName	searches.org.ai	Search	FindContactByName	find_contact_by_name	find_contact_by_name	Search for find_contact_by_name	1
https://searches.org.ai/FindLeadBySubject	searches.org.ai	Search	FindLeadBySubject	find_lead_by_subject	find_lead_by_subject	Search for find_lead_by_subject	1
https://searches.org.ai/FindVehicleByVin	searches.org.ai	Search	FindVehicleByVin	find_vehicle_by_vin	find_vehicle_by_vin	Search for find_vehicle_by_vin	1
https://searches.org.ai/Learner	searches.org.ai	Search	Learner	learner	learner	Search for learner	1
https://searches.org.ai/CompaniesSearch	searches.org.ai	Search	CompaniesSearch	companies_search	companies_search	Search for companies_search	1
https://searches.org.ai/On2airSearch	searches.org.ai	Search	On2airSearch	on2air_search	on2air_search	Search for on2air_search	1
https://searches.org.ai/On2airSession	searches.org.ai	Search	On2airSession	on2air_session	on2air_session	Search for on2air_session	1
https://searches.org.ai/RetrieveAsk	searches.org.ai	Search	RetrieveAsk	retrieve_ask	retrieve_ask	Search for retrieve_ask	1
https://searches.org.ai/FindAck	searches.org.ai	Search	FindAck	find_ack	find_ack	Search for find_ack	1
https://searches.org.ai/RetrieveAskStep	searches.org.ai	Search	RetrieveAskStep	retrieve_ask_step	retrieve_ask_step	Search for retrieve_ask_step	1
https://searches.org.ai/Constituentsearch	searches.org.ai	Search	Constituentsearch	constituentsearch	constituentSearch	Search for constituentSearch	1
https://searches.org.ai/SearchCampaigns	searches.org.ai	Search	SearchCampaigns	search_campaigns	search_campaigns	Search for search_campaigns	1
https://searches.org.ai/SearchOpportunities	searches.org.ai	Search	SearchOpportunities	search_opportunities	search_opportunities	Search for search_opportunities	1
https://searches.org.ai/SearchCommunication	searches.org.ai	Search	SearchCommunication	search_communication	search_communication	Search for search_communication	1
https://searches.org.ai/SearchEmailAccounts	searches.org.ai	Search	SearchEmailAccounts	search_email_accounts	search_email_accounts	Search for search_email_accounts	1
https://searches.org.ai/SearchOpportunityTasks	searches.org.ai	Search	SearchOpportunityTasks	search_opportunity_tasks	search_opportunity_tasks	Search for search_opportunity_tasks	1
https://searches.org.ai/FindRecentTask	searches.org.ai	Search	FindRecentTask	find_recent_task	find_recent_task	Search for find_recent_task	1
https://searches.org.ai/ListAllTask	searches.org.ai	Search	ListAllTask	list_all_task	list_all_task	Search for list_all_task	1
https://searches.org.ai/FindCostCentre	searches.org.ai	Search	FindCostCentre	find_cost_centre	find_cost_centre	Search for find_cost_centre	1
https://searches.org.ai/FindAccountName	searches.org.ai	Search	FindAccountName	find_account_name	find_account_name	Search for find_account_name	1
https://searches.org.ai/FindAccountRef	searches.org.ai	Search	FindAccountRef	find_account_ref	find_account_ref	Search for find_account_ref	1
https://searches.org.ai/FindTariff	searches.org.ai	Search	FindTariff	find_tariff	find_tariff	Search for find_tariff	1
https://searches.org.ai/Doorsearch	searches.org.ai	Search	Doorsearch	doorsearch	doorSearch	Search for doorSearch	1
https://searches.org.ai/Keysearch	searches.org.ai	Search	Keysearch	keysearch	keySearch	Search for keySearch	1
https://searches.org.ai/FindWorkitem	searches.org.ai	Search	FindWorkitem	find_workitem	find_workitem	Search for find_workitem	1
https://searches.org.ai/FindContainer	searches.org.ai	Search	FindContainer	find_container	find_container	Search for find_container	1
https://searches.org.ai/FindContainerUpdated	searches.org.ai	Search	FindContainerUpdated	find_container_updated	find_container_updated	Search for find_container_updated	1
https://searches.org.ai/FindWorkitemUpdated	searches.org.ai	Search	FindWorkitemUpdated	find_workitem_updated	find_workitem_updated	Search for find_workitem_updated	1
https://searches.org.ai/FindExpiration	searches.org.ai	Search	FindExpiration	find_expiration	find_expiration	Search for find_expiration	1
https://searches.org.ai/FindUserFromWorkspace	searches.org.ai	Search	FindUserFromWorkspace	find_user_from_workspace	find_user_from_workspace	Search for find_user_from_workspace	1
https://searches.org.ai/SearchJoinpoint	searches.org.ai	Search	SearchJoinpoint	search_joinpoint	search_joinpoint	Search for search_joinpoint	1
https://searches.org.ai/Companies	searches.org.ai	Search	Companies	companies	companies	Search for companies	3
https://searches.org.ai/Gettaskactivitylist	searches.org.ai	Search	Gettaskactivitylist	gettaskactivitylist	getTaskActivityList	Search for getTaskActivityList	1
https://searches.org.ai/Readactivitytype	searches.org.ai	Search	Readactivitytype	readactivitytype	readActivityType	Search for readActivityType	1
https://searches.org.ai/Getattendancesummary	searches.org.ai	Search	Getattendancesummary	getattendancesummary	getAttendanceSummary	Search for getAttendanceSummary	1
https://searches.org.ai/Getcommunicationcategorylist	searches.org.ai	Search	Getcommunicationcategorylist	getcommunicationcategorylist	getCommunicationCategoryList	Search for getCommunicationCategoryList	1
https://searches.org.ai/Getcommunicationattachmentlist	searches.org.ai	Search	Getcommunicationattachmentlist	getcommunicationattachmentlist	getCommunicationAttachmentList	Search for getCommunicationAttachmentList	1
https://searches.org.ai/Getbusinesscaselist	searches.org.ai	Search	Getbusinesscaselist	getbusinesscaselist	getBusinessCaseList	Search for getBusinessCaseList	1
https://searches.org.ai/Getactivitytypelist	searches.org.ai	Search	Getactivitytypelist	getactivitytypelist	getActivityTypeList	Search for getActivityTypeList	1
https://searches.org.ai/Getbusinesscaseemails	searches.org.ai	Search	Getbusinesscaseemails	getbusinesscaseemails	getBusinessCaseEmails	Search for getBusinessCaseEmails	1
https://searches.org.ai/Getbusinesscaseevents	searches.org.ai	Search	Getbusinesscaseevents	getbusinesscaseevents	getBusinessCaseEvents	Search for getBusinessCaseEvents	1
https://searches.org.ai/Getbusinesscasefailurelist	searches.org.ai	Search	Getbusinesscasefailurelist	getbusinesscasefailurelist	getBusinessCaseFailureList	Search for getBusinessCaseFailureList	1
https://searches.org.ai/Getbusinesscasesourcelist	searches.org.ai	Search	Getbusinesscasesourcelist	getbusinesscasesourcelist	getBusinessCaseSourceList	Search for getBusinessCaseSourceList	1
https://searches.org.ai/Readbusinesscasesource	searches.org.ai	Search	Readbusinesscasesource	readbusinesscasesource	readBusinessCaseSource	Search for readBusinessCaseSource	1
https://searches.org.ai/Getbusinesscasestatelist	searches.org.ai	Search	Getbusinesscasestatelist	getbusinesscasestatelist	getBusinessCaseStateList	Search for getBusinessCaseStateList	1
https://searches.org.ai/Getbusinesscasetasks	searches.org.ai	Search	Getbusinesscasetasks	getbusinesscasetasks	getBusinessCaseTasks	Search for getBusinessCaseTasks	1
https://searches.org.ai/Getbusinesscaseattachmentlist	searches.org.ai	Search	Getbusinesscaseattachmentlist	getbusinesscaseattachmentlist	getBusinessCaseAttachmentList	Search for getBusinessCaseAttachmentList	1
https://searches.org.ai/Getcashflowlist	searches.org.ai	Search	Getcashflowlist	getcashflowlist	getCashflowList	Search for getCashflowList	1
https://searches.org.ai/Getcommunication	searches.org.ai	Search	Getcommunication	getcommunication	getCommunication	Search for getCommunication	1
https://searches.org.ai/Getcompanydatalist	searches.org.ai	Search	Getcompanydatalist	getcompanydatalist	getCompanyDataList	Search for getCompanyDataList	1
https://searches.org.ai/Getcountrylist	searches.org.ai	Search	Getcountrylist	getcountrylist	getCountryList	Search for getCountryList	1
https://searches.org.ai/Getdeliverytypelist	searches.org.ai	Search	Getdeliverytypelist	getdeliverytypelist	getDeliveryTypeList	Search for getDeliveryTypeList	1
https://searches.org.ai/Getdocumentcategorylist	searches.org.ai	Search	Getdocumentcategorylist	getdocumentcategorylist	getDocumentCategoryList	Search for getDocumentCategoryList	1
https://searches.org.ai/Getdocumentnumberingsequence	searches.org.ai	Search	Getdocumentnumberingsequence	getdocumentnumberingsequence	getDocumentNumberingSequence	Search for getDocumentNumberingSequence	1
https://searches.org.ai/Getdocumentsubcategorylist	searches.org.ai	Search	Getdocumentsubcategorylist	getdocumentsubcategorylist	getDocumentSubcategoryList	Search for getDocumentSubcategoryList	1
https://searches.org.ai/Getgoodslist	searches.org.ai	Search	Getgoodslist	getgoodslist	getGoodsList	Search for getGoodsList	1
https://searches.org.ai/Getgoodscategorylist	searches.org.ai	Search	Getgoodscategorylist	getgoodscategorylist	getGoodsCategoryList	Search for getGoodsCategoryList	1
https://searches.org.ai/Getgoodssubcategorylist	searches.org.ai	Search	Getgoodssubcategorylist	getgoodssubcategorylist	getGoodsSubcategoryList	Search for getGoodsSubcategoryList	1
https://searches.org.ai/Gethomesummary	searches.org.ai	Search	Gethomesummary	gethomesummary	getHomeSummary	Search for getHomeSummary	1
https://searches.org.ai/Getnotificationsummary	searches.org.ai	Search	Getnotificationsummary	getnotificationsummary	getNotificationSummary	Search for getNotificationSummary	1
https://searches.org.ai/Getnotifications	searches.org.ai	Search	Getnotifications	getnotifications	getNotifications	Search for getNotifications	1
https://searches.org.ai/Getorderdocuments	searches.org.ai	Search	Getorderdocuments	getorderdocuments	getOrderDocuments	Search for getOrderDocuments	1
https://searches.org.ai/Getorderlist	searches.org.ai	Search	Getorderlist	getorderlist	getOrderList	Search for getOrderList	1
https://searches.org.ai/Getorderattachmentlist	searches.org.ai	Search	Getorderattachmentlist	getorderattachmentlist	getOrderAttachmentList	Search for getOrderAttachmentList	1
https://searches.org.ai/Getorderevents	searches.org.ai	Search	Getorderevents	getorderevents	getOrderEvents	Search for getOrderEvents	1
https://searches.org.ai/Getorderstatelist	searches.org.ai	Search	Getorderstatelist	getorderstatelist	getOrderStateList	Search for getOrderStateList	1
https://searches.org.ai/Getordertasks	searches.org.ai	Search	Getordertasks	getordertasks	getOrderTasks	Search for getOrderTasks	1
https://searches.org.ai/Getordertypelist	searches.org.ai	Search	Getordertypelist	getordertypelist	getOrderTypeList	Search for getOrderTypeList	1
https://searches.org.ai/Getordersubtypelist	searches.org.ai	Search	Getordersubtypelist	getordersubtypelist	getOrderSubtypeList	Search for getOrderSubtypeList	1
https://searches.org.ai/Getpartnerlist	searches.org.ai	Search	Getpartnerlist	getpartnerlist	getPartnerList	Search for getPartnerList	1
https://searches.org.ai/Getpartneremails	searches.org.ai	Search	Getpartneremails	getpartneremails	getPartnerEmails	Search for getPartnerEmails	1
https://searches.org.ai/Getpartnerevents	searches.org.ai	Search	Getpartnerevents	getpartnerevents	getPartnerEvents	Search for getPartnerEvents	1
https://searches.org.ai/Getpartnertasks	searches.org.ai	Search	Getpartnertasks	getpartnertasks	getPartnerTasks	Search for getPartnerTasks	1
https://searches.org.ai/Getpartnerdocuments	searches.org.ai	Search	Getpartnerdocuments	getpartnerdocuments	getPartnerDocuments	Search for getPartnerDocuments	1
https://searches.org.ai/Getpartnerattachmentlist	searches.org.ai	Search	Getpartnerattachmentlist	getpartnerattachmentlist	getPartnerAttachmentList	Search for getPartnerAttachmentList	1
https://searches.org.ai/Getpartnersubtypelist	searches.org.ai	Search	Getpartnersubtypelist	getpartnersubtypelist	getPartnerSubtypeList	Search for getPartnerSubtypeList	1
https://searches.org.ai/Getpartnertypelist	searches.org.ai	Search	Getpartnertypelist	getpartnertypelist	getPartnerTypeList	Search for getPartnerTypeList	1
https://searches.org.ai/Getpartnerbusinesscases	searches.org.ai	Search	Getpartnerbusinesscases	getpartnerbusinesscases	getPartnerBusinessCases	Search for getPartnerBusinessCases	1
https://searches.org.ai/Getpartnercontacts	searches.org.ai	Search	Getpartnercontacts	getpartnercontacts	getPartnerContacts	Search for getPartnerContacts	1
https://searches.org.ai/Getpartnertaglist	searches.org.ai	Search	Getpartnertaglist	getpartnertaglist	getPartnerTagList	Search for getPartnerTagList	1
https://searches.org.ai/Getpartnerorders	searches.org.ai	Search	Getpartnerorders	getpartnerorders	getPartnerOrders	Search for getPartnerOrders	1
https://searches.org.ai/Gettasklist	searches.org.ai	Search	Gettasklist	gettasklist	getTaskList	Search for getTaskList	1
https://searches.org.ai/Gettaskactivityactivityintervallist	searches.org.ai	Search	Gettaskactivityactivityintervallist	gettaskactivityactivityintervallist	getTaskActivityActivityIntervalList	Search for getTaskActivityActivityIntervalList	1
https://searches.org.ai/Gettaskattachmentlist	searches.org.ai	Search	Gettaskattachmentlist	gettaskattachmentlist	getTaskAttachmentList	Search for getTaskAttachmentList	1
https://searches.org.ai/Gettaskcategorylist	searches.org.ai	Search	Gettaskcategorylist	gettaskcategorylist	getTaskCategoryList	Search for getTaskCategoryList	1
https://searches.org.ai/Gettasksubcategorylist	searches.org.ai	Search	Gettasksubcategorylist	gettasksubcategorylist	getTaskSubcategoryList	Search for getTaskSubcategoryList	1
https://searches.org.ai/Getunitofmeasurelist	searches.org.ai	Search	Getunitofmeasurelist	getunitofmeasurelist	getUnitOfMeasureList	Search for getUnitOfMeasureList	1
https://searches.org.ai/Getuserlist	searches.org.ai	Search	Getuserlist	getuserlist	getUserList	Search for getUserList	1
https://searches.org.ai/Readbusinesscases	searches.org.ai	Search	Readbusinesscases	readbusinesscases	readBusinessCases	Search for readBusinessCases	1
https://searches.org.ai/Readbusinesscasefailure	searches.org.ai	Search	Readbusinesscasefailure	readbusinesscasefailure	readBusinessCaseFailure	Search for readBusinessCaseFailure	1
https://searches.org.ai/Readbusinesscasestate	searches.org.ai	Search	Readbusinesscasestate	readbusinesscasestate	readBusinessCaseState	Search for readBusinessCaseState	1
https://searches.org.ai/Readcashflow	searches.org.ai	Search	Readcashflow	readcashflow	readCashflow	Search for readCashflow	1
https://searches.org.ai/Readcommunication	searches.org.ai	Search	Readcommunication	readcommunication	readCommunication	Search for readCommunication	1
https://searches.org.ai/Readcommunicationcategory	searches.org.ai	Search	Readcommunicationcategory	readcommunicationcategory	readCommunicationCategory	Search for readCommunicationCategory	1
https://searches.org.ai/Readcommunicationtype	searches.org.ai	Search	Readcommunicationtype	readcommunicationtype	readCommunicationType	Search for readCommunicationType	1
https://searches.org.ai/Readcompanydata	searches.org.ai	Search	Readcompanydata	readcompanydata	readCompanyData	Search for readCompanyData	1
https://searches.org.ai/Getcommunicationtypelist	searches.org.ai	Search	Getcommunicationtypelist	getcommunicationtypelist	getCommunicationTypeList	Search for getCommunicationTypeList	1
https://searches.org.ai/Readdeliverytype	searches.org.ai	Search	Readdeliverytype	readdeliverytype	readDeliveryType	Search for readDeliveryType	1
https://searches.org.ai/Readdocumentcategory	searches.org.ai	Search	Readdocumentcategory	readdocumentcategory	readDocumentCategory	Search for readDocumentCategory	1
https://searches.org.ai/Readgood	searches.org.ai	Search	Readgood	readgood	readGood	Search for readGood	1
https://searches.org.ai/Readgoodcategory	searches.org.ai	Search	Readgoodcategory	readgoodcategory	readGoodCategory	Search for readGoodCategory	1
https://searches.org.ai/Readordertype	searches.org.ai	Search	Readordertype	readordertype	readOrderType	Search for readOrderType	1
https://searches.org.ai/Readorderstate	searches.org.ai	Search	Readorderstate	readorderstate	readOrderState	Search for readOrderState	1
https://searches.org.ai/Readpartner	searches.org.ai	Search	Readpartner	readpartner	readPartner	Search for readPartner	1
https://searches.org.ai/Readpartnertype	searches.org.ai	Search	Readpartnertype	readpartnertype	readPartnerType	Search for readPartnerType	1
https://searches.org.ai/Readtask	searches.org.ai	Search	Readtask	readtask	readTask	Search for readTask	1
https://searches.org.ai/Readtaskcategory	searches.org.ai	Search	Readtaskcategory	readtaskcategory	readTaskCategory	Search for readTaskCategory	1
https://searches.org.ai/Readunitofmeasure	searches.org.ai	Search	Readunitofmeasure	readunitofmeasure	readUnitOfMeasure	Search for readUnitOfMeasure	1
https://searches.org.ai/Readfile	searches.org.ai	Search	Readfile	readfile	readFile	Search for readFile	1
https://searches.org.ai/FindCallData2	searches.org.ai	Search	FindCallData2	find_call_data_2	find_call_data_2	Search for find_call_data_2	1
https://searches.org.ai/RetrieveHuntQueryResult	searches.org.ai	Search	RetrieveHuntQueryResult	retrieve_hunt_query_result	retrieve_hunt_query_result	Search for retrieve_hunt_query_result	1
https://searches.org.ai/DeviceDetailsByID	searches.org.ai	Search	DeviceDetailsByID	device_details_by_id	device_details_by_id	Search for device_details_by_id	1
https://searches.org.ai/ListClients	searches.org.ai	Search	ListClients	list_clients	list_clients	Search for list_clients	2
https://searches.org.ai/ListProductionOrders	searches.org.ai	Search	ListProductionOrders	list_production_orders	list_production_orders	Search for list_production_orders	1
https://searches.org.ai/GetPurchaseOrderByID	searches.org.ai	Search	GetPurchaseOrderByID	get_purchase_order_by_id	get_purchase_order_by_id	Search for get_purchase_order_by_id	1
https://searches.org.ai/GetSalesOrderByID	searches.org.ai	Search	GetSalesOrderByID	get_sales_order_by_id	get_sales_order_by_id	Search for get_sales_order_by_id	1
https://searches.org.ai/GetReceivingByID	searches.org.ai	Search	GetReceivingByID	get_receiving_by_id	get_receiving_by_id	Search for get_receiving_by_id	1
https://searches.org.ai/GetShippingByID	searches.org.ai	Search	GetShippingByID	get_shipping_by_id	get_shipping_by_id	Search for get_shipping_by_id	1
https://searches.org.ai/GetSupplierByID	searches.org.ai	Search	GetSupplierByID	get_supplier_by_id	get_supplier_by_id	Search for get_supplier_by_id	1
https://searches.org.ai/ListSuppliers	searches.org.ai	Search	ListSuppliers	list_suppliers	list_suppliers	Search for list_suppliers	1
https://searches.org.ai/ListPurchaseOrders	searches.org.ai	Search	ListPurchaseOrders	list_purchase_orders	list_purchase_orders	Search for list_purchase_orders	1
https://searches.org.ai/ListSalesOrders	searches.org.ai	Search	ListSalesOrders	list_sales_orders	list_sales_orders	Search for list_sales_orders	1
https://searches.org.ai/ListProducts	searches.org.ai	Search	ListProducts	list_products	list_products	Search for list_products	1
https://searches.org.ai/FindImageGrid	searches.org.ai	Search	FindImageGrid	find_image_grid	find_image_grid	Search for find_image_grid	1
https://searches.org.ai/GetDesignsByProjectID	searches.org.ai	Search	GetDesignsByProjectID	get_designs_by_project_id	get_designs_by_project_id	Search for get_designs_by_project_id	1
https://searches.org.ai/FindTransactionByNumber	searches.org.ai	Search	FindTransactionByNumber	find_transaction_by_number	find_transaction_by_number	Search for find_transaction_by_number	1
https://searches.org.ai/FindKanbanStatus	searches.org.ai	Search	FindKanbanStatus	find_kanban_status	find_kanban_status	Search for find_kanban_status	1
https://searches.org.ai/FindQbTransaction	searches.org.ai	Search	FindQbTransaction	find_qb_transaction	find_qb_transaction	Search for find_qb_transaction	1
https://searches.org.ai/ResultCleaning	searches.org.ai	Search	ResultCleaning	result_cleaning	result_cleaning	Search for result_cleaning	1
https://searches.org.ai/EventSponsorsSearch	searches.org.ai	Search	EventSponsorsSearch	event_sponsors_search	event_sponsors_search	Search for event_sponsors_search	1
https://searches.org.ai/Registrants	searches.org.ai	Search	Registrants	registrants	registrants	Search for registrants	1
https://searches.org.ai/AppCatalogProductsList	searches.org.ai	Search	AppCatalogProductsList	app_catalog_products_list	app_catalog_products_list	Search for app_catalog_products_list	1
https://searches.org.ai/AppContactsPersonsList	searches.org.ai	Search	AppContactsPersonsList	app_contacts_persons_list	app_contacts_persons_list	Search for app_contacts_persons_list	1
https://searches.org.ai/AppDocumentsSalesInvoicesList	searches.org.ai	Search	AppDocumentsSalesInvoicesList	app_documents_sales_invoices_list	app_documents_sales_invoices_list	Search for app_documents_sales_invoices_list	1
https://searches.org.ai/AppContactsOrganizationsList	searches.org.ai	Search	AppContactsOrganizationsList	app_contacts_organizations_list	app_contacts_organizations_list	Search for app_contacts_organizations_list	1
https://searches.org.ai/AppDocumentsSalesRecurringinvoicesList	searches.org.ai	Search	AppDocumentsSalesRecurringinvoicesList	app_documents_sales_recurringinvoices_list	app_documents_sales_recurringinvoices_list	Search for app_documents_sales_recurringinvoices_list	1
https://searches.org.ai/FindPage	searches.org.ai	Search	FindPage	find_page	find_page	Search for find_page	2
https://searches.org.ai/GetPage	searches.org.ai	Search	GetPage	get_page	get_page	Search for get_page	1
https://searches.org.ai/GetKbCategories	searches.org.ai	Search	GetKbCategories	get_kb_categories	get_kb_categories	Search for get_kb_categories	1
https://searches.org.ai/GetArticles	searches.org.ai	Search	GetArticles	get_articles	get_articles	Search for get_articles	1
https://searches.org.ai/GetArticle	searches.org.ai	Search	GetArticle	get_article	get_article	Search for get_article	1
https://searches.org.ai/InvitelinkByUid	searches.org.ai	Search	InvitelinkByUid	invitelink_by_uid	inviteLink_by_uid	Search for inviteLink_by_uid	1
https://searches.org.ai/InvitelinkByCode	searches.org.ai	Search	InvitelinkByCode	invitelink_by_code	invitelink_by_code	Search for invitelink_by_code	1
https://searches.org.ai/SearchInvitelinks	searches.org.ai	Search	SearchInvitelinks	search_invitelinks	search_invitelinks	Search for search_invitelinks	1
https://searches.org.ai/AudienceByUid	searches.org.ai	Search	AudienceByUid	audience_by_uid	audience_by_uid	Search for audience_by_uid	1
https://searches.org.ai/FindTransactionByName	searches.org.ai	Search	FindTransactionByName	find_transaction_by_name	find_transaction_by_name	Search for find_transaction_by_name	2
https://searches.org.ai/GetTransactionNotes	searches.org.ai	Search	GetTransactionNotes	get_transaction_notes	get_transaction_notes	Search for get_transaction_notes	1
https://searches.org.ai/GetTransactionNote	searches.org.ai	Search	GetTransactionNote	get_transaction_note	get_transaction_note	Search for get_transaction_note	1
https://searches.org.ai/GetContactNotes	searches.org.ai	Search	GetContactNotes	get_contact_notes	get_contact_notes	Search for get_contact_notes	1
https://searches.org.ai/GetContactNote	searches.org.ai	Search	GetContactNote	get_contact_note	get_contact_note	Search for get_contact_note	1
https://searches.org.ai/PayerFind	searches.org.ai	Search	PayerFind	payer_find	payer_find	Search for payer_find	1
https://searches.org.ai/EventFind	searches.org.ai	Search	EventFind	event_find	event_find	Search for event_find	1
https://searches.org.ai/SubscriptionFind	searches.org.ai	Search	SubscriptionFind	subscription_find	subscription_find	Search for subscription_find	1
https://searches.org.ai/FetchSite	searches.org.ai	Search	FetchSite	fetch_site	fetch_site	Search for fetch_site	1
https://searches.org.ai/FetchDriver	searches.org.ai	Search	FetchDriver	fetch_driver	fetch_driver	Search for fetch_driver	1
https://searches.org.ai/FetchJob	searches.org.ai	Search	FetchJob	fetch_job	fetch_job	Search for fetch_job	1
https://searches.org.ai/SubscriberSearch	searches.org.ai	Search	SubscriberSearch	subscriber_search	subscriber_search	Search for subscriber_search	1
https://searches.org.ai/Objective	searches.org.ai	Search	Objective	objective	objective	Search for objective	1
https://searches.org.ai/KPI	searches.org.ai	Search	KPI	kpi	kpi	Search for kpi	1
https://searches.org.ai/Initiative	searches.org.ai	Search	Initiative	initiative	initiative	Search for initiative	1
https://searches.org.ai/KeyResult	searches.org.ai	Search	KeyResult	key_result	key_result	Search for key_result	1
https://searches.org.ai/GetAppointment	searches.org.ai	Search	GetAppointment	get_appointment	get_appointment	Search for get_appointment	1
https://searches.org.ai/SearchLeadData	searches.org.ai	Search	SearchLeadData	search_lead_data	search_lead_data	Search for search_lead_data	1
https://searches.org.ai/ClientMembersearch	searches.org.ai	Search	ClientMembersearch	client_membersearch	client_memberSearch	Search for client_memberSearch	1
https://searches.org.ai/Candidatestagesearch	searches.org.ai	Search	Candidatestagesearch	candidatestagesearch	candidateStageSearch	Search for candidateStageSearch	1
https://searches.org.ai/PartyTypesearch	searches.org.ai	Search	PartyTypesearch	party_typesearch	party_typeSearch	Search for party_typeSearch	1
https://searches.org.ai/ComplianceProfilesearch	searches.org.ai	Search	ComplianceProfilesearch	compliance_profilesearch	compliance_profileSearch	Search for compliance_profileSearch	1
https://searches.org.ai/ListGuests	searches.org.ai	Search	ListGuests	list_guests	list_guests	Search for list_guests	1
https://searches.org.ai/ListEvents	searches.org.ai	Search	ListEvents	list_events	list_events	Search for list_events	3
https://searches.org.ai/FindEventstatistics	searches.org.ai	Search	FindEventstatistics	find_eventstatistics	find_eventstatistics	Search for find_eventstatistics	1
https://searches.org.ai/ListContacts	searches.org.ai	Search	ListContacts	list_contacts	list_contacts	Search for list_contacts	3
https://searches.org.ai/FindCheckin	searches.org.ai	Search	FindCheckin	find_checkin	find_checkin	Search for find_checkin	2
https://searches.org.ai/ListCheckins	searches.org.ai	Search	ListCheckins	list_checkins	list_checkins	Search for list_checkins	1
https://searches.org.ai/ListCategories	searches.org.ai	Search	ListCategories	list_categories	list_categories	Search for list_categories	1
https://searches.org.ai/ListRecipients	searches.org.ai	Search	ListRecipients	list_recipients	list_recipients	Search for list_recipients	1
https://searches.org.ai/GetProjectsByOrganization	searches.org.ai	Search	GetProjectsByOrganization	get_projects_by_organization	get_projects_by_organization	Search for get_projects_by_organization	1
https://searches.org.ai/GetIssues	searches.org.ai	Search	GetIssues	get_issues	get_issues	Search for get_issues	1
https://searches.org.ai/GetExternaldocuments	searches.org.ai	Search	GetExternaldocuments	get_externaldocuments	get_externaldocuments	Search for get_externaldocuments	1
https://searches.org.ai/GetExternaldocument	searches.org.ai	Search	GetExternaldocument	get_externaldocument	get_externaldocument	Search for get_externaldocument	1
https://searches.org.ai/GetDocuments	searches.org.ai	Search	GetDocuments	get_documents	get_documents	Search for get_documents	1
https://searches.org.ai/GetChecklistitems	searches.org.ai	Search	GetChecklistitems	get_checklistitems	get_checklistitems	Search for get_checklistitems	1
https://searches.org.ai/FindOrderExternalID	searches.org.ai	Search	FindOrderExternalID	find_order_external_id	find_order_external_id	Search for find_order_external_id	1
https://searches.org.ai/FindCustomerByExternalID	searches.org.ai	Search	FindCustomerByExternalID	find_customer_by_external_id	find_customer_by_external_id	Search for find_customer_by_external_id	1
https://searches.org.ai/FindOrderID	searches.org.ai	Search	FindOrderID	find_order_id	find_order_id	Search for find_order_id	1
https://searches.org.ai/APIRequestAction	searches.org.ai	Search	APIRequestAction	api_request_action	api_request_action	Search for api_request_action	1
https://searches.org.ai/GetLoanPurposes	searches.org.ai	Search	GetLoanPurposes	get_loan_purposes	Get_Loan_Purposes	Search for Get_Loan_Purposes	1
https://searches.org.ai/GetLoanTypes	searches.org.ai	Search	GetLoanTypes	get_loan_types	Get_Loan_Types	Search for Get_Loan_Types	1
https://searches.org.ai/SearchCallData	searches.org.ai	Search	SearchCallData	search_call_data	search_call_data	Search for search_call_data	1
https://searches.org.ai/CheckGiftCardBalance	searches.org.ai	Search	CheckGiftCardBalance	check_gift_card_balance	check_gift_card_balance	Search for check_gift_card_balance	1
https://searches.org.ai/Recipient	searches.org.ai	Search	Recipient	recipient	recipient	Search for recipient	1
https://searches.org.ai/FindProfile	searches.org.ai	Search	FindProfile	find_profile	find_profile	Search for find_profile	1
https://searches.org.ai/FindSettlement	searches.org.ai	Search	FindSettlement	find_settlement	Find_Settlement	Search for Find_Settlement	1
https://searches.org.ai/GetEventbriteEvents	searches.org.ai	Search	GetEventbriteEvents	get_eventbrite_events	get_eventbrite_events	Search for get_eventbrite_events	1
https://searches.org.ai/GetAllFinanceItems	searches.org.ai	Search	GetAllFinanceItems	get_all_finance_items	Get_all_Finance_Items	Search for Get_all_Finance_Items	1
https://searches.org.ai/GetAFinanceItem	searches.org.ai	Search	GetAFinanceItem	get_a_finance_item	Get_a_Finance_Item	Search for Get_a_Finance_Item	1
https://searches.org.ai/FindEventDescription	searches.org.ai	Search	FindEventDescription	find_event_description	Find_Event_Description	Search for Find_Event_Description	1
https://searches.org.ai/TicketDetailsByTicketid	searches.org.ai	Search	TicketDetailsByTicketid	ticket_details_by_ticketid	ticket_details_by_ticketID	Search for ticket_details_by_ticketID	1
https://searches.org.ai/FindAddons	searches.org.ai	Search	FindAddons	find_addons	Find_AddOns	Search for Find_AddOns	1
https://searches.org.ai/FindEventID	searches.org.ai	Search	FindEventID	find_event_id	find_event_id	Search for find_event_id	1
https://searches.org.ai/FindEventByArtistName	searches.org.ai	Search	FindEventByArtistName	find_event_by_artist_name	find_event_by_artist_name	Search for find_event_by_artist_name	1
https://searches.org.ai/FindSimilarArtists	searches.org.ai	Search	FindSimilarArtists	find_similar_artists	Find_Similar_Artists	Search for Find_Similar_Artists	1
https://searches.org.ai/FindAFan	searches.org.ai	Search	FindAFan	find_a_fan	Find_A_Fan	Search for Find_A_Fan	1
https://searches.org.ai/FindUpcomingShowsByFan	searches.org.ai	Search	FindUpcomingShowsByFan	find_upcoming_shows_by_fan	Find_Upcoming_Shows_By_Fan	Search for Find_Upcoming_Shows_By_Fan	1
https://searches.org.ai/RecFansByEventID	searches.org.ai	Search	RecFansByEventID	rec_fans_by_event_id	Rec_Fans_By_Event_ID	Search for Rec_Fans_By_Event_ID	1
https://searches.org.ai/FindEventsByDate	searches.org.ai	Search	FindEventsByDate	find_events_by_date	find_events_by_date	Search for find_events_by_date	1
https://searches.org.ai/FindArtistByName	searches.org.ai	Search	FindArtistByName	find_artist_by_name	find_artist_by_name	Search for find_artist_by_name	1
https://searches.org.ai/FindFoodAndBeverage	searches.org.ai	Search	FindFoodAndBeverage	find_food_and_beverage	find_food_and_beverage	Search for find_food_and_beverage	1
https://searches.org.ai/FindFinanceCategories	searches.org.ai	Search	FindFinanceCategories	find_finance_categories	find_finance_categories	Search for find_finance_categories	1
https://searches.org.ai/FindAllCategories	searches.org.ai	Search	FindAllCategories	find_all_categories	find_all_categories	Search for find_all_categories	1
https://searches.org.ai/FindFandbEntry	searches.org.ai	Search	FindFandbEntry	find_fandb_entry	find_fandb_entry	Search for find_fandb_entry	1
https://searches.org.ai/FindPl	searches.org.ai	Search	FindPl	find_pl	find_pl	Search for find_pl	1
https://searches.org.ai/FindVenue	searches.org.ai	Search	FindVenue	find_venue	find_venue	Search for find_venue	1
https://searches.org.ai/FindNotes	searches.org.ai	Search	FindNotes	find_notes	find_notes	Search for find_notes	1
https://searches.org.ai/UpdateMarketingSubscription	searches.org.ai	Search	UpdateMarketingSubscription	update_marketing_subscription	update_marketing_subscription	Search for update_marketing_subscription	1
https://searches.org.ai/FindFoodAndBeverageSummary	searches.org.ai	Search	FindFoodAndBeverageSummary	find_food_and_beverage_summary	find_food_and_beverage_summary	Search for find_food_and_beverage_summary	1
https://searches.org.ai/FindShowActivity	searches.org.ai	Search	FindShowActivity	find_show_activity	find_show_activity	Search for find_show_activity	1
https://searches.org.ai/UpdateFinanceItem	searches.org.ai	Search	UpdateFinanceItem	update_finance_item	update_finance_item	Search for update_finance_item	1
https://searches.org.ai/RetrieveInvoices	searches.org.ai	Search	RetrieveInvoices	retrieve_invoices	retrieve_invoices	Search for retrieve_invoices	1
https://searches.org.ai/RetrieveContacts	searches.org.ai	Search	RetrieveContacts	retrieve_contacts	retrieve_contacts	Search for retrieve_contacts	1
https://searches.org.ai/RetrieveProperties	searches.org.ai	Search	RetrieveProperties	retrieve_properties	retrieve_properties	Search for retrieve_properties	1
https://searches.org.ai/AssetSummary	searches.org.ai	Search	AssetSummary	asset_summary	asset_summary	Search for asset_summary	1
https://searches.org.ai/CollectionAssets	searches.org.ai	Search	CollectionAssets	collection_assets	collection_assets	Search for collection_assets	1
https://searches.org.ai/AssetLink	searches.org.ai	Search	AssetLink	asset_link	asset_link	Search for asset_link	1
https://searches.org.ai/Metadata	searches.org.ai	Search	Metadata	metadata	metadata	Search for metadata	1
https://searches.org.ai/AssetPreview	searches.org.ai	Search	AssetPreview	asset_preview	asset_preview	Search for asset_preview	1
https://searches.org.ai/FolderAssets	searches.org.ai	Search	FolderAssets	folder_assets	folder_assets	Search for folder_assets	1
https://searches.org.ai/Collection	searches.org.ai	Search	Collection	collection	collection	Search for collection	1
https://searches.org.ai/FindQuota	searches.org.ai	Search	FindQuota	find_quota	find_quota	Search for find_quota	1
https://searches.org.ai/FindSubproject	searches.org.ai	Search	FindSubproject	find_subproject	find_subproject	Search for find_subproject	1
https://searches.org.ai/LookupItem	searches.org.ai	Search	LookupItem	lookup_item	lookup_item	Search for lookup_item	1
https://searches.org.ai/SearchCatalog	searches.org.ai	Search	SearchCatalog	search_catalog	search_catalog	Search for search_catalog	1
https://searches.org.ai/GetKPIInsights	searches.org.ai	Search	GetKPIInsights	get_kpi_insights	get_kpi_insights	Search for get_kpi_insights	1
https://searches.org.ai/GetKPIDimensions	searches.org.ai	Search	GetKPIDimensions	get_kpi_dimensions	get_kpi_dimensions	Search for get_kpi_dimensions	1
https://searches.org.ai/GetKPIDimensionValues	searches.org.ai	Search	GetKPIDimensionValues	get_kpi_dimension_values	get_kpi_dimension_values	Search for get_kpi_dimension_values	1
https://searches.org.ai/GetKPIDataByDimension	searches.org.ai	Search	GetKPIDataByDimension	get_kpi_data_by_dimension	get_kpi_data_by_dimension	Search for get_kpi_data_by_dimension	1
https://searches.org.ai/FindCustomercontact	searches.org.ai	Search	FindCustomercontact	find_customercontact	find_customercontact	Search for find_customercontact	1
https://searches.org.ai/FindCurrencies	searches.org.ai	Search	FindCurrencies	find_currencies	find_currencies	Search for find_currencies	1
https://searches.org.ai/ConvertCurrency	searches.org.ai	Search	ConvertCurrency	convert_currency	convert_currency	Search for convert_currency	1
https://searches.org.ai/FindExpenseEntry	searches.org.ai	Search	FindExpenseEntry	find_expense_entry	find_expense_entry	Search for find_expense_entry	1
https://searches.org.ai/Findagency	searches.org.ai	Search	Findagency	findagency	findAgency	Search for findAgency	1
https://searches.org.ai/Findenquiry	searches.org.ai	Search	Findenquiry	findenquiry	findEnquiry	Search for findEnquiry	1
https://searches.org.ai/Findenquirymessages	searches.org.ai	Search	Findenquirymessages	findenquirymessages	findEnquiryMessages	Search for findEnquiryMessages	1
https://searches.org.ai/Findenquirymessage	searches.org.ai	Search	Findenquirymessage	findenquirymessage	findEnquiryMessage	Search for findEnquiryMessage	1
https://searches.org.ai/Findlisting	searches.org.ai	Search	Findlisting	findlisting	findListing	Search for findListing	1
https://searches.org.ai/Findoffer	searches.org.ai	Search	Findoffer	findoffer	findOffer	Search for findOffer	1
https://searches.org.ai/Findofferbyid	searches.org.ai	Search	Findofferbyid	findofferbyid	findOfferByID	Search for findOfferByID	1
https://searches.org.ai/Findpropertybyid	searches.org.ai	Search	Findpropertybyid	findpropertybyid	findPropertyByID	Search for findPropertyByID	1
https://searches.org.ai/Findviewingbyid	searches.org.ai	Search	Findviewingbyid	findviewingbyid	findViewingByID	Search for findViewingByID	1
https://searches.org.ai/Findviewingslotbyid	searches.org.ai	Search	Findviewingslotbyid	findviewingslotbyid	findViewingSlotByID	Search for findViewingSlotByID	1
https://searches.org.ai/Allagencies	searches.org.ai	Search	Allagencies	allagencies	allAgencies	Search for allAgencies	1
https://searches.org.ai/Findenquiriesbyagency	searches.org.ai	Search	Findenquiriesbyagency	findenquiriesbyagency	findEnquiriesByAgency	Search for findEnquiriesByAgency	1
https://searches.org.ai/Findlistingsbyagency	searches.org.ai	Search	Findlistingsbyagency	findlistingsbyagency	findListingsByAgency	Search for findListingsByAgency	1
https://searches.org.ai/Findoffersbyagency	searches.org.ai	Search	Findoffersbyagency	findoffersbyagency	findOffersByAgency	Search for findOffersByAgency	1
https://searches.org.ai/Findpropertiesbyagency	searches.org.ai	Search	Findpropertiesbyagency	findpropertiesbyagency	findPropertiesByAgency	Search for findPropertiesByAgency	1
https://searches.org.ai/Findviewingsbyagency	searches.org.ai	Search	Findviewingsbyagency	findviewingsbyagency	findViewingsByAgency	Search for findViewingsByAgency	1
https://searches.org.ai/Findviewingslotsbyagency	searches.org.ai	Search	Findviewingslotsbyagency	findviewingslotsbyagency	findViewingSlotsByAgency	Search for findViewingSlotsByAgency	1
https://searches.org.ai/Findofferdetails	searches.org.ai	Search	Findofferdetails	findofferdetails	findOfferDetails	Search for findOfferDetails	1
https://searches.org.ai/GetCurrentUsersOnRotation	searches.org.ai	Search	GetCurrentUsersOnRotation	get_current_users_on_rotation	get_current_users_on_rotation	Search for get_current_users_on_rotation	1
https://searches.org.ai/Projectlist	searches.org.ai	Search	Projectlist	projectlist	projectList	Search for projectList	1
https://searches.org.ai/Searchtasks	searches.org.ai	Search	Searchtasks	searchtasks	searchTasks	Search for searchTasks	1
https://searches.org.ai/Searchtimesheets	searches.org.ai	Search	Searchtimesheets	searchtimesheets	searchTimesheets	Search for searchTimesheets	1
https://searches.org.ai/ListCallHistory	searches.org.ai	Search	ListCallHistory	list_call_history	list_call_history	Search for list_call_history	1
https://searches.org.ai/CallHistoryDetail	searches.org.ai	Search	CallHistoryDetail	call_history_detail	call_history_detail	Search for call_history_detail	1
https://searches.org.ai/ListActions	searches.org.ai	Search	ListActions	list_actions	list_actions	Search for list_actions	1
https://searches.org.ai/ActionHistory	searches.org.ai	Search	ActionHistory	action_history	action_history	Search for action_history	1
https://searches.org.ai/GetActionExecution	searches.org.ai	Search	GetActionExecution	get_action_execution	get_action_execution	Search for get_action_execution	1
https://searches.org.ai/GetEventByID	searches.org.ai	Search	GetEventByID	get_event_by_id	get_event_by_id	Search for get_event_by_id	1
https://searches.org.ai/Findclonvoices	searches.org.ai	Search	Findclonvoices	findclonvoices	FindClonvoices	Search for FindClonvoices	1
https://searches.org.ai/Findinvoices	searches.org.ai	Search	Findinvoices	findinvoices	FindInvoices	Search for FindInvoices	1
https://searches.org.ai/Findlanguagestypes	searches.org.ai	Search	Findlanguagestypes	findlanguagestypes	FindLanguagesTypes	Search for FindLanguagesTypes	1
https://searches.org.ai/Findopeninvoices	searches.org.ai	Search	Findopeninvoices	findopeninvoices	FindOpenInvoices	Search for FindOpenInvoices	1
https://searches.org.ai/Findportfolios	searches.org.ai	Search	Findportfolios	findportfolios	FindPortfolios	Search for FindPortfolios	1
https://searches.org.ai/Findproducts	searches.org.ai	Search	Findproducts	findproducts	FindProducts	Search for FindProducts	1
https://searches.org.ai/Findproviders	searches.org.ai	Search	Findproviders	findproviders	FindProviders	Search for FindProviders	1
https://searches.org.ai/Findvattypes	searches.org.ai	Search	Findvattypes	findvattypes	FindVATTypes	Search for FindVATTypes	1
https://searches.org.ai/Directors	searches.org.ai	Search	Directors	directors	directors	Search for directors	1
https://searches.org.ai/Financial	searches.org.ai	Search	Financial	financial	financial	Search for financial	1
https://searches.org.ai/Establishments	searches.org.ai	Search	Establishments	establishments	establishments	Search for establishments	1
https://searches.org.ai/Infoleg	searches.org.ai	Search	Infoleg	infoleg	infoleg	Search for infoleg	1
https://searches.org.ai/Procedure	searches.org.ai	Search	Procedure	procedure	procedure	Search for procedure	1
https://searches.org.ai/Evenements	searches.org.ai	Search	Evenements	evenements	evenements	Search for evenements	1
https://searches.org.ai/Scoring	searches.org.ai	Search	Scoring	scoring	Scoring	Search for Scoring	1
https://searches.org.ai/Recherche1	searches.org.ai	Search	Recherche1	recherche1	recherche1	Search for recherche1	1
https://searches.org.ai/Recherche2	searches.org.ai	Search	Recherche2	recherche2	recherche2	Search for recherche2	1
https://searches.org.ai/Exist	searches.org.ai	Search	Exist	exist	exist	Search for exist	1
https://searches.org.ai/Getreportgroupssearch	searches.org.ai	Search	Getreportgroupssearch	getreportgroupssearch	getReportGroupsSearch	Search for getReportGroupsSearch	1
https://searches.org.ai/Getspacessearch	searches.org.ai	Search	Getspacessearch	getspacessearch	getSpacesSearch	Search for getSpacesSearch	1
https://searches.org.ai/Getreportgroupmessagessearch	searches.org.ai	Search	Getreportgroupmessagessearch	getreportgroupmessagessearch	getReportGroupMessagesSearch	Search for getReportGroupMessagesSearch	1
https://searches.org.ai/Asyncchatcompletion	searches.org.ai	Search	Asyncchatcompletion	asyncchatcompletion	asyncChatCompletion	Search for asyncChatCompletion	1
https://searches.org.ai/GetApproval	searches.org.ai	Search	GetApproval	get_approval	get_approval	Search for get_approval	1
https://searches.org.ai/ShowCustomer	searches.org.ai	Search	ShowCustomer	show_customer	show_customer	Search for show_customer	1
https://searches.org.ai/ShowSubscription	searches.org.ai	Search	ShowSubscription	show_subscription	show_subscription	Search for show_subscription	1
https://searches.org.ai/ShowOrder	searches.org.ai	Search	ShowOrder	show_order	show_order	Search for show_order	1
https://searches.org.ai/ShowReport	searches.org.ai	Search	ShowReport	show_report	show_report	Search for show_report	1
https://searches.org.ai/Finddeliverable	searches.org.ai	Search	Finddeliverable	finddeliverable	findDeliverable	Search for findDeliverable	1
https://searches.org.ai/Findenvelope	searches.org.ai	Search	Findenvelope	findenvelope	findEnvelope	Search for findEnvelope	1
https://searches.org.ai/Findrecipient	searches.org.ai	Search	Findrecipient	findrecipient	findRecipient	Search for findRecipient	1
https://searches.org.ai/SearchTierConfigs	searches.org.ai	Search	SearchTierConfigs	search_tier_configs	search_tier_configs	Search for search_tier_configs	1
https://searches.org.ai/SearchAssets	searches.org.ai	Search	SearchAssets	search_assets	search_assets	Search for search_assets	1
https://searches.org.ai/SearchRequests	searches.org.ai	Search	SearchRequests	search_requests	search_requests	Search for search_requests	1
https://searches.org.ai/SearchTierConfigRequests	searches.org.ai	Search	SearchTierConfigRequests	search_tier_config_requests	search_tier_config_requests	Search for search_tier_config_requests	1
https://searches.org.ai/SearchTierAccountRequests	searches.org.ai	Search	SearchTierAccountRequests	search_tier_account_requests	search_tier_account_requests	Search for search_tier_account_requests	1
https://searches.org.ai/SearchBillingRequests	searches.org.ai	Search	SearchBillingRequests	search_billing_requests	search_billing_requests	Search for search_billing_requests	1
https://searches.org.ai/SearchRecurringAssets	searches.org.ai	Search	SearchRecurringAssets	search_recurring_assets	search_recurring_assets	Search for search_recurring_assets	1
https://searches.org.ai/SearchListingRequest	searches.org.ai	Search	SearchListingRequest	search_listing_request	search_listing_request	Search for search_listing_request	1
https://searches.org.ai/SearchCases	searches.org.ai	Search	SearchCases	search_cases	search_cases	Search for search_cases	1
https://searches.org.ai/SearchComments	searches.org.ai	Search	SearchComments	search_comments	search_comments	Search for search_comments	1
https://searches.org.ai/LinkedinCompany	searches.org.ai	Search	LinkedinCompany	linkedin_company	linkedin_company	Search for linkedin_company	1
https://searches.org.ai/CompanyDatabase	searches.org.ai	Search	CompanyDatabase	company_database	company_database	Search for company_database	1
https://searches.org.ai/WebsiteTechnology	searches.org.ai	Search	WebsiteTechnology	website_technology	website_technology	Search for website_technology	1
https://searches.org.ai/WebsiteCrawler	searches.org.ai	Search	WebsiteCrawler	website_crawler	website_crawler	Search for website_crawler	1
https://searches.org.ai/Getverifiednumbers	searches.org.ai	Search	Getverifiednumbers	getverifiednumbers	GetVerifiedNumbers	Search for GetVerifiedNumbers	1
https://searches.org.ai/FindResponse	searches.org.ai	Search	FindResponse	find_response	find_response	Search for find_response	1
https://searches.org.ai/FindResponseByMeta	searches.org.ai	Search	FindResponseByMeta	find_response_by_meta	find_response_by_meta	Search for find_response_by_meta	1
https://searches.org.ai/FindOrganizationContact	searches.org.ai	Search	FindOrganizationContact	find_organization_contact	find_organization_contact	Search for find_organization_contact	1
https://searches.org.ai/FindCustomerContact	searches.org.ai	Search	FindCustomerContact	find_customer_contact	find_customer_contact	Search for find_customer_contact	2
https://searches.org.ai/FindOrganizationAccount	searches.org.ai	Search	FindOrganizationAccount	find_organization_account	find_organization_account	Search for find_organization_account	1
https://searches.org.ai/FindCustomerAccount	searches.org.ai	Search	FindCustomerAccount	find_customer_account	find_customer_account	Search for find_customer_account	1
https://searches.org.ai/FindRecordByID	searches.org.ai	Search	FindRecordByID	find_record_by_id	find_Record_By_Id	Search for find_Record_By_Id	1
https://searches.org.ai/FindRecordByName	searches.org.ai	Search	FindRecordByName	find_record_by_name	find_Record_By_Name	Search for find_Record_By_Name	1
https://searches.org.ai/FindRecordsByFilterField	searches.org.ai	Search	FindRecordsByFilterField	find_records_by_filter_field	find_Records_By_Filter_Field	Search for find_Records_By_Filter_Field	1
https://searches.org.ai/Envelope	searches.org.ai	Search	Envelope	envelope	envelope	Search for envelope	1
https://searches.org.ai/TeamID	searches.org.ai	Search	TeamID	team_id	team_id	Search for team_id	1
https://searches.org.ai/GetDisputes	searches.org.ai	Search	GetDisputes	get_disputes	get_disputes	Search for get_disputes	1
https://searches.org.ai/GetDisputeByID	searches.org.ai	Search	GetDisputeByID	get_dispute_by_id	get_dispute_by_id	Search for get_dispute_by_id	1
https://searches.org.ai/Mapping	searches.org.ai	Search	Mapping	mapping	Mapping	Search for Mapping	1
https://searches.org.ai/FindPartner	searches.org.ai	Search	FindPartner	find_partner	find_partner	Search for find_partner	1
https://searches.org.ai/DownloadDocuments	searches.org.ai	Search	DownloadDocuments	download_documents	download_documents	Search for download_documents	1
https://searches.org.ai/SearchCase	searches.org.ai	Search	SearchCase	search_case	search_case	Search for search_case	1
https://searches.org.ai/FindDonorForms	searches.org.ai	Search	FindDonorForms	find_donor_forms	find_donor_forms	Search for find_donor_forms	1
https://searches.org.ai/FindPrograms	searches.org.ai	Search	FindPrograms	find_programs	find_programs	Search for find_programs	1
https://searches.org.ai/FindDonorByEmail	searches.org.ai	Search	FindDonorByEmail	find_donor_by_email	find_donor_by_email	Search for find_donor_by_email	1
https://searches.org.ai/FindEntityByID	searches.org.ai	Search	FindEntityByID	find_entity_by_id	find_entity_by_id	Search for find_entity_by_id	1
https://searches.org.ai/DailyReport	searches.org.ai	Search	DailyReport	daily_report	daily_report	Search for daily_report	1
https://searches.org.ai/DailyReportPDF	searches.org.ai	Search	DailyReportPDF	daily_report_pdf	daily_report_pdf	Search for daily_report_pdf	1
https://searches.org.ai/SearchVehicles	searches.org.ai	Search	SearchVehicles	search_vehicles	search_vehicles	Search for search_vehicles	1
https://searches.org.ai/JobSearch	searches.org.ai	Search	JobSearch	job_search	job_search	Search for job_search	1
https://searches.org.ai/EmailReverseLookup	searches.org.ai	Search	EmailReverseLookup	email_reverse_lookup	email_reverse_lookup	Search for email_reverse_lookup	1
https://searches.org.ai/EnrichPersonByLinkedinURL	searches.org.ai	Search	EnrichPersonByLinkedinURL	enrich_person_by_linkedin_url	enrich_person_by_linkedin_url	Search for enrich_person_by_linkedin_url	1
https://searches.org.ai/EnrichCompanyByLinkedinURL	searches.org.ai	Search	EnrichCompanyByLinkedinURL	enrich_company_by_linkedin_url	enrich_company_by_linkedin_url	Search for enrich_company_by_linkedin_url	1
https://searches.org.ai/FindResident	searches.org.ai	Search	FindResident	find_resident	find_resident	Search for find_resident	1
https://searches.org.ai/FindResidentContacts	searches.org.ai	Search	FindResidentContacts	find_resident_contacts	find_resident_contacts	Search for find_resident_contacts	1
https://searches.org.ai/FindProspectContacts	searches.org.ai	Search	FindProspectContacts	find_prospect_contacts	find_prospect_contacts	Search for find_prospect_contacts	1
https://searches.org.ai/Getcallattendee	searches.org.ai	Search	Getcallattendee	getcallattendee	getCallAttendee	Search for getCallAttendee	1
https://searches.org.ai/Getcallsummary	searches.org.ai	Search	Getcallsummary	getcallsummary	getCallSummary	Search for getCallSummary	1
https://searches.org.ai/Getcalltranscript	searches.org.ai	Search	Getcalltranscript	getcalltranscript	getCallTranscript	Search for getCallTranscript	1
https://searches.org.ai/Getcall	searches.org.ai	Search	Getcall	getcall	getCall	Search for getCall	1
https://searches.org.ai/GetStopDetails	searches.org.ai	Search	GetStopDetails	get_stop_details	get_stop_details	Search for get_stop_details	1
https://searches.org.ai/GetShipmentDetails	searches.org.ai	Search	GetShipmentDetails	get_shipment_details	get_shipment_details	Search for get_shipment_details	1
https://searches.org.ai/GetTeamMemberDetails	searches.org.ai	Search	GetTeamMemberDetails	get_team_member_details	get_team_member_details	Search for get_team_member_details	1
https://searches.org.ai/FindWorkflowStep	searches.org.ai	Search	FindWorkflowStep	find_workflow_step	find_workflow_step	Search for find_workflow_step	1
https://searches.org.ai/FindDeadline	searches.org.ai	Search	FindDeadline	find_deadline	find_deadline	Search for find_deadline	1
https://searches.org.ai/FindResubmission	searches.org.ai	Search	FindResubmission	find_resubmission	find_resubmission	Search for find_resubmission	1
https://searches.org.ai/FindRelatedFiles	searches.org.ai	Search	FindRelatedFiles	find_related_files	find_related_files	Search for find_related_files	1
https://searches.org.ai/FindContactByParameters	searches.org.ai	Search	FindContactByParameters	find_contact_by_parameters	find_contact_by_parameters	Search for find_contact_by_parameters	1
https://searches.org.ai/FindUserMe	searches.org.ai	Search	FindUserMe	find_user_me	find_user_me	Search for find_user_me	1
https://searches.org.ai/GetReservation	searches.org.ai	Search	GetReservation	get_reservation	get_reservation	Search for get_reservation	1
https://searches.org.ai/GetVerificationStatus	searches.org.ai	Search	GetVerificationStatus	get_verification_status	get_verification_status	Search for get_verification_status	1
https://searches.org.ai/GetGuestportalData	searches.org.ai	Search	GetGuestportalData	get_guestportal_data	get_guestportal_data	Search for get_guestportal_data	1
https://searches.org.ai/GetListing	searches.org.ai	Search	GetListing	get_listing	get_listing	Search for get_listing	1
https://searches.org.ai/FindTaxRates	searches.org.ai	Search	FindTaxRates	find_tax_rates	find_tax_rates	Search for find_tax_rates	1
https://searches.org.ai/FindExpenseAccounts	searches.org.ai	Search	FindExpenseAccounts	find_expense_accounts	find_expense_accounts	Search for find_expense_accounts	1
https://searches.org.ai/FindRevenueAccounts	searches.org.ai	Search	FindRevenueAccounts	find_revenue_accounts	find_revenue_accounts	Search for find_revenue_accounts	1
https://searches.org.ai/FindCustomerByEmail	searches.org.ai	Search	FindCustomerByEmail	find_customer_by_email	find_customer_by_email	Search for find_customer_by_email	1
https://searches.org.ai/GetTrackers	searches.org.ai	Search	GetTrackers	get_trackers	get_trackers	Search for get_trackers	1
https://searches.org.ai/GetTrackerBySlug	searches.org.ai	Search	GetTrackerBySlug	get_tracker_by_slug	get_tracker_by_slug	Search for get_tracker_by_slug	1
https://searches.org.ai/UpdateTracker	searches.org.ai	Search	UpdateTracker	update_tracker	update_tracker	Search for update_tracker	1
https://searches.org.ai/DeleteTracker	searches.org.ai	Search	DeleteTracker	delete_tracker	delete_tracker	Search for delete_tracker	1
https://searches.org.ai/DeleteTrackersBulk	searches.org.ai	Search	DeleteTrackersBulk	delete_trackers_bulk	delete_trackers_bulk	Search for delete_trackers_bulk	1
https://searches.org.ai/GetSiteByID	searches.org.ai	Search	GetSiteByID	get_site_by_id	get_site_by_id	Search for get_site_by_id	1
https://searches.org.ai/UpdateSite	searches.org.ai	Search	UpdateSite	update_site	update_site	Search for update_site	1
https://searches.org.ai/DeleteSite	searches.org.ai	Search	DeleteSite	delete_site	delete_site	Search for delete_site	1
https://searches.org.ai/DeleteSitesBulk	searches.org.ai	Search	DeleteSitesBulk	delete_sites_bulk	delete_sites_bulk	Search for delete_sites_bulk	1
https://searches.org.ai/GetRecordByID	searches.org.ai	Search	GetRecordByID	get_record_by_id	get_record_by_id	Search for get_record_by_id	1
https://searches.org.ai/GetContactByExternalID	searches.org.ai	Search	GetContactByExternalID	get_contact_by_external_id	get_contact_by_external_id	Search for get_contact_by_external_id	1
https://searches.org.ai/GetBot	searches.org.ai	Search	GetBot	get_bot	get_bot	Search for get_bot	1
https://searches.org.ai/GetCall	searches.org.ai	Search	GetCall	get_call	get_call	Search for get_call	2
https://searches.org.ai/ListBots	searches.org.ai	Search	ListBots	list_bots	list_bots	Search for list_bots	1
https://searches.org.ai/FindCredits	searches.org.ai	Search	FindCredits	find_credits	find_credits	Search for find_credits	1
https://searches.org.ai/Getcompanies	searches.org.ai	Search	Getcompanies	getcompanies	getCompanies	Search for getCompanies	1
https://searches.org.ai/Getperiods	searches.org.ai	Search	Getperiods	getperiods	getPeriods	Search for getPeriods	1
https://searches.org.ai/Getworkflows	searches.org.ai	Search	Getworkflows	getworkflows	getWorkflows	Search for getWorkflows	1
https://searches.org.ai/Getworkflowstatus	searches.org.ai	Search	Getworkflowstatus	getworkflowstatus	getWorkflowStatus	Search for getWorkflowStatus	1
https://searches.org.ai/Getexportfileinstances	searches.org.ai	Search	Getexportfileinstances	getexportfileinstances	getExportFileInstances	Search for getExportFileInstances	1
https://searches.org.ai/Getexportfiles	searches.org.ai	Search	Getexportfiles	getexportfiles	getExportFiles	Search for getExportFiles	1
https://searches.org.ai/Getexportfileinstance	searches.org.ai	Search	Getexportfileinstance	getexportfileinstance	getExportFileInstance	Search for getExportFileInstance	1
https://searches.org.ai/Getexportfiletemplates	searches.org.ai	Search	Getexportfiletemplates	getexportfiletemplates	getExportFileTemplates	Search for getExportFileTemplates	1
https://searches.org.ai/Getremarks	searches.org.ai	Search	Getremarks	getremarks	getRemarks	Search for getRemarks	1
https://searches.org.ai/Getaccounts	searches.org.ai	Search	Getaccounts	getaccounts	getAccounts	Search for getAccounts	1
https://searches.org.ai/Getreconciliations	searches.org.ai	Search	Getreconciliations	getreconciliations	getReconciliations	Search for getReconciliations	1
https://searches.org.ai/Getreports	searches.org.ai	Search	Getreports	getreports	getReports	Search for getReports	2
https://searches.org.ai/Getbudgets	searches.org.ai	Search	Getbudgets	getbudgets	getBudgets	Search for getBudgets	1
https://searches.org.ai/FindAccountByQuery	searches.org.ai	Search	FindAccountByQuery	find_account_by_query	find_account_by_query	Search for find_account_by_query	1
https://searches.org.ai/FindActivityByQuery	searches.org.ai	Search	FindActivityByQuery	find_activity_by_query	find_activity_by_query	Search for find_activity_by_query	1
https://searches.org.ai/FindAppointmentByQuery	searches.org.ai	Search	FindAppointmentByQuery	find_appointment_by_query	find_appointment_by_query	Search for find_appointment_by_query	1
https://searches.org.ai/FindContactByQuery	searches.org.ai	Search	FindContactByQuery	find_contact_by_query	find_contact_by_query	Search for find_contact_by_query	1
https://searches.org.ai/FindTicketByQuery	searches.org.ai	Search	FindTicketByQuery	find_ticket_by_query	find_ticket_by_query	Search for find_ticket_by_query	1
https://searches.org.ai/GetInvoice2	searches.org.ai	Search	GetInvoice2	get_invoice2	get_invoice2	Search for get_invoice2	1
https://searches.org.ai/FindBlocker	searches.org.ai	Search	FindBlocker	find_blocker	find_blocker	Search for find_blocker	1
https://searches.org.ai/EmailVerifier	searches.org.ai	Search	EmailVerifier	email_verifier	email_verifier	Search for email_verifier	1
https://searches.org.ai/DomainSearch	searches.org.ai	Search	DomainSearch	domain_search	domain_search	Search for domain_search	2
https://searches.org.ai/PhoneFinder	searches.org.ai	Search	PhoneFinder	phone_finder	phone_finder	Search for phone_finder	1
https://searches.org.ai/PhoneValidator	searches.org.ai	Search	PhoneValidator	phone_validator	phone_validator	Search for phone_validator	1
https://searches.org.ai/LinkedinFinder	searches.org.ai	Search	LinkedinFinder	linkedin_finder	linkedin_finder	Search for linkedin_finder	1
https://searches.org.ai/Similar	searches.org.ai	Search	Similar	similar	similar	Search for similar	1
https://searches.org.ai/AuthorFinder	searches.org.ai	Search	AuthorFinder	author_finder	author_finder	Search for author_finder	1
https://searches.org.ai/CustomerFind	searches.org.ai	Search	CustomerFind	customer_find	customer_find	Search for customer_find	1
https://searches.org.ai/JobsSearching	searches.org.ai	Search	JobsSearching	jobs_searching	jobs_searching	Search for jobs_searching	1
https://searches.org.ai/JobsScoring	searches.org.ai	Search	JobsScoring	jobs_scoring	jobs_scoring	Search for jobs_scoring	1
https://searches.org.ai/ProfilesSearching	searches.org.ai	Search	ProfilesSearching	profiles_searching	profiles_searching	Search for profiles_searching	1
https://searches.org.ai/ProfilesScoring	searches.org.ai	Search	ProfilesScoring	profiles_scoring	profiles_scoring	Search for profiles_scoring	1
https://searches.org.ai/JobAsking	searches.org.ai	Search	JobAsking	job_asking	job_asking	Search for job_asking	1
https://searches.org.ai/ProfileAsking	searches.org.ai	Search	ProfileAsking	profile_asking	profile_asking	Search for profile_asking	1
https://searches.org.ai/FindSummary	searches.org.ai	Search	FindSummary	find_summary	find_summary	Search for find_summary	1
https://searches.org.ai/ListPreferredGiftRecipients	searches.org.ai	Search	ListPreferredGiftRecipients	list_preferred_gift_recipients	list_preferred_gift_recipients	Search for list_preferred_gift_recipients	1
https://searches.org.ai/SearchNode	searches.org.ai	Search	SearchNode	search_node	search_node	Search for search_node	1
https://searches.org.ai/SearchRecordByID	searches.org.ai	Search	SearchRecordByID	search_record_by_id	search_record_by_id	Search for search_record_by_id	1
https://searches.org.ai/ReferenceSingle2	searches.org.ai	Search	ReferenceSingle2	reference_single_2	reference_single_2	Search for reference_single_2	1
https://searches.org.ai/ReferenceMultiple2	searches.org.ai	Search	ReferenceMultiple2	reference_multiple_2	reference_multiple_2	Search for reference_multiple_2	1
https://searches.org.ai/RuleFolders	searches.org.ai	Search	RuleFolders	rule_folders	rule_folders	Search for rule_folders	1
https://searches.org.ai/RuleFolder	searches.org.ai	Search	RuleFolder	rule_folder	rule_folder	Search for rule_folder	1
https://searches.org.ai/Rules	searches.org.ai	Search	Rules	rules	rules	Search for rules	1
https://searches.org.ai/Rule	searches.org.ai	Search	Rule	rule	rule	Search for rule	1
https://searches.org.ai/Findcompanies	searches.org.ai	Search	Findcompanies	findcompanies	findCompanies	Search for findCompanies	2
https://searches.org.ai/Findcompanybyid	searches.org.ai	Search	Findcompanybyid	findcompanybyid	findCompanyById	Search for findCompanyById	1
https://searches.org.ai/Findmembers	searches.org.ai	Search	Findmembers	findmembers	findMembers	Search for findMembers	1
https://searches.org.ai/Findmemberbyid	searches.org.ai	Search	Findmemberbyid	findmemberbyid	findMemberById	Search for findMemberById	1
https://searches.org.ai/Getticket	searches.org.ai	Search	Getticket	getticket	getTicket	Search for getTicket	1
https://searches.org.ai/SearchForm	searches.org.ai	Search	SearchForm	search_form	search_form	Search for search_form	1
https://searches.org.ai/GetProspect	searches.org.ai	Search	GetProspect	get_prospect	get_prospect	Search for get_prospect	1
https://searches.org.ai/GetWebsiteVisits	searches.org.ai	Search	GetWebsiteVisits	get_website_visits	get_website_visits	Search for get_website_visits	1
https://searches.org.ai/ListTaxonomyElements	searches.org.ai	Search	ListTaxonomyElements	list_taxonomy_elements	list_taxonomy_elements	Search for list_taxonomy_elements	1
https://searches.org.ai/GetAllTaxonomyByType	searches.org.ai	Search	GetAllTaxonomyByType	get_all_taxonomy_by_type	get_all_taxonomy_by_type	Search for get_all_taxonomy_by_type	1
https://searches.org.ai/GetTaxonomyElementDocuments	searches.org.ai	Search	GetTaxonomyElementDocuments	get_taxonomy_element_documents	get_taxonomy_element_documents	Search for get_taxonomy_element_documents	1
https://searches.org.ai/GetPlanControls	searches.org.ai	Search	GetPlanControls	get_plan_controls	get_plan_controls	Search for get_plan_controls	1
https://searches.org.ai/GetControlMonitoringActivities	searches.org.ai	Search	GetControlMonitoringActivities	get_control_monitoring_activities	get_control_monitoring_activities	Search for get_control_monitoring_activities	1
https://searches.org.ai/Verify	searches.org.ai	Search	Verify	verify	verify	Search for verify	1
https://searches.org.ai/Social	searches.org.ai	Search	Social	social	social	Search for social	1
https://searches.org.ai/FetchArticles	searches.org.ai	Search	FetchArticles	fetch_articles	fetch_articles	Search for fetch_articles	1
https://searches.org.ai/ListCourses	searches.org.ai	Search	ListCourses	list_courses	LIST_COURSES	Search for LIST_COURSES	1
https://searches.org.ai/ListEnrollments	searches.org.ai	Search	ListEnrollments	list_enrollments	LIST_ENROLLMENTS	Search for LIST_ENROLLMENTS	1
https://searches.org.ai/GetUserInfo	searches.org.ai	Search	GetUserInfo	get_user_info	get_user_info	Search for get_user_info	1
https://searches.org.ai/FindOperation	searches.org.ai	Search	FindOperation	find_operation	find_operation	Search for find_operation	1
https://searches.org.ai/FindPayrollChanges	searches.org.ai	Search	FindPayrollChanges	find_payroll_changes	find_payroll_changes	Search for find_payroll_changes	1
https://searches.org.ai/SearchCourse	searches.org.ai	Search	SearchCourse	search_course	search_course	Search for search_course	1
https://searches.org.ai/SearchCohort	searches.org.ai	Search	SearchCohort	search_cohort	search_cohort	Search for search_cohort	1
https://searches.org.ai/FindActivityCompletionStatusOfUser	searches.org.ai	Search	FindActivityCompletionStatusOfUser	find_activity_completion_status_of_user	find_activity_completion_status_of_user	Search for find_activity_completion_status_of_user	1
https://searches.org.ai/SearchCourseCompletionOfUser	searches.org.ai	Search	SearchCourseCompletionOfUser	search_course_completion_of_user	search_course_completion_of_user	Search for search_course_completion_of_user	1
https://searches.org.ai/SearchCourseGradeItems	searches.org.ai	Search	SearchCourseGradeItems	search_course_grade_items	search_course_grade_items	Search for search_course_grade_items	1
https://searches.org.ai/SearchCourseGradesForUser	searches.org.ai	Search	SearchCourseGradesForUser	search_course_grades_for_user	search_course_grades_for_user	Search for search_course_grades_for_user	1
https://searches.org.ai/FindGolink	searches.org.ai	Search	FindGolink	find_golink	find_golink	Search for find_golink	1
https://searches.org.ai/ListIssues	searches.org.ai	Search	ListIssues	list_issues	list_issues	Search for list_issues	1
https://searches.org.ai/ListCases	searches.org.ai	Search	ListCases	list_cases	list_cases	Search for list_cases	1
https://searches.org.ai/RetrieveCase	searches.org.ai	Search	RetrieveCase	retrieve_case	retrieve_case	Search for retrieve_case	1
https://searches.org.ai/GetAudio	searches.org.ai	Search	GetAudio	get_audio	get_audio	Search for get_audio	1
https://searches.org.ai/GetPublicLink	searches.org.ai	Search	GetPublicLink	get_public_link	get_public_link	Search for get_public_link	1
https://searches.org.ai/GetEmail	searches.org.ai	Search	GetEmail	get_email	get_email	Search for get_email	1
https://searches.org.ai/GetScorecard	searches.org.ai	Search	GetScorecard	get_scorecard	get_scorecard	Search for get_scorecard	1
https://searches.org.ai/GetStatusOfUserForTrainingSearch	searches.org.ai	Search	GetStatusOfUserForTrainingSearch	get_status_of_user_for_training_search	get_status_of_user_for_training_search	Search for get_status_of_user_for_training_search	1
https://searches.org.ai/GetScoreOfUserForTrainingSearch	searches.org.ai	Search	GetScoreOfUserForTrainingSearch	get_score_of_user_for_training_search	get_score_of_user_for_training_search	Search for get_score_of_user_for_training_search	1
https://searches.org.ai/DataEnrichmentOnTheSuccessAI	searches.org.ai	Search	DataEnrichmentOnTheSuccessAI	data_enrichment_on_the_success_ai	data_enrichment_on_the_success_ai	Search for data_enrichment_on_the_success_ai	1
https://searches.org.ai/ListCompanies	searches.org.ai	Search	ListCompanies	list_companies	list_companies	Search for list_companies	1
https://searches.org.ai/ListOpportunities	searches.org.ai	Search	ListOpportunities	list_opportunities	list_opportunities	Search for list_opportunities	2
https://searches.org.ai/ListNotes	searches.org.ai	Search	ListNotes	list_notes	list_notes	Search for list_notes	1
https://searches.org.ai/GetNoteTarget	searches.org.ai	Search	GetNoteTarget	get_note_target	get_note_target	Search for get_note_target	1
https://searches.org.ai/ListNoteTargets	searches.org.ai	Search	ListNoteTargets	list_note_targets	list_note_targets	Search for list_note_targets	1
https://searches.org.ai/GetTaskTarget	searches.org.ai	Search	GetTaskTarget	get_task_target	get_task_target	Search for get_task_target	1
https://searches.org.ai/ListTaskTargets	searches.org.ai	Search	ListTaskTargets	list_task_targets	list_task_targets	Search for list_task_targets	1
https://searches.org.ai/GetPipelineRecord	searches.org.ai	Search	GetPipelineRecord	get_pipeline_record	get_pipeline_record	Search for get_pipeline_record	1
https://searches.org.ai/ListPipelineRecords	searches.org.ai	Search	ListPipelineRecords	list_pipeline_records	list_pipeline_records	Search for list_pipeline_records	1
https://searches.org.ai/SearchIndividualEntity	searches.org.ai	Search	SearchIndividualEntity	search_individual_entity	search_individual_entity	Search for search_individual_entity	1
https://searches.org.ai/SearchLegalEntity	searches.org.ai	Search	SearchLegalEntity	search_legal_entity	search_legal_entity	Search for search_legal_entity	1
https://searches.org.ai/SearchBasicEntity	searches.org.ai	Search	SearchBasicEntity	search_basic_entity	search_basic_entity	Search for search_basic_entity	1
https://searches.org.ai/GetAllNotes	searches.org.ai	Search	GetAllNotes	get_all_notes	get_all_notes	Search for get_all_notes	1
https://searches.org.ai/Pods	searches.org.ai	Search	Pods	pods	pods	Search for pods	1
https://searches.org.ai/FindFirm	searches.org.ai	Search	FindFirm	find_firm	find_firm	Search for find_firm	1
https://searches.org.ai/Prospectsearch	searches.org.ai	Search	Prospectsearch	prospectsearch	prospectSearch	Search for prospectSearch	1
https://searches.org.ai/GetPoll	searches.org.ai	Search	GetPoll	get_poll	get_poll	Search for get_poll	1
https://searches.org.ai/Findcontactgroupmembers	searches.org.ai	Search	Findcontactgroupmembers	findcontactgroupmembers	findContactGroupMembers	Search for findContactGroupMembers	1
https://searches.org.ai/Findcontactgroups	searches.org.ai	Search	Findcontactgroups	findcontactgroups	findContactGroups	Search for findContactGroups	1
https://searches.org.ai/Findfollowups	searches.org.ai	Search	Findfollowups	findfollowups	findFollowUps	Search for findFollowUps	1
https://searches.org.ai/Findmarketingcampaigns	searches.org.ai	Search	Findmarketingcampaigns	findmarketingcampaigns	findMarketingCampaigns	Search for findMarketingCampaigns	1
https://searches.org.ai/Findprojects	searches.org.ai	Search	Findprojects	findprojects	findProjects	Search for findProjects	1
https://searches.org.ai/Findsalesleads	searches.org.ai	Search	Findsalesleads	findsalesleads	findSalesLeads	Search for findSalesLeads	1
https://searches.org.ai/EntityItem	searches.org.ai	Search	EntityItem	entity_item	entity_item	Search for entity_item	1
https://searches.org.ai/EntityItems	searches.org.ai	Search	EntityItems	entity_items	entity_items	Search for entity_items	1
https://searches.org.ai/SmartObjectItem	searches.org.ai	Search	SmartObjectItem	smart_object_item	smart_object_item	Search for smart_object_item	1
https://searches.org.ai/SmartObjectItems	searches.org.ai	Search	SmartObjectItems	smart_object_items	smart_object_items	Search for smart_object_items	1
https://searches.org.ai/Findresult	searches.org.ai	Search	Findresult	findresult	findResult	Search for findResult	1
https://searches.org.ai/FindChallengeByID	searches.org.ai	Search	FindChallengeByID	find_challenge_by_id	find_challenge_by_id	Search for find_challenge_by_id	1
https://searches.org.ai/FindEventByID	searches.org.ai	Search	FindEventByID	find_event_by_id	find_event_by_id	Search for find_event_by_id	2
https://searches.org.ai/Getprocessdetails	searches.org.ai	Search	Getprocessdetails	getprocessdetails	getProcessDetails	Search for getProcessDetails	1
https://searches.org.ai/Listprocessfiles	searches.org.ai	Search	Listprocessfiles	listprocessfiles	listProcessFiles	Search for listProcessFiles	1
https://searches.org.ai/Retrievefilecontent	searches.org.ai	Search	Retrievefilecontent	retrievefilecontent	retrieveFileContent	Search for retrieveFileContent	1
https://searches.org.ai/GetQuote	searches.org.ai	Search	GetQuote	get_quote	get_quote	Search for get_quote	2
https://searches.org.ai/GetPotential	searches.org.ai	Search	GetPotential	get_potential	get_potential	Search for get_potential	1
https://searches.org.ai/GetPurchasereturn	searches.org.ai	Search	GetPurchasereturn	get_purchasereturn	get_purchasereturn	Search for get_purchasereturn	1
https://searches.org.ai/GetPurchaseorder	searches.org.ai	Search	GetPurchaseorder	get_purchaseorder	get_purchaseorder	Search for get_purchaseorder	1
https://searches.org.ai/RetrieveBrandForDomain	searches.org.ai	Search	RetrieveBrandForDomain	retrieve_brand_for_domain	retrieve_brand_for_domain	Search for retrieve_brand_for_domain	1
https://searches.org.ai/RetrieveStyleguide	searches.org.ai	Search	RetrieveStyleguide	retrieve_styleguide	retrieve_styleguide	Search for retrieve_styleguide	1
https://searches.org.ai/RetrieveScreenshot	searches.org.ai	Search	RetrieveScreenshot	retrieve_screenshot	retrieve_screenshot	Search for retrieve_screenshot	1
https://searches.org.ai/RetrieveNaics	searches.org.ai	Search	RetrieveNaics	retrieve_naics	retrieve_naics	Search for retrieve_naics	1
https://searches.org.ai/GetPurchaseOrders	searches.org.ai	Search	GetPurchaseOrders	get_purchase_orders	get_purchase_orders	Search for get_purchase_orders	1
https://searches.org.ai/GetSuppliers	searches.org.ai	Search	GetSuppliers	get_suppliers	get_suppliers	Search for get_suppliers	1
https://searches.org.ai/GetReplenishmentRecommendations	searches.org.ai	Search	GetReplenishmentRecommendations	get_replenishment_recommendations	get_replenishment_recommendations	Search for get_replenishment_recommendations	1
https://searches.org.ai/SearchAvailableCourses	searches.org.ai	Search	SearchAvailableCourses	search_available_courses	search_available_courses	Search for search_available_courses	1
https://searches.org.ai/SearchDistributedCourses	searches.org.ai	Search	SearchDistributedCourses	search_distributed_courses	search_distributed_courses	Search for search_distributed_courses	1
https://searches.org.ai/GetMatterid	searches.org.ai	Search	GetMatterid	get_matterid	get_matterId	Search for get_matterId	1
https://searches.org.ai/GetAllmatters	searches.org.ai	Search	GetAllmatters	get_allmatters	get_allMatters	Search for get_allMatters	1
https://searches.org.ai/GetMattersByParticipants	searches.org.ai	Search	GetMattersByParticipants	get_matters_by_participants	get_matters_by_participants	Search for get_matters_by_participants	1
https://searches.org.ai/GetAllUsers	searches.org.ai	Search	GetAllUsers	get_all_users	get_all_users	Search for get_all_users	1
https://searches.org.ai/GetWorkflowByID	searches.org.ai	Search	GetWorkflowByID	get_workflow_by_id	get_workflow_by_id	Search for get_workflow_by_id	1
https://searches.org.ai/GetCurrentWorkspace	searches.org.ai	Search	GetCurrentWorkspace	get_current_workspace	get_current_workspace	Search for get_current_workspace	1
https://searches.org.ai/GetSMSDetails	searches.org.ai	Search	GetSMSDetails	get_sms_details	get_sms_details	Search for get_sms_details	1
https://searches.org.ai/Getwhitelabelusers	searches.org.ai	Search	Getwhitelabelusers	getwhitelabelusers	getWhiteLabelUsers	Search for getWhiteLabelUsers	1
https://searches.org.ai/Getwhitelabeldomains	searches.org.ai	Search	Getwhitelabeldomains	getwhitelabeldomains	getWhiteLabelDomains	Search for getWhiteLabelDomains	1
https://searches.org.ai/Getthreads	searches.org.ai	Search	Getthreads	getthreads	getThreads	Search for getThreads	1
https://searches.org.ai/FindCall	searches.org.ai	Search	FindCall	find_call	find_call	Search for find_call	1
https://searches.org.ai/FindText	searches.org.ai	Search	FindText	find_text	find_text	Search for find_text	1
https://searches.org.ai/FindCaller	searches.org.ai	Search	FindCaller	find_caller	find_caller	Search for find_caller	1
https://searches.org.ai/ProfileID	searches.org.ai	Search	ProfileID	profile_id	profile_id	Search for profile_id	1
https://searches.org.ai/Evidence	searches.org.ai	Search	Evidence	evidence	evidence	Search for evidence	1
https://searches.org.ai/GetCustomFieldValue	searches.org.ai	Search	GetCustomFieldValue	get_custom_field_value	get_custom_field_value	Search for get_custom_field_value	1
https://searches.org.ai/GetList	searches.org.ai	Search	GetList	get_list	get_list	Search for get_list	2
https://searches.org.ai/GetCvContent	searches.org.ai	Search	GetCvContent	get_cv_content	get_cv_content	Search for get_cv_content	1
https://searches.org.ai/GetTestResultDetail	searches.org.ai	Search	GetTestResultDetail	get_test_result_detail	get_test_result_detail	Search for get_test_result_detail	1
https://searches.org.ai/GetClientFileContent	searches.org.ai	Search	GetClientFileContent	get_client_file_content	get_client_file_content	Search for get_client_file_content	1
https://searches.org.ai/GetProgress	searches.org.ai	Search	GetProgress	get_progress	get_progress	Search for get_progress	1
https://searches.org.ai/CaptureScreenshot	searches.org.ai	Search	CaptureScreenshot	capture_screenshot	capture_screenshot	Search for capture_screenshot	1
https://searches.org.ai/LinkPreviewAPI	searches.org.ai	Search	LinkPreviewAPI	link_preview_api	link_preview_api	Search for link_preview_api	1
https://searches.org.ai/ScrapeHTML	searches.org.ai	Search	ScrapeHTML	scrape_html	scrape_html	Search for scrape_html	1
https://searches.org.ai/TestResult	searches.org.ai	Search	TestResult	test_result	test_result	Search for test_result	1
https://searches.org.ai/SearchAbsenceType	searches.org.ai	Search	SearchAbsenceType	search_absence_type	search_absence_type	Search for search_absence_type	1
https://searches.org.ai/SearchAbsence	searches.org.ai	Search	SearchAbsence	search_absence	search_absence	Search for search_absence	1
https://searches.org.ai/FindStore	searches.org.ai	Search	FindStore	find_store	find_store	Search for find_store	1
https://searches.org.ai/Showteam	searches.org.ai	Search	Showteam	showteam	showTeam	Search for showTeam	1
https://searches.org.ai/Showevent	searches.org.ai	Search	Showevent	showevent	showEvent	Search for showEvent	1
https://searches.org.ai/Showcontact	searches.org.ai	Search	Showcontact	showcontact	showContact	Search for showContact	1
https://searches.org.ai/Showcustomfield	searches.org.ai	Search	Showcustomfield	showcustomfield	showCustomField	Search for showCustomField	1
https://searches.org.ai/Showcompany	searches.org.ai	Search	Showcompany	showcompany	showCompany	Search for showCompany	1
https://searches.org.ai/Listteams	searches.org.ai	Search	Listteams	listteams	listTeams	Search for listTeams	1
https://searches.org.ai/Listevents	searches.org.ai	Search	Listevents	listevents	listEvents	Search for listEvents	1
https://searches.org.ai/Listcontacts	searches.org.ai	Search	Listcontacts	listcontacts	listContacts	Search for listContacts	1
https://searches.org.ai/Listeventcontacts	searches.org.ai	Search	Listeventcontacts	listeventcontacts	listEventContacts	Search for listEventContacts	1
https://searches.org.ai/Listcompanycontacts	searches.org.ai	Search	Listcompanycontacts	listcompanycontacts	listCompanyContacts	Search for listCompanyContacts	1
https://searches.org.ai/Listcustomfields	searches.org.ai	Search	Listcustomfields	listcustomfields	listCustomFields	Search for listCustomFields	2
https://searches.org.ai/Listcompanies	searches.org.ai	Search	Listcompanies	listcompanies	listCompanies	Search for listCompanies	1
https://searches.org.ai/Notificationhistory	searches.org.ai	Search	Notificationhistory	notificationhistory	notificationHistory	Search for notificationHistory	1
https://searches.org.ai/Getrequeststatus	searches.org.ai	Search	Getrequeststatus	getrequeststatus	getRequestStatus	Search for getRequestStatus	1
https://searches.org.ai/GetEquipmentList	searches.org.ai	Search	GetEquipmentList	get_equipment_list	get_equipment_list	Search for get_equipment_list	1
https://searches.org.ai/GetTripsList	searches.org.ai	Search	GetTripsList	get_trips_list	get_trips_list	Search for get_trips_list	1
https://searches.org.ai/GetScheduledTaskList	searches.org.ai	Search	GetScheduledTaskList	get_scheduled_task_list	get_scheduled_task_list	Search for get_scheduled_task_list	1
https://searches.org.ai/FindStorageFolder	searches.org.ai	Search	FindStorageFolder	find_storage_folder	find_storage_folder	Search for find_storage_folder	1
https://searches.org.ai/FindStorageFolderAssets	searches.org.ai	Search	FindStorageFolderAssets	find_storage_folder_assets	find_storage_folder_assets	Search for find_storage_folder_assets	1
https://searches.org.ai/Getalltemplates	searches.org.ai	Search	Getalltemplates	getalltemplates	getAllTemplates	Search for getAllTemplates	1
https://searches.org.ai/Gettemplatedata	searches.org.ai	Search	Gettemplatedata	gettemplatedata	getTemplateData	Search for getTemplateData	1
https://searches.org.ai/Findtickettype	searches.org.ai	Search	Findtickettype	findtickettype	FindTicketType	Search for FindTicketType	1
https://searches.org.ai/ContactsFindByEmail	searches.org.ai	Search	ContactsFindByEmail	contacts_find_by_email	contacts_find_by_email	Search for contacts_find_by_email	1
https://searches.org.ai/FindNews	searches.org.ai	Search	FindNews	find_news	find_news	Search for find_news	1
https://searches.org.ai/FindUserattendsevent	searches.org.ai	Search	FindUserattendsevent	find_userattendsevent	find_UserAttendsEvent	Search for find_UserAttendsEvent	1
https://searches.org.ai/FindSettings	searches.org.ai	Search	FindSettings	find_settings	Find_settings	Search for Find_settings	1
https://searches.org.ai/FindSalesQuote	searches.org.ai	Search	FindSalesQuote	find_sales_quote	find_sales_quote	Search for find_sales_quote	1
https://searches.org.ai/FindSalesCredit	searches.org.ai	Search	FindSalesCredit	find_sales_credit	find_sales_credit	Search for find_sales_credit	1
https://searches.org.ai/ComprehensiveReport	searches.org.ai	Search	ComprehensiveReport	comprehensive_report	comprehensive_report	Search for comprehensive_report	1
https://searches.org.ai/ContactByEmail	searches.org.ai	Search	ContactByEmail	contact_by_email	contact_by_email	Search for contact_by_email	1
https://searches.org.ai/ContactsList	searches.org.ai	Search	ContactsList	contacts_list	contacts_list	Search for contacts_list	2
https://searches.org.ai/EntriesList	searches.org.ai	Search	EntriesList	entries_list	entries_list	Search for entries_list	1
https://searches.org.ai/EntryByID	searches.org.ai	Search	EntryByID	entry_by_id	entry_by_id	Search for entry_by_id	1
https://searches.org.ai/GetSegmentContacts	searches.org.ai	Search	GetSegmentContacts	get_segment_contacts	get_segment_contacts	Search for get_segment_contacts	1
https://searches.org.ai/Negotiatorsearch	searches.org.ai	Search	Negotiatorsearch	negotiatorsearch	negotiatorSearch	Search for negotiatorSearch	1
https://searches.org.ai/Agencysearch	searches.org.ai	Search	Agencysearch	agencysearch	agencySearch	Search for agencySearch	1
https://searches.org.ai/Researchsearch	searches.org.ai	Search	Researchsearch	researchsearch	researchSearch	Search for researchSearch	1
https://searches.org.ai/OrganizationDetails	searches.org.ai	Search	OrganizationDetails	organization_details	organization_details	Search for organization_details	1
https://searches.org.ai/SearchEntity	searches.org.ai	Search	SearchEntity	search_entity	search_entity	Search for search_entity	1
https://searches.org.ai/FindGeneratedImage	searches.org.ai	Search	FindGeneratedImage	find_generated_image	find_generated_image	Search for find_generated_image	1
https://searches.org.ai/FindGeneratedVideo	searches.org.ai	Search	FindGeneratedVideo	find_generated_video	find_generated_video	Search for find_generated_video	1
https://searches.org.ai/GetCompaniesCompanyid	searches.org.ai	Search	GetCompaniesCompanyid	get_companies_companyid	get_companies_companyId	Search for get_companies_companyId	1
https://searches.org.ai/GetCompaniesCompanyidLeads	searches.org.ai	Search	GetCompaniesCompanyidLeads	get_companies_companyid_leads	get_companies_companyId_leads	Search for get_companies_companyId_leads	1
https://searches.org.ai/GetCompaniesCompanyidLeadsLeadid	searches.org.ai	Search	GetCompaniesCompanyidLeadsLeadid	get_companies_companyid_leads_leadid	get_companies_companyId_leads_leadId	Search for get_companies_companyId_leads_leadId	1
https://searches.org.ai/GetCompaniesCompanyidProjects	searches.org.ai	Search	GetCompaniesCompanyidProjects	get_companies_companyid_projects	get_companies_companyId_projects	Search for get_companies_companyId_projects	1
https://searches.org.ai/GetCompaniesCompanyidProjectsProjectid	searches.org.ai	Search	GetCompaniesCompanyidProjectsProjectid	get_companies_companyid_projects_projectid	get_companies_companyId_projects_projectId	Search for get_companies_companyId_projects_projectId	1
https://searches.org.ai/GetCompaniesCompanyidContacts	searches.org.ai	Search	GetCompaniesCompanyidContacts	get_companies_companyid_contacts	get_companies_companyId_contacts	Search for get_companies_companyId_contacts	1
https://searches.org.ai/GetCompaniesCompanyidContactsContactid	searches.org.ai	Search	GetCompaniesCompanyidContactsContactid	get_companies_companyid_contacts_contactid	get_companies_companyId_contacts_contactId	Search for get_companies_companyId_contacts_contactId	1
https://searches.org.ai/GetLeadsLeadid	searches.org.ai	Search	GetLeadsLeadid	get_leads_leadid	get_leads_leadId	Search for get_leads_leadId	1
https://searches.org.ai/GetLeadsOverview	searches.org.ai	Search	GetLeadsOverview	get_leads_overview	get_leads_overview	Search for get_leads_overview	1
https://searches.org.ai/GetProjectsProjectid	searches.org.ai	Search	GetProjectsProjectid	get_projects_projectid	get_projects_projectId	Search for get_projects_projectId	1
https://searches.org.ai/GetProjectsOverview	searches.org.ai	Search	GetProjectsOverview	get_projects_overview	get_projects_overview	Search for get_projects_overview	1
https://searches.org.ai/GetContactsContactid	searches.org.ai	Search	GetContactsContactid	get_contacts_contactid	get_contacts_contactId	Search for get_contacts_contactId	1
https://searches.org.ai/GetProjectInfo	searches.org.ai	Search	GetProjectInfo	get_project_info	get_project_info	Search for get_project_info	1
https://searches.org.ai/GetTaskInfo	searches.org.ai	Search	GetTaskInfo	get_task_info	get_task_info	Search for get_task_info	1
https://searches.org.ai/PickProjectTemplate	searches.org.ai	Search	PickProjectTemplate	pick_project_template	pick_project_template	Search for pick_project_template	1
https://searches.org.ai/PickTaskType	searches.org.ai	Search	PickTaskType	pick_task_type	pick_task_type	Search for pick_task_type	1
https://searches.org.ai/Contactsbytag	searches.org.ai	Search	Contactsbytag	contactsbytag	contactsByTag	Search for contactsByTag	1
https://searches.org.ai/Contactfind	searches.org.ai	Search	Contactfind	contactfind	contactFind	Search for contactFind	1
https://searches.org.ai/FindTaskByName	searches.org.ai	Search	FindTaskByName	find_task_by_name	find_task_by_name	Search for find_task_by_name	1
https://searches.org.ai/FindUserByUsername	searches.org.ai	Search	FindUserByUsername	find_user_by_username	find_user_by_username	Search for find_user_by_username	1
https://searches.org.ai/FindObjective	searches.org.ai	Search	FindObjective	find_objective	find_objective	Search for find_objective	2
https://searches.org.ai/FindObjectiveKeyresult	searches.org.ai	Search	FindObjectiveKeyresult	find_objective_keyresult	find_objective_keyresult	Search for find_objective_keyresult	1
https://searches.org.ai/FindAction	searches.org.ai	Search	FindAction	find_action	find_action	Search for find_action	2
https://searches.org.ai/GetSMS	searches.org.ai	Search	GetSMS	get_sms	get_sms	Search for get_sms	1
https://searches.org.ai/GetSpecificAccount	searches.org.ai	Search	GetSpecificAccount	get_specific_account	get_specific_account	Search for get_specific_account	1
https://searches.org.ai/GetSpecificVideo	searches.org.ai	Search	GetSpecificVideo	get_specific_video	get_specific_video	Search for get_specific_video	1
https://searches.org.ai/GetAllVideos	searches.org.ai	Search	GetAllVideos	get_all_videos	get_all_videos	Search for get_all_videos	1
https://searches.org.ai/GetAllAccounts	searches.org.ai	Search	GetAllAccounts	get_all_accounts	get_all_accounts	Search for get_all_accounts	1
https://searches.org.ai/GetPlan	searches.org.ai	Search	GetPlan	get_plan	get_plan	Search for get_plan	1
https://searches.org.ai/GetResourceID	searches.org.ai	Search	GetResourceID	get_resource_id	get_resource_id	Search for get_resource_id	1
https://searches.org.ai/GetPlanTypeGUIDByName	searches.org.ai	Search	GetPlanTypeGUIDByName	get_plan_type_guid_by_name	get_plan_type_guid_by_name	Search for get_plan_type_guid_by_name	1
https://searches.org.ai/ContactFindcreateSearch	searches.org.ai	Search	ContactFindcreateSearch	contact_findcreate_search	contact_FindCreate_Search	Search for contact_FindCreate_Search	1
https://searches.org.ai/Findgroup	searches.org.ai	Search	Findgroup	findgroup	findGroup	Search for findGroup	1
https://searches.org.ai/Findlock	searches.org.ai	Search	Findlock	findlock	findLock	Search for findLock	1
https://searches.org.ai/PerformAreaScanWithAddress	searches.org.ai	Search	PerformAreaScanWithAddress	perform_area_scan_with_address	perform_area_scan_with_address	Search for perform_area_scan_with_address	1
https://searches.org.ai/SalesOrdersGetSalesOrders	searches.org.ai	Search	SalesOrdersGetSalesOrders	sales_orders_get_sales_orders	sales_orders_get_sales_orders	Search for sales_orders_get_sales_orders	1
https://searches.org.ai/AccountsGetAccounts	searches.org.ai	Search	AccountsGetAccounts	accounts_get_accounts	accounts_get_accounts	Search for accounts_get_accounts	1
https://searches.org.ai/MemorySearch	searches.org.ai	Search	MemorySearch	memory_search	memory_search	Search for memory_search	1
https://searches.org.ai/MemoryFind	searches.org.ai	Search	MemoryFind	memory_find	memory_find	Search for memory_find	1
https://searches.org.ai/SearchParts	searches.org.ai	Search	SearchParts	search_parts	search_parts	Search for search_parts	1
https://searches.org.ai/SiteGetUserByID	searches.org.ai	Search	SiteGetUserByID	site_get_user_by_id	SITE_get_user_by_id	Search for SITE_get_user_by_id	1
https://searches.org.ai/SiteSearchShipments	searches.org.ai	Search	SiteSearchShipments	site_search_shipments	SITE_search_shipments	Search for SITE_search_shipments	1
https://searches.org.ai/SiteGetPartBySku	searches.org.ai	Search	SiteGetPartBySku	site_get_part_by_sku	SITE_get_part_by_sku	Search for SITE_get_part_by_sku	1
https://searches.org.ai/SiteSearchOrders	searches.org.ai	Search	SiteSearchOrders	site_search_orders	SITE_search_orders	Search for SITE_search_orders	1
https://searches.org.ai/SiteGetCompanyByID	searches.org.ai	Search	SiteGetCompanyByID	site_get_company_by_id	SITE_get_company_by_id	Search for SITE_get_company_by_id	1
https://searches.org.ai/SearchUsersByKeyword	searches.org.ai	Search	SearchUsersByKeyword	search_users_by_keyword	search_users_by_keyword	Search for search_users_by_keyword	1
https://searches.org.ai/GetBalance	searches.org.ai	Search	GetBalance	get_balance	get_balance	Search for get_balance	2
https://searches.org.ai/WaitForPendingTokenPayment	searches.org.ai	Search	WaitForPendingTokenPayment	wait_for_pending_token_payment	wait_for_pending_token_payment	Search for wait_for_pending_token_payment	1
https://searches.org.ai/FindWorker	searches.org.ai	Search	FindWorker	find_worker	find_worker	Search for find_worker	2
https://searches.org.ai/Worker	searches.org.ai	Search	Worker	worker	worker	Search for worker	1
https://searches.org.ai/Country	searches.org.ai	Search	Country	country	country	Search for country	1
https://searches.org.ai/State	searches.org.ai	Search	State	state	state	Search for state	1
https://searches.org.ai/Attribute	searches.org.ai	Search	Attribute	attribute	attribute	Search for attribute	1
https://searches.org.ai/GetFormSummary	searches.org.ai	Search	GetFormSummary	get_form_summary	get_form_summary	Search for get_form_summary	1
https://searches.org.ai/GetFormRecords	searches.org.ai	Search	GetFormRecords	get_form_records	get_form_records	Search for get_form_records	1
https://searches.org.ai/GetFormRecord	searches.org.ai	Search	GetFormRecord	get_form_record	get_form_record	Search for get_form_record	1
https://searches.org.ai/GetMyProfile	searches.org.ai	Search	GetMyProfile	get_my_profile	get_my_profile	Search for get_my_profile	1
https://searches.org.ai/GetClientByEmail	searches.org.ai	Search	GetClientByEmail	get_client_by_email	get_client_by_email	Search for get_client_by_email	1
https://searches.org.ai/GetKeydateByID	searches.org.ai	Search	GetKeydateByID	get_keydate_by_id	Get_KeyDate_by_id	Search for Get_KeyDate_by_id	1
https://searches.org.ai/GetIdeaByID	searches.org.ai	Search	GetIdeaByID	get_idea_by_id	Get_Idea_by_id	Search for Get_Idea_by_id	1
https://searches.org.ai/Inquirysearch	searches.org.ai	Search	Inquirysearch	inquirysearch	inquirySearch	Search for inquirySearch	1
https://searches.org.ai/Reservationsearch	searches.org.ai	Search	Reservationsearch	reservationsearch	reservationSearch	Search for reservationSearch	1
https://searches.org.ai/InquiryMessagesearch	searches.org.ai	Search	InquiryMessagesearch	inquiry_messagesearch	inquiry_messageSearch	Search for inquiry_messageSearch	1
https://searches.org.ai/TestStatus	searches.org.ai	Search	TestStatus	test_status	test_status	Search for test_status	1
https://searches.org.ai/Searchcalendarevent	searches.org.ai	Search	Searchcalendarevent	searchcalendarevent	SearchCalendarEvent	Search for SearchCalendarEvent	1
https://searches.org.ai/ContactsByName	searches.org.ai	Search	ContactsByName	contacts_by_name	contacts_by_name	Search for contacts_by_name	1
https://searches.org.ai/ContactSitesByAddress	searches.org.ai	Search	ContactSitesByAddress	contact_sites_by_address	contact_sites_by_address	Search for contact_sites_by_address	1
https://searches.org.ai/ActivitiesByName	searches.org.ai	Search	ActivitiesByName	activities_by_name	activities_by_name	Search for activities_by_name	1
https://searches.org.ai/ProjectsByName	searches.org.ai	Search	ProjectsByName	projects_by_name	projects_by_name	Search for projects_by_name	1
https://searches.org.ai/SearchProperties	searches.org.ai	Search	SearchProperties	search_properties	search_properties	Search for search_properties	2
https://searches.org.ai/FindIdeaInBoard	searches.org.ai	Search	FindIdeaInBoard	find_idea_in_board	find_idea_in_board	Search for find_idea_in_board	1
https://searches.org.ai/FindColorInBoard	searches.org.ai	Search	FindColorInBoard	find_color_in_board	find_color_in_board	Search for find_color_in_board	1
https://searches.org.ai/FindDimensionInBoard	searches.org.ai	Search	FindDimensionInBoard	find_dimension_in_board	find_dimension_in_board	Search for find_dimension_in_board	1
https://searches.org.ai/FindCategoryInBoard	searches.org.ai	Search	FindCategoryInBoard	find_category_in_board	find_category_in_board	Search for find_category_in_board	1
https://searches.org.ai/MilstoneSearch	searches.org.ai	Search	MilstoneSearch	milstone_search	milstone_search	Search for milstone_search	1
https://searches.org.ai/TeamSearch	searches.org.ai	Search	TeamSearch	team_search	team_search	Search for team_search	1
https://searches.org.ai/FindCallRecording	searches.org.ai	Search	FindCallRecording	find_call_recording	find_call_recording	Search for find_call_recording	1
https://searches.org.ai/FindVoicemail	searches.org.ai	Search	FindVoicemail	find_voicemail	find_voicemail	Search for find_voicemail	1
https://searches.org.ai/Bug	searches.org.ai	Search	Bug	bug	bug	Search for bug	1
https://searches.org.ai/BugByExternalID	searches.org.ai	Search	BugByExternalID	bug_by_external_id	bug_by_external_id	Search for bug_by_external_id	1
https://searches.org.ai/GetMemberByEmail	searches.org.ai	Search	GetMemberByEmail	get_member_by_email	get_member_by_email	Search for get_member_by_email	1
https://searches.org.ai/FindPDF	searches.org.ai	Search	FindPDF	find_pdf	find_pdf	Search for find_pdf	1
https://searches.org.ai/GetlistCandidates	searches.org.ai	Search	GetlistCandidates	getlist_candidates	GETlist_candidates	Search for GETlist_candidates	2
https://searches.org.ai/GetAProspectContact	searches.org.ai	Search	GetAProspectContact	get_a_prospect_contact	get_a_prospect_contact	Search for get_a_prospect_contact	2
https://searches.org.ai/SearchProspectContact	searches.org.ai	Search	SearchProspectContact	search_prospect_contact	search_prospect_contact	Search for search_prospect_contact	1
https://searches.org.ai/SearchProspectAccount	searches.org.ai	Search	SearchProspectAccount	search_prospect_account	search_prospect_account	Search for search_prospect_account	1
https://searches.org.ai/ActionSearchCustomersByName	searches.org.ai	Search	ActionSearchCustomersByName	action_search_customers_by_name	action_search_customers_by_name	Search for action_search_customers_by_name	1
https://searches.org.ai/GetAJobDescriptor	searches.org.ai	Search	GetAJobDescriptor	get_a_job_descriptor	get_a_job_descriptor	Search for get_a_job_descriptor	1
https://searches.org.ai/FetchConversations	searches.org.ai	Search	FetchConversations	fetch_conversations	fetch_conversations	Search for fetch_conversations	1
https://searches.org.ai/Styleguidesearch	searches.org.ai	Search	Styleguidesearch	styleguidesearch	styleguideSearch	Search for styleguideSearch	1
https://searches.org.ai/GetStructureRun	searches.org.ai	Search	GetStructureRun	get_structure_run	get_structure_run	Search for get_structure_run	1
https://searches.org.ai/GetAssistantRun	searches.org.ai	Search	GetAssistantRun	get_assistant_run	get_assistant_run	Search for get_assistant_run	1
https://searches.org.ai/PartnerUserBucketSearch	searches.org.ai	Search	PartnerUserBucketSearch	partner_user_bucket_search	partner_user_bucket_search	Search for partner_user_bucket_search	1
https://searches.org.ai/BucketSearch	searches.org.ai	Search	BucketSearch	bucket_search	bucket_search	Search for bucket_search	1
https://searches.org.ai/PartnerUserSearch	searches.org.ai	Search	PartnerUserSearch	partner_user_search	partner_user_search	Search for partner_user_search	1
https://searches.org.ai/Artistsearch	searches.org.ai	Search	Artistsearch	artistsearch	artistSearch	Search for artistSearch	1
https://searches.org.ai/RainOrSnowSearch	searches.org.ai	Search	RainOrSnowSearch	rain_or_snow_search	rain_or_snow_search	Search for rain_or_snow_search	1
https://searches.org.ai/AlertSearch	searches.org.ai	Search	AlertSearch	alert_search	alert_search	Search for alert_search	1
https://searches.org.ai/ForecastSearch	searches.org.ai	Search	ForecastSearch	forecast_search	forecast_search	Search for forecast_search	1
https://searches.org.ai/ObsSearch	searches.org.ai	Search	ObsSearch	obs_search	obs_search	Search for obs_search	1
https://searches.org.ai/GetSingleDelivery	searches.org.ai	Search	GetSingleDelivery	get_single_delivery	get_single_delivery	Search for get_single_delivery	1
https://searches.org.ai/CountFilteredSubscribers	searches.org.ai	Search	CountFilteredSubscribers	count_filtered_subscribers	count_filtered_subscribers	Search for count_filtered_subscribers	1
https://searches.org.ai/CountSubscribers	searches.org.ai	Search	CountSubscribers	count_subscribers	count_subscribers	Search for count_subscribers	1
https://searches.org.ai/ListSegments	searches.org.ai	Search	ListSegments	list_segments	list_segments	Search for list_segments	1
https://searches.org.ai/GetSegmentByID	searches.org.ai	Search	GetSegmentByID	get_segment_by_id	get_segment_by_id	Search for get_segment_by_id	1
https://searches.org.ai/FindSubscriberByEmail	searches.org.ai	Search	FindSubscriberByEmail	find_subscriber_by_email	find_subscriber_by_email	Search for find_subscriber_by_email	1
https://searches.org.ai/ListSubscribers	searches.org.ai	Search	ListSubscribers	list_subscribers	list_subscribers	Search for list_subscribers	1
https://searches.org.ai/ListFilteredSubscribers	searches.org.ai	Search	ListFilteredSubscribers	list_filtered_subscribers	list_filtered_subscribers	Search for list_filtered_subscribers	1
https://searches.org.ai/ListFieldTypes	searches.org.ai	Search	ListFieldTypes	list_field_types	list_field_types	Search for list_field_types	1
https://searches.org.ai/ListTags	searches.org.ai	Search	ListTags	list_tags	list_tags	Search for list_tags	1
https://searches.org.ai/GetSubscriberByID	searches.org.ai	Search	GetSubscriberByID	get_subscriber_by_id	get_subscriber_by_id	Search for get_subscriber_by_id	1
https://searches.org.ai/FindDomain	searches.org.ai	Search	FindDomain	find_domain	find_domain	Search for find_domain	1
https://searches.org.ai/ContactAppend	searches.org.ai	Search	ContactAppend	contact_append	contact_append	Search for contact_append	2
https://searches.org.ai/DemographicAppend	searches.org.ai	Search	DemographicAppend	demographic_append	demographic_append	Search for demographic_append	1
https://searches.org.ai/FirmographicAppend	searches.org.ai	Search	FirmographicAppend	firmographic_append	firmographic_append	Search for firmographic_append	1
https://searches.org.ai/C2bAppend	searches.org.ai	Search	C2bAppend	c2b_append	c2b_append	Search for c2b_append	1
https://searches.org.ai/ConsumerOnlineAudienceAppend	searches.org.ai	Search	ConsumerOnlineAudienceAppend	consumer_online_audience_append	consumer_online_audience_append	Search for consumer_online_audience_append	1
https://searches.org.ai/BusinessOnlineAudienceAppend	searches.org.ai	Search	BusinessOnlineAudienceAppend	business_online_audience_append	business_online_audience_append	Search for business_online_audience_append	1
https://searches.org.ai/Hemtobusinessdomain	searches.org.ai	Search	Hemtobusinessdomain	hemtobusinessdomain	hemtobusinessdomain	Search for hemtobusinessdomain	1
https://searches.org.ai/Case	searches.org.ai	Search	Case	case	case	Search for case	2
https://searches.org.ai/Custom	searches.org.ai	Search	Custom	custom	custom	Search for custom	1
https://searches.org.ai/Opportunity	searches.org.ai	Search	Opportunity	opportunity	opportunity	Search for opportunity	1
https://searches.org.ai/CustomQuery	searches.org.ai	Search	CustomQuery	custom_query	custom_query	Search for custom_query	1
https://searches.org.ai/FindBarByTitle	searches.org.ai	Search	FindBarByTitle	find_bar_by_title	find_bar_by_title	Search for find_bar_by_title	1
https://searches.org.ai/Socials	searches.org.ai	Search	Socials	socials	socials	Search for socials	1
https://searches.org.ai/Contributorsearch	searches.org.ai	Search	Contributorsearch	contributorsearch	contributorSearch	Search for contributorSearch	1
https://searches.org.ai/FindInsightByExternalID	searches.org.ai	Search	FindInsightByExternalID	find_insight_by_external_id	find_insight_by_external_id	Search for find_insight_by_external_id	1
https://searches.org.ai/FindInsightByInsightID	searches.org.ai	Search	FindInsightByInsightID	find_insight_by_insight_id	find_insight_by_insight_id	Search for find_insight_by_insight_id	1
https://searches.org.ai/Transactionsretrieve	searches.org.ai	Search	Transactionsretrieve	transactionsretrieve	transactionsRetrieve	Search for transactionsRetrieve	1
https://searches.org.ai/Transactionretrieve	searches.org.ai	Search	Transactionretrieve	transactionretrieve	transactionRetrieve	Search for transactionRetrieve	1
https://searches.org.ai/Gatewayretrieve	searches.org.ai	Search	Gatewayretrieve	gatewayretrieve	gatewayRetrieve	Search for gatewayRetrieve	1
https://searches.org.ai/Paylinkretrieve	searches.org.ai	Search	Paylinkretrieve	paylinkretrieve	paylinkRetrieve	Search for paylinkRetrieve	1
https://searches.org.ai/Payoutretrievedetails	searches.org.ai	Search	Payoutretrievedetails	payoutretrievedetails	payoutRetrieveDetails	Search for payoutRetrieveDetails	1
https://searches.org.ai/Payoutretrieve	searches.org.ai	Search	Payoutretrieve	payoutretrieve	payoutRetrieve	Search for payoutRetrieve	1
https://searches.org.ai/Qrcoderetrieve	searches.org.ai	Search	Qrcoderetrieve	qrcoderetrieve	qrCodeRetrieve	Search for qrCodeRetrieve	1
https://searches.org.ai/Invoiceretrieve	searches.org.ai	Search	Invoiceretrieve	invoiceretrieve	invoiceRetrieve	Search for invoiceRetrieve	1
https://searches.org.ai/SearchLinks	searches.org.ai	Search	SearchLinks	search_links	search_links	Search for search_links	1
https://searches.org.ai/FindKey	searches.org.ai	Search	FindKey	find_key	find_key	Search for find_key	1
https://searches.org.ai/Findgoal	searches.org.ai	Search	Findgoal	findgoal	findGoal	Search for findGoal	1
https://searches.org.ai/OtrRate	searches.org.ai	Search	OtrRate	otr-rate	otr-rate	Search for otr-rate	1
https://searches.org.ai/DrayageRate	searches.org.ai	Search	DrayageRate	drayage_rate	drayage_rate	Search for drayage_rate	1
https://searches.org.ai/SFindLabel	searches.org.ai	Search	SFindLabel	s_find_label	s_find_label	Search for s_find_label	1
https://searches.org.ai/SFindPeople	searches.org.ai	Search	SFindPeople	s_find_people	s_find_people	Search for s_find_people	1
https://searches.org.ai/OmnishareTableSearch	searches.org.ai	Search	OmnishareTableSearch	omnishare_table_search	omnishare_table_search	Search for omnishare_table_search	1
https://searches.org.ai/GetAllTableRows	searches.org.ai	Search	GetAllTableRows	get_all_table_rows	get_all_table_rows	Search for get_all_table_rows	1
https://searches.org.ai/Getdocuments	searches.org.ai	Search	Getdocuments	getdocuments	getDocuments	Search for getDocuments	1
https://searches.org.ai/Getdocument	searches.org.ai	Search	Getdocument	getdocument	getDocument	Search for getDocument	1
https://searches.org.ai/Gettags	searches.org.ai	Search	Gettags	gettags	getTags	Search for getTags	1
https://searches.org.ai/Gettag	searches.org.ai	Search	Gettag	gettag	getTag	Search for getTag	1
https://searches.org.ai/Getnotes	searches.org.ai	Search	Getnotes	getnotes	getNotes	Search for getNotes	1
https://searches.org.ai/Getnote	searches.org.ai	Search	Getnote	getnote	getNote	Search for getNote	1
https://searches.org.ai/Getpayments	searches.org.ai	Search	Getpayments	getpayments	getPayments	Search for getPayments	1
https://searches.org.ai/Getpayment	searches.org.ai	Search	Getpayment	getpayment	getPayment	Search for getPayment	1
https://searches.org.ai/Getpaymentmethods	searches.org.ai	Search	Getpaymentmethods	getpaymentmethods	getPaymentMethods	Search for getPaymentMethods	1
https://searches.org.ai/Getclients	searches.org.ai	Search	Getclients	getclients	getClients	Search for getClients	1
https://searches.org.ai/Getclient	searches.org.ai	Search	Getclient	getclient	getClient	Search for getClient	1
https://searches.org.ai/Getclienttaxid	searches.org.ai	Search	Getclienttaxid	getclienttaxid	getClientTaxId	Search for getClientTaxId	1
https://searches.org.ai/Getclientexternalid	searches.org.ai	Search	Getclientexternalid	getclientexternalid	getClientExternalId	Search for getClientExternalId	1
https://searches.org.ai/Getcontacts	searches.org.ai	Search	Getcontacts	getcontacts	getContacts	Search for getContacts	2
https://searches.org.ai/Getcontacttypes	searches.org.ai	Search	Getcontacttypes	getcontacttypes	getContactTypes	Search for getContactTypes	1
https://searches.org.ai/FindStream	searches.org.ai	Search	FindStream	find_stream	find_stream	Search for find_stream	1
https://searches.org.ai/GetDescription	searches.org.ai	Search	GetDescription	get_description	get_description	Search for get_description	1
https://searches.org.ai/GetCustomSkills	searches.org.ai	Search	GetCustomSkills	get_custom_skills	get_custom_skills	Search for get_custom_skills	1
https://searches.org.ai/GetAnswer	searches.org.ai	Search	GetAnswer	get_answer	get_answer	Search for get_answer	1
https://searches.org.ai/Findsprint	searches.org.ai	Search	Findsprint	findsprint	findsprint	Search for findsprint	1
https://searches.org.ai/Searchfile	searches.org.ai	Search	Searchfile	searchfile	searchFile	Search for searchFile	2
https://searches.org.ai/GetBalances	searches.org.ai	Search	GetBalances	get_balances	get_balances	Search for get_balances	1
https://searches.org.ai/PartnerRecordsSearchByRecordTypeAndID	searches.org.ai	Search	PartnerRecordsSearchByRecordTypeAndID	partner_records_search_by_record_type_and_id	partner_records_search_by_record_type_and_id	Search for partner_records_search_by_record_type_and_id	1
https://searches.org.ai/RecordSearchByEmail	searches.org.ai	Search	RecordSearchByEmail	record_search_by_email	record_search_by_email	Search for record_search_by_email	1
https://searches.org.ai/RecordsSearchByDomain	searches.org.ai	Search	RecordsSearchByDomain	records_search_by_domain	records_search_by_domain	Search for records_search_by_domain	1
https://searches.org.ai/GetOverlapsFromReport	searches.org.ai	Search	GetOverlapsFromReport	get_overlaps_from_report	get_overlaps_from_report	Search for get_overlaps_from_report	1
https://searches.org.ai/RecordsSearchByID	searches.org.ai	Search	RecordsSearchByID	records_search_by_id	records_search_by_id	Search for records_search_by_id	1
https://searches.org.ai/GetEmailSearchResults	searches.org.ai	Search	GetEmailSearchResults	get_email_search_results	get_email_search_results	Search for get_email_search_results	1
https://searches.org.ai/GetProfileEnrichmentResults	searches.org.ai	Search	GetProfileEnrichmentResults	get_profile_enrichment_results	get_profile_enrichment_results	Search for get_profile_enrichment_results	1
https://searches.org.ai/GetJobSearchResults	searches.org.ai	Search	GetJobSearchResults	get_job_search_results	get_job_search_results	Search for get_job_search_results	1
https://searches.org.ai/GetCompanyEnrichmentResults	searches.org.ai	Search	GetCompanyEnrichmentResults	get_company_enrichment_results	get_company_enrichment_results	Search for get_company_enrichment_results	1
https://searches.org.ai/GetProfileSearchResults	searches.org.ai	Search	GetProfileSearchResults	get_profile_search_results	get_profile_search_results	Search for get_profile_search_results	1
https://searches.org.ai/GetEmailResolutionResults	searches.org.ai	Search	GetEmailResolutionResults	get_email_resolution_results	get_email_resolution_results	Search for get_email_resolution_results	1
https://searches.org.ai/GetEmailScoutSearchResults	searches.org.ai	Search	GetEmailScoutSearchResults	get_email_scout_search_results	get_email_scout_search_results	Search for get_email_scout_search_results	1
https://searches.org.ai/GetSalesNavigatorPeopleSearchResults	searches.org.ai	Search	GetSalesNavigatorPeopleSearchResults	get_sales_navigator_people_search_results	get_sales_navigator_people_search_results	Search for get_sales_navigator_people_search_results	1
https://searches.org.ai/GetSalesNavigatorCompanySearchResults	searches.org.ai	Search	GetSalesNavigatorCompanySearchResults	get_sales_navigator_company_search_results	get_sales_navigator_company_search_results	Search for get_sales_navigator_company_search_results	1
https://searches.org.ai/GetEmailProbeSearchResults	searches.org.ai	Search	GetEmailProbeSearchResults	get_email_probe_search_results	get_email_probe_search_results	Search for get_email_probe_search_results	1
https://searches.org.ai/FindRegistrant	searches.org.ai	Search	FindRegistrant	find_registrant	find_registrant	Search for find_registrant	1
https://searches.org.ai/FindRecentByEmail	searches.org.ai	Search	FindRecentByEmail	find_recent_by_email	find_recent_by_email	Search for find_recent_by_email	1
https://searches.org.ai/FindDocByTitle	searches.org.ai	Search	FindDocByTitle	find_doc_by_title	find_doc_by_title	Search for find_doc_by_title	1
https://searches.org.ai/FindTemplateLinkByName	searches.org.ai	Search	FindTemplateLinkByName	find_template_link_by_name	find_template_link_by_name	Search for find_template_link_by_name	1
https://searches.org.ai/FindTemplateByTitle	searches.org.ai	Search	FindTemplateByTitle	find_template_by_title	find_template_by_title	Search for find_template_by_title	1
https://searches.org.ai/Referrer	searches.org.ai	Search	Referrer	referrer	referrer	Search for referrer	1
https://searches.org.ai/GetStats	searches.org.ai	Search	GetStats	get_stats	get_stats	Search for get_stats	1
https://searches.org.ai/GetPosts	searches.org.ai	Search	GetPosts	get_posts	get_posts	Search for get_posts	2
https://searches.org.ai/ProcessGetDataAction	searches.org.ai	Search	ProcessGetDataAction	process_get_data_action	process_get_data_action	Search for process_get_data_action	1
https://searches.org.ai/RetrieveEventByID	searches.org.ai	Search	RetrieveEventByID	retrieve_event_by_id	retrieve_event_by_id	Search for retrieve_event_by_id	1
https://searches.org.ai/RetrieveTaskByID	searches.org.ai	Search	RetrieveTaskByID	retrieve_task_by_id	retrieve_task_by_id	Search for retrieve_task_by_id	1
https://searches.org.ai/FindTasks	searches.org.ai	Search	FindTasks	find_tasks	find_tasks	Search for find_tasks	1
https://searches.org.ai/FindEventCosts	searches.org.ai	Search	FindEventCosts	find_event_costs	find_event_costs	Search for find_event_costs	1
https://searches.org.ai/FindMiscellaneousAnnualExpenses	searches.org.ai	Search	FindMiscellaneousAnnualExpenses	find_miscellaneous_annual_expenses	find_miscellaneous_annual_expenses	Search for find_miscellaneous_annual_expenses	1
https://searches.org.ai/ListPassLocations	searches.org.ai	Search	ListPassLocations	list_pass_locations	list_pass_locations	Search for list_pass_locations	1
https://searches.org.ai/ListNotifications	searches.org.ai	Search	ListNotifications	list_notifications	list_notifications	Search for list_notifications	1
https://searches.org.ai/ListPasses	searches.org.ai	Search	ListPasses	list_passes	list_passes	Search for list_passes	1
https://searches.org.ai/FindComment	searches.org.ai	Search	FindComment	find_comment	find_comment	Search for find_comment	3
https://searches.org.ai/LookupTable	searches.org.ai	Search	LookupTable	lookup_table	lookup_table	Search for lookup_table	1
https://searches.org.ai/GetOutputFile	searches.org.ai	Search	GetOutputFile	get_output_file	get_output_file	Search for get_output_file	1
https://searches.org.ai/SearchInout	searches.org.ai	Search	SearchInout	search_inout	search_inout	Search for search_inout	1
https://searches.org.ai/SearchStats	searches.org.ai	Search	SearchStats	search_stats	search_stats	Search for search_stats	1
https://searches.org.ai/FindUdoCharacteristicsByEmail	searches.org.ai	Search	FindUdoCharacteristicsByEmail	find_udo_characteristics_by_email	find_udo_characteristics_by_email	Search for find_udo_characteristics_by_email	1
https://searches.org.ai/FindUdoCharacteristicsByAddress	searches.org.ai	Search	FindUdoCharacteristicsByAddress	find_udo_characteristics_by_address	find_udo_characteristics_by_address	Search for find_udo_characteristics_by_address	1
https://searches.org.ai/FindMailsForForeignEmailProvider	searches.org.ai	Search	FindMailsForForeignEmailProvider	find_mails_for_foreign_email_provider	find_mails_for_foreign_email_provider	Search for find_mails_for_foreign_email_provider	1
https://searches.org.ai/ProfilAuswahl	searches.org.ai	Search	ProfilAuswahl	profil_auswahl	profil_auswahl	Search for profil_auswahl	1
https://searches.org.ai/GetModelFields	searches.org.ai	Search	GetModelFields	get_model_fields	get_model_fields	Search for get_model_fields	1
https://searches.org.ai/GetCase	searches.org.ai	Search	GetCase	get_case	get_case	Search for get_case	1
https://searches.org.ai/FindAContact	searches.org.ai	Search	FindAContact	find_a_contact	find_a_contact	Search for find_a_contact	2
https://searches.org.ai/TrackPacakge	searches.org.ai	Search	TrackPacakge	track_pacakge	track_pacakge	Search for track_pacakge	1
https://searches.org.ai/DeliveredPackagesToday	searches.org.ai	Search	DeliveredPackagesToday	delivered_packages_today	delivered_packages_today	Search for delivered_packages_today	1
https://searches.org.ai/CanceledPackagesToday	searches.org.ai	Search	CanceledPackagesToday	canceled_packages_today	canceled_packages_today	Search for canceled_packages_today	1
https://searches.org.ai/RetrievedPackagesToday	searches.org.ai	Search	RetrievedPackagesToday	retrieved_packages_today	retrieved_packages_today	Search for retrieved_packages_today	1
https://searches.org.ai/FindSpyderBrands	searches.org.ai	Search	FindSpyderBrands	find_spyder_brands	find_spyder_brands	Search for find_spyder_brands	1
https://searches.org.ai/FindSwipefileAds	searches.org.ai	Search	FindSwipefileAds	find_swipefile_ads	find_swipefile_ads	Search for find_swipefile_ads	1
https://searches.org.ai/FindBoardBrands	searches.org.ai	Search	FindBoardBrands	find_board_brands	find_board_brands	Search for find_board_brands	1
https://searches.org.ai/FindBoardAds	searches.org.ai	Search	FindBoardAds	find_board_ads	find_board_ads	Search for find_board_ads	1
https://searches.org.ai/FindSpyderBrand	searches.org.ai	Search	FindSpyderBrand	find_spyder_brand	find_spyder_brand	Search for find_spyder_brand	1
https://searches.org.ai/FindSpyderBrandAds	searches.org.ai	Search	FindSpyderBrandAds	find_spyder_brand_ads	find_spyder_brand_ads	Search for find_spyder_brand_ads	1
https://searches.org.ai/FindAdByID	searches.org.ai	Search	FindAdByID	find_ad_by_id	find_ad_by_id	Search for find_ad_by_id	1
https://searches.org.ai/FindBrandAdsByBrandID	searches.org.ai	Search	FindBrandAdsByBrandID	find_brand_ads_by_brand_id	find_brand_ads_by_brand_id	Search for find_brand_ads_by_brand_id	1
https://searches.org.ai/FindBrandAdsByPageID	searches.org.ai	Search	FindBrandAdsByPageID	find_brand_ads_by_page_id	find_brand_ads_by_page_id	Search for find_brand_ads_by_page_id	1
https://searches.org.ai/FindBrandsByDomain	searches.org.ai	Search	FindBrandsByDomain	find_brands_by_domain	find_brands_by_domain	Search for find_brands_by_domain	1
https://searches.org.ai/FindBrandAnalytics	searches.org.ai	Search	FindBrandAnalytics	find_brand_analytics	find_brand_analytics	Search for find_brand_analytics	1
https://searches.org.ai/FindDiscoveryAds	searches.org.ai	Search	FindDiscoveryAds	find_discovery_ads	find_discovery_ads	Search for find_discovery_ads	1
https://searches.org.ai/SearchDiscoveryBrands	searches.org.ai	Search	SearchDiscoveryBrands	search_discovery_brands	search_discovery_brands	Search for search_discovery_brands	1
https://searches.org.ai/FindUserUsage	searches.org.ai	Search	FindUserUsage	find_user_usage	find_user_usage	Search for find_user_usage	1
https://searches.org.ai/GetAction	searches.org.ai	Search	GetAction	get_action	get_action	Search for get_action	1
https://searches.org.ai/GetDecision	searches.org.ai	Search	GetDecision	get_decision	get_decision	Search for get_decision	1
https://searches.org.ai/GetRisk	searches.org.ai	Search	GetRisk	get_risk	get_risk	Search for get_risk	1
https://searches.org.ai/SearchAction	searches.org.ai	Search	SearchAction	search_action	search_action	Search for search_action	1
https://searches.org.ai/SearchDecision	searches.org.ai	Search	SearchDecision	search_decision	search_decision	Search for search_decision	1
https://searches.org.ai/SearchIssue	searches.org.ai	Search	SearchIssue	search_issue	search_issue	Search for search_issue	1
https://searches.org.ai/SearchRisk	searches.org.ai	Search	SearchRisk	search_risk	search_risk	Search for search_risk	1
https://searches.org.ai/Findscreen	searches.org.ai	Search	Findscreen	findscreen	findScreen	Search for findScreen	1
https://searches.org.ai/Findworkflowstatus	searches.org.ai	Search	Findworkflowstatus	findworkflowstatus	findWorkflowStatus	Search for findWorkflowStatus	1
https://searches.org.ai/FetchEntity	searches.org.ai	Search	FetchEntity	fetch_entity	fetch_entity	Search for fetch_entity	1
https://searches.org.ai/FetchEntities	searches.org.ai	Search	FetchEntities	fetch_entities	fetch_entities	Search for fetch_entities	1
https://searches.org.ai/FetchEntityTypes	searches.org.ai	Search	FetchEntityTypes	fetch_entity_types	fetch_entity_types	Search for fetch_entity_types	1
https://searches.org.ai/FetchEntityType	searches.org.ai	Search	FetchEntityType	fetch_entity_type	fetch_entity_type	Search for fetch_entity_type	1
https://searches.org.ai/GetProjectCollectionMetadata	searches.org.ai	Search	GetProjectCollectionMetadata	get_project_collection_metadata	get_project_collection_metadata	Search for get_project_collection_metadata	1
https://searches.org.ai/GetProjectUser	searches.org.ai	Search	GetProjectUser	get_project_user	get_project_user	Search for get_project_user	1
https://searches.org.ai/ListTokensByAddress	searches.org.ai	Search	ListTokensByAddress	list_tokens_by_address	list_tokens_by_address	Search for list_tokens_by_address	1
https://searches.org.ai/FindCollection	searches.org.ai	Search	FindCollection	find_collection	find_collection	Search for find_collection	1
https://searches.org.ai/GetElement	searches.org.ai	Search	GetElement	get_element	get_element	Search for get_element	1
https://searches.org.ai/FindElement	searches.org.ai	Search	FindElement	find_element	find_element	Search for find_element	1
https://searches.org.ai/GetElementStatus	searches.org.ai	Search	GetElementStatus	get_element_status	get_element_status	Search for get_element_status	1
https://searches.org.ai/GetMeasureData	searches.org.ai	Search	GetMeasureData	get_measure_data	get_measure_data	Search for get_measure_data	1
https://searches.org.ai/ListElements	searches.org.ai	Search	ListElements	list_elements	list_elements	Search for list_elements	1
https://searches.org.ai/GetCustomFieldData	searches.org.ai	Search	GetCustomFieldData	get_custom_field_data	get_custom_field_data	Search for get_custom_field_data	1
https://searches.org.ai/FindExportedProject	searches.org.ai	Search	FindExportedProject	find_exported_project	find_exported_project	Search for find_exported_project	1
https://searches.org.ai/GetPortalStages	searches.org.ai	Search	GetPortalStages	get_portal_stages	get_portal_stages	Search for get_portal_stages	1
https://searches.org.ai/GetContactList	searches.org.ai	Search	GetContactList	get_contact_list	get_contact_list	Search for get_contact_list	2
https://searches.org.ai/FindRsvpTemplate	searches.org.ai	Search	FindRsvpTemplate	find_rsvp_template	find_rsvp_template	Search for find_rsvp_template	1
https://searches.org.ai/FindLandingpage	searches.org.ai	Search	FindLandingpage	find_landingpage	find_landingpage	Search for find_landingpage	1
https://searches.org.ai/GetIcs	searches.org.ai	Search	GetIcs	get_ics	get_ics	Search for get_ics	1
https://searches.org.ai/SearchCustomProducts	searches.org.ai	Search	SearchCustomProducts	search_custom_products	search_custom_products	Search for search_custom_products	1
https://searches.org.ai/FindCustomProductVariantBySize	searches.org.ai	Search	FindCustomProductVariantBySize	find_custom_product_variant_by_size	find_custom_product_variant_by_size	Search for find_custom_product_variant_by_size	1
https://searches.org.ai/FindDailyLogByID	searches.org.ai	Search	FindDailyLogByID	find_daily_log_by_id	find_daily_log_by_id	Search for find_daily_log_by_id	1
https://searches.org.ai/FindDailyLogByStatus	searches.org.ai	Search	FindDailyLogByStatus	find_daily_log_by_status	find_daily_log_by_status	Search for find_daily_log_by_status	1
https://searches.org.ai/FindDailyLogByTeam	searches.org.ai	Search	FindDailyLogByTeam	find_daily_log_by_team	find_daily_log_by_team	Search for find_daily_log_by_team	1
https://searches.org.ai/FindDailyLogByTeamLeaderID	searches.org.ai	Search	FindDailyLogByTeamLeaderID	find_daily_log_by_team_leader_id	find_daily_log_by_team_leader_id	Search for find_daily_log_by_team_leader_id	1
https://searches.org.ai/FindEmployeeByID	searches.org.ai	Search	FindEmployeeByID	find_employee_by_id	find_employee_by_id	Search for find_employee_by_id	1
https://searches.org.ai/FindEmployeeByTeamID	searches.org.ai	Search	FindEmployeeByTeamID	find_employee_by_team_id	find_employee_by_team_id	Search for find_employee_by_team_id	1
https://searches.org.ai/FindTeamByID	searches.org.ai	Search	FindTeamByID	find_team_by_id	find_team_by_id	Search for find_team_by_id	2
https://searches.org.ai/FindTeamByTeamLeaderID	searches.org.ai	Search	FindTeamByTeamLeaderID	find_team_by_team_leader_id	find_team_by_team_leader_id	Search for find_team_by_team_leader_id	1
https://searches.org.ai/Equipmentsearch	searches.org.ai	Search	Equipmentsearch	equipmentsearch	equipmentSearch	Search for equipmentSearch	1
https://searches.org.ai/FindEmployeeByOccupationID	searches.org.ai	Search	FindEmployeeByOccupationID	find_employee_by_occupation_id	find_employee_by_occupation_id	Search for find_employee_by_occupation_id	1
https://searches.org.ai/FindDailyLogByTeamAndDate	searches.org.ai	Search	FindDailyLogByTeamAndDate	find_daily_log_by_team_and_date	find_daily_log_by_team_and_date	Search for find_daily_log_by_team_and_date	1
https://searches.org.ai/CheckProjectIsInDailyLog	searches.org.ai	Search	CheckProjectIsInDailyLog	check_project_is_in_daily_log	check_project_is_in_daily_log	Search for check_project_is_in_daily_log	1
https://searches.org.ai/FindJobByDailyLogTask	searches.org.ai	Search	FindJobByDailyLogTask	find_job_by_daily_log_task	find_job_by_daily_log_task	Search for find_job_by_daily_log_task	1
https://searches.org.ai/FindDailyLogEmployeeByID	searches.org.ai	Search	FindDailyLogEmployeeByID	find_daily_log_employee_by_id	find_daily_log_employee_by_id	Search for find_daily_log_employee_by_id	1
https://searches.org.ai/FindDailyLogEquipmentByID	searches.org.ai	Search	FindDailyLogEquipmentByID	find_daily_log_equipment_by_id	find_daily_log_equipment_by_id	Search for find_daily_log_equipment_by_id	1
https://searches.org.ai/FindDailyLogProjectByID	searches.org.ai	Search	FindDailyLogProjectByID	find_daily_log_project_by_id	find_daily_log_project_by_id	Search for find_daily_log_project_by_id	1
https://searches.org.ai/FindOrganizationByName	searches.org.ai	Search	FindOrganizationByName	find_organization_by_name	find_organization_by_name	Search for find_organization_by_name	1
https://searches.org.ai/FindIndividualsByEmail	searches.org.ai	Search	FindIndividualsByEmail	find_individuals_by_email	find_individuals_by_email	Search for find_individuals_by_email	1
https://searches.org.ai/FindOrganisationsByName	searches.org.ai	Search	FindOrganisationsByName	find_organisations_by_name	find_organisations_by_name	Search for find_organisations_by_name	1
https://searches.org.ai/FindContactCustomConnection	searches.org.ai	Search	FindContactCustomConnection	find_contact_custom_connection	find_contact_custom_connection	Search for find_contact_custom_connection	1
https://searches.org.ai/FindContactsByID	searches.org.ai	Search	FindContactsByID	find_contacts_by_id	find_contacts_by_id	Search for find_contacts_by_id	1
https://searches.org.ai/FindModuleByID	searches.org.ai	Search	FindModuleByID	find_module_by_id	find_module_by_id	Search for find_module_by_id	1
https://searches.org.ai/FindModuleFile	searches.org.ai	Search	FindModuleFile	find_module_file	find_module_file	Search for find_module_file	1
https://searches.org.ai/GetRequest	searches.org.ai	Search	GetRequest	get_request	get_request	Search for get_request	1
https://searches.org.ai/GetReturn	searches.org.ai	Search	GetReturn	get_return	get_return	Search for get_return	1
https://searches.org.ai/ListReturns	searches.org.ai	Search	ListReturns	list_returns	list_returns	Search for list_returns	1
https://searches.org.ai/GetSegment	searches.org.ai	Search	GetSegment	get_segment	get_segment	Search for get_segment	2
https://searches.org.ai/FindClientInCRM	searches.org.ai	Search	FindClientInCRM	find_client_in_crm	find_client_in_crm	Search for find_client_in_crm	1
https://searches.org.ai/GetClientInCRM	searches.org.ai	Search	GetClientInCRM	get_client_in_crm	get_client_in_crm	Search for get_client_in_crm	1
https://searches.org.ai/FindNextFreeslots	searches.org.ai	Search	FindNextFreeslots	find_next_freeslots	find_next_freeslots	Search for find_next_freeslots	1
https://searches.org.ai/FindsInvoice	searches.org.ai	Search	FindsInvoice	finds_invoice	finds_invoice	Search for finds_invoice	1
https://searches.org.ai/FindCatalogTax	searches.org.ai	Search	FindCatalogTax	find_catalog_tax	find_catalog_tax	Search for find_catalog_tax	1
https://searches.org.ai/FindCatalogItem	searches.org.ai	Search	FindCatalogItem	find_catalog_item	find_catalog_item	Search for find_catalog_item	1
https://searches.org.ai/FindCatalogServicecharge	searches.org.ai	Search	FindCatalogServicecharge	find_catalog_servicecharge	find_catalog_serviceCharge	Search for find_catalog_serviceCharge	1
https://searches.org.ai/FindCatalogCategory	searches.org.ai	Search	FindCatalogCategory	find_catalog_category	find_catalog_category	Search for find_catalog_category	1
https://searches.org.ai/Searchfolder	searches.org.ai	Search	Searchfolder	searchfolder	searchFolder	Search for searchFolder	1
https://searches.org.ai/RunWqlQuery	searches.org.ai	Search	RunWqlQuery	run_wql_query	run_wql_query	Search for run_wql_query	1
https://searches.org.ai/Trip	searches.org.ai	Search	Trip	trip	trip	Search for trip	1
https://searches.org.ai/SupplierProduct	searches.org.ai	Search	SupplierProduct	supplier_product	supplier_product	Search for supplier_product	1
https://searches.org.ai/SupplierPrice	searches.org.ai	Search	SupplierPrice	supplier_price	supplier_price	Search for supplier_price	1
https://searches.org.ai/Passsearch	searches.org.ai	Search	Passsearch	passsearch	passSearch	Search for passSearch	1
https://searches.org.ai/ObjectiveSearch	searches.org.ai	Search	ObjectiveSearch	objective_search	objective_search	Search for objective_search	1
https://searches.org.ai/KeyResultSearch	searches.org.ai	Search	KeyResultSearch	key_result_search	key_result_search	Search for key_result_search	1
https://searches.org.ai/GetPaymentLink	searches.org.ai	Search	GetPaymentLink	get_payment_link	get_payment_link	Search for get_payment_link	1
https://searches.org.ai/SearchActor	searches.org.ai	Search	SearchActor	search_actor	search_actor	Search for search_actor	1
https://searches.org.ai/SearchDataprocessing	searches.org.ai	Search	SearchDataprocessing	search_dataprocessing	search_dataProcessing	Search for search_dataProcessing	1
https://searches.org.ai/SearchCustomerSubscriptions	searches.org.ai	Search	SearchCustomerSubscriptions	search_customer_subscriptions	search_customer_subscriptions	Search for search_customer_subscriptions	1
https://searches.org.ai/SearchInvoicesByTrackingNumber	searches.org.ai	Search	SearchInvoicesByTrackingNumber	search_invoices_by_tracking_number	search_invoices_by_tracking_number	Search for search_invoices_by_tracking_number	1
https://searches.org.ai/GetUserByExternalID	searches.org.ai	Search	GetUserByExternalID	get_user_by_external_id	get_user_by_external_id	Search for get_user_by_external_id	1
https://searches.org.ai/GetParticipantByExternalID	searches.org.ai	Search	GetParticipantByExternalID	get_participant_by_external_id	get_participant_by_external_id	Search for get_participant_by_external_id	1
https://searches.org.ai/GetOrgunitByExtID	searches.org.ai	Search	GetOrgunitByExtID	get_orgunit_by_ext_id	get_orgunit_by_ext_id	Search for get_orgunit_by_ext_id	1
https://searches.org.ai/Searchservicerequest	searches.org.ai	Search	Searchservicerequest	searchservicerequest	SearchServiceRequest	Search for SearchServiceRequest	1
https://searches.org.ai/Recipientsearch	searches.org.ai	Search	Recipientsearch	recipientsearch	recipientSearch	Search for recipientSearch	1
https://searches.org.ai/Tagssearch	searches.org.ai	Search	Tagssearch	tagssearch	tagsSearch	Search for tagsSearch	1
https://searches.org.ai/Mailing	searches.org.ai	Search	Mailing	mailing	mailing	Search for mailing	1
https://searches.org.ai/Appointment	searches.org.ai	Search	Appointment	appointment	appointment	Search for appointment	1
https://searches.org.ai/FindURL	searches.org.ai	Search	FindURL	find_url	find_url	Search for find_url	1
https://searches.org.ai/FindConference	searches.org.ai	Search	FindConference	find_conference	find_conference	Search for find_conference	1
https://searches.org.ai/ShippingMethod	searches.org.ai	Search	ShippingMethod	shipping_method	shipping_method	Search for shipping_method	1
https://searches.org.ai/FindBlogpost	searches.org.ai	Search	FindBlogpost	find_blogpost	find_blogpost	Search for find_blogpost	1
https://searches.org.ai/SearchReview	searches.org.ai	Search	SearchReview	search_review	search_review	Search for search_review	1
https://searches.org.ai/FindVaultByEmail	searches.org.ai	Search	FindVaultByEmail	find_vault_by_email	find_vault_by_email	Search for find_vault_by_email	1
https://searches.org.ai/Searchcompanies	searches.org.ai	Search	Searchcompanies	searchcompanies	searchCompanies	Search for searchCompanies	2
https://searches.org.ai/FindPatient	searches.org.ai	Search	FindPatient	find_patient	find_patient	Search for find_patient	1
https://searches.org.ai/RunQuery	searches.org.ai	Search	RunQuery	run_query	run_query	Search for run_query	2
https://searches.org.ai/GroupLookup	searches.org.ai	Search	GroupLookup	group_lookup	group_lookup	Search for group_lookup	1
https://searches.org.ai/CredentialLookup	searches.org.ai	Search	CredentialLookup	credential_lookup	credential_lookup	Search for credential_lookup	1
https://searches.org.ai/FindCustomEntity	searches.org.ai	Search	FindCustomEntity	find_custom_entity	find_custom_entity	Search for find_custom_entity	1
https://searches.org.ai/FindDeals	searches.org.ai	Search	FindDeals	find_deals	find_deals	Search for find_deals	1
https://searches.org.ai/FindInspection	searches.org.ai	Search	FindInspection	find_inspection	find_inspection	Search for find_inspection	1
https://searches.org.ai/FindActiveSpecials	searches.org.ai	Search	FindActiveSpecials	find_active_specials	find_active_specials	Search for find_active_specials	1
https://searches.org.ai/FindFloorPlans	searches.org.ai	Search	FindFloorPlans	find_floor_plans	find_floor_plans	Search for find_floor_plans	1
https://searches.org.ai/FindFloorPlanDetails	searches.org.ai	Search	FindFloorPlanDetails	find_floor_plan_details	find_floor_plan_details	Search for find_floor_plan_details	1
https://searches.org.ai/FindPriceHistory	searches.org.ai	Search	FindPriceHistory	find_price_history	find_price_history	Search for find_price_history	1
https://searches.org.ai/FindAllProperties	searches.org.ai	Search	FindAllProperties	find_all_properties	find_all_properties	Search for find_all_properties	1
https://searches.org.ai/Artefactsearch	searches.org.ai	Search	Artefactsearch	artefactsearch	artefactSearch	Search for artefactSearch	1
https://searches.org.ai/Artefactcategorysearch	searches.org.ai	Search	Artefactcategorysearch	artefactcategorysearch	artefactCategorySearch	Search for artefactCategorySearch	1
https://searches.org.ai/GetShortLink	searches.org.ai	Search	GetShortLink	get_short_link	get_short_link	Search for get_short_link	1
https://searches.org.ai/FindDataEntities	searches.org.ai	Search	FindDataEntities	find_data_entities	find_data_entities	Search for find_data_entities	1
https://searches.org.ai/GetModeratedText	searches.org.ai	Search	GetModeratedText	get_moderated_text	get_moderated_text	Search for get_moderated_text	1
https://searches.org.ai/FederationList	searches.org.ai	Search	FederationList	federation_list	federation_list	Search for federation_list	1
https://searches.org.ai/WorkspaceList	searches.org.ai	Search	WorkspaceList	workspace_list	workspace_list	Search for workspace_list	1
https://searches.org.ai/DossierList	searches.org.ai	Search	DossierList	dossier_list	dossier_list	Search for dossier_list	1
https://searches.org.ai/TalentList	searches.org.ai	Search	TalentList	talent_list	talent_list	Search for talent_list	1
https://searches.org.ai/DossierListByExternalIds	searches.org.ai	Search	DossierListByExternalIds	dossier_list_by_external_ids	dossier_list_by_external_ids	Search for dossier_list_by_external_ids	1
https://searches.org.ai/AccountListByExternalIds	searches.org.ai	Search	AccountListByExternalIds	account_list_by_external_ids	account_list_by_external_ids	Search for account_list_by_external_ids	1
https://searches.org.ai/TalentListByExternalIds	searches.org.ai	Search	TalentListByExternalIds	talent_list_by_external_ids	talent_list_by_external_ids	Search for talent_list_by_external_ids	1
https://searches.org.ai/TaskListByExternalIds	searches.org.ai	Search	TaskListByExternalIds	task_list_by_external_ids	task_list_by_external_ids	Search for task_list_by_external_ids	1
https://searches.org.ai/TaskListByDossierIds	searches.org.ai	Search	TaskListByDossierIds	task_list_by_dossier_ids	task_list_by_dossier_ids	Search for task_list_by_dossier_ids	1
https://searches.org.ai/ListTasksByWorkspaceID	searches.org.ai	Search	ListTasksByWorkspaceID	list_tasks_by_workspace_id	list_tasks_by_workspace_id	Search for list_tasks_by_workspace_id	1
https://searches.org.ai/ListWorklogs	searches.org.ai	Search	ListWorklogs	list_worklogs	list_worklogs	Search for list_worklogs	1
https://searches.org.ai/UserCurrent	searches.org.ai	Search	UserCurrent	user_current	user_current	Search for user_current	1
https://searches.org.ai/GetProfile	searches.org.ai	Search	GetProfile	get_profile	get_profile	Search for get_profile	1
https://searches.org.ai/ListProfiles	searches.org.ai	Search	ListProfiles	list_profiles	list_profiles	Search for list_profiles	1
https://searches.org.ai/ListBillingItems	searches.org.ai	Search	ListBillingItems	list_billing_items	list_billing_items	Search for list_billing_items	1
https://searches.org.ai/GetTalent	searches.org.ai	Search	GetTalent	get_talent	get_talent	Search for get_talent	1
https://searches.org.ai/ListActivitiesByWorkspace	searches.org.ai	Search	ListActivitiesByWorkspace	list_activities_by_workspace	list_activities_by_workspace	Search for list_activities_by_workspace	1
https://searches.org.ai/ListActivitiesForTalent	searches.org.ai	Search	ListActivitiesForTalent	list_activities_for_talent	list_activities_for_talent	Search for list_activities_for_talent	1
https://searches.org.ai/GetDossier	searches.org.ai	Search	GetDossier	get_dossier	get_dossier	Search for get_dossier	1
https://searches.org.ai/Devicesearch	searches.org.ai	Search	Devicesearch	devicesearch	deviceSearch	Search for deviceSearch	1
https://searches.org.ai/FindPipelineUser	searches.org.ai	Search	FindPipelineUser	find_pipeline_user	find_pipeline_user	Search for find_pipeline_user	1
https://searches.org.ai/FindByInvNumber	searches.org.ai	Search	FindByInvNumber	find_by_inv_number	find_by_inv_number	Search for find_by_inv_number	1
https://searches.org.ai/FindInvoiceByVendorName	searches.org.ai	Search	FindInvoiceByVendorName	find_invoice_by_vendor_name	find_invoice_by_vendor_name	Search for find_invoice_by_vendor_name	1
https://searches.org.ai/ListInvoices	searches.org.ai	Search	ListInvoices	list_invoices	list_invoices	Search for list_invoices	1
https://searches.org.ai/ListAttendees	searches.org.ai	Search	ListAttendees	list_attendees	list_attendees	Search for list_attendees	1
https://searches.org.ai/FindPresetAction	searches.org.ai	Search	FindPresetAction	find_preset_action	find_preset_action	Search for find_preset_action	1
https://searches.org.ai/Properties	searches.org.ai	Search	Properties	properties	properties	Search for properties	1
https://searches.org.ai/TaskStatuses	searches.org.ai	Search	TaskStatuses	task_statuses	task_statuses	Search for task_statuses	1
https://searches.org.ai/PropertyGroups	searches.org.ai	Search	PropertyGroups	property_groups	property_groups	Search for property_groups	1
https://searches.org.ai/PropertyTeamUsers	searches.org.ai	Search	PropertyTeamUsers	property_team_users	property_team_users	Search for property_team_users	1
https://searches.org.ai/Assessments	searches.org.ai	Search	Assessments	assessments	assessments	Search for assessments	1
https://searches.org.ai/AssessmentTypes	searches.org.ai	Search	AssessmentTypes	assessment_types	assessment_types	Search for assessment_types	1
https://searches.org.ai/AssessmentSchedules	searches.org.ai	Search	AssessmentSchedules	assessment_schedules	assessment_schedules	Search for assessment_schedules	1
https://searches.org.ai/PropertyTree	searches.org.ai	Search	PropertyTree	property_tree	property_tree	Search for property_tree	1
https://searches.org.ai/FindOrCreateProperty	searches.org.ai	Search	FindOrCreateProperty	find_or_create_property	find_or_create_property	Search for find_or_create_property	1
https://searches.org.ai/WebhookDetails	searches.org.ai	Search	WebhookDetails	webhook_details	webhook_details	Search for webhook_details	1
https://searches.org.ai/FindOrCreateUser	searches.org.ai	Search	FindOrCreateUser	find_or_create_user	find_or_create_user	Search for find_or_create_user	1
https://searches.org.ai/ScimUsers	searches.org.ai	Search	ScimUsers	scim_users	scim_users	Search for scim_users	1
https://searches.org.ai/ScimGroups	searches.org.ai	Search	ScimGroups	scim_groups	scim_groups	Search for scim_groups	1
https://searches.org.ai/RiskbaseUsers	searches.org.ai	Search	RiskbaseUsers	riskbase_users	riskbase_users	Search for riskbase_users	1
https://searches.org.ai/AssessmentPDFReport	searches.org.ai	Search	AssessmentPDFReport	assessment_pdf_report	assessment_pdf_report	Search for assessment_pdf_report	1
https://searches.org.ai/AssessmentReportZipBundle	searches.org.ai	Search	AssessmentReportZipBundle	assessment_report_zip_bundle	assessment_report_zip_bundle	Search for assessment_report_zip_bundle	1
https://searches.org.ai/Plans	searches.org.ai	Search	Plans	plans	plans	Search for plans	1
https://searches.org.ai/PlanDetails	searches.org.ai	Search	PlanDetails	plan_details	plan_details	Search for plan_details	1
https://searches.org.ai/FindOnCallUser	searches.org.ai	Search	FindOnCallUser	find_on_call_user	find_on_call_user	Search for find_on_call_user	1
https://searches.org.ai/FindContactStatus	searches.org.ai	Search	FindContactStatus	find_contact_status	find_contact_status	Search for find_contact_status	1
https://searches.org.ai/GetPeerPerMail	searches.org.ai	Search	GetPeerPerMail	get_peer_per_mail	get_peer_per_mail	Search for get_peer_per_mail	1
https://searches.org.ai/GetVersion	searches.org.ai	Search	GetVersion	get_version	get_version	Search for get_version	1
https://searches.org.ai/QueryDatastore	searches.org.ai	Search	QueryDatastore	query_datastore	query_datastore	Search for query_datastore	1
https://searches.org.ai/SearchBooking	searches.org.ai	Search	SearchBooking	search_booking	search_booking	Search for search_booking	1
https://searches.org.ai/FindStatusDeck	searches.org.ai	Search	FindStatusDeck	find_status_deck	find_status_deck	Search for find_status_deck	1
https://searches.org.ai/FindStatusMember	searches.org.ai	Search	FindStatusMember	find_status_member	find_status_member	Search for find_status_member	1
https://searches.org.ai/FindWorkflowData	searches.org.ai	Search	FindWorkflowData	find_workflow_data	find_workflow_data	Search for find_workflow_data	1
https://searches.org.ai/GetAssessments	searches.org.ai	Search	GetAssessments	get_assessments	get_assessments	Search for get_assessments	1
https://searches.org.ai/GetAssessment	searches.org.ai	Search	GetAssessment	get_assessment	get_assessment	Search for get_assessment	2
https://searches.org.ai/GetTests	searches.org.ai	Search	GetTests	get_tests	get_tests	Search for get_tests	1
https://searches.org.ai/GetTest	searches.org.ai	Search	GetTest	get_test	get_test	Search for get_test	1
https://searches.org.ai/GetSkillareas	searches.org.ai	Search	GetSkillareas	get_skillareas	get_skillareas	Search for get_skillareas	1
https://searches.org.ai/SearchRecipient	searches.org.ai	Search	SearchRecipient	search_recipient	search_recipient	Search for search_recipient	1
https://searches.org.ai/Interactionsearch	searches.org.ai	Search	Interactionsearch	interactionsearch	interactionSearch	Search for interactionSearch	2
https://searches.org.ai/Rewardsearch	searches.org.ai	Search	Rewardsearch	rewardsearch	rewardSearch	Search for rewardSearch	1
https://searches.org.ai/Rewardrequestsearch	searches.org.ai	Search	Rewardrequestsearch	rewardrequestsearch	rewardRequestSearch	Search for rewardRequestSearch	1
https://searches.org.ai/OrgSearch	searches.org.ai	Search	OrgSearch	org_search	org_search	Search for org_search	1
https://searches.org.ai/ListChannels	searches.org.ai	Search	ListChannels	list_channels	list_channels	Search for list_channels	1
https://searches.org.ai/SearchSections	searches.org.ai	Search	SearchSections	search_sections	search_sections	Search for search_sections	1
https://searches.org.ai/CompanySummary	searches.org.ai	Search	CompanySummary	company_summary	company_summary	Search for company_summary	1
https://searches.org.ai/CompanyDetails	searches.org.ai	Search	CompanyDetails	company_details	company_details	Search for company_details	1
https://searches.org.ai/TrendTechnical	searches.org.ai	Search	TrendTechnical	trend_technical	trend_technical	Search for trend_technical	1
https://searches.org.ai/TrendFinancial	searches.org.ai	Search	TrendFinancial	trend_financial	trend_financial	Search for trend_financial	1
https://searches.org.ai/Ecosystems	searches.org.ai	Search	Ecosystems	ecosystems	ecosystems	Search for ecosystems	1
https://searches.org.ai/SystemTag	searches.org.ai	Search	SystemTag	system_tag	system_tag	Search for system_tag	1
https://searches.org.ai/Registration	searches.org.ai	Search	Registration	registration	registration	Search for registration	2
https://searches.org.ai/SfSocialProfileSearch	searches.org.ai	Search	SfSocialProfileSearch	sf_social_profile_search	SF_social_profile_search	Search for SF_social_profile_search	1
https://searches.org.ai/SfMultipleFieldSearch	searches.org.ai	Search	SfMultipleFieldSearch	sf_multiple_field_search	SF_multiple_field_search	Search for SF_multiple_field_search	1
https://searches.org.ai/FilterSheet	searches.org.ai	Search	FilterSheet	filter-sheet	filter-sheet	Search for filter-sheet	1
https://searches.org.ai/FilterSheetCount	searches.org.ai	Search	FilterSheetCount	filter-sheet-count	filter-sheet-count	Search for filter-sheet-count	1
https://searches.org.ai/Sheetsearch	searches.org.ai	Search	Sheetsearch	sheetsearch	sheetSearch	Search for sheetSearch	1
https://searches.org.ai/FindBudget	searches.org.ai	Search	FindBudget	find_budget	find_budget	Search for find_budget	1
https://searches.org.ai/FindCourseByExternalID	searches.org.ai	Search	FindCourseByExternalID	find_course_by_external_id	find_course_by_external_id	Search for find_course_by_external_id	1
https://searches.org.ai/GetCourseEnrollmentsByUser	searches.org.ai	Search	GetCourseEnrollmentsByUser	get_course_enrollments_by_user	get_course_enrollments_by_user	Search for get_course_enrollments_by_user	1
https://searches.org.ai/FindEventByExternalID	searches.org.ai	Search	FindEventByExternalID	find_event_by_external_id	find_event_by_external_id	Search for find_event_by_external_id	1
https://searches.org.ai/FindEventSeatByUser	searches.org.ai	Search	FindEventSeatByUser	find_event_seat_by_user	find_event_seat_by_user	Search for find_event_seat_by_user	1
https://searches.org.ai/GetArloEventSessions	searches.org.ai	Search	GetArloEventSessions	get_arlo_event_sessions	get_arlo_event_sessions	Search for get_arlo_event_sessions	1
https://searches.org.ai/FindTemplateByExternalID	searches.org.ai	Search	FindTemplateByExternalID	find_template_by_external_id	find_template_by_external_id	Search for find_template_by_external_id	1
https://searches.org.ai/FindTrackingInfo	searches.org.ai	Search	FindTrackingInfo	find_tracking_info	find_tracking_info	Search for find_tracking_info	1
https://searches.org.ai/SearchRowIds	searches.org.ai	Search	SearchRowIds	search_row_ids	search_row_ids	Search for search_row_ids	1
https://searches.org.ai/GetSlots	searches.org.ai	Search	GetSlots	get_slots	get_slots	Search for get_slots	2
https://searches.org.ai/GetInfo	searches.org.ai	Search	GetInfo	get_info	get_info	Search for get_info	1
https://searches.org.ai/DiffbotEnhanceOrg	searches.org.ai	Search	DiffbotEnhanceOrg	diffbot_enhance_org	diffbot_enhance_org	Search for diffbot_enhance_org	1
https://searches.org.ai/DiffbotEnhancePerson	searches.org.ai	Search	DiffbotEnhancePerson	diffbot_enhance_person	diffbot_enhance_person	Search for diffbot_enhance_person	1
https://searches.org.ai/FindBoardMembers	searches.org.ai	Search	FindBoardMembers	find_board_members	find_board_members	Search for find_board_members	1
https://searches.org.ai/FindCards	searches.org.ai	Search	FindCards	find_cards	find_cards	Search for find_cards	1
https://searches.org.ai/FindMe	searches.org.ai	Search	FindMe	find_me	find_me	Search for find_me	1
https://searches.org.ai/SearchAgreements	searches.org.ai	Search	SearchAgreements	search_agreements	search_agreements	Search for search_agreements	1
https://searches.org.ai/SearchSubscriptions	searches.org.ai	Search	SearchSubscriptions	search_subscriptions	search_subscriptions	Search for search_subscriptions	1
https://searches.org.ai/GetAsset	searches.org.ai	Search	GetAsset	get_asset	get_asset	Search for get_asset	1
https://searches.org.ai/Phone	searches.org.ai	Search	Phone	phone	phone	Search for phone	1
https://searches.org.ai/PhonePic	searches.org.ai	Search	PhonePic	phone_pic	phone_pic	Search for phone_pic	1
https://searches.org.ai/Getrecord	searches.org.ai	Search	Getrecord	getrecord	getRecord	Search for getRecord	1
https://searches.org.ai/FindRelationship	searches.org.ai	Search	FindRelationship	find_relationship	find_relationship	Search for find_relationship	1
https://searches.org.ai/ActionSearchSubscriber	searches.org.ai	Search	ActionSearchSubscriber	action_search_subscriber	action_search_subscriber	Search for action_search_subscriber	1
https://searches.org.ai/Contactdirectoriessearch	searches.org.ai	Search	Contactdirectoriessearch	contactdirectoriessearch	ContactDirectoriesSearch	Search for ContactDirectoriesSearch	1
https://searches.org.ai/SearchUsersByID	searches.org.ai	Search	SearchUsersByID	search_users_by_id	search_users_by_id	Search for search_users_by_id	1
https://searches.org.ai/SearchItemByID	searches.org.ai	Search	SearchItemByID	search_item_by_id	search_item_by_id	Search for search_item_by_id	1
https://searches.org.ai/Getdata	searches.org.ai	Search	Getdata	getdata	getData	Search for getData	2
https://searches.org.ai/FindBroadcastRecipient	searches.org.ai	Search	FindBroadcastRecipient	find_broadcast_recipient	find_broadcast_recipient	Search for find_broadcast_recipient	1
https://searches.org.ai/GetDatapoints	searches.org.ai	Search	GetDatapoints	get_datapoints	get_datapoints	Search for get_datapoints	1
https://searches.org.ai/Gettables	searches.org.ai	Search	Gettables	gettables	getTables	Search for getTables	1
https://searches.org.ai/Gettabledata	searches.org.ai	Search	Gettabledata	gettabledata	getTableData	Search for getTableData	1
https://searches.org.ai/Searchdeals	searches.org.ai	Search	Searchdeals	searchdeals	searchDeals	Search for searchDeals	1
https://searches.org.ai/FindDatasets	searches.org.ai	Search	FindDatasets	find_datasets	find_datasets	Search for find_datasets	1
https://searches.org.ai/FindBoxByName	searches.org.ai	Search	FindBoxByName	find_box_by_name	find_box_by_name	Search for find_box_by_name	1
https://searches.org.ai/FindBoxByID	searches.org.ai	Search	FindBoxByID	find_box_by_id	find_box_by_id	Search for find_box_by_id	1
https://searches.org.ai/FindTransactionByID	searches.org.ai	Search	FindTransactionByID	find_transaction_by_id	find_transaction_by_id	Search for find_transaction_by_id	1
https://searches.org.ai/FindFormByID	searches.org.ai	Search	FindFormByID	find_form_by_id	find_form_by_id	Search for find_form_by_id	1
https://searches.org.ai/FindTracks	searches.org.ai	Search	FindTracks	find_tracks	find_tracks	Search for find_tracks	1
https://searches.org.ai/GetCourseByname	searches.org.ai	Search	GetCourseByname	get_course_byname	get_course_byname	Search for get_course_byname	1
https://searches.org.ai/FindorcreateContact	searches.org.ai	Search	FindorcreateContact	findorcreate_contact	findorcreate_contact	Search for findorcreate_contact	1
https://searches.org.ai/FindorcreateActivity	searches.org.ai	Search	FindorcreateActivity	findorcreate_activity	findorcreate_activity	Search for findorcreate_activity	1
https://searches.org.ai/FindorcreateCompanylead	searches.org.ai	Search	FindorcreateCompanylead	findorcreate_companylead	findorcreate_companylead	Search for findorcreate_companylead	1
https://searches.org.ai/Getconversations	searches.org.ai	Search	Getconversations	getconversations	getConversations	Search for getConversations	1
https://searches.org.ai/Getleads	searches.org.ai	Search	Getleads	getleads	getLeads	Search for getLeads	1
https://searches.org.ai/GetContactAttributes	searches.org.ai	Search	GetContactAttributes	get_contact_attributes	get_contact_attributes	Search for get_contact_attributes	1
https://searches.org.ai/GetClaimByID	searches.org.ai	Search	GetClaimByID	get_claim_by_id	get_claim_by_id	Search for get_claim_by_id	1
https://searches.org.ai/GetClaimsByContact	searches.org.ai	Search	GetClaimsByContact	get_claims_by_contact	get_claims_by_contact	Search for get_claims_by_contact	1
https://searches.org.ai/GetClaimAttributes	searches.org.ai	Search	GetClaimAttributes	get_claim_attributes	get_claim_attributes	Search for get_claim_attributes	1
https://searches.org.ai/GetClaimFilesUrls	searches.org.ai	Search	GetClaimFilesUrls	get_claim_files_urls	get_claim_files_urls	Search for get_claim_files_urls	1
https://searches.org.ai/GetActivityByID	searches.org.ai	Search	GetActivityByID	get_activity_by_id	get_activity_by_id	Search for get_activity_by_id	1
https://searches.org.ai/GetActivityFilesUrls	searches.org.ai	Search	GetActivityFilesUrls	get_activity_files_urls	get_activity_files_urls	Search for get_activity_files_urls	1
https://searches.org.ai/GetCaseAttributes	searches.org.ai	Search	GetCaseAttributes	get_case_attributes	get_case_attributes	Search for get_case_attributes	1
https://searches.org.ai/GetActivitiesByClaimID	searches.org.ai	Search	GetActivitiesByClaimID	get_activities_by_claim_id	get_activities_by_claim_id	Search for get_activities_by_claim_id	1
https://searches.org.ai/GetActivitiesByContactID	searches.org.ai	Search	GetActivitiesByContactID	get_activities_by_contact_id	get_activities_by_contact_id	Search for get_activities_by_contact_id	1
https://searches.org.ai/GetClaimGroupByID	searches.org.ai	Search	GetClaimGroupByID	get_claim_group_by_id	get_claim_group_by_id	Search for get_claim_group_by_id	1
https://searches.org.ai/GetClaimIdsByClaimGroupID	searches.org.ai	Search	GetClaimIdsByClaimGroupID	get_claim_ids_by_claim_group_id	get_claim_ids_by_claim_group_id	Search for get_claim_ids_by_claim_group_id	1
https://searches.org.ai/GetTestimonial	searches.org.ai	Search	GetTestimonial	get_testimonial	get_testimonial	Search for get_testimonial	1
https://searches.org.ai/SearchWorkOrders	searches.org.ai	Search	SearchWorkOrders	search_work_orders	search_work_orders	Search for search_work_orders	1
https://searches.org.ai/FindTopic	searches.org.ai	Search	FindTopic	find_topic	find_topic	Search for find_topic	1
https://searches.org.ai/Inspectiontemplatestatuslabels	searches.org.ai	Search	Inspectiontemplatestatuslabels	inspectiontemplatestatuslabels	inspectionTemplateStatusLabels	Search for inspectionTemplateStatusLabels	1
https://searches.org.ai/Inspectiontemplatetags	searches.org.ai	Search	Inspectiontemplatetags	inspectiontemplatetags	inspectionTemplateTags	Search for inspectionTemplateTags	1
https://searches.org.ai/Projectregistrationdrawings	searches.org.ai	Search	Projectregistrationdrawings	projectregistrationdrawings	projectRegistrationDrawings	Search for projectRegistrationDrawings	1
https://searches.org.ai/FindCardByID	searches.org.ai	Search	FindCardByID	find_card_by_id	find_card_by_id	Search for find_card_by_id	1
https://searches.org.ai/FindCardtype	searches.org.ai	Search	FindCardtype	find_cardtype	find_cardtype	Search for find_cardtype	1
https://searches.org.ai/FindCardByName	searches.org.ai	Search	FindCardByName	find_card_by_name	find_card_by_name	Search for find_card_by_name	1
https://searches.org.ai/GetBill	searches.org.ai	Search	GetBill	get_bill	get_bill	Search for get_bill	1
https://searches.org.ai/GetClassBookings	searches.org.ai	Search	GetClassBookings	get_class_bookings	get_class_bookings	Search for get_class_bookings	1
https://searches.org.ai/GetPersonalBooking	searches.org.ai	Search	GetPersonalBooking	get_personal_booking	get_personal_booking	Search for get_personal_booking	1
https://searches.org.ai/GetPersonalBookings	searches.org.ai	Search	GetPersonalBookings	get_personal_bookings	get_personal_bookings	Search for get_personal_bookings	1
https://searches.org.ai/GetClassBooking	searches.org.ai	Search	GetClassBooking	get_class_booking	get_class_booking	Search for get_class_booking	1
https://searches.org.ai/FindNextFreeClass	searches.org.ai	Search	FindNextFreeClass	find_next_free_class	find_next_free_class	Search for find_next_free_class	1
https://searches.org.ai/FindFreePersonalSlot	searches.org.ai	Search	FindFreePersonalSlot	find_free_personal_slot	find_free_personal_slot	Search for find_free_personal_slot	1
https://searches.org.ai/GetLeadByPhone	searches.org.ai	Search	GetLeadByPhone	get_lead_by_phone	get_lead_by_phone	Search for get_lead_by_phone	1
https://searches.org.ai/GetContactDetails	searches.org.ai	Search	GetContactDetails	get_contact_details	get_contact_details	Search for get_contact_details	1
https://searches.org.ai/GetAccounts	searches.org.ai	Search	GetAccounts	get_accounts	get_accounts	Search for get_accounts	2
https://searches.org.ai/GetHardware	searches.org.ai	Search	GetHardware	get_hardware	get_hardware	Search for get_hardware	1
https://searches.org.ai/GetSoftware	searches.org.ai	Search	GetSoftware	get_software	get_software	Search for get_software	1
https://searches.org.ai/GetSystems	searches.org.ai	Search	GetSystems	get_systems	get_systems	Search for get_systems	1
https://searches.org.ai/GetNetworks	searches.org.ai	Search	GetNetworks	get_networks	get_networks	Search for get_networks	1
https://searches.org.ai/GetAccountDetails	searches.org.ai	Search	GetAccountDetails	get_account_details	get_account_details	Search for get_account_details	1
https://searches.org.ai/GetServiceDetails	searches.org.ai	Search	GetServiceDetails	get_service_details	get_service_details	Search for get_service_details	1
https://searches.org.ai/GetHardwareDetails	searches.org.ai	Search	GetHardwareDetails	get_hardware_details	get_hardware_details	Search for get_hardware_details	1
https://searches.org.ai/GetSoftwareDetails	searches.org.ai	Search	GetSoftwareDetails	get_software_details	get_software_details	Search for get_software_details	1
https://searches.org.ai/GetSystemDetails	searches.org.ai	Search	GetSystemDetails	get_system_details	get_system_details	Search for get_system_details	1
https://searches.org.ai/GetNetworkDetails	searches.org.ai	Search	GetNetworkDetails	get_network_details	get_network_details	Search for get_network_details	1
https://searches.org.ai/GetSegmentDetails	searches.org.ai	Search	GetSegmentDetails	get_segment_details	get_segment_details	Search for get_segment_details	1
https://searches.org.ai/GetAvailabilities	searches.org.ai	Search	GetAvailabilities	get_availabilities	get_availabilities	Search for get_availabilities	1
https://searches.org.ai/GetVehicleTypes	searches.org.ai	Search	GetVehicleTypes	get_vehicle_types	get_vehicle_types	Search for get_vehicle_types	2
https://searches.org.ai/GetAreasOfService	searches.org.ai	Search	GetAreasOfService	get_areas_of_service	get_areas_of_service	Search for get_areas_of_service	1
https://searches.org.ai/GetStatuses	searches.org.ai	Search	GetStatuses	get_statuses	get_statuses	Search for get_statuses	1
https://searches.org.ai/GetInfos	searches.org.ai	Search	GetInfos	get_infos	get_infos	Search for get_infos	1
https://searches.org.ai/IsHandledAddress	searches.org.ai	Search	IsHandledAddress	is_handled_address	is_handled_address	Search for is_handled_address	1
https://searches.org.ai/GetMissions	searches.org.ai	Search	GetMissions	get_missions	get_missions	Search for get_missions	1
https://searches.org.ai/GetMissionsByRef	searches.org.ai	Search	GetMissionsByRef	get_missions_by_ref	get_missions_by_ref	Search for get_missions_by_ref	1
https://searches.org.ai/GetClients	searches.org.ai	Search	GetClients	get_clients	get_clients	Search for get_clients	3
https://searches.org.ai/GetInvoices	searches.org.ai	Search	GetInvoices	get_invoices	get_invoices	Search for get_invoices	1
https://searches.org.ai/GetAgent	searches.org.ai	Search	GetAgent	get_agent	get_agent	Search for get_agent	1
https://searches.org.ai/FindUserProfile	searches.org.ai	Search	FindUserProfile	find_user_profile	find_user_profile	Search for find_user_profile	1
https://searches.org.ai/GetProductIdentifiers	searches.org.ai	Search	GetProductIdentifiers	get_product_identifiers	get_product_identifiers	Search for get_product_identifiers	1
https://searches.org.ai/ConvertUpcOrEanToAsins	searches.org.ai	Search	ConvertUpcOrEanToAsins	convert_upc_or_ean_to_asins	convert_upc_or_ean_to_asins	Search for convert_upc_or_ean_to_asins	1
https://searches.org.ai/Readworkflowtransitionssearch	searches.org.ai	Search	Readworkflowtransitionssearch	readworkflowtransitionssearch	ReadWorkflowTransitionsSearch	Search for ReadWorkflowTransitionsSearch	1
https://searches.org.ai/Readbouncelistsearch	searches.org.ai	Search	Readbouncelistsearch	readbouncelistsearch	ReadBounceListSearch	Search for ReadBounceListSearch	1
https://searches.org.ai/Readdistributorlistsearch	searches.org.ai	Search	Readdistributorlistsearch	readdistributorlistsearch	ReadDistributorListSearch	Search for ReadDistributorListSearch	1
https://searches.org.ai/Readmessagetemplatelistsearch	searches.org.ai	Search	Readmessagetemplatelistsearch	readmessagetemplatelistsearch	ReadMessageTemplateListSearch	Search for ReadMessageTemplateListSearch	1
https://searches.org.ai/Readoptoutlistsearch	searches.org.ai	Search	Readoptoutlistsearch	readoptoutlistsearch	ReadOptOutListSearch	Search for ReadOptOutListSearch	1
https://searches.org.ai/Readsamplingprojectlistsearch	searches.org.ai	Search	Readsamplingprojectlistsearch	readsamplingprojectlistsearch	ReadSamplingProjectListSearch	Search for ReadSamplingProjectListSearch	1
https://searches.org.ai/Readinterviewsearch	searches.org.ai	Search	Readinterviewsearch	readinterviewsearch	ReadInterviewSearch	Search for ReadInterviewSearch	1
https://searches.org.ai/Readmemberlistsearch	searches.org.ai	Search	Readmemberlistsearch	readmemberlistsearch	ReadMemberListSearch	Search for ReadMemberListSearch	1
https://searches.org.ai/Readsurveylinkssearch	searches.org.ai	Search	Readsurveylinkssearch	readsurveylinkssearch	ReadSurveyLinksSearch	Search for ReadSurveyLinksSearch	1
https://searches.org.ai/Readsurveylistsearch	searches.org.ai	Search	Readsurveylistsearch	readsurveylistsearch	ReadSurveyListSearch	Search for ReadSurveyListSearch	1
https://searches.org.ai/Readworkspacelistsearch	searches.org.ai	Search	Readworkspacelistsearch	readworkspacelistsearch	ReadWorkspaceListSearch	Search for ReadWorkspaceListSearch	1
https://searches.org.ai/Readinterview	searches.org.ai	Search	Readinterview	readinterview	ReadInterview	Search for ReadInterview	1
https://searches.org.ai/Asset	searches.org.ai	Search	Asset	asset	asset	Search for asset	1
https://searches.org.ai/Getorders	searches.org.ai	Search	Getorders	getorders	getOrders	Search for getOrders	1
https://searches.org.ai/Getorderdetails	searches.org.ai	Search	Getorderdetails	getorderdetails	getOrderDetails	Search for getOrderDetails	1
https://searches.org.ai/Getallorders	searches.org.ai	Search	Getallorders	getallorders	getAllOrders	Search for getAllOrders	1
https://searches.org.ai/SearchSubscriberAccountnumber	searches.org.ai	Search	SearchSubscriberAccountnumber	search_subscriber_accountnumber	search_subscriber_accountnumber	Search for search_subscriber_accountnumber	1
https://searches.org.ai/SearchLeadAccountnumber	searches.org.ai	Search	SearchLeadAccountnumber	search_lead_accountnumber	search_lead_accountnumber	Search for search_lead_accountnumber	1
https://searches.org.ai/GroupsList	searches.org.ai	Search	GroupsList	groups_list	groups_list	Search for groups_list	1
https://searches.org.ai/ChannelsList	searches.org.ai	Search	ChannelsList	channels_list	channels_list	Search for channels_list	1
https://searches.org.ai/WabaTemplates	searches.org.ai	Search	WabaTemplates	waba_templates	waba_templates	Search for waba_templates	1
https://searches.org.ai/UserGet	searches.org.ai	Search	UserGet	user_get	user_get	Search for user_get	1
https://searches.org.ai/ContactGet	searches.org.ai	Search	ContactGet	contact_get	contact_get	Search for contact_get	1
https://searches.org.ai/Elementsearch	searches.org.ai	Search	Elementsearch	elementsearch	elementSearch	Search for elementSearch	1
https://searches.org.ai/ContentObjectsearch	searches.org.ai	Search	ContentObjectsearch	content_objectsearch	content_objectSearch	Search for content_objectSearch	1
https://searches.org.ai/AuthenticationObjectsearch	searches.org.ai	Search	AuthenticationObjectsearch	authentication_objectsearch	authentication_objectSearch	Search for authentication_objectSearch	1
https://searches.org.ai/Searchattachment	searches.org.ai	Search	Searchattachment	searchattachment	searchAttachment	Search for searchAttachment	1
https://searches.org.ai/FineContact	searches.org.ai	Search	FineContact	fine_contact	fine_contact	Search for fine_contact	1
https://searches.org.ai/Cards	searches.org.ai	Search	Cards	cards	cards	Search for cards	1
https://searches.org.ai/Boardlabels	searches.org.ai	Search	Boardlabels	boardlabels	boardLabels	Search for boardLabels	1
https://searches.org.ai/FindContractorRequisites	searches.org.ai	Search	FindContractorRequisites	find_contractor_requisites	find_contractor_requisites	Search for find_contractor_requisites	1
https://searches.org.ai/FindTransactionByQuery	searches.org.ai	Search	FindTransactionByQuery	find_transaction_by_query	find_transaction_by_query	Search for find_transaction_by_query	1
https://searches.org.ai/FindContractorByQuery	searches.org.ai	Search	FindContractorByQuery	find_contractor_by_query	find_contractor_by_query	Search for find_contractor_by_query	1
https://searches.org.ai/FindProspectDetails	searches.org.ai	Search	FindProspectDetails	find_prospect_details	find_prospect_details	Search for find_prospect_details	1
https://searches.org.ai/Listactivities	searches.org.ai	Search	Listactivities	listactivities	listActivities	Search for listActivities	1
https://searches.org.ai/Listassessmenttemplates	searches.org.ai	Search	Listassessmenttemplates	listassessmenttemplates	listAssessmentTemplates	Search for listAssessmentTemplates	1
https://searches.org.ai/Listassessments	searches.org.ai	Search	Listassessments	listassessments	listAssessments	Search for listAssessments	1
https://searches.org.ai/Listfindingtemplates	searches.org.ai	Search	Listfindingtemplates	listfindingtemplates	listFindingTemplates	Search for listFindingTemplates	1
https://searches.org.ai/Listfindings	searches.org.ai	Search	Listfindings	listfindings	listFindings	Search for listFindings	1
https://searches.org.ai/Listlanguages	searches.org.ai	Search	Listlanguages	listlanguages	listLanguages	Search for listLanguages	1
https://searches.org.ai/Listglobalroles	searches.org.ai	Search	Listglobalroles	listglobalroles	listGlobalRoles	Search for listGlobalRoles	1
https://searches.org.ai/Listassessmentroles	searches.org.ai	Search	Listassessmentroles	listassessmentroles	listAssessmentRoles	Search for listAssessmentRoles	1
https://searches.org.ai/Listtargets	searches.org.ai	Search	Listtargets	listtargets	listTargets	Search for listTargets	1
https://searches.org.ai/Listtasksets	searches.org.ai	Search	Listtasksets	listtasksets	listTaskSets	Search for listTaskSets	1
https://searches.org.ai/Listtasks	searches.org.ai	Search	Listtasks	listtasks	listTasks	Search for listTasks	1
https://searches.org.ai/Listthemes	searches.org.ai	Search	Listthemes	listthemes	listThemes	Search for listThemes	1
https://searches.org.ai/Listusergroups	searches.org.ai	Search	Listusergroups	listusergroups	listUserGroups	Search for listUserGroups	1
https://searches.org.ai/Listusers	searches.org.ai	Search	Listusers	listusers	listUsers	Search for listUsers	1
https://searches.org.ai/Listfindingevents	searches.org.ai	Search	Listfindingevents	listfindingevents	listFindingEvents	Search for listFindingEvents	1
https://searches.org.ai/Listfindinglayouts	searches.org.ai	Search	Listfindinglayouts	listfindinglayouts	listFindingLayouts	Search for listFindingLayouts	1
https://searches.org.ai/Listoutputfiles	searches.org.ai	Search	Listoutputfiles	listoutputfiles	listOutputFiles	Search for listOutputFiles	1
https://searches.org.ai/Listtoolfindings	searches.org.ai	Search	Listtoolfindings	listtoolfindings	listToolFindings	Search for listToolFindings	1
https://searches.org.ai/Listtooltargets	searches.org.ai	Search	Listtooltargets	listtooltargets	listToolTargets	Search for listToolTargets	1
https://searches.org.ai/SearchCandidates	searches.org.ai	Search	SearchCandidates	search_candidates	Search_candidates	Search for Search_candidates	1
https://searches.org.ai/Getdocfacts	searches.org.ai	Search	Getdocfacts	getdocfacts	getdocfacts	Search for getdocfacts	1
https://searches.org.ai/Getdoctags	searches.org.ai	Search	Getdoctags	getdoctags	getdoctags	Search for getdoctags	1
https://searches.org.ai/Getdocthoughts	searches.org.ai	Search	Getdocthoughts	getdocthoughts	getdocthoughts	Search for getdocthoughts	1
https://searches.org.ai/ObtenerInformacion	searches.org.ai	Search	ObtenerInformacion	obtener_informacion	obtener_informacion	Search for obtener_informacion	1
https://searches.org.ai/G4cSearchCourse	searches.org.ai	Search	G4cSearchCourse	g4c_search_course	g4c_search_course	Search for g4c_search_course	1
https://searches.org.ai/Stakeholdersearch	searches.org.ai	Search	Stakeholdersearch	stakeholdersearch	stakeholderSearch	Search for stakeholderSearch	1
https://searches.org.ai/RetrieveTickets	searches.org.ai	Search	RetrieveTickets	retrieve_tickets	retrieve_tickets	Search for retrieve_tickets	1
https://searches.org.ai/UpdateTicket	searches.org.ai	Search	UpdateTicket	update_ticket	update_ticket	Search for update_ticket	1
https://searches.org.ai/UpdateTag	searches.org.ai	Search	UpdateTag	update_tag	update_tag	Search for update_tag	1
https://searches.org.ai/RetrieveTags	searches.org.ai	Search	RetrieveTags	retrieve_tags	retrieve_tags	Search for retrieve_tags	1
https://searches.org.ai/FindTypicalResponse	searches.org.ai	Search	FindTypicalResponse	find_typical_response	find_typical_response	Search for find_typical_response	1
https://searches.org.ai/UpdateTypicalResponse	searches.org.ai	Search	UpdateTypicalResponse	update_typical_response	update_typical_response	Search for update_typical_response	1
https://searches.org.ai/RetrieveTypicalResponses	searches.org.ai	Search	RetrieveTypicalResponses	retrieve_typical_responses	retrieve_typical_responses	Search for retrieve_typical_responses	1
https://searches.org.ai/GetEnrichCRMData	searches.org.ai	Search	GetEnrichCRMData	get_enrich_crm_data	Get_Enrich_CRM_Data	Search for Get_Enrich_CRM_Data	1
https://searches.org.ai/SharereviewUrlssearch	searches.org.ai	Search	SharereviewUrlssearch	sharereview_urlssearch	sharereview_urlsSearch	Search for sharereview_urlsSearch	1
https://searches.org.ai/Taskssearch	searches.org.ai	Search	Taskssearch	taskssearch	tasksSearch	Search for tasksSearch	1
https://searches.org.ai/Guidesearch	searches.org.ai	Search	Guidesearch	guidesearch	guideSearch	Search for guideSearch	1
https://searches.org.ai/GetGroupByID	searches.org.ai	Search	GetGroupByID	get_group_by_id	get_group_by_id	Search for get_group_by_id	2
https://searches.org.ai/GetCallRecords	searches.org.ai	Search	GetCallRecords	get_call_records	get_call_records	Search for get_call_records	2
https://searches.org.ai/GetVoicemailByID	searches.org.ai	Search	GetVoicemailByID	get_voicemail_by_id	get_voicemail_by_id	Search for get_voicemail_by_id	2
https://searches.org.ai/GetCallHistoryItemByID	searches.org.ai	Search	GetCallHistoryItemByID	get_call_history_item_by_id	get_call_history_item_by_id	Search for get_call_history_item_by_id	2
https://searches.org.ai/GetStatus	searches.org.ai	Search	GetStatus	get_status	get_status	Search for get_status	1
https://searches.org.ai/ProfanityDetection	searches.org.ai	Search	ProfanityDetection	profanity_detection	profanity_detection	Search for profanity_detection	1
https://searches.org.ai/EmailValidation	searches.org.ai	Search	EmailValidation	email_validation	email_validation	Search for email_validation	1
https://searches.org.ai/PhoneValidation	searches.org.ai	Search	PhoneValidation	phone_validation	phone_validation	Search for phone_validation	1
https://searches.org.ai/BinLookup	searches.org.ai	Search	BinLookup	bin_lookup	bin_lookup	Search for bin_lookup	1
https://searches.org.ai/RandomLocations	searches.org.ai	Search	RandomLocations	random_locations	random_locations	Search for random_locations	1
https://searches.org.ai/GetTestResults	searches.org.ai	Search	GetTestResults	get_test_results	get_test_results	Search for get_test_results	1
https://searches.org.ai/FindResults	searches.org.ai	Search	FindResults	find_results	find_results	Search for find_results	1
https://searches.org.ai/TicketIdentifiersearch	searches.org.ai	Search	TicketIdentifiersearch	ticket_identifiersearch	ticket_identifierSearch	Search for ticket_identifierSearch	1
https://searches.org.ai/CompanyUser	searches.org.ai	Search	CompanyUser	company_user	company_user	Search for company_user	1
https://searches.org.ai/Space	searches.org.ai	Search	Space	space	space	Search for space	1
https://searches.org.ai/TaskType	searches.org.ai	Search	TaskType	task_type	task_type	Search for task_type	1
https://searches.org.ai/TaskStatus	searches.org.ai	Search	TaskStatus	task_status	task_status	Search for task_status	1
https://searches.org.ai/Field	searches.org.ai	Search	Field	field	field	Search for field	1
https://searches.org.ai/FormSubmission	searches.org.ai	Search	FormSubmission	form_submission	form_submission	Search for form_submission	1
https://searches.org.ai/Specs	searches.org.ai	Search	Specs	specs	specs	Search for specs	1
https://searches.org.ai/Marketvalue	searches.org.ai	Search	Marketvalue	marketvalue	marketvalue	Search for marketvalue	1
https://searches.org.ai/Platedecoder	searches.org.ai	Search	Platedecoder	platedecoder	platedecoder	Search for platedecoder	1
https://searches.org.ai/History	searches.org.ai	Search	History	history	history	Search for history	1
https://searches.org.ai/Internationalvindecoderapi	searches.org.ai	Search	Internationalvindecoderapi	internationalvindecoderapi	internationalvindecoderapi	Search for internationalvindecoderapi	1
https://searches.org.ai/Images	searches.org.ai	Search	Images	images	images	Search for images	1
https://searches.org.ai/Recalls	searches.org.ai	Search	Recalls	recalls	recalls	Search for recalls	1
https://searches.org.ai/Ymm	searches.org.ai	Search	Ymm	ymm	ymm	Search for ymm	1
https://searches.org.ai/Obdcodesdecoder	searches.org.ai	Search	Obdcodesdecoder	obdcodesdecoder	obdcodesdecoder	Search for obdcodesdecoder	1
https://searches.org.ai/Plateimagerecognition	searches.org.ai	Search	Plateimagerecognition	plateimagerecognition	plateimagerecognition	Search for plateimagerecognition	1
https://searches.org.ai/Vinocr	searches.org.ai	Search	Vinocr	vinocr	vinocr	Search for vinocr	1
https://searches.org.ai/GetBooking	searches.org.ai	Search	GetBooking	get_booking	get_booking	Search for get_booking	1
https://searches.org.ai/SearchManager	searches.org.ai	Search	SearchManager	search_manager	search_manager	Search for search_manager	1
https://searches.org.ai/ConfigurePass	searches.org.ai	Search	ConfigurePass	configure_pass	configure_pass	Search for configure_pass	1
https://searches.org.ai/FindAssessmentInvitation	searches.org.ai	Search	FindAssessmentInvitation	find_assessment_invitation	find_assessment_invitation	Search for find_assessment_invitation	1
https://searches.org.ai/GetJourneyOptions	searches.org.ai	Search	GetJourneyOptions	get_journey_options	get_journey_options	Search for get_journey_options	1
https://searches.org.ai/GetJourneysByReferenceNo	searches.org.ai	Search	GetJourneysByReferenceNo	get_journeys_by_reference_no	get_journeys_by_reference_no	Search for get_journeys_by_reference_no	1
https://searches.org.ai/PerformAndReturnAmlCheck	searches.org.ai	Search	PerformAndReturnAmlCheck	perform_and_return_aml_check	perform_and_return_aml_check	Search for perform_and_return_aml_check	1
https://searches.org.ai/FindNauticalOrder	searches.org.ai	Search	FindNauticalOrder	find_nautical_order	find_nautical_order	Search for find_nautical_order	1
https://searches.org.ai/FindStocks	searches.org.ai	Search	FindStocks	find_stocks	find_stocks	Search for find_stocks	1
https://searches.org.ai/FindVariants	searches.org.ai	Search	FindVariants	find_variants	find_variants	Search for find_variants	1
https://searches.org.ai/FindVariant	searches.org.ai	Search	FindVariant	find_variant	find_variant	Search for find_variant	1
https://searches.org.ai/FindNauticalOrderByNumber	searches.org.ai	Search	FindNauticalOrderByNumber	find_nautical_order_by_number	find_nautical_order_by_number	Search for find_nautical_order_by_number	1
https://searches.org.ai/SearchWorkflow	searches.org.ai	Search	SearchWorkflow	search_workflow	search_workflow	Search for search_workflow	1
https://searches.org.ai/FindBookingPerformances	searches.org.ai	Search	FindBookingPerformances	find_booking_performances	find_booking_performances	Search for find_booking_performances	1
https://searches.org.ai/Queuesearch	searches.org.ai	Search	Queuesearch	queuesearch	queueSearch	Search for queueSearch	1
https://searches.org.ai/FindRegistration	searches.org.ai	Search	FindRegistration	find_registration	find_registration	Search for find_registration	1
https://searches.org.ai/GetCaseNotes	searches.org.ai	Search	GetCaseNotes	get_case_notes	get_case_notes	Search for get_case_notes	1
https://searches.org.ai/GetActivityNotes	searches.org.ai	Search	GetActivityNotes	get_activity_notes	get_activity_notes	Search for get_activity_notes	1
https://searches.org.ai/GetCustomerNotes	searches.org.ai	Search	GetCustomerNotes	get_customer_notes	get_customer_notes	Search for get_customer_notes	1
https://searches.org.ai/GetAPIResponse	searches.org.ai	Search	GetAPIResponse	get_api_response	get_api_response	Search for get_api_response	1
https://searches.org.ai/GetRecordFieldData	searches.org.ai	Search	GetRecordFieldData	get_record_field_data	get_record_field_data	Search for get_record_field_data	1
https://searches.org.ai/GetRecordFieldNames	searches.org.ai	Search	GetRecordFieldNames	get_record_field_names	get_record_field_names	Search for get_record_field_names	1
https://searches.org.ai/GetDocumentFileOriginal	searches.org.ai	Search	GetDocumentFileOriginal	get_document_file_original	get_document_file_original	Search for get_document_file_original	1
https://searches.org.ai/GetDocumentFilePDF	searches.org.ai	Search	GetDocumentFilePDF	get_document_file_pdf	get_document_file_pdf	Search for get_document_file_pdf	1
https://searches.org.ai/GetRecordingURL	searches.org.ai	Search	GetRecordingURL	get_recording_url	get_recording_url	Search for get_recording_url	1
https://searches.org.ai/ContactEnrichmentsearch	searches.org.ai	Search	ContactEnrichmentsearch	contact_enrichmentsearch	contact_enrichmentSearch	Search for contact_enrichmentSearch	1
https://searches.org.ai/SocialURLEnrichmentsearch	searches.org.ai	Search	SocialURLEnrichmentsearch	social_url_enrichmentsearch	social_url_enrichmentSearch	Search for social_url_enrichmentSearch	1
https://searches.org.ai/GetAnswers	searches.org.ai	Search	GetAnswers	get_answers	get_answers	Search for get_answers	1
https://searches.org.ai/SearchWorkorderCategory	searches.org.ai	Search	SearchWorkorderCategory	search_workorder_category	search_workorder_category	Search for search_workorder_category	1
https://searches.org.ai/GetHire	searches.org.ai	Search	GetHire	get_hire	get_hire	Search for get_hire	1
https://searches.org.ai/GetTerm	searches.org.ai	Search	GetTerm	get_term	get_term	Search for get_term	1
https://searches.org.ai/GetBusiness	searches.org.ai	Search	GetBusiness	get_business	get_business	Search for get_business	1
https://searches.org.ai/SearchText	searches.org.ai	Search	SearchText	search_text	search_text	Search for search_text	2
https://searches.org.ai/GetAyah	searches.org.ai	Search	GetAyah	get_ayah	get_ayah	Search for get_ayah	1
https://searches.org.ai/GetAyahAudio	searches.org.ai	Search	GetAyahAudio	get_ayah_audio	get_ayah_audio	Search for get_ayah_audio	1
https://searches.org.ai/GetAyahImageSearch	searches.org.ai	Search	GetAyahImageSearch	get_ayah_image_search	get_ayah_image_search	Search for get_ayah_image_search	1
https://searches.org.ai/PrequalResults	searches.org.ai	Search	PrequalResults	prequal_results	prequal_results	Search for prequal_results	1
https://searches.org.ai/SearchShort	searches.org.ai	Search	SearchShort	search_short	Search_short	Search for Search_short	1
https://searches.org.ai/ReadShort	searches.org.ai	Search	ReadShort	read_short	read_short	Search for read_short	1
https://searches.org.ai/ReadAnalytics	searches.org.ai	Search	ReadAnalytics	read_analytics	read_analytics	Search for read_analytics	1
https://searches.org.ai/FindRender	searches.org.ai	Search	FindRender	find_render	find_render	Search for find_render	1
https://searches.org.ai/GetInformationForASpecificDroppedAsset	searches.org.ai	Search	GetInformationForASpecificDroppedAsset	get_information_for_a_specific_dropped_asset	get_information_for_a_specific_dropped_asset	Search for get_information_for_a_specific_dropped_asset	1
https://searches.org.ai/FindSceneInLibraryByName	searches.org.ai	Search	FindSceneInLibraryByName	find_scene_in_library_by_name	find_scene_in_library_by_name	Search for find_scene_in_library_by_name	1
https://searches.org.ai/FindAssetInLibraryByName	searches.org.ai	Search	FindAssetInLibraryByName	find_asset_in_library_by_name	find_asset_in_library_by_name	Search for find_asset_in_library_by_name	1
https://searches.org.ai/FindSaverProperty	searches.org.ai	Search	FindSaverProperty	find_saver_property	find_saver_property	Search for find_saver_property	1
https://searches.org.ai/FindSaver	searches.org.ai	Search	FindSaver	find_saver	find_saver	Search for find_saver	1
https://searches.org.ai/FindSavingFund	searches.org.ai	Search	FindSavingFund	find_saving_fund	find_saving_fund	Search for find_saving_fund	1
https://searches.org.ai/FindChemicalStorage	searches.org.ai	Search	FindChemicalStorage	find_chemical_storage	find_chemical_storage	Search for find_chemical_storage	1
https://searches.org.ai/FindChemicalProduct	searches.org.ai	Search	FindChemicalProduct	find_chemical_product	find_chemical_product	Search for find_chemical_product	1
https://searches.org.ai/FindChemicalProudctByProductID	searches.org.ai	Search	FindChemicalProudctByProductID	find_chemical_proudct_by_product_id	find_chemical_proudct_by_product_id	Search for find_chemical_proudct_by_product_id	1
https://searches.org.ai/FindClaim	searches.org.ai	Search	FindClaim	find_claim	find_claim	Search for find_claim	1
https://searches.org.ai/Contactbyemail	searches.org.ai	Search	Contactbyemail	contactbyemail	contactbyemail	Search for contactbyemail	1
https://searches.org.ai/FindProjectTemplate	searches.org.ai	Search	FindProjectTemplate	find_project_template	find_project_template	Search for find_project_template	1
https://searches.org.ai/SearchConsumer	searches.org.ai	Search	SearchConsumer	search_consumer	search_consumer	Search for search_consumer	1
https://searches.org.ai/SearchPartner	searches.org.ai	Search	SearchPartner	search_partner	search_partner	Search for search_partner	1
https://searches.org.ai/GetViolationType	searches.org.ai	Search	GetViolationType	get_violation_type	get_violation_type	Search for get_violation_type	1
https://searches.org.ai/GetCcrArticle	searches.org.ai	Search	GetCcrArticle	get_ccr_article	get_ccr_article	Search for get_ccr_article	1
https://searches.org.ai/GetEscalation	searches.org.ai	Search	GetEscalation	get_escalation	get_escalation	Search for get_escalation	1
https://searches.org.ai/GetViolation	searches.org.ai	Search	GetViolation	get_violation	get_violation	Search for get_violation	1
https://searches.org.ai/FindPropertyExternalID	searches.org.ai	Search	FindPropertyExternalID	find_property_external_id	find_property_external_id	Search for find_property_external_id	1
https://searches.org.ai/FindAccountByExternalID	searches.org.ai	Search	FindAccountByExternalID	find_account_by_external_id	find_account_by_external_id	Search for find_account_by_external_id	1
https://searches.org.ai/SupporterSearch	searches.org.ai	Search	SupporterSearch	supporter_search	supporter_search	Search for supporter_search	1
https://searches.org.ai/Privatechannelsearch	searches.org.ai	Search	Privatechannelsearch	privatechannelsearch	privateChannelSearch	Search for privateChannelSearch	1
https://searches.org.ai/FindUserRequests	searches.org.ai	Search	FindUserRequests	find_user_requests	find_user_requests	Search for find_user_requests	1
https://searches.org.ai/QueryPrompts	searches.org.ai	Search	QueryPrompts	query_prompts	query_prompts	Search for query_prompts	1
https://searches.org.ai/QueryDatasets	searches.org.ai	Search	QueryDatasets	query_datasets	query_datasets	Search for query_datasets	1
https://searches.org.ai/Clustersearch	searches.org.ai	Search	Clustersearch	clustersearch	clusterSearch	Search for clusterSearch	1
https://searches.org.ai/Databasesearch	searches.org.ai	Search	Databasesearch	databasesearch	databaseSearch	Search for databaseSearch	1
https://searches.org.ai/Tablesearch	searches.org.ai	Search	Tablesearch	tablesearch	tableSearch	Search for tableSearch	1
https://searches.org.ai/RowQuery	searches.org.ai	Search	RowQuery	row_query	row_query	Search for row_query	1
https://searches.org.ai/GetAccountActivity	searches.org.ai	Search	GetAccountActivity	get_account_activity	get_account_activity	Search for get_account_activity	1
https://searches.org.ai/GetCertificationCampaign	searches.org.ai	Search	GetCertificationCampaign	get_certification_campaign	get_certification_campaign	Search for get_certification_campaign	1
https://searches.org.ai/ListRequestableObjects	searches.org.ai	Search	ListRequestableObjects	list_requestable_objects	list_requestable_objects	Search for list_requestable_objects	1
https://searches.org.ai/ListPublicIdentities	searches.org.ai	Search	ListPublicIdentities	list_public_identities	list_public_identities	Search for list_public_identities	1
https://searches.org.ai/ListAccountActivities	searches.org.ai	Search	ListAccountActivities	list_account_activities	list_account_activities	Search for list_account_activities	1
https://searches.org.ai/ListCertificationCampaigns	searches.org.ai	Search	ListCertificationCampaigns	list_certification_campaigns	list_certification_campaigns	Search for list_certification_campaigns	1
https://searches.org.ai/ScreenCustomer	searches.org.ai	Search	ScreenCustomer	screen_customer	screen_customer	Search for screen_customer	1
https://searches.org.ai/GetByRemoteID	searches.org.ai	Search	GetByRemoteID	get_by_remote_id	get_by_remote_id	Search for get_by_remote_id	1
https://searches.org.ai/GetAll	searches.org.ai	Search	GetAll	get_all	get_all	Search for get_all	1
https://searches.org.ai/Getstatus	searches.org.ai	Search	Getstatus	getstatus	getStatus	Search for getStatus	1
https://searches.org.ai/ListCustomers	searches.org.ai	Search	ListCustomers	list_customers	list_customers	Search for list_customers	1
https://searches.org.ai/UpdateCustomer	searches.org.ai	Search	UpdateCustomer	update_customer	update_customer	Search for update_customer	1
https://searches.org.ai/ListOrders	searches.org.ai	Search	ListOrders	list_orders	list_orders	Search for list_orders	1
https://searches.org.ai/GetProductVariants	searches.org.ai	Search	GetProductVariants	get_product_variants	get_product_variants	Search for get_product_variants	1
https://searches.org.ai/GetSubcategories	searches.org.ai	Search	GetSubcategories	get_subcategories	get_subcategories	Search for get_subcategories	1
https://searches.org.ai/GetProductOptions	searches.org.ai	Search	GetProductOptions	get_product_options	get_product_options	Search for get_product_options	1
https://searches.org.ai/GetProductKpis	searches.org.ai	Search	GetProductKpis	get_product_kpis	get_product_kpis	Search for get_product_kpis	1
https://searches.org.ai/GetTaxCategoriesGrouped	searches.org.ai	Search	GetTaxCategoriesGrouped	get_tax_categories_grouped	get_tax_categories_grouped	Search for get_tax_categories_grouped	1
https://searches.org.ai/GetTaxCategoryAssignment	searches.org.ai	Search	GetTaxCategoryAssignment	get_tax_category_assignment	get_tax_category_assignment	Search for get_tax_category_assignment	1
https://searches.org.ai/ListTests	searches.org.ai	Search	ListTests	list_tests	list_tests	Search for list_tests	1
https://searches.org.ai/ListCandidates	searches.org.ai	Search	ListCandidates	list_candidates	list_candidates	Search for list_candidates	1
https://searches.org.ai/GetPeople	searches.org.ai	Search	GetPeople	get_people	get_people	Search for get_people	1
https://searches.org.ai/PeopleExport	searches.org.ai	Search	PeopleExport	people_export	people_export	Search for people_export	1
https://searches.org.ai/PeopleExportBatch	searches.org.ai	Search	PeopleExportBatch	people_export_batch	people_export_batch	Search for people_export_batch	1
https://searches.org.ai/GetCollections	searches.org.ai	Search	GetCollections	get_collections	get_collections	Search for get_collections	1
https://searches.org.ai/GetCollection	searches.org.ai	Search	GetCollection	get_collection	get_collection	Search for get_collection	1
https://searches.org.ai/GetCollectionItems	searches.org.ai	Search	GetCollectionItems	get_collection_items	get_collection_items	Search for get_collection_items	1
https://searches.org.ai/Stormsearch	searches.org.ai	Search	Stormsearch	stormsearch	stormSearch	Search for stormSearch	1
https://searches.org.ai/AddressSearch	searches.org.ai	Search	AddressSearch	address_search	address_search	Search for address_search	1
https://searches.org.ai/SearchCode	searches.org.ai	Search	SearchCode	search_code	search_code	Search for search_code	1
https://searches.org.ai/SearchTable	searches.org.ai	Search	SearchTable	search_table	search_table	Search for search_table	1
https://searches.org.ai/Answer	searches.org.ai	Search	Answer	answer	answer	Search for answer	1
https://searches.org.ai/ResearchGet	searches.org.ai	Search	ResearchGet	research_get	research_get	Search for research_get	1
https://searches.org.ai/Getposts	searches.org.ai	Search	Getposts	getposts	getPosts	Search for getPosts	1
https://searches.org.ai/Getsocialaccounts	searches.org.ai	Search	Getsocialaccounts	getsocialaccounts	getSocialAccounts	Search for getSocialAccounts	1
https://searches.org.ai/Getpinterestboardlist	searches.org.ai	Search	Getpinterestboardlist	getpinterestboardlist	getPinterestBoardList	Search for getPinterestBoardList	1
https://searches.org.ai/GetVideo	searches.org.ai	Search	GetVideo	get_video	get_video	Search for get_video	2
https://searches.org.ai/GetVideoContent	searches.org.ai	Search	GetVideoContent	get_video_content	get_video_content	Search for get_video_content	1
https://searches.org.ai/GetVeoResult	searches.org.ai	Search	GetVeoResult	get_veo_result	get_veo_result	Search for get_veo_result	1
https://searches.org.ai/QueryTable	searches.org.ai	Search	QueryTable	query_table	query_table	Search for query_table	1
https://searches.org.ai/Venuesearch	searches.org.ai	Search	Venuesearch	venuesearch	venueSearch	Search for venueSearch	1
https://searches.org.ai/Artist	searches.org.ai	Search	Artist	artist	artist	Search for artist	1
https://searches.org.ai/MemberSearch	searches.org.ai	Search	MemberSearch	member_search	member_search	Search for member_search	1
https://searches.org.ai/SearchForEntity	searches.org.ai	Search	SearchForEntity	search_for_entity	search_for_entity	Search for search_for_entity	1
https://searches.org.ai/Orgquery	searches.org.ai	Search	Orgquery	orgquery	orgQuery	Search for orgQuery	1
https://searches.org.ai/Publicquery	searches.org.ai	Search	Publicquery	publicquery	publicQuery	Search for publicQuery	1
https://searches.org.ai/UserschoolparticipantSearch	searches.org.ai	Search	UserschoolparticipantSearch	userschoolparticipant_search	userschoolparticipant_search	Search for userschoolparticipant_search	1
https://searches.org.ai/TrainingRegistrationPollResultSetSearch	searches.org.ai	Search	TrainingRegistrationPollResultSetSearch	training_registration_poll_result_set_search	training_registration_poll_result_set_search	Search for training_registration_poll_result_set_search	1
https://searches.org.ai/Overview	searches.org.ai	Search	Overview	overview	overview	Search for overview	1
https://searches.org.ai/FindByName	searches.org.ai	Search	FindByName	find_by_name	find_by_name	Search for find_by_name	1
https://searches.org.ai/FindByUserID	searches.org.ai	Search	FindByUserID	find_by_user_id	find_by_user_id	Search for find_by_user_id	1
https://searches.org.ai/FindByCustomField	searches.org.ai	Search	FindByCustomField	find_by_custom_field	find_by_custom_field	Search for find_by_custom_field	1
https://searches.org.ai/Vehiclesearch	searches.org.ai	Search	Vehiclesearch	vehiclesearch	vehicleSearch	Search for vehicleSearch	1
https://searches.org.ai/FindLicensee	searches.org.ai	Search	FindLicensee	find_licensee	find_licensee	Search for find_licensee	1
https://searches.org.ai/Getlead	searches.org.ai	Search	Getlead	getlead	getLead	Search for getLead	1
https://searches.org.ai/ChangeRequestSearch	searches.org.ai	Search	ChangeRequestSearch	change_request_search	change_request_search	Search for change_request_search	2
https://searches.org.ai/IncidentSearch	searches.org.ai	Search	IncidentSearch	incident_search	incident_search	Search for incident_search	1
https://searches.org.ai/GetUserInformation	searches.org.ai	Search	GetUserInformation	get_user_information	Get_User_Information	Search for Get_User_Information	1
https://searches.org.ai/GetUserPermissions	searches.org.ai	Search	GetUserPermissions	get_user_permissions	Get_User_Permissions	Search for Get_User_Permissions	1
https://searches.org.ai/GetGroupPermissions	searches.org.ai	Search	GetGroupPermissions	get_group_permissions	Get_Group_Permissions	Search for Get_Group_Permissions	1
https://searches.org.ai/GetLicenses	searches.org.ai	Search	GetLicenses	get_licenses	Get_Licenses	Search for Get_Licenses	1
https://searches.org.ai/GetGroupDocumentSecurity	searches.org.ai	Search	GetGroupDocumentSecurity	get_group_document_security	Get_Group_Document_Security	Search for Get_Group_Document_Security	1
https://searches.org.ai/GetUserDocumentSecurity	searches.org.ai	Search	GetUserDocumentSecurity	get_user_document_security	Get_User_Document_Security	Search for Get_User_Document_Security	1
https://searches.org.ai/FindInwardConsignments	searches.org.ai	Search	FindInwardConsignments	find_inward_consignments	find_inward_consignments	Search for find_inward_consignments	1
https://searches.org.ai/FindPayout	searches.org.ai	Search	FindPayout	find_payout	find_payout	Search for find_payout	1
https://searches.org.ai/FindFulfillmentCentre	searches.org.ai	Search	FindFulfillmentCentre	find_fulfillment_centre	find_fulfillment_centre	Search for find_fulfillment_centre	1
https://searches.org.ai/FindRecallConsignments	searches.org.ai	Search	FindRecallConsignments	find_recall_consignments	find_recall_consignments	Search for find_recall_consignments	1
https://searches.org.ai/FindSalesChannel	searches.org.ai	Search	FindSalesChannel	find_sales_channel	find_sales_channel	Search for find_sales_channel	1
https://searches.org.ai/FindInwardConsignmentsAppointment	searches.org.ai	Search	FindInwardConsignmentsAppointment	find_inward_consignments_appointment	find_inward_consignments_appointment	Search for find_inward_consignments_appointment	1
https://searches.org.ai/FindPayable	searches.org.ai	Search	FindPayable	find_payable	find_payable	Search for find_payable	1
https://searches.org.ai/FindReturn	searches.org.ai	Search	FindReturn	find_return	find_return	Search for find_return	1
https://searches.org.ai/GetOrderDetail	searches.org.ai	Search	GetOrderDetail	get_order_detail	get_order_detail	Search for get_order_detail	1
https://searches.org.ai/FindParty	searches.org.ai	Search	FindParty	find_party	find_party	Search for find_party	1
https://searches.org.ai/Transactions	searches.org.ai	Search	Transactions	transactions	transactions	Search for transactions	1
https://searches.org.ai/FindCRMData	searches.org.ai	Search	FindCRMData	find_crm_data	find_crm_data	Search for find_crm_data	1
https://searches.org.ai/ValidateEmail	searches.org.ai	Search	ValidateEmail	validate_email	validate_email	Search for validate_email	1
https://searches.org.ai/EnrichEmail	searches.org.ai	Search	EnrichEmail	enrich_email	enrich_email	Search for enrich_email	1
https://searches.org.ai/DomainEnrichment	searches.org.ai	Search	DomainEnrichment	domain_enrichment	domain_enrichment	Search for domain_enrichment	1
https://searches.org.ai/FindStructuresOfMission	searches.org.ai	Search	FindStructuresOfMission	find_structures_of_mission	find_structures_of_mission	Search for find_structures_of_mission	1
https://searches.org.ai/GetGuest	searches.org.ai	Search	GetGuest	get_guest	get_guest	Search for get_guest	1
https://searches.org.ai/GetGoals	searches.org.ai	Search	GetGoals	get_goals	get_goals	Search for get_goals	1
https://searches.org.ai/GetKrs	searches.org.ai	Search	GetKrs	get_krs	get_krs	Search for get_krs	1
https://searches.org.ai/FindMetric	searches.org.ai	Search	FindMetric	find_metric	find_metric	Search for find_metric	1
https://searches.org.ai/FindAssignee	searches.org.ai	Search	FindAssignee	find_assignee	find_assignee	Search for find_assignee	1
https://searches.org.ai/FindCalls	searches.org.ai	Search	FindCalls	find_calls	find_calls	Search for find_calls	1
https://searches.org.ai/FindDownloadKey	searches.org.ai	Search	FindDownloadKey	find_download_key	find_download_key	Search for find_download_key	1
https://searches.org.ai/Bucketsearch	searches.org.ai	Search	Bucketsearch	bucketsearch	bucketSearch	Search for bucketSearch	1
https://searches.org.ai/SearchCustomerUser	searches.org.ai	Search	SearchCustomerUser	search_customer_user	search_customer_user	Search for search_customer_user	1
https://searches.org.ai/SearchOssSubscription	searches.org.ai	Search	SearchOssSubscription	search_oss_subscription	search_oss_subscription	Search for search_oss_subscription	1
https://searches.org.ai/SignerFields	searches.org.ai	Search	SignerFields	signer_fields	signer_fields	Search for signer_fields	1
https://searches.org.ai/TemplateSenderFields	searches.org.ai	Search	TemplateSenderFields	template_sender_fields	template_sender_fields	Search for template_sender_fields	1
https://searches.org.ai/CdvAccount	searches.org.ai	Search	CdvAccount	cdv_account	cdv_account	Search for cdv_account	1
https://searches.org.ai/CdvBatch	searches.org.ai	Search	CdvBatch	cdv_batch	cdv_batch	Search for cdv_batch	1
https://searches.org.ai/CdvBranch	searches.org.ai	Search	CdvBranch	cdv_branch	cdv_branch	Search for cdv_branch	1
https://searches.org.ai/Report	searches.org.ai	Search	Report	report	report	Search for report	1
https://searches.org.ai/GetMemberByIdentity	searches.org.ai	Search	GetMemberByIdentity	get_member_by_identity	get_member_by_identity	Search for get_member_by_identity	1
https://searches.org.ai/FindActivesubscriptioncharges	searches.org.ai	Search	FindActivesubscriptioncharges	find_activesubscriptioncharges	find_activesubscriptioncharges	Search for find_activesubscriptioncharges	1
https://searches.org.ai/FindChargesonplan	searches.org.ai	Search	FindChargesonplan	find_chargesonplan	find_chargesonplan	Search for find_chargesonplan	1
https://searches.org.ai/FindCandidateByEmail	searches.org.ai	Search	FindCandidateByEmail	find_candidate_by_email	find_candidate_by_email	Search for find_candidate_by_email	1
https://searches.org.ai/FindOfferByID	searches.org.ai	Search	FindOfferByID	find_offer_by_id	find_offer_by_id	Search for find_offer_by_id	1
https://searches.org.ai/GetJobCandidate	searches.org.ai	Search	GetJobCandidate	get_job_candidate	get_job_candidate	Search for get_job_candidate	1
https://searches.org.ai/Resultsetsearch	searches.org.ai	Search	Resultsetsearch	resultsetsearch	resultsetSearch	Search for resultsetSearch	1
https://searches.org.ai/Findlist	searches.org.ai	Search	Findlist	findlist	findList	Search for findList	1
https://searches.org.ai/FindCertifiedCheck	searches.org.ai	Search	FindCertifiedCheck	find_certified_check	find_certified_check	Search for find_certified_check	1
https://searches.org.ai/FindSelfcheck	searches.org.ai	Search	FindSelfcheck	find_selfcheck	find_selfcheck	Search for find_selfcheck	1
https://searches.org.ai/ListChecklists	searches.org.ai	Search	ListChecklists	list_checklists	list_checklists	Search for list_checklists	1
https://searches.org.ai/Agreement	searches.org.ai	Search	Agreement	agreement	agreement	Search for agreement	1
https://searches.org.ai/Obligation	searches.org.ai	Search	Obligation	obligation	obligation	Search for obligation	1
https://searches.org.ai/SearchProjectTasks	searches.org.ai	Search	SearchProjectTasks	search_project_tasks	search_project_tasks	Search for search_project_tasks	1
https://searches.org.ai/SearchTaskBlocks	searches.org.ai	Search	SearchTaskBlocks	search_task_blocks	search_task_blocks	Search for search_task_blocks	1
https://searches.org.ai/SearchProjectByFields	searches.org.ai	Search	SearchProjectByFields	search_project_by_fields	search_project_by_fields	Search for search_project_by_fields	1
https://searches.org.ai/SearchClientByAttributes	searches.org.ai	Search	SearchClientByAttributes	search_client_by_attributes	search_client_by_attributes	Search for search_client_by_attributes	1
https://searches.org.ai/SearchProjectsByID	searches.org.ai	Search	SearchProjectsByID	search_projects_by_id	search_projects_by_id	Search for search_projects_by_id	1
https://searches.org.ai/UpdateClient	searches.org.ai	Search	UpdateClient	update_client	Update_Client	Search for Update_Client	1
https://searches.org.ai/UpdateCustomfeedevent	searches.org.ai	Search	UpdateCustomfeedevent	update_customfeedevent	Update_CustomFeedEvent	Search for Update_CustomFeedEvent	1
https://searches.org.ai/UpdateTime	searches.org.ai	Search	UpdateTime	update_time	Update_Time	Search for Update_Time	1
https://searches.org.ai/UpdateTimeTag	searches.org.ai	Search	UpdateTimeTag	update_time_tag	Update_Time_Tag	Search for Update_Time_Tag	1
https://searches.org.ai/GetClientProjects	searches.org.ai	Search	GetClientProjects	get_client_projects	Get_Client_Projects	Search for Get_Client_Projects	1
https://searches.org.ai/GetProjectTasks	searches.org.ai	Search	GetProjectTasks	get_project_tasks	Get_Project_Tasks	Search for Get_Project_Tasks	1
https://searches.org.ai/GetTimes	searches.org.ai	Search	GetTimes	get_times	Get_Times	Search for Get_Times	1
https://searches.org.ai/GetClientTimes	searches.org.ai	Search	GetClientTimes	get_client_times	Get_Client_Times	Search for Get_Client_Times	1
https://searches.org.ai/GetTimeTags	searches.org.ai	Search	GetTimeTags	get_time_tags	Get_Time_Tags	Search for Get_Time_Tags	1
https://searches.org.ai/GetProjectTimes	searches.org.ai	Search	GetProjectTimes	get_project_times	Get_Project_Times	Search for Get_Project_Times	1
https://searches.org.ai/UpdateGroup	searches.org.ai	Search	UpdateGroup	update_group	Update_Group	Search for Update_Group	1
https://searches.org.ai/CheckIP	searches.org.ai	Search	CheckIP	check_ip	check_ip	Search for check_ip	1
https://searches.org.ai/GetTranslationRequest	searches.org.ai	Search	GetTranslationRequest	get_translation_request	get_translation_request	Search for get_translation_request	1
https://searches.org.ai/Featuresearch	searches.org.ai	Search	Featuresearch	featuresearch	featureSearch	Search for featureSearch	1
https://searches.org.ai/Userkyc	searches.org.ai	Search	Userkyc	userkyc	userKyc	Search for userKyc	1
https://searches.org.ai/Accountstatement	searches.org.ai	Search	Accountstatement	accountstatement	accountStatement	Search for accountStatement	1
https://searches.org.ai/Creditlimits	searches.org.ai	Search	Creditlimits	creditlimits	creditLimits	Search for creditLimits	1
https://searches.org.ai/Creditcards	searches.org.ai	Search	Creditcards	creditcards	creditCards	Search for creditCards	1
https://searches.org.ai/Creditcardstatement	searches.org.ai	Search	Creditcardstatement	creditcardstatement	creditCardStatement	Search for creditCardStatement	1
https://searches.org.ai/Investments	searches.org.ai	Search	Investments	investments	investments	Search for investments	1
https://searches.org.ai/Investmenttransactions	searches.org.ai	Search	Investmenttransactions	investmenttransactions	investmentTransactions	Search for investmentTransactions	1
https://searches.org.ai/Creditcardtransactions	searches.org.ai	Search	Creditcardtransactions	creditcardtransactions	creditCardTransactions	Search for creditCardTransactions	1
https://searches.org.ai/Usercashflow	searches.org.ai	Search	Usercashflow	usercashflow	userCashFlow	Search for userCashFlow	1
https://searches.org.ai/Userreceipts	searches.org.ai	Search	Userreceipts	userreceipts	userReceipts	Search for userReceipts	1
https://searches.org.ai/GetActivityOnObject	searches.org.ai	Search	GetActivityOnObject	get_activity_on_object	get_activity_on_object	Search for get_activity_on_object	1
https://searches.org.ai/GetActivityFeed	searches.org.ai	Search	GetActivityFeed	get_activity_feed	get_activity_feed	Search for get_activity_feed	1
https://searches.org.ai/GetActivityActionsFeed	searches.org.ai	Search	GetActivityActionsFeed	get_activity_actions_feed	get_activity_actions_feed	Search for get_activity_actions_feed	1
https://searches.org.ai/GetRecommendedContentForUser	searches.org.ai	Search	GetRecommendedContentForUser	get_recommended_content_for_user	get_recommended_content_for_user	Search for get_recommended_content_for_user	1
https://searches.org.ai/GetRecommendedUsersToFollowForUser	searches.org.ai	Search	GetRecommendedUsersToFollowForUser	get_recommended_users_to_follow_for_user	get_recommended_users_to_follow_for_user	Search for get_recommended_users_to_follow_for_user	1
https://searches.org.ai/GetRelatedTags	searches.org.ai	Search	GetRelatedTags	get_related_tags	get_related_tags	Search for get_related_tags	1
https://searches.org.ai/GetRelatedContent	searches.org.ai	Search	GetRelatedContent	get_related_content	get_related_content	Search for get_related_content	1
https://searches.org.ai/GetRelatedUsers	searches.org.ai	Search	GetRelatedUsers	get_related_users	get_related_users	Search for get_related_users	1
https://searches.org.ai/Expensesearch	searches.org.ai	Search	Expensesearch	expensesearch	expenseSearch	Search for expenseSearch	1
https://searches.org.ai/FindContactID	searches.org.ai	Search	FindContactID	find_contact_id	find_contact_id	Search for find_contact_id	1
https://searches.org.ai/FindAccountIDForAContact	searches.org.ai	Search	FindAccountIDForAContact	find_account_id_for_a_contact	find_account_id_for_a_contact	Search for find_account_id_for_a_contact	1
https://searches.org.ai/FindTerritoryID	searches.org.ai	Search	FindTerritoryID	find_territory_id	find_territory_id	Search for find_territory_id	1
https://searches.org.ai/FindSalesUserID	searches.org.ai	Search	FindSalesUserID	find_sales_user_id	find_sales_user_id	Search for find_sales_user_id	1
https://searches.org.ai/FindExternalLeadTypes	searches.org.ai	Search	FindExternalLeadTypes	find_external_lead_types	find_external_lead_types	Search for find_external_lead_types	1
https://searches.org.ai/SearchBadge	searches.org.ai	Search	SearchBadge	search_badge	search_badge	Search for search_badge	1
https://searches.org.ai/Ifolio	searches.org.ai	Search	Ifolio	ifolio	ifolio	Search for ifolio	1
https://searches.org.ai/FindTicketWithReplies	searches.org.ai	Search	FindTicketWithReplies	find_ticket_with_replies	find_ticket_with_replies	Search for find_ticket_with_replies	1
https://searches.org.ai/RetrieveContactStatus	searches.org.ai	Search	RetrieveContactStatus	retrieve_contact_status	retrieve_contact_status	Search for retrieve_contact_status	1
https://searches.org.ai/KrSearch	searches.org.ai	Search	KrSearch	kr_search	kr_search	Search for kr_search	1
https://searches.org.ai/KPISearch	searches.org.ai	Search	KPISearch	kpi_search	kpi_search	Search for kpi_search	1
https://searches.org.ai/ScanV2	searches.org.ai	Search	ScanV2	scan_v2	scan_v2	Search for scan_v2	1
https://searches.org.ai/GetShops	searches.org.ai	Search	GetShops	get_shops	get_shops	Search for get_shops	1
https://searches.org.ai/GetShopProducts	searches.org.ai	Search	GetShopProducts	get_shop_products	get_shop_products	Search for get_shop_products	1
https://searches.org.ai/ProductUpdateOrCreate	searches.org.ai	Search	ProductUpdateOrCreate	product_update_or_create	product_update_or_create	Search for product_update_or_create	1
https://searches.org.ai/FindOrCreateTax	searches.org.ai	Search	FindOrCreateTax	find_or_create_tax	find_or_create_tax	Search for find_or_create_tax	1
https://searches.org.ai/Category	searches.org.ai	Search	Category	category	category	Search for category	1
https://searches.org.ai/ProductPlots	searches.org.ai	Search	ProductPlots	product_plots	product_plots	Search for product_plots	1
https://searches.org.ai/ProductUpsells	searches.org.ai	Search	ProductUpsells	product_upsells	product_upsells	Search for product_upsells	1
https://searches.org.ai/OrderTickets	searches.org.ai	Search	OrderTickets	order_tickets	order_tickets	Search for order_tickets	1
https://searches.org.ai/OrderTicket	searches.org.ai	Search	OrderTicket	order_ticket	order_ticket	Search for order_ticket	1
https://searches.org.ai/Checkin	searches.org.ai	Search	Checkin	checkin	checkin	Search for checkin	1
https://searches.org.ai/OrderCancel	searches.org.ai	Search	OrderCancel	order_cancel	order_cancel	Search for order_cancel	1
https://searches.org.ai/TicketCancel	searches.org.ai	Search	TicketCancel	ticket_cancel	ticket_cancel	Search for ticket_cancel	1
https://searches.org.ai/QueryTranslations	searches.org.ai	Search	QueryTranslations	query_translations	query_translations	Search for query_translations	1
https://searches.org.ai/GetTracking	searches.org.ai	Search	GetTracking	get_tracking	get_Tracking	Search for get_Tracking	1
https://searches.org.ai/Streamsearch	searches.org.ai	Search	Streamsearch	streamsearch	streamSearch	Search for streamSearch	1
https://searches.org.ai/AccountPropertysearch	searches.org.ai	Search	AccountPropertysearch	account_propertysearch	account_propertySearch	Search for account_propertySearch	1
https://searches.org.ai/ContactPropertysearch	searches.org.ai	Search	ContactPropertysearch	contact_propertysearch	contact_propertySearch	Search for contact_propertySearch	1
https://searches.org.ai/Accountbyid	searches.org.ai	Search	Accountbyid	accountbyid	accountById	Search for accountById	1
https://searches.org.ai/Contactbyid	searches.org.ai	Search	Contactbyid	contactbyid	contactById	Search for contactById	1
https://searches.org.ai/AccountTagsearch	searches.org.ai	Search	AccountTagsearch	account_tagsearch	account_tagSearch	Search for account_tagSearch	1
https://searches.org.ai/ContactTagsearch	searches.org.ai	Search	ContactTagsearch	contact_tagsearch	contact_tagSearch	Search for contact_tagSearch	1
https://searches.org.ai/FindWorkByExternalID	searches.org.ai	Search	FindWorkByExternalID	find_work_by_external_id	find_work_by_external_id	Search for find_work_by_external_id	1
https://searches.org.ai/Findattendeesearch	searches.org.ai	Search	Findattendeesearch	findattendeesearch	findAttendeeSearch	Search for findAttendeeSearch	1
https://searches.org.ai/FindAllCustomers	searches.org.ai	Search	FindAllCustomers	find_all_customers	find_all_customers	Search for find_all_customers	1
https://searches.org.ai/FindSessionData	searches.org.ai	Search	FindSessionData	find_session_data	find_session_data	Search for find_session_data	1
https://searches.org.ai/Getexpenseimage	searches.org.ai	Search	Getexpenseimage	getexpenseimage	getexpenseimage	Search for getexpenseimage	1
https://searches.org.ai/Exportexpenses	searches.org.ai	Search	Exportexpenses	exportexpenses	exportexpenses	Search for exportexpenses	1
https://searches.org.ai/Exportreport	searches.org.ai	Search	Exportreport	exportreport	exportreport	Search for exportreport	1
https://searches.org.ai/Getexportformats	searches.org.ai	Search	Getexportformats	getexportformats	getexportformats	Search for getexportformats	1
https://searches.org.ai/Getvalidatorreports	searches.org.ai	Search	Getvalidatorreports	getvalidatorreports	getvalidatorreports	Search for getvalidatorreports	1
https://searches.org.ai/Getexpenses	searches.org.ai	Search	Getexpenses	getexpenses	getexpenses	Search for getexpenses	1
https://searches.org.ai/Getreporthistory	searches.org.ai	Search	Getreporthistory	getreporthistory	getreporthistory	Search for getreporthistory	1
https://searches.org.ai/Getimageurl	searches.org.ai	Search	Getimageurl	getimageurl	getimageurl	Search for getimageurl	1
https://searches.org.ai/Getdelegatedaccess	searches.org.ai	Search	Getdelegatedaccess	getdelegatedaccess	getdelegatedaccess	Search for getdelegatedaccess	1
https://searches.org.ai/Getuserexpenses	searches.org.ai	Search	Getuserexpenses	getuserexpenses	getuserexpenses	Search for getuserexpenses	1
https://searches.org.ai/Getcredentialsbycredentialuuid	searches.org.ai	Search	Getcredentialsbycredentialuuid	getcredentialsbycredentialuuid	getCredentialsByCredentialUuid	Search for getCredentialsByCredentialUuid	1
https://searches.org.ai/Getissuerprofile	searches.org.ai	Search	Getissuerprofile	getissuerprofile	getIssuerProfile	Search for getIssuerProfile	1
https://searches.org.ai/Getcredentialsmetadatalist	searches.org.ai	Search	Getcredentialsmetadatalist	getcredentialsmetadatalist	getCredentialsMetadataList	Search for getCredentialsMetadataList	1
https://searches.org.ai/Getbatches	searches.org.ai	Search	Getbatches	getbatches	getBatches	Search for getBatches	1
https://searches.org.ai/Gettemplatebytemplateid	searches.org.ai	Search	Gettemplatebytemplateid	gettemplatebytemplateid	getTemplateByTemplateId	Search for getTemplateByTemplateId	1
https://searches.org.ai/GetFunnel	searches.org.ai	Search	GetFunnel	get_funnel	get_funnel	Search for get_funnel	1
https://searches.org.ai/FindAssessmentTemplate	searches.org.ai	Search	FindAssessmentTemplate	find_assessment_template	find_assessment_template	Search for find_assessment_template	1
https://searches.org.ai/SearchBusinessUnitRelationship	searches.org.ai	Search	SearchBusinessUnitRelationship	search_business_unit_relationship	search_business_unit_relationship	Search for search_business_unit_relationship	1
https://searches.org.ai/FindOutGoingAssessments	searches.org.ai	Search	FindOutGoingAssessments	find_out_going_assessments	find_out_going_assessments	Search for find_out_going_assessments	1
https://searches.org.ai/SearchInGoingAssessments	searches.org.ai	Search	SearchInGoingAssessments	search_in_going_assessments	Search_In_Going_Assessments	Search for Search_In_Going_Assessments	1
https://searches.org.ai/SearchBusinessUnit	searches.org.ai	Search	SearchBusinessUnit	search_business_unit	search_business_unit	Search for search_business_unit	1
https://searches.org.ai/FindPublicUsers	searches.org.ai	Search	FindPublicUsers	find_public_users	find_public_users	Search for find_public_users	1
https://searches.org.ai/SearchBusinessUnitRelationshipsByID	searches.org.ai	Search	SearchBusinessUnitRelationshipsByID	search_business_unit_relationships_by_id	search_business_unit_relationships_by_id	Search for search_business_unit_relationships_by_id	1
https://searches.org.ai/FindRowndData	searches.org.ai	Search	FindRowndData	find_rownd_data	find_rownd_data	Search for find_rownd_data	1
https://searches.org.ai/SearchExperienceUser	searches.org.ai	Search	SearchExperienceUser	search_experience_user	search_experience_user	Search for search_experience_user	1
https://searches.org.ai/FindTeamContact	searches.org.ai	Search	FindTeamContact	find_team_contact	find_team_contact	Search for find_team_contact	1
https://searches.org.ai/FindOrCreateTeamContact	searches.org.ai	Search	FindOrCreateTeamContact	find_or_create_team_contact	find_or_create_team_contact	Search for find_or_create_team_contact	1
https://searches.org.ai/SearchFiles	searches.org.ai	Search	SearchFiles	search_files	search_files	Search for search_files	1
https://searches.org.ai/Searchpagesbytitle	searches.org.ai	Search	Searchpagesbytitle	searchpagesbytitle	searchPagesByTitle	Search for searchPagesByTitle	1
https://searches.org.ai/PeopleCreateSearch	searches.org.ai	Search	PeopleCreateSearch	people_create_search	people_create_search	Search for people_create_search	1
https://searches.org.ai/Findorganizationmembers	searches.org.ai	Search	Findorganizationmembers	findorganizationmembers	findOrganizationMembers	Search for findOrganizationMembers	1
https://searches.org.ai/FindInfluencer	searches.org.ai	Search	FindInfluencer	find_influencer	find_influencer	Search for find_influencer	1
https://searches.org.ai/OutputType	searches.org.ai	Search	OutputType	output_type	output_type	Search for output_type	1
https://searches.org.ai/Workspace	searches.org.ai	Search	Workspace	workspace	workspace	Search for workspace	1
https://searches.org.ai/GetConsumer	searches.org.ai	Search	GetConsumer	get_consumer	get_consumer	Search for get_consumer	1
https://searches.org.ai/Fetchuser	searches.org.ai	Search	Fetchuser	fetchuser	fetchUser	Search for fetchUser	1
https://searches.org.ai/Fetchobject	searches.org.ai	Search	Fetchobject	fetchobject	fetchObject	Search for fetchObject	1
https://searches.org.ai/WorkflowExecution	searches.org.ai	Search	WorkflowExecution	workflow_execution	workflow_execution	Search for workflow_execution	1
https://searches.org.ai/UserExistsInAccount	searches.org.ai	Search	UserExistsInAccount	user_exists_in_account	user_exists_in_account	Search for user_exists_in_account	1
https://searches.org.ai/UserExistsInGroup	searches.org.ai	Search	UserExistsInGroup	user_exists_in_group	user_exists_in_group	Search for user_exists_in_group	1
https://searches.org.ai/GetEventList	searches.org.ai	Search	GetEventList	get_event_list	get_event_list	Search for get_event_list	1
https://searches.org.ai/GetAccountStats	searches.org.ai	Search	GetAccountStats	get_account_stats	get_account_stats	Search for get_account_stats	1
https://searches.org.ai/GetMspsAssociatedWithEmailID	searches.org.ai	Search	GetMspsAssociatedWithEmailID	get_msps_associated_with_email_id	get_msps_associated_with_email_id	Search for get_msps_associated_with_email_id	1
https://searches.org.ai/GetMspByMspID	searches.org.ai	Search	GetMspByMspID	get_msp_by_msp_id	get_msp_by_msp_id	Search for get_msp_by_msp_id	1
https://searches.org.ai/GetMilestonesFromMspID	searches.org.ai	Search	GetMilestonesFromMspID	get_milestones_from_msp_id	get_milestones_from_msp_id	Search for get_milestones_from_msp_id	1
https://searches.org.ai/GetMilestoneFromMilestoneID	searches.org.ai	Search	GetMilestoneFromMilestoneID	get_milestone_from_milestone_id	get_milestone_from_milestone_id	Search for get_milestone_from_milestone_id	1
https://searches.org.ai/FindMilestoneWMilestoneName	searches.org.ai	Search	FindMilestoneWMilestoneName	find_milestone_w_milestone_name	find_milestone_w_milestone_name	Search for find_milestone_w_milestone_name	1
https://searches.org.ai/GetMeddpiccFromMspID	searches.org.ai	Search	GetMeddpiccFromMspID	get_meddpicc_from_msp_id	get_meddpicc_from_msp_id	Search for get_meddpicc_from_msp_id	1
https://searches.org.ai/GetCompanyFromExtid	searches.org.ai	Search	GetCompanyFromExtid	get_company_from_extid	get_company_from_extId	Search for get_company_from_extId	1
https://searches.org.ai/GetOppFromOppid	searches.org.ai	Search	GetOppFromOppid	get_opp_from_oppid	get_opp_from_oppId	Search for get_opp_from_oppId	1
https://searches.org.ai/GetMspFromOppid	searches.org.ai	Search	GetMspFromOppid	get_msp_from_oppid	get_msp_from_oppId	Search for get_msp_from_oppId	1
https://searches.org.ai/GetOppFromExtoppid	searches.org.ai	Search	GetOppFromExtoppid	get_opp_from_extoppid	get_opp_from_extOppId	Search for get_opp_from_extOppId	1
https://searches.org.ai/FindCompanyByProperty	searches.org.ai	Search	FindCompanyByProperty	find_company_by_property	find_company_by_property	Search for find_company_by_property	1
https://searches.org.ai/FindContactByProperty	searches.org.ai	Search	FindContactByProperty	find_contact_by_property	find_contact_by_property	Search for find_contact_by_property	1
https://searches.org.ai/FindOpportunityByProperty	searches.org.ai	Search	FindOpportunityByProperty	find_opportunity_by_property	find_opportunity_by_property	Search for find_opportunity_by_property	1
https://searches.org.ai/CaseType	searches.org.ai	Search	CaseType	case_type	case_type	Search for case_type	1
https://searches.org.ai/FindMatterContainer	searches.org.ai	Search	FindMatterContainer	find_matter_container	find_matter_container	Search for find_matter_container	1
https://searches.org.ai/MatterCaseStage	searches.org.ai	Search	MatterCaseStage	matter_case_stage	matter_case_stage	Search for matter_case_stage	1
https://searches.org.ai/MatterProviderGroup	searches.org.ai	Search	MatterProviderGroup	matter_provider_group	matter_provider_group	Search for matter_provider_group	1
https://searches.org.ai/FindUserAccessibleBoards	searches.org.ai	Search	FindUserAccessibleBoards	find_user_accessible_boards	find_user_accessible_boards	Search for find_user_accessible_boards	1
https://searches.org.ai/GetDomainTechnologies	searches.org.ai	Search	GetDomainTechnologies	get_domain_technologies	get_domain_technologies	Search for get_domain_technologies	1
https://searches.org.ai/GetDomainDetails	searches.org.ai	Search	GetDomainDetails	get_domain_details	get_domain_details	Search for get_domain_details	1
https://searches.org.ai/GetSearchResults	searches.org.ai	Search	GetSearchResults	get_search_results	get_search_results	Search for get_search_results	1
https://searches.org.ai/GetUserCertificates	searches.org.ai	Search	GetUserCertificates	get_user_certificates	get_user_certificates	Search for get_user_certificates	1
https://searches.org.ai/FindRewrite	searches.org.ai	Search	FindRewrite	find_rewrite	find_rewrite	Search for find_rewrite	1
https://searches.org.ai/GetAirQuality	searches.org.ai	Search	GetAirQuality	get_air_quality	get_air_quality	Search for get_air_quality	1
https://searches.org.ai/LookupWeather	searches.org.ai	Search	LookupWeather	lookup_weather	lookup_weather	Search for lookup_weather	1
https://searches.org.ai/LookupWeatherForecast	searches.org.ai	Search	LookupWeatherForecast	lookup_weather_forecast	lookup_weather_forecast	Search for lookup_weather_forecast	1
https://searches.org.ai/LookupPollen	searches.org.ai	Search	LookupPollen	lookup_pollen	lookup_pollen	Search for lookup_pollen	1
https://searches.org.ai/LookupFire	searches.org.ai	Search	LookupFire	lookup_fire	lookup_fire	Search for lookup_fire	1
https://searches.org.ai/LookupNvdi	searches.org.ai	Search	LookupNvdi	lookup_nvdi	lookup_nvdi	Search for lookup_nvdi	1
https://searches.org.ai/LookupAirQualityForecast	searches.org.ai	Search	LookupAirQualityForecast	lookup_air_quality_forecast	lookup_air_quality_forecast	Search for lookup_air_quality_forecast	1
https://searches.org.ai/Accounts	searches.org.ai	Search	Accounts	accounts	accounts	Search for accounts	1
https://searches.org.ai/FindAccord	searches.org.ai	Search	FindAccord	find_accord	find_accord	Search for find_accord	1
https://searches.org.ai/AnalyzeText	searches.org.ai	Search	AnalyzeText	analyze_text	analyze_text	Search for analyze_text	1
https://searches.org.ai/DetectLanguage	searches.org.ai	Search	DetectLanguage	detect_language	detect_language	Search for detect_language	1
https://searches.org.ai/SearchLink	searches.org.ai	Search	SearchLink	search_link	search_link	Search for search_link	1
https://searches.org.ai/SearchRow	searches.org.ai	Search	SearchRow	search_row	search_row	Search for search_row	1
https://searches.org.ai/GetAllPeople	searches.org.ai	Search	GetAllPeople	get_all_people	get_all_people	Search for get_all_people	1
https://searches.org.ai/GetRolesForPerson	searches.org.ai	Search	GetRolesForPerson	get_roles_for_person	get_roles_for_person	Search for get_roles_for_person	1
https://searches.org.ai/GetAllPeopleInOrganizationSearch	searches.org.ai	Search	GetAllPeopleInOrganizationSearch	get_all_people_in_organization_search	get_all_people_in_organization_search	Search for get_all_people_in_organization_search	1
https://searches.org.ai/GetChartsForOrganization	searches.org.ai	Search	GetChartsForOrganization	get_charts_for_organization	get_charts_for_organization	Search for get_charts_for_organization	1
https://searches.org.ai/GetChart	searches.org.ai	Search	GetChart	get_chart	get_chart	Search for get_chart	1
https://searches.org.ai/GetAllRolesInChart	searches.org.ai	Search	GetAllRolesInChart	get_all_roles_in_chart	get_all_roles_in_chart	Search for get_all_roles_in_chart	1
https://searches.org.ai/GetConnectionsForRoles	searches.org.ai	Search	GetConnectionsForRoles	get_connections_for_roles	get_connections_for_roles	Search for get_connections_for_roles	1
https://searches.org.ai/GetAllPeopleForChart	searches.org.ai	Search	GetAllPeopleForChart	get_all_people_for_chart	get_all_people_for_chart	Search for get_all_people_for_chart	1
https://searches.org.ai/SearchRolesByOrganization	searches.org.ai	Search	SearchRolesByOrganization	search_roles_by_organization	search_roles_by_organization	Search for search_roles_by_organization	1
https://searches.org.ai/SearchRolesByChart	searches.org.ai	Search	SearchRolesByChart	search_roles_by_chart	search_roles_by_chart	Search for search_roles_by_chart	1
https://searches.org.ai/CreatePerson	searches.org.ai	Search	CreatePerson	create_person	create_person	Search for create_person	1
https://searches.org.ai/UpdatePerson	searches.org.ai	Search	UpdatePerson	update_person	update_person	Search for update_person	1
https://searches.org.ai/AddValueToCustomField	searches.org.ai	Search	AddValueToCustomField	add_value_to_custom_field	add_value_to_custom_field	Search for add_value_to_custom_field	1
https://searches.org.ai/AddValueToCustomFieldPicklist	searches.org.ai	Search	AddValueToCustomFieldPicklist	add_value_to_custom_field_picklist	add_value_to_custom_field_picklist	Search for add_value_to_custom_field_picklist	1
https://searches.org.ai/Getlistitem	searches.org.ai	Search	Getlistitem	getlistitem	getListItem	Search for getListItem	1
https://searches.org.ai/Getlistitems	searches.org.ai	Search	Getlistitems	getlistitems	getListItems	Search for getListItems	1
https://searches.org.ai/GetContract	searches.org.ai	Search	GetContract	get_contract	get_contract	Search for get_contract	1
https://searches.org.ai/GetLatestVersion	searches.org.ai	Search	GetLatestVersion	get_latest_version	get_latest_version	Search for get_latest_version	1
https://searches.org.ai/GetComponent	searches.org.ai	Search	GetComponent	get_component	get_component	Search for get_component	1
https://searches.org.ai/AssetFilter	searches.org.ai	Search	AssetFilter	asset_filter	asset_filter	Search for asset_filter	1
https://searches.org.ai/GetResults	searches.org.ai	Search	GetResults	get_results	get_results	Search for get_results	2
https://searches.org.ai/FindTrainee	searches.org.ai	Search	FindTrainee	find_trainee	find_trainee	Search for find_trainee	1
https://searches.org.ai/FindLx	searches.org.ai	Search	FindLx	find_lx	find_lx	Search for find_lx	1
https://searches.org.ai/GetQuickQuizMark	searches.org.ai	Search	GetQuickQuizMark	get_quick_quiz_mark	get_quick_quiz_mark	Search for get_quick_quiz_mark	1
https://searches.org.ai/FindRoleByID	searches.org.ai	Search	FindRoleByID	find_role_by_id	Find_role_by_id	Search for Find_role_by_id	1
https://searches.org.ai/FindScenarioByID	searches.org.ai	Search	FindScenarioByID	find_scenario_by_id	Find_scenario_by_id	Search for Find_scenario_by_id	1
https://searches.org.ai/FindScenarioByName	searches.org.ai	Search	FindScenarioByName	find_scenario_by_name	Find_scenario_by_name	Search for Find_scenario_by_name	1
https://searches.org.ai/FindResourceByID	searches.org.ai	Search	FindResourceByID	find_resource_by_id	Find_resource_by_id	Search for Find_resource_by_id	1
https://searches.org.ai/FindResourceByEmail	searches.org.ai	Search	FindResourceByEmail	find_resource_by_email	Find_resource_by_email	Search for Find_resource_by_email	1
https://searches.org.ai/FindWorkItemByExternalID	searches.org.ai	Search	FindWorkItemByExternalID	find_work_item_by_external_id	Find_work_item_by_external_id	Search for Find_work_item_by_external_id	1
https://searches.org.ai/FindWorkItemByWorkID	searches.org.ai	Search	FindWorkItemByWorkID	find_work_item_by_work_id	Find_work_item_by_work_id	Search for Find_work_item_by_work_id	1
https://searches.org.ai/FindWorkItemSegmentByWorkIDAndDate	searches.org.ai	Search	FindWorkItemSegmentByWorkIDAndDate	find_work_item_segment_by_work_id_and_date	Find_work_item_segment_by_work_id_and_date	Search for Find_work_item_segment_by_work_id_and_date	1
https://searches.org.ai/FindBurp	searches.org.ai	Search	FindBurp	find_burp	find_burp	Search for find_burp	1
https://searches.org.ai/GetContactByPhoneNumber	searches.org.ai	Search	GetContactByPhoneNumber	get_contact_by_phone_number	get_contact_by_phone_number	Search for get_contact_by_phone_number	1
https://searches.org.ai/GetPayees	searches.org.ai	Search	GetPayees	get_payees	get_payees	Search for get_payees	1
https://searches.org.ai/FindLeadGroup	searches.org.ai	Search	FindLeadGroup	find_lead_group	find_lead_group	Search for find_lead_group	1
https://searches.org.ai/FindUtilityCompany	searches.org.ai	Search	FindUtilityCompany	find_utility_company	find_utility_company	Search for find_utility_company	1
https://searches.org.ai/RandomCard	searches.org.ai	Search	RandomCard	random_card	random_card	Search for random_card	1
https://searches.org.ai/RandomTopic	searches.org.ai	Search	RandomTopic	random_topic	random_topic	Search for random_topic	1
https://searches.org.ai/SearchToolAction	searches.org.ai	Search	SearchToolAction	search_tool_action	search_tool_action	Search for search_tool_action	1
https://searches.org.ai/GetAccountSurveys	searches.org.ai	Search	GetAccountSurveys	get_account_surveys	get_account_surveys	Search for get_account_surveys	1
https://searches.org.ai/GetExternalAccounts	searches.org.ai	Search	GetExternalAccounts	get_external_accounts	get_external_accounts	Search for get_external_accounts	1
https://searches.org.ai/GetAccountSurveyAnswers	searches.org.ai	Search	GetAccountSurveyAnswers	get_account_survey_answers	get_account_survey_answers	Search for get_account_survey_answers	1
https://searches.org.ai/GetBookmarks	searches.org.ai	Search	GetBookmarks	get_bookmarks	get_bookmarks	Search for get_bookmarks	1
https://searches.org.ai/LeadType	searches.org.ai	Search	LeadType	lead_type	lead_type	Search for lead_type	1
https://searches.org.ai/InventoryVehicle	searches.org.ai	Search	InventoryVehicle	inventory_vehicle	inventory_vehicle	Search for inventory_vehicle	1
https://searches.org.ai/Team	searches.org.ai	Search	Team	team	team	Search for team	1
https://searches.org.ai/SearchCustomerProduct	searches.org.ai	Search	SearchCustomerProduct	search_customer_product	search_customer_product	Search for search_customer_product	1
https://searches.org.ai/SearchTelephone	searches.org.ai	Search	SearchTelephone	search_telephone	search_telephone	Search for search_telephone	1
https://searches.org.ai/GetJobStatus	searches.org.ai	Search	GetJobStatus	get-job-status	get-job-status	Search for get-job-status	1
https://searches.org.ai/VehiclecontrollerVehiclebyvrm	searches.org.ai	Search	VehiclecontrollerVehiclebyvrm	vehiclecontroller_vehiclebyvrm	VehicleController_vehicleByVRM	Search for VehicleController_vehicleByVRM	1
https://searches.org.ai/VehiclecontrollerDvlabyvrm	searches.org.ai	Search	VehiclecontrollerDvlabyvrm	vehiclecontroller_dvlabyvrm	VehicleController_dvlaByVRM	Search for VehicleController_dvlaByVRM	1
https://searches.org.ai/VehiclecontrollerMotbyvrm	searches.org.ai	Search	VehiclecontrollerMotbyvrm	vehiclecontroller_motbyvrm	VehicleController_motByVRM	Search for VehicleController_motByVRM	1
https://searches.org.ai/VehiclecontrollerUlezbyvrm	searches.org.ai	Search	VehiclecontrollerUlezbyvrm	vehiclecontroller_ulezbyvrm	VehicleController_ulezByVRM	Search for VehicleController_ulezByVRM	1
https://searches.org.ai/SearchDecisions	searches.org.ai	Search	SearchDecisions	search_decisions	search_decisions	Search for search_decisions	1
https://searches.org.ai/GetRows	searches.org.ai	Search	GetRows	get_rows	get_rows	Search for get_rows	1
https://searches.org.ai/GetAWorkspace	searches.org.ai	Search	GetAWorkspace	get_a_workspace	get_a_workspace	Search for get_a_workspace	1
https://searches.org.ai/GetWorkspacesProjects	searches.org.ai	Search	GetWorkspacesProjects	get_workspaces_projects	get_workspaces_projects	Search for get_workspaces_projects	1
https://searches.org.ai/GetAProject	searches.org.ai	Search	GetAProject	get_a_project	get_a_project	Search for get_a_project	1
https://searches.org.ai/GetProjectsRetables	searches.org.ai	Search	GetProjectsRetables	get_projects_retables	get_projects_retables	Search for get_projects_retables	1
https://searches.org.ai/GetARetable	searches.org.ai	Search	GetARetable	get_a_retable	get_a_retable	Search for get_a_retable	1
https://searches.org.ai/FindPlaylist	searches.org.ai	Search	FindPlaylist	find_playlist	find_playlist	Search for find_playlist	1
https://searches.org.ai/BusinessList	searches.org.ai	Search	BusinessList	business_list	business_list	Search for business_list	1
https://searches.org.ai/BusinessViewAds	searches.org.ai	Search	BusinessViewAds	business_view_ads	business_view_ads	Search for business_view_ads	1
https://searches.org.ai/DomainViewAds	searches.org.ai	Search	DomainViewAds	domain_view_ads	domain_view_ads	Search for domain_view_ads	1
https://searches.org.ai/BusinessViewDomains	searches.org.ai	Search	BusinessViewDomains	business_view_domains	business_view_domains	Search for business_view_domains	1
https://searches.org.ai/BusinessView	searches.org.ai	Search	BusinessView	business_view	business_view	Search for business_view	1
https://searches.org.ai/BusinessViewLocations	searches.org.ai	Search	BusinessViewLocations	business_view_locations	business_view_locations	Search for business_view_locations	1
https://searches.org.ai/BusinessViewSocials	searches.org.ai	Search	BusinessViewSocials	business_view_socials	business_view_socials	Search for business_view_socials	1
https://searches.org.ai/BusinessViewOrganic	searches.org.ai	Search	BusinessViewOrganic	business_view_organic	business_view_organic	Search for business_view_organic	1
https://searches.org.ai/BusinessViewTechStack	searches.org.ai	Search	BusinessViewTechStack	business_view_tech_stack	business_view_tech_stack	Search for business_view_tech_stack	1
https://searches.org.ai/BusinessViewJobs	searches.org.ai	Search	BusinessViewJobs	business_view_jobs	business_view_jobs	Search for business_view_jobs	1
https://searches.org.ai/BusinessViewPeople	searches.org.ai	Search	BusinessViewPeople	business_view_people	business_view_people	Search for business_view_people	1
https://searches.org.ai/BusinessViewSalaries	searches.org.ai	Search	BusinessViewSalaries	business_view_salaries	business_view_salaries	Search for business_view_salaries	1
https://searches.org.ai/BusinessViewNews	searches.org.ai	Search	BusinessViewNews	business_view_news	business_view_news	Search for business_view_news	1
https://searches.org.ai/BusinessViewFinance	searches.org.ai	Search	BusinessViewFinance	business_view_finance	business_view_finance	Search for business_view_finance	1
https://searches.org.ai/BusinessViewContracts	searches.org.ai	Search	BusinessViewContracts	business_view_contracts	business_view_contracts	Search for business_view_contracts	1
https://searches.org.ai/BusinessViewTrademarks	searches.org.ai	Search	BusinessViewTrademarks	business_view_trademarks	business_view_trademarks	Search for business_view_trademarks	1
https://searches.org.ai/BusinessViewAwards	searches.org.ai	Search	BusinessViewAwards	business_view_awards	business_view_awards	Search for business_view_awards	1
https://searches.org.ai/BusinessViewCustomerReviews	searches.org.ai	Search	BusinessViewCustomerReviews	business_view_customer_reviews	business_view_customer_reviews	Search for business_view_customer_reviews	1
https://searches.org.ai/BusinessViewEmployeeReviews	searches.org.ai	Search	BusinessViewEmployeeReviews	business_view_employee_reviews	business_view_employee_reviews	Search for business_view_employee_reviews	1
https://searches.org.ai/BusinessViewFeed	searches.org.ai	Search	BusinessViewFeed	business_view_feed	business_view_feed	Search for business_view_feed	1
https://searches.org.ai/DomainViewOrganic	searches.org.ai	Search	DomainViewOrganic	domain_view_organic	domain_view_organic	Search for domain_view_organic	1
https://searches.org.ai/DomainViewCustomerReviews	searches.org.ai	Search	DomainViewCustomerReviews	domain_view_customer_reviews	domain_view_customer_reviews	Search for domain_view_customer_reviews	1
https://searches.org.ai/DomainViewTechStack	searches.org.ai	Search	DomainViewTechStack	domain_view_tech_stack	domain_view_tech_stack	Search for domain_view_tech_stack	1
https://searches.org.ai/DomainView	searches.org.ai	Search	DomainView	domain_view	domain_view	Search for domain_view	1
https://searches.org.ai/RetrieveATemplate	searches.org.ai	Search	RetrieveATemplate	retrieve_a_template	retrieve_a_template	Search for retrieve_a_template	1
https://searches.org.ai/RetrieveADocument	searches.org.ai	Search	RetrieveADocument	retrieve_a_document	retrieve_a_document	Search for retrieve_a_document	1
https://searches.org.ai/RetrieveDocuments	searches.org.ai	Search	RetrieveDocuments	retrieve_documents	retrieve_documents	Search for retrieve_documents	1
https://searches.org.ai/DownloadDocument	searches.org.ai	Search	DownloadDocument	download_document	download_document	Search for download_document	1
https://searches.org.ai/ExportDocumentVariables	searches.org.ai	Search	ExportDocumentVariables	export_document_variables	export_document_variables	Search for export_document_variables	1
https://searches.org.ai/SearchPeople	searches.org.ai	Search	SearchPeople	search_people	search_people	Search for search_people	1
https://searches.org.ai/GetOrganisation	searches.org.ai	Search	GetOrganisation	get_organisation	get_organisation	Search for get_organisation	1
https://searches.org.ai/SearchOrganisations	searches.org.ai	Search	SearchOrganisations	search_organisations	search_organisations	Search for search_organisations	1
https://searches.org.ai/FindJob2	searches.org.ai	Search	FindJob2	find_job_2	find_job_2	Search for find_job_2	1
https://searches.org.ai/UpdateObject	searches.org.ai	Search	UpdateObject	update_object	update_object	Search for update_object	1
https://searches.org.ai/FindActionItem	searches.org.ai	Search	FindActionItem	find_action_item	find_action_item	Search for find_action_item	1
https://searches.org.ai/FindPreparationHighlight	searches.org.ai	Search	FindPreparationHighlight	find_preparation_highlight	find_preparation_highlight	Search for find_preparation_highlight	1
https://searches.org.ai/FindSummaryHighlight	searches.org.ai	Search	FindSummaryHighlight	find_summary_highlight	find_summary_highlight	Search for find_summary_highlight	1
https://searches.org.ai/FindTranscript	searches.org.ai	Search	FindTranscript	find_transcript	find_transcript	Search for find_transcript	1
https://searches.org.ai/Fileresult	searches.org.ai	Search	Fileresult	fileresult	fileResult	Search for fileResult	1
https://searches.org.ai/Uploadedcollectionfile	searches.org.ai	Search	Uploadedcollectionfile	uploadedcollectionfile	uploadedCollectionFile	Search for uploadedCollectionFile	1
https://searches.org.ai/GoogleSearch	searches.org.ai	Search	GoogleSearch	google_search	google_search	Search for google_search	1
https://searches.org.ai/FindPlanRequest	searches.org.ai	Search	FindPlanRequest	find_plan_request	find_plan_request	Search for find_plan_request	1
https://searches.org.ai/PersonalPlans	searches.org.ai	Search	PersonalPlans	personal_plans	personal_plans	Search for personal_plans	1
https://searches.org.ai/Clients	searches.org.ai	Search	Clients	clients	clients	Search for clients	1
https://searches.org.ai/EarningEvents	searches.org.ai	Search	EarningEvents	earning_events	earning_events	Search for earning_events	1
https://searches.org.ai/SneakerProduct	searches.org.ai	Search	SneakerProduct	sneaker_product	sneaker_product	Search for sneaker_product	1
https://searches.org.ai/SneakerReleases	searches.org.ai	Search	SneakerReleases	sneaker_releases	sneaker_releases	Search for sneaker_releases	1
https://searches.org.ai/CompanyNameToDomain	searches.org.ai	Search	CompanyNameToDomain	company_name_to_domain	company_name_to_domain	Search for company_name_to_domain	1
https://searches.org.ai/ClientLookup	searches.org.ai	Search	ClientLookup	client_lookup	client_lookup	Search for client_lookup	1
https://searches.org.ai/ProductLookup	searches.org.ai	Search	ProductLookup	product_lookup	product_lookup	Search for product_lookup	1
https://searches.org.ai/SendtypeLookup	searches.org.ai	Search	SendtypeLookup	sendtype_lookup	sendtype_lookup	Search for sendtype_lookup	1
https://searches.org.ai/GeneratorLookup	searches.org.ai	Search	GeneratorLookup	generator_lookup	generator_lookup	Search for generator_lookup	1
https://searches.org.ai/Searchconversation	searches.org.ai	Search	Searchconversation	searchconversation	searchConversation	Search for searchConversation	1
https://searches.org.ai/Searchcustomerstatus	searches.org.ai	Search	Searchcustomerstatus	searchcustomerstatus	searchCustomerStatus	Search for searchCustomerStatus	1
https://searches.org.ai/Searcheventtype	searches.org.ai	Search	Searcheventtype	searcheventtype	searchEventType	Search for searchEventType	1
https://searches.org.ai/Searchexportable	searches.org.ai	Search	Searchexportable	searchexportable	searchExportable	Search for searchExportable	1
https://searches.org.ai/Searchlist	searches.org.ai	Search	Searchlist	searchlist	searchList	Search for searchList	1
https://searches.org.ai/Searchnotification	searches.org.ai	Search	Searchnotification	searchnotification	searchNotification	Search for searchNotification	1
https://searches.org.ai/Searchsale	searches.org.ai	Search	Searchsale	searchsale	searchSale	Search for searchSale	1
https://searches.org.ai/Searchtemplate	searches.org.ai	Search	Searchtemplate	searchtemplate	searchTemplate	Search for searchTemplate	1
https://searches.org.ai/Searchtimetracking	searches.org.ai	Search	Searchtimetracking	searchtimetracking	searchTimeTracking	Search for searchTimeTracking	1
https://searches.org.ai/Searchcustomercategory	searches.org.ai	Search	Searchcustomercategory	searchcustomercategory	searchCustomerCategory	Search for searchCustomerCategory	1
https://searches.org.ai/FindPayslip	searches.org.ai	Search	FindPayslip	find_payslip	find_payslip	Search for find_payslip	1
https://searches.org.ai/Debtor	searches.org.ai	Search	Debtor	debtor	debtor	Search for debtor	1
https://searches.org.ai/FindClientcontact	searches.org.ai	Search	FindClientcontact	find_clientcontact	find_clientcontact	Search for find_clientcontact	1
https://searches.org.ai/FindJoborder	searches.org.ai	Search	FindJoborder	find_joborder	find_joborder	Search for find_joborder	1
https://searches.org.ai/FindJobtemplate	searches.org.ai	Search	FindJobtemplate	find_jobtemplate	find_jobtemplate	Search for find_jobtemplate	1
https://searches.org.ai/GetCandidateSkills	searches.org.ai	Search	GetCandidateSkills	get_candidate_skills	get_candidate_skills	Search for get_candidate_skills	1
https://searches.org.ai/Textvalidatestartswithsearch	searches.org.ai	Search	Textvalidatestartswithsearch	textvalidatestartswithsearch	textValidateStartsWithSearch	Search for textValidateStartsWithSearch	1
https://searches.org.ai/Textextractemailssearch	searches.org.ai	Search	Textextractemailssearch	textextractemailssearch	textExtractEmailsSearch	Search for textExtractEmailsSearch	1
https://searches.org.ai/Mergezapiertablessearch	searches.org.ai	Search	Mergezapiertablessearch	mergezapiertablessearch	MergeZapierTablesSearch	Search for MergeZapierTablesSearch	1
https://searches.org.ai/Numbertotextcurrencysearch	searches.org.ai	Search	Numbertotextcurrencysearch	numbertotextcurrencysearch	numberToTextCurrencySearch	Search for numberToTextCurrencySearch	1
https://searches.org.ai/FindIssueByName	searches.org.ai	Search	FindIssueByName	find_issue_by_name	find_issue_by_name	Search for find_issue_by_name	1
https://searches.org.ai/FindSubscribers	searches.org.ai	Search	FindSubscribers	find_subscribers	find_subscribers	Search for find_subscribers	1
https://searches.org.ai/Getvatdetails	searches.org.ai	Search	Getvatdetails	getvatdetails	getVatDetails	Search for getVatDetails	1
https://searches.org.ai/GetDonorByID	searches.org.ai	Search	GetDonorByID	get_donor_by_id	get_donor_by_id	Search for get_donor_by_id	1
https://searches.org.ai/GetDonorByEmail	searches.org.ai	Search	GetDonorByEmail	get_donor_by_email	get_donor_by_email	Search for get_donor_by_email	1
https://searches.org.ai/GetDonorByPhone	searches.org.ai	Search	GetDonorByPhone	get_donor_by_phone	get_donor_by_phone	Search for get_donor_by_phone	1
https://searches.org.ai/GetDonors	searches.org.ai	Search	GetDonors	get_donors	get_donors	Search for get_donors	1
https://searches.org.ai/GetTasksByDonorID	searches.org.ai	Search	GetTasksByDonorID	get_tasks_by_donor_id	get_tasks_by_donor_id	Search for get_tasks_by_donor_id	1
https://searches.org.ai/GetDonorByCustomDonorID	searches.org.ai	Search	GetDonorByCustomDonorID	get_donor_by_custom_donor_id	get_donor_by_custom_donor_id	Search for get_donor_by_custom_donor_id	1
https://searches.org.ai/ReadGroupRoster	searches.org.ai	Search	ReadGroupRoster	read_group_roster	read_group_roster	Search for read_group_roster	1
https://searches.org.ai/ProcessCheckAction	searches.org.ai	Search	ProcessCheckAction	process_check_action	process_check_action	Search for process_check_action	1
https://searches.org.ai/GetDocumentVersionAction	searches.org.ai	Search	GetDocumentVersionAction	get_document_version_action	get_document_version_action	Search for get_document_version_action	1
https://searches.org.ai/GetDocumentVersionsAction	searches.org.ai	Search	GetDocumentVersionsAction	get_document_versions_action	get_document_versions_action	Search for get_document_versions_action	1
https://searches.org.ai/GetDocumentRecordAction	searches.org.ai	Search	GetDocumentRecordAction	get_document_record_action	get_document_record_action	Search for get_document_record_action	1
https://searches.org.ai/GetObjectsAction	searches.org.ai	Search	GetObjectsAction	get_objects_action	get_objects_action	Search for get_objects_action	1
https://searches.org.ai/GetUsersAction	searches.org.ai	Search	GetUsersAction	get_users_action	get_users_action	Search for get_users_action	1
https://searches.org.ai/GetFilesAction	searches.org.ai	Search	GetFilesAction	get_files_action	get_files_action	Search for get_files_action	1
https://searches.org.ai/DownloadExternalFileAction	searches.org.ai	Search	DownloadExternalFileAction	download_external_file_action	download_external_file_action	Search for download_external_file_action	1
https://searches.org.ai/GetObjectRecordsAction	searches.org.ai	Search	GetObjectRecordsAction	get_object_records_action	get_object_records_action	Search for get_object_records_action	1
https://searches.org.ai/GetDocumentShareAction	searches.org.ai	Search	GetDocumentShareAction	get_document_share_action	get_document_share_action	Search for get_document_share_action	1
https://searches.org.ai/DownloadDocumentVersionAction	searches.org.ai	Search	DownloadDocumentVersionAction	download_document_version_action	download_document_version_action	Search for download_document_version_action	1
https://searches.org.ai/Getinvoice	searches.org.ai	Search	Getinvoice	getinvoice	getInvoice	Search for getInvoice	1
https://searches.org.ai/Getofferings	searches.org.ai	Search	Getofferings	getofferings	getOfferings	Search for getOfferings	1
https://searches.org.ai/RecordsQuery	searches.org.ai	Search	RecordsQuery	records_query	records_query	Search for records_query	1
https://searches.org.ai/RecordsFilter	searches.org.ai	Search	RecordsFilter	records_filter	records_filter	Search for records_filter	1
https://searches.org.ai/GetApps	searches.org.ai	Search	GetApps	get_apps	get_apps	Search for get_apps	1
https://searches.org.ai/Getclientaddress	searches.org.ai	Search	Getclientaddress	getclientaddress	GetClientAddress	Search for GetClientAddress	1
https://searches.org.ai/Getcontractpo	searches.org.ai	Search	Getcontractpo	getcontractpo	GetContractPO	Search for GetContractPO	1
https://searches.org.ai/Getclientagreements	searches.org.ai	Search	Getclientagreements	getclientagreements	GetClientAgreements	Search for GetClientAgreements	1
https://searches.org.ai/Getcontractinvoicegroup	searches.org.ai	Search	Getcontractinvoicegroup	getcontractinvoicegroup	GetContractInvoiceGroup	Search for GetContractInvoiceGroup	1
https://searches.org.ai/FindContractjob	searches.org.ai	Search	FindContractjob	find_contractjob	find_contractJob	Search for find_contractJob	1
https://searches.org.ai/FindContractor	searches.org.ai	Search	FindContractor	find_contractor	find_contractor	Search for find_contractor	1
https://searches.org.ai/FindTeammember	searches.org.ai	Search	FindTeammember	find_teammember	find_teamMember	Search for find_teamMember	1
https://searches.org.ai/FindFormResponses	searches.org.ai	Search	FindFormResponses	find_form_responses	find_form_responses	Search for find_form_responses	1
https://searches.org.ai/FindDashboard	searches.org.ai	Search	FindDashboard	find_dashboard	find_dashboard	Search for find_dashboard	1
https://searches.org.ai/FindOne	searches.org.ai	Search	FindOne	find_one	find_one	Search for find_one	1
https://searches.org.ai/FindMany	searches.org.ai	Search	FindMany	find_many	find_many	Search for find_many	1
https://searches.org.ai/RunSimple	searches.org.ai	Search	RunSimple	run_simple	run_simple	Search for run_simple	1
https://searches.org.ai/RunTemporal	searches.org.ai	Search	RunTemporal	run_temporal	run_temporal	Search for run_temporal	1
https://searches.org.ai/SimpleSearch	searches.org.ai	Search	SimpleSearch	simple_search	simple_search	Search for simple_search	1
https://searches.org.ai/GetdealsSearch	searches.org.ai	Search	GetdealsSearch	getdeals_search	getDeals_search	Search for getDeals_search	1
https://searches.org.ai/GetteamsSearch	searches.org.ai	Search	GetteamsSearch	getteams_search	getTeams_search	Search for getTeams_search	1
https://searches.org.ai/GetcountrySearch	searches.org.ai	Search	GetcountrySearch	getcountry_search	getCountry_search	Search for getCountry_search	1
https://searches.org.ai/GetcurrencySearch	searches.org.ai	Search	GetcurrencySearch	getcurrency_search	getCurrency_search	Search for getCurrency_search	1
https://searches.org.ai/GetmanagerSearch	searches.org.ai	Search	GetmanagerSearch	getmanager_search	getManager_search	Search for getManager_search	1
https://searches.org.ai/GetsubsectorSearch	searches.org.ai	Search	GetsubsectorSearch	getsubsector_search	getSubSector_search	Search for getSubSector_search	1
https://searches.org.ai/GetfundsSearch	searches.org.ai	Search	GetfundsSearch	getfunds_search	getFunds_search	Search for getFunds_search	1
https://searches.org.ai/GetsectorsSearch	searches.org.ai	Search	GetsectorsSearch	getsectors_search	getSectors_search	Search for getSectors_search	1
https://searches.org.ai/GetsourcesSearch	searches.org.ai	Search	GetsourcesSearch	getsources_search	getSources_search	Search for getSources_search	1
https://searches.org.ai/GetstagesSearch	searches.org.ai	Search	GetstagesSearch	getstages_search	getStages_search	Search for getStages_search	1
https://searches.org.ai/GetassetsSearch	searches.org.ai	Search	GetassetsSearch	getassets_search	getAssets_search	Search for getAssets_search	1
https://searches.org.ai/GetassetupdatetypesSearch	searches.org.ai	Search	GetassetupdatetypesSearch	getassetupdatetypes_search	getAssetUpdateTypes_search	Search for getAssetUpdateTypes_search	1
https://searches.org.ai/GetJobCandidateAnalysis	searches.org.ai	Search	GetJobCandidateAnalysis	get_job_candidate_analysis	get_job_candidate_analysis	Search for get_job_candidate_analysis	1
https://searches.org.ai/Getprojects	searches.org.ai	Search	Getprojects	getprojects	GetProjects	Search for GetProjects	1
https://searches.org.ai/Businesses	searches.org.ai	Search	Businesses	businesses	Businesses	Search for Businesses	1
https://searches.org.ai/InvoicesCategoriestoexport	searches.org.ai	Search	InvoicesCategoriestoexport	invoices_categoriestoexport	Invoices_CategoriesToExport	Search for Invoices_CategoriesToExport	1
https://searches.org.ai/FindGageByID	searches.org.ai	Search	FindGageByID	find_gage_by_id	find_gage_by_id	Search for find_gage_by_id	1
https://searches.org.ai/FindCalibrationsByGageID	searches.org.ai	Search	FindCalibrationsByGageID	find_calibrations_by_gage_id	find_calibrations_by_gage_id	Search for find_calibrations_by_gage_id	1
https://searches.org.ai/GetAccountSettings	searches.org.ai	Search	GetAccountSettings	get_account_settings	get_account_settings	Search for get_account_settings	1
https://searches.org.ai/GetAccountStatus	searches.org.ai	Search	GetAccountStatus	get_account_status	get_account_status	Search for get_account_status	1
https://searches.org.ai/GetCustomValues	searches.org.ai	Search	GetCustomValues	get_custom_values	get_custom_values	Search for get_custom_values	1
https://searches.org.ai/GetManufacturerByName	searches.org.ai	Search	GetManufacturerByName	get_manufacturer_by_name	get_manufacturer_by_name	Search for get_manufacturer_by_name	1
https://searches.org.ai/GetDownloadLink	searches.org.ai	Search	GetDownloadLink	get_download_link	get_download_link	Search for get_download_link	1
https://searches.org.ai/FindBackupByID	searches.org.ai	Search	FindBackupByID	find_backup_by_id	find_backup_by_id	Search for find_backup_by_id	1
https://searches.org.ai/FindMedia	searches.org.ai	Search	FindMedia	find_media	find_media	Search for find_media	2
https://searches.org.ai/ExecuteAccessor	searches.org.ai	Search	ExecuteAccessor	execute_accessor	execute_accessor	Search for execute_accessor	1
https://searches.org.ai/ResolveTokens	searches.org.ai	Search	ResolveTokens	resolve_tokens	resolve_tokens	Search for resolve_tokens	1
https://searches.org.ai/FindInput	searches.org.ai	Search	FindInput	find_input	find_input	Search for find_input	1
https://searches.org.ai/ListOrgProjects	searches.org.ai	Search	ListOrgProjects	list_org_projects	list_org_projects	Search for list_org_projects	1
https://searches.org.ai/ListSources	searches.org.ai	Search	ListSources	list_sources	list_sources	Search for list_sources	1
https://searches.org.ai/ListWorkflows	searches.org.ai	Search	ListWorkflows	list_workflows	list_workflows	Search for list_workflows	1
https://searches.org.ai/ListWorkflowRuns	searches.org.ai	Search	ListWorkflowRuns	list_workflow_runs	list_workflow_runs	Search for list_workflow_runs	1
https://searches.org.ai/FindTransactionalSMS	searches.org.ai	Search	FindTransactionalSMS	find_transactional_sms	find_transactional_sms	Search for find_transactional_sms	1
https://searches.org.ai/FindSMSMarketingCampaign	searches.org.ai	Search	FindSMSMarketingCampaign	find_sms_marketing_campaign	find_sms_marketing_campaign	Search for find_sms_marketing_campaign	1
https://searches.org.ai/FindSMSPushCampaign	searches.org.ai	Search	FindSMSPushCampaign	find_sms_push_campaign	find_sms_push_campaign	Search for find_sms_push_campaign	1
https://searches.org.ai/FindOneToken	searches.org.ai	Search	FindOneToken	find_one_token	find_one_token	Search for find_one_token	1
https://searches.org.ai/FindAllTokens	searches.org.ai	Search	FindAllTokens	find_all_tokens	find_all_tokens	Search for find_all_tokens	1
https://searches.org.ai/FindTokenSupply	searches.org.ai	Search	FindTokenSupply	find_token_supply	find_token_supply	Search for find_token_supply	1
https://searches.org.ai/FindTokenMetadata	searches.org.ai	Search	FindTokenMetadata	find_token_metadata	find_token_metadata	Search for find_token_metadata	1
https://searches.org.ai/FindAddressTokenBalance	searches.org.ai	Search	FindAddressTokenBalance	find_address_token_balance	find_address_token_balance	Search for find_address_token_balance	1
https://searches.org.ai/FindOneRecord	searches.org.ai	Search	FindOneRecord	find_one_record	find_one_record	Search for find_one_record	1
https://searches.org.ai/FindAllRecords	searches.org.ai	Search	FindAllRecords	find_all_records	find_all_records	Search for find_all_records	1
https://searches.org.ai/FindCampaigns	searches.org.ai	Search	FindCampaigns	find_campaigns	find_campaigns	Search for find_campaigns	1
https://searches.org.ai/SearchSku	searches.org.ai	Search	SearchSku	search_sku	search_sku	Search for search_sku	1
https://searches.org.ai/SearchAttendee	searches.org.ai	Search	SearchAttendee	search_attendee	search_attendee	Search for search_attendee	1
https://searches.org.ai/FindBillingSchedule	searches.org.ai	Search	FindBillingSchedule	find_billing_schedule	find_billing_schedule	Search for find_billing_schedule	1
https://searches.org.ai/FindFlow	searches.org.ai	Search	FindFlow	find_flow	find_flow	Search for find_flow	1
https://searches.org.ai/FindLicense	searches.org.ai	Search	FindLicense	find_license	find_license	Search for find_license	1
https://searches.org.ai/FindTemplates	searches.org.ai	Search	FindTemplates	find_templates	find_templates	Search for find_templates	1
https://searches.org.ai/FindApps	searches.org.ai	Search	FindApps	find_apps	find_apps	Search for find_apps	1
https://searches.org.ai/FindVersion	searches.org.ai	Search	FindVersion	find_version	find_version	Search for find_version	1
https://searches.org.ai/FindIcons	searches.org.ai	Search	FindIcons	find_icons	find_icons	Search for find_icons	1
https://searches.org.ai/Readnewusers	searches.org.ai	Search	Readnewusers	readnewusers	ReadNewUsers	Search for ReadNewUsers	1
https://searches.org.ai/FindPolicy	searches.org.ai	Search	FindPolicy	find_policy	find_policy	Search for find_policy	1
https://searches.org.ai/FindCarrier	searches.org.ai	Search	FindCarrier	find_carrier	find_carrier	Search for find_carrier	1
https://searches.org.ai/FindIndividual	searches.org.ai	Search	FindIndividual	find_individual	find_individual	Search for find_individual	1
https://searches.org.ai/GetImage	searches.org.ai	Search	GetImage	get_image	get_image	Search for get_image	1
https://searches.org.ai/FindFilesFolders	searches.org.ai	Search	FindFilesFolders	find_files_folders	find_files_folders	Search for find_files_folders	1
https://searches.org.ai/ListProspects	searches.org.ai	Search	ListProspects	list_prospects	list_prospects	Search for list_prospects	1
https://searches.org.ai/GetProspectContacts	searches.org.ai	Search	GetProspectContacts	get_prospect_contacts	get_prospect_contacts	Search for get_prospect_contacts	1
https://searches.org.ai/ListContactsForAProspect	searches.org.ai	Search	ListContactsForAProspect	list_contacts_for_a_prospect	list_contacts_for_a_prospect	Search for list_contacts_for_a_prospect	1
https://searches.org.ai/Getpreviousemailscan	searches.org.ai	Search	Getpreviousemailscan	getpreviousemailscan	GetPreviousEmailScan	Search for GetPreviousEmailScan	1
https://searches.org.ai/SearchCollection	searches.org.ai	Search	SearchCollection	search_collection	search_collection	Search for search_collection	1
https://searches.org.ai/LyraFind	searches.org.ai	Search	LyraFind	lyra_find	lyra_find	Search for lyra_find	1
https://searches.org.ai/JobID	searches.org.ai	Search	JobID	job_id	job_id	Search for job_id	1
https://searches.org.ai/OrgchartInfo	searches.org.ai	Search	OrgchartInfo	orgchart_info	orgchart_info	Search for orgchart_info	1
https://searches.org.ai/ExecutiveInfo	searches.org.ai	Search	ExecutiveInfo	executive_info	executive_info	Search for executive_info	1
https://searches.org.ai/SearchEmails	searches.org.ai	Search	SearchEmails	search_emails	search_emails	Search for search_emails	1
https://searches.org.ai/TaxRatesearch	searches.org.ai	Search	TaxRatesearch	tax_ratesearch	tax_rateSearch	Search for tax_rateSearch	1
https://searches.org.ai/Printersearch	searches.org.ai	Search	Printersearch	printersearch	printerSearch	Search for printerSearch	1
https://searches.org.ai/ModifierGroupssearch	searches.org.ai	Search	ModifierGroupssearch	modifier_groupssearch	modifier_groupsSearch	Search for modifier_groupsSearch	1
https://searches.org.ai/Modifierssearch	searches.org.ai	Search	Modifierssearch	modifierssearch	modifiersSearch	Search for modifiersSearch	1
https://searches.org.ai/Discountssearch	searches.org.ai	Search	Discountssearch	discountssearch	discountsSearch	Search for discountsSearch	1
https://searches.org.ai/CustomerGroupssearch	searches.org.ai	Search	CustomerGroupssearch	customer_groupssearch	customer_groupsSearch	Search for customer_groupsSearch	1
https://searches.org.ai/Terminalssearch	searches.org.ai	Search	Terminalssearch	terminalssearch	terminalsSearch	Search for terminalsSearch	1
https://searches.org.ai/Customerssearch	searches.org.ai	Search	Customerssearch	customerssearch	customersSearch	Search for customersSearch	1
https://searches.org.ai/SalesSummary	searches.org.ai	Search	SalesSummary	sales_summary	sales_summary	Search for sales_summary	1
https://searches.org.ai/DiscountsSummary	searches.org.ai	Search	DiscountsSummary	discounts_summary	discounts_summary	Search for discounts_summary	1
https://searches.org.ai/ItemSalesSummary	searches.org.ai	Search	ItemSalesSummary	item_sales_summary	item_sales_summary	Search for item_sales_summary	1
https://searches.org.ai/ModifierSalesSummary	searches.org.ai	Search	ModifierSalesSummary	modifier_sales_summary	modifier_sales_summary	Search for modifier_sales_summary	1
https://searches.org.ai/ShiftsSummary	searches.org.ai	Search	ShiftsSummary	shifts_summary	shifts_summary	Search for shifts_summary	1
https://searches.org.ai/TaxesSummary	searches.org.ai	Search	TaxesSummary	taxes_summary	taxes_summary	Search for taxes_summary	1
https://searches.org.ai/VoidedItemsSummary	searches.org.ai	Search	VoidedItemsSummary	voided_items_summary	voided_items_summary	Search for voided_items_summary	1
https://searches.org.ai/SearchRenter	searches.org.ai	Search	SearchRenter	search_renter	search_renter	Search for search_renter	1
https://searches.org.ai/PastReviews	searches.org.ai	Search	PastReviews	past_reviews	past_reviews	Search for past_reviews	1
https://searches.org.ai/GetRenter	searches.org.ai	Search	GetRenter	get_renter	get_renter	Search for get_renter	1
https://searches.org.ai/FindGIF	searches.org.ai	Search	FindGIF	find_gif	find_gif	Search for find_gif	1
https://searches.org.ai/FindClip	searches.org.ai	Search	FindClip	find_clip	find_clip	Search for find_clip	1
https://searches.org.ai/FindSticker	searches.org.ai	Search	FindSticker	find_sticker	find_sticker	Search for find_sticker	1
https://searches.org.ai/GetContactByEmail	searches.org.ai	Search	GetContactByEmail	get_contact_by_email	get_contact_by_email	Search for get_contact_by_email	1
https://searches.org.ai/GetTransactions	searches.org.ai	Search	GetTransactions	get_transactions	get_transactions	Search for get_transactions	1
https://searches.org.ai/ListSpace	searches.org.ai	Search	ListSpace	list_space	list_space	Search for list_space	1
https://searches.org.ai/GetRpd	searches.org.ai	Search	GetRpd	get_rpd	get_rpd	Search for get_rpd	1
https://searches.org.ai/GetGeneration	searches.org.ai	Search	GetGeneration	get_generation	get_generation	Search for get_generation	1
https://searches.org.ai/FindAttribute	searches.org.ai	Search	FindAttribute	find_attribute	find_attribute	Search for find_attribute	1
https://searches.org.ai/FindCustomerNotes	searches.org.ai	Search	FindCustomerNotes	find_customer_notes	find_customer_notes	Search for find_customer_notes	1
https://searches.org.ai/FindCustomerNote	searches.org.ai	Search	FindCustomerNote	find_customer_note	find_customer_note	Search for find_customer_note	1
https://searches.org.ai/FindCustomerStats	searches.org.ai	Search	FindCustomerStats	find_customer_stats	find_customer_stats	Search for find_customer_stats	1
https://searches.org.ai/FindEntitlements	searches.org.ai	Search	FindEntitlements	find_entitlements	find_entitlements	Search for find_entitlements	1
https://searches.org.ai/FindEntitlement	searches.org.ai	Search	FindEntitlement	find_entitlement	find_entitlement	Search for find_entitlement	1
https://searches.org.ai/FindEntitlementActivations	searches.org.ai	Search	FindEntitlementActivations	find_entitlement_activations	find_entitlement_activations	Search for find_entitlement_activations	1
https://searches.org.ai/FindEntitlementActivation	searches.org.ai	Search	FindEntitlementActivation	find_entitlement_activation	find_entitlement_activation	Search for find_entitlement_activation	1
https://searches.org.ai/FindEntitlementActivationsLogs	searches.org.ai	Search	FindEntitlementActivationsLogs	find_entitlement_activations_logs	find_entitlement_activations_logs	Search for find_entitlement_activations_logs	1
https://searches.org.ai/FindEntitlementGroups	searches.org.ai	Search	FindEntitlementGroups	find_entitlement_groups	find_entitlement_groups	Search for find_entitlement_groups	1
https://searches.org.ai/FindEntitlementGroup	searches.org.ai	Search	FindEntitlementGroup	find_entitlement_group	find_entitlement_group	Search for find_entitlement_group	1
https://searches.org.ai/FindEntitlementGroupAuthorizedContacts	searches.org.ai	Search	FindEntitlementGroupAuthorizedContacts	find_entitlement_group_authorized_contacts	find_entitlement_group_authorized_contacts	Search for find_entitlement_group_authorized_contacts	1
https://searches.org.ai/FindEntitlementNotes	searches.org.ai	Search	FindEntitlementNotes	find_entitlement_notes	find_entitlement_notes	Search for find_entitlement_notes	1
https://searches.org.ai/FindEntitlementNote	searches.org.ai	Search	FindEntitlementNote	find_entitlement_note	find_entitlement_note	Search for find_entitlement_note	1
https://searches.org.ai/FindFeature	searches.org.ai	Search	FindFeature	find_feature	find_feature	Search for find_feature	1
https://searches.org.ai/FindOfferings	searches.org.ai	Search	FindOfferings	find_offerings	find_offerings	Search for find_offerings	1
https://searches.org.ai/FindOffering	searches.org.ai	Search	FindOffering	find_offering	find_offering	Search for find_offering	1
https://searches.org.ai/FindPlans	searches.org.ai	Search	FindPlans	find_plans	find_plans	Search for find_plans	1
https://searches.org.ai/FindProductAttributes	searches.org.ai	Search	FindProductAttributes	find_product_attributes	find_product_attributes	Search for find_product_attributes	1
https://searches.org.ai/FindProductAttribute	searches.org.ai	Search	FindProductAttribute	find_product_attribute	find_product_attribute	Search for find_product_attribute	1
https://searches.org.ai/FindProductEditions	searches.org.ai	Search	FindProductEditions	find_product_editions	find_product_editions	Search for find_product_editions	1
https://searches.org.ai/FindProductEdition	searches.org.ai	Search	FindProductEdition	find_product_edition	find_product_edition	Search for find_product_edition	1
https://searches.org.ai/FindProductEditionAttributes	searches.org.ai	Search	FindProductEditionAttributes	find_product_edition_attributes	find_product_edition_attributes	Search for find_product_edition_attributes	1
https://searches.org.ai/FindProductEditionAttribute	searches.org.ai	Search	FindProductEditionAttribute	find_product_edition_attribute	find_product_edition_attribute	Search for find_product_edition_attribute	1
https://searches.org.ai/FindProductEditionFeatures	searches.org.ai	Search	FindProductEditionFeatures	find_product_edition_features	find_product_edition_features	Search for find_product_edition_features	1
https://searches.org.ai/FindProductEditionFeature	searches.org.ai	Search	FindProductEditionFeature	find_product_edition_feature	find_product_edition_feature	Search for find_product_edition_feature	1
https://searches.org.ai/FindProductFeatures	searches.org.ai	Search	FindProductFeatures	find_product_features	find_product_features	Search for find_product_features	1
https://searches.org.ai/FindProductFeature	searches.org.ai	Search	FindProductFeature	find_product_feature	find_product_feature	Search for find_product_feature	1
https://searches.org.ai/DealFetch	searches.org.ai	Search	DealFetch	deal_fetch	deal_fetch	Search for deal_fetch	1
https://searches.org.ai/SearchFundedCompanies	searches.org.ai	Search	SearchFundedCompanies	search_funded_companies	search_funded_companies	Search for search_funded_companies	1
https://searches.org.ai/SearchHiringCompanies	searches.org.ai	Search	SearchHiringCompanies	search_hiring_companies	search_hiring_companies	Search for search_hiring_companies	1
https://searches.org.ai/SearchProfiles	searches.org.ai	Search	SearchProfiles	search_profiles	search_profiles	Search for search_profiles	1
https://searches.org.ai/PersonByEmail	searches.org.ai	Search	PersonByEmail	person_by_email	person_by_email	Search for person_by_email	1
https://searches.org.ai/ListLanguagesSearch	searches.org.ai	Search	ListLanguagesSearch	list_languages_search	list_languages_search	Search for list_languages_search	1
https://searches.org.ai/ListGlossariesSearch	searches.org.ai	Search	ListGlossariesSearch	list_glossaries_search	list_glossaries_search	Search for list_glossaries_search	1
https://searches.org.ai/CheckUsage	searches.org.ai	Search	CheckUsage	check_usage	check_usage	Search for check_usage	1
https://searches.org.ai/GetURLAnalytics	searches.org.ai	Search	GetURLAnalytics	get_url_analytics	get_url_analytics	Search for get_url_analytics	1
https://searches.org.ai/MySocialAccounts	searches.org.ai	Search	MySocialAccounts	my_social_accounts	my_social_accounts	Search for my_social_accounts	1
https://searches.org.ai/ListJournals	searches.org.ai	Search	ListJournals	list_journals	list_journals	Search for list_journals	1
https://searches.org.ai/Clientesearch	searches.org.ai	Search	Clientesearch	clientesearch	clienteSearch	Search for clienteSearch	1
https://searches.org.ai/Facturasearch	searches.org.ai	Search	Facturasearch	facturasearch	facturaSearch	Search for facturaSearch	1
https://searches.org.ai/FindSourceNumber	searches.org.ai	Search	FindSourceNumber	find_source_number	find_source_number	Search for find_source_number	1
https://searches.org.ai/GetLinks	searches.org.ai	Search	GetLinks	get_links	get_links	Search for get_links	1
https://searches.org.ai/FindSpace	searches.org.ai	Search	FindSpace	find_space	find_space	Search for find_space	1
https://searches.org.ai/FindStory	searches.org.ai	Search	FindStory	find_story	find_story	Search for find_story	1
https://searches.org.ai/UniversalSearch	searches.org.ai	Search	UniversalSearch	universal_search	universal_search	Search for universal_search	1
