serviceId	standardCode	standard
Abrasive_grain,_powder_and_flour	2911431	NAPCS
Abrasive_products	2911432	NAPCS
Access_to_laundry_machines	8513121	NAPCS
Accident_insurance_products	7631121	NAPCS
Accounting_services_(except_bookkeeping_and_payroll_services)	7712131	NAPCS
Acetylene	2711114	NAPCS
Acrylonitrile-butadiene-styrene_(ABS)_resins	2811291	NAPCS
Acrylonitrile-Butadiene-Styrene_(ABS)_waste_and_scrap	1581134	NAPCS
Adhesives,_sealants_and_glues,_at_wholesale	5511862	NAPCS
Administration_of_copyrights_for_others	7211121	NAPCS
Admissions_to_art_museums_and_galleries	8325112	NAPCS
Admissions_to_Canadian_film_exhibitions	8323111	NAPCS
Admissions_to_foreign_film_exhibitions	8323121	NAPCS
Admissions_to_historic_sites	8325113	NAPCS
Admissions_to_live_dance_performances	8322151	NAPCS
Admissions_to_live_musical_theatre_and_opera_performances	8322121	NAPCS
Admissions_to_live_performing_arts_performances,_n.e.c.	8322171	NAPCS
Admissions_to_live_popular_music_performances	8322141	NAPCS
Admissions_to_live_public_appearances_and_speeches	8322161	NAPCS
Admissions_to_live_sporting_events	8321111	NAPCS
Admissions_to_live_symphony_and_classical_music_performances	8322131	NAPCS
Admissions_to_live_theatrical_(except_musical)_performances	8322111	NAPCS
Admissions_to_museums_(except_art_museums)	8325111	NAPCS
Admissions_to_nature_parks_and_other_natural_areas	8325115	NAPCS
Admissions_to_zoos_and_botanical_gardens	8325114	NAPCS
Adoption_services	8122111	NAPCS
Adult_basic_education_programs	8211113	NAPCS
Adult_daycare_respites	6221343	NAPCS
Advertising_air_time_on_conventional_radio	7112111	NAPCS
Advertising_air_time_on_conventional_television	7112211	NAPCS
Advertising_creative_services	7124121	NAPCS
Advertising_graphic_design_services	7731142	NAPCS
Advertising_intermediary_services	7122111	NAPCS
Advertising_printing	6812253	NAPCS
Advertising_services,_n.e.c.	7124141	NAPCS
Advertising_space_in_databases_(except_online)	7111242	NAPCS
Advertising_space_in_other_printed_newspapers	7111131	NAPCS
Advertising_space_in_other_printed_periodicals	7111231	NAPCS
Advertising_space_in_other_printed_publications,_n.e.c.	7111243	NAPCS
Advertising_space_in_printed_business_(including_farming)_and_trade_periodicals	7111221	NAPCS
Advertising_space_in_printed_community_newspapers	7111121	NAPCS
Advertising_space_in_printed_daily_newspapers	7111111	NAPCS
Advertising_space_in_printed_directories	7111241	NAPCS
Advertising_space_in_printed_general_interest_periodicals	7111211	NAPCS
Advertising_space_on_billboards,_transit_and_other_displays	7121121	NAPCS
Advertising_specialty_services,_sold_separately	7123111	NAPCS
Aeronautical_and_nautical_navigational_instruments	3621311	NAPCS
Aerospace_type_hydraulic_and_pneumatic_fluid_power_valves,_fittings,_and_assemblies	3453137	NAPCS
Affiliation_payments_for_the_distribution_of_audio_channels	7223112	NAPCS
Affiliation_payments_for_the_distribution_of_television_channels	7223111	NAPCS
Agricultural_chemicals,_at_wholesale	5511716	NAPCS
Agricultural,_commercial_and_institutional_mixed_fertilizers	2721141	NAPCS
Agricultural,_commercial_and_institutional_pesticides_and_chemicals	2721211	NAPCS
Air_bag_assemblies_and_parts	4135562	NAPCS
Air_freight_transportation_services_(except_rental_and_leasing_with_operator_or_crew)	5133111	NAPCS
Air_passenger_charter_transportation_services,_domestic	5215121	NAPCS
Air_passenger_charter_transportation_services,_international	5215122	NAPCS
Air_specialty_services	5135111	NAPCS
Air_traffic_control_and_navigation_services	5314111	NAPCS
Air-conditioning_and_heating_equipment,_at_retail	5618121	NAPCS
Aircraft_and_other_transportation_equipment,_at_wholesale	5511793	NAPCS
Aircraft_engine_instruments_(except_navigational_and_guidance)	3631243	NAPCS
Aircraft_engine_parts_and_accessories_(except_propellers_and_rotors)	4311212	NAPCS
Aircraft_maintenance_and_repair_services	5314211	NAPCS
Aircraft_parking_services	5314114	NAPCS
Aircraft_parts,_n.e.c.	4311222	NAPCS
Aircraft_propellers_and_helicopter_rotors	4311211	NAPCS
Airport_hangars	6221132	NAPCS
Airport_operation_and_administration_services	5314113	NAPCS
Alarm_and_security_systems	3621221	NAPCS
Alarm_and_signalling_systems,_at_wholesale	5511623	NAPCS
Alcoholic_beverages_at_wholesale	5511381	NAPCS
Alcoholic_beverages,_at_retail	5611144	NAPCS
Alkalis,_alums,_and_bleaches_(except_chlorine_and_sodium_hydroxide)	2711282	NAPCS
All_other_civil_engineering_works,_n.e.c.	6236262	NAPCS
All_other_finished_petroleum_products,_n.e.c.	2641153	NAPCS
All_other_formaldehyde_based_resins	2811319	NAPCS
All_other_miscellaneous_basic_inorganic_chemicals,_n.e.c.	2711286	NAPCS
All_other_miscellaneous_basic_organic_chemicals,_n.e.c.	2711318	NAPCS
All_other_petroleum_naphthas,_n.e.c.	2641142	NAPCS
All_other_thermoplastic_resins,_n.e.c.	2811299	NAPCS
Alloy_steel_castings_(except_investment)	3121343	NAPCS
Alternative_dispute_resolution_services	7761311	NAPCS
Aluminous_cement	4651113	NAPCS
Aluminum_alloy_ingots_and_billets	3211121	NAPCS
Aluminum_and_aluminum-alloy_die-castings	4723411	NAPCS
Aluminum_and_aluminum-alloy_investment_castings	4723412	NAPCS
Aluminum_and_aluminum-alloy_pipes_and_tubes	3271131	NAPCS
Aluminum_and_aluminum-alloy_plates	3271113	NAPCS
Aluminum_and_aluminum-alloy_powder,_paste_and_flakes	3271142	NAPCS
Aluminum_and_aluminum-alloy_rods_and_bars	3271121	NAPCS
Aluminum_and_aluminum-alloy_sheets_and_strips	3271112	NAPCS
Aluminum_cans	4741212	NAPCS
Aluminum_cooking_utensils_and_kitchenware	4752121	NAPCS
Aluminum_ingots_and_billets_(except_alloys)	3211111	NAPCS
Ambulance_services,_emergency_transport	8115111	NAPCS
Ambulance_services,_non-emergency_transport	8115112	NAPCS
Ammonia_anhydrous	2721123	NAPCS
Ammonium_nitrate	2721124	NAPCS
Ammonium_phosphate	2721125	NAPCS
Amusement_park_and_arcade_services	8324114	NAPCS
Anchor_stores_attached_to_mall_or_shopping_centre	6221226	NAPCS
Animal_and_vegetable_waxes_and_essential_oils	2721363	NAPCS
Animal_by-products,_n.e.c.	1721583	NAPCS
Animal_embryos	1111436	NAPCS
Animal_feed_(except_pet_food),_at_wholesale	5511714	NAPCS
Animal_hides,_skins_and_pelts,_at_wholesale	5511143	NAPCS
Animal_or_marine_by-products,_for_feed_or_fertilizer_ingredients	1721562	NAPCS
Anthracite	1441111	NAPCS
Antiques,_and_used_or_second-hand_merchandise_(except_motor_vehicles_and_mobile_homes),_at_retail	5619163	NAPCS
Application_service_provisioning_(except_software_as_a_service,_on_cloud)	7511121	NAPCS
Appraisal_services_(except_for_real_estate)	7761352	NAPCS
Architectural_advisory_services	7721141	NAPCS
Architectural_services_for_educational_building_projects	7721126	NAPCS
Architectural_services_for_entertainment,_recreational_and_cultural_building_projects	7721125	NAPCS
Architectural_services_for_health_care_building_projects	7721124	NAPCS
Architectural_services_for_hotel_and_convention_centre_projects	7721123	NAPCS
Architectural_services_for_industrial_building_projects	7721127	NAPCS
Architectural_services_for_multi-family_residential_projects	7721112	NAPCS
Architectural_services_for_office_building_projects	7721121	NAPCS
Architectural_services_for_other_non-residential_building_projects	7721129	NAPCS
Architectural_services_for_retail_and_restaurant_projects	7721122	NAPCS
Architectural_services_for_single-family_residential_projects	7721111	NAPCS
Architectural_services_for_transportation_and_distribution_facility_projects	7721128	NAPCS
Archival_institution_services	7512112	NAPCS
Arenas	6221275	NAPCS
Argon	2711116	NAPCS
Armoured_car_services	7812141	NAPCS
Armouries,_military_drill_halls_and_fortifications	6221361	NAPCS
Art_galleries	6221352	NAPCS
Art_prints,_and_all_other_consumer_publications_n.e.c.,_on_physical_media_or_in_physical_form	4812341	NAPCS
Artificial_and_synthetic_filament_yarns	2822121	NAPCS
Artificial_and_synthetic_staple_fibres	2822111	NAPCS
Artificial_staple_fibre_yarns	2211213	NAPCS
Artillery_ammunition,_bombs,_mines_and_other_munitions	4721113	NAPCS
Artistic_works_originals	6322121	NAPCS
Artists'_equipment_and_supplies,_at_retail	5614151	NAPCS
Artwork_at_retail	5619161	NAPCS
Asphalt_(except_natural)	2621111	NAPCS
Asphalt_paving_mixtures_and_blocks	2621121	NAPCS
Asphalt_saturated_and_coated_sheathing	2621136	NAPCS
Asphalt_saturated_organic_felts	2621135	NAPCS
Asphalt_shingles	2621132	NAPCS
Assembly_machinery	3411122	NAPCS
Assisted_daily_care_facilities	6221342	NAPCS
Athletic_footwear_(except_for_infant_and_children)	2312291	NAPCS
Attachments_and_accessories_for_machine_tools_and_metalworking_machinery_(except_cutting_tools)	3511332	NAPCS
Audio_recordings_at_wholesale	5511462	NAPCS
Audio_recordings,_downloadable,_at_retail	5614312	NAPCS
Audio_recordings,_on_physical_media,_at_retail	5614311	NAPCS
Audio_speakers	3622111	NAPCS
Automated_banking_machine_(ABM)_operation_products	7618132	NAPCS
Automated_clearing_house_services	7618121	NAPCS
Automatic_environmental_controls_for_monitoring_residential,_commercial,_and_appliance_use	3631221	NAPCS
Automatic_weapons,_machine_guns,_rocket_launchers,_howitzers,_mortars,_and_other_weapons_(including_parts)	4721111	NAPCS
Automobiles,_light_trucks,_and_vans,_at_wholesale	5511511	NAPCS
Automotive_air-conditioning_compressors	4135532	NAPCS
Automotive_alternative_fuels,_at_retail	5616112	NAPCS
Automotive_audio_equipment	3622121	NAPCS
Automotive_batteries_at_wholesale	5511551	NAPCS
Automotive_chemicals_at_retail	5615313	NAPCS
Automotive_chemicals,_at_wholesale	5511553	NAPCS
Automotive_fluids,_cleaners,_polishes_and_additives	2721311	NAPCS
Automotive_fuels_at_wholesale	5511212	NAPCS
Automotive_fuels,_at_retail	5616111	NAPCS
Automotive_glass	4133221	NAPCS
Automotive_lubricating_oils_and_greases	2641111	NAPCS
Automotive_maintenance_equipment	3421134	NAPCS
Automotive_mirrors	4133222	NAPCS
Aviation_gasoline	2613111	NAPCS
Aviation_turbo_fuel,_kerosene_type	2613121	NAPCS
Aviation_turbo_fuel,_naphtha_type	2613122	NAPCS
Babysitting_services	8521111	NAPCS
Bachelor's_degree,_Master's_degree,_and_other_equivalent_programs_(except_PhD)	8211312	NAPCS
Bags,_pouches_and_liners,_of_multi-web_film-film_laminated_plastic	4741412	NAPCS
Bags,_pouches_and_liners,_of_single-web_plastic_film	4741411	NAPCS
Baked_goods_(except_frozen_products,_cookies_and_crackers),_at_retail	5611115	NAPCS
Bakeries	6221243	NAPCS
Baking_powder_and_yeast,_in_bulk	1836135	NAPCS
Baking_powder_and_yeast,_in_consumer_packages	1836136	NAPCS
Bank_buildings,_stand-alone	6221216	NAPCS
Banking_and_vending_machines_(including_lottery_terminals)	3421131	NAPCS
Bare_electrical_wire_and_cable_of_copper_and_copper_alloys	3261131	NAPCS
Bare_non-electrical_wire_and_cable_of_copper_and_copper_alloys	3261132	NAPCS
Bare_printed_circuit_boards	3711111	NAPCS
Bare_wire_and_cable_of_aluminum_and_aluminum_alloys	3271141	NAPCS
Bare_wire_and_cable_of_nickel_and_nickel_alloys	3261141	NAPCS
Bare_wire_and_cable_of_other_non-ferrous_metals_and_other_non-ferrous_metal_alloys	3261151	NAPCS
Barley	1151141	NAPCS
Barracks_and_other_military_housing,_and_military_bases	6221362	NAPCS
Bars_or_nightclubs	6221244	NAPCS
Basic_and_semi-finished_products_of_gold,_silver,_and_platinum_group_metals,_and_their_alloys	3261211	NAPCS
Basic_television_programming_packages_(except_online_streaming)	7234111	NAPCS
Bath_linens	2321222	NAPCS
Bath,_facial,_and_hand_soaps	2741151	NAPCS
Bath,_facial,_and_hand_soaps,_at_wholesale	5511492	NAPCS
Battery_chargers_for_electric_automobiles	4752316	NAPCS
Battery-powered_hand_tools	3454322	NAPCS
Bauxite_and_natural_alumina	1552111	NAPCS
Bed_linens	2321211	NAPCS
Bedding_plants	1151434	NAPCS
Beds_and_breakfasts_(by_owner)	6221256	NAPCS
Beef_cattle_feed_supplements,_concentrates,_and_premixes	1811252	NAPCS
Beer_in_barrels_and_kegs	2111113	NAPCS
Beer_in_bottles	2111112	NAPCS
Beer_in_cans	2111111	NAPCS
Beer,_ale,_and_malt_beverages,_prepared_and_served_or_dispensed_for_immediate_consumption	8411221	NAPCS
Bees_and_pollinating_insects	1111433	NAPCS
Behaviour_care_facilities	6221325	NAPCS
Belts	2311521	NAPCS
Benzene	2632122	NAPCS
Bicycle_parts	4511211	NAPCS
Bicycles	4421211	NAPCS
Bicycles_and_biking_equipment_and_accessories,_at_retail	5614111	NAPCS
Bicycles_at_wholesale	5511471	NAPCS
Billboards	4751211	NAPCS
Binding_services	6812121	NAPCS
Bio-based_thermoplastic_resins	2811411	NAPCS
Bio-based_thermoset_resins	2811413	NAPCS
Biodiesel_fuel	2612221	NAPCS
Biologics_(including_vaccines_and_diagnostic_substances),_at_wholesale	5511483	NAPCS
Blades_for_power_saws	3511361	NAPCS
Blank_books	2521221	NAPCS
Blast-freezing_services	6814112	NAPCS
Bleached_bristols,_cotton_fibre_and_thin_paper,_and_special_industrial_paper_(except_for_packaging)	2512261	NAPCS
Bleached_packaging_and_industrial_converting_paperboard	2512322	NAPCS
Blinds,_shades,_and_curtain_fixtures	3912111	NAPCS
Blood_and_blood_derivatives,_vaccines,_toxoids,_and_other_biologics,_for_human_use	2731192	NAPCS
Blood_bank_services	8116121	NAPCS
Boats_and_other_watercraft,_at_wholesale	5511792	NAPCS
Bodyguard_services	7812131	NAPCS
Book_printing_and_binding	6812231	NAPCS
Book,_magazine_and_newspaper_graphic_design_services	7731146	NAPCS
Bookkeeping_services	7712132	NAPCS
Books,_magazines,_newspapers_and_other_publications,_at_wholesale	5511461	NAPCS
Border_stations	6221363	NAPCS
Borehole_geophysical_surveys	7724132	NAPCS
Bottled_carbonated_soft_drinks	1931111	NAPCS
Boundary,_property_line,_and_cadastral_surveying_and_mapping	7724173	NAPCS
Bowling_centre_services	8324115	NAPCS
Boys'_clothing	2311321	NAPCS
Boys'_clothing_and_accessories,_at_retail	5612131	NAPCS
Brandy_and_cider	2111221	NAPCS
Bread_and_other_baked_goods_(including_cookies),_at_wholesale	5511364	NAPCS
Bread_and_rolls	1831311	NAPCS
Breakfast_cereal_and_other_cereal_products	1831111	NAPCS
Bridges	6231121	NAPCS
Broad_woven_fabrics_of_cotton_or_wool	2211111	NAPCS
Broad_woven_fabrics_of_mainly_artificial_or_synthetic_fibres	2211121	NAPCS
Broad_woven_fabrics_of_natural_fibres_(except_cotton_or_wool)	2211122	NAPCS
Broadcast_and_motion_graphic_design_services	7731145	NAPCS
Broadcast_and_studio_communications_equipment	3621211	NAPCS
Brokerage_correspondent_products	7616191	NAPCS
Brokerage_or_dealing_services_of_cryptocurrency_(virtual_currency)	7616182	NAPCS
Brokerage_services_for_the_sale_and_rental_of_non-residential_real_estate	7643221	NAPCS
Brokerage_services_for_the_sale_and_rental_of_residential_real_estate	7643211	NAPCS
Brokerage_services_for_the_sale_and_rental_of_vacant_land	7643231	NAPCS
Brokering_and_dealing_of_equities	7616141	NAPCS
Brokering_and_dealing_of_investment_company_securities	7616171	NAPCS
Brokering_and_dealing_of_other_financial_instruments	7616189	NAPCS
Brokering_and_dealing_products,_bankers'_acceptances	7616124	NAPCS
Brokering_and_dealing_products,_commercial_paper_issued_by_financial_institutions	7616122	NAPCS
Brokering_and_dealing_products,_commercial_paper_issued_by_non-financial_institutions	7616123	NAPCS
Brokering_and_dealing_products,_corporate_bonds_and_asset-backed_securities	7616131	NAPCS
Brokering_and_dealing_products,_foreign_government_notes_and_bonds	7616134	NAPCS
Brokering_and_dealing_products,_forward_contracts,_traded_over-the-counter	7616153	NAPCS
Brokering_and_dealing_products,_futures_contracts,_exchange-traded	7616151	NAPCS
Brokering_and_dealing_products,_national_government_notes_and_bonds	7616132	NAPCS
Brokering_and_dealing_products,_negotiable_certificates_of_deposit	7616121	NAPCS
Brokering_and_dealing_products,_option_contracts,_exchange-traded	7616152	NAPCS
Brokering_and_dealing_products,_option_contracts,_traded_over-the-counter	7616155	NAPCS
Brokering_and_dealing_products,_other_derivatives_contracts,_traded_over-the-counter	7616156	NAPCS
Brokering_and_dealing_products,_other_money_market_instruments	7616126	NAPCS
Brokering_and_dealing_products,_provincial_and_local_government_notes_and_bonds	7616133	NAPCS
Brokering_and_dealing_products,_swaps,_traded_over-the-counter	7616154	NAPCS
Brokering_and_dealing_products,_Treasury_bills	7616125	NAPCS
Brooms,_mops,_dusters,_and_cleaning_brushes	4754221	NAPCS
Brushes,_n.e.c.	4754223	NAPCS
Builders'_hardware	4722111	NAPCS
Building_bricks,_clay_roofing_tiles,_clay_sewer_pipes_and_other_structural_and_architectural_ceramic_products	2911122	NAPCS
Building_exterior_cleaning_services	7812225	NAPCS
Building_inspection_services	7723121	NAPCS
Building_remediation_services	7823132	NAPCS
Bulk_material_handling_conveyors_and_conveying_systems_(except_hoists)	3454233	NAPCS
Bulk_pesticides_and_other_bulk_synthetic_organic_agricultural_chemicals_(except_preparations)	2711311	NAPCS
Bulk_toner,_photographic_chemicals,_and_sensitized_film,_plates,_paper_and_cloth	2721352	NAPCS
Bus_bodies_and_truck_cabs	4123111	NAPCS
Bus_stations	6221265	NAPCS
Bus_terminal_services	5311113	NAPCS
Buses	4121211	NAPCS
Buses,_medium_and_heavy-duty_trucks,_and_truck_tractors,_at_wholesale	5511521	NAPCS
Business_(including_farming)_and_trade_periodicals,_in_physical_form	4812221	NAPCS
Business_(including_farming)_and_trade_periodicals,_online	4812222	NAPCS
Business_and_professional_association_membership_services	8614141	NAPCS
Business_forms_printing	6812254	NAPCS
Business_process_management_services	7511131	NAPCS
Business,_trade_and_professional_publications_on_physical_media_or_in_physical_form,_n.e.c.	4812351	NAPCS
Butadiene	2632131	NAPCS
Butane_and_butane_mixes	1431112	NAPCS
Butter_and_butter_products	1731211	NAPCS
Buttons,_zippers_and_other_notions	4754211	NAPCS
Butylene	2632132	NAPCS
Calves	1111112	NAPCS
Camping_tents_and_sails	2321331	NAPCS
Camping_trailers	4122122	NAPCS
Canals_and_waterways	6231331	NAPCS
Cancer_centres	6221324	NAPCS
Candles	4754231	NAPCS
Cannabis_extract_inhaled_products,_for_medical_use	2131363	NAPCS
Cannabis_extract_inhaled_products,_for_medical_use,_at_retail	5611344	NAPCS
Cannabis_extract_inhaled_products,_for_medical_use,_at_wholesale	5512134	NAPCS
Cannabis_extract_inhaled_products,_for_non-medical_use	2131362	NAPCS
Cannabis_extract_inhaled_products,_for_non-medical_use,_at_retail	5611343	NAPCS
Cannabis_extract_inhaled_products,_for_non-medical_use,_at_wholesale	5512133	NAPCS
Cannabis_extracts_ingested_products,_for_medical_use	2131365	NAPCS
Cannabis_extracts_ingested_products,_for_medical_use,_at_retail	5611346	NAPCS
Cannabis_extracts_ingested_products,_for_medical_use,_at_wholesale	5512136	NAPCS
Cannabis_extracts_ingested_products,_for_non-medical_use	2131364	NAPCS
Cannabis_extracts_ingested_products,_for_non-medical_use,_at_retail	5611345	NAPCS
Cannabis_extracts_ingested_products,_for_non-medical_use,_at_wholesale	5512135	NAPCS
Cannabis_extracts,_in_bulk	2131361	NAPCS
Cannabis_products_manufacturing_services	6814191	NAPCS
Cannabis_pure_intermediates	2131351	NAPCS
Cannabis_pure_intermediates,_at_wholesale	5512141	NAPCS
Cannabis_seeds,_at_retail	5611311	NAPCS
Cannabis_seeds,_at_wholesale	5512111	NAPCS
Cannabis_seeds,_in_bulk	2131111	NAPCS
Cannabis_seeds,_prepared_for_retail_sale,_for_medical_use	2131113	NAPCS
Cannabis_seeds,_prepared_for_retail_sale,_for_non-medical_use	2131112	NAPCS
Cannabis_topical_products	2131391	NAPCS
Cannabis_topical_products,_at_retail	5611391	NAPCS
Cannabis_topical_products,_at_wholesale	5512191	NAPCS
Cannabis_vegetative_plants,_at_retail	5611312	NAPCS
Cannabis_vegetative_plants,_at_wholesale	5512112	NAPCS
Cannabis_vegetative_plants,_in_bulk	2131121	NAPCS
Cannabis_vegetative_plants,_prepared_for_retail_sale,_for_medical_use	2131123	NAPCS
Cannabis_vegetative_plants,_prepared_for_retail_sale,_for_non-medical_use	2131122	NAPCS
Cannabis-infused_beverages	2131371	NAPCS
Cannabis-infused_beverages,_at_retail	5611361	NAPCS
Cannabis-infused_beverages,_at_wholesale	5512151	NAPCS
Cannabis-infused_edible_products_(except_beverages)	2131372	NAPCS
Cannabis-infused_edible_products_(except_beverages),_at_retail	5611362	NAPCS
Cannabis-infused_edible_products_(except_beverages),_at_wholesale	5512152	NAPCS
Canned_carbonated_soft_drinks	1931112	NAPCS
Canned_fish,_shellfish_and_crustaceans_(including_soups)	1711121	NAPCS
Canned_foods,_n.e.c.	1835123	NAPCS
Canned_fruit_(except_infant_foods)	1835151	NAPCS
Canned_fruit_juices	1921122	NAPCS
Canned_meat_(except_canned_poultry)	1721542	NAPCS
Canned_soups_and_stews_(except_seafood)	1835131	NAPCS
Canned_vegetables_and_mushrooms_(except_infant_foods)	1835141	NAPCS
Canned,_concentrated_and_condensed_milk_products_(including_UHT)	1731221	NAPCS
Canola	1131111	NAPCS
Canola_or_rapeseed_oil_(crude,_once-refined,_fuel-grade_or_industrial)	1821331	NAPCS
Captioning,_titling_and_subtitling_services_for_audiovisual_works	7212127	NAPCS
Carbon_black	2711251	NAPCS
Carbon_dioxide	2711113	NAPCS
Carbon_or_graphite_electrodes,_for_electric_furnaces_and_electrolytic_cell_use	3812511	NAPCS
Carbon_steel_castings_(except_investment)	3121342	NAPCS
Carbon,_graphite_or_carbon-fibre_products,_for_non-electrical_use	3812513	NAPCS
Carbonated_bottled_water	1931113	NAPCS
Carburetors,_engine_pistons,_and_intake_and_exhaust_valves	4131113	NAPCS
Career_management_services_of_artists,_athletes,_entertainers_and_other_public_figures	8313111	NAPCS
Cargo_airports	6221264	NAPCS
Carpets,_rugs_and_mats	2321111	NAPCS
Carpool_and_vanpool_coordination_services	5315214	NAPCS
Carwash_buildings	6221297	NAPCS
Cash_handling_and_management_products	7612131	NAPCS
Caskets_and_other_funeral_goods,_at_wholesale	5511775	NAPCS
Caskets_and_other_related_funeral_goods	4751311	NAPCS
Cat_food	1811112	NAPCS
Catalogue_and_directory_printing	6812251	NAPCS
Cattle	1111111	NAPCS
Cellulosic_fibreboard_(insulating_board)	2412222	NAPCS
Cement_clinkers	4651116	NAPCS
Cemetery_maintenance_services	8512115	NAPCS
Ceramic_decorative_articles	2911134	NAPCS
Ceramic_floor_and_wall_tile_(including_quarry_tile)	2911121	NAPCS
Ceramic_floor_and_wall_tile,_at_wholesale	5511662	NAPCS
Chassis_for_compact_passenger_cars	4111112	NAPCS
Chassis_for_full-size_passenger_cars	4111132	NAPCS
Chassis_for_heavy-duty_trucks_and_buses	4121122	NAPCS
Chassis_for_light-duty_trucks_and_buses	4111222	NAPCS
Chassis_for_medium-duty_trucks_and_buses	4121112	NAPCS
Chassis_for_mid-size_passenger_cars	4111122	NAPCS
Chassis_for_vans,_sport_utility_vehicles_(SUVs)_and_crossovers	4111212	NAPCS
Cheese_(except_cottage_cheese,_cream_cheese_and_process_cheese)	1731311	NAPCS
Chemical_and_chemical_products_manufacturing_services	6814142	NAPCS
Chemical_catalytic_preparations	2711261	NAPCS
Chemical_industry_machinery_and_equipment	3431153	NAPCS
Cheque_books_(including_inserts_and_refills,_but_excluding_those_in_continuous_form_and_die-cut)	2521211	NAPCS
Chewing_gum_and_bubble_gum	1832231	NAPCS
Chewing_tobacco	2121124	NAPCS
Chicken_and_turkey_feed	1811231	NAPCS
Chickens_for_breeding	1111311	NAPCS
Chickens_for_meat	1111313	NAPCS
Chickpeas,_Desi	1143111	NAPCS
Chickpeas,_Kabuli	1143112	NAPCS
Chicks	1111331	NAPCS
Child_day-care_services,_in_day-care_centres	8123112	NAPCS
Child_day-care_services,_in_private_residences	8123111	NAPCS
Childcare_centres	6221382	NAPCS
Children's_and_infant_clothing,_at_wholesale	5511413	NAPCS
Children's_and_infant's_footwear	2312292	NAPCS
Children's_athletic_footwear_and_accessories,_at_retail	5612432	NAPCS
Children's_books,_in_physical_form	4811111	NAPCS
Children's_books,_online	4811112	NAPCS
Children's_clothing_manufacturing_services	6814127	NAPCS
Children's_non-athletic_footwear_n.e.c.,_at_retail	5612439	NAPCS
Chimney_cleaning_services	7812214	NAPCS
Chlorine	2711221	NAPCS
Chocolate_and_chocolate-type_confectionery_products	1832211	NAPCS
Chocolate_and_cocoa_products,_n.e.c.	1832112	NAPCS
Christmas_trees	1151421	NAPCS
Cigarettes_(except_e-cigarettes)	2121111	NAPCS
Cigars	2121121	NAPCS
Cinemas_and_performing_art_theatres	6221271	NAPCS
Circular_knit_fabrics	2211131	NAPCS
Civic_and_social_organization_services	8614131	NAPCS
Civilian_air,_rail,_and_water_transport_equipment_manufacturing_services	6814162	NAPCS
Civilian_aircraft	4211112	NAPCS
Civilian_aircraft_engines	4311112	NAPCS
Claims_adjustment_services	7633121	NAPCS
Clay_and_refractory_minerals	1621231	NAPCS
Clay_refractories	2911111	NAPCS
Clay,_refractory_minerals,_industrial_sand,_and_non-metallic_minerals_n.e.c.,_at_wholesale	5511872	NAPCS
Clinical_treatment_centres	6221333	NAPCS
Clocks_(except_parts_and_components)	3631212	NAPCS
Clothing_accessories_at_wholesale	5511415	NAPCS
Coal_at_wholesale	5511891	NAPCS
Coal_coke	2611111	NAPCS
Coastal_and_Great_Lakes_fixed_route_passenger_transportation_services_by_water	5214111	NAPCS
Coated_fabrics	2211161	NAPCS
Coated_industrial_converting_paper	2512212	NAPCS
Coated_printing_paper	2512211	NAPCS
Coated_yarns	2211162	NAPCS
Cobalt_ores_and_concentrates	1552321	NAPCS
Cocoa_beans	1151341	NAPCS
Coffee_and_tea,_at_wholesale	5511365	NAPCS
Coffee_shops_(cafés)	6221245	NAPCS
Coffee,_prepared_for_retail_sale_(except_concentrates)	1911111	NAPCS
Coin-operated_amusement_machines_(except_lottery_terminals)	3421132	NAPCS
Coking_(metallurgical)_coal	1441121	NAPCS
Cold_impression_die_impact,_press,_and_upset_iron_and_steel_forgings	4723312	NAPCS
Cold-finished_bars_and_bar_shapes,_of_alloy_steel_(except_concrete_reinforcing_bars)	3121241	NAPCS
Cold-finished_bars_and_bar_shapes,_of_iron_or_non-alloy_steel_(except_concrete_reinforcing_bars)	3121231	NAPCS
Cold-rolled_sheets_and_strips,_of_alloy_steel	3121221	NAPCS
Cold-rolled_sheets_and_strips,_of_iron_or_non-alloy_steel	3121211	NAPCS
Collection_services_for_non-hazardous_construction_and_demolition_waste	7823113	NAPCS
Collectors'_items_at_retail	5619162	NAPCS
Colour_correction_services_and_digital_restoration_services_for_audiovisual_works	7212125	NAPCS
Commercial_airports	6221262	NAPCS
Commercial_and_industrial_multi-peril_property_insurance_products	7631312	NAPCS
Commercial_and_industrial_photography_services	7761151	NAPCS
Commercial_and_institutional_electric_lighting_fixtures	3913121	NAPCS
Commercial_and_service_industry_machinery_and_equipment,_at_wholesale	5511773	NAPCS
Commercial_bays	6221227	NAPCS
Commercial_cooking_and_food-warming_equipment	3421121	NAPCS
Commercial_food_processing_machinery	3431131	NAPCS
Commercial_illustration_services	7731143	NAPCS
Commercial_laundry,_dry-cleaning_and_pressing_machines	3421133	NAPCS
Commercial_moving_services	5134121	NAPCS
Commercial_or_institutional_food_preparation_buildings	6221152	NAPCS
Commercial_refrigeration_equipment	3441131	NAPCS
Commercial_tents_and_air-supported_structures	2321332	NAPCS
Commercial_turf,_grounds-care_and_snow_removal_equipment	3311151	NAPCS
Commercial,_industrial,_and_institutional_cleaning_products	2741131	NAPCS
Commercial,_public_and_institutional_building_engineering_projects	7722121	NAPCS
Commodity_inspection_services	7761353	NAPCS
Communications_buildings	6221293	NAPCS
Community_colleges	6221315	NAPCS
Community_health_care_centres_and_clinics	6221331	NAPCS
Community_newspapers,_in_physical_form	4812121	NAPCS
Community_newspapers,_online	4812122	NAPCS
Compact_passenger_cars	4111111	NAPCS
Compensation_and_benefits_consulting_services	7751114	NAPCS
Complete_beef_cattle_feed	1811212	NAPCS
Complete_dairy_cattle_feed	1811211	NAPCS
Complete_swine_feed	1811221	NAPCS
Components_for_prefabricated_wood_buildings	4711221	NAPCS
Composite_flooring	2412212	NAPCS
Compostable_and_biodegradable_thermoplastic_waste_and_scrap	1581141	NAPCS
Compostable_and_biodegradable_thermoset_plastic_waste_and_scrap	1581142	NAPCS
Compressors_and_vacuum_pumps	3453221	NAPCS
Compressors,_compressor_units,_condensing_units_and_other_parts_of_cooling_equipment	3511412	NAPCS
Computer_and_electronic_component_manufacturing_services	6814171	NAPCS
Computer_monitors	3611123	NAPCS
Computer_peripherals,_n.e.c.	3611125	NAPCS
Computer_printers	3611124	NAPCS
Computer_software_(except_game),_at_retail	5613162	NAPCS
Computer_systems_design,_development_and_integration_services	7741121	NAPCS
Computer_systems_management_services	7511152	NAPCS
Computers,_peripherals,_and_networking_equipment,_at_retail	5613161	NAPCS
Computers,_storage_devices_and_peripheral_equipment,_at_wholesale	5511751	NAPCS
Concentrated_coffee,_extracts,_and_substitutes	1911121	NAPCS
Concession_stands	6221247	NAPCS
Concrete_curing_materials_and_drilling_mud_preparations	2721362	NAPCS
Concrete_decorative_blocks_and_bricks	2911211	NAPCS
Concrete_pipes_and_fittings	2911221	NAPCS
Concrete_reinforcing_bars	4661111	NAPCS
Concrete_structural_blocks_and_bricks	2911212	NAPCS
Concrete,_cement,_sand,_gravel,_stone,_brick,_block_and_tile,_at_wholesale	5511661	NAPCS
Condiments_n.e.c.	1834213	NAPCS
Condoms_and_rubber_health_products,_n.e.c.	2841333	NAPCS
Confectionery_at_wholesale	5511363	NAPCS
Construction_machinery_and_equipment,_at_wholesale	5511721	NAPCS
Construction_paper_(except_asphalt-coated_felts)	2512262	NAPCS
Construction_sand_and_gravel	1621211	NAPCS
Construction_services	6721111	NAPCS
Construction_surveying	7724175	NAPCS
Consulate_and_embassy_buildings,_stand-alone	6221215	NAPCS
Consulting_services_for_book_publishing	7811315	NAPCS
Consumer_and_commercial_foam_products_including_dinnerware_and_tableware_(except_polystyrene_or_polyurethane)	2841444	NAPCS
Consumer_and_commercial_foam_products_of_polystyrene_or_polyurethane_(including_dinnerware_and_tableware)	2841431	NAPCS
Consumer_membership_services_provided_by_businesses	8614142	NAPCS
Consumer_non-riding_lawn,_garden,_and_snow_removal_equipment	3311153	NAPCS
Consumer_riding_lawn,_garden,_and_snow_removal_equipment	3311152	NAPCS
Contact_lenses	4751143	NAPCS
Contract_production_of_commercials	7212113	NAPCS
Contract_production_of_copyrighted_works_(except_live_performances_and_audiovisual_works)	8311131	NAPCS
Contract_production_of_corporate/industry_videos	7212114	NAPCS
Contract_production_of_educational_videos	7212116	NAPCS
Contract_production_of_feature_films	7212111	NAPCS
Contract_production_of_live_performing_arts_performances_(except_on_tour)	8311112	NAPCS
Contract_production_of_live_performing_arts_performances_on_tour	8311111	NAPCS
Contract_production_of_live_sporting_events	8311121	NAPCS
Contract_production_of_music_videos	7212115	NAPCS
Contract_production_of_other_videos_and_audiovisual_works,_n.e.c.	7212118	NAPCS
Contract_production_of_television_programs	7212112	NAPCS
Contract_production_of_videos_for_government	7212117	NAPCS
Contract_publishing_services_for_others	7811314	NAPCS
Contract_staffing	7811221	NAPCS
Convention_and_meeting_photography_services	7761141	NAPCS
Convention_and_trade_show_organization_services	7812423	NAPCS
Convention_centres_and_halls	6221272	NAPCS
Converted_unmounted_aluminum_foil_for_packaging	4723531	NAPCS
Cookies,_confectionery,_and_snack_foods,_at_retail	5611122	NAPCS
Cookies,_wafers_and_ice_cream_cones	1831411	NAPCS
Copper_and_copper-alloy_bars,_rods,_sheets,_strips_and_plates	3261111	NAPCS
Copper_and_copper-alloy_castings_(except_die-castings)	4723422	NAPCS
Copper_and_copper-alloy_die-castings	4723421	NAPCS
Copper_and_copper-alloy_pipes_and_tubes_(except_for_plumbing)	3261122	NAPCS
Copper_and_copper-alloy_pipes_and_tubes_for_plumbing	3261121	NAPCS
Copper_ores_and_concentrates	1521111	NAPCS
Corn_for_grain	1151111	NAPCS
Corn_for_silage	1151382	NAPCS
Corn_oil_(crude,_once-refined,_fuel-grade_or_industrial)	1821311	NAPCS
Corn_sweeteners	1821313	NAPCS
Corn-based_snacks	1833122	NAPCS
Corporate_and_party_event_services	8324116	NAPCS
Corporate_identity_and_communications_graphic_design_services	7731141	NAPCS
Corrugated_and_solid_fibre_boxes	4742111	NAPCS
Cosmetics_and_beauty_supplies_(including_perfumes),_at_wholesale	5511491	NAPCS
Cosmetics_and_fragrances,_at_retail	5617221	NAPCS
Cosmetics_and_toiletries,_n.e.c.	2741241	NAPCS
Costume_jewellery_(including_base_metal,_glass,_plastic,_and_synthetic_stones),_at_retail	5612312	NAPCS
Costume_jewellery_and_novelties	4753351	NAPCS
Costume_jewellery_at_wholesale	5511424	NAPCS
Cottage_cheese	1731331	NAPCS
Cotton_yarns	2211212	NAPCS
Counselling_and_information_services_for_children,_youth_and_families	8122114	NAPCS
Counting_devices_(except_parts_and_motor_vehicle_instruments)	3631242	NAPCS
Court_houses_and_probation_offices	6221364	NAPCS
Crackers_and_similar_products	1831412	NAPCS
Craft_and_hobby_kits,_and_leisure_supplies_n.e.c.,_at_retail	5614154	NAPCS
Cream_cheese	1731312	NAPCS
Credit_card_association_products	7614114	NAPCS
Credit_card_cardholder_products_for_businesses_and_government	7614111	NAPCS
Credit_card_cardholder_products_to_consumers	7614112	NAPCS
Credit_card_merchant_products	7614113	NAPCS
Credit_rating_services	7811361	NAPCS
Cremation_facilities	6221374	NAPCS
Cremation_of_human_remains	8512112	NAPCS
Critical_access_hospitals	6221323	NAPCS
Cross_docking_facilities	6221233	NAPCS
Crude_bitumen	1411211	NAPCS
Crude_petroleum_oil_at_wholesale	5511211	NAPCS
Crude_wood_products_at_wholesale	5511811	NAPCS
Crushed_stone	1621121	NAPCS
Crustaceans_(except_live)	1211131	NAPCS
Crystals,_filters,_piezo-electric,_and_related_electronic_devices_and_components	3711132	NAPCS
Culverts,_flumes_and_irrigation_pipes	4661461	NAPCS
Cups_and_liquid-tight_paper_and_paperboard_containers_(except_beverage_cartons)	4742142	NAPCS
Cured_fish,_shellfish_and_crustaceans	1711131	NAPCS
Current-carrying_switches_for_electrical_circuitry	3812411	NAPCS
Current-carrying_wire_connectors_for_electrical_circuitry	3812412	NAPCS
Current-carrying_wiring_devices_and_parts_(except_switches_and_wire_connectors)	3812413	NAPCS
Curtains,_draperies,_and_textile_blinds	2321221	NAPCS
Custom_continuous_business_forms	2521214	NAPCS
Custom_slaughtering_of_animals	6814111	NAPCS
Custom_work_services_for_forestry	6611411	NAPCS
Customization_and_integration_services_of_packaged_software	6431115	NAPCS
Customized_group_tour_packages	8431172	NAPCS
Customs_brokering_services	5315121	NAPCS
Cut_diamonds_(except_industrial)	4753321	NAPCS
Cut_flowers	1151435	NAPCS
Cut_flowers,_indoor_potted_plants_and_floral_supplies,_at_retail	5619152	NAPCS
Cut_precious_and_semi-precious_stones_(except_diamonds)	4753331	NAPCS
Cuts_of_lamb,_mutton_and_goat	1721412	NAPCS
Cuts_of_meat,_n.e.c.	1721582	NAPCS
Cuttings	1151433	NAPCS
Cyclic_intermediates_(coal_tar),_tar,_tar_crudes_and_tar_pitches	2711312	NAPCS
Cycloterpenes,_cyclanes_and_cyclenes,_and_cyclic_hydrocarbons_n.e.c.	2632141	NAPCS
Daily_newspapers,_in_physical_form	4812111	NAPCS
Daily_newspapers,_online	4812112	NAPCS
Dairy_cattle_feed_supplements,_concentrates,_and_premixes	1811251	NAPCS
Dairy_product_substitutes_(including_non-milk-based_powder_mixes)	1731261	NAPCS
Dairy_products_(except_dried,_canned,_condensed,_and_evaporated),_at_wholesale	5511321	NAPCS
Data_centres	6221133	NAPCS
Data_communications_equipment_(except_local_area)	3621122	NAPCS
Data_conversion_and_migration_services	7511162	NAPCS
Data_management_infrastructure_provisioning_services	7511143	NAPCS
Data_storage_devices_(including_flash_media)	3611122	NAPCS
Data_storage_infrastructure_provisioning_services	7511142	NAPCS
Data_transmission_services	7233213	NAPCS
Database_design_and_development_services	6431112	NAPCS
Databases,_on_physical_media	4812331	NAPCS
Databases,_online	4812332	NAPCS
Dating_services	8515171	NAPCS
Debt_collection,_and_recovery_services	7811341	NAPCS
Decorative_home_furnishings_(except_textile_products),_at_retail	5613133	NAPCS
Decorative_home_furnishings_(except_textile_products),_at_wholesale	5511436	NAPCS
Defence_services	8711111	NAPCS
Denatured_ethyl_alcohol,_for_industrial_use	2711314	NAPCS
Dental_and_dental_laboratory_supplies	4751132	NAPCS
Dental_professional_and_dental_laboratory_equipment	4751131	NAPCS
Dental_services	8112111	NAPCS
Dentures,_artificial_teeth,_and_other_products_of_dental_laboratories	4751133	NAPCS
Deposit_account_service_packages	7612111	NAPCS
Desktop_and_similar_computers	3611111	NAPCS
Desserts_and_dessert_preparations_(except_dairy_and_baked_goods)	1836134	NAPCS
Destruction_services_for_non-hazardous_waste	7823114	NAPCS
Development_drilling_for_oil_and_gas	6711111	NAPCS
Dial-up_Internet_access_services	7233221	NAPCS
Dies_and_interchangeable_cutting_tools,_for_machines_and_power-driven_hand_tools	3511362	NAPCS
Diesel_engines_(except_for_motor_vehicles_or_aircraft)	3451112	NAPCS
Diesel_engines_for_motor_vehicles	4131211	NAPCS
Diesel_fuel	2612211	NAPCS
Digital_and_film_cameras,_at_wholesale	5511474	NAPCS
Digital_and_film_still_cameras,_and_photographic_equipment	3421112	NAPCS
Diluted_bitumen	1411212	NAPCS
Direct_mail_advertising_services,_sold_separately	7123112	NAPCS
Directories,_in_physical_form	4812321	NAPCS
Directories,_online	4812322	NAPCS
Disaster_restoration_and_cleaning_services	7812226	NAPCS
Discretionary_programming_packages_(except_online_streaming)	7234121	NAPCS
Dispatch_services_for_taxi_and_ridesharing,_including_online	5212122	NAPCS
Display_lettering_services,_sold_separately	7123115	NAPCS
Disposable_diapers_and_feminine_hygiene_products	2521311	NAPCS
Disposable_diapers,_and_feminine_hygiene_products,_at_wholesale	5511493	NAPCS
Disposable_paper_and_plastic_products_(including_aluminum_foil),_at_wholesale	5511923	NAPCS
Distilled_liquor_(except_whisky,_brandy_and_cider)	2111321	NAPCS
Distribution_and_shipping_centres	6221234	NAPCS
Distribution_of_advertising_materials,_other_than_by_mail,_provided_separately	7123113	NAPCS
Document_finishing_services	7811313	NAPCS
Document_preparation_services	7811311	NAPCS
Dog_food	1811111	NAPCS
Dolls,_toy_animals,_action_figures,_and_stuffed_toys	4753221	NAPCS
Domain_names_registration_services	7511112	NAPCS
Domestic_non-electric_heating_stoves	3441122	NAPCS
Drafting_services	7723111	NAPCS
Dramatic_works_originals	6322131	NAPCS
Drawing,_redrawing,_and_insulating_wire	6814153	NAPCS
Drayage	5311114	NAPCS
Dressed_dimension_granite	2911411	NAPCS
Dressed_dimension_limestone	2911412	NAPCS
Dressed_dimension_marble,_slate,_sandstone,_and_other_stone_n.e.c.	2911413	NAPCS
Dried_cannabis_flowering_tops_(including_leaves),_for_medical_use,_at_retail	5611332	NAPCS
Dried_cannabis_flowering_tops_(including_leaves),_for_medical_use,_at_wholesale	5512123	NAPCS
Dried_cannabis_flowering_tops_(including_leaves),_for_non-medical_use,_at_retail	5611331	NAPCS
Dried_cannabis_flowering_tops_(including_leaves),_for_non-medical_use,_at_wholesale	5512122	NAPCS
Dried_cannabis_flowering_tops_(including_leaves),_in_bulk	2131221	NAPCS
Dried_cannabis_flowering_tops_(including_leaves),_prepared_for_retail_sale,_for_medical_use	2131223	NAPCS
Dried_cannabis_flowering_tops_(including_leaves),_prepared_for_retail_sale,_for_non-medical_use	2131222	NAPCS
Dried_fruit,_vegetables,_soup_mixes,_and_bouillon,_not_prepared_for_retail_sale	1835161	NAPCS
Dried_fruit,_vegetables,_soup_mixes,_and_bouillon,_prepared_for_retail_sale	1835162	NAPCS
Dried_sauce,_gravy,_dip,_and_frosting_mixes	1834223	NAPCS
Dried,_frozen,_or_liquid_eggs_and_substitutes	1836137	NAPCS
Drink_powders,_n.e.c.	1836133	NAPCS
Drinking_and_baking_chocolate_and_cocoa,_in_consumer_packages	1832111	NAPCS
Drinks_with_distilled_spirits,_prepared_and_served_or_dispensed_for_immediate_consumption	8411231	NAPCS
Drive_through_and_fast_food_restaurants	6221242	NAPCS
Dry_coloured_beans	1143132	NAPCS
Dry_food_mixtures_and_kits	1836132	NAPCS
Dry_milk_products_(except_milk-based_powder_mixes_and_skim_milk_powder)	1731251	NAPCS
Dry_milk-based_powder_mixes	1731231	NAPCS
Dry_pasta	1831221	NAPCS
Dry_skim_milk_powder	1731241	NAPCS
Dry_white_beans	1143131	NAPCS
Dry-cleaning_services_to_households	8513123	NAPCS
Duct_cleaning_services	7812228	NAPCS
Duplexes,_triplexes_and_quadruplexes	6211124	NAPCS
Duplication_and_copying_(except_large-run)_services_for_audiovisual_works,_digital_and_video	7212141	NAPCS
Durum_wheat	1121112	NAPCS
Dust_collection_and_other_air_purification_equipment_for_cleaning_inflow_air	3441222	NAPCS
Dust_collection_and_other_air_purification_equipment_for_cleaning_outflow_air	3441221	NAPCS
DVD_authoring_services	7212128	NAPCS
E-books_at_retail	5614212	NAPCS
E-liquids_with_nicotine	2121132	NAPCS
E-liquids_without_nicotine_or_cannabis	2121133	NAPCS
Economic_consulting_services	7751311	NAPCS
Editing_services_for_audiovisual_works	7212123	NAPCS
Education_consulting_services	8213141	NAPCS
Eggs_and_dairy_products_(except_frozen_desserts),_at_retail	5611114	NAPCS
Eggs_at_wholesale	5511331	NAPCS
Eggs_in_shell_for_consumption	1161111	NAPCS
Eggs_in_shell_for_hatcheries	1161112	NAPCS
Eggs_in_shell,_leakers_and_rejects	1161113	NAPCS
Electric_household_cooking_equipment	3821211	NAPCS
Electric_light_bulbs_and_tubes	3811111	NAPCS
Electric_powered_hand_tools_(except_battery-powered_and_welding_equipment)	3454323	NAPCS
Electrical_and_communication_wire_and_cable,_and_electrical_system_products,_at_wholesale	5511622	NAPCS
Electrical_component_manufacturing_services	6814172	NAPCS
Electrical_motor_and_circuit_testing_equipment	3631231	NAPCS
Electrical_motors,_and_generation_and_distribution_equipment,_at_wholesale	5511621	NAPCS
Electrical,_laboratory_and_industrial_products_of_porcelain,_steatite_and_other_ceramics	2911135	NAPCS
Electromedical_equipment	3631313	NAPCS
Electron_tubes_and_parts	3711222	NAPCS
Electronic_and_electrical_equipment_engineering_design_projects	7722136	NAPCS
Electronic_and_fibre_optic_connectors	3711211	NAPCS
Electronic_capacitors,_resistors,_inducers_and_transducers	3711221	NAPCS
Electronic_cigarettes_(except_containing_cannabis)	2121131	NAPCS
Electronic_cigarettes,_e-liquid_refills,_vaporizers_and_other_e-liquid_delivery_systems,_at_retail	5619122	NAPCS
Electronic_cigarettes,_e-liquid_refills,_vaporizers_and_other_e-liquid_delivery_systems,_at_wholesale	5511392	NAPCS
Electronic_components,_at_wholesale	5511761	NAPCS
Electronic_components,_n.e.c.	3711224	NAPCS
Electronic_equipment,_n.e.c.,_at_wholesale	5511764	NAPCS
Electronic_game_consoles_(except_game_software),_at_retail	5614121	NAPCS
Electronic_game_consoles_(except_game_software),_at_wholesale	5511452	NAPCS
Electronic_hearing_aids	3631311	NAPCS
Electronic_musical_instruments_(except_electric_guitars)	4753411	NAPCS
Electronic_teaching_machines,_teaching_aids,_trainers_and_simulators	3421135	NAPCS
Electronic_toys_and_games_(except_game_software)	4753231	NAPCS
Electroplating,_plating,_polishing,_anodizing,_and_coloring	6813131	NAPCS
Elevators_and_moving_stairways	3454231	NAPCS
Embroideries	2321343	NAPCS
Embroidery_services	6814123	NAPCS
Enamelled_metal_sanitary_ware	4661231	NAPCS
Enclosed_parkades_and_parking_garages	6231212	NAPCS
Enclosed_shopping_malls_and_centres	6221222	NAPCS
Endorsement_services	7121113	NAPCS
Energy_storage_systems	6233141	NAPCS
Engine_electrical_equipment_and_parts	4132125	NAPCS
Engine_equipment_n.e.c._(including_gasoline_engines_for_marine_and_small_aircraft_use)	3451114	NAPCS
Engine-driven,_hydraulic,_and_pneumatic_hand_tools	3454321	NAPCS
Engineered_structural_wood_members_(except_trusses)	2412121	NAPCS
Engineering_advisory_services	7722192	NAPCS
Engraving_(printing)	6812111	NAPCS
Enhanced_recovery_techniques_for_oil_and_gas	6711113	NAPCS
Envelopes	2521111	NAPCS
Environmental_assessments	7751211	NAPCS
Environmental_audits	7751212	NAPCS
Environmental_emergency_response_services	7823133	NAPCS
Environmental_policy_development_consulting_services	7751217	NAPCS
Equipment_and_supplies_for_non-farm_activities,_n.e.c.,_at_retail	5619156	NAPCS
Ethane	1431121	NAPCS
Ethanol_fuel	2612131	NAPCS
Ethylene	2632111	NAPCS
Evaluation_of_environmental_studies	7751214	NAPCS
Event_ticket_sales_and_reservation_services	8431151	NAPCS
Exam_preparation_and_tutoring_services	8213111	NAPCS
Exclusivity_rights	7121114	NAPCS
Executive/retained_search	7811281	NAPCS
Exercise_equipment_at_retail	5614112	NAPCS
Expert-witness_services_for_geospatial_surveying_and_mapping	7724182	NAPCS
Exploration_drilling_for_oil_and_gas	6411111	NAPCS
Explosives,_propellants_and_blasting_accessories	2721331	NAPCS
Externally-threaded_metal_fasteners_(except_for_aircraft)	4722212	NAPCS
Eye_care_centres	6221337	NAPCS
Eyewear_(including_frames_and_lenses),_at_wholesale	5511784	NAPCS
Faba_beans	1143151	NAPCS
Fabric_dry_goods_and_leather,_at_wholesale	5511852	NAPCS
Fabric_finishing_services	6811121	NAPCS
Fabric_knitting_services	6814122	NAPCS
Fabric_weaving_services	6811111	NAPCS
Fabricated_bar_joists	4661121	NAPCS
Fabricated_metal_collapsible_tubes	4723523	NAPCS
Fabricated_nonwoven_products	2211172	NAPCS
Fabricated_plastic_parts_for_other_transportation_equipment,_n.e.c.	2841232	NAPCS
Fabricated_plastic_products_for_electrical,_electronic_or_industrial_machinery_use_(except_foam_and_reinforced_plastics)	2841234	NAPCS
Fabricated_plastic_products_for_motor_vehicles_(except_foam_and_reinforced_plastics)	4133111	NAPCS
Fabricated_products,_n.e.c.	4754237	NAPCS
Fabricated_steel_plate_(except_for_construction)	4661132	NAPCS
Fabricated_steel_plate,_for_construction	4661131	NAPCS
Facial_tissues	2521411	NAPCS
Facilities_management_support_services	7812411	NAPCS
Factoring	7614121	NAPCS
Farm_buildings	6221111	NAPCS
Farm_equipment_at_retail	5619141	NAPCS
Farm_machinery_and_equipment,_at_wholesale	5511711	NAPCS
Farm_supplies_at_retail	5619142	NAPCS
Farm_tractors	3311111	NAPCS
Fashion,_jewellery_and_footwear_design_services,_and_other_design_services_n.e.c.	7731151	NAPCS
Fastener_hardware,_at_wholesale	5511653	NAPCS
Federal_correctional_services	8711122	NAPCS
Federal_courts_of_law_services	8711121	NAPCS
Federal_labour_and_employment_services	8711131	NAPCS
Federal_police_services	8711123	NAPCS
Federal_regulatory_services	8711124	NAPCS
Feed_for_pets_and_laboratory_animals,_n.e.c.	1811242	NAPCS
Feminine_hygiene_products_at_retail	5617223	NAPCS
Ferro-alloy_ores_and_concentrates	1552311	NAPCS
Ferrous_wire_cloth_and_other_ferrous_woven_wire_products	4723242	NAPCS
Ferry_or_cruise_terminals	6221268	NAPCS
Fertilizer_materials_of_organic_origin_(including_activated_sewage_sludge_and_processed_tankage)	2721121	NAPCS
Fibre_optic_cable	3812121	NAPCS
Fibre,_yarn,_and_thread,_at_wholesale	5511851	NAPCS
Filters_and_strainers_for_fluids_and_fluid_power_systems	3454342	NAPCS
Filters_for_internal_combustion_engines_and_motor_vehicles	4135561	NAPCS
Financial_and_legal_printing	6812252	NAPCS
Financial_auditing_services	7712111	NAPCS
Financial_leasing_(except_motor_vehicles)	7614132	NAPCS
Financial_leasing,_motor_vehicles	7614131	NAPCS
Financial_management_consulting_services	7751112	NAPCS
Financial_planning_and_investment_management_services_for_businesses,_institutions_(except_unincorporated),_and_governments	7617212	NAPCS
Financial_statement_review_engagements_and_agreed-upon_procedures_for_financial_information	7712113	NAPCS
Fine_cut_smoking_tobacco	2121122	NAPCS
Fine_jewellery_(including_precious_metal,_diamonds,_gemstones,_and_pearls),_at_retail	5612311	NAPCS
Finished_motor_gasoline,_mid-grade	2612112	NAPCS
Finished_motor_gasoline,_premium	2612111	NAPCS
Finished_motor_gasoline,_regular	2612113	NAPCS
Fire_stations	6221367	NAPCS
Fireworks_and_firecrackers,_at_wholesale	5511479	NAPCS
Fish_(except_live)	1211121	NAPCS
Fitness_and_recreational_sports_centre_services	8324113	NAPCS
Fitness_centres,_gyms,_gymnasiums	6221277	NAPCS
Fixed_base_operation_(FBO)_services	5314112	NAPCS
Fixed_high-speed_Internet_access_services,_non-residential	7233223	NAPCS
Fixed_high-speed_Internet_access_services,_residential	7233222	NAPCS
Fixed_local_and_access_telecommunications_services_(except_Internet_access),_at_retail	7233211	NAPCS
Fixed_long_distance_telecommunications_services_(except_Internet_access),_at_retail	7233212	NAPCS
Fixed_wholesale_Internet_access_services	7233121	NAPCS
Fixed_wholesale_telecommunications_services_(except_Internet_access)	7233111	NAPCS
Flat_glass_(except_automotive)	2911311	NAPCS
Flatbreads	1831312	NAPCS
Flavoured_milk,_buttermilk,_and_sour_cream,_in_bulk_or_packaged	1731151	NAPCS
Flavouring_syrups_and_extracts_(except_for_beverages)	1834121	NAPCS
Flaxseed	1151221	NAPCS
Flexible_metal_hose_and_tube	4723524	NAPCS
Flood_protection_engineering_works	6236221	NAPCS
Floor_and_wall_furnaces,_unit_heaters,_infrared_heaters,_and_mechanical_stokers_(except_electric)	3441124	NAPCS
Floor_coverings_(except_ceramic_tile_and_wood_flooring),_at_wholesale	5511433	NAPCS
Floor_coverings_(including_wood_flooring)_and_tiles,_at_retail	5618124	NAPCS
Flooring_products_of_wood_(including_laminate_flooring),_at_wholesale	5511614	NAPCS
Flour_mixes,_and_refrigerated_and_frozen_doughs,_batters_and_breading	1831211	NAPCS
Flower_seeds	1151411	NAPCS
Fluid_power_cylinders_and_actuators	3453211	NAPCS
Fluid_power_pumps_and_motors	3453212	NAPCS
Foam_products_for_packaging,_of_polystyrene_or_polyurethane	4741611	NAPCS
Folding_paperboard_boxes_(including_packaging_components)	4742121	NAPCS
Food_courts	6221246	NAPCS
Footwear_at_wholesale	5511416	NAPCS
Foreign_affairs_services	8711141	NAPCS
Foreign_currency_exchange_at_retail	7612151	NAPCS
Foreign_currency_wholesale_brokering_and_dealing	7616161	NAPCS
Forensic_document_analysis_services	7761354	NAPCS
Forestry_machinery_and_equipment,_at_wholesale	5511722	NAPCS
Formaldehyde	2711317	NAPCS
Foster_care_placement_services	8122112	NAPCS
Foundry_and_industrial_patterns	3455113	NAPCS
Fractional_horsepower_motors,_rated_at_less_than_746_watts_(except_hermetic)	3631111	NAPCS
Fractional_motor_generator_sets_and_other_rotating_equipment_(including_hermetic)	3631115	NAPCS
Franchising_agreements	6511114	NAPCS
Freight_loading_and_unloading_services	5315213	NAPCS
Freight_train_cars	4411231	NAPCS
Freight_transportation_arrangement_services	5315111	NAPCS
Fresh_and_canned_vegetable_juices	1921131	NAPCS
Fresh_and_frozen_carcasses_and_half-carcasses_of_beef_and_veal	1721111	NAPCS
Fresh_and_frozen_chicken	1721311	NAPCS
Fresh_and_frozen_cuts_of_beef	1721121	NAPCS
Fresh_and_frozen_cuts_of_pork	1721212	NAPCS
Fresh_and_frozen_ground_beef	1721131	NAPCS
Fresh_and_frozen_lamb,_mutton_and_goat,_whole_and_half-carcass	1721411	NAPCS
Fresh_and_frozen_pork,_whole_and_half-carcass	1721211	NAPCS
Fresh_and_frozen_turkey	1721321	NAPCS
Fresh_and_frozen_veal_(except_carcasses_and_half-carcasses)	1721141	NAPCS
Fresh_apples	1141141	NAPCS
Fresh_baked_desserts_and_doughnuts	1831421	NAPCS
Fresh_bananas	1141131	NAPCS
Fresh_blueberries	1141114	NAPCS
Fresh_bulb_type_vegetables	1142212	NAPCS
Fresh_cannabis_flowering_tops_(including_leaves),_at_wholesale	5512121	NAPCS
Fresh_cannabis_flowering_tops_(including_leaves),_for_medical_use,_at_retail	5611322	NAPCS
Fresh_cannabis_flowering_tops_(including_leaves),_for_non-medical_use,_at_retail	5611321	NAPCS
Fresh_cannabis_flowering_tops_(including_leaves),_in_bulk	2131211	NAPCS
Fresh_cannabis_flowering_tops_(including_leaves),_prepared_for_retail_sale,_for_medical_use	2131213	NAPCS
Fresh_cannabis_flowering_tops_(including_leaves),_prepared_for_retail_sale,_for_non-medical_use	2131212	NAPCS
Fresh_cherries	1141145	NAPCS
Fresh_cranberries	1141113	NAPCS
Fresh_fish_and_other_fresh_seafood,_at_retail	5611112	NAPCS
Fresh_fish_and_other_fresh_seafood,_at_wholesale	5511341	NAPCS
Fresh_fish,_shellfish_and_crustaceans_products,_n.e.c.	1711112	NAPCS
Fresh_fruit_and_vegetables,_at_retail	5611113	NAPCS
Fresh_fruit_and_vegetables,_at_wholesale	5511351	NAPCS
Fresh_fruit_juices	1921121	NAPCS
Fresh_fruit_type_vegetables_(except_melons)	1142215	NAPCS
Fresh_grapes	1141147	NAPCS
Fresh_leaf_and_stem_type_vegetables	1142213	NAPCS
Fresh_meat_and_meat_products_(except_canned_and_frozen),_at_wholesale	5511311	NAPCS
Fresh_meat_and_poultry,_at_retail	5611111	NAPCS
Fresh_melons	1142214	NAPCS
Fresh_mushrooms_(including_truffles)	1142217	NAPCS
Fresh_olives	1141133	NAPCS
Fresh_oranges	1141121	NAPCS
Fresh_peaches,_nectarines_and_apricots	1141144	NAPCS
Fresh_pears	1141142	NAPCS
Fresh_pineapples	1141132	NAPCS
Fresh_plums_and_prune_plums	1141143	NAPCS
Fresh_potatoes_for_processing	1142112	NAPCS
Fresh_potatoes_for_seed	1142113	NAPCS
Fresh_potatoes_for_table_consumption	1142111	NAPCS
Fresh_raspberries	1141112	NAPCS
Fresh_root_type_vegetables	1142211	NAPCS
Fresh_strawberries	1141111	NAPCS
Frozen_baked_desserts_and_doughnuts	1831431	NAPCS
Frozen_dinners_and_frozen_foods,_n.e.c.	1835231	NAPCS
Frozen_food_at_retail	5611121	NAPCS
Frozen_food_at_wholesale	5511361	NAPCS
Frozen_fruit	1835221	NAPCS
Frozen_fruit_juices	1921111	NAPCS
Frozen_prepared_fish	1711141	NAPCS
Frozen_prepared_seafood_dinners_and_seafood_products,_n.e.c.	1711142	NAPCS
Frozen_prepared_shellfish_and_crustaceans	1711151	NAPCS
Frozen_vegetables	1835211	NAPCS
Fuel_products_of_waste_wood	1451221	NAPCS
Fuel_wood_of_hardwood	1451211	NAPCS
Fuel_wood_of_softwood	1451212	NAPCS
Fulfilment_services	7812422	NAPCS
Full_electric_motor_passenger_cars	4111311	NAPCS
Full_service_advertising_campaigns	7124111	NAPCS
Full_service_direct_advertising	7123131	NAPCS
Full_service_direct_mail_advertising	7123121	NAPCS
Full-electric_motor_light_truck,_vans_and_sport_utility_vehicles_(SUVs)	4111411	NAPCS
Full-service_restaurants	6221241	NAPCS
Full-size_passenger_cars	4111131	NAPCS
Fundraising_organization_services	7811371	NAPCS
Funeral_homes	6221373	NAPCS
Fur_pieces_and_components,_n.e.c.	2313123	NAPCS
Fur-bearing_animals	1111421	NAPCS
Furniture_hardware	4722121	NAPCS
Furniture_manufacturing_services	6814181	NAPCS
Gambling_machine_products	8331141	NAPCS
Game_software_(except_commercial_use_licences),_on_physical_media	4821211	NAPCS
Game_software_(except_commercial_use_licences),_online_download	4821212	NAPCS
Game_software_design_and_development_services	6431113	NAPCS
Game_software_on_physical_media,_at_retail	5614331	NAPCS
Game_software,_at_wholesale	5511453	NAPCS
Game_software,_downloadable,_at_retail	5614332	NAPCS
Games,_computing_and_other_hobby_instructional_programs	8212114	NAPCS
Gas_household_cooking_equipment	3821212	NAPCS
Gas_stations_and_electric_charging_stations	6221294	NAPCS
Gasoline_engines_(except_for_motor_vehicles_or_aircraft)	3451111	NAPCS
Gate,_globe,_angle,_straightway_check_and_cross_valves	3453132	NAPCS
General_application_software_(except_game_software_and_commercial_use_licences),_on_physical_media	4821311	NAPCS
General_application_software_(except_game_software_and_commercial_use_licences),_online_download	4821312	NAPCS
General_medical_and_surgical_hospitals	6221321	NAPCS
General_reference_books,_in_physical_form	4811131	NAPCS
General_reference_books,_online	4811132	NAPCS
General-interest_periodicals,_in_physical_form	4812211	NAPCS
General-interest_periodicals,_online	4812212	NAPCS
General-purpose_and_comprehensive_non-residential_cleaning_services	7812221	NAPCS
General-purpose_industrial_controls	3812312	NAPCS
Geodetic_surveying_and_ground_control_support	7724176	NAPCS
Geological_and_geophysical_consulting_services	7724141	NAPCS
Geophysical_data_acquisition_by_non-seismic_methods	7724112	NAPCS
Geophysical_data_acquisition_by_seismic_methods	7724111	NAPCS
Geophysical_data_interpretation_services	7724122	NAPCS
Geophysical_data_processing	7724121	NAPCS
Geophysical_data_sales	7724142	NAPCS
Geophysical,_meteorological,_survey,_drafting_and_general-purpose_instruments_and_equipment	3631263	NAPCS
Geospatial_consulting_services	7724181	NAPCS
Geospatial_data_interpretation	7724153	NAPCS
Geospatial_photo_and_image_acquisition	7724151	NAPCS
Geospatial_photo_and_image_processing	7724152	NAPCS
Geothermal_electricity	1461118	NAPCS
Gift_wrap_paper	2521531	NAPCS
Girls'_clothing	2311331	NAPCS
Girls'_clothing_and_accessories,_at_retail	5612132	NAPCS
Glass_and_glass_products,_at_wholesale	5511643	NAPCS
Glass_containers	4743111	NAPCS
Glass_mirrors_(except_automotive)	2911354	NAPCS
Glass,_ceramics,_and_non-metallic_mineral_industry_machinery	3431154	NAPCS
Global_distribution_system_access	8431152	NAPCS
Gloves_and_mittens	2311531	NAPCS
Goats	1111412	NAPCS
Gold_ores,_concentrates_and_mill_bullion	1551111	NAPCS
Golf_carts_and_similar_vehicles	4421242	NAPCS
Golf_course_and_country_club_services	8324111	NAPCS
Golf_equipment	4753121	NAPCS
Golf_equipment_at_retail	5614113	NAPCS
Government_administrative_buildings,_stand-alone	6221214	NAPCS
Grain_products_for_human_consumption,_n.e.c.	1821294	NAPCS
Grain_storage	5411111	NAPCS
Graphic_interface_and_interaction_design_services	7731144	NAPCS
Graves,_plots,_and_other_spaces_for_human_remains	8512114	NAPCS
Green_coffee_beans	1151351	NAPCS
Green_dry_peas	1143142	NAPCS
Green_leguminous_vegetables	1142216	NAPCS
Grey_iron_products_(except_pipes_and_fittings)	3121321	NAPCS
Guided_missiles_and_rockets_(including_space_vehicles)	4311223	NAPCS
Gum_and_other_wood_chemicals	2711313	NAPCS
Gummed_products	4742211	NAPCS
Gymnasium_and_exercise_equipment	4753112	NAPCS
Gypsum	1631211	NAPCS
Gypsum_building_materials_and_other_gypsum_products	4651321	NAPCS
Hair_care_products	2741211	NAPCS
Hair_care_services	8511111	NAPCS
Hair_removal_services	8515131	NAPCS
Halfway_houses	6221285	NAPCS
Ham,_bacon_and_other_processed_pork	1721521	NAPCS
Hand_tools_at_retail	5618112	NAPCS
Hand_tools,_at_wholesale	5511652	NAPCS
Hand-made_pressed_and_blown_glassware	2911353	NAPCS
Hand-operated_edge_tools,_n.e.c.	4752114	NAPCS
Hand-portable_and_other_lighting_equipment,_n.e.c.	3913132	NAPCS
Handbags_and_purses	2313112	NAPCS
Handsaws,_handsaw_blades_and_accessories	4752113	NAPCS
Hard_spring_wheat_flour,_in_bulk	1821211	NAPCS
Hard_spring_wheat_flour,_in_consumer_packages	1821212	NAPCS
Hard-surface_floor_care_services	7812227	NAPCS
Hardboard	2412221	NAPCS
Hardware_(except_fastener_hardware),_at_wholesale	5511654	NAPCS
Hardware_and_renovation_related_products_n.e.c.,_at_retail	5618126	NAPCS
Hardware_at_retail	5618111	NAPCS
Hardwood_chips	2511112	NAPCS
Hardwood_cut_stock_and_dimension_(including_hardwood_furniture_cut_stock)	4621337	NAPCS
Hardwood_flooring	4621311	NAPCS
Hardwood_logs_and_bolts_(except_fuel_wood_and_pulpwood)	1311111	NAPCS
Hardwood_lumber_(except_tongue_and_groove_and_other_edge_worked_lumber)	2411111	NAPCS
Hardwood_lumber,_at_wholesale	5511611	NAPCS
Hardwood_lumber,_edge_worked_(including_tongued_and_grooved)	4621331	NAPCS
Hardwood_plywood_of_birch	2412331	NAPCS
Hardwood_pulpwood	1311211	NAPCS
Hardwood_sawdust_(except_agglomerated)	1571112	NAPCS
Hardwood_shavings	1571114	NAPCS
Hardwood_veneer	2412311	NAPCS
Harvesting_and_haying_machinery	3311131	NAPCS
Hats	2311591	NAPCS
Hay,_forage_seeds_and_grass_seeds	1151381	NAPCS
Hazardous_and_industrial_waste_engineering_projects	7722181	NAPCS
Hazardous_material_(hazmat)_warehouses	6221235	NAPCS
Hazardous_waste_and_hazardous_recyclable_material_consolidation,_storage_and_preparation_services	7823123	NAPCS
Hazardous_waste_disposal_and_facilities_operation_and_maintenance_services	7823125	NAPCS
Hazardous_waste_management_services,_n.e.c.	7823126	NAPCS
Hazardous_waste_treatment_services	7823124	NAPCS
Hazelnuts	1141152	NAPCS
Health_insurance_products	7631111	NAPCS
Heat_exchangers_and_steam_condensers	3453111	NAPCS
Heat_pumps	3441142	NAPCS
Heated_or_cooled_air_or_water	1451321	NAPCS
Heating_boilers,_radiators,_and_convectors	3441121	NAPCS
Heating,_ventilation_and_air-conditioning_equipment_and_supplies,_at_wholesale	5511632	NAPCS
Heavy_construction_and_forestry_machinery_and_equipment,_not_self-propelled	3321132	NAPCS
Heavy_construction_and_forestry_machinery_and_equipment,_self-propelled	3321131	NAPCS
Heavy_crude_oil	1411112	NAPCS
Heavy_fuel_oils	2613311	NAPCS
Heavy-duty_trucks	4121121	NAPCS
Hens_and_pullets_for_laying_eggs	1111312	NAPCS
Heritage_consulting_services	7751323	NAPCS
Hides,_skins,_and_pelts_(except_of_fur-bearing_animals)	1721571	NAPCS
High_density_polyethylene_(HDPE)_waste_and_scrap	1581121	NAPCS
High_rise_office_buildings_(non-medical)	6221212	NAPCS
High-density_polyethylene_(HDPE)_resins	2811223	NAPCS
High-voltage_circuit_breakers_and_switching_or_interrupting_devices	3812332	NAPCS
High-voltage_fuses	3812331	NAPCS
Higher_career_and_technical_programs	8211311	NAPCS
Highways,_roads_and_streets	6231111	NAPCS
Historic_building_interior_design_services	7731113	NAPCS
Historical_buildings	6221392	NAPCS
Historical_restoration_architectural_services	7721131	NAPCS
Historical_sites_(except_buildings)	6221391	NAPCS
Hobby_and_craft_supplies,_at_wholesale	5511478	NAPCS
Hogs_for_breeding	1111211	NAPCS
Hollowware,_flatware_and_other_articles_of_precious_metal	4753341	NAPCS
Home_and_domestic_skills_instructional_programs	8212116	NAPCS
Home_equity_loans	7613132	NAPCS
Home_health_care_equipment_and_appliances,_at_wholesale	5511782	NAPCS
Home_health_care_services	8116131	NAPCS
Home_health_products,_n.e.c.,_at_retail	5617131	NAPCS
Home_lawn_and_garden_supplies,_at_wholesale	5511962	NAPCS
Home_office_equipment_n.e.c.,_at_retail	5619131	NAPCS
Home_office_supplies_n.e.c.,_at_retail	5619132	NAPCS
Homeowners_multi-peril_property_insurance_products	7631311	NAPCS
Hops	1151391	NAPCS
Hoses,_tubes_and_pipes_of_rubber,_plastic,_nylon_and_other_materials,_for_other_uses	2841122	NAPCS
Hoses,_tubes_and_pipes_of_rubber,_plastic,_nylon_and_other_materials,_for_use_in_on-_and_off-highway_motor_vehicles	2841121	NAPCS
Hosiery	2311512	NAPCS
Hospital_beds	3631331	NAPCS
Hospital_furniture	3631332	NAPCS
Hospital_services	8114111	NAPCS
Hostels	6221255	NAPCS
Hosting_of_coin-operated_or_card-operating_machines	7642164	NAPCS
Hot_impression_die_impact,_press,_and_upset_iron_and_steel_forgings	4723311	NAPCS
Hot_prepared_beverages_(including_hot_coffee),_at_retail	5611143	NAPCS
Hot-rolled_bars_and_bar_shapes,_of_alloy_steel_(except_concrete_reinforcing_bars)	3121141	NAPCS
Hot-rolled_bars_and_bar_shapes,_of_iron_or_non-alloy_steel_(except_concrete_reinforcing_bars)	3121131	NAPCS
Hot-rolled_sheets_and_strips,_of_alloy_steel	3121121	NAPCS
Hot-rolled_sheets_and_strips,_of_iron_or_non-alloy_steel	3121111	NAPCS
Hotels	6221252	NAPCS
Household_and_medical_rubber_and_plastic_gloves	4751151	NAPCS
Household_batteries,_at_wholesale	5511963	NAPCS
Household_cleaning_supplies,_at_retail	5613142	NAPCS
Household_clothes_washers_and_dryers	3821253	NAPCS
Household_dishwashers	3821251	NAPCS
Household_electric_fans	3821111	NAPCS
Household_electric_water_heaters	3821231	NAPCS
Household_fuels_(except_heating_oils),_at_retail	5616122	NAPCS
Household_furniture_(except_wood_and_upholstered),_n.e.c.	3911134	NAPCS
Household_heating_oils,_at_retail	5616121	NAPCS
Household_laundry_soaps,_detergents_and_bleaches	2741111	NAPCS
Household_moving_services	5134111	NAPCS
Household_non-electric_water_heaters	3821241	NAPCS
Household_paper_supplies_(including_plastic_bags),_at_wholesale	5511924	NAPCS
Household_pets_at_wholesale	5511111	NAPCS
Household_ranges_and_cooking_equipment,_n.e.c.	3821213	NAPCS
Household_refrigerators_and_freezers	3821221	NAPCS
Household_refrigerators_and_freezers,_at_wholesale	5511441	NAPCS
Household_stoves,_microwaves,_clothes_washers,_clothes_dryers_and_dishwashers,_at_wholesale	5511442	NAPCS
Household_textile_products_n.e.c.,_at_retail	5613132	NAPCS
Household_textile_products_n.e.c.,_at_wholesale	5511434	NAPCS
Household_textiles_(except_bed_and_bath_linens)	2321223	NAPCS
Household_waste_disposers	3821252	NAPCS
Household,_industrial_and_janitorial_cleaning_chemicals,_at_wholesale	5511861	NAPCS
Household,_industrial_and_janitorial_supplies_(except_chemicals_and_paper_products),_at_wholesale	5511931	NAPCS
Hunting,_fishing_and_camping_equipment,_at_retail	5614115	NAPCS
Hydro-electric_power_plants	6233113	NAPCS
Hydro-electricity	1461113	NAPCS
Hydrogen	2711115	NAPCS
Hydrogen_peroxide	2711284	NAPCS
Hydrographic_and_bathymetric_surveying_and_mapping_services	7724172	NAPCS
Ice	1931123	NAPCS
Ice_at_retail	5611145	NAPCS
Ice_at_wholesale	5511964	NAPCS
Ice_cream,_sherbet_and_similar_frozen_desserts	1731411	NAPCS
Ice_skating_boots_(except_for_children)	2312294	NAPCS
Ignition_harness_and_cable_sets	4132121	NAPCS
Imaging_and_other_data_capture_services	7511161	NAPCS
Immigration_services	8711132	NAPCS
In-vivo_and_in-vitro_diagnostic_substances	2731191	NAPCS
Incontinence_products,_at_retail	5617224	NAPCS
Indigenous_public_administration_services	8714111	NAPCS
Indoor_and_outdoor_home_furniture,_at_wholesale	5511431	NAPCS
Indoor_home_furniture_n.e.c._at_retail	5613113	NAPCS
Indoor_multisport_complexes_and_other_indoor_recreational_facilities,_n.e.c.	6221279	NAPCS
Indoor_pools	6221278	NAPCS
Indoor_potted_plants	1151431	NAPCS
Industrial_and_commercial_fans_and_blowers	3441211	NAPCS
Industrial_and_commercial_machinery_and_equipment_cleaning_services	5711115	NAPCS
Industrial_and_power_distribution_capacitors	3812532	NAPCS
Industrial_bakery_machinery	3431132	NAPCS
Industrial_ball_valves	3453133	NAPCS
Industrial_butterfly_valves	3453134	NAPCS
Industrial_designs	6311121	NAPCS
Industrial_diamonds	1631112	NAPCS
Industrial_electric_lighting_fixtures	3913122	NAPCS
Industrial_electrical_equipment_and_parts,_n.e.c.	3812533	NAPCS
Industrial_engines,_at_wholesale	5511791	NAPCS
Industrial_food-,_beverage-,_dairy-_and_feed-processing_machinery_and_equipment	3431133	NAPCS
Industrial_furnaces,_ovens_and_electric_heating_equipment	3454341	NAPCS
Industrial_gases_at_wholesale	5511863	NAPCS
Industrial_laboratories_and_research_and_development_centres	6221291	NAPCS
Industrial_machine_tools_for_cutting_and_polishing_metal	3411114	NAPCS
Industrial_machinery_engineering_design_projects	7722134	NAPCS
Industrial_moulds_and_mould_boxes	3455111	NAPCS
Industrial_plug_valves	3453135	NAPCS
Industrial_safety_equipment_and_supplies,_at_wholesale	5511785	NAPCS
Industrial_sand	1621221	NAPCS
Industrial_spraying_equipment	3453231	NAPCS
Industrial_storage_batteries	4752313	NAPCS
Industrial_storage_batteries,_at_wholesale	5511744	NAPCS
Industrial_valves_for_waterworks_and_similar_infrastructure	3453131	NAPCS
Infant_and_children's_car_seats,_at_retail	5617212	NAPCS
Infant_cloth_diapers,_at_retail	5612134	NAPCS
Infant_clothing	2311311	NAPCS
Infant_clothing,_fabric_(except_cloth_diapers)_and_accessories,_at_retail	5612133	NAPCS
Infant_disposable_diapers,_at_retail	5617211	NAPCS
Infant_footwear_and_accessories,_at_retail	5612431	NAPCS
Infant_furniture_at_retail	5613112	NAPCS
Infant_strollers_and_children's_vehicles	4753211	NAPCS
Infants'_and_children's_wood_furniture	3911124	NAPCS
Infants'_car_seats	3911133	NAPCS
Information_services,_n.e.c.	7512114	NAPCS
Information_technology_(IT)_infrastructure_co-location_services_(except_telecommunications_facilities)	7511141	NAPCS
Information_technology_(IT)_technical_consulting_services	7741131	NAPCS
Information_technology_(IT)_technical_support_services	7741141	NAPCS
Infrastructure_as_a_service_(except_data_storage_infrastructure_provisioning)	7511146	NAPCS
Ink_jet_cartridges_and_refill_kits	2721321	NAPCS
Inner_tubes,_tread_rubber,_tire_sundries_and_repair_materials	2831132	NAPCS
Innerspring_mattresses	3911211	NAPCS
Inorganic_acids_(except_nitric,_phosphoric_and_sulphuric)	2711281	NAPCS
Inorganic_aluminum_compounds,_n.e.c.	2711283	NAPCS
Inorganic_dyes_and_pigments	2631111	NAPCS
Inorganic_potassium_and_sodium_compounds_(except_alkalis,_alums,_and_bleaches)	2711241	NAPCS
Insolvency_and_receivership_services	7761356	NAPCS
Installation_services_for_connections_to_broadcasting_distribution_networks	7234171	NAPCS
Institutional_and_other_moving_services	5134131	NAPCS
Institutional_development_and_training_centre	6221318	NAPCS
Instruments_for_measuring_electrical_current_(except_test_equipment)	3631232	NAPCS
Insulated_metal_wire_and_cable	3812111	NAPCS
Insulation_products_at_wholesale	5511663	NAPCS
Insurance_brokerage_and_agency_services	7633111	NAPCS
Insurance_consulting_services	7633131	NAPCS
Integral_horsepower_land_transportation_motors_and_generators,_rated_at_746_watts_or_more_(except_hermetic)	3631112	NAPCS
Integral_horsepower_motors_and_generators,_rated_at_746_watts_or_more_(except_for_land_transportation_and_hermetic)	3631113	NAPCS
Integral_motor_generator_sets_and_other_rotating_equipment_(including_hermetic)	3631116	NAPCS
Integrated_circuit_topographies	6311131	NAPCS
Integrated_circuits	3711121	NAPCS
Integrated_geophysical_services_(except_borehole_geophysical_surveys)	7724131	NAPCS
Integrating_and_totalizing_meters_for_gas_and_liquids_(except_parts)	3631241	NAPCS
Intercom_systems_and_remote_control_units	3621223	NAPCS
Interground_blended_hydraulic_cements	4651115	NAPCS
Interior_decorating_services	7731121	NAPCS
Interment_of_human_remains	8512113	NAPCS
Internally-threaded_metal_fasteners_(except_for_aircraft)	4722213	NAPCS
International_and_other_extra-territorial_public_administration_services	8715111	NAPCS
International_assistance_services	8711142	NAPCS
Internet_advertising	7113111	NAPCS
Internet_fulfillment_warehouses	6221237	NAPCS
Internet_gambling_products	8331161	NAPCS
Interurban_and_rural_bus_passenger_transportation_services	5212211	NAPCS
Investigation_services	7812111	NAPCS
Irish_moss	1211142	NAPCS
Iron_and_steel_structural_materials,_at_wholesale	5511665	NAPCS
Iron_or_steel_ingots_and_primary_forms	3111112	NAPCS
Iron_or_steel_pipes_and_tubes_(except_castings_and_oil_and_gas_pipes_and_tubes)	3121421	NAPCS
Iron_or_steel_pipes_and_tubes_for_oil_and_gas_(except_castings)	3121411	NAPCS
Iron_or_steel_powder,_paste_and_flakes	3121261	NAPCS
Iron_or_steel_wire	3121251	NAPCS
Iron_ores_and_concentrates	1511111	NAPCS
Iron,_steel_or_alloy_steel_rails_and_railway_track_material	3121161	NAPCS
Irradiation_equipment	3631312	NAPCS
Irrigation_networks	6236241	NAPCS
Jewellery_(except_costume),_at_wholesale	5511421	NAPCS
Jewellery_findings_and_jewellery_parts	4753332	NAPCS
Kerosene_(except_jet_fuel_and_stove_oil)	2613211	NAPCS
Ketchup_and_other_canned_tomato_based_sauces_and_pastes	1835111	NAPCS
Kiln_drying_services	6814133	NAPCS
Knit_fabrics_(except_circular_knit)	2211141	NAPCS
Label_printing	6812241	NAPCS
Laboratories_and_research_centres_(non-industrial)	6221317	NAPCS
Laboratory_apparatus_and_furniture	3631333	NAPCS
Laboratory_type_analytical_and_scientific_instruments,_n.e.c.	3631262	NAPCS
Labour_organization_services	8611111	NAPCS
Laminated_aluminum_foil_rolls_and_sheets_for_flexible_packaging_uses	4742252	NAPCS
Laminated_foil_for_non-packaging_applications	2521521	NAPCS
Laminated_glass_(except_automotive)	2911321	NAPCS
Laminated_plastic_profile_shapes	2823211	NAPCS
Laminated_rolls_and_sheets_of_paper,_for_flexible_packaging_uses	4742251	NAPCS
Landscape_architectural_advisory_services	7721155	NAPCS
Landscape_architectural_services_for_non-residential_building_projects	7721152	NAPCS
Landscape_architectural_services_for_recreational_and_open-space_projects	7721153	NAPCS
Landscape_architectural_services_for_residential_building_projects	7721151	NAPCS
Landscape_architectural_services,_specific_elements	7721154	NAPCS
Laptop_computers	3611112	NAPCS
Lard	1721551	NAPCS
Large_green_lentils	1143121	NAPCS
Laser_equipment_and_parts	3812531	NAPCS
Laundry_and_dry-cleaning_agency_services	8513132	NAPCS
Laundry_services_to_households_(except_access_to_laundry_machines)	8513122	NAPCS
Laundry,_dry-cleaning,_steam_pressing_and_ironing_services_to_businesses_and_institutions	8513131	NAPCS
Lavatory_and_sink_fittings,_and_other_miscellaneous_plumbing_fixtures,_fittings_and_trim	4661212	NAPCS
Lawn_and_garden_machinery_and_equipment,_at_wholesale	5511712	NAPCS
Lawnmowers,_snowblowers_and_gardening_tools,_at_retail	5618131	NAPCS
Lead_acid_motor_vehicle_batteries	4752311	NAPCS
Lead_ores_and_concentrates	1552211	NAPCS
Leaf_tobacco_(including_stemmed_and_dried),_at_wholesale	5511141	NAPCS
Lease_condensate	1431122	NAPCS
Leather_and_dressed_furs	2211311	NAPCS
Leather_and_fur_articles,_n.e.c.	2313121	NAPCS
Leather_pieces_and_components,_n.e.c.	2313122	NAPCS
Legal_services_concerning_criminal_law	7711111	NAPCS
Legal_services_concerning_non-criminal_law	7711121	NAPCS
Legal_support_services	7711131	NAPCS
Leisure_transportation_instructional_programs	8212117	NAPCS
Lending_library_services	7512111	NAPCS
Lenses_for_cameras	3421111	NAPCS
Libraries	6221354	NAPCS
Licensing_of_rights_for_commercial_use_of_audiovisual_works	7221311	NAPCS
Licensing_of_rights_for_commercial_use_of_copyrighted_intellectual_property_from_newspapers,_periodicals_and_books	7221111	NAPCS
Licensing_of_rights_for_commercial_use_of_databases,_directories_and_mailing_lists	7221121	NAPCS
Licensing_of_rights_for_commercial_use_of_game_software	4821221	NAPCS
Licensing_of_rights_for_commercial_use_of_general_application_software_(except_game_software)	4821321	NAPCS
Licensing_of_rights_for_commercial_use_of_industrial_intellectual_property_(except_patents_and_trademarks)	6511113	NAPCS
Licensing_of_rights_for_commercial_use_of_musical_works	7221211	NAPCS
Licensing_of_rights_for_commercial_use_of_other_dramatic_works,_and_copyrighted_property_n.e.c.	7221321	NAPCS
Licensing_of_rights_for_commercial_use_of_patented_inventions	6511111	NAPCS
Licensing_of_rights_for_commercial_use_of_sound_recordings	7221221	NAPCS
Licensing_of_rights_for_commercial_use_of_stock_photos_and_other_literary_and_artistic_works_(except_software)	7221131	NAPCS
Licensing_of_rights_for_commercial_use_of_system_and_programming_software	4821121	NAPCS
Licensing_of_rights_for_commercial_use_of_trademarks	6511112	NAPCS
Licensing_of_rights_to_explore_for_or_exploit_renewable_and_non-renewable_resources	6511121	NAPCS
Licensing_of_rights_to_other_non-financial_intangible_assets_n.e.c.	6511132	NAPCS
Life_insurance_products	7621211	NAPCS
Life,_health_and_annuity_reinsurance_products	7632111	NAPCS
Light_and_medium_crude_oil	1411111	NAPCS
Light_bulbs,_fluorescent_tubes,_and_flashlights,_at_wholesale	5511624	NAPCS
Light_construction_machinery_and_equipment	3321121	NAPCS
Light_fuel_oils_(except_kerosene_and_diesel)	2613221	NAPCS
Light-duty_trucks,_without_electric_motor	4111221	NAPCS
Lighters_(including_barbecue_lighters)	4754233	NAPCS
Lignite	1441221	NAPCS
Lime	4651311	NAPCS
Linear_low-density_polyethylene_(LLDPE)_resins	2811222	NAPCS
Liquefaction_and_regasification_of_natural_gas	5315212	NAPCS
Liquid_beverage_bases_(except_for_soft_drinks)	1834111	NAPCS
Liquid_sweeteners_and_syrups_(except_corn_sweeteners_and_molasses)	1836131	NAPCS
Literacy_and_numeracy_programs	8211112	NAPCS
Literary_works_originals_(except_software)	6322111	NAPCS
Live_crustaceans	1211113	NAPCS
Live_fish	1211111	NAPCS
Live_plants,_seeds,_and_other_home_and_garden_supplies_(except_agricultural_fertilizers_and_pesticides),_at_retail	5618132	NAPCS
Live_roe	1211112	NAPCS
Live_shellfish	1211114	NAPCS
Live_sound_recording_services	7211112	NAPCS
Livestock_(except_pets),_at_wholesale	5511112	NAPCS
Loaded_printed_circuit_boards_for_automotive_use	3711141	NAPCS
Loaded_printed_circuit_boards_for_computers,_and_computer_peripherals	3711142	NAPCS
Loaded_printed_circuit_boards_for_other_use_(except_for_computers_or_automotive_use)	3711143	NAPCS
Loan_servicing	7618131	NAPCS
Loans_to_businesses	7613111	NAPCS
Loans_to_government	7613121	NAPCS
Local_area_routers_and_data_communications_equipment_(including_wireless_devices)	3621121	NAPCS
Local_limousine_services	5212111	NAPCS
Local_passenger_transportation_by_chartered_bus	5212421	NAPCS
Local_shared-ride_passenger_transportation_services	5212471	NAPCS
Local_taxi_services	5212121	NAPCS
Locomotives_and_railway_maintenance-of-way_equipment	4411221	NAPCS
Lodges	6221254	NAPCS
Lodging_reservation_services	8431131	NAPCS
Logging_machinery_and_equipment	3321111	NAPCS
Logs_and_bolts_of_Douglas_fir_and_Western_larch_(except_fuel_wood_and_pulpwood)	1311123	NAPCS
Logs_and_bolts_of_hemlock_fir_(except_fuel_wood_and_pulpwood)	1311122	NAPCS
Logs_and_bolts_of_spruce,_pine_and_fir_(except_fuel_wood_and_pulpwood)	1311121	NAPCS
Logs_and_bolts_of_Western_red_cedar_(except_fuel_wood_and_pulpwood)	1311124	NAPCS
Long_distance_passenger_transportation_by_chartered_bus	5212411	NAPCS
Long_term_acute_care_hospitals	6221322	NAPCS
Long-term_staffing_(payrolling)_and_co-employment_services	7811251	NAPCS
Loose_gearing	3451211	NAPCS
Loose_leaf_binders,_inserts_and_parts_(including_time_planners_and_scrapbooks)	2521222	NAPCS
Lotteries	8331111	NAPCS
Low_alcohol_beers,_wines,_ciders_and_other_fermented_drinks	1931131	NAPCS
Low_density_polyethylene_(LDPE)_waste_and_scrap	1581122	NAPCS
Low_rise_office_buildings_(non-medical)	6221213	NAPCS
Low-density_polyethylene_(LDPE)_resins	2811221	NAPCS
Low-voltage_ducts,_panelboards,_distribution_boards,_and_switching_or_interrupting_devices,_n.e.c.	3812322	NAPCS
Low-voltage_fuses	3812323	NAPCS
Low-voltage_molded-case_circuit_breakers	3812321	NAPCS
Lubricating_oils_and_greases,_at_wholesale	5511214	NAPCS
Luggage,_briefcases,_knapsacks,_and_duffel_bags,_at_retail	5612321	NAPCS
Luggage,_briefcases,_knapsacks,_and_duffel_bags,_at_wholesale	5511941	NAPCS
Lumber_and_other_renovation_materials_and_supplies,_at_retail	5618125	NAPCS
Machine_shop_services	6814155	NAPCS
Machine_tool_parts_(except_dies,_jigs,_and_cutting_tools)	3511331	NAPCS
Machine-made_pressed_and_blown_glassware_for_lighting,_laboratory,_and_industrial_applications	2911352	NAPCS
Machine-made_pressed_and_blown_table,_kitchen,_and_decorative_glassware	2911351	NAPCS
Machinery_and_equipment_manufacturing_services,_n.e.c.	6814164	NAPCS
Mailing_lists,_in_physical_form	4812311	NAPCS
Mailing_lists,_online	4812312	NAPCS
Mailroom_services,_mailbox_rentals,_and_mail-presorting_services	7811321	NAPCS
Maintenance_and_repair_and_related_services_for_railway_tracks	5312113	NAPCS
Maintenance_and_repair_of_locomotives_and_rolling_stock	5312112	NAPCS
Maintenance_and_repair_of_marine_vessels	5313115	NAPCS
Maintenance_and_repair_services_(except_cleaning)_for_agricultural,_construction,_mining_and_forestry_machinery_and_equipment	5711111	NAPCS
Maintenance_and_repair_services_(except_cleaning)_for_commercial_refrigeration_equipment	5711112	NAPCS
Maintenance_and_repair_services_(except_cleaning)_for_industrial_machinery_and_equipment	5711114	NAPCS
Maintenance_and_repair_services_(except_cleaning)_for_service_industry_and_other_commercial_machinery_and_equipment	5711113	NAPCS
Maintenance_and_repair_services_(including_reupholstery)_for_home_furniture	5711132	NAPCS
Maintenance_and_repair_services_for_automobiles_and_light_trucks_(except_washing_and_cleaning,_and_regulatory_safety_and_emissions_inspections)	5311211	NAPCS
Maintenance_and_repair_services_for_communication_and_navigation_equipment	5711122	NAPCS
Maintenance_and_repair_services_for_computer_hardware_and_software	5711121	NAPCS
Maintenance_and_repair_services_for_consumer_electronics	5711124	NAPCS
Maintenance_and_repair_services_for_electronic_medical_equipment	5711125	NAPCS
Maintenance_and_repair_services_for_heavy_trucks_and_buses_(except_washing_and_cleaning,_and_regulatory_safety_and_emissions_inspections)	5311231	NAPCS
Maintenance_and_repair_services_for_household-type_appliances_and_equipment	5711131	NAPCS
Maintenance_and_repair_services_for_motor_homes,_travel_trailers_and_campers	5311221	NAPCS
Maintenance_and_repair_services_for_office_equipment_(except_computer_hardware_and_peripherals)	5711123	NAPCS
Maintenance_and_repair_services_for_other_electronic_and_precision_equipment	5711126	NAPCS
Maintenance_and_repair_services_for_other_personal_and_household_goods	5711135	NAPCS
Maintenance_and_repair_services_for_sporting,_fitness_and_recreational_vehicles_and_equipment	5711134	NAPCS
Maintenance,_repair_and_alteration_services_for_apparel,_footwear,_watches_and_jewellery	5711133	NAPCS
Major_home_appliances_at_retail	5613152	NAPCS
Malt	1821371	NAPCS
Malt_beverages,_n.e.c.	2111114	NAPCS
Manifold_books_and_pegboard_accounting_systems	2521212	NAPCS
Manufactured_(mobile)_homes	4711311	NAPCS
Manufactured_mobile_homes,_at_retail	5619154	NAPCS
Manufactured_mobile_homes,_at_wholesale	5511965	NAPCS
Manufacturing_plants	6221121	NAPCS
Maple_butter	1151362	NAPCS
Maple_sugar	1151363	NAPCS
Maple_syrup	1151361	NAPCS
Maple_taffy	1151364	NAPCS
Margarine,_butter_blends,_butter_blended_products_and_butter_substitutes	1821111	NAPCS
Marinas	6231321	NAPCS
Marine_facility_services	5313111	NAPCS
Marine_salvage_services	5313113	NAPCS
Marine_vessel_traffic_reporting	5313116	NAPCS
Market_hogs	1111213	NAPCS
Marketing_management_consulting_services	7751113	NAPCS
Marketing_research_services	7761321	NAPCS
Masonry_cement	4651112	NAPCS
Matches	2721365	NAPCS
Materials_handling_machinery_and_equipment,_at_wholesale	5511742	NAPCS
Materials_handling_trucks_and_tractors	3454211	NAPCS
Mattress_foundations_and_sleep_system_ensembles	3911213	NAPCS
Mattresses_(except_innerspring_mattresses)	3911212	NAPCS
Mattresses_and_foundations,_at_retail	5613111	NAPCS
Mausoleums	6221372	NAPCS
Mayonnaise,_salad_dressings,_and_other_sandwich_spreads_(except_spreads_of_dairy,_margarine_or_blended_fats)	1834212	NAPCS
Meals_and_non-alcoholic_beverages_for_immediate_consumption,_prepared_under_long-term_contract	8411141	NAPCS
Meals_and_non-alcoholic_beverages_prepared_for_catered_events	8411151	NAPCS
Meals_and_non-alcoholic_beverages,_prepared_and_dispensed_for_immediate_consumption_off_the_premises	8411131	NAPCS
Meals_and_non-alcoholic_beverages,_prepared_and_dispensed_without_table_service,_for_consumption_on_the_premises	8411121	NAPCS
Meals_and_non-alcoholic_beverages,_prepared_and_served_with_table_service	8411111	NAPCS
Measuring_and_dispensing_pumps	3453232	NAPCS
Measuring_scales	3454343	NAPCS
Mechanical_and_fluid_power_transmission_components_and_supplies,_at_wholesale	5511746	NAPCS
Mechanical_and_semi-chemical_wood_pulp	2511251	NAPCS
Mechanical_power_transmission_equipment,_n.e.c.	3451213	NAPCS
Mechanical_switches_for_electronic_circuitry	3711223	NAPCS
Mechanics'_hand_service_tools	4752112	NAPCS
Medical_and_dental_supplies,_at_wholesale	5511783	NAPCS
Medical_daycare_centres_(outpatient)	6221332	NAPCS
Medical_laboratory_diagnostic_and_testing_services	8113111	NAPCS
Medical_supplies_for_persons,_at_wholesale	5511494	NAPCS
Medical,_scientific,_laboratory,_measuring,_control_and_other_professional_equipment,_at_wholesale	5511781	NAPCS
Medicinal_chemicals_and_vitamins,_in_bulk	2731111	NAPCS
Medicinal_plants_(except_cannabis)	1151393	NAPCS
Medicines,_vitamins,_minerals_and_supplements_for_human_use,_at_wholesale	5511481	NAPCS
Medium-duty_trucks	4121111	NAPCS
Memorial_sites	6221375	NAPCS
Men's_athletic_footwear,_at_retail	5612411	NAPCS
Men's_clothing_at_wholesale	5511411	NAPCS
Men's_clothing_manufacturing_services	6814125	NAPCS
Men's_clothing_n.e.c._at_retail	5612116	NAPCS
Men's_clothing,_n.e.c.	2311182	NAPCS
Men's_fur_coats_and_jackets,_and_other_men's_fur_clothing	2311162	NAPCS
Men's_hats,_gloves,_belts,_and_other_accessories,_at_retail	5612115	NAPCS
Men's_jeans	2311151	NAPCS
Men's_leather_coats_and_jackets,_and_other_men's_leather_clothing	2311161	NAPCS
Men's_non-athletic_footwear	2312211	NAPCS
Men's_non-athletic_footwear_and_accessories,_at_retail	5612421	NAPCS
Men's_outerwear_coats_and_jackets	2311171	NAPCS
Men's_outerwear_coats_and_jackets,_at_retail	5612111	NAPCS
Men's_pants_(except_jeans)	2311141	NAPCS
Men's_pants,_shirts,_sweaters_and_other_bottoms_and_tops,_at_retail	5612113	NAPCS
Men's_shirts	2311131	NAPCS
Men's_sleepwear,_underwear_and_hosiery,_at_retail	5612114	NAPCS
Men's_suits,_sport_jackets_and_blazers	2311121	NAPCS
Men's_suits,_sport_jackets_and_blazers,_at_retail	5612112	NAPCS
Men's_sweaters	2311181	NAPCS
Men's_underwear_and_sleepwear	2311111	NAPCS
Metal_basic_shapes,_at_wholesale	5511882	NAPCS
Metal_building_materials,_n.e.c.,_at_wholesale	5511668	NAPCS
Metal_caps,_crowns_and_closures	4741221	NAPCS
Metal_coating,_engraving_(except_jewellery_and_silverware),_and_allied_services	6813121	NAPCS
Metal_coins_and_tokens	4753333	NAPCS
Metal_cooking_utensils_and_kitchenware_(except_aluminum)	4752122	NAPCS
Metal_doors_and_frames	4661311	NAPCS
Metal_doors,_windows_and_trim,_at_wholesale	5511667	NAPCS
Metal_enclosures	4723541	NAPCS
Metal_fasteners_for_aircraft	4722211	NAPCS
Metal_fencing_and_fence_gates	4723241	NAPCS
Metal_fittings,_flanges_and_unions_for_piping_systems	4661221	NAPCS
Metal_flooring	4661411	NAPCS
Metal_forming_machine_tools	3411115	NAPCS
Metal_gas_cylinders	3453121	NAPCS
Metal_grilles,_registers,_air_diffusers,_and_other_metal_work_for_heating_and_air-conditioning_systems	4661452	NAPCS
Metal_heat_treating_services	6813111	NAPCS
Metal_household_dining_room_and_kitchen_furniture	3911131	NAPCS
Metal_kitchen_cutlery_and_flatware	4752123	NAPCS
Metal_ladders	4661463	NAPCS
Metal_milling_machines,_machining_centres_and_station-type_machines	3411113	NAPCS
Metal_moulding_and_trim	4661322	NAPCS
Metal_ores_and_concentrates_(including_precious_metal_bullion),_at_wholesale	5511871	NAPCS
Metal_products_for_machinery_and_transportation,_n.e.c.	4723522	NAPCS
Metal_roof_drainage_equipment	4661431	NAPCS
Metal_roofing	4661421	NAPCS
Metal_scissors_and_knives_(except_kitchen_cutlery),_non-electric_clippers,_razors_and_razor_blades	4752124	NAPCS
Metal_siding	4661441	NAPCS
Metal_stairs_and_railings	4661464	NAPCS
Metal_stampings_(except_automotive)	4723321	NAPCS
Metal_strapping_and_shipping_materials	4741231	NAPCS
Metal_studs	4661462	NAPCS
Metal_tanks_and_vessels_(except_gas_cylinders)	3453122	NAPCS
Metal_windows,_and_metal_window_and_door_screens	4661321	NAPCS
Metal-treating_and_-plating_compounds	2721361	NAPCS
Metals_in_other_forms_n.e.c.,_at_wholesale	5511883	NAPCS
Metalworking_lathes	3411112	NAPCS
Metalworking_machinery_and_equipment,_at_wholesale	5511741	NAPCS
Metalworking_machinery,_n.e.c.	3411123	NAPCS
Methyl_alcohol_(methanol)	2711315	NAPCS
Metro_(subway)_stations	6221267	NAPCS
Mid-size_passenger_cars	4111121	NAPCS
Military_air_and_water_transport_equipment_manufacturing_services	6814163	NAPCS
Military_aircraft	4211111	NAPCS
Military_aircraft_engines	4311111	NAPCS
Military_armoured_vehicles	4421231	NAPCS
Military_ships	4411111	NAPCS
Milled_grain_products_for_animal_feed_ingredients	1821295	NAPCS
Milled_rice	1821293	NAPCS
Mine_buildings_for_ore_beneficiation	6221141	NAPCS
Mine_structures_(except_buildings)	6236111	NAPCS
Mine_surface_buildings_(except_for_ore_beneficiation)	6221142	NAPCS
Mineral_beneficiation_machinery_and_equipment	3321151	NAPCS
Mineral_exploration	6412111	NAPCS
Mineral_surfaced_organic_felt_roll_roofings_and_sidings	2621134	NAPCS
Mineral_wool_for_industrial,_equipment_and_appliance_insulation	2911422	NAPCS
Mineral_wool_for_thermal_and_acoustical_envelope_insulation,_for_buildings	2911421	NAPCS
Mining_and_metallurgical_plant_and_process_engineering_projects	7722131	NAPCS
Mining_and_oil_and_gas_well_machinery_and_equipment,_at_wholesale	5511731	NAPCS
Mirror_and_picture_frames	4754232	NAPCS
Miscellaneous_household_supplies,_n.e.c.,_at_retail	5613143	NAPCS
Miscellaneous_professional,_scientific_and_technical_services	7761358	NAPCS
Mixed_fertilizers,_packaged_for_retail_sale	2721142	NAPCS
Mixed_grain	1151151	NAPCS
Mobile_data_services	7233233	NAPCS
Mobile_local_and_access_telecommunications_services,_at_retail	7233231	NAPCS
Mobile_long_distance_telecommunications_services,_at_retail	7233232	NAPCS
Mobile_telephones_(except_smartphones)_and_other_wireless_communications_equipment	3621133	NAPCS
Mobile_wholesale_telecommunications_services	7233131	NAPCS
Model_aircraft,_craft_kits,_and_other_collectors'_models_and_miniatures	4753222	NAPCS
Model_design_and_fabrication_services	7731132	NAPCS
Molasses	1821412	NAPCS
Monuments_and_tombstones,_at_retail	5619153	NAPCS
Motels	6221253	NAPCS
Motion_picture_cameras,_and_optical_and_projection_equipment_n.e.c.	3421113	NAPCS
Motion_picture_film_laboratory_services	7212131	NAPCS
Motor_gasoline_blending_components	2612121	NAPCS
Motor_homes	4122111	NAPCS
Motor_homes,_travel_trailers,_and_campers,_at_wholesale	5511531	NAPCS
Motor_vehicle_air-conditioning_systems	4135531	NAPCS
Motor_vehicle_batteries_(except_lead_acid)	4752312	NAPCS
Motor_vehicle_exhaust_system_parts	4135521	NAPCS
Motor_vehicle_hardware	4135541	NAPCS
Motor_vehicle_instruments_and_parts	4132131	NAPCS
Motor_vehicle_interior_trim_(except_seat_belts)	4134132	NAPCS
Motor_vehicle_manufacturing_services	6814161	NAPCS
Motor_vehicle_metal_stampings	4135111	NAPCS
Motor_vehicle_parts_and_accessories_(except_tires),_new_and_used,_at_retail	5615312	NAPCS
Motor_vehicle_seats	4134111	NAPCS
Motor_vehicle_wheels	4135511	NAPCS
Motorboats	4421121	NAPCS
Motorcycles_and_motor_tricycles	4421241	NAPCS
Motorcycles,_snowmobiles_and_other_recreational_land_vehicles_(including_trailers),_at_wholesale	5511532	NAPCS
Moulded_pulp_products	4742241	NAPCS
Mounted_bearings	3451314	NAPCS
Movies,_downloadable,_at_retail	5614322	NAPCS
Movies,_on_physical_media,_at_retail	5614321	NAPCS
Multiple-walled_insulating_units_of_glass	2911341	NAPCS
Municipal_and_other_local_correctional_services	8713112	NAPCS
Municipal_and_other_local_courts_of_law_services	8713111	NAPCS
Municipal_and_other_local_fire-fighting_services	8713114	NAPCS
Municipal_and_other_local_police_services	8713113	NAPCS
Municipal_and_other_local_protective_services,_n.e.c.	8713116	NAPCS
Municipal_and_other_local_public_administration_services,_n.e.c.	8713121	NAPCS
Municipal_and_other_local_regulatory_services	8713115	NAPCS
Municipal_utility_engineering_projects	7722151	NAPCS
Museum,_historical_site,_zoo,_botanical_garden_and_natural_area_organizations_membership_services	8614144	NAPCS
Museums	6221351	NAPCS
Musical_instruments_and_accessories,_at_wholesale	5511477	NAPCS
Musical_instruments_and_printed_music,_at_retail	5614152	NAPCS
Musical_recordings,_on_physical_media	4813111	NAPCS
Musical_recordings,_online	4813112	NAPCS
Musical_works_originals	6322141	NAPCS
Mustard_seeds	1151394	NAPCS
Nail_care_services	8511112	NAPCS
Nails,_staples,_tacks,_spikes,_and_brads	4723211	NAPCS
Naphtha_specialties	2641141	NAPCS
Narrow_fabrics	2211151	NAPCS
Natural_gas	1421111	NAPCS
Natural_gas_deliveries_to_commercial_and_institutional_consumers_enrolled_with_third_party_marketers	1471122	NAPCS
Natural_gas_deliveries_to_commercial_and_institutional_consumers_having_purchased_directly_from_suppliers	1471132	NAPCS
Natural_gas_deliveries_to_commercial_and_institutional_systems_gas_consumers	1471112	NAPCS
Natural_gas_deliveries_to_industrial_consumers_enrolled_with_third_party_marketers	1471121	NAPCS
Natural_gas_deliveries_to_industrial_consumers_having_purchased_directly_from_suppliers	1471131	NAPCS
Natural_gas_deliveries_to_industrial_systems_gas_consumers	1471111	NAPCS
Natural_gas_deliveries_to_other_gas_distributors	1471143	NAPCS
Natural_gas_deliveries_to_residential_consumers_enrolled_with_third_party_marketers	1471123	NAPCS
Natural_gas_deliveries_to_residential_consumers_having_purchased_directly_from_suppliers	1471133	NAPCS
Natural_gas_deliveries_to_residential_systems_gas_consumers	1471113	NAPCS
Natural_gas_deliveries_to_storage_facilities	1471142	NAPCS
Natural_gas_deliveries_to_transmission_pipelines	1471141	NAPCS
Natural_gas_processing_plants	6232122	NAPCS
Natural_gas,_coal_and_oil_power_plants	6233111	NAPCS
Natural_honey	1161331	NAPCS
Natural_resource_management_consulting_services	7751215	NAPCS
Natural_rubber	2821111	NAPCS
Natural_vegetable_fibres	1151392	NAPCS
Natural-base_glues_and_adhesives	4631151	NAPCS
Navigational_services_for_marine_vessels	5313112	NAPCS
Neighbourhood_delivery_of_small_purchased_items	5141231	NAPCS
Network_design_and_development_services	7741111	NAPCS
Network_management_services	7511151	NAPCS
New_alternators,_generators_and_regulators,_for_internal_combustion_engines	4132122	NAPCS
New_gasoline_engines_for_motor_vehicles	4131111	NAPCS
New_medium_and_heavy_trucks,_at_retail	5615113	NAPCS
New_minivans,_sport_utility_vehicles_and_light_trucks,_at_retail	5615112	NAPCS
New_motor_homes,_travel_trailers_and_truck_campers,_at_retail	5615212	NAPCS
New_motor_vehicle_brake_parts	4135411	NAPCS
New_motor_vehicle_parts_and_accessories,_at_wholesale	5511552	NAPCS
New_motor_vehicle_steering_and_suspension_components	4135211	NAPCS
New_motor_vehicle_tires_at_retail	5615311	NAPCS
New_motor_vehicle_transmission_and_drive_train_components	4135311	NAPCS
New_motorcycles_and_scooters,_at_retail	5615211	NAPCS
New_passenger_automobiles,_at_retail	5615111	NAPCS
New_recreational_boats_at_retail	5615214	NAPCS
New_snowmobiles_and_personal_off-road_vehicles,_at_retail	5615213	NAPCS
New_unmanned_aircraft,_and_other_new_recreational_vehicles_n.e.c.,_at_retail	5615215	NAPCS
Newspaper_printing	6812211	NAPCS
Newspapers,_magazines_and_other_periodicals,_online,_at_retail	5614222	NAPCS
Newspapers,_magazines_and_other_periodicals,_printed,_at_retail	5614221	NAPCS
Newsprint	2512111	NAPCS
Next-day_courier_and_messenger_services	5141222	NAPCS
Nickel_ores_and_concentrates	1531111	NAPCS
Nitric_acid	2721122	NAPCS
Nitrogen	2711112	NAPCS
Non-aerospace_type_hydraulic_and_pneumatic_valves,_fittings_and_assemblies	3453138	NAPCS
Non-alcoholic_beverages_(except_coffee_and_tea)_at_wholesale	5511371	NAPCS
Non-alcoholic_beverages_(except_soft_drinks,_milk,_hot_beverages_and_frozen_drinks),_at_retail	5611142	NAPCS
Non-binary_and_gender_neutral's_non-athletic_footwear	2312213	NAPCS
Non-binary_and_gender-neutral_clothing	2311511	NAPCS
Non-carbonated_bottled_water	1931121	NAPCS
Non-carbonated_drinks_(except_milk,_juice_and_low_alcohol_fermented_drinks)	1931122	NAPCS
Non-chocolate_confectionery_products	1832221	NAPCS
Non-clay_refractories	2911112	NAPCS
Non-current-carrying_wiring_devices_(including_parts)	3812421	NAPCS
Non-electric_heating_equipment,_n.e.c.	3441123	NAPCS
Non-electronic_games_and_puzzles	4753223	NAPCS
Non-electronic_musical_instruments_and_electric_guitars	4753412	NAPCS
Non-electronic_toys,_n.e.c.	4753224	NAPCS
Non-ferrous_forgings_and_powder_metallurgy_products	4723314	NAPCS
Non-ferrous_metal_die-castings_(except_aluminum_and_copper)	4723431	NAPCS
Non-ferrous_wire_cloth_and_other_non-ferrous_woven_wire_products	4723243	NAPCS
Non-financial_assurance_services	7712115	NAPCS
Non-hazardous_waste_and_recyclable_material_consolidation,_storage_and_preparation_services	7823115	NAPCS
Non-hazardous_waste_disposal_and_facilities_operation_and_maintenance_services	7823116	NAPCS
Non-hazardous_waste_management_services,_n.e.c.	7823117	NAPCS
Non-industrial_electrical_equipment_and_parts,_n.e.c.	3812535	NAPCS
Non-industrial_machine_tools_for_cutting_and_polishing_metal	3411111	NAPCS
Non-insulated_ferrous_wire_rope,_cable,_and_strand	4723251	NAPCS
Non-medical_care_services_for_pets	8515111	NAPCS
Non-military_ships,_barges_and_platforms	4411112	NAPCS
Non-musical_recordings,_on_physical_media	4813121	NAPCS
Non-musical_recordings,_online	4813122	NAPCS
Non-plug-in_hybrid_light_truck,_vans_and_sport_utility_vehicles_(SUVs)_with_diesel_engine	4111432	NAPCS
Non-plug-in_hybrid_light_truck,_vans_and_sport_utility_vehicles_(SUVs)_with_gasoline_engine	4111431	NAPCS
Non-plug-in_hybrid_passenger_cars_with_diesel_engine	4111332	NAPCS
Non-plug-in_hybrid_passenger_cars_with_gasoline_engine	4111331	NAPCS
Non-portable_residential_electric_lighting_fixtures	3913112	NAPCS
Non-prescription_eyewear_at_retail	5617122	NAPCS
Non-prescription_pharmaceuticals,_at_retail	5617112	NAPCS
Non-refrigerated_warehouses	6221231	NAPCS
Non-residential_building_security_system_and_lock_installation_and_repair_services	7812162	NAPCS
Non-residential_building_security_system_monitoring_services	7812152	NAPCS
Non-residential_exterior_window_cleaning_services	7812224	NAPCS
Non-residential_hazardous_waste_collection_services	7823122	NAPCS
Non-residential_interior_design_services	7731112	NAPCS
Non-residential_landscaping_services	7812322	NAPCS
Non-residential_manufactured_(mobile)_buildings	4711321	NAPCS
Non-residential_non-hazardous_waste_and_recyclable_material_collection_services	7823112	NAPCS
Non-residential_off-site_carpet,_rug_and_upholstery_cleaning_services	7812223	NAPCS
Non-residential_on-site_carpet,_rug_and_upholstery_cleaning_services	7812222	NAPCS
Non-residential_pest_extermination_and_control_services	7812312	NAPCS
Non-structural_caulking_compounds_and_sealants	4631141	NAPCS
Non-textile_shipping_sacks_and_multiwall_bags	4742221	NAPCS
Non-therapeutic_massage_services	8515161	NAPCS
Non-wheat_flour_(except_pulse_flour),_in_bulk	1821291	NAPCS
Non-wheat_flour_(except_pulse_flour),_in_consumer_packages	1821292	NAPCS
Non-wood_fixtures_(except_signs)_for_stores,_banks_and_offices	3911524	NAPCS
Non-wood_household_outdoor_and_casual_furniture	3911132	NAPCS
Non-wood_office_desks	3911422	NAPCS
Non-wood_office_filing_units,_storage_units,_and_tables	3911423	NAPCS
Non-wood_office_furniture_panel_systems,_modular_and_desking_systems	3911424	NAPCS
Non-wood_office_seating	3911421	NAPCS
Non-wood_prefabricated_partitions	3911521	NAPCS
Non-wood_pulp,_and_pulp_mill_by-products_n.e.c.	2511252	NAPCS
Non-wood_roofing_and_siding,_at_wholesale	5511664	NAPCS
Non-wood_shelving_and_lockers	3911522	NAPCS
Non-wood_storage_racks_and_accessories	3911523	NAPCS
Nonwoven_and_pressed_fabrics_(including_felts)	2211171	NAPCS
Notions_at_wholesale	5511853	NAPCS
Nuclear_electricity	1461112	NAPCS
Nuclear_fuel	1451111	NAPCS
Nuclear_power_plants	6233112	NAPCS
Nuclear_reactor_steam_supply_systems	3453113	NAPCS
Nursery_stock_and_live_plants,_at_wholesale	5511131	NAPCS
Nursing_and_weaner_hogs	1111212	NAPCS
Nursing_homes_and_senior_citizen_homes	6221341	NAPCS
Oats	1151131	NAPCS
Occupational_health_and_safety_consulting_services	7751322	NAPCS
Off-highway_dump_trucks_for_logging,_construction,_mining,_and_oil_and_gas_field	3321171	NAPCS
Office_administrative_services	7811111	NAPCS
Office_equipment_(except_computers,_storage_devices_and_peripheral_equipment),_at_wholesale	5511771	NAPCS
Office_furniture,_at_wholesale	5511772	NAPCS
Office_machines,_n.e.c.	3421115	NAPCS
Office,_school_and_art_supplies,_n.e.c.	4752221	NAPCS
Oil_and_fat_of_animal_or_marine_origin,_n.e.c.	1721561	NAPCS
Oil_and_gas_field_derricks_and_well_surveying_machinery_and_equipment	3321164	NAPCS
Oil_and_gas_field_drilling_machinery_and_equipment_(except_rotary)	3321162	NAPCS
Oil_and_gas_field_production_machinery_and_equipment	3321165	NAPCS
Oil_refineries	6232121	NAPCS
Oilseed_cake_and_meal	1821351	NAPCS
Oilseeds_and_grains,_at_wholesale	5511121	NAPCS
Oilwell_cement	4651114	NAPCS
Online_audio_streaming_services	7234152	NAPCS
Online_business,_trade_and_professional_publications,_n.e.c.	4812352	NAPCS
Online_consumer_publications,_n.e.c.	4812342	NAPCS
Online_gaming_services_(except_gambling)	7234161	NAPCS
Online_job_listing_services	7811271	NAPCS
Online_on_demand_streaming_of_television,_movie_and_video	7234142	NAPCS
Online_streaming_of_basic_programming_packages	7234112	NAPCS
Online_streaming_of_discretionary_programming_packages	7234122	NAPCS
Online_streaming_of_pay-per-view_programs	7234132	NAPCS
Onsite_management_of_temporary_help	7811261	NAPCS
Operating_leasing_services_of_automobiles_and_light_trucks	5811112	NAPCS
Operation_of_coin-operated_machines,_n.e.c.	8515175	NAPCS
Operations_and_supply_chain_management_consulting_services	7751116	NAPCS
Ophthalmic_fronts_and_temples	4751141	NAPCS
Ophthalmic_lenses	4751142	NAPCS
Oral_hygiene_products	2741161	NAPCS
Organ_and_tissue_bank_services	8116122	NAPCS
Original_equipment_manufacturers_coatings,_at_wholesale	5511642	NAPCS
Orphanages_or_group_homes	6221286	NAPCS
Orthopaedic_and_prosthetic_appliances	4751112	NAPCS
Other_adult_care_centres,_n.e.c.	6221349	NAPCS
Other_agricultural_supplies,_at_wholesale	5511717	NAPCS
Other_air_transportation_support_services	5314121	NAPCS
Other_algae	1211143	NAPCS
Other_amusement_and_recreational_services,_n.e.c.	8324118	NAPCS
Other_animal_training_services_for_sports_and_entertainment	7761342	NAPCS
Other_aromatic_hydrocarbon_gases,_n.e.c.	2632125	NAPCS
Other_audio_and_video_equipment	3622125	NAPCS
Other_automobile_and_truck_bodies	4123121	NAPCS
Other_basic_and_semi-finished_products_of_cobalt_and_cobalt_alloys	3261158	NAPCS
Other_basic_and_semi-finished_products_of_lead_and_lead_alloys	3261155	NAPCS
Other_basic_and_semi-finished_products_of_magnesium_and_magnesium_alloys	3261157	NAPCS
Other_basic_and_semi-finished_products_of_nickel_and_nickel_alloys	3261143	NAPCS
Other_basic_and_semi-finished_products_of_other_non-ferrous_metals_and_other_non-ferrous_metal_alloys	3261159	NAPCS
Other_basic_and_semi-finished_products_of_tin_and_tin_alloys	3261154	NAPCS
Other_basic_and_semi-finished_products_of_titanium_and_titanium_alloys	3261153	NAPCS
Other_basic_and_semi-finished_products_of_zinc_and_zinc_alloys	3261156	NAPCS
Other_battery_chargers_n.e.c.	4752317	NAPCS
Other_biofuels_(except_biodiesel_and_aviation_biofuel)	2612132	NAPCS
Other_biological_products_(except_diagnostic)_for_veterinary,_industrial,_and_other_uses	2731193	NAPCS
Other_bituminous_coal	1441122	NAPCS
Other_building_materials,_n.e.c.,_at_wholesale	5511669	NAPCS
Other_business_support_services	7811381	NAPCS
Other_cannabis_extracts_products	2131369	NAPCS
Other_cannabis_extracts_products,_at_retail	5611349	NAPCS
Other_cannabis_extracts_products,_at_wholesale	5512139	NAPCS
Other_cannabis_products,_n.e.c.	2131399	NAPCS
Other_cannabis_products,_n.e.c._at_retail	5611399	NAPCS
Other_cannabis_products,_n.e.c._at_wholesale	5512199	NAPCS
Other_canvas_products_and_similar_articles	2321333	NAPCS
Other_carbon_or_graphite_electrical_products_(except_electrodes)	3812512	NAPCS
Other_castings,_of_aluminum_and_aluminum-base_alloys	4723413	NAPCS
Other_cements,_n.e.c.	4651117	NAPCS
Other_chemical_products,_n.e.c.	2721368	NAPCS
Other_chickpeas	1143113	NAPCS
Other_childcare_centres,_n.e.c.	6221389	NAPCS
Other_cigars,_chewing_and_smoking_tobacco,_n.e.c.	2121125	NAPCS
Other_clothing_accessories,_textile_clothing_pieces_and_components,_n.e.c.	2311599	NAPCS
Other_coated_and_treated_paper_(except_for_packaging)	2521523	NAPCS
Other_coated_and_treated_paper_and_paperboard_for_packaging	4742253	NAPCS
Other_coated_and_treated_paperboard_(except_for_packaging)	2521522	NAPCS
Other_coke_oven_products	2611113	NAPCS
Other_collective_dwellings,_n.e.c.	6221289	NAPCS
Other_commercial_and_general_job_printing	6812255	NAPCS
Other_commercial_and_service_industry_machinery_and_equipment,_n.e.c.	3421136	NAPCS
Other_commercial_buildings,_n.e.c.	6221299	NAPCS
Other_communications_equipment,_at_wholesale	5511763	NAPCS
Other_communications_networks	6234114	NAPCS
Other_consumer,_institutional_and_commercial_plastic_products	2841221	NAPCS
Other_contract_printing_and_related_support_services	6812281	NAPCS
Other_converted_paper_and_paperboard_products,_n.e.c.	2521532	NAPCS
Other_credit_financing_products,_n.e.c.	7615114	NAPCS
Other_crude_vegetable_materials	1151397	NAPCS
Other_custom_software_design_and_development_services	6431114	NAPCS
Other_dry_peas	1143143	NAPCS
Other_educational_buildings	6221319	NAPCS
Other_educational_support_services	8213131	NAPCS
Other_electric_power_generating_plants	6233115	NAPCS
Other_employment_services	7811291	NAPCS
Other_engineering_projects	7722191	NAPCS
Other_environmental_consulting_services	7751218	NAPCS
Other_environmental_services,_n.e.c._(except_engineering)	7761357	NAPCS
Other_fabricated_metal_products,_n.e.c.	4723526	NAPCS
Other_fabricated_structural_metal	4661141	NAPCS
Other_farm_machinery_and_equipment	3311141	NAPCS
Other_federal_government_public_administration_services	8711151	NAPCS
Other_federal_labour,_employment_and_immigration_services	8711133	NAPCS
Other_federal_protective_services	8711125	NAPCS
Other_ferrous_wire_products	4723252	NAPCS
Other_financial_assurance_services	7712114	NAPCS
Other_fluid_milk_products,_in_bulk	1731112	NAPCS
Other_foam_products_for_building_and_construction	4641181	NAPCS
Other_food_and_beverage_manufacturing_services	6814113	NAPCS
Other_foods_(including_other_food_dry_goods),_n.e.c.,_at_wholesale	5511367	NAPCS
Other_foods,_including_in_bundle,_n.e.c._at_retail	5611129	NAPCS
Other_footwear_and_accessories,_n.e.c.	2312299	NAPCS
Other_forage,_n.e.c.	1151384	NAPCS
Other_forms_of_electricity	1461119	NAPCS
Other_fresh_and_frozen_poultry_and_fowl	1721331	NAPCS
Other_fresh_berries	1141115	NAPCS
Other_fresh_citrus_fruit	1141122	NAPCS
Other_fresh_fruit,_n.e.c.	1141148	NAPCS
Other_fresh_pome_and_stone_fruit	1141146	NAPCS
Other_fresh_tropical_and_semitropical_fruit	1141134	NAPCS
Other_fresh_vegetables,_n.e.c.	1142218	NAPCS
Other_fuels_at_wholesale	5511213	NAPCS
Other_furniture,_n.e.c.	3911623	NAPCS
Other_general_liability_insurance_products	7631422	NAPCS
Other_geological_and_geophysical_services,_n.e.c.	7724143	NAPCS
Other_glass_products,_n.e.c.	2911355	NAPCS
Other_graphic_design_services	7731147	NAPCS
Other_hand_tools	4752115	NAPCS
Other_hardware,_n.e.c.	4722122	NAPCS
Other_hardwood_millwork_products	4621344	NAPCS
Other_hardwood_plywood	2412341	NAPCS
Other_hardwood_plywood-type_products_(including_2-ply_veneers,_cellular_panels,_and_curved_or_moulded_plywood)	2412342	NAPCS
Other_health_care_buildings,_n.e.c.	6221339	NAPCS
Other_health_practitioner_services_(except_physician_and_dental_services)	8111211	NAPCS
Other_heavy-gauge_metal_containers	3454112	NAPCS
Other_higher_academic_programs	8211314	NAPCS
Other_hospitals,_n.e.c.	6221329	NAPCS
Other_host_computers	3611116	NAPCS
Other_hot-rolled_iron,_steel_or_alloy_steel_structural_shapes	3121151	NAPCS
Other_human_resources_management_consulting_services	7751115	NAPCS
Other_industrial_and_manufacturing_engineering_projects	7722137	NAPCS
Other_industrial_chemicals,_at_wholesale	5511864	NAPCS
Other_industrial_depots_and_service_buildings	6221139	NAPCS
Other_industrial_gases,_n.e.c.	2711117	NAPCS
Other_industrial_intellectual_property	6311151	NAPCS
Other_industrial_machinery_and_equipment,_at_wholesale	5511743	NAPCS
Other_industrial_sites_and_buildings,_n.e.c.	6221159	NAPCS
Other_industrial_valves	3453136	NAPCS
Other_information_technology_(IT)_infrastructure_provisioning_services,_n.e.c.	7511149	NAPCS
Other_institutional_buildings,_n.e.c.	6221399	NAPCS
Other_interior_design_services,_n.e.c.	7731114	NAPCS
Other_iron_and_steel_forgings_and_powder_metallurgy_products	4723313	NAPCS
Other_iron_castings	3121331	NAPCS
Other_land_transportation_civil_engineering_works,_n.e.c.	6231241	NAPCS
Other_land_vehicles,_n.e.c.	4421249	NAPCS
Other_leisure_and_recreational_instructional_programs,_n.e.c.	8212118	NAPCS
Other_lentils	1143124	NAPCS
Other_liquefied_refinery_gases,_and_acyclic_hydrocarbons_n.e.c.	2632134	NAPCS
Other_live_animals_for_meat_and_for_hair	1111431	NAPCS
Other_live_animals,_n.e.c.	1111434	NAPCS
Other_local_fixed_route_passenger_transportation_services_by_road	5212451	NAPCS
Other_logs_and_bolts_of_softwood_(except_fuel_wood_and_pulpwood)	1311125	NAPCS
Other_long_distance_passenger_transportation_services_by_road_(except_fixed_route)	5212431	NAPCS
Other_major_household_appliances,_n.e.c.	3821254	NAPCS
Other_management_consulting_services	7751117	NAPCS
Other_management_of_financial_market_and_clearing_services	7618115	NAPCS
Other_manufacturing_services,_n.e.c.	6814192	NAPCS
Other_maple_products,_n.e.c.	1151365	NAPCS
Other_marine_engineering_works	6231341	NAPCS
Other_medium-density_fibreboard_(MDF)_and_particle_board_(including_prefinished)	2412213	NAPCS
Other_membership_organization_services,_n.e.c.	8614145	NAPCS
Other_metal_processing_services	6814154	NAPCS
Other_metal_products_for_architecture_and_construction,_n.e.c.	4661465	NAPCS
Other_metalworking_services	6814156	NAPCS
Other_mining_and_quarrying_machinery_and_equipment,_n.e.c.	3321142	NAPCS
Other_miscellaneous_direct_insurance_products	7631432	NAPCS
Other_miscellaneous_equipment_and_supplies,_n.e.c.,_at_retail	5619157	NAPCS
Other_miscellaneous_grains	1151155	NAPCS
Other_miscellaneous_health_care_services,_n.e.c.	8116132	NAPCS
Other_miscellaneous_industrial_machinery_and_non-motorized_equipment,_n.e.c.	3454344	NAPCS
Other_miscellaneous_metal_ores_and_concentrates_(except_cobalt),_n.e.c.	1552322	NAPCS
Other_miscellaneous_motor_vehicle_parts,_n.e.c.	4135563	NAPCS
Other_miscellaneous_personal_and_household_goods,_n.e.c.,_at_wholesale	5511966	NAPCS
Other_miscellaneous_products_supporting_financial_services	7618133	NAPCS
Other_miscellaneous_rubber_products_(except_rubber_boats),_n.e.c.	2841334	NAPCS
Other_motor_vehicle_electrical_and_electronic_equipment,_n.e.c.	4132126	NAPCS
Other_motor_vehicle_gasoline_engine_parts	4131114	NAPCS
Other_natural_gas_liquids_(NGLs)_and_related_products,_n.e.c.	1431124	NAPCS
Other_newspapers,_in_physical_form	4812131	NAPCS
Other_newspapers,_online	4812132	NAPCS
Other_nitric_acid,_ammonia_and_ammonium_compounds	2721126	NAPCS
Other_non-compostable_thermoplastic_resin_waste_and_scrap_n.e.c.	1581139	NAPCS
Other_non-ferrous_metal_castings_(except_die-castings,_aluminum_and_copper_castings)	4723432	NAPCS
Other_non-ferrous_wire_products	4723253	NAPCS
Other_non-metallic_mineral_products,_n.e.c.	2911442	NAPCS
Other_non-metallic_minerals,_n.e.c.	1631253	NAPCS
Other_nursery_trees_and_plants,_n.e.c.	1151446	NAPCS
Other_nuts	1141153	NAPCS
Other_oil_and_gas_engineering_works	6232311	NAPCS
Other_oil_and_gas_exploration	6411112	NAPCS
Other_oilseeds	1151224	NAPCS
Other_ophthalmic_goods	4751144	NAPCS
Other_organic_alcohols_and_alcohol_derivatives,_n.e.c.	2711316	NAPCS
Other_paperboard_(including_wet_machine_board)	2512332	NAPCS
Other_passenger_transportation_services_by_water	5214112	NAPCS
Other_periodicals,_in_physical_form	4812231	NAPCS
Other_periodicals,_online	4812232	NAPCS
Other_personal_care_supplies_(including_non-electric_toothbrushes_and_razors),_at_wholesale	5511495	NAPCS
Other_personal_safety_equipment_and_clothing	4751152	NAPCS
Other_personal_services,_n.e.c.	8515176	NAPCS
Other_petroleum_products,_n.e.c.,_at_wholesale	5511215	NAPCS
Other_phosphoric_acid_and_phosphatic_fertilizer_materials	2721132	NAPCS
Other_plastic_packaging_materials,_n.e.c.	4741821	NAPCS
Other_plastic_pipe_and_tube_(except_flexible,_polyethylene_and_plumbing_use)	4641122	NAPCS
Other_plastic_plumbing_pipe_(except_flexible_and_polyethylene)	4641121	NAPCS
Other_polyethylene_resins	2811229	NAPCS
Other_portable_computers	3611114	NAPCS
Other_post-production_services_for_audiovisual_works	7212129	NAPCS
Other_prepared_asphalt,_tar_roofing_and_siding_products,_n.e.c.	2621137	NAPCS
Other_printed_products,_n.e.c.	2521224	NAPCS
Other_printing_inks	2721322	NAPCS
Other_private_special_event_photography_services	7761131	NAPCS
Other_property_insurance_products_(except_multi-peril_and_vehicle)	7631313	NAPCS
Other_provincial_and_territorial_government_public_administration_services	8712131	NAPCS
Other_provincial_and_territorial_protective_services	8712116	NAPCS
Other_public_safety_facilities	6221369	NAPCS
Other_publications_n.e.c._(including_maps_and_greeting_cards),_online,_at_retail	5614232	NAPCS
Other_publications_n.e.c._(including_posters,_art_prints,_maps_and_greeting_cards),_printed,_at_retail	5614231	NAPCS
Other_pulse_crops,_n.e.c.	1143152	NAPCS
Other_reinsurance_products	7632141	NAPCS
Other_renewable_diesel_fuels	2612222	NAPCS
Other_restaurants,_n.e.c.	6221249	NAPCS
Other_retail_trade_commissions,_n.e.c.	5621119	NAPCS
Other_scientific_and_technical_consulting_services,_n.e.c.	7751324	NAPCS
Other_secured_consumer_loans_to_households,_n.e.c.	7613135	NAPCS
Other_security_system_and_lock_services_n.e.c.	7812172	NAPCS
Other_service_stations,_n.e.c.	6221298	NAPCS
Other_services_related_to_insurance	7633141	NAPCS
Other_shopping_centres,_plazas,_malls_and_stores,_n.e.c.	6221229	NAPCS
Other_short-term_overnight_stays_facilities,_n.e.c.	6221259	NAPCS
Other_signs	4751212	NAPCS
Other_social_assistance_services_for_children,_youth_and_families	8122115	NAPCS
Other_softwood_lumber_(except_tongue_and_groove_and_other_edge_worked_lumber)	2411251	NAPCS
Other_softwood_lumber,_edge_worked_(including_tongued_and_grooved)	4621336	NAPCS
Other_softwood_millwork_products	4621343	NAPCS
Other_solid_fuel_products,_n.e.c.	1451223	NAPCS
Other_specialized_non-residential_cleaning_services	7812229	NAPCS
Other_specialized_residential_cleaning_services	7812215	NAPCS
Other_spice_seeds	1151395	NAPCS
Other_sporting_event_media_rights	7222112	NAPCS
Other_sports_and_recreational_facilities_with_spectator_capacity	6221276	NAPCS
Other_stationery_and_unprinted_office_supplies	2521122	NAPCS
Other_sulphite_and_chemical_wood_pulp	2511241	NAPCS
Other_support_services_for_mining_and_quarrying_(except_mineral_exploration)	6711212	NAPCS
Other_support_services,_n.e.c.	7812424	NAPCS
Other_terminals,_n.e.c.	6221269	NAPCS
Other_textile_and_clothing_manufacturing_services,_n.e.c.	6814129	NAPCS
Other_theatres_and_halls,_n.e.c.	6221273	NAPCS
Other_thermoplastic_polyester_resins	2811219	NAPCS
Other_thermosetting_resins,_n.e.c.	2811399	NAPCS
Other_trailers	4121321	NAPCS
Other_transformers_n.e.c._and_transformer_parts	3812222	NAPCS
Other_travel_arrangement_and_reservation_services	8431181	NAPCS
Other_treated_wood_products_(including_treated_lumber)	2412423	NAPCS
Other_unmounted_bearings	3451313	NAPCS
Other_unwrought_non-ferrous_metals_and_non-ferrous_metal_alloys,_n.e.c.	3251161	NAPCS
Other_vegetable_oils_(crude,_once-refined,_fuel-grade_or_industrial)	1821341	NAPCS
Other_warehouses,_n.e.c.	6221239	NAPCS
Other_wire_springs	4723222	NAPCS
Other_wood_doors	4621112	NAPCS
Other_wood_product_manufacturing_services	6814134	NAPCS
Other_wood_products_for_construction_and_renovation,_at_wholesale	5511615	NAPCS
Other_wood_products_of_hardwood,_n.e.c.	4621351	NAPCS
Other_wood_products_of_softwood,_n.e.c.	4621352	NAPCS
Outdoor_home_furniture_at_retail	5613121	NAPCS
Outdoor_lighting_equipment	3913131	NAPCS
Outdoor_potted_plants	1151432	NAPCS
Outdoor_recreational_facilities	6236251	NAPCS
Overhead_travelling_cranes_and_monorail_systems	3454221	NAPCS
Oxygen	2711111	NAPCS
Packaged_fluid_cream_(except_canned_and_UHT_cream)	1731141	NAPCS
Packaged_fluid_milk_(except_skim_milk_and_cream,_and_canned_and_UHT_milk)	1731131	NAPCS
Packaged_fluid_skim_milk_(except_canned_and_UHT_milk)	1731121	NAPCS
Packaged_food_dry_goods,_at_retail	5611123	NAPCS
Packaged_funeral_services_for_human_remains	8512116	NAPCS
Packaging_and_industrial_converting_paper_(except_coated_paper_and_unbleached_kraft)	2512252	NAPCS
Packaging_and_labelling_services	7812421	NAPCS
Packaging_products_(except_paper_and_paperboard),_at_wholesale	5511749	NAPCS
Packing_and_crating_services_for_transportation_or_storage	5315211	NAPCS
Packing,_packaging_and_bottling_machinery	3454331	NAPCS
Paint_and_painting_supplies_(except_original_equipment_manufacturers),_at_wholesale	5511641	NAPCS
Paint_and_varnish_brushes,_and_painting_pads,_rollers_and_accessories	4754222	NAPCS
Paint_removers_and_thinners,_and_glazing_compounds	4631131	NAPCS
Paint,_painting_supplies_and_wallpaper,_at_retail	5618123	NAPCS
Paintings,_sculptures,_and_other_art_works	4754235	NAPCS
Paints_and_coatings_for_construction_and_renovation	4631111	NAPCS
Paper_and_paper_product_manufacturing_services	6814135	NAPCS
Paper_and_paperboard_office_supplies	2521121	NAPCS
Paper_and_paperboard_packaging_products,_at_wholesale	5511922	NAPCS
Paper_and_paperboard_plates,_trays_and_other_food_containers_(except_folding),_n.e.c.	4742143	NAPCS
Paper_napkins_and_other_sanitary_paper_products	2521441	NAPCS
Paper_towels	2521431	NAPCS
Paperboard_cartons_for_milk_and_other_beverages	4742141	NAPCS
Paperboard_fibre_canisters,_tubes,_spools_and_cones	4742132	NAPCS
Paperboard_fibre_drums	4742131	NAPCS
Parking_lots	6231213	NAPCS
Parking_services	8514111	NAPCS
Parts_and_accessories_for_audio_and_video_equipment_(except_printed_circuit_assemblies)	3622126	NAPCS
Parts_and_accessories_of_musical_instruments	4753413	NAPCS
Parts_and_attachments_for_major_household_appliances	3712122	NAPCS
Parts_and_attachments_for_small_household_appliances	3712121	NAPCS
Parts_and_attachments_of_lawn,_garden,_and_snow_removal_machinery_and_equipment	3511121	NAPCS
Parts_and_attachments_of_logging_and_construction_machinery_and_equipment	3511131	NAPCS
Parts_and_components_for_ball_and_roller_bearings	3451315	NAPCS
Parts_and_components_of_guided_missiles_and_space_vehicles	4311224	NAPCS
Parts_and_supplies_for_commercial_and_service_industry_machinery_and_equipment,_at_wholesale	5511774	NAPCS
Parts_and_supplies_for_construction_and_forestry_machinery_and_equipment,_at_wholesale	5511723	NAPCS
Parts_and_supplies_for_industrial_machinery_and_equipment,_n.e.c.,_at_wholesale	5511747	NAPCS
Parts_and_supplies_for_mining_and_oil_well_and_pipeline_machinery_and_equipment,_at_wholesale	5511732	NAPCS
Parts_for_fluid_power_valves	3453139	NAPCS
Parts_for_materials_handling_equipment,_conveyors,_and_elevators	3511441	NAPCS
Parts_for_materials_handling_trucks_and_tractors	3511431	NAPCS
Parts_for_outdoor_lighting,_and_lighting_equipment_n.e.c.	3913133	NAPCS
Parts_of_aeronautical_and_nautical_navigational_instruments,_and_parts_of_search,_detection,_and_guidance_systems	3714131	NAPCS
Parts_of_agricultural_machinery_and_equipment_(except_attachments)	3511111	NAPCS
Parts_of_agricultural_machinery_and_equipment,_at_wholesale	5511713	NAPCS
Parts_of_aircraft_and_other_transportation_equipment_(except_automotive),_at_wholesale	5511794	NAPCS
Parts_of_banking_and_vending_machines	3511231	NAPCS
Parts_of_broadcast,_studio,_alarm_and_signalling_equipment	3714121	NAPCS
Parts_of_commercial_cooking_and_food_warming_equipment	3511221	NAPCS
Parts_of_commercial,_institutional_and_industrial_electric_lighting_fixtures	3913123	NAPCS
Parts_of_computers_and_computer_peripherals	3713111	NAPCS
Parts_of_diesel_engines_for_motor_vehicles	4131212	NAPCS
Parts_of_electric_motors,_generators,_and_generator_sets	3712131	NAPCS
Parts_of_engines_(except_aircraft_and_automotive_engines,_and_gas_turbines)	3511481	NAPCS
Parts_of_fluid_power_pumps_and_fluid_power_system_components	3511461	NAPCS
Parts_of_heating_equipment	3511411	NAPCS
Parts_of_industrial_and_commercial_fans,_blowers,_and_air_purification_equipment	3511421	NAPCS
Parts_of_industrial_machinery_and_non-electric_machinery_products,_n.e.c.	3511491	NAPCS
Parts_of_irradiation,_electromedical,_surgical_and_medical_equipment	3714133	NAPCS
Parts_of_light_bulbs_and_tubes_(including_fluorescent_lamp_ballasts)	3712111	NAPCS
Parts_of_locomotives,_train_cars,_and_rapid_transit_cars,_n.e.c.	4511112	NAPCS
Parts_of_measuring_instruments,_testing_equipment_and_control_systems	3714132	NAPCS
Parts_of_metalworking_machinery_(except_machine_tool_parts)	3511333	NAPCS
Parts_of_military_armoured_vehicles	4511231	NAPCS
Parts_of_mining_machinery_and_equipment	3511141	NAPCS
Parts_of_motor_vehicle_air-conditioning_systems_(except_compressors_and_filters)	4135533	NAPCS
Parts_of_motor_vehicle_seats	4134121	NAPCS
Parts_of_motorcycles,_golf_carts_and_other_land_vehicles_n.e.c.	4511232	NAPCS
Parts_of_office_machines,_photocopiers_and_optical_equipment_(except_replacement_cartridges)	3511211	NAPCS
Parts_of_oil_and_gas_field_machinery_and_equipment	3511142	NAPCS
Parts_of_other_commercial_and_service_industry_machinery_and_equipment,_n.e.c.	3511232	NAPCS
Parts_of_other_industry-specific_machinery_and_equipment,_n.e.c.	3511322	NAPCS
Parts_of_packing,_packaging_and_bottling_machinery	3511471	NAPCS
Parts_of_power_hand_tools	3511351	NAPCS
Parts_of_pulp_and_paper_industry_machinery_and_equipment	3511311	NAPCS
Parts_of_pumps_(except_fluid_power)_and_air_and_gas_compressors	3511451	NAPCS
Parts_of_residential_electric_lamps_and_lighting_fixtures_(except_lampshades,_bulbs,_and_tubes)	3913113	NAPCS
Parts_of_sawmill,_woodworking,_plastics-_and_rubber-working_machinery_and_equipment	3511321	NAPCS
Parts_of_travel_trailers,_camping_trailers_and_other_trailers	4122123	NAPCS
Parts_of_water_treatment_equipment	3511371	NAPCS
Parts_of_wired_telephone_and_wired_data_communications_equipment	3714111	NAPCS
Parts_of_wireless_telephone_and_wireless_data_communications_equipment	3714112	NAPCS
Passenger_rail_transportation_services,_business_class	5213111	NAPCS
Passenger_rail_transportation_services,_economy/discounted_economy_classes	5213112	NAPCS
Passenger_rail_transportation_services,_sleeper_class	5213113	NAPCS
Passenger_train_cars	4411232	NAPCS
Patent_brokering_services	7761355	NAPCS
Patents	6311111	NAPCS
Pathology_and_laboratory_medicine_centres	6221335	NAPCS
Pay-per-view_services_(except_online_streaming)	7234131	NAPCS
Payment_clearing_and_settlement_services	7618111	NAPCS
Payment_document_products	7612141	NAPCS
Payroll_services	7712133	NAPCS
Peanut_butter,_and_other_nut_butters_and_pastes	1835124	NAPCS
Peanuts	1141151	NAPCS
Peat	1631252	NAPCS
Peat_briquettes_and_other_peat_products_used_as_fuel	1451222	NAPCS
Pencils,_pens_and_markers_(including_parts)	4752211	NAPCS
Pension_and_annuity_products	7621111	NAPCS
Pentanes_plus_(including_plant_condensate)	1431123	NAPCS
Performing_arts_instructional_programs	8212111	NAPCS
Performing_arts_society_and_club_membership_services	8614143	NAPCS
Perfumes_and_colognes	2741231	NAPCS
Perishable_prepared_food	1836121	NAPCS
Perishable_prepared_foods_(including_fresh_sliced_deli_meats,_prepared_entrees_and_fresh_pasta),_at_retail	5611116	NAPCS
Permanent_placement	7811211	NAPCS
Personal_and_household_metal_articles,_n.e.c.	4723525	NAPCS
Personal_care_supplies_and_equipment,_n.e.c.,_at_retail	5617225	NAPCS
Personal_creams,_lotions_and_oils	2741221	NAPCS
Personal_financial_planning_and_investment_management_services	7617112	NAPCS
Personal_improvement_programs	8211115	NAPCS
Personal_trust_services	7617111	NAPCS
Personal_watercraft_and_parts	4421111	NAPCS
Pesticides_and_chemicals,_packaged_for_retail_sale	2721212	NAPCS
Pet_food_at_wholesale	5511951	NAPCS
Pet_food,_supplies_and_accessories,_at_retail	5619112	NAPCS
Pet_supplies_and_accessories	4754236	NAPCS
Pet_supplies_at_wholesale	5511961	NAPCS
Petroleum_and_petrochemical_plant_and_process_engineering_projects	7722132	NAPCS
Petroleum_coke	2611112	NAPCS
Petroleum_product_manufacturing_services	6814141	NAPCS
Petroleum_waxes_and_petroleum_jelly	2641151	NAPCS
Petroleum-based_biodegradable_thermoplastic_resins	2811412	NAPCS
Petroleum-based_biodegradable_thermoset_resins	2811414	NAPCS
Petroleum-based_lubricating_oils_and_greases_(except_automotive)	2641121	NAPCS
Pets_and_laboratory_animals	1111432	NAPCS
Pets_at_retail	5619111	NAPCS
Pharmaceutical_preparations_affecting_parasitic_and_infective_diseases_in_human	2731161	NAPCS
Pharmaceutical_preparations_affecting_the_human_endocrine_system,_tumors_and_metabolic_diseases	2731151	NAPCS
Pharmaceutical_preparations,_acting_on_the_skin,_for_human_use	2731171	NAPCS
Pharmaceutical_preparations,_for_the_human_cardiovascular_system	2731131	NAPCS
Pharmaceutical_preparations,_for_the_human_central_nervous_system_and_the_sense_organs	2731121	NAPCS
Pharmaceutical_preparations,_for_the_human_digestive_and_genito-urinary_systems	2731141	NAPCS
Pharmaceutical_preparations,_for_the_human_respiratory_system	2731132	NAPCS
PhD_programs	8211313	NAPCS
Phenolic_(PF)_resins	2811311	NAPCS
Phosphate_rock	1631231	NAPCS
Phosphoric_acid;_wet_process	2721131	NAPCS
Photo_finishing_services	8515121	NAPCS
Photocopying_equipment	3421114	NAPCS
Photographic_supplies_(except_still_cameras),_at_wholesale	5511475	NAPCS
Physical_properties_testing_and_inspection_equipment,_and_kinematic_testing_and_measuring_equipment	3631261	NAPCS
Physician_services	8111111	NAPCS
Pickled_vegetables_and_fruit	1835112	NAPCS
Pig_iron,_iron_ore_sinter_and_pellets	3111111	NAPCS
Pipe_smoking_tobacco	2121123	NAPCS
Pipelines	6232211	NAPCS
Pipes_and_fittings_of_ductile_iron_or_cast_iron	3121311	NAPCS
Piston-type_natural_gas_engines	3451113	NAPCS
Plain_foil_of_aluminum_and_aluminum_alloys	3271111	NAPCS
Plastic_basic_shapes,_at_wholesale	5511866	NAPCS
Plastic_bottles	4741511	NAPCS
Plastic_dinnerware,_tableware,_kitchenware_and_ovenware_(including_microwave-ware)	2841211	NAPCS
Plastic_film_and_sheets_for_packaging_(except_polyethylene)	4741721	NAPCS
Plastic_film_and_sheets_for_packaging,_of_polyethylene	4741711	NAPCS
Plastic_film_and_sheets_not_for_packaging_use_(except_polyethylene)	2823121	NAPCS
Plastic_film_and_sheets_not_for_packaging_use,_of_polyethylene_only	2823111	NAPCS
Plastic_foam_shapes_for_furniture_and_furnishings_(except_polystyrene_or_polyurethane)	2841443	NAPCS
Plastic_foam_shapes_for_motor_vehicles_(except_polystyrene_or_polyurethane)	2841441	NAPCS
Plastic_foam_shapes_for_other_products,_n.e.c._(except_polystyrene_or_polyurethane)	2841445	NAPCS
Plastic_foam_shapes_for_other_transportation_equipment,_n.e.c._(except_polystyrene_or_polyurethane)	2841442	NAPCS
Plastic_foam_shapes_of_polystyrene_or_polyurethane,_for_furniture	2841421	NAPCS
Plastic_foam_shapes_of_polystyrene_or_polyurethane,_for_motor_vehicles	2841411	NAPCS
Plastic_foam_shapes_of_polystyrene_or_polyurethane,_for_other_products_n.e.c.	2841422	NAPCS
Plastic_foam_shapes_of_polystyrene_or_polyurethane,_for_other_transportation_equipment	2841412	NAPCS
Plastic_packaging_for_food	4741811	NAPCS
Plastic_pipe_fittings_and_unions	4641131	NAPCS
Plastic_plumbing_fixtures	4641141	NAPCS
Plastic_products_for_building_and_construction,_n.e.c.	4641192	NAPCS
Plastic_shapes_for_furniture_and_furnishings_(except_foam_and_reinforced_plastics)	2841233	NAPCS
Plastic_windows_and_doors	4641191	NAPCS
Plasticizers_and_rubber-processing_chemicals	2721364	NAPCS
Plastics_manufacturing_services	6814144	NAPCS
Plastics_resins,_at_wholesale	5511865	NAPCS
Plastics-_and_rubber-working_machinery	3431121	NAPCS
Platemaking	6812141	NAPCS
Platform_as_a_service	7511147	NAPCS
Platinum_group_metal_ores_and_concentrates	1551131	NAPCS
Playground_equipment	4753111	NAPCS
Pleasure_craft_dockage,_launching_and_utilities_services	8324121	NAPCS
Pleasure_reading_and_writing_instructional_programs	8212115	NAPCS
Plug-in_hybrid_light_truck,_vans_and_sport_utility_vehicles_(SUVs)_with_diesel_engine	4111422	NAPCS
Plug-in_hybrid_light_truck,_vans_and_sport_utility_vehicles_(SUVs)_with_gasoline_engine	4111421	NAPCS
Plug-in_hybrid_passenger_cars_with_diesel_engine	4111322	NAPCS
Plug-in_hybrid_passenger_cars_with_gasoline_engine	4111321	NAPCS
Plumbing_and_electrical_supplies_(including_fixtures),_at_retail	5618122	NAPCS
Plumbing_and_heating_valves_and_specialties	4661222	NAPCS
Plumbing_equipment_and_supplies_(including_valves),_at_wholesale	5511631	NAPCS
Plywood-type_products_of_birch_(including_2-ply_veneers,_cellular_panels,_and_curved_or_moulded_plywood)	2412332	NAPCS
Pneumatic_tires_for_buses_and_trucks	2831121	NAPCS
Pneumatic_tires_for_passenger_cars_and_similar_vehicles	2831111	NAPCS
Pneumatic,_semi-pneumatic_and_solid_rubber_tires,_n.e.c.	2831131	NAPCS
Point-of-sale_terminals_and_funds-transfer_devices	3611121	NAPCS
Police_stations	6221368	NAPCS
Political_organization_services	8612111	NAPCS
Pollution_abatement_and_control_engineering_works	6236261	NAPCS
Polyamide_(PA,_nylon)_resins	2811295	NAPCS
Polyamides_(nylon)_waste_and_scrap	1581136	NAPCS
Polyethylene_plastic_pipe_and_tube_(except_flexible_and_plumbing_use)	4641112	NAPCS
Polyethylene_plastic_plumbing_pipe_(except_flexible)	4641111	NAPCS
Polyethylene_terephthalate_(PET)_resins	2811211	NAPCS
Polyethylene_terephthalate_(PET)_waste_and_scrap	1581135	NAPCS
Polypropylene_(PP)_resins	2811293	NAPCS
Polypropylene_waste_and_scrap	1581133	NAPCS
Polystyrene_(PS)_resins	2811231	NAPCS
Polystyrene_foam_products_for_building_and_construction	4641161	NAPCS
Polystyrene_waste_and_scrap	1581131	NAPCS
Polyurethane_(PU)_waste_and_scraps	1581137	NAPCS
Polyurethane_foam_products_for_building_and_construction	4641171	NAPCS
Polyvinyl_chloride_(PVC)_resins	2811292	NAPCS
Polyvinyl_chloride_waste_and_scrap	1581132	NAPCS
Portable_oil_and_gas_field_drilling_rigs	3321163	NAPCS
Portable_residential_electric_lamps_and_lampshades	3913111	NAPCS
Portland_cement	4651111	NAPCS
Portrait_photography_services	7761111	NAPCS
Post_offices	6221292	NAPCS
Post-acute_care_hospitals_and_killed_nursing_facilities	6221328	NAPCS
Postal_services	5141111	NAPCS
Potash	1611111	NAPCS
Potato_chips	1833111	NAPCS
Poultry_(except_chickens,_turkeys,_chicks_and_poults)	1111341	NAPCS
Poultry_and_livestock_feed,_n.e.c.	1811241	NAPCS
Poultry_and_poultry_products_(except_canned_and_frozen_poultry_products),_at_wholesale	5511332	NAPCS
Poults	1111332	NAPCS
Powder,_paste_and_flakes_of_copper_and_copper_alloys	3261133	NAPCS
Powder,_paste_and_flakes_of_nickel_and_nickel_alloys	3261142	NAPCS
Powder,_paste_and_flakes_of_other_non-ferrous_metals_and_other_non-ferrous_metal_alloys,_n.e.c.	3261152	NAPCS
Power_and_distribution_transformers	3812211	NAPCS
Power_distribution_networks	6233131	NAPCS
Power_engineering_projects	7722161	NAPCS
Power_hand_tools,_at_wholesale	5511651	NAPCS
Power_tools_at_retail	5618113	NAPCS
Power_transmission_networks	6233121	NAPCS
Pre-burial_services_for_human_remains	8512111	NAPCS
Pre-packaged_tour_reselling_service	8431173	NAPCS
Pre-packaged_tours	8431171	NAPCS
Pre-press_services_and_post-press_work	6812131	NAPCS
Pre-primary,_elementary_and_secondary_programs,_for_children_and_youth	8211111	NAPCS
Pre-production_services_for_audiovisual_works	7212121	NAPCS
Precast_concrete_products,_n.e.c.	2911231	NAPCS
Precious_metal_jewellery	4753311	NAPCS
Precision_measuring_tools	4752111	NAPCS
Precision_mechanical_wire_springs	4723221	NAPCS
Precision-turned_automotive_products	4135551	NAPCS
Prefabricated_metal_industrial,_commercial,_and_institutional_buildings,_and_components_thereof	4711111	NAPCS
Prefabricated_metal_residential_and_farm_service_buildings,_and_components_thereof	4711112	NAPCS
Prefabricated_wood_buildings	4711211	NAPCS
Pregnant_mare_urine	1161341	NAPCS
Prepared_animal_feed,_n.e.c.	1811254	NAPCS
Prepared_fresh_fish,_shellfish_and_crustaceans	1711111	NAPCS
Prepared_radioactive_isotopes_(except_for_medical_use)	2711272	NAPCS
Prepared_radioactive_isotopes,_for_medical_use	2711271	NAPCS
Preschool_centres	6221313	NAPCS
Prescription_eyewear_at_retail	5617121	NAPCS
Prescription_pharmaceuticals,_at_retail	5617111	NAPCS
Preserved_infant_foods	1835122	NAPCS
Preserved_jams,_jellies_and_purees	1835121	NAPCS
Prestressed_concrete_products,_n.e.c.	2911232	NAPCS
Primary_batteries	4752315	NAPCS
Prime_mover_generator_sets_(except_steam_or_hydraulic_turbine)	3631114	NAPCS
Printed_books_at_retail	5614211	NAPCS
Printed_tablets,_writing_pads,_and_related_products	2521223	NAPCS
Printers'_ink,_at_wholesale	5511748	NAPCS
Printing_industry_machinery,_n.e.c.	3431152	NAPCS
Printing_of_magazines_and_other_periodicals	6812221	NAPCS
Printing_paper_(including_newsprint),_at_wholesale	5511921	NAPCS
Printing_presses	3431151	NAPCS
Prisons_and_penitentiaries	6221366	NAPCS
Private_airports	6221263	NAPCS
Private_household_services_(except_babysitting)	8521211	NAPCS
Private_network_services	7233214	NAPCS
Private_rail_car_hitching	5213114	NAPCS
Process_cheese_and_processed_cheese_products	1731321	NAPCS
Process_control_instruments	3631251	NAPCS
Processed_and_prepared_food_products,_n.e.c.	1836138	NAPCS
Processed_beef,_lamb_and_other_meats,_n.e.c.	1721541	NAPCS
Processed_fluid_milk_and_cream,_in_bulk	1731111	NAPCS
Processed_nuts_and_seeds	1833121	NAPCS
Processed_poultry_products_(including_canned_poultry_and_poultry_sausages)	1721531	NAPCS
Product_finishes_for_original_equipment_manufacturers_(OEM)_(except_marine_coatings)	4631121	NAPCS
Product_industrial_design_services	7731131	NAPCS
Product_liability_insurance_products	7631421	NAPCS
Product_or_merchandise_demonstrations,_provided_separately	7123114	NAPCS
Product_placement	7121115	NAPCS
Production_facilities_in_oil_and_gas_extraction	6232111	NAPCS
Professional_and_scientific_instruments,_at_retail	5619155	NAPCS
Professional,_technical_and_scholarly_books,_in_physical_form	4811141	NAPCS
Professional,_technical_and_scholarly_books,_online	4811142	NAPCS
Project_management_services	7723141	NAPCS
Project_site_master_planning_services	7721171	NAPCS
Propane_and_propane_mixes	1431111	NAPCS
Property_and_casualty_reinsurance_products	7632131	NAPCS
Property_management_services	7643251	NAPCS
Propylene	2632133	NAPCS
Protective_footwear_of_rubber_or_plastics	2312221	NAPCS
Provincial_and_territorial_correctional_services	8712112	NAPCS
Provincial_and_territorial_courts_of_law_services	8712111	NAPCS
Provincial_and_territorial_fire-fighting_services	8712114	NAPCS
Provincial_and_territorial_labour_and_employment_services	8712121	NAPCS
Provincial_and_territorial_police_services	8712113	NAPCS
Provincial_and_territorial_regulatory_services	8712115	NAPCS
Psychiatric_hospitals	6221327	NAPCS
Psychic_and_astrology_services	8515173	NAPCS
Public_address_systems	3622112	NAPCS
Public_archives	6221353	NAPCS
Public_building_and_related_furniture	3911622	NAPCS
Public_opinion_research_and_polling_services	7761322	NAPCS
Public_programs_of_heritage_institutions	8325131	NAPCS
Public_relations_services	7124131	NAPCS
Public_rental_storage_buildings	6221236	NAPCS
Pulp_and_paper_industry_machinery	3431141	NAPCS
Pulp_and_paper_plant_and_process_engineering_projects	7722133	NAPCS
Pulpwood_and_wood_pulp,_at_wholesale	5511812	NAPCS
Pulse_flour,_in_bulk	1821241	NAPCS
Pulse_flour,_in_consumer_packages	1821242	NAPCS
Pumps_n.e.c.	3453233	NAPCS
Quartz	1631251	NAPCS
Quick_and_digital_printing	6812271	NAPCS
Racehorse_training_services	7761341	NAPCS
Racing_and_sporting_event_gambling_products	8331151	NAPCS
Radioactive_ores_and_concentrates	1541111	NAPCS
Radiology_centres	6221334	NAPCS
Rail_freight_transportation_services_(except_rental_and_leasing_with_operator_or_crew)	5131111	NAPCS
Rail_transportation_support_services	5312111	NAPCS
Railway_stations	6221266	NAPCS
Railway_tracks	6231221	NAPCS
Rapeseed_(except_canola)	1131112	NAPCS
Raw_animal_hair	1161322	NAPCS
Raw_cotton	1151371	NAPCS
Raw_farm_products_n.e.c._(except_oilseeds_and_grains),_at_wholesale	5511144	NAPCS
Raw_furskins	1161311	NAPCS
Raw_sugar	1821411	NAPCS
Raw_tea	1151331	NAPCS
Raw_wool	1161321	NAPCS
Raw_wool,_animal_hair_and_silk,_at_wholesale	5511142	NAPCS
Ready-mixed_concrete	4651211	NAPCS
Ready-to-assemble_wood_household_furniture_and_unpainted_wood_household_furniture	3911126	NAPCS
Real_estate_consulting_services	7643241	NAPCS
Real_estate_listing_services	7643271	NAPCS
Rebuilt_alternators,_generators_and_regulators,_for_internal_combustion_engines	4132123	NAPCS
Rebuilt_gasoline_engines_for_motor_vehicles,_and_parts	4131112	NAPCS
Rebuilt_machine_tools_for_forming,_cutting_and_polishing_metal	3411116	NAPCS
Rebuilt_motor_vehicle_brake_parts	4135412	NAPCS
Rebuilt_motor_vehicle_steering_and_suspension_components	4135212	NAPCS
Rebuilt_motor_vehicle_transmission_and_drive_train_components	4135312	NAPCS
Rebuilt_or_retreaded_tires	2831133	NAPCS
Reclaimed_land	6236211	NAPCS
Recorded_movies,_on_physical_media	4813211	NAPCS
Recorded_movies,_online	4813212	NAPCS
Recorded_television_programs_and_videos,_on_physical_media	4813221	NAPCS
Recorded_television_programs_and_videos,_online	4813222	NAPCS
Recovered_fibres_and_processed_mill_waste	2321346	NAPCS
Recreational_and_other_boats,_n.e.c.	4421122	NAPCS
Recreational_vehicle_park_and_recreational_camp_services	8421211	NAPCS
Rectifying_apparatus	3812521	NAPCS
Recyclable_glass,_at_wholesale	5511841	NAPCS
Recyclable_paper_and_paperboard,_at_wholesale	5511831	NAPCS
Recyclable_plastic,_at_wholesale	5511844	NAPCS
Recyclable_rubber,_at_wholesale	5511842	NAPCS
Recyclable_scrap_metal,_at_wholesale	5511821	NAPCS
Recyclable_textile_materials,_at_wholesale	5511843	NAPCS
Recycled_paperboard	2512311	NAPCS
Red_lentils	1143122	NAPCS
Refined_aluminum_oxide	1552121	NAPCS
Refined_corn_oil	1821312	NAPCS
Refined_sugar,_in_bulk_(except_maple_sugar)	1821421	NAPCS
Refined_sugar,_in_consumer_packages_(except_maple_sugar)	1821422	NAPCS
Refined_vegetable_oils_(except_corn_oil,_shortening_and_blended_cooking_oils)	1821121	NAPCS
Refrigerated_warehouses_and_cold_storage_buildings	6221232	NAPCS
Refrigeration_and_air_conditioning_equipment,_n.e.c.	3441143	NAPCS
Registration_for_sports_tournaments_and_matches	8324117	NAPCS
Regulation_of_credit_markets	7611121	NAPCS
Regulation_of_insurance_markets	7611131	NAPCS
Regulation_of_securities_markets	7611111	NAPCS
Regulatory_safety_and_emissions_inspection_services_for_automobiles_and_light_trucks	5311213	NAPCS
Regulatory_safety_and_emissions_inspection_services_for_heavy_trucks_and_buses	5311233	NAPCS
Rehabilitation_centres_or_hospitals	6221326	NAPCS
Reinforced_plastic_and_fibreglass_parts_and_components_(except_for_motor_vehicles)	2841231	NAPCS
Reinforced_plastic_or_fibreglass_parts_for_motor_vehicles	4133112	NAPCS
Relays_for_electronic_circuitry	3812341	NAPCS
Religious_centres	6221371	NAPCS
Religious_organization_services	8613111	NAPCS
Religious_residences	6221283	NAPCS
Remediation_services,_n.e.c.	7823134	NAPCS
Rental_and_leasing_of_freight_aircraft,_with_operator_or_crew	5133112	NAPCS
Rental_and_leasing_of_freight_vessels_with_operator_or_crew	5132112	NAPCS
Rental_and_leasing_of_locomotives_and_freight_rail_cars,_with_operator_or_crew	5131112	NAPCS
Rental_and_leasing_of_passenger_aircraft_with_operator_or_crew_(except_chartering)	5215131	NAPCS
Rental_and_operating_leasing_services_of_air_transportation_equipment,_without_operator	5813111	NAPCS
Rental_and_operating_leasing_services_of_buses,_without_operator_or_driver	5811131	NAPCS
Rental_and_operating_leasing_services_of_communication_equipment,_without_operator	5813122	NAPCS
Rental_and_operating_leasing_services_of_computer_equipment	5812111	NAPCS
Rental_and_operating_leasing_services_of_consumer_goods_n.e.c.	5814191	NAPCS
Rental_and_operating_leasing_services_of_heavy_machinery_and_equipment,_without_operator	5813121	NAPCS
Rental_and_operating_leasing_services_of_heavy_trucks_and_truck_trailers,_without_operator_or_driver	5811132	NAPCS
Rental_and_operating_leasing_services_of_household_furniture_and_furnishings	5814181	NAPCS
Rental_and_operating_leasing_services_of_motor_homes,_travel_trailers_and_campers	5811121	NAPCS
Rental_and_operating_leasing_services_of_office_furniture	5812211	NAPCS
Rental_and_operating_leasing_services_of_other_commercial_and_industrial_machinery_and_equipment_n.e.c.,_without_operator	5813123	NAPCS
Rental_and_operating_leasing_services_of_other_office_equipment	5812212	NAPCS
Rental_and_operating_leasing_services_of_rail_transportation_equipment,_without_operator	5813112	NAPCS
Rental_and_operating_leasing_services_of_water_transportation_equipment,_without_operator	5813113	NAPCS
Rental_of_buses_and_coaches,_with_operator	5212482	NAPCS
Rental_of_commercial_space	7642131	NAPCS
Rental_of_industrial_space	7642141	NAPCS
Rental_of_land_for_non-residential_use	7642111	NAPCS
Rental_of_land_for_residential_use	7641111	NAPCS
Rental_of_office_and_professional_space	7642121	NAPCS
Rental_of_other_non-residential_space,_n.e.c.	7642165	NAPCS
Rental_of_passenger_automobiles_and_light_vans,_with_operator	5212481	NAPCS
Rental_of_residential_space_in_apartment_buildings,_for_use_as_principal_residence	7641122	NAPCS
Rental_of_residential_space_in_houses,_for_use_as_principal_residence	7641121	NAPCS
Rental_of_residential_space,_for_use_as_principal_residence,_n.e.c.	7641123	NAPCS
Rental_of_road_transportation_vehicles_with_operator,_for_general_freight	5121122	NAPCS
Rental_of_road_transportation_vehicles_with_operator,_for_specialized_freight	5121281	NAPCS
Rental_of_space_for_meetings,_conventions,_and_similar_short-term_business_use	7642161	NAPCS
Rental_of_space_for_weddings,_banquets,_parties,_and_similar_short-term_social_use	7642162	NAPCS
Rental_of_space_in_mini-warehouses_and_self-storage_units	7642151	NAPCS
Rental_of_theatres,_auditoriums,_stadiums,_arenas,_and_similar_facilities	7642163	NAPCS
Rental_of_water_transportation_equipment_with_operator	5214121	NAPCS
Rental_services_of_automobiles_and_light_trucks	5811111	NAPCS
Rental_services_of_equipment_for_parties_and_other_social_events	5814171	NAPCS
Rental_services_of_formal_wear,_costumes_and_accessories	5814131	NAPCS
Rental_services_of_home_audiovisual_equipment,_components_and_accessories	5814111	NAPCS
Rental_services_of_home_health_care_equipment	5814151	NAPCS
Rental_services_of_home_improvement_and_do-it-yourself_tools_and_equipment	5814121	NAPCS
Rental_services_of_household_appliances	5814112	NAPCS
Rental_services_of_movies_and_games_on_digital_videodisc_(DVD),_magnetic_tape_and_cassette	5814141	NAPCS
Rental_services_of_recreational_goods_and_equipment	5814161	NAPCS
Representation_services_of_artists,_athletes,_entertainers_and_other_public_figures	8313112	NAPCS
Reproduction_of_content_on_non-optical_media	6814174	NAPCS
Reproduction_of_content_on_optical_media	6814173	NAPCS
Reprography_services	7811312	NAPCS
Repurchase_agreements	7615112	NAPCS
Research_and_experimental_developmental_services_in_agricultural_biotechnology_(including_food_sciences)	6423441	NAPCS
Research_and_experimental_developmental_services_in_agriculture,_forestry_and_fisheries	6423411	NAPCS
Research_and_experimental_developmental_services_in_animal_and_dairy_science	6423421	NAPCS
Research_and_experimental_developmental_services_in_arts_(arts,_history_of_arts,_performing_arts,_music)	6424241	NAPCS
Research_and_experimental_developmental_services_in_basic_medicine	6423311	NAPCS
Research_and_experimental_developmental_services_in_biological_sciences	6423161	NAPCS
Research_and_experimental_developmental_services_in_chemical_engineering	6423241	NAPCS
Research_and_experimental_developmental_services_in_chemical_sciences	6423141	NAPCS
Research_and_experimental_developmental_services_in_civil_engineering	6423211	NAPCS
Research_and_experimental_developmental_services_in_clinical_medicine	6423321	NAPCS
Research_and_experimental_developmental_services_in_computer_and_information_sciences	6423121	NAPCS
Research_and_experimental_developmental_services_in_earth_and_related_environmental_sciences	6423151	NAPCS
Research_and_experimental_developmental_services_in_economics_and_business	6424121	NAPCS
Research_and_experimental_developmental_services_in_education	6424131	NAPCS
Research_and_experimental_developmental_services_in_electrical_engineering,_electronic_engineering_and_information_engineering	6423221	NAPCS
Research_and_experimental_developmental_services_in_environmental_biotechnology	6423272	NAPCS
Research_and_experimental_developmental_services_in_environmental_engineering	6423271	NAPCS
Research_and_experimental_developmental_services_in_health_sciences	6423331	NAPCS
Research_and_experimental_developmental_services_in_history_and_archaeology	6424211	NAPCS
Research_and_experimental_developmental_services_in_industrial_biotechnology	6423281	NAPCS
Research_and_experimental_developmental_services_in_languages_and_literature	6424221	NAPCS
Research_and_experimental_developmental_services_in_law	6424151	NAPCS
Research_and_experimental_developmental_services_in_materials_engineering	6423251	NAPCS
Research_and_experimental_developmental_services_in_mathematical_sciences	6423111	NAPCS
Research_and_experimental_developmental_services_in_mechanical_engineering	6423231	NAPCS
Research_and_experimental_developmental_services_in_media_and_communications	6424181	NAPCS
Research_and_experimental_developmental_services_in_medical_biotechnology	6423341	NAPCS
Research_and_experimental_developmental_services_in_medical_engineering	6423261	NAPCS
Research_and_experimental_developmental_services_in_nanotechnology	6423291	NAPCS
Research_and_experimental_developmental_services_in_other_agricultural_sciences	6423451	NAPCS
Research_and_experimental_developmental_services_in_other_engineering_and_technologies	6423292	NAPCS
Research_and_experimental_developmental_services_in_other_humanities	6424251	NAPCS
Research_and_experimental_developmental_services_in_other_medical_sciences	6423351	NAPCS
Research_and_experimental_developmental_services_in_other_natural_sciences	6423171	NAPCS
Research_and_experimental_developmental_services_in_other_social_sciences	6424191	NAPCS
Research_and_experimental_developmental_services_in_philosophy,_ethics_and_religion	6424231	NAPCS
Research_and_experimental_developmental_services_in_physical_sciences	6423131	NAPCS
Research_and_experimental_developmental_services_in_political_science	6424161	NAPCS
Research_and_experimental_developmental_services_in_psychology_and_cognitive_sciences	6424111	NAPCS
Research_and_experimental_developmental_services_in_social_and_economic_geography	6424171	NAPCS
Research_and_experimental_developmental_services_in_sociology	6424141	NAPCS
Research_and_experimental_developmental_services_in_veterinary_science	6423431	NAPCS
Reservation_services_for_airline_seats	8431111	NAPCS
Reservation_services_for_cruises	8431121	NAPCS
Reservation_services_for_passenger_transportation,_n.e.c.	8431116	NAPCS
Reservation_services_for_pre-packaged_tours	8431141	NAPCS
Reservation_services_for_vehicle_rental	8431114	NAPCS
Residential_building_engineering_projects	7722111	NAPCS
Residential_building_security_system_and_lock_installation_and_repair_services	7812161	NAPCS
Residential_building_security_system_monitoring_services	7812151	NAPCS
Residential_buildings_of_fewer_than_five_storeys,_n.e.c.	6211125	NAPCS
Residential_buildings_of_five_or_more_storeys	6211111	NAPCS
Residential_care_services_with_assistance_and_daily_living	8121121	NAPCS
Residential_care_services_with_counselling_services	8121123	NAPCS
Residential_care_services_with_independent_living	8121131	NAPCS
Residential_care_services_with_rehabilitation_and_therapy_services	8121122	NAPCS
Residential_care_services_with_skilled_nursing_and_rehabilitation_services	8121112	NAPCS
Residential_care_services,_with_skilled_nursing,_without_rehabilitation_services	8121111	NAPCS
Residential_hazardous_waste_collection_services	7823121	NAPCS
Residential_interior_cleaning_services	7812211	NAPCS
Residential_interior_design_services	7731111	NAPCS
Residential_landscaping_services	7812321	NAPCS
Residential_mortgage_loans	7613131	NAPCS
Residential_non-hazardous_waste_and_recyclable_material_collection_services	7823111	NAPCS
Residential_off-site_carpet,_rug_and_upholstery_cleaning_services	7812213	NAPCS
Residential_on-site_carpet,_rug_and_upholstery_cleaning_services	7812212	NAPCS
Residential_pest_extermination_and_control_services	7812311	NAPCS
Resilient_floor_coverings	4641151	NAPCS
Retail_commissions_based_on_non_medical_care_services_for_pets	5621115	NAPCS
Retail_commissions_based_on_postal,_courier,_parcel_and_delivery_services	5621116	NAPCS
Retail_commissions_based_on_rental_and_leasing_services	5621114	NAPCS
Retail_commissions_based_on_restaurants_and_prepared_meals_and_beverages	5621117	NAPCS
Retail_commissions_based_on_selling_lottery_tickets,_gift_certificates_and_cards	5621118	NAPCS
Retail_commissions_based_on_selling_repair_and_maintenance_services	5621113	NAPCS
Retail_trade_commissions,_for_cannabis_products	5621112	NAPCS
Rights_to_occupancy_services	8121141	NAPCS
Rigid_paperboard_boxes	4742122	NAPCS
Rivets,_washers_and_other_non-threaded_metal_fasteners_(except_for_aircraft)	4722214	NAPCS
Road_access_services	5311111	NAPCS
Road_transportation_services_for_general_freight_(except_rental_and_operating_leasing_with_operator)	5121121	NAPCS
Road_transportation_support_services,_n.e.c.	5311116	NAPCS
Road_vehicle_towing_services	5311112	NAPCS
Roaming_services	7233234	NAPCS
Rock_drilling_machinery_and_equipment	3321141	NAPCS
Rock_salt	1631241	NAPCS
Roller_skating_boots_(except_for_children)	2312295	NAPCS
Rolling_mill_machinery	3411121	NAPCS
Roofing_asphalts_and_pitches,_coatings,_and_cements	2621131	NAPCS
Room_air_conditioners_and_dehumidifiers	3441141	NAPCS
Room_or_unit_accommodation_services_for_travellers	8421111	NAPCS
Rooming_and_boarding_services	7641211	NAPCS
Rope,_cordage_and_twine	2321321	NAPCS
Rotary_oil_and_gas_field_drilling_machinery_and_equipment	3321161	NAPCS
Rough_dimension_stone	1621111	NAPCS
Rough_untreated_poles,_posts_and_piling_of_hardwood	1311312	NAPCS
Rough_untreated_poles,_posts_and_piling_of_softwood	1311311	NAPCS
Row_houses	6211123	NAPCS
Rubber_and_plastic_transmission_belts_and_belting	2841111	NAPCS
Rubber_compounds_and_mixtures	2821131	NAPCS
Rubber_manufacturing_services	6814143	NAPCS
Rubber_mechanical_goods	2841321	NAPCS
Rubber_membrane_roofing	2841332	NAPCS
Rubber_products_for_industrial_use,_n.e.c.	2841331	NAPCS
Rubber_sponge,_expanded_rubber_and_foam_rubber_products	2841311	NAPCS
Rubber,_at_wholesale	5511867	NAPCS
Runways	6231231	NAPCS
Rural_real_estate_appraisal_services	7643262	NAPCS
Rye	1151152	NAPCS
Sales_financing_to_businesses	7614141	NAPCS
Sales_financing_to_consumers	7614142	NAPCS
Same-day_courier_and_messenger_services	5141221	NAPCS
Satellite_and_other_pay_radio_advertising_air_time	7112112	NAPCS
Satellite_dishes_and_cable_decoders	3621212	NAPCS
Satellite_radio_services	7234151	NAPCS
Sausage_(except_poultry_sausages)	1721511	NAPCS
Sawing_and_planing_of_wood	6814131	NAPCS
Sawmill_and_woodworking_machinery	3431111	NAPCS
Sawn_wood_fence_stock_and_wood_lath	4621341	NAPCS
Scheduled_air_passenger_transportation_services,_domestic	5215111	NAPCS
Scheduled_air_passenger_transportation_services,_international	5215112	NAPCS
School_bus_services	5212311	NAPCS
School_furniture	3911621	NAPCS
Schools	6221312	NAPCS
Screen_printing	6812261	NAPCS
Seals,_gaskets_and_packings	3453141	NAPCS
Seaports_and_harbours	6231311	NAPCS
Search,_detection_and_guidance_systems	3621321	NAPCS
Seasonal_apparel_and_textile_storage_services	8513141	NAPCS
Seat_or_safety_belts_for_motor_vehicles	4134131	NAPCS
Seats_for_aircraft	4311221	NAPCS
Seats_for_rail_cars_and_public_conveyance,_n.e.c.	4511111	NAPCS
Seaweed	1211141	NAPCS
Second_language_learning_programs_(non-credit)	8211114	NAPCS
Second-day_or_later_courier_and_messenger_services	5141223	NAPCS
Secured_home_loans_(except_residential_mortgage_and_home_equity_loans)_to_households	7613133	NAPCS
Securities_lending	7615111	NAPCS
Securities_origination_products	7616111	NAPCS
Security_and_commodity_contract_exchange_and_clearing_house_listing_services	7618114	NAPCS
Security_and_commodity_contract_trade_execution,_clearing_and_settlement_services	7618112	NAPCS
Security_guard_and_patrol_services	7812121	NAPCS
Seeds_and_bulbs,_at_wholesale	5511715	NAPCS
Seeds_for_planting_(except_potato,_flower,_shrub_and_tree_seeds)	1151398	NAPCS
Seizure_and_civil_execution_services	7811351	NAPCS
Self-adhesive_products	4742212	NAPCS
Semen	1111435	NAPCS
Semi-chemical_paperboard_(including_corrugating_medium)	2512331	NAPCS
Semi-detached_houses	6211122	NAPCS
Semiconductor_manufacturing_machinery	3431155	NAPCS
Separately-priced_deposit_account_products	7612121	NAPCS
Servers	3611115	NAPCS
Services_of_access_to_security_and_commodity_contract_trade_execution_and_clearing_systems	7618113	NAPCS
Services_provided_by_real_estate_agencies_to_their_real_estate_associates	7643281	NAPCS
Sewage_and_dirty_water_disposal_and_cleaning_services	7822111	NAPCS
Sewage_and_wastewater_treatment_plants	6235211	NAPCS
Sewage_collection_and_disposal_engineering_works	6235221	NAPCS
Sewing_and_knitting_supplies,_at_retail	5614153	NAPCS
Sewing_thread_(except_covered_rubber_thread)	2211221	NAPCS
Shakes_and_shingles	2412411	NAPCS
Sheep_and_lambs	1111411	NAPCS
Sheet_music_and_other_musical_texts,_in_physical_form	4811161	NAPCS
Sheet_music_and_other_musical_texts,_online	4811162	NAPCS
Shellfish_(except_live)	1211132	NAPCS
Shelters	6221284	NAPCS
Shoe_shining_services	8515174	NAPCS
Shopping_complexes_(multi_structure_outlet_malls)	6221228	NAPCS
Short-term_overnight_stays_facilities_(except_by_owner)	6221257	NAPCS
Shortening_and_blended_cooking_oils	1821122	NAPCS
Shrub_seeds	1151412	NAPCS
Shrubs	1151442	NAPCS
Shuttle_services	5212441	NAPCS
Sightseeing_services_by_air	5216141	NAPCS
Sightseeing_services_by_buses_and_other_ground_vehicles	5216121	NAPCS
Sightseeing_services_by_rail	5216111	NAPCS
Sightseeing_services_by_water	5216131	NAPCS
Silk_and_natural_staple_fibre_yarns	2211215	NAPCS
Silver_ores,_concentrates_and_mill_bullion	1551121	NAPCS
Silverware_at_wholesale	5511422	NAPCS
Single-detached_houses	6211121	NAPCS
Single-lever_plumbing_fixture_controls	4661211	NAPCS
Site_development_and_maintenance_services_for_oil_and_gas_fields	6711112	NAPCS
Site_development_for_mining	6711211	NAPCS
Site_remediation_planning_services	7751213	NAPCS
Site_remediation_services	7823131	NAPCS
Ski-boots,_snowboard_boots_and_cross-country_ski_footwear_(except_for_children)	2312293	NAPCS
Skiing_and_snowboarding_equipment,_at_retail	5614114	NAPCS
Skiing_facility_services	8324112	NAPCS
Skills_upgrading,_professional_development_and_management_training_programs	8211212	NAPCS
Skin_care_services	8511113	NAPCS
Small_arms_(including_parts)	4721112	NAPCS
Small_arms_ammunition	4721114	NAPCS
Small_cutting_tools_for_machine_tools_and_metalworking_machinery_(except_dies)	3511363	NAPCS
Small_electric_household_appliances,_n.e.c.	3821122	NAPCS
Small_fruit_bushes	1151444	NAPCS
Small_green_lentils	1143123	NAPCS
Small_home_appliances_at_retail	5613151	NAPCS
Small_household_appliances,_at_wholesale	5511443	NAPCS
Smartphones	3621131	NAPCS
Smartwatches	3621132	NAPCS
Smelting_and_refining_services	6814151	NAPCS
Smoking_accessories_(except_lighters_and_matches)	4754234	NAPCS
Smooth_surfaced_organic_felt_roll_roofings	2621133	NAPCS
Snack_foods_at_wholesale	5511362	NAPCS
Snack_foods_n.e.c.	1833123	NAPCS
Snow_removal_services_for_parking_lots_and_driveways	7812323	NAPCS
Snow_removal_services_for_roads,_highways_and_bridges	5311115	NAPCS
Snowmobile_parts	4511221	NAPCS
Snowmobiles	4421221	NAPCS
Social_advocacy_organization_services	8614121	NAPCS
Social_assistance_services_for_elderly_and_disabled_adults	8122121	NAPCS
Social_assistance_services_for_immigrants_and_refugees	8122131	NAPCS
Social_assistance_services_for_the_general_population	8122141	NAPCS
Social_event_organization_services	8515172	NAPCS
Sod	1151451	NAPCS
Sodium_hydroxide_(caustic_soda)	2711231	NAPCS
Soft_drink_flavouring_syrups_and_mixes	1834112	NAPCS
Soft_drinks_(except_bottled_water),_at_retail	5611141	NAPCS
Software_(except_game),_at_wholesale	5511752	NAPCS
Software_as_a_service,_on_cloud	7511122	NAPCS
Software_originals	6321111	NAPCS
Softwood_chips	2511111	NAPCS
Softwood_cut_stock_and_dimension_(including_softwood_furniture_cut_stock)	4621338	NAPCS
Softwood_flooring	4621321	NAPCS
Softwood_lumber_of_Douglas_fir_and_Western_larch_(except_tongue_and_groove_and_other_edge_worked_lumber)	2411231	NAPCS
Softwood_lumber_of_Douglas_fir_and_Western_larch,_edge_worked_(including_tongued_and_grooved)	4621334	NAPCS
Softwood_lumber_of_hemlock_fir_(except_tongue_and_groove_and_other_edge_worked_lumber)	2411221	NAPCS
Softwood_lumber_of_hemlock_fir,_edge_worked_(including_tongued_and_grooved)	4621333	NAPCS
Softwood_lumber_of_spruce,_pine_and_fir_(except_tongue_and_groove_and_other_edge_worked_lumber)	2411211	NAPCS
Softwood_lumber_of_spruce,_pine_and_fir,_edge_worked_(including_tongued_and_grooved)	4621332	NAPCS
Softwood_lumber_of_Western_red_cedar_(except_tongue_and_groove_and_other_edge_worked_lumber)	2411241	NAPCS
Softwood_lumber_of_Western_red_cedar,_edge_worked_(including_tongued_and_grooved)	4621335	NAPCS
Softwood_lumber,_at_wholesale	5511612	NAPCS
Softwood_plywood_(except_of_Douglas_fir),_rough_(including_touch_sanded,_interior_and_exterior)	2412361	NAPCS
Softwood_plywood_(except_of_Douglas_fir),_sanded_(interior_and_exterior)	2412362	NAPCS
Softwood_plywood_of_Douglas_fir,_rough_(including_touch_sanded,_interior_and_exterior)	2412351	NAPCS
Softwood_plywood_of_Douglas_fir,_sanded_(interior_and_exterior)	2412352	NAPCS
Softwood_plywood_specialties_(except_of_Douglas_fir)_(including_2-ply_veneers,_cellular_panels,_and_curved_or_moulded_plywood)	2412363	NAPCS
Softwood_plywood_specialties_of_Douglas_fir_(including_2-ply_veneers,_cellular_panels,_and_curved_or_moulded_plywood)	2412353	NAPCS
Softwood_pulpwood	1311221	NAPCS
Softwood_sawdust_(except_agglomerated)	1571111	NAPCS
Softwood_shavings	1571113	NAPCS
Softwood_veneer	2412321	NAPCS
Soil_management,_crop_and_animal_production_consulting_services	7751321	NAPCS
Soil_preparation,_planting,_fertilizing,_and_cultivation_machinery	3311121	NAPCS
Solar_electricity	1461116	NAPCS
Soldering_and_welding_supplies,_at_wholesale	5511745	NAPCS
Solid_fuels_(except_coal)_at_wholesale	5511892	NAPCS
Solin	1151222	NAPCS
Soybean_oil_(crude,_once-refined,_fuel-grade_or_industrial)	1821321	NAPCS
Soybeans	1151211	NAPCS
Space_satellites	3621141	NAPCS
Special_alpha_and_dissolving_wood_pulp	2511211	NAPCS
Special_dies_and_tools,_die_sets,_jigs,_and_fixtures	3455112	NAPCS
Special_needs_urban_transit_services	5212461	NAPCS
Special-purpose_coatings_(including_all_marine_coatings,_industrial,_construction_and_maintenance_coatings,_and_traffic_marking_paints)	4631122	NAPCS
Special-purpose_vehicles	4121221	NAPCS
Specialized_manufacturing_machinery_and_equipment,_n.e.c.	3431156	NAPCS
Specialty_and_pay_television_air_time	7112212	NAPCS
Specialty_bags,_pouches_and_liners,_of_coated_single-web_paper	4742232	NAPCS
Specialty_bags,_pouches_and_liners,_of_multi-web_laminate_and_foil_(except_film-film)	4742233	NAPCS
Specialty_cleaners_and_polishes	2741121	NAPCS
Specialty_transformers_(except_fluorescent_lamp_ballasts)	3812221	NAPCS
Specific-purpose_industrial_controls	3812311	NAPCS
Specimen_collection_centres	6221336	NAPCS
Speed_changers_and_industrial_high-speed_drives_(except_loose_gearing)	3451212	NAPCS
Sponsorship_rights	7121112	NAPCS
Sport_and_performing_arts_event_organization_services	8312111	NAPCS
Sport,_exercise_and_nature_appreciation_instructional_programs	8212113	NAPCS
Sporting_and_athletic_goods,_n.e.c.	4753122	NAPCS
Sporting_equipment_n.e.c.,_at_retail	5614117	NAPCS
Sporting_event_broadcast_rights	7222111	NAPCS
Sporting_goods_and_equipment_(except_bicycles_and_swimming_pool_equipment),_at_wholesale	5511473	NAPCS
Sports_coaching_services	8213151	NAPCS
Stadiums	6221274	NAPCS
Stand-alone_food_and_beverage_stores_(except_restaurants_and_bars)	6221225	NAPCS
Stand-alone_retail_buildings_(non-food)	6221224	NAPCS
Standby,_special_event,_and_first_aid_services	8116111	NAPCS
Starch,_in_bulk	1821361	NAPCS
Starch,_in_consumer_packages	1821362	NAPCS
Starter_motors	4132124	NAPCS
Station-to-station_transportation_of_small_packages_and_documents_without_tracking	5141211	NAPCS
Stationary_and_marine_power_boilers	3453112	NAPCS
Stationery_and_other_office_supplies,_at_wholesale	5511911	NAPCS
Statistical_sampling_and_survey_design_services	7761323	NAPCS
Steam	1451311	NAPCS
Steam_pressing_and_ironing_services_to_households	8513124	NAPCS
Steel_and_tin_cans	4741211	NAPCS
Steel_conversion_services	6814152	NAPCS
Steel_investment_castings	3121341	NAPCS
Steel_pails_and_fabricated_steel_boxes	4741213	NAPCS
Steel_shipping_barrels_and_drums	3454111	NAPCS
Steel_springs_(except_wire_springs)	4723231	NAPCS
Stemmed,_redried_or_reconstituted_tobacco	2121211	NAPCS
Still_cameras_and_other_photographic_equipment_and_supplies,_at_retail	5613165	NAPCS
Still_gas	2641152	NAPCS
Stock_continuous_business_forms	2521215	NAPCS
Storage_batteries_(except_motor_vehicle_and_industrial)_and_parts_for_storage_batteries	4752314	NAPCS
Stove_oil	2613212	NAPCS
Strategic_management_consulting_services	7751111	NAPCS
Strip_malls	6221223	NAPCS
Strollers,_and_infant_care_products_n.e.c.,_at_retail	5617213	NAPCS
Structural_sealants	4631142	NAPCS
Student_residences	6221281	NAPCS
Student_services	8213121	NAPCS
Studio_recording_services	7211111	NAPCS
Styrene_monomer	2632121	NAPCS
Sub-bituminous_coal	1441211	NAPCS
Subdivision_layout_and_design	7724174	NAPCS
Subway_and_rapid_transit_cars,_and_streetcars	4411211	NAPCS
Sugar_and_sugar_preparations,_at_wholesale	5511366	NAPCS
Sugar_beets	1151322	NAPCS
Sugar_cane	1151321	NAPCS
Sugar_mill_by-products	1821413	NAPCS
Suitcases,_briefcases,_knapsacks_and_duffel_bags	2313111	NAPCS
Sulphate_hardwood_pulp_(including_soda)	2511231	NAPCS
Sulphate_softwood_pulp_(including_soda)	2511221	NAPCS
Sulphur	1631221	NAPCS
Sulphuric_acid	2711211	NAPCS
Sunflower_seeds	1151223	NAPCS
Supplies_for_beer-_and_wine-making,_at_retail	5619151	NAPCS
Support_services_for_animal_production,_hunting_and_fishing	6611211	NAPCS
Support_services_for_audiovisual_works_during_production	7212122	NAPCS
Support_services_for_crop_production	6611111	NAPCS
Support_services_for_forestry	6611311	NAPCS
Support_services_for_sound_recording	7211113	NAPCS
Surety_bonds_and_related_products	7631411	NAPCS
Surety_bonds_and_related_reinsurance_products	7632121	NAPCS
Surfactants,_finishing_agents_and_assistants	2741141	NAPCS
Surgical_and_medical_appliances_and_equipment	3631322	NAPCS
Surgical_and_medical_instruments	3631321	NAPCS
Surgical_and_therapeutic_appliances	4751121	NAPCS
Surgical_and_therapeutic_supplies	4751122	NAPCS
Swimming_pools_and_swimming_pool_supplies_(except_chemicals),_at_wholesale	5511472	NAPCS
Swine_feed_supplements,_concentrates,_and_premixes	1811253	NAPCS
Synthetic_crude_oil	1411311	NAPCS
Synthetic_organic_dyes	2631112	NAPCS
Synthetic_organic_pigments	2631113	NAPCS
Synthetic_resin_and_rubber_adhesives,_and_laminating_adhesives	4631152	NAPCS
Synthetic_rubber	2821121	NAPCS
Synthetic_staple_fibre_yarns	2211214	NAPCS
System_and_programming_software_(except_commercial_use_licences),_on_physical_media	4821111	NAPCS
System_and_programming_software_(except_commercial_use_licences),_online_download	4821112	NAPCS
Table_salt,_pepper,_and_other_dry_spices,_not_prepared_for_retail_sale	1834221	NAPCS
Table_salt,_pepper,_and_other_dry_spices,_prepared_for_retail_sale	1834222	NAPCS
Table_wagering_games	8331131	NAPCS
Tablet_computers	3611113	NAPCS
Tableware,_kitchenware,_cookware_and_bakeware,_at_retail	5613141	NAPCS
Tableware,_kitchenware,_cookware_and_bakeware,_at_wholesale	5511435	NAPCS
Tailing_disposal_systems_and_settling_ponds	6236112	NAPCS
Tanning_and_leather_finishing_services	6814128	NAPCS
Tattoo,_tanning_and_other_body_modification_services	8515141	NAPCS
Tax_planning_and_consulting_services_for_businesses_(except_unincorporated)_and_governments	7617213	NAPCS
Tax_preparation_and_representation_services_for_corporate_and_other_clients	7712122	NAPCS
Tax_preparation_and_representation_services_for_individuals_and_unincorporated_businesses	7712121	NAPCS
Taxi_licence_rental_services	6511131	NAPCS
Tea,_prepared_for_retail_sale	1911131	NAPCS
Team_sporting_equipment_at_retail	5614116	NAPCS
Telecommunications_and_broadcasting_engineering_projects	7722171	NAPCS
Telecommunications_transmission_cables_and_lines_(except_optical_fibre)	6234111	NAPCS
Telecommunications_transmission_optical_fibre_cables	6234112	NAPCS
Telecommunications_transmission_support_structures	6234113	NAPCS
Telemarketing_and_call_support_services	7811331	NAPCS
Telephone_switching,_switchboard_and_line_equipment	3621112	NAPCS
Telephones_(except_mobile_phones),_answering_and_fax_machines	3621111	NAPCS
Telephones_and_related_equipment_(including_cellular_phones,_pagers_and_answering_machines),_at_wholesale	5511762	NAPCS
Telephones,_communication_equipment_and_related_products,_at_retail	5613163	NAPCS
Television_programs_and_other_video_recordings,_downloadable,_at_retail	5614324	NAPCS
Television_programs_and_other_video_recordings,_on_physical_media,_at_retail	5614323	NAPCS
Television_receivers	3622124	NAPCS
Television,_movie_and_video_on_demand_(except_online_streaming)	7234141	NAPCS
Televisions_and_audio_and_video_equipment,_at_wholesale	5511451	NAPCS
Televisions_and_home_audiovisual_equipment,_at_retail	5613164	NAPCS
Tempered_glass_(except_automotive)	2911322	NAPCS
Temporary_shelter_services_for_youth_and_families_of_sick_children	8122113	NAPCS
Temporary_staffing	7811231	NAPCS
Temporary_staffing_to_permanent_placement	7811241	NAPCS
Testing_laboratory_services	7723131	NAPCS
Textbooks,_in_physical_form	4811121	NAPCS
Textbooks,_online	4811122	NAPCS
Textile_bags	2321341	NAPCS
Textile_components,_n.e.c.	2321344	NAPCS
Textile_end_products,_n.e.c.	2321345	NAPCS
Textile_fibres,_not_carded_or_spun	2211216	NAPCS
Textile_manufacturing_services_n.e.c.	6814124	NAPCS
Textile_padding,_upholstery_filling,_batting,_and_wadding	2321342	NAPCS
Textile-type_glass_fibre	2911331	NAPCS
Thematic_mapping,_orthophoto_mapping,_and_charting	7724161	NAPCS
Thermal_generation_electricity_(except_nuclear_and_geothermal)	1461111	NAPCS
Thermoplastic_polyurethane_(TPU)_resins	2811294	NAPCS
Thermosetting_polyurethane_(PU)_resins	2811392	NAPCS
Thermosetting_unsaturated_polyester_(UPR)_resins	2811391	NAPCS
Three-wheeled_motor_vehicles_(except_motor_tricycles)	4421244	NAPCS
Tidal_electricity	1461114	NAPCS
Tire_cord_and_tire_fabric	2321311	NAPCS
Tires_and_tubes,_at_wholesale	5511541	NAPCS
Tissue_paper_and_other_machine-creped_paper	2512241	NAPCS
Tobacco_products_and_accessories_(except_e-cigarettes),_at_retail	5619121	NAPCS
Tobacco_products_and_accessories_(except_raw_tobacco_and_e-cigarettes),_at_wholesale	5511391	NAPCS
Toilet_paper	2521421	NAPCS
Toiletries_at_retail	5617222	NAPCS
Toluene	2632123	NAPCS
Toner_cartridges_and_cartridge_refill_kits	2721351	NAPCS
Topographic_and_planimetric_surveying_and_mapping_services	7724171	NAPCS
Toys_and_games_(except_game_consoles_and_software),_at_retail	5614122	NAPCS
Toys_and_games_(except_game_consoles_and_software),_at_wholesale	5511476	NAPCS
Trade_books,_in_physical_form	4811151	NAPCS
Trade_books,_online	4811152	NAPCS
Trade,_career_and_technical_programs	8211211	NAPCS
Trademarks	6311141	NAPCS
Traffic_control_equipment	3621222	NAPCS
Transfer_services_for_audiovisual_works	7212124	NAPCS
Transistors,_diodes,_rectifiers_and_other_basic_semiconductor_components	3711131	NAPCS
Translation,_interpretation_and_stenographic_services,_and_related_services	7761331	NAPCS
Transportation_engineering_projects	7722141	NAPCS
Transportation_equipment_engineering_design_projects	7722135	NAPCS
Transportation_of_automobiles_and_light-duty_trucks_by_road	5121231	NAPCS
Transportation_of_bulk_liquids_and_gases_by_road	5121211	NAPCS
Transportation_of_climate-controlled_boxed,_palletized_and_other_packed_goods_by_road_(including_in_intermodal_containers)	5121221	NAPCS
Transportation_of_crude_oil_by_pipeline	5111211	NAPCS
Transportation_of_dry_bulk_by_road	5121261	NAPCS
Transportation_of_live_animals_by_road	5121241	NAPCS
Transportation_of_natural_gas_by_pipeline	5111111	NAPCS
Transportation_of_other_commodities_by_pipeline	5111231	NAPCS
Transportation_of_other_goods_by_road	5121271	NAPCS
Transportation_of_refined_petroleum_products_by_pipeline_(including_liquid_petroleum_gases)	5111221	NAPCS
Transportation_of_waste,_without_collection,_by_road	5121251	NAPCS
Transportation_support_services,_n.e.c.	5315215	NAPCS
Travel_insurance_products	7631431	NAPCS
Travel_trailers	4122121	NAPCS
Travelling_exhibits	8325121	NAPCS
Treated_minerals_and_earths	2911441	NAPCS
Treated_wood_poles,_piles_and_posts	2412422	NAPCS
Tree_seedlings	1151445	NAPCS
Tree_seeds	1151413	NAPCS
Trees	1151441	NAPCS
Trip_planning_services	8431161	NAPCS
Triticale	1151153	NAPCS
Truck_trailers_with_high_axle_rating	4121311	NAPCS
Truck_trailers_with_low_axle_rating	4121312	NAPCS
Trust_services_for_businesses,_institutions_(except_unincorporated),_and_governments	7617211	NAPCS
Tunnels	6231131	NAPCS
Turbines,_turbine_generators,_and_turbine_generator_sets_(except_aircraft_turbines)	3452111	NAPCS
Turkeys_for_breeding	1111321	NAPCS
Turkeys_for_meat	1111322	NAPCS
Turned_metal_products_(except_fasteners_and_automotive_products)	4722221	NAPCS
Unbleached_kraft_packaging_and_industrial_converting_paper	2512251	NAPCS
Unbleached_kraft_packaging_and_industrial_converting_paperboard	2512321	NAPCS
Uncoated_freesheet_paper	2512221	NAPCS
Uncoated_groundwood_paper	2512231	NAPCS
Uncoated_single-web_paper_bags_and_sacks	4742231	NAPCS
Uncut_diamonds	1631111	NAPCS
Unfinished_petroleum_oils	2641131	NAPCS
Uniform_and_linen_supply_services	8513133	NAPCS
Unit_handling_conveyors_and_conveying_systems_(except_hoists)	3454232	NAPCS
Unit_set_forms,_loose_or_bound	2521213	NAPCS
Universities	6221314	NAPCS
Unlaminated_converted_foil,_for_non-packaging_applications	4723521	NAPCS
Unlaminated_plastic_profile_shapes	2823221	NAPCS
Unmanned_aircraft_(drones)_for_non-recreational_purposes_(except_model_aircraft)	4211113	NAPCS
Unmilled_rice	1151121	NAPCS
Unmounted_ball_bearings	3451311	NAPCS
Unmounted_roller_bearings	3451312	NAPCS
Unprocessed_milk	1161211	NAPCS
Unrecorded_optical_and_magnetic_media;_and_media_n.e.c._(except_flash_media)	3622131	NAPCS
Unsecured_loans_to_households	7613136	NAPCS
Unstemmed_leaf_tobacco	1151311	NAPCS
Untreated_wood_ties	2412421	NAPCS
Unworked_straw	1151383	NAPCS
Unwrought_cobalt_and_cobalt_alloys	3251141	NAPCS
Unwrought_copper_and_copper_alloys	3221111	NAPCS
Unwrought_ferro-alloys	3111121	NAPCS
Unwrought_gold_and_gold_alloys	3241211	NAPCS
Unwrought_lead_and_lead_alloys	3251121	NAPCS
Unwrought_magnesium_and_magnesium_alloys	3251151	NAPCS
Unwrought_metals,_at_wholesale	5511881	NAPCS
Unwrought_nickel_and_nickel_alloys	3231111	NAPCS
Unwrought_platinum_group_metals,_and_their_alloys	3241231	NAPCS
Unwrought_silver_and_silver_alloys	3241221	NAPCS
Unwrought_tin_and_tin_alloys	3251131	NAPCS
Unwrought_zinc_and_zinc_alloys	3251111	NAPCS
Upholstered_household_furniture	3911111	NAPCS
Urban_planning_services	7721161	NAPCS
Urban_real_estate_appraisal_services	7643261	NAPCS
Urban_transit_services	5211111	NAPCS
Urea	2721111	NAPCS
Urea_formaldehyde_(UF)_resins	2811312	NAPCS
Used_medium_and_heavy_trucks,_at_retail	5615123	NAPCS
Used_minivans,_sport_utility_vehicles_and_light_trucks,_at_retail	5615122	NAPCS
Used_motor_homes,_travel_trailers_and_truck_campers,_at_retail	5615222	NAPCS
Used_motor_vehicle_parts_and_accessories,_at_wholesale	5511554	NAPCS
Used_motorcycles_and_scooters,_at_retail	5615221	NAPCS
Used_passenger_automobiles,_at_retail	5615121	NAPCS
Used_products_n.e.c.,_at_wholesale	5511971	NAPCS
Used_recreational_boats_at_retail	5615224	NAPCS
Used_snowmobiles_and_personal_off-road_vehicles,_at_retail	5615223	NAPCS
Used_unmanned_aircraft,_and_other_used_recreational_vehicles_n.e.c.,_at_retail	5615225	NAPCS
Vacuum_cleaners_and_floor_cleaning_machines	3821121	NAPCS
Van_bodies	4123112	NAPCS
Vans,_sport_utility_vehicles_(SUVs)_and_crossovers,_without_electric_motor	4111211	NAPCS
Vegetable_by-products,_n.e.c.	1821372	NAPCS
Vegetal_gums	1151396	NAPCS
Vehicle_dealership_buildings	6221296	NAPCS
Vehicle_insurance_products	7631211	NAPCS
Vehicle_loans_to_households	7613134	NAPCS
Vehicle_repair_workshops_and_garages	6221295	NAPCS
Vehicle_security_system_and_services	7812171	NAPCS
Vehicle_storage_warehouses	6221238	NAPCS
Vehicular_lighting_equipment	4132111	NAPCS
Ventilation_ducts_and_stove_pipe	4661451	NAPCS
Venue_naming_rights	7121111	NAPCS
Vestments_and_costumes	2311513	NAPCS
Vestments,_costumes,_and_gender-neutral_clothing_for_infants_and_children,_at_retail	5612142	NAPCS
Vestments,_costumes,_and_non-binary_and_gender-neutral_clothing_for_adults,_at_retail	5612141	NAPCS
Vestments,_costumes,_and_non-binary_and_gender-neutral_clothing,_at_wholesale	5511414	NAPCS
Veterinary_hospitals	6221338	NAPCS
Veterinary_medicines,_at_wholesale	5511482	NAPCS
Veterinary_pharmaceutical_preparations	2731181	NAPCS
Veterinary_services	7761211	NAPCS
Video_and_audio_streaming_infrastructure_provisioning_services	7511144	NAPCS
Video_recordings_at_wholesale	5511463	NAPCS
Vinegar	1834211	NAPCS
Vines	1151443	NAPCS
Visual_arts,_crafts,_and_photography_instructional_programs	8212112	NAPCS
Visual_effects_and_animation_services_for_audiovisual_works	7212126	NAPCS
Vitamin,_nutrient,_and_hematinic_preparations,_for_human_use	2731172	NAPCS
Vitamins,_minerals,_and_other_health_supplements,_at_retail	5617113	NAPCS
Vitreous_and_semi-vitreous_table_and_kitchenware_products	2911132	NAPCS
Vitreous_china_and_fine_earthenware_products	2911133	NAPCS
Vitreous_plumbing_fixtures	2911131	NAPCS
Vocational_schools	6221316	NAPCS
Waferboard_and_oriented_strandboard	2412211	NAPCS
Wallpaper	2521511	NAPCS
Wallpaper_at_wholesale	5511644	NAPCS
Warehousing_and_storage_services_(except_grain_storage)	5411211	NAPCS
Warm-air_furnaces,_and_electric_heating_equipment_(except_portable_heaters)	3441111	NAPCS
Washing_and_cleaning_services_for_automobiles_and_light_trucks	5311212	NAPCS
Washing_and_cleaning_services_for_heavy_trucks_and_buses	5311232	NAPCS
Waste_and_scrap_of_aluminum_and_aluminum_alloys	1561211	NAPCS
Waste_and_scrap_of_copper_and_copper_alloys	1561221	NAPCS
Waste_and_scrap_of_glass	1591111	NAPCS
Waste_and_scrap_of_gold,_silver,_and_platinum_group_metals,_and_their_alloys	1561222	NAPCS
Waste_and_scrap_of_iron_and_steel	1561111	NAPCS
Waste_and_scrap_of_other_non-ferrous_metals_and_other_non-ferrous_metal-base_alloys	1561223	NAPCS
Waste_and_scrap_of_other_thermoset_plastics_and_other_plastics_n.e.c.	1581151	NAPCS
Waste_and_scrap_of_paper_and_paperboard	1571211	NAPCS
Waste_and_scrap_of_rubber	1581161	NAPCS
Waste_and_scrap_of_wood_(except_by-products)	1571122	NAPCS
Waste_disposal_facilities	6236231	NAPCS
Waste_management_consulting_services	7751216	NAPCS
Watches_(except_parts_and_components)	3631211	NAPCS
Watches_and_watch_parts,_at_wholesale	5511423	NAPCS
Watches_at_retail	5612313	NAPCS
Water_delivered_by_water_works_and_irrigation_systems	7821111	NAPCS
Water_filtration_and_treatment_plants	6235113	NAPCS
Water_freight_transportation_services_(except_rental_and_leasing_with_operator_or_crew)	5132111	NAPCS
Water_supply_engineering_works	6235121	NAPCS
Water_towers_and_pumping_stations	6235112	NAPCS
Water_transportation_support_services,_n.e.c.	5313114	NAPCS
Water_treatment_compounds	2721341	NAPCS
Water_treatment_equipment	3453311	NAPCS
Wave_electricity	1461117	NAPCS
Weather_forecasting_services	7761351	NAPCS
Website_design_and_development_services	6431111	NAPCS
Website_hosting_services	7511111	NAPCS
Wedding_photography_services	7761121	NAPCS
Weight_loss_services	8515151	NAPCS
Welding_and_soldering_equipment	3454311	NAPCS
Welding_electrodes,_and_parts_and_accessories_for_welding_equipment	3511341	NAPCS
Wet_process_corn_by-products	1821314	NAPCS
Wheat_(except_durum_wheat)	1121111	NAPCS
Wheat_flour,_in_bulk_(except_hard_spring_wheat)	1821221	NAPCS
Wheat_flour,_in_consumer_packages_(except_hard_spring_wheat)	1821222	NAPCS
Wheelchairs	4751111	NAPCS
Whisky	2111311	NAPCS
Whole_and_half-carcass_of_meat,_n.e.c.	1721581	NAPCS
Wholesale_trade_commissions_(except_for_cannabis_products)	5521111	NAPCS
Wholesale_trade_commissions,_for_cannabis_products	5521112	NAPCS
Wild_rice	1151154	NAPCS
Winches,_aerial_work_platforms,_and_hoists	3454222	NAPCS
Wind_and_solar_power_plants	6233114	NAPCS
Wind_electricity	1461115	NAPCS
Window_treatments_at_retail	5613131	NAPCS
Window_treatments,_at_wholesale	5511432	NAPCS
Wine	2111211	NAPCS
Wine_and_wine_drinks,_prepared_and_served_or_dispensed_for_immediate_consumption	8411211	NAPCS
Wire_and_cable_(except_electrical_and_communication),_and_wire_products,_at_wholesale	5511666	NAPCS
Women's_athletic_footwear,_at_retail	5612412	NAPCS
Women's_clothing_at_wholesale	5511412	NAPCS
Women's_clothing_manufacturing_services	6814126	NAPCS
Women's_clothing_n.e.c._at_retail	5612127	NAPCS
Women's_clothing,_n.e.c.	2311283	NAPCS
Women's_dresses_and_suits,_at_retail	5612122	NAPCS
Women's_fur_coats_and_jackets,_and_other_women's_fur_clothing	2311272	NAPCS
Women's_handbags,_purses_and_accessories,_at_retail	5612126	NAPCS
Women's_hosiery_at_retail	5612125	NAPCS
Women's_leather_coats_and_jackets,_and_other_women's_leather_clothing	2311271	NAPCS
Women's_lingerie,_sleepwear_and_underwear	2311211	NAPCS
Women's_lingerie,_sleepwear_and_underwear,_at_retail	5612124	NAPCS
Women's_non-athletic_footwear	2312212	NAPCS
Women's_non-athletic_footwear_and_accessories,_at_retail	5612422	NAPCS
Women's_outerwear_coats_and_jackets,_at_retail	5612121	NAPCS
Women's_outerwear_coats,_jackets,_and_capes	2311282	NAPCS
Women's_pants_and_jeans	2311241	NAPCS
Women's_shirts_and_blouses	2311261	NAPCS
Women's_skirts_and_dresses	2311251	NAPCS
Women's_skirts,_pants,_blouses,_sweaters_and_other_bottoms_and_tops,_at_retail	5612123	NAPCS
Women's_suits_and_jackets	2311231	NAPCS
Women's_sweaters	2311281	NAPCS
Women's_swimwear	2311221	NAPCS
Wood_bedroom_furniture_(except_infants'_and_children's,_ready-to-assemble_and_unpainted_furniture)	3911123	NAPCS
Wood_by-products_including_wood_wool_and_wood_flour_(except_fuel_products,_sawdust_and_shavings)	1571121	NAPCS
Wood_containers_and_pallets_of_hardwood	4741111	NAPCS
Wood_containers_and_pallets_of_softwood	4741112	NAPCS
Wood_dining_room_and_kitchen_furniture_(except_infants'_and_children's,_ready-to-assemble_and_unpainted_furniture)	3911122	NAPCS
Wood_doors_and_windows,_and_other_millwork,_at_wholesale	5511613	NAPCS
Wood_fixtures_(except_signs)_for_stores,_banks_and_offices	3911513	NAPCS
Wood_furniture_frames	3911611	NAPCS
Wood_kitchen_cabinet_and_bathroom_vanity_tops_(including_made_of_plastic_laminated_wood)	4621221	NAPCS
Wood_kitchen_cabinets	4621211	NAPCS
Wood_living_room,_library,_family_room_and_den_furniture_(except_upholstered,_infants'_and_children's,_ready-to-assemble_and_unpainted_furniture)	3911121	NAPCS
Wood_mouldings_(including_mouldings_covered_with_metal,_plastics,_etc.)	4621342	NAPCS
Wood_office_desks	3911412	NAPCS
Wood_office_filing_units,_storage_units,_and_tables	3911413	NAPCS
Wood_office_furniture_panel_systems,_modular_and_desking_systems	3911414	NAPCS
Wood_office_seating	3911411	NAPCS
Wood_outdoor_household_furniture_(except_ready-to-assemble_and_unpainted_furniture)	3911125	NAPCS
Wood_panel,_flush,_and_molded-face_doors	4621111	NAPCS
Wood_partitions	3911511	NAPCS
Wood_sash_(except_sash_shipped_in_window_units)	4621131	NAPCS
Wood_shelving_and_lockers	3911512	NAPCS
Wood_siding	2412412	NAPCS
Wood_treatment_services	6814132	NAPCS
Wood_trusses	2412111	NAPCS
Wood_vanities_and_cabinetwork,_n.e.c.	4621212	NAPCS
Wood_waste_and_scrap,_at_wholesale	5511813	NAPCS
Wood_window_and_door_frames_(except_window_frames_shipped_in_window_units,_but_including_door_frames_shipped_in_door_units)	4621132	NAPCS
Wood_window_units	4621121	NAPCS
Wool_yarns	2211211	NAPCS
Writing_inks_and_stamp-pad_inks	2721323	NAPCS
Xylene	2632124	NAPCS
Yarn_and_filament_manufacturing_services	6814121	NAPCS
Yellow_dry_peas	1143141	NAPCS
Yoghurt_(except_frozen)	1731161	NAPCS
Youth_and_municipal_detention_centres	6221365	NAPCS
Zinc_ores_and_concentrates	1552221	NAPCS
Zinc_oxide	2711285	NAPCS