url	ns	type	id	code	name	description	source	level	segment	segmentCode	family	familyCode	class	classCode	parent	hierarchy
https://napcs.org.ai/Service/ManufacturedFullyAssembledResidentialBuildingsBuiltFactoryDeliveredReadyMove	napcs.org.ai	Service	ManufacturedFullyAssembledResidentialBuildingsBuiltFactoryDeliveredReadyMove	panelized	and manufactured or fully assembled residential buildings built in a factory and delivered ready for move-in		NAPCS	Residential buildings constructed entirely at the building site							modular and other prefabricated residential buildings are included in this group. Unassembled prefabricated residential buildings built in a factory	
https://napcs.org.ai/Service/ManufacturedFullyAssembledResidentialBuildingsBuiltFactoryDeliveredReadyMovepanelized	napcs.org.ai	Service	ManufacturedFullyAssembledResidentialBuildingsBuiltFactoryDeliveredReadyMovepanelized	panelized	and manufactured or fully assembled residential buildings built in a factory and delivered ready for move-in		NAPCS	Residential buildings constructed entirely at the building site							modular and other prefabricated residential buildings are included in this group. Unassembled prefabricated residential buildings built in a factory	
https://napcs.org.ai/Service/ManufacturedFullyAssembledNonResidentialBuildingsBuiltFactoryDeliveredReadyMove	napcs.org.ai	Service	ManufacturedFullyAssembledNonResidentialBuildingsBuiltFactoryDeliveredReadyMove	panelized	and manufactured or fully assembled non-residential buildings built in a factory and delivered ready for move-in		NAPCS	Non-residential buildings constructed entirely at the building site							modular and other prefabricated non-residential buildings are included in this group. Unassembled prefabricated non-residential buildings built in a factory	
https://napcs.org.ai/Service/InterconnectedBuildingUnitsAreRegardedAsIndividualBuildingsIfTheyHaveTheirOwnAccessAsWellAsTheirOwnUtilitySystemAreSeparatelyUsable	napcs.org.ai	Service	InterconnectedBuildingUnitsAreRegardedAsIndividualBuildingsIfTheyHaveTheirOwnAccessAsWellAsTheirOwnUtilitySystemAreSeparatelyUsable	semi-detached or terraced houses)	the interconnected building units are regarded as individual buildings if they have their own access (own entrance) as well as their own utility system and are separately usable.		NAPCS	A building refers to any independent free-standing permanent structure comprising one or more residential dwelling units							any unit separated from other units by a fire wall extending from roof to cellar is considered an individual building. If there is no fire wall	
https://napcs.org.ai/Service/Theinterconnectedbuildingunitsareregardedasindividualbuildingsiftheyhavetheirownaccessownentranceaswellastheirownutilitysystemandareseparatelyusable	napcs.org.ai	Service	Theinterconnectedbuildingunitsareregardedasindividualbuildingsiftheyhavetheirownaccessownentranceaswellastheirownutilitysystemandareseparatelyusable	semi-detached or terraced houses)	the interconnected building units are regarded as individual buildings if they have their own access (own entrance) as well as their own utility system and are separately usable.		NAPCS	A building refers to any independent free-standing permanent structure comprising one or more residential dwelling units							any unit separated from other units by a fire wall extending from roof to cellar is considered an individual building. If there is no fire wall	
https://napcs.org.ai/Service/Bars	napcs.org.ai	Service	Bars	90101502	Bars		UNSPSC	commodity	Travel and Food and Lodging and Entertainment Services	90000000	Restaurants and catering	90100000	Eating and drinking establishments	90101500		
https://napcs.org.ai/Service/FastFoodEstablishments	napcs.org.ai	Service	FastFoodEstablishments	90101503	Fast food establishments		UNSPSC	commodity	Travel and Food and Lodging and Entertainment Services	90000000	Restaurants and catering	90100000	Eating and drinking establishments	90101500		
https://napcs.org.ai/Service/OnStreetFoodVendors	napcs.org.ai	Service	OnStreetFoodVendors	90101504	On street food vendors		UNSPSC	commodity	Travel and Food and Lodging and Entertainment Services	90000000	Restaurants and catering	90100000	Eating and drinking establishments	90101500		
https://napcs.org.ai/Service/BanquetFacilities	napcs.org.ai	Service	BanquetFacilities	90101601	Banquet facilities		UNSPSC	commodity	Travel and Food and Lodging and Entertainment Services	90000000	Restaurants and catering	90100000	Banquet and catering services	90101600		
https://napcs.org.ai/Service/ProfessionallyPreparedCarryoutMeals	napcs.org.ai	Service	ProfessionallyPreparedCarryoutMeals	90101801	Professionally prepared carryout meals		UNSPSC	commodity	Travel and Food and Lodging and Entertainment Services	90000000	Restaurants and catering	90100000	Carryout and takeaway services	90101800		
https://napcs.org.ai/Service/LodgesOrResorts	napcs.org.ai	Service	LodgesOrResorts	90111502	Lodges or resorts		UNSPSC	commodity	Travel and Food and Lodging and Entertainment Services	90000000	Hotels and lodging and meeting facilities	90110000	Hotels and motels and inns	90111500		
https://napcs.org.ai/Service/BedAndBreakfastInns	napcs.org.ai	Service	BedAndBreakfastInns	90111503	Bed and breakfast inns		UNSPSC	commodity	Travel and Food and Lodging and Entertainment Services	90000000	Hotels and lodging and meeting facilities	90110000	Hotels and motels and inns	90111500		
https://napcs.org.ai/Service/ConferenceCenters	napcs.org.ai	Service	ConferenceCenters	90111601	Conference centers		UNSPSC	commodity	Travel and Food and Lodging and Entertainment Services	90000000	Hotels and lodging and meeting facilities	90110000	Meeting facilities	90111600		
https://napcs.org.ai/Service/VideoconferencingFacilities	napcs.org.ai	Service	VideoconferencingFacilities	90111602	Videoconferencing facilities		UNSPSC	commodity	Travel and Food and Lodging and Entertainment Services	90000000	Hotels and lodging and meeting facilities	90110000	Meeting facilities	90111600		
https://napcs.org.ai/Service/MeetingOrBanquetRooms	napcs.org.ai	Service	MeetingOrBanquetRooms	90111603	Meeting or banquet rooms		UNSPSC	commodity	Travel and Food and Lodging and Entertainment Services	90000000	Hotels and lodging and meeting facilities	90110000	Meeting facilities	90111600		
https://napcs.org.ai/Service/Marquees	napcs.org.ai	Service	Marquees	90111604	Marquees		UNSPSC	commodity	Travel and Food and Lodging and Entertainment Services	90000000	Hotels and lodging and meeting facilities	90110000	Meeting facilities	90111600		
https://napcs.org.ai/Service/MealsAndPersonalExpense	napcs.org.ai	Service	MealsAndPersonalExpense	90111605	Meals and personal expense	A expense includes the cost of meals, airfare, lodging, transport services, taxis, buses or train to the airport or to and around the travel destination, dry cleaning service for clothes, cost of business calls during business travel away from home, cost of computer rental and other communications devices while on the business trip etc.	UNSPSC	commodity	Travel and Food and Lodging and Entertainment Services	90000000	Hotels and lodging and meeting facilities	90110000	Meeting facilities	90111600		
https://napcs.org.ai/Service/Campsites	napcs.org.ai	Service	Campsites	90111701	Campsites		UNSPSC	commodity	Travel and Food and Lodging and Entertainment Services	90000000	Hotels and lodging and meeting facilities	90110000	Camping and wilderness facilities	90111700		
https://napcs.org.ai/Service/GovernmentOwnedParks	napcs.org.ai	Service	GovernmentOwnedParks	90111702	Government owned parks		UNSPSC	commodity	Travel and Food and Lodging and Entertainment Services	90000000	Hotels and lodging and meeting facilities	90110000	Camping and wilderness facilities	90111700		
https://napcs.org.ai/Service/RecreationalVehicleCampsiteFacilities	napcs.org.ai	Service	RecreationalVehicleCampsiteFacilities	90111703	Recreational vehicle campsite facilities		UNSPSC	commodity	Travel and Food and Lodging and Entertainment Services	90000000	Hotels and lodging and meeting facilities	90110000	Camping and wilderness facilities	90111700		
https://napcs.org.ai/Service/SingleRoom	napcs.org.ai	Service	SingleRoom	90111801	Single room		UNSPSC	commodity	Travel and Food and Lodging and Entertainment Services	90000000	Hotels and lodging and meeting facilities	90110000	Hotel rooms	90111800		
https://napcs.org.ai/Service/DoubleRoom	napcs.org.ai	Service	DoubleRoom	90111802	Double room		UNSPSC	commodity	Travel and Food and Lodging and Entertainment Services	90000000	Hotels and lodging and meeting facilities	90110000	Hotel rooms	90111800		
https://napcs.org.ai/Service/Suite	napcs.org.ai	Service	Suite	90111803	Suite		UNSPSC	commodity	Travel and Food and Lodging and Entertainment Services	90000000	Hotels and lodging and meeting facilities	90110000	Hotel rooms	90111800		
https://napcs.org.ai/Service/TravelAgencies	napcs.org.ai	Service	TravelAgencies	90121502	Travel agencies		UNSPSC	commodity	Travel and Food and Lodging and Entertainment Services	90000000	Travel facilitation	90120000	Travel agents	90121500		
https://napcs.org.ai/Service/AreaOrTourGuides	napcs.org.ai	Service	AreaOrTourGuides	90121701	Area or tour guides		UNSPSC	commodity	Travel and Food and Lodging and Entertainment Services	90000000	Travel facilitation	90120000	Guides and interpreters	90121700		
https://napcs.org.ai/Service/Interpreters	napcs.org.ai	Service	Interpreters	90121702	Interpreters		UNSPSC	commodity	Travel and Food and Lodging and Entertainment Services	90000000	Travel facilitation	90120000	Guides and interpreters	90121700		
https://napcs.org.ai/Service/EmergencyTravelAgentAssistance	napcs.org.ai	Service	EmergencyTravelAgentAssistance	90121801	Emergency travel agent assistance	Urgent travel agent service ourtside of normal business hours and/or leadtimes	UNSPSC	commodity	Travel and Food and Lodging and Entertainment Services	90000000	Travel facilitation	90120000	Emergency travel assistance services	90121800		
https://napcs.org.ai/Service/TheatricalPerformancesOrPlays	napcs.org.ai	Service	TheatricalPerformancesOrPlays	90131501	Theatrical performances or plays		UNSPSC	commodity	Travel and Food and Lodging and Entertainment Services	90000000	Performing arts	90130000	Live performances	90131500		
https://napcs.org.ai/Service/DancePerformances	napcs.org.ai	Service	DancePerformances	90131502	Dance performances		UNSPSC	commodity	Travel and Food and Lodging and Entertainment Services	90000000	Performing arts	90130000	Live performances	90131500		
https://napcs.org.ai/Service/Opera	napcs.org.ai	Service	Opera	90131503	Opera		UNSPSC	commodity	Travel and Food and Lodging and Entertainment Services	90000000	Performing arts	90130000	Live performances	90131500		
https://napcs.org.ai/Service/Concerts	napcs.org.ai	Service	Concerts	90131504	Concerts		UNSPSC	commodity	Travel and Food and Lodging and Entertainment Services	90000000	Performing arts	90130000	Live performances	90131500		
https://napcs.org.ai/Service/MotionPictures	napcs.org.ai	Service	MotionPictures	90131601	Motion pictures		UNSPSC	commodity	Travel and Food and Lodging and Entertainment Services	90000000	Performing arts	90130000	Taped or motion picture performances	90131600		
https://napcs.org.ai/Service/VideotapedEntertainment	napcs.org.ai	Service	VideotapedEntertainment	90131602	Videotaped entertainment		UNSPSC	commodity	Travel and Food and Lodging and Entertainment Services	90000000	Performing arts	90130000	Taped or motion picture performances	90131600		
https://napcs.org.ai/Service/LeaguePlay	napcs.org.ai	Service	LeaguePlay	90141501	League play		UNSPSC	commodity	Travel and Food and Lodging and Entertainment Services	90000000	Commercial sports	90140000	Professional sporting events	90141500		
https://napcs.org.ai/Service/CompetitiveEvents	napcs.org.ai	Service	CompetitiveEvents	90141502	Competitive events		UNSPSC	commodity	Travel and Food and Lodging and Entertainment Services	90000000	Commercial sports	90140000	Professional sporting events	90141500		
https://napcs.org.ai/Service/Exhibitions	napcs.org.ai	Service	Exhibitions	90141503	Exhibitions		UNSPSC	commodity	Travel and Food and Lodging and Entertainment Services	90000000	Commercial sports	90140000	Professional sporting events	90141500		
https://napcs.org.ai/Service/CompanySponsoredProfessionalSportsEvents	napcs.org.ai	Service	CompanySponsoredProfessionalSportsEvents	90141601	Company sponsored professional sports events		UNSPSC	commodity	Travel and Food and Lodging and Entertainment Services	90000000	Commercial sports	90140000	Sports event promotion and sponsorship	90141600		
https://napcs.org.ai/Service/CompanySponsoredAmateurSportsEvents	napcs.org.ai	Service	CompanySponsoredAmateurSportsEvents	90141602	Company sponsored amateur sports events		UNSPSC	commodity	Travel and Food and Lodging and Entertainment Services	90000000	Commercial sports	90140000	Sports event promotion and sponsorship	90141600		
https://napcs.org.ai/Service/YouthCompetitiveSportsLeagues	napcs.org.ai	Service	YouthCompetitiveSportsLeagues	90141701	Youth competitive sports leagues		UNSPSC	commodity	Travel and Food and Lodging and Entertainment Services	90000000	Commercial sports	90140000	Amateur and recreational sports	90141700		
https://napcs.org.ai/Service/AdultSportsLeagues	napcs.org.ai	Service	AdultSportsLeagues	90141702	Adult sports leagues		UNSPSC	commodity	Travel and Food and Lodging and Entertainment Services	90000000	Commercial sports	90140000	Amateur and recreational sports	90141700		
https://napcs.org.ai/Service/YouthSports	napcs.org.ai	Service	YouthSports	90141703	Youth sports		UNSPSC	commodity	Travel and Food and Lodging and Entertainment Services	90000000	Commercial sports	90140000	Amateur and recreational sports	90141700		
https://napcs.org.ai/Service/HistoricalOrCulturalSites	napcs.org.ai	Service	HistoricalOrCulturalSites	90151502	Historical or cultural sites		UNSPSC	commodity	Travel and Food and Lodging and Entertainment Services	90000000	Entertainment services	90150000	Tourist attractions	90151500		
https://napcs.org.ai/Service/ZoologicalGardenOrZoo	napcs.org.ai	Service	ZoologicalGardenOrZoo	90151503	Zoological garden or zoo	A place where exotic animals, birds, reptiles and insects are housed and maintained for the intent of public perusal.	UNSPSC	commodity	Travel and Food and Lodging and Entertainment Services	90000000	Entertainment services	90150000	Tourist attractions	90151500		
https://napcs.org.ai/Service/Circuses	napcs.org.ai	Service	Circuses	90151601	Circuses		UNSPSC	commodity	Travel and Food and Lodging and Entertainment Services	90000000	Entertainment services	90150000	Travelling shows	90151600		
https://napcs.org.ai/Service/TouringCompanies	napcs.org.ai	Service	TouringCompanies	90151602	Touring companies		UNSPSC	commodity	Travel and Food and Lodging and Entertainment Services	90000000	Entertainment services	90150000	Travelling shows	90151600		
https://napcs.org.ai/Service/ArtExhibitions	napcs.org.ai	Service	ArtExhibitions	90151603	Art exhibitions		UNSPSC	commodity	Travel and Food and Lodging and Entertainment Services	90000000	Entertainment services	90150000	Travelling shows	90151600		
https://napcs.org.ai/Service/ThemeParks	napcs.org.ai	Service	ThemeParks	90151701	Theme parks		UNSPSC	commodity	Travel and Food and Lodging and Entertainment Services	90000000	Entertainment services	90150000	Amusement parks	90151700		
https://napcs.org.ai/Service/WaterParks	napcs.org.ai	Service	WaterParks	90151702	Water parks		UNSPSC	commodity	Travel and Food and Lodging and Entertainment Services	90000000	Entertainment services	90150000	Amusement parks	90151700		
https://napcs.org.ai/Service/MiniatureGolfCourses	napcs.org.ai	Service	MiniatureGolfCourses	90151703	Miniature golf courses		UNSPSC	commodity	Travel and Food and Lodging and Entertainment Services	90000000	Entertainment services	90150000	Amusement parks	90151700		
https://napcs.org.ai/Service/TravellingCarnivals	napcs.org.ai	Service	TravellingCarnivals	90151801	Travelling carnivals		UNSPSC	commodity	Travel and Food and Lodging and Entertainment Services	90000000	Entertainment services	90150000	Carnivals and fairs	90151800		
https://napcs.org.ai/Service/FairStandsCreationOrConstruction	napcs.org.ai	Service	FairStandsCreationOrConstruction	90151803	Fair stands creation or construction		UNSPSC	commodity	Travel and Food and Lodging and Entertainment Services	90000000	Entertainment services	90150000	Carnivals and fairs	90151800		
https://napcs.org.ai/Service/Casinos	napcs.org.ai	Service	Casinos	90151901	Casinos		UNSPSC	commodity	Travel and Food and Lodging and Entertainment Services	90000000	Entertainment services	90150000	Gambling and betting establishments	90151900		
https://napcs.org.ai/Service/CardClubs	napcs.org.ai	Service	CardClubs	90151902	Card clubs		UNSPSC	commodity	Travel and Food and Lodging and Entertainment Services	90000000	Entertainment services	90150000	Gambling and betting establishments	90151900		
https://napcs.org.ai/Service/Racetracks	napcs.org.ai	Service	Racetracks	90151903	Racetracks		UNSPSC	commodity	Travel and Food and Lodging and Entertainment Services	90000000	Entertainment services	90150000	Gambling and betting establishments	90151900		
https://napcs.org.ai/Service/Nightclubs	napcs.org.ai	Service	Nightclubs	90152001	Nightclubs		UNSPSC	commodity	Travel and Food and Lodging and Entertainment Services	90000000	Entertainment services	90150000	Nightclubs and dance halls	90152000		
https://napcs.org.ai/Service/DanceHalls	napcs.org.ai	Service	DanceHalls	90152002	Dance halls		UNSPSC	commodity	Travel and Food and Lodging and Entertainment Services	90000000	Entertainment services	90150000	Nightclubs and dance halls	90152000		
https://napcs.org.ai/Service/HealthOrFitnessClubs	napcs.org.ai	Service	HealthOrFitnessClubs	91101501	Health or fitness clubs		UNSPSC	commodity	Personal and Domestic Services	91000000	Personal appearance	91100000	Spa and workout and rejuvenation facilities	91101500		
https://napcs.org.ai/Service/Spas	napcs.org.ai	Service	Spas	91101502	Spas		UNSPSC	commodity	Personal and Domestic Services	91000000	Personal appearance	91100000	Spa and workout and rejuvenation facilities	91101500		
https://napcs.org.ai/Service/AerobicsOrExerciseClasses	napcs.org.ai	Service	AerobicsOrExerciseClasses	91101504	Aerobics or exercise classes		UNSPSC	commodity	Personal and Domestic Services	91000000	Personal appearance	91100000	Spa and workout and rejuvenation facilities	91101500		
https://napcs.org.ai/Service/TurkishOrSteamOrRitualBaths	napcs.org.ai	Service	TurkishOrSteamOrRitualBaths	91101505	Turkish or steam or ritual baths		UNSPSC	commodity	Personal and Domestic Services	91000000	Personal appearance	91100000	Spa and workout and rejuvenation facilities	91101500		
https://napcs.org.ai/Service/FacialOrBodyTreatments	napcs.org.ai	Service	FacialOrBodyTreatments	91101601	Facial or body treatments		UNSPSC	commodity	Personal and Domestic Services	91000000	Personal appearance	91100000	Face and body care and adornment	91101600		
https://napcs.org.ai/Service/MakeUpConsultation	napcs.org.ai	Service	MakeUpConsultation	91101602	Make up consultation		UNSPSC	commodity	Personal and Domestic Services	91000000	Personal appearance	91100000	Face and body care and adornment	91101600		
https://napcs.org.ai/Service/Electrolysis	napcs.org.ai	Service	Electrolysis	91101605	Electrolysis		UNSPSC	commodity	Personal and Domestic Services	91000000	Personal appearance	91100000	Face and body care and adornment	91101600		
https://napcs.org.ai/Service/ColorConsultant	napcs.org.ai	Service	ColorConsultant	91101901	Color consultant		UNSPSC	commodity	Personal and Domestic Services	91000000	Personal appearance	91100000	Fashion consultants	91101900		
https://napcs.org.ai/Service/FashionStylist	napcs.org.ai	Service	FashionStylist	91101902	Fashion stylist		UNSPSC	commodity	Personal and Domestic Services	91000000	Personal appearance	91100000	Fashion consultants	91101900		
https://napcs.org.ai/Service/WardrobeConsultant	napcs.org.ai	Service	WardrobeConsultant	91101903	Wardrobe consultant		UNSPSC	commodity	Personal and Domestic Services	91000000	Personal appearance	91100000	Fashion consultants	91101900		
https://napcs.org.ai/Service/BarterClubsOrConsortiums	napcs.org.ai	Service	BarterClubsOrConsortiums	91111702	Barter clubs or consortiums		UNSPSC	commodity	Personal and Domestic Services	91000000	Domestic and personal assistance	91110000	Consumer buying and bartering services	91111700		
https://napcs.org.ai/Service/CheckRoomConcessions	napcs.org.ai	Service	CheckRoomConcessions	91111802	Check room concessions		UNSPSC	commodity	Personal and Domestic Services	91000000	Domestic and personal assistance	91110000	Personal item care and storage	91111800		
https://napcs.org.ai/Service/FurStorage	napcs.org.ai	Service	FurStorage	91111804	Fur storage		UNSPSC	commodity	Personal and Domestic Services	91000000	Domestic and personal assistance	91110000	Personal item care and storage	91111800		
https://napcs.org.ai/Service/SpecialWeaponsAndTacticsSwatOrRiotTeams	napcs.org.ai	Service	SpecialWeaponsAndTacticsSwatOrRiotTeams	92101502	Special weapons and tactics SWAT or riot teams		UNSPSC	commodity	Public Order and Security and Safety Services	92000000	Public order and safety	92100000	Police services	92101500		
https://napcs.org.ai/Service/CommunityOutreachPrograms	napcs.org.ai	Service	CommunityOutreachPrograms	92101503	Community outreach programs		UNSPSC	commodity	Public Order and Security and Safety Services	92000000	Public order and safety	92100000	Police services	92101500		
https://napcs.org.ai/Service/CrimeDeterrencePrograms	napcs.org.ai	Service	CrimeDeterrencePrograms	92101504	Crime deterrence programs		UNSPSC	commodity	Public Order and Security and Safety Services	92000000	Public order and safety	92100000	Police services	92101500		
https://napcs.org.ai/Service/MentallyImpairedCriminalFacilities	napcs.org.ai	Service	MentallyImpairedCriminalFacilities	92101704	Mentally impaired criminal facilities		UNSPSC	commodity	Public Order and Security and Safety Services	92000000	Public order and safety	92100000	Jail and prison system	92101700		
https://napcs.org.ai/Service/PleaBargainAgreements	napcs.org.ai	Service	PleaBargainAgreements	92101802	Plea bargain agreements		UNSPSC	commodity	Public Order and Security and Safety Services	92000000	Public order and safety	92100000	Court system	92101800		
https://napcs.org.ai/Service/CivilCaseCourtExpenses	napcs.org.ai	Service	CivilCaseCourtExpenses	92101803	Civil case court expenses		UNSPSC	commodity	Public Order and Security and Safety Services	92000000	Public order and safety	92100000	Court system	92101800		
https://napcs.org.ai/Service/CriminalCaseFeesOrFines	napcs.org.ai	Service	CriminalCaseFeesOrFines	92101804	Criminal case fees or fines		UNSPSC	commodity	Public Order and Security and Safety Services	92000000	Public order and safety	92100000	Court system	92101800		
https://napcs.org.ai/Service/AppealsProcessOrJudicialReview	napcs.org.ai	Service	AppealsProcessOrJudicialReview	92101805	Appeals process or judicial review		UNSPSC	commodity	Public Order and Security and Safety Services	92000000	Public order and safety	92100000	Court system	92101800		
https://napcs.org.ai/Service/SearchAndRescueTeams	napcs.org.ai	Service	SearchAndRescueTeams	92101901	Search and rescue teams		UNSPSC	commodity	Public Order and Security and Safety Services	92000000	Public order and safety	92100000	Rescue services	92101900		
https://napcs.org.ai/Service/DisputeMediationOrConciliationOrNegotiationOrSettlement	napcs.org.ai	Service	DisputeMediationOrConciliationOrNegotiationOrSettlement	92111501	Dispute mediation or conciliation or negotiation or settlement		UNSPSC	commodity	Public Order and Security and Safety Services	92000000	Military services and national defense	92110000	Maintenance of international peace and security	92111500		
https://napcs.org.ai/Service/PeaceKeepingOperations	napcs.org.ai	Service	PeaceKeepingOperations	92111502	Peace keeping operations		UNSPSC	commodity	Public Order and Security and Safety Services	92000000	Military services and national defense	92110000	Maintenance of international peace and security	92111500		
https://napcs.org.ai/Service/CeaseFireAgreementsOrTruceSupervision	napcs.org.ai	Service	CeaseFireAgreementsOrTruceSupervision	92111503	Cease fire agreements or truce supervision		UNSPSC	commodity	Public Order and Security and Safety Services	92000000	Military services and national defense	92110000	Maintenance of international peace and security	92111500		
https://napcs.org.ai/Service/FactFindingMissions	napcs.org.ai	Service	FactFindingMissions	92111504	Fact finding missions		UNSPSC	commodity	Public Order and Security and Safety Services	92000000	Military services and national defense	92110000	Maintenance of international peace and security	92111500		
https://napcs.org.ai/Service/WarPreventionStrategies	napcs.org.ai	Service	WarPreventionStrategies	92111505	War prevention strategies		UNSPSC	commodity	Public Order and Security and Safety Services	92000000	Military services and national defense	92110000	Maintenance of international peace and security	92111500		
https://napcs.org.ai/Service/Counterterrorism	napcs.org.ai	Service	Counterterrorism	92111506	Counterterrorism		UNSPSC	commodity	Public Order and Security and Safety Services	92000000	Military services and national defense	92110000	Maintenance of international peace and security	92111500		
https://napcs.org.ai/Service/Embargoes	napcs.org.ai	Service	Embargoes	92111507	Embargoes		UNSPSC	commodity	Public Order and Security and Safety Services	92000000	Military services and national defense	92110000	Maintenance of international peace and security	92111500		
https://napcs.org.ai/Service/ArmsLimitations	napcs.org.ai	Service	ArmsLimitations	92111601	Arms limitations		UNSPSC	commodity	Public Order and Security and Safety Services	92000000	Military services and national defense	92110000	Disarmament	92111600		
https://napcs.org.ai/Service/ConventionalArmsDisarmament	napcs.org.ai	Service	ConventionalArmsDisarmament	92111602	Conventional arms disarmament		UNSPSC	commodity	Public Order and Security and Safety Services	92000000	Military services and national defense	92110000	Disarmament	92111600		
https://napcs.org.ai/Service/NuclearFreezesOrDisarmament	napcs.org.ai	Service	NuclearFreezesOrDisarmament	92111603	Nuclear freezes or disarmament		UNSPSC	commodity	Public Order and Security and Safety Services	92000000	Military services and national defense	92110000	Disarmament	92111600		
https://napcs.org.ai/Service/WeaponsDestruction	napcs.org.ai	Service	WeaponsDestruction	92111604	Weapons destruction		UNSPSC	commodity	Public Order and Security and Safety Services	92000000	Military services and national defense	92110000	Disarmament	92111600		
https://napcs.org.ai/Service/DisarmamentNegotiationsOrAgreements	napcs.org.ai	Service	DisarmamentNegotiationsOrAgreements	92111605	Disarmament negotiations or agreements		UNSPSC	commodity	Public Order and Security and Safety Services	92000000	Military services and national defense	92110000	Disarmament	92111600		
https://napcs.org.ai/Service/MutualOrBalancedForceReductions	napcs.org.ai	Service	MutualOrBalancedForceReductions	92111606	Mutual or balanced force reductions		UNSPSC	commodity	Public Order and Security and Safety Services	92000000	Military services and national defense	92110000	Disarmament	92111600		
https://napcs.org.ai/Service/LandmineProhibitionActionAndExplosiveRemnantsOfWarAdvocacy	napcs.org.ai	Service	LandmineProhibitionActionAndExplosiveRemnantsOfWarAdvocacy	92111616	Landmine prohibition action and explosive remnants of war advocacy	Engaging in dialogue with stakeholders to cease the use of landmines and to create humanitarian spaces where humanitarian mine action activities can take place;  influence on the armed actors which are using antipersonnel mines to advocate for the prohibition on the use of landmines; Develop mine-awareness materials on comprehensive mine action to reduce the impact of antipersonnel mines and explosive remnants of war, to be shared with affected communities and civil society.	UNSPSC	commodity	Public Order and Security and Safety Services	92000000	Military services and national defense	92110000	Disarmament	92111600		
https://napcs.org.ai/Service/MilitaryHistory	napcs.org.ai	Service	MilitaryHistory	92111701	Military history		UNSPSC	commodity	Public Order and Security and Safety Services	92000000	Military services and national defense	92110000	Military science and research	92111700		
https://napcs.org.ai/Service/ConventionalWeaponsUsage	napcs.org.ai	Service	ConventionalWeaponsUsage	92111702	Conventional weapons usage		UNSPSC	commodity	Public Order and Security and Safety Services	92000000	Military services and national defense	92110000	Military science and research	92111700		
https://napcs.org.ai/Service/ChemicalWeaponsUsage	napcs.org.ai	Service	ChemicalWeaponsUsage	92111703	Chemical weapons usage		UNSPSC	commodity	Public Order and Security and Safety Services	92000000	Military services and national defense	92110000	Military science and research	92111700		
https://napcs.org.ai/Service/GuerillaWarfare	napcs.org.ai	Service	GuerillaWarfare	92111704	Guerilla warfare		UNSPSC	commodity	Public Order and Security and Safety Services	92000000	Military services and national defense	92110000	Military science and research	92111700		
https://napcs.org.ai/Service/MilitaryStrategy	napcs.org.ai	Service	MilitaryStrategy	92111705	Military strategy		UNSPSC	commodity	Public Order and Security and Safety Services	92000000	Military services and national defense	92110000	Military science and research	92111700		
https://napcs.org.ai/Service/AerialManeuvers	napcs.org.ai	Service	AerialManeuvers	92111706	Aerial maneuvers		UNSPSC	commodity	Public Order and Security and Safety Services	92000000	Military services and national defense	92110000	Military science and research	92111700		
https://napcs.org.ai/Service/NavalOrSubmarineManeuvers	napcs.org.ai	Service	NavalOrSubmarineManeuvers	92111707	Naval or submarine maneuvers		UNSPSC	commodity	Public Order and Security and Safety Services	92000000	Military services and national defense	92110000	Military science and research	92111700		
https://napcs.org.ai/Service/LandManeuvers	napcs.org.ai	Service	LandManeuvers	92111708	Land maneuvers		UNSPSC	commodity	Public Order and Security and Safety Services	92000000	Military services and national defense	92110000	Military science and research	92111700		
https://napcs.org.ai/Service/ChemicalWeaponsDestruction	napcs.org.ai	Service	ChemicalWeaponsDestruction	92111717	Chemical weapons destruction	There are two common methods that the United States uses to dispose of chemical warfare Involves destruction of chemical agents and related weapons. The primary method is incineration,[1] where liquid agents are burned in a furnace of temperatures over 2,000 °F (1,093 °C). For chemical agents in delivery vessels (i.e. Mortars, Bombs, Artillery shells, etc.), this is a multi-step process.  Depending on the type of agent to be destroyed,a second method involves neutralization.  Neutralization destroys the chemical agent by mixing it with hot water or hot water and sodium hydroxide.	UNSPSC	commodity	Public Order and Security and Safety Services	92000000	Military services and national defense	92110000	Military science and research	92111700		
https://napcs.org.ai/Service/CivilDefense	napcs.org.ai	Service	CivilDefense	92111801	Civil defense		UNSPSC	commodity	Public Order and Security and Safety Services	92000000	Military services and national defense	92110000	Military personnel and discipline	92111800		
https://napcs.org.ai/Service/MilitaryReservists	napcs.org.ai	Service	MilitaryReservists	92111804	Military reservists		UNSPSC	commodity	Public Order and Security and Safety Services	92000000	Military services and national defense	92110000	Military personnel and discipline	92111800		
https://napcs.org.ai/Service/Guerrillas	napcs.org.ai	Service	Guerrillas	92111805	Guerrillas		UNSPSC	commodity	Public Order and Security and Safety Services	92000000	Military services and national defense	92110000	Military personnel and discipline	92111800		
https://napcs.org.ai/Service/Mercenaries	napcs.org.ai	Service	Mercenaries	92111806	Mercenaries		UNSPSC	commodity	Public Order and Security and Safety Services	92000000	Military services and national defense	92110000	Military personnel and discipline	92111800		
https://napcs.org.ai/Service/Veterans	napcs.org.ai	Service	Veterans	92111807	Veterans		UNSPSC	commodity	Public Order and Security and Safety Services	92000000	Military services and national defense	92110000	Military personnel and discipline	92111800		
https://napcs.org.ai/Service/MilitaryCourts	napcs.org.ai	Service	MilitaryCourts	92111808	Military courts		UNSPSC	commodity	Public Order and Security and Safety Services	92000000	Military services and national defense	92110000	Military personnel and discipline	92111800		
https://napcs.org.ai/Service/MilitaryOffenses	napcs.org.ai	Service	MilitaryOffenses	92111809	Military offenses		UNSPSC	commodity	Public Order and Security and Safety Services	92000000	Military services and national defense	92110000	Military personnel and discipline	92111800		
https://napcs.org.ai/Service/MilitaryPersonnel	napcs.org.ai	Service	MilitaryPersonnel	92111810	Military personnel		UNSPSC	commodity	Public Order and Security and Safety Services	92000000	Military services and national defense	92110000	Military personnel and discipline	92111800		
https://napcs.org.ai/Service/NationalSecurity	napcs.org.ai	Service	NationalSecurity	92111901	National security		UNSPSC	commodity	Public Order and Security and Safety Services	92000000	Military services and national defense	92110000	Military policy	92111900		
https://napcs.org.ai/Service/DefenseContracts	napcs.org.ai	Service	DefenseContracts	92111902	Defense contracts		UNSPSC	commodity	Public Order and Security and Safety Services	92000000	Military services and national defense	92110000	Military policy	92111900		
https://napcs.org.ai/Service/NonFirstUsePolicy	napcs.org.ai	Service	NonFirstUsePolicy	92111903	Non first use policy		UNSPSC	commodity	Public Order and Security and Safety Services	92000000	Military services and national defense	92110000	Military policy	92111900		
https://napcs.org.ai/Service/ArmsRace	napcs.org.ai	Service	ArmsRace	92111904	Arms race		UNSPSC	commodity	Public Order and Security and Safety Services	92000000	Military services and national defense	92110000	Military policy	92111900		
https://napcs.org.ai/Service/MilitaryRelations	napcs.org.ai	Service	MilitaryRelations	92111905	Military relations		UNSPSC	commodity	Public Order and Security and Safety Services	92000000	Military services and national defense	92110000	Military policy	92111900		
https://napcs.org.ai/Service/DemilitarizedZones	napcs.org.ai	Service	DemilitarizedZones	92112001	Demilitarized zones		UNSPSC	commodity	Public Order and Security and Safety Services	92000000	Military services and national defense	92110000	Military zones	92112000		
https://napcs.org.ai/Service/NuclearOrChemicalWeaponFreeZones	napcs.org.ai	Service	NuclearOrChemicalWeaponFreeZones	92112002	Nuclear or chemical weapon free zones		UNSPSC	commodity	Public Order and Security and Safety Services	92000000	Military services and national defense	92110000	Military zones	92112000		
https://napcs.org.ai/Service/PeaceZones	napcs.org.ai	Service	PeaceZones	92112003	Peace zones		UNSPSC	commodity	Public Order and Security and Safety Services	92000000	Military services and national defense	92110000	Military zones	92112000		
https://napcs.org.ai/Service/NoFlyZones	napcs.org.ai	Service	NoFlyZones	92112004	No fly zones		UNSPSC	commodity	Public Order and Security and Safety Services	92000000	Military services and national defense	92110000	Military zones	92112000		
https://napcs.org.ai/Service/MinefieldZone	napcs.org.ai	Service	MinefieldZone	92112005	Minefield zone	An area of ground containing mines laid with or without a pattern.	UNSPSC	commodity	Public Order and Security and Safety Services	92000000	Military services and national defense	92110000	Military zones	92112000		
https://napcs.org.ai/Service/NuclearSafeguards	napcs.org.ai	Service	NuclearSafeguards	92112101	Nuclear safeguards		UNSPSC	commodity	Public Order and Security and Safety Services	92000000	Military services and national defense	92110000	Nuclear warfare	92112100		
https://napcs.org.ai/Service/NuclearWeaponTests	napcs.org.ai	Service	NuclearWeaponTests	92112102	Nuclear weapon tests		UNSPSC	commodity	Public Order and Security and Safety Services	92000000	Military services and national defense	92110000	Nuclear warfare	92112100		
https://napcs.org.ai/Service/NuclearNonProliferation	napcs.org.ai	Service	NuclearNonProliferation	92112103	Nuclear non proliferation		UNSPSC	commodity	Public Order and Security and Safety Services	92000000	Military services and national defense	92110000	Nuclear warfare	92112100		
https://napcs.org.ai/Service/WeaponsDeployment	napcs.org.ai	Service	WeaponsDeployment	92112201	Weapons deployment		UNSPSC	commodity	Public Order and Security and Safety Services	92000000	Military services and national defense	92110000	Military tactics	92112200		
https://napcs.org.ai/Service/MilitaryReconnaissance	napcs.org.ai	Service	MilitaryReconnaissance	92112202	Military reconnaissance		UNSPSC	commodity	Public Order and Security and Safety Services	92000000	Military services and national defense	92110000	Military tactics	92112200		
https://napcs.org.ai/Service/ArmsTransfers	napcs.org.ai	Service	ArmsTransfers	92112203	Arms transfers		UNSPSC	commodity	Public Order and Security and Safety Services	92000000	Military services and national defense	92110000	Military tactics	92112200		
https://napcs.org.ai/Service/MilitaryAssistance	napcs.org.ai	Service	MilitaryAssistance	92112204	Military assistance		UNSPSC	commodity	Public Order and Security and Safety Services	92000000	Military services and national defense	92110000	Military tactics	92112200		
https://napcs.org.ai/Service/TroopWithdrawals	napcs.org.ai	Service	TroopWithdrawals	92112205	Troop withdrawals		UNSPSC	commodity	Public Order and Security and Safety Services	92000000	Military services and national defense	92110000	Military tactics	92112200		
https://napcs.org.ai/Service/RapidDeploymentForces	napcs.org.ai	Service	RapidDeploymentForces	92112206	Rapid deployment forces		UNSPSC	commodity	Public Order and Security and Safety Services	92000000	Military services and national defense	92110000	Military tactics	92112200		
https://napcs.org.ai/Service/EnvironmentalWarfare	napcs.org.ai	Service	EnvironmentalWarfare	92112207	Environmental warfare		UNSPSC	commodity	Public Order and Security and Safety Services	92000000	Military services and national defense	92110000	Military tactics	92112200		
https://napcs.org.ai/Service/DomesticMilitaryBases	napcs.org.ai	Service	DomesticMilitaryBases	92112301	Domestic military bases		UNSPSC	commodity	Public Order and Security and Safety Services	92000000	Military services and national defense	92110000	Military bases	92112300		
https://napcs.org.ai/Service/ForeignMilitaryBases	napcs.org.ai	Service	ForeignMilitaryBases	92112302	Foreign military bases		UNSPSC	commodity	Public Order and Security and Safety Services	92000000	Military services and national defense	92110000	Military bases	92112300		
https://napcs.org.ai/Service/NavalBases	napcs.org.ai	Service	NavalBases	92112303	Naval bases		UNSPSC	commodity	Public Order and Security and Safety Services	92000000	Military services and national defense	92110000	Military bases	92112300		
https://napcs.org.ai/Service/BorderIncidents	napcs.org.ai	Service	BorderIncidents	92112401	Border incidents		UNSPSC	commodity	Public Order and Security and Safety Services	92000000	Military services and national defense	92110000	Armed conflicts and incidents	92112400		
https://napcs.org.ai/Service/LimitedWar	napcs.org.ai	Service	LimitedWar	92112402	Limited war		UNSPSC	commodity	Public Order and Security and Safety Services	92000000	Military services and national defense	92110000	Armed conflicts and incidents	92112400		
https://napcs.org.ai/Service/NuclearWar	napcs.org.ai	Service	NuclearWar	92112403	Nuclear war		UNSPSC	commodity	Public Order and Security and Safety Services	92000000	Military services and national defense	92110000	Armed conflicts and incidents	92112400		
https://napcs.org.ai/Service/SpaceBasedWar	napcs.org.ai	Service	SpaceBasedWar	92112404	Space based war		UNSPSC	commodity	Public Order and Security and Safety Services	92000000	Military services and national defense	92110000	Armed conflicts and incidents	92112400		
https://napcs.org.ai/Service/ResponseToTerroristAttacks	napcs.org.ai	Service	ResponseToTerroristAttacks	92112405	Response to terrorist attacks		UNSPSC	commodity	Public Order and Security and Safety Services	92000000	Military services and national defense	92110000	Armed conflicts and incidents	92112400		
https://napcs.org.ai/Service/DetectiveAgencies	napcs.org.ai	Service	DetectiveAgencies	92121601	Detective agencies		UNSPSC	commodity	Public Order and Security and Safety Services	92000000	Security and personal safety	92120000	Detective services	92121600		
https://napcs.org.ai/Service/BiometricSecuritySystems	napcs.org.ai	Service	BiometricSecuritySystems	92121705	Biometric security systems	Biometric security devices measure unique characteristics of a person, such as voice pattern, the iris or retina pattern of the eye, or fingerprint patterns.	UNSPSC	commodity	Public Order and Security and Safety Services	92000000	Security and personal safety	92120000	Security systems services	92121700		
https://napcs.org.ai/Service/CorporateStates	napcs.org.ai	Service	CorporateStates	93101702	Corporate states		UNSPSC	commodity	Politics and Civic Affairs Services	93000000	Political systems and institutions	93100000	Legislative bodies and practice	93101700		
https://napcs.org.ai/Service/ExtremistMovements	napcs.org.ai	Service	ExtremistMovements	93111501	Extremist movements		UNSPSC	commodity	Politics and Civic Affairs Services	93000000	Socio political conditions	93110000	Political movements	93111500		
https://napcs.org.ai/Service/PeaceMovements	napcs.org.ai	Service	PeaceMovements	93111502	Peace movements		UNSPSC	commodity	Politics and Civic Affairs Services	93000000	Socio political conditions	93110000	Political movements	93111500		
https://napcs.org.ai/Service/ProtestMovements	napcs.org.ai	Service	ProtestMovements	93111503	Protest movements		UNSPSC	commodity	Politics and Civic Affairs Services	93000000	Socio political conditions	93110000	Political movements	93111500		
https://napcs.org.ai/Service/UndergroundMovements	napcs.org.ai	Service	UndergroundMovements	93111504	Underground movements		UNSPSC	commodity	Politics and Civic Affairs Services	93000000	Socio political conditions	93110000	Political movements	93111500		
https://napcs.org.ai/Service/StudentMovements	napcs.org.ai	Service	StudentMovements	93111505	Student movements		UNSPSC	commodity	Politics and Civic Affairs Services	93000000	Socio political conditions	93110000	Political movements	93111500		
https://napcs.org.ai/Service/PeasantMovements	napcs.org.ai	Service	PeasantMovements	93111506	Peasant movements		UNSPSC	commodity	Politics and Civic Affairs Services	93000000	Socio political conditions	93110000	Political movements	93111500		
https://napcs.org.ai/Service/OppositionMovements	napcs.org.ai	Service	OppositionMovements	93111507	Opposition movements		UNSPSC	commodity	Politics and Civic Affairs Services	93000000	Socio political conditions	93110000	Political movements	93111500		
https://napcs.org.ai/Service/PoliticalRepresentation	napcs.org.ai	Service	PoliticalRepresentation	93111601	Political representation		UNSPSC	commodity	Politics and Civic Affairs Services	93000000	Socio political conditions	93110000	Political representation and participation	93111600		
https://napcs.org.ai/Service/PoliticalParticipation	napcs.org.ai	Service	PoliticalParticipation	93111602	Political participation		UNSPSC	commodity	Politics and Civic Affairs Services	93000000	Socio political conditions	93110000	Political representation and participation	93111600		
https://napcs.org.ai/Service/ProportionalRepresentation	napcs.org.ai	Service	ProportionalRepresentation	93111603	Proportional representation		UNSPSC	commodity	Politics and Civic Affairs Services	93000000	Socio political conditions	93110000	Political representation and participation	93111600		
https://napcs.org.ai/Service/NonAlignedCountriesCooperation	napcs.org.ai	Service	NonAlignedCountriesCooperation	93121609	Non aligned countries cooperation		UNSPSC	commodity	Politics and Civic Affairs Services	93000000	International relations	93120000	International relations and cooperation	93121600		
https://napcs.org.ai/Service/AlignedCountriesCooperation	napcs.org.ai	Service	AlignedCountriesCooperation	93121610	Aligned countries cooperation		UNSPSC	commodity	Politics and Civic Affairs Services	93000000	International relations	93120000	International relations and cooperation	93121600		
https://napcs.org.ai/Service/PeaceTreatiesCooperation	napcs.org.ai	Service	PeaceTreatiesCooperation	93121612	Peace treaties cooperation		UNSPSC	commodity	Politics and Civic Affairs Services	93000000	International relations	93120000	International relations and cooperation	93121600		
https://napcs.org.ai/Service/HungerEradicationPrograms	napcs.org.ai	Service	HungerEradicationPrograms	93131601	Hunger eradication programs		UNSPSC	commodity	Politics and Civic Affairs Services	93000000	Humanitarian aid and relief	93130000	Food and nutrition policy planning and programs	93131600		
https://napcs.org.ai/Service/FoodAidPoliciesOrPrograms	napcs.org.ai	Service	FoodAidPoliciesOrPrograms	93131609	Food aid policies or programs		UNSPSC	commodity	Politics and Civic Affairs Services	93000000	Humanitarian aid and relief	93130000	Food and nutrition policy planning and programs	93131600		
https://napcs.org.ai/Service/AntiTobaccoCampaigns	napcs.org.ai	Service	AntiTobaccoCampaigns	93131701	Anti tobacco campaigns		UNSPSC	commodity	Politics and Civic Affairs Services	93000000	Humanitarian aid and relief	93130000	Health programs	93131700		
https://napcs.org.ai/Service/SanitationPrograms	napcs.org.ai	Service	SanitationPrograms	93131702	Sanitation programs		UNSPSC	commodity	Politics and Civic Affairs Services	93000000	Humanitarian aid and relief	93130000	Health programs	93131700		
https://napcs.org.ai/Service/ResearchPrograms	napcs.org.ai	Service	ResearchPrograms	93131703	Research programs		UNSPSC	commodity	Politics and Civic Affairs Services	93000000	Humanitarian aid and relief	93130000	Health programs	93131700		
https://napcs.org.ai/Service/DrugAbusePreventionOrControlPrograms	napcs.org.ai	Service	DrugAbusePreventionOrControlPrograms	93131705	Drug abuse prevention or control programs		UNSPSC	commodity	Politics and Civic Affairs Services	93000000	Humanitarian aid and relief	93130000	Health programs	93131700		
https://napcs.org.ai/Service/DemographicStudies	napcs.org.ai	Service	DemographicStudies	93141610	Demographic studies		UNSPSC	commodity	Politics and Civic Affairs Services	93000000	Community and social services	93140000	Population	93141600		
https://napcs.org.ai/Service/HumanReproductionAnalysis	napcs.org.ai	Service	HumanReproductionAnalysis	93141613	Human reproduction analysis		UNSPSC	commodity	Politics and Civic Affairs Services	93000000	Community and social services	93140000	Population	93141600		
https://napcs.org.ai/Service/CulturalEventsOrganizations	napcs.org.ai	Service	CulturalEventsOrganizations	93141701	Cultural events organizations		UNSPSC	commodity	Politics and Civic Affairs Services	93000000	Community and social services	93140000	Culture	93141700		
https://napcs.org.ai/Service/Mythology	napcs.org.ai	Service	Mythology	93141714	Mythology		UNSPSC	commodity	Politics and Civic Affairs Services	93000000	Community and social services	93140000	Culture	93141700		
https://napcs.org.ai/Service/WorkTimeArrangements	napcs.org.ai	Service	WorkTimeArrangements	93141807	Work time arrangements		UNSPSC	commodity	Politics and Civic Affairs Services	93000000	Community and social services	93140000	Employment	93141800		
https://napcs.org.ai/Service/PrivatizationPrograms	napcs.org.ai	Service	PrivatizationPrograms	93151503	Privatization programs		UNSPSC	commodity	Politics and Civic Affairs Services	93000000	Public administration and finance services	93150000	Public administration	93151500		
https://napcs.org.ai/Service/BuildingPermit	napcs.org.ai	Service	BuildingPermit	93151516	Building permit	Governmental document permitting construction of a housing unit.	UNSPSC	commodity	Politics and Civic Affairs Services	93000000	Public administration and finance services	93150000	Public administration	93151500		
https://napcs.org.ai/Service/LicenseOrRegistrationFee	napcs.org.ai	Service	LicenseOrRegistrationFee	93151517	License or registration fee	Fee paid to register and license property, usually a vehicle	UNSPSC	commodity	Politics and Civic Affairs Services	93000000	Public administration and finance services	93150000	Public administration	93151500		
https://napcs.org.ai/Service/PropertyTitleFee	napcs.org.ai	Service	PropertyTitleFee	93151518	Property title fee	Fee paid to obtain a formal title to property ownership	UNSPSC	commodity	Politics and Civic Affairs Services	93000000	Public administration and finance services	93150000	Public administration	93151500		
https://napcs.org.ai/Service/CanalFeeslicenses	napcs.org.ai	Service	CanalFeeslicenses	93151520	Canal fees/licenses	Different canals are managed by different navigation authorities each navigation authority has different licenses and fees, depending on where you want to use your ships, Vessels, tugs, boats etc , will need to contact the appropriate authority to obtain licenses.	UNSPSC	commodity	Politics and Civic Affairs Services	93000000	Public administration and finance services	93150000	Public administration	93151500		
https://napcs.org.ai/Service/Subsidies	napcs.org.ai	Service	Subsidies	93151611	Subsidies		UNSPSC	commodity	Politics and Civic Affairs Services	93000000	Public administration and finance services	93150000	Public finance	93151600		
https://napcs.org.ai/Service/CurrenciesOrCoinage	napcs.org.ai	Service	CurrenciesOrCoinage	93151701	Currencies or coinage		UNSPSC	commodity	Politics and Civic Affairs Services	93000000	Public administration and finance services	93150000	Currency	93151700		
https://napcs.org.ai/Service/NationalBankNotes	napcs.org.ai	Service	NationalBankNotes	93151702	National bank notes		UNSPSC	commodity	Politics and Civic Affairs Services	93000000	Public administration and finance services	93150000	Currency	93151700		
https://napcs.org.ai/Service/NationalIncomeTax	napcs.org.ai	Service	NationalIncomeTax	93161501	National income tax		UNSPSC	commodity	Politics and Civic Affairs Services	93000000	Taxation	93160000	Income tax	93161500		
https://napcs.org.ai/Service/MunicipalIncomeTax	napcs.org.ai	Service	MunicipalIncomeTax	93161502	Municipal income tax		UNSPSC	commodity	Politics and Civic Affairs Services	93000000	Taxation	93160000	Income tax	93161500		
https://napcs.org.ai/Service/CapitalGainsTax	napcs.org.ai	Service	CapitalGainsTax	93161503	Capital gains tax		UNSPSC	commodity	Politics and Civic Affairs Services	93000000	Taxation	93160000	Income tax	93161500		
https://napcs.org.ai/Service/ExcessProfitsTax	napcs.org.ai	Service	ExcessProfitsTax	93161504	Excess profits tax		UNSPSC	commodity	Politics and Civic Affairs Services	93000000	Taxation	93160000	Income tax	93161500		
https://napcs.org.ai/Service/PropertyTax	napcs.org.ai	Service	PropertyTax	93161601	Property tax		UNSPSC	commodity	Politics and Civic Affairs Services	93000000	Taxation	93160000	Taxes other than income tax	93161600		
https://napcs.org.ai/Service/LandTax	napcs.org.ai	Service	LandTax	93161602	Land tax		UNSPSC	commodity	Politics and Civic Affairs Services	93000000	Taxation	93160000	Taxes other than income tax	93161600		
https://napcs.org.ai/Service/ValueAddedTaxVat	napcs.org.ai	Service	ValueAddedTaxVat	93161603	Value added tax VAT		UNSPSC	commodity	Politics and Civic Affairs Services	93000000	Taxation	93160000	Taxes other than income tax	93161600		
https://napcs.org.ai/Service/PayrollTax	napcs.org.ai	Service	PayrollTax	93161604	Payroll tax		UNSPSC	commodity	Politics and Civic Affairs Services	93000000	Taxation	93160000	Taxes other than income tax	93161600		
https://napcs.org.ai/Service/SalesTax	napcs.org.ai	Service	SalesTax	93161605	Sales tax		UNSPSC	commodity	Politics and Civic Affairs Services	93000000	Taxation	93160000	Taxes other than income tax	93161600		
https://napcs.org.ai/Service/SocialSecurityTax	napcs.org.ai	Service	SocialSecurityTax	93161606	Social security tax		UNSPSC	commodity	Politics and Civic Affairs Services	93000000	Taxation	93160000	Taxes other than income tax	93161600		
https://napcs.org.ai/Service/InheritanceOrTransferTax	napcs.org.ai	Service	InheritanceOrTransferTax	93161607	Inheritance or transfer tax		UNSPSC	commodity	Politics and Civic Affairs Services	93000000	Taxation	93160000	Taxes other than income tax	93161600		
https://napcs.org.ai/Service/CustomTaxOrDuty	napcs.org.ai	Service	CustomTaxOrDuty	93161608	Custom tax or duty	A tax or levy made by a government on imported items usually according to a schedule of products and services.	UNSPSC	commodity	Politics and Civic Affairs Services	93000000	Taxation	93160000	Taxes other than income tax	93161600		
https://napcs.org.ai/Service/TariffOrDuty	napcs.org.ai	Service	TariffOrDuty	93161609	Tariff or duty	A tariff is a tax on goods upon importation, a duty is a specific or ad valorem tax imposed by law on the import or export of goods.	UNSPSC	commodity	Politics and Civic Affairs Services	93000000	Taxation	93160000	Taxes other than income tax	93161600		
https://napcs.org.ai/Service/TaxCollation	napcs.org.ai	Service	TaxCollation	93161701	Tax collation		UNSPSC	commodity	Politics and Civic Affairs Services	93000000	Taxation	93160000	Tax administration	93161700		
https://napcs.org.ai/Service/TaxIncentives	napcs.org.ai	Service	TaxIncentives	93161702	Tax incentives		UNSPSC	commodity	Politics and Civic Affairs Services	93000000	Taxation	93160000	Tax administration	93161700		
https://napcs.org.ai/Service/TaxSystems	napcs.org.ai	Service	TaxSystems	93161703	Tax systems		UNSPSC	commodity	Politics and Civic Affairs Services	93000000	Taxation	93160000	Tax administration	93161700		
https://napcs.org.ai/Service/TaxRevenueAdministration	napcs.org.ai	Service	TaxRevenueAdministration	93161704	Tax revenue administration		UNSPSC	commodity	Politics and Civic Affairs Services	93000000	Taxation	93160000	Tax administration	93161700		
https://napcs.org.ai/Service/TaxReform	napcs.org.ai	Service	TaxReform	93161801	Tax reform		UNSPSC	commodity	Politics and Civic Affairs Services	93000000	Taxation	93160000	Taxation issues	93161800		
https://napcs.org.ai/Service/TaxationPolicy	napcs.org.ai	Service	TaxationPolicy	93161802	Taxation policy		UNSPSC	commodity	Politics and Civic Affairs Services	93000000	Taxation	93160000	Taxation issues	93161800		
https://napcs.org.ai/Service/TaxResearch	napcs.org.ai	Service	TaxResearch	93161803	Tax research		UNSPSC	commodity	Politics and Civic Affairs Services	93000000	Taxation	93160000	Taxation issues	93161800		
https://napcs.org.ai/Service/InvestmentTaxCredit	napcs.org.ai	Service	InvestmentTaxCredit	93161804	Investment tax credit		UNSPSC	commodity	Politics and Civic Affairs Services	93000000	Taxation	93160000	Taxation issues	93161800		
https://napcs.org.ai/Service/TaxDeductions	napcs.org.ai	Service	TaxDeductions	93161805	Tax deductions		UNSPSC	commodity	Politics and Civic Affairs Services	93000000	Taxation	93160000	Taxation issues	93161800		
https://napcs.org.ai/Service/TaxEvasion	napcs.org.ai	Service	TaxEvasion	93161806	Tax evasion		UNSPSC	commodity	Politics and Civic Affairs Services	93000000	Taxation	93160000	Taxation issues	93161800		
https://napcs.org.ai/Service/TaxSheltersOrHavens	napcs.org.ai	Service	TaxSheltersOrHavens	93161807	Tax shelters or havens		UNSPSC	commodity	Politics and Civic Affairs Services	93000000	Taxation	93160000	Taxation issues	93161800		
https://napcs.org.ai/Service/TaxReturns	napcs.org.ai	Service	TaxReturns	93161808	Tax returns		UNSPSC	commodity	Politics and Civic Affairs Services	93000000	Taxation	93160000	Taxation issues	93161800		
https://napcs.org.ai/Service/TradeAgreements	napcs.org.ai	Service	TradeAgreements	93171501	Trade agreements		UNSPSC	commodity	Politics and Civic Affairs Services	93000000	Trade policy and regulation	93170000	Trade policy	93171500		
https://napcs.org.ai/Service/TradeNegotiations	napcs.org.ai	Service	TradeNegotiations	93171502	Trade negotiations		UNSPSC	commodity	Politics and Civic Affairs Services	93000000	Trade policy and regulation	93170000	Trade policy	93171500		
https://napcs.org.ai/Service/FormulationOfNationalCommodityPolicies	napcs.org.ai	Service	FormulationOfNationalCommodityPolicies	93171503	Formulation of national commodity policies		UNSPSC	commodity	Politics and Civic Affairs Services	93000000	Trade policy and regulation	93170000	Trade policy	93171500		
https://napcs.org.ai/Service/DevelopmentOfSmallScaleIndustries	napcs.org.ai	Service	DevelopmentOfSmallScaleIndustries	93171504	Development of small scale industries		UNSPSC	commodity	Politics and Civic Affairs Services	93000000	Trade policy and regulation	93170000	Trade policy	93171500		
https://napcs.org.ai/Service/InternationalCommodityAgreements	napcs.org.ai	Service	InternationalCommodityAgreements	93171601	International commodity agreements		UNSPSC	commodity	Politics and Civic Affairs Services	93000000	Trade policy and regulation	93170000	International trade	93171600		
https://napcs.org.ai/Service/ExportPolicy	napcs.org.ai	Service	ExportPolicy	93171602	Export policy		UNSPSC	commodity	Politics and Civic Affairs Services	93000000	Trade policy and regulation	93170000	International trade	93171600		
https://napcs.org.ai/Service/GlobalTradePoliciesOrProcedures	napcs.org.ai	Service	GlobalTradePoliciesOrProcedures	93171603	Global trade policies or procedures		UNSPSC	commodity	Politics and Civic Affairs Services	93000000	Trade policy and regulation	93170000	International trade	93171600		
https://napcs.org.ai/Service/BilateralTradeAgreements	napcs.org.ai	Service	BilateralTradeAgreements	93171604	Bilateral trade agreements		UNSPSC	commodity	Politics and Civic Affairs Services	93000000	Trade policy and regulation	93170000	International trade	93171600		
https://napcs.org.ai/Service/CustomsConventions	napcs.org.ai	Service	CustomsConventions	93171701	Customs conventions		UNSPSC	commodity	Politics and Civic Affairs Services	93000000	Trade policy and regulation	93170000	Customs administration and compliance	93171700		
https://napcs.org.ai/Service/CustomsFormalities	napcs.org.ai	Service	CustomsFormalities	93171702	Customs formalities		UNSPSC	commodity	Politics and Civic Affairs Services	93000000	Trade policy and regulation	93170000	Customs administration and compliance	93171700		
https://napcs.org.ai/Service/CustomsOffences	napcs.org.ai	Service	CustomsOffences	93171703	Customs offences		UNSPSC	commodity	Politics and Civic Affairs Services	93000000	Trade policy and regulation	93170000	Customs administration and compliance	93171700		
https://napcs.org.ai/Service/TradeProjections	napcs.org.ai	Service	TradeProjections	93171801	Trade projections		UNSPSC	commodity	Politics and Civic Affairs Services	93000000	Trade policy and regulation	93170000	Trade analysis	93171800		
https://napcs.org.ai/Service/BalanceOfTradeProjections	napcs.org.ai	Service	BalanceOfTradeProjections	93171802	Balance of trade projections		UNSPSC	commodity	Politics and Civic Affairs Services	93000000	Trade policy and regulation	93170000	Trade analysis	93171800		
https://napcs.org.ai/Service/TradeStatistics	napcs.org.ai	Service	TradeStatistics	93171803	Trade statistics		UNSPSC	commodity	Politics and Civic Affairs Services	93000000	Trade policy and regulation	93170000	Trade analysis	93171800		
https://napcs.org.ai/Service/AgriculturalIndustryAssociations	napcs.org.ai	Service	AgriculturalIndustryAssociations	94101501	Agricultural industry associations		UNSPSC	commodity	Organizations and Clubs	94000000	Work related organizations	94100000	Business associations	94101500		
https://napcs.org.ai/Service/RegulatoryAssociations	napcs.org.ai	Service	RegulatoryAssociations	94101502	Regulatory associations		UNSPSC	commodity	Organizations and Clubs	94000000	Work related organizations	94100000	Business associations	94101500		
https://napcs.org.ai/Service/SectoralBusinessAssociations	napcs.org.ai	Service	SectoralBusinessAssociations	94101503	Sectoral business associations		UNSPSC	commodity	Organizations and Clubs	94000000	Work related organizations	94100000	Business associations	94101500		
https://napcs.org.ai/Service/InternationalBusinessAssociations	napcs.org.ai	Service	InternationalBusinessAssociations	94101504	International business associations		UNSPSC	commodity	Organizations and Clubs	94000000	Work related organizations	94100000	Business associations	94101500		
https://napcs.org.ai/Service/EmployersAssociations	napcs.org.ai	Service	EmployersAssociations	94101505	Employers associations		UNSPSC	commodity	Organizations and Clubs	94000000	Work related organizations	94100000	Business associations	94101500		
https://napcs.org.ai/Service/DentalAssociations	napcs.org.ai	Service	DentalAssociations	94101601	Dental associations		UNSPSC	commodity	Organizations and Clubs	94000000	Work related organizations	94100000	Professional associations	94101600		
https://napcs.org.ai/Service/MedicalHealthAssociations	napcs.org.ai	Service	MedicalHealthAssociations	94101602	Medical health associations		UNSPSC	commodity	Organizations and Clubs	94000000	Work related organizations	94100000	Professional associations	94101600		
https://napcs.org.ai/Service/NursingAssociations	napcs.org.ai	Service	NursingAssociations	94101603	Nursing associations		UNSPSC	commodity	Organizations and Clubs	94000000	Work related organizations	94100000	Professional associations	94101600		
https://napcs.org.ai/Service/AccountingAssociations	napcs.org.ai	Service	AccountingAssociations	94101604	Accounting associations		UNSPSC	commodity	Organizations and Clubs	94000000	Work related organizations	94100000	Professional associations	94101600		
https://napcs.org.ai/Service/ArchitectAssociations	napcs.org.ai	Service	ArchitectAssociations	94101605	Architect associations		UNSPSC	commodity	Organizations and Clubs	94000000	Work related organizations	94100000	Professional associations	94101600		
https://napcs.org.ai/Service/BarAssociations	napcs.org.ai	Service	BarAssociations	94101606	Bar associations		UNSPSC	commodity	Organizations and Clubs	94000000	Work related organizations	94100000	Professional associations	94101600		
https://napcs.org.ai/Service/EducationalOrTeacherAssociations	napcs.org.ai	Service	EducationalOrTeacherAssociations	94101607	Educational or teacher associations		UNSPSC	commodity	Organizations and Clubs	94000000	Work related organizations	94100000	Professional associations	94101600		
https://napcs.org.ai/Service/ScientificAssociations	napcs.org.ai	Service	ScientificAssociations	94101609	Scientific associations		UNSPSC	commodity	Organizations and Clubs	94000000	Work related organizations	94100000	Professional associations	94101600		
https://napcs.org.ai/Service/ProfessionalStandardsReviewBoards	napcs.org.ai	Service	ProfessionalStandardsReviewBoards	94101610	Professional standards review boards		UNSPSC	commodity	Organizations and Clubs	94000000	Work related organizations	94100000	Professional associations	94101600		
https://napcs.org.ai/Service/StaffHobbyClubs	napcs.org.ai	Service	StaffHobbyClubs	94101701	Staff hobby clubs		UNSPSC	commodity	Organizations and Clubs	94000000	Work related organizations	94100000	Staff associations	94101700		
https://napcs.org.ai/Service/StaffSportsAssociations	napcs.org.ai	Service	StaffSportsAssociations	94101702	Staff sports associations		UNSPSC	commodity	Organizations and Clubs	94000000	Work related organizations	94100000	Staff associations	94101700		
https://napcs.org.ai/Service/WomenStaffAssociations	napcs.org.ai	Service	WomenStaffAssociations	94101703	Women staff associations		UNSPSC	commodity	Organizations and Clubs	94000000	Work related organizations	94100000	Staff associations	94101700		
https://napcs.org.ai/Service/PensionnistStaffAssociations	napcs.org.ai	Service	PensionnistStaffAssociations	94101704	Pensionnist staff associations		UNSPSC	commodity	Organizations and Clubs	94000000	Work related organizations	94100000	Staff associations	94101700		
https://napcs.org.ai/Service/LaborOrGeneralWorkersTradeUnions	napcs.org.ai	Service	LaborOrGeneralWorkersTradeUnions	94101801	Labor or general workers trade unions		UNSPSC	commodity	Organizations and Clubs	94000000	Work related organizations	94100000	Trade unions	94101800		
https://napcs.org.ai/Service/TransportUnions	napcs.org.ai	Service	TransportUnions	94101804	Transport Unions		UNSPSC	commodity	Organizations and Clubs	94000000	Work related organizations	94100000	Trade unions	94101800		
https://napcs.org.ai/Service/TeachersUnions	napcs.org.ai	Service	TeachersUnions	94101805	Teachers unions		UNSPSC	commodity	Organizations and Clubs	94000000	Work related organizations	94100000	Trade unions	94101800		
https://napcs.org.ai/Service/MedicalPersonnelUnions	napcs.org.ai	Service	MedicalPersonnelUnions	94101806	Medical personnel unions		UNSPSC	commodity	Organizations and Clubs	94000000	Work related organizations	94100000	Trade unions	94101800		
https://napcs.org.ai/Service/EmployersUnions	napcs.org.ai	Service	EmployersUnions	94101807	Employers unions		UNSPSC	commodity	Organizations and Clubs	94000000	Work related organizations	94100000	Trade unions	94101800		
https://napcs.org.ai/Service/CivilServantsUnions	napcs.org.ai	Service	CivilServantsUnions	94101808	Civil servants unions		UNSPSC	commodity	Organizations and Clubs	94000000	Work related organizations	94100000	Trade unions	94101800		
https://napcs.org.ai/Service/AviationUnions	napcs.org.ai	Service	AviationUnions	94101810	Aviation unions		UNSPSC	commodity	Organizations and Clubs	94000000	Work related organizations	94100000	Trade unions	94101800		
https://napcs.org.ai/Service/PrivateReligiousHomeResidences	napcs.org.ai	Service	PrivateReligiousHomeResidences	94111701	Private religious home residences		UNSPSC	commodity	Organizations and Clubs	94000000	Religious organizations	94110000	Religious residences	94111700		
https://napcs.org.ai/Service/CommunityReligiousHomeResidences	napcs.org.ai	Service	CommunityReligiousHomeResidences	94111702	Community religious home residences		UNSPSC	commodity	Organizations and Clubs	94000000	Religious organizations	94110000	Religious residences	94111700		
https://napcs.org.ai/Service/ReligiousRetreatResidences	napcs.org.ai	Service	ReligiousRetreatResidences	94111703	Religious retreat residences		UNSPSC	commodity	Organizations and Clubs	94000000	Religious organizations	94110000	Religious residences	94111700		
https://napcs.org.ai/Service/TemporaryReligiousHomeResidences	napcs.org.ai	Service	TemporaryReligiousHomeResidences	94111704	Temporary religious home residences		UNSPSC	commodity	Organizations and Clubs	94000000	Religious organizations	94110000	Religious residences	94111700		
https://napcs.org.ai/Service/IceSportsClubs	napcs.org.ai	Service	IceSportsClubs	94121501	Ice sports clubs		UNSPSC	commodity	Organizations and Clubs	94000000	Clubs	94120000	Sport clubs	94121500		
https://napcs.org.ai/Service/BoatingOrSwimmingSportClubs	napcs.org.ai	Service	BoatingOrSwimmingSportClubs	94121502	Boating or swimming sport clubs		UNSPSC	commodity	Organizations and Clubs	94000000	Clubs	94120000	Sport clubs	94121500		
https://napcs.org.ai/Service/GunOrHuntingSportClubs	napcs.org.ai	Service	GunOrHuntingSportClubs	94121503	Gun or hunting sport clubs		UNSPSC	commodity	Organizations and Clubs	94000000	Clubs	94120000	Sport clubs	94121500		
https://napcs.org.ai/Service/OutdoorFieldSportClubs	napcs.org.ai	Service	OutdoorFieldSportClubs	94121504	Outdoor field sport clubs		UNSPSC	commodity	Organizations and Clubs	94000000	Clubs	94120000	Sport clubs	94121500		
https://napcs.org.ai/Service/IndoorOrOutdoorCourtSportClubs	napcs.org.ai	Service	IndoorOrOutdoorCourtSportClubs	94121505	Indoor or outdoor court sport clubs		UNSPSC	commodity	Organizations and Clubs	94000000	Clubs	94120000	Sport clubs	94121500		
https://napcs.org.ai/Service/WinterSportClubs	napcs.org.ai	Service	WinterSportClubs	94121506	Winter sport clubs		UNSPSC	commodity	Organizations and Clubs	94000000	Clubs	94120000	Sport clubs	94121500		
https://napcs.org.ai/Service/BeachOrWaterSportClubs	napcs.org.ai	Service	BeachOrWaterSportClubs	94121507	Beach or water sport clubs		UNSPSC	commodity	Organizations and Clubs	94000000	Clubs	94120000	Sport clubs	94121500		
https://napcs.org.ai/Service/CyclingSportClubs	napcs.org.ai	Service	CyclingSportClubs	94121508	Cycling sport clubs		UNSPSC	commodity	Organizations and Clubs	94000000	Clubs	94120000	Sport clubs	94121500		
https://napcs.org.ai/Service/MountaineeringSportClubs	napcs.org.ai	Service	MountaineeringSportClubs	94121509	Mountaineering sport clubs		UNSPSC	commodity	Organizations and Clubs	94000000	Clubs	94120000	Sport clubs	94121500		
https://napcs.org.ai/Service/RacingSportClubs	napcs.org.ai	Service	RacingSportClubs	94121510	Racing sport clubs		UNSPSC	commodity	Organizations and Clubs	94000000	Clubs	94120000	Sport clubs	94121500		
https://napcs.org.ai/Service/FlyingSportClubs	napcs.org.ai	Service	FlyingSportClubs	94121511	Flying sport clubs		UNSPSC	commodity	Organizations and Clubs	94000000	Clubs	94120000	Sport clubs	94121500		
https://napcs.org.ai/Service/ProfessionalOrSemiprofessionalSportsClubs	napcs.org.ai	Service	ProfessionalOrSemiprofessionalSportsClubs	94121512	Professional or semiprofessional sports clubs		UNSPSC	commodity	Organizations and Clubs	94000000	Clubs	94120000	Sport clubs	94121500		
https://napcs.org.ai/Service/PlayingCardHobbyClubs	napcs.org.ai	Service	PlayingCardHobbyClubs	94121601	Playing card hobby clubs		UNSPSC	commodity	Organizations and Clubs	94000000	Clubs	94120000	Hobby clubs	94121600		
https://napcs.org.ai/Service/HandcraftsClubs	napcs.org.ai	Service	HandcraftsClubs	94121602	Handcrafts clubs		UNSPSC	commodity	Organizations and Clubs	94000000	Clubs	94120000	Hobby clubs	94121600		
https://napcs.org.ai/Service/PoetryOrLiteratureHobbyClubs	napcs.org.ai	Service	PoetryOrLiteratureHobbyClubs	94121603	Poetry or literature hobby clubs		UNSPSC	commodity	Organizations and Clubs	94000000	Clubs	94120000	Hobby clubs	94121600		
https://napcs.org.ai/Service/CookingHobbyClubs	napcs.org.ai	Service	CookingHobbyClubs	94121604	Cooking hobby clubs		UNSPSC	commodity	Organizations and Clubs	94000000	Clubs	94120000	Hobby clubs	94121600		
https://napcs.org.ai/Service/GardeningHobbyClubs	napcs.org.ai	Service	GardeningHobbyClubs	94121605	Gardening hobby clubs		UNSPSC	commodity	Organizations and Clubs	94000000	Clubs	94120000	Hobby clubs	94121600		
https://napcs.org.ai/Service/CollectorHobbyClub	napcs.org.ai	Service	CollectorHobbyClub	94121606	Collector hobby club		UNSPSC	commodity	Organizations and Clubs	94000000	Clubs	94120000	Hobby clubs	94121600		
https://napcs.org.ai/Service/ScoutingClub	napcs.org.ai	Service	ScoutingClub	94121607	Scouting club		UNSPSC	commodity	Organizations and Clubs	94000000	Clubs	94120000	Hobby clubs	94121600		
https://napcs.org.ai/Service/YouthClubs	napcs.org.ai	Service	YouthClubs	94121801	Youth clubs		UNSPSC	commodity	Organizations and Clubs	94000000	Clubs	94120000	Social clubs	94121800		
https://napcs.org.ai/Service/SeniorCitizensClubs	napcs.org.ai	Service	SeniorCitizensClubs	94121802	Senior citizens clubs		UNSPSC	commodity	Organizations and Clubs	94000000	Clubs	94120000	Social clubs	94121800		
https://napcs.org.ai/Service/SocialGatheringClubs	napcs.org.ai	Service	SocialGatheringClubs	94121803	Social gathering clubs		UNSPSC	commodity	Organizations and Clubs	94000000	Clubs	94120000	Social clubs	94121800		
https://napcs.org.ai/Service/SocialClubsForPeopleWithDisabilities	napcs.org.ai	Service	SocialClubsForPeopleWithDisabilities	94121804	Social clubs for people with disabilities		UNSPSC	commodity	Organizations and Clubs	94000000	Clubs	94120000	Social clubs	94121800		
https://napcs.org.ai/Service/WarVeteransSocialClubs	napcs.org.ai	Service	WarVeteransSocialClubs	94121805	War veterans social clubs		UNSPSC	commodity	Organizations and Clubs	94000000	Clubs	94120000	Social clubs	94121800		
https://napcs.org.ai/Service/ElderlyAssistanceOrganizations	napcs.org.ai	Service	ElderlyAssistanceOrganizations	94131607	Elderly assistance organizations		UNSPSC	commodity	Organizations and Clubs	94000000	Civic organizations and associations and movements	94130000	Charity organizations	94131600		
https://napcs.org.ai/Service/PrisonerAssistanceOrganizations	napcs.org.ai	Service	PrisonerAssistanceOrganizations	94131608	Prisoner assistance organizations		UNSPSC	commodity	Organizations and Clubs	94000000	Civic organizations and associations and movements	94130000	Charity organizations	94131600		
https://napcs.org.ai/Service/RadicalGreenAssociations	napcs.org.ai	Service	RadicalGreenAssociations	94131701	Radical green associations		UNSPSC	commodity	Organizations and Clubs	94000000	Civic organizations and associations and movements	94130000	Green associations	94131700		
https://napcs.org.ai/Service/EcofeministsAssociations	napcs.org.ai	Service	EcofeministsAssociations	94131702	Ecofeminists associations		UNSPSC	commodity	Organizations and Clubs	94000000	Civic organizations and associations and movements	94130000	Green associations	94131700		
https://napcs.org.ai/Service/EcologicalPoliticalOrganizations	napcs.org.ai	Service	EcologicalPoliticalOrganizations	94131703	Ecological political organizations		UNSPSC	commodity	Organizations and Clubs	94000000	Civic organizations and associations and movements	94130000	Green associations	94131700		
https://napcs.org.ai/Service/GayOrLesbianOrBisexualOrTransgenderMovements	napcs.org.ai	Service	GayOrLesbianOrBisexualOrTransgenderMovements	94131801	Gay or lesbian or bisexual or transgender movements		UNSPSC	commodity	Organizations and Clubs	94000000	Civic organizations and associations and movements	94130000	Movements	94131800		
https://napcs.org.ai/Service/AntiRacismMovements	napcs.org.ai	Service	AntiRacismMovements	94131802	Anti racism movements		UNSPSC	commodity	Organizations and Clubs	94000000	Civic organizations and associations and movements	94130000	Movements	94131800		
https://napcs.org.ai/Service/WomenLiberationMovements	napcs.org.ai	Service	WomenLiberationMovements	94131803	Women liberation movements		UNSPSC	commodity	Organizations and Clubs	94000000	Civic organizations and associations and movements	94130000	Movements	94131800		
https://napcs.org.ai/Service/FraternalAssociations	napcs.org.ai	Service	FraternalAssociations	94131804	Fraternal associations		UNSPSC	commodity	Organizations and Clubs	94000000	Civic organizations and associations and movements	94130000	Movements	94131800		
https://napcs.org.ai/Service/AnimalLiberationMovements	napcs.org.ai	Service	AnimalLiberationMovements	94131901	Animal liberation movements		UNSPSC	commodity	Organizations and Clubs	94000000	Civic organizations and associations and movements	94130000	Animal protection associations	94131900		
https://napcs.org.ai/Service/EndangeredSpeciesProtectionAssociations	napcs.org.ai	Service	EndangeredSpeciesProtectionAssociations	94131902	Endangered species protection associations		UNSPSC	commodity	Organizations and Clubs	94000000	Civic organizations and associations and movements	94130000	Animal protection associations	94131900		
https://napcs.org.ai/Service/ThreatenedAnimalsProtectionAssociations	napcs.org.ai	Service	ThreatenedAnimalsProtectionAssociations	94131903	Threatened animals protection associations		UNSPSC	commodity	Organizations and Clubs	94000000	Civic organizations and associations and movements	94130000	Animal protection associations	94131900		
https://napcs.org.ai/Service/PhysicalOrMentalTortureDefenseAssociations	napcs.org.ai	Service	PhysicalOrMentalTortureDefenseAssociations	94132003	Physical or mental torture defense associations		UNSPSC	commodity	Organizations and Clubs	94000000	Civic organizations and associations and movements	94130000	Human rights advocacy and defense associations	94132000		
https://napcs.org.ai/Service/FreedomOfSpeechDefenseAssociations	napcs.org.ai	Service	FreedomOfSpeechDefenseAssociations	94132004	Freedom of speech defense associations		UNSPSC	commodity	Organizations and Clubs	94000000	Civic organizations and associations and movements	94130000	Human rights advocacy and defense associations	94132000		
https://napcs.org.ai/Service/SingleFamilyHomeParcel	napcs.org.ai	Service	SingleFamilyHomeParcel	95101501	Single family home parcel	A defined piece of land used to house a single family home	UNSPSC	commodity	Land and Buildings and Structures and Thoroughfares	95000000	Land parcels	95100000	Residential land parcel	95101500		
https://napcs.org.ai/Service/ApartmentBuildingParcel	napcs.org.ai	Service	ApartmentBuildingParcel	95101502	Apartment building parcel	A defined piece of land used to house an apartment building	UNSPSC	commodity	Land and Buildings and Structures and Thoroughfares	95000000	Land parcels	95100000	Residential land parcel	95101500		
https://napcs.org.ai/Service/CooperativeApartmentParcel	napcs.org.ai	Service	CooperativeApartmentParcel	95101503	Cooperative apartment parcel	A defined piece of land used to house a cooperative apartment building	UNSPSC	commodity	Land and Buildings and Structures and Thoroughfares	95000000	Land parcels	95100000	Residential land parcel	95101500		
https://napcs.org.ai/Service/CondominiumParcel	napcs.org.ai	Service	CondominiumParcel	95101504	Condominium parcel	A defined piece of land used to house a condominium building	UNSPSC	commodity	Land and Buildings and Structures and Thoroughfares	95000000	Land parcels	95100000	Residential land parcel	95101500		
https://napcs.org.ai/Service/DormitoryParcel	napcs.org.ai	Service	DormitoryParcel	95101505	Dormitory parcel	A defined piece of land used to house a dormitory building	UNSPSC	commodity	Land and Buildings and Structures and Thoroughfares	95000000	Land parcels	95100000	Residential land parcel	95101500		
https://napcs.org.ai/Service/HousingSubdivisionParcel	napcs.org.ai	Service	HousingSubdivisionParcel	95101506	Housing subdivision parcel	A defined piece of land used to house a housing subdivision	UNSPSC	commodity	Land and Buildings and Structures and Thoroughfares	95000000	Land parcels	95100000	Residential land parcel	95101500		
https://napcs.org.ai/Service/HotelParcel	napcs.org.ai	Service	HotelParcel	95101507	Hotel parcel	A defined piece of land used to house a hotel	UNSPSC	commodity	Land and Buildings and Structures and Thoroughfares	95000000	Land parcels	95100000	Residential land parcel	95101500		
https://napcs.org.ai/Service/MotelParcel	napcs.org.ai	Service	MotelParcel	95101508	Motel parcel	A defined piece of land used to house a motel	UNSPSC	commodity	Land and Buildings and Structures and Thoroughfares	95000000	Land parcels	95100000	Residential land parcel	95101500		
https://napcs.org.ai/Service/MobileHomeParcel	napcs.org.ai	Service	MobileHomeParcel	95101509	Mobile home parcel	A defined piece of land used to house a mobile home	UNSPSC	commodity	Land and Buildings and Structures and Thoroughfares	95000000	Land parcels	95100000	Residential land parcel	95101500		
https://napcs.org.ai/Service/MobileHomePark	napcs.org.ai	Service	MobileHomePark	95101510	Mobile home park	A defined piece of land used to house a mobile home park	UNSPSC	commodity	Land and Buildings and Structures and Thoroughfares	95000000	Land parcels	95100000	Residential land parcel	95101500		
https://napcs.org.ai/Service/BusinessPark	napcs.org.ai	Service	BusinessPark	95101601	Business park	A defined piece of land used to house a business park	UNSPSC	commodity	Land and Buildings and Structures and Thoroughfares	95000000	Land parcels	95100000	Commercial land parcels	95101600		
https://napcs.org.ai/Service/OfficeCampus	napcs.org.ai	Service	OfficeCampus	95101602	Office campus	A defined piece of land used to house a office campus	UNSPSC	commodity	Land and Buildings and Structures and Thoroughfares	95000000	Land parcels	95100000	Commercial land parcels	95101600		
https://napcs.org.ai/Service/StripMallSite	napcs.org.ai	Service	StripMallSite	95101603	Strip mall site	A defined piece of land used to house a strip mall	UNSPSC	commodity	Land and Buildings and Structures and Thoroughfares	95000000	Land parcels	95100000	Commercial land parcels	95101600		
https://napcs.org.ai/Service/Airpark	napcs.org.ai	Service	Airpark	95101701	Airpark	A defined piece of land used to house an airpark	UNSPSC	commodity	Land and Buildings and Structures and Thoroughfares	95000000	Land parcels	95100000	Industrial land parcels	95101700		
https://napcs.org.ai/Service/AssemblyPlantSite	napcs.org.ai	Service	AssemblyPlantSite	95101702	Assembly plant site	A defined piece of land used to house an assembly plant	UNSPSC	commodity	Land and Buildings and Structures and Thoroughfares	95000000	Land parcels	95100000	Industrial land parcels	95101700		
https://napcs.org.ai/Service/FactorySite	napcs.org.ai	Service	FactorySite	95101703	Factory site	A defined piece of land used to house a factory	UNSPSC	commodity	Land and Buildings and Structures and Thoroughfares	95000000	Land parcels	95100000	Industrial land parcels	95101700		
https://napcs.org.ai/Service/ManufacturingPlantSite	napcs.org.ai	Service	ManufacturingPlantSite	95101704	Manufacturing plant site	A defined piece of land used to house a manufacturing plant	UNSPSC	commodity	Land and Buildings and Structures and Thoroughfares	95000000	Land parcels	95100000	Industrial land parcels	95101700		
https://napcs.org.ai/Service/MarinaSite	napcs.org.ai	Service	MarinaSite	95101705	Marina site	A defined piece of land used to house a marina	UNSPSC	commodity	Land and Buildings and Structures and Thoroughfares	95000000	Land parcels	95100000	Industrial land parcels	95101700		
https://napcs.org.ai/Service/PackingPlantSite	napcs.org.ai	Service	PackingPlantSite	95101706	Packing plant site	A defined piece of land used to house a packing plant	UNSPSC	commodity	Land and Buildings and Structures and Thoroughfares	95000000	Land parcels	95100000	Industrial land parcels	95101700		
https://napcs.org.ai/Service/TelecommunicationSite	napcs.org.ai	Service	TelecommunicationSite	95101707	Telecommunication site	A defined piece of land used to house a telecommunications site	UNSPSC	commodity	Land and Buildings and Structures and Thoroughfares	95000000	Land parcels	95100000	Industrial land parcels	95101700		
https://napcs.org.ai/Service/UtilitySite	napcs.org.ai	Service	UtilitySite	95101708	Utility site	A defined piece of land used to house a utility	UNSPSC	commodity	Land and Buildings and Structures and Thoroughfares	95000000	Land parcels	95100000	Industrial land parcels	95101700		
https://napcs.org.ai/Service/ArmyBase	napcs.org.ai	Service	ArmyBase	95101801	Army base	A defined piece of land used to house an army base	UNSPSC	commodity	Land and Buildings and Structures and Thoroughfares	95000000	Land parcels	95100000	Governmental land parcels	95101800		
https://napcs.org.ai/Service/NavalBase	napcs.org.ai	Service	NavalBase	95101802	Naval base	A defined piece of land used to house a naval base	UNSPSC	commodity	Land and Buildings and Structures and Thoroughfares	95000000	Land parcels	95100000	Governmental land parcels	95101800		
https://napcs.org.ai/Service/AirForceBase	napcs.org.ai	Service	AirForceBase	95101803	Air force base	A defined piece of land used to house an air force base	UNSPSC	commodity	Land and Buildings and Structures and Thoroughfares	95000000	Land parcels	95100000	Governmental land parcels	95101800		
https://napcs.org.ai/Service/MarineBase	napcs.org.ai	Service	MarineBase	95101804	Marine base	A defined piece of land used to house a marine base	UNSPSC	commodity	Land and Buildings and Structures and Thoroughfares	95000000	Land parcels	95100000	Governmental land parcels	95101800		
https://napcs.org.ai/Service/NationalOrStatePark	napcs.org.ai	Service	NationalOrStatePark	95101805	National or state park	A defined piece of land used to house a national or state park	UNSPSC	commodity	Land and Buildings and Structures and Thoroughfares	95000000	Land parcels	95100000	Governmental land parcels	95101800		
https://napcs.org.ai/Service/NationalGuardBase	napcs.org.ai	Service	NationalGuardBase	95101806	National guard base	A defined piece of land used to house a national guard base	UNSPSC	commodity	Land and Buildings and Structures and Thoroughfares	95000000	Land parcels	95100000	Governmental land parcels	95101800		
https://napcs.org.ai/Service/Farm	napcs.org.ai	Service	Farm	95101901	Farm	A defined piece of land used to grow crops	UNSPSC	commodity	Land and Buildings and Structures and Thoroughfares	95000000	Land parcels	95100000	Agricultural land	95101900		
https://napcs.org.ai/Service/Ranch	napcs.org.ai	Service	Ranch	95101902	Ranch	A defined piece of land used to raise livestock	UNSPSC	commodity	Land and Buildings and Structures and Thoroughfares	95000000	Land parcels	95100000	Agricultural land	95101900		
https://napcs.org.ai/Service/Orchard	napcs.org.ai	Service	Orchard	95101903	Orchard	A defined piece of land used to manage crop bearing trees	UNSPSC	commodity	Land and Buildings and Structures and Thoroughfares	95000000	Land parcels	95100000	Agricultural land	95101900		
https://napcs.org.ai/Service/Easement	napcs.org.ai	Service	Easement	95111501	Easement	the convened ability to use property that is owned by others	UNSPSC	commodity	Land and Buildings and Structures and Thoroughfares	95000000	Thoroughfares	95110000	Limited traffic thoroughfares	95111500		
https://napcs.org.ai/Service/RightOfWay	napcs.org.ai	Service	RightOfWay	95111502	Right of way	The conveyed ability to pass over the property that is owned by others	UNSPSC	commodity	Land and Buildings and Structures and Thoroughfares	95000000	Thoroughfares	95110000	Limited traffic thoroughfares	95111500		
https://napcs.org.ai/Service/AccessRoads	napcs.org.ai	Service	AccessRoads	95111503	Access roads	A road whose purpose is to provide access to another site	UNSPSC	commodity	Land and Buildings and Structures and Thoroughfares	95000000	Thoroughfares	95110000	Limited traffic thoroughfares	95111500		
https://napcs.org.ai/Service/HighwayRampOrSlipRoad	napcs.org.ai	Service	HighwayRampOrSlipRoad	95111504	Highway ramp or slip road	A short length of road that enables vehicles to enter or exit a highway.	UNSPSC	commodity	Land and Buildings and Structures and Thoroughfares	95000000	Thoroughfares	95110000	Limited traffic thoroughfares	95111500		
https://napcs.org.ai/Service/StreetOrAvenueOrRoadOrBoulevard	napcs.org.ai	Service	StreetOrAvenueOrRoadOrBoulevard	95111601	Street or avenue or road or boulevard	A type of thoroughfare usually urban for local public travel or transportation	UNSPSC	commodity	Land and Buildings and Structures and Thoroughfares	95000000	Thoroughfares	95110000	Open traffic thoroughfares	95111600		
https://napcs.org.ai/Service/IntrastateHighwayOrFreewayOrTurnpike	napcs.org.ai	Service	IntrastateHighwayOrFreewayOrTurnpike	95111602	Intrastate highway or freeway or turnpike	A main route for travel or transportation between cities within a state	UNSPSC	commodity	Land and Buildings and Structures and Thoroughfares	95000000	Thoroughfares	95110000	Open traffic thoroughfares	95111600		
https://napcs.org.ai/Service/InterstateHighwayOrFreewayOrTurnpike	napcs.org.ai	Service	InterstateHighwayOrFreewayOrTurnpike	95111603	Interstate highway or freeway or turnpike	A main route for travel or transportation between cities that passes through two or more states	UNSPSC	commodity	Land and Buildings and Structures and Thoroughfares	95000000	Thoroughfares	95110000	Open traffic thoroughfares	95111600		
https://napcs.org.ai/Service/RailwayLine	napcs.org.ai	Service	RailwayLine	95111604	Railway line	A type of thoroughfare for local public travel or transportation via train	UNSPSC	commodity	Land and Buildings and Structures and Thoroughfares	95000000	Thoroughfares	95110000	Open traffic thoroughfares	95111600		
https://napcs.org.ai/Service/SubwayLine	napcs.org.ai	Service	SubwayLine	95111605	Subway line	A type of thoroughfare for local public travel or transportation via subway	UNSPSC	commodity	Land and Buildings and Structures and Thoroughfares	95000000	Thoroughfares	95110000	Open traffic thoroughfares	95111600		
https://napcs.org.ai/Service/LightRailLine	napcs.org.ai	Service	LightRailLine	95111606	Light rail line	A type of thoroughfare for local public travel or transportation via light rail cars	UNSPSC	commodity	Land and Buildings and Structures and Thoroughfares	95000000	Thoroughfares	95110000	Open traffic thoroughfares	95111600		
https://napcs.org.ai/Service/StreetCarOrTrolleyLine	napcs.org.ai	Service	StreetCarOrTrolleyLine	95111607	Street car or trolley line	A type of thoroughfare for local public travel or transportation via street car or trolley car only	UNSPSC	commodity	Land and Buildings and Structures and Thoroughfares	95000000	Thoroughfares	95110000	Open traffic thoroughfares	95111600		
https://napcs.org.ai/Service/BikePath	napcs.org.ai	Service	BikePath	95111608	Bike path	A type of thoroughfare for public travel or transportation via bicycle only	UNSPSC	commodity	Land and Buildings and Structures and Thoroughfares	95000000	Thoroughfares	95110000	Open traffic thoroughfares	95111600		
https://napcs.org.ai/Service/Crossroad	napcs.org.ai	Service	Crossroad	95111609	Crossroad	A road that intersects with a main road	UNSPSC	commodity	Land and Buildings and Structures and Thoroughfares	95000000	Thoroughfares	95110000	Open traffic thoroughfares	95111600		
https://napcs.org.ai/Service/RingRoad	napcs.org.ai	Service	RingRoad	95111610	Ring road	a road that encircles a town or city	UNSPSC	commodity	Land and Buildings and Structures and Thoroughfares	95000000	Thoroughfares	95110000	Open traffic thoroughfares	95111600		
https://napcs.org.ai/Service/TrunkRoad	napcs.org.ai	Service	TrunkRoad	95111611	Trunk road	A major road that connects two or more cities	UNSPSC	commodity	Land and Buildings and Structures and Thoroughfares	95000000	Thoroughfares	95110000	Open traffic thoroughfares	95111600		
https://napcs.org.ai/Service/SecondaryRoad	napcs.org.ai	Service	SecondaryRoad	95111612	Secondary road	A constricted road with limited use	UNSPSC	commodity	Land and Buildings and Structures and Thoroughfares	95000000	Thoroughfares	95110000	Open traffic thoroughfares	95111600		
https://napcs.org.ai/Service/DualCarriageway	napcs.org.ai	Service	DualCarriageway	95111613	Dual carriageway	A road with a median in between the two directions of traffic	UNSPSC	commodity	Land and Buildings and Structures and Thoroughfares	95000000	Thoroughfares	95110000	Open traffic thoroughfares	95111600		
https://napcs.org.ai/Service/SingleCarriageway	napcs.org.ai	Service	SingleCarriageway	95111614	Single carriageway	A road with no physical separation between lines of traffic	UNSPSC	commodity	Land and Buildings and Structures and Thoroughfares	95000000	Thoroughfares	95110000	Open traffic thoroughfares	95111600		
https://napcs.org.ai/Service/RoadJunction	napcs.org.ai	Service	RoadJunction	95111615	Road junction	A place where two roads join together or intersect	UNSPSC	commodity	Land and Buildings and Structures and Thoroughfares	95000000	Thoroughfares	95110000	Open traffic thoroughfares	95111600		
https://napcs.org.ai/Service/PedestrianWay	napcs.org.ai	Service	PedestrianWay	95111616	Pedestrian way	A trail or route dedicated for use by pedestrians	UNSPSC	commodity	Land and Buildings and Structures and Thoroughfares	95000000	Thoroughfares	95110000	Open traffic thoroughfares	95111600		
https://napcs.org.ai/Service/Footpath	napcs.org.ai	Service	Footpath	95111617	Footpath	A non formal pedestrian trail	UNSPSC	commodity	Land and Buildings and Structures and Thoroughfares	95000000	Thoroughfares	95110000	Open traffic thoroughfares	95111600		
https://napcs.org.ai/Service/ShoppingMall	napcs.org.ai	Service	ShoppingMall	95121501	Shopping mall	A group of buildings that house a large number of retail establishments	UNSPSC	commodity	Land and Buildings and Structures and Thoroughfares	95000000	Permanent buildings and structures	95120000	Commercial and entertainment buildings and structures	95121500		
https://napcs.org.ai/Service/ParkingStructure	napcs.org.ai	Service	ParkingStructure	95121502	Parking structure	A building or structure that is used for the rental of parking to the general public	UNSPSC	commodity	Land and Buildings and Structures and Thoroughfares	95000000	Permanent buildings and structures	95120000	Commercial and entertainment buildings and structures	95121500		
https://napcs.org.ai/Service/Cafeteria	napcs.org.ai	Service	Cafeteria	95121503	Cafeteria	A building used for dining purposes in which there is little or no waiting staff table service	UNSPSC	commodity	Land and Buildings and Structures and Thoroughfares	95000000	Permanent buildings and structures	95120000	Commercial and entertainment buildings and structures	95121500		
https://napcs.org.ai/Service/ShopBuilding	napcs.org.ai	Service	ShopBuilding	95121504	Shop building	Buildings that house a single business engaged in direct sales	UNSPSC	commodity	Land and Buildings and Structures and Thoroughfares	95000000	Permanent buildings and structures	95120000	Commercial and entertainment buildings and structures	95121500		
https://napcs.org.ai/Service/ShoppingCenter	napcs.org.ai	Service	ShoppingCenter	95121505	Shopping center	A building that includes several shops	UNSPSC	commodity	Land and Buildings and Structures and Thoroughfares	95000000	Permanent buildings and structures	95120000	Commercial and entertainment buildings and structures	95121500		
https://napcs.org.ai/Service/Theater	napcs.org.ai	Service	Theater	95121506	Theater	A place where either movies or other performing art events are held	UNSPSC	commodity	Land and Buildings and Structures and Thoroughfares	95000000	Permanent buildings and structures	95120000	Commercial and entertainment buildings and structures	95121500		
https://napcs.org.ai/Service/Market	napcs.org.ai	Service	Market	95121507	Market	A place that allows buyers and sellers to exchange any type of goods, services and information	UNSPSC	commodity	Land and Buildings and Structures and Thoroughfares	95000000	Permanent buildings and structures	95120000	Commercial and entertainment buildings and structures	95121500		
https://napcs.org.ai/Service/ChildrensPlayAreaOrPlayground	napcs.org.ai	Service	ChildrensPlayAreaOrPlayground	95121508	Childrens play area or playground	A place with equipment and accessories used by children to play	UNSPSC	commodity	Land and Buildings and Structures and Thoroughfares	95000000	Permanent buildings and structures	95120000	Commercial and entertainment buildings and structures	95121500		
https://napcs.org.ai/Service/Garden	napcs.org.ai	Service	Garden	95121510	Garden	A place where various botanicals are housed and maintained for the intent of public perusal	UNSPSC	commodity	Land and Buildings and Structures and Thoroughfares	95000000	Permanent buildings and structures	95120000	Commercial and entertainment buildings and structures	95121500		
https://napcs.org.ai/Service/Park	napcs.org.ai	Service	Park	95121511	Park	A section of land dedicated to publicly accessible leisure	UNSPSC	commodity	Land and Buildings and Structures and Thoroughfares	95000000	Permanent buildings and structures	95120000	Commercial and entertainment buildings and structures	95121500		
https://napcs.org.ai/Service/WatersideLeisureFacility	napcs.org.ai	Service	WatersideLeisureFacility	95121512	Waterside leisure facility	A section of land with a water feature dedicated to publicly accessible leisure	UNSPSC	commodity	Land and Buildings and Structures and Thoroughfares	95000000	Permanent buildings and structures	95120000	Commercial and entertainment buildings and structures	95121500		
https://napcs.org.ai/Service/Bank	napcs.org.ai	Service	Bank	95121513	Bank	A building where banking operations are conducted	UNSPSC	commodity	Land and Buildings and Structures and Thoroughfares	95000000	Permanent buildings and structures	95120000	Commercial and entertainment buildings and structures	95121500		
https://napcs.org.ai/Service/TicketOffice	napcs.org.ai	Service	TicketOffice	95121514	Ticket office	A place where tickets for various events are sold	UNSPSC	commodity	Land and Buildings and Structures and Thoroughfares	95000000	Permanent buildings and structures	95120000	Commercial and entertainment buildings and structures	95121500		
https://napcs.org.ai/Service/ArtificialWaterFall	napcs.org.ai	Service	ArtificialWaterFall	95121515	Artificial water fall	A man made water fall attraction	UNSPSC	commodity	Land and Buildings and Structures and Thoroughfares	95000000	Permanent buildings and structures	95120000	Commercial and entertainment buildings and structures	95121500		
https://napcs.org.ai/Service/ArtificialRockAndRockwall	napcs.org.ai	Service	ArtificialRockAndRockwall	95121516	Artificial rock and rockwall	A rock wall made from synthetic materials and synthetic rocks	UNSPSC	commodity	Land and Buildings and Structures and Thoroughfares	95000000	Permanent buildings and structures	95120000	Commercial and entertainment buildings and structures	95121500		
https://napcs.org.ai/Service/Crematorium	napcs.org.ai	Service	Crematorium	95121517	Crematorium	A building where cremations are done	UNSPSC	commodity	Land and Buildings and Structures and Thoroughfares	95000000	Permanent buildings and structures	95120000	Commercial and entertainment buildings and structures	95121500		
https://napcs.org.ai/Service/SteelBridge	napcs.org.ai	Service	SteelBridge	95121601	Steel bridge	A structure that spans a body of water that is made predominantly of steel	UNSPSC	commodity	Land and Buildings and Structures and Thoroughfares	95000000	Permanent buildings and structures	95120000	Transport buildings and structures	95121600		
https://napcs.org.ai/Service/DryDock	napcs.org.ai	Service	DryDock	95121602	Dry dock	A place where ships and boats are brought to be repaired and maintained	UNSPSC	commodity	Land and Buildings and Structures and Thoroughfares	95000000	Permanent buildings and structures	95120000	Transport buildings and structures	95121600		
https://napcs.org.ai/Service/BusStation	napcs.org.ai	Service	BusStation	95121603	Bus station	A place where buses stop and congregate so passengers can embark and disembark	UNSPSC	commodity	Land and Buildings and Structures and Thoroughfares	95000000	Permanent buildings and structures	95120000	Transport buildings and structures	95121600		
https://napcs.org.ai/Service/BusGarage	napcs.org.ai	Service	BusGarage	95121604	Bus garage	A place where buses are repaired or maintained	UNSPSC	commodity	Land and Buildings and Structures and Thoroughfares	95000000	Permanent buildings and structures	95120000	Transport buildings and structures	95121600		
https://napcs.org.ai/Service/RailwayStation	napcs.org.ai	Service	RailwayStation	95121606	Railway station	A place where trains stop and congregate so passengers can embark and disembark	UNSPSC	commodity	Land and Buildings and Structures and Thoroughfares	95000000	Permanent buildings and structures	95120000	Transport buildings and structures	95121600		
https://napcs.org.ai/Service/RailwayDepot	napcs.org.ai	Service	RailwayDepot	95121607	Railway depot	A centralized place for train lines to merge and for rolling stock to be stored	UNSPSC	commodity	Land and Buildings and Structures and Thoroughfares	95000000	Permanent buildings and structures	95120000	Transport buildings and structures	95121600		
https://napcs.org.ai/Service/UndergroundRailwayStation	napcs.org.ai	Service	UndergroundRailwayStation	95121608	Underground railway station	A place where underground trains stop and congregate so passengers can embark and disembark	UNSPSC	commodity	Land and Buildings and Structures and Thoroughfares	95000000	Permanent buildings and structures	95120000	Transport buildings and structures	95121600		
https://napcs.org.ai/Service/TramwayDepot	napcs.org.ai	Service	TramwayDepot	95121609	Tramway depot	A centralized place for tram lines to merge and for moving stock to be stored	UNSPSC	commodity	Land and Buildings and Structures and Thoroughfares	95000000	Permanent buildings and structures	95120000	Transport buildings and structures	95121600		
https://napcs.org.ai/Service/TramwayPlatform	napcs.org.ai	Service	TramwayPlatform	95121610	Tramway platform	A place where trams stop and congregate so passengers can embark and disembark	UNSPSC	commodity	Land and Buildings and Structures and Thoroughfares	95000000	Permanent buildings and structures	95120000	Transport buildings and structures	95121600		
https://napcs.org.ai/Service/AirportBuilding	napcs.org.ai	Service	AirportBuilding	95121611	Airport building	The buildings where by passengers and employees engage in the riding of airplanes	UNSPSC	commodity	Land and Buildings and Structures and Thoroughfares	95000000	Permanent buildings and structures	95120000	Transport buildings and structures	95121600		
https://napcs.org.ai/Service/AirportControlTower	napcs.org.ai	Service	AirportControlTower	95121612	Airport control tower	The centralized tower in an airport that controls the arrival and departure of all planes	UNSPSC	commodity	Land and Buildings and Structures and Thoroughfares	95000000	Permanent buildings and structures	95120000	Transport buildings and structures	95121600		
https://napcs.org.ai/Service/Airfield	napcs.org.ai	Service	Airfield	95121613	Airfield	The compendium of building structures and runways that are used for multiple airline operations	UNSPSC	commodity	Land and Buildings and Structures and Thoroughfares	95000000	Permanent buildings and structures	95120000	Transport buildings and structures	95121600		
https://napcs.org.ai/Service/Runway	napcs.org.ai	Service	Runway	95121614	Runway	A single strip dedicated to the departure and arrival of airplanes	UNSPSC	commodity	Land and Buildings and Structures and Thoroughfares	95000000	Permanent buildings and structures	95120000	Transport buildings and structures	95121600		
https://napcs.org.ai/Service/QuayOrWharf	napcs.org.ai	Service	QuayOrWharf	95121615	Quay or wharf	A structure built parallel to the bank of a waterway for use as a landing place.	UNSPSC	commodity	Land and Buildings and Structures and Thoroughfares	95000000	Permanent buildings and structures	95120000	Transport buildings and structures	95121600		
https://napcs.org.ai/Service/Pier	napcs.org.ai	Service	Pier	95121616	Pier	A pier is a raised structure over water, typically supported by widely spread piles or pillars	UNSPSC	commodity	Land and Buildings and Structures and Thoroughfares	95000000	Permanent buildings and structures	95120000	Transport buildings and structures	95121600		
https://napcs.org.ai/Service/Dock	napcs.org.ai	Service	Dock	95121617	Dock	A structure on the water used for building or repairing or loading and unloading ships or ferries	UNSPSC	commodity	Land and Buildings and Structures and Thoroughfares	95000000	Permanent buildings and structures	95120000	Transport buildings and structures	95121600		
https://napcs.org.ai/Service/Marina	napcs.org.ai	Service	Marina	95121618	Marina	A harbor with wharfs keeping boats and yachts and with services for recreational boating	UNSPSC	commodity	Land and Buildings and Structures and Thoroughfares	95000000	Permanent buildings and structures	95120000	Transport buildings and structures	95121600		
https://napcs.org.ai/Service/YachtHarbor	napcs.org.ai	Service	YachtHarbor	95121619	Yacht harbor	A harbor that is especially sized to accommodate very large boats or yachts	UNSPSC	commodity	Land and Buildings and Structures and Thoroughfares	95000000	Permanent buildings and structures	95120000	Transport buildings and structures	95121600		
https://napcs.org.ai/Service/Breakwater	napcs.org.ai	Service	Breakwater	95121620	Breakwater	A structure constructed on coasts as part of coastal defense or to protect an anchorage from the effects of weather and long shore drift.	UNSPSC	commodity	Land and Buildings and Structures and Thoroughfares	95000000	Permanent buildings and structures	95120000	Transport buildings and structures	95121600		
https://napcs.org.ai/Service/Seawall	napcs.org.ai	Service	Seawall	95121621	Seawall	A form of coastal defense constructed on the inland part of a coast to reduce the effects of strong waves.	UNSPSC	commodity	Land and Buildings and Structures and Thoroughfares	95000000	Permanent buildings and structures	95120000	Transport buildings and structures	95121600		
https://napcs.org.ai/Service/FerryTerminalBuilding	napcs.org.ai	Service	FerryTerminalBuilding	95121622	Ferry terminal building	A centralized location where ferryboats dock to load and unload passengers	UNSPSC	commodity	Land and Buildings and Structures and Thoroughfares	95000000	Permanent buildings and structures	95120000	Transport buildings and structures	95121600		
https://napcs.org.ai/Service/RoRoTerminal	napcs.org.ai	Service	RoRoTerminal	95121623	Ro ro terminal	A specialized type of ferry terminal featuring roll on and roll off capabilities.	UNSPSC	commodity	Land and Buildings and Structures and Thoroughfares	95000000	Permanent buildings and structures	95120000	Transport buildings and structures	95121600		
https://napcs.org.ai/Service/Lighthouse	napcs.org.ai	Service	Lighthouse	95121624	Lighthouse	A tower, building, or other type of structure designed to emit light that is used as an aid to navigation for pilots at sea or on inland waterways.	UNSPSC	commodity	Land and Buildings and Structures and Thoroughfares	95000000	Permanent buildings and structures	95120000	Transport buildings and structures	95121600		
https://napcs.org.ai/Service/RoadBridge	napcs.org.ai	Service	RoadBridge	95121625	Road bridge	A bridge used to span a road for the purpose of allowing traffic to traverse the road	UNSPSC	commodity	Land and Buildings and Structures and Thoroughfares	95000000	Permanent buildings and structures	95120000	Transport buildings and structures	95121600		
https://napcs.org.ai/Service/RailwayBridge	napcs.org.ai	Service	RailwayBridge	95121626	Railway bridge	A bridge used to span an obstacle for the purpose of allowing railways to traverse the obstacle	UNSPSC	commodity	Land and Buildings and Structures and Thoroughfares	95000000	Permanent buildings and structures	95120000	Transport buildings and structures	95121600		
https://napcs.org.ai/Service/Footbridge	napcs.org.ai	Service	Footbridge	95121627	Footbridge	A bridge allowing pedestrians to span an obstacle while on a path	UNSPSC	commodity	Land and Buildings and Structures and Thoroughfares	95000000	Permanent buildings and structures	95120000	Transport buildings and structures	95121600		
https://napcs.org.ai/Service/RoadViaduct	napcs.org.ai	Service	RoadViaduct	95121628	Road viaduct	A bridge of several small spans used to span a road for the purpose of allowing traffic to traverse the road	UNSPSC	commodity	Land and Buildings and Structures and Thoroughfares	95000000	Permanent buildings and structures	95120000	Transport buildings and structures	95121600		
https://napcs.org.ai/Service/RailwayViaduct	napcs.org.ai	Service	RailwayViaduct	95121629	Railway viaduct	A bridge of several small spans used to span an obstacle for the purpose of allowing railways to traverse the obstacle	UNSPSC	commodity	Land and Buildings and Structures and Thoroughfares	95000000	Permanent buildings and structures	95120000	Transport buildings and structures	95121600		
https://napcs.org.ai/Service/Underpass	napcs.org.ai	Service	Underpass	95121630	Underpass	A part of a road or highway that travels underneath another road or obstacle	UNSPSC	commodity	Land and Buildings and Structures and Thoroughfares	95000000	Permanent buildings and structures	95120000	Transport buildings and structures	95121600		
https://napcs.org.ai/Service/Overpass	napcs.org.ai	Service	Overpass	95121631	Overpass	A part of a road or highway that travels above another road or obstacle	UNSPSC	commodity	Land and Buildings and Structures and Thoroughfares	95000000	Permanent buildings and structures	95120000	Transport buildings and structures	95121600		
https://napcs.org.ai/Service/Subway	napcs.org.ai	Service	Subway	95121632	Subway	An underground train system	UNSPSC	commodity	Land and Buildings and Structures and Thoroughfares	95000000	Permanent buildings and structures	95120000	Transport buildings and structures	95121600		
https://napcs.org.ai/Service/Culvert	napcs.org.ai	Service	Culvert	95121633	Culvert	A device used to channel water	UNSPSC	commodity	Land and Buildings and Structures and Thoroughfares	95000000	Permanent buildings and structures	95120000	Transport buildings and structures	95121600		
https://napcs.org.ai/Service/RoadTunnel	napcs.org.ai	Service	RoadTunnel	95121634	Road tunnel	An underground or underwater passageway for a road, completely enclosed except for openings for egress, commonly at each end.	UNSPSC	commodity	Land and Buildings and Structures and Thoroughfares	95000000	Permanent buildings and structures	95120000	Transport buildings and structures	95121600		
https://napcs.org.ai/Service/RailwayTunnel	napcs.org.ai	Service	RailwayTunnel	95121635	Railway tunnel	An underground or underwater passageway for a railway, completely enclosed except for openings for egress, commonly at each end.	UNSPSC	commodity	Land and Buildings and Structures and Thoroughfares	95000000	Permanent buildings and structures	95120000	Transport buildings and structures	95121600		
https://napcs.org.ai/Service/PedestrianTunnel	napcs.org.ai	Service	PedestrianTunnel	95121636	Pedestrian tunnel	An underground or underwater passageway for pedestrians, completely enclosed except for openings for egress, commonly at each end.	UNSPSC	commodity	Land and Buildings and Structures and Thoroughfares	95000000	Permanent buildings and structures	95120000	Transport buildings and structures	95121600		
https://napcs.org.ai/Service/CanalTunnel	napcs.org.ai	Service	CanalTunnel	95121637	Canal tunnel	A tunnel for a canal.	UNSPSC	commodity	Land and Buildings and Structures and Thoroughfares	95000000	Permanent buildings and structures	95120000	Transport buildings and structures	95121600		
https://napcs.org.ai/Service/PedestrianOverpass	napcs.org.ai	Service	PedestrianOverpass	95121638	Pedestrian overpass	A part of a pedestrian trail that travels above another road or obstacle	UNSPSC	commodity	Land and Buildings and Structures and Thoroughfares	95000000	Permanent buildings and structures	95120000	Transport buildings and structures	95121600		
https://napcs.org.ai/Service/PipelineCarryingBridge	napcs.org.ai	Service	PipelineCarryingBridge	95121639	Pipeline carrying bridge	A bridge that spans an obstacle for the benefit of a pipeline	UNSPSC	commodity	Land and Buildings and Structures and Thoroughfares	95000000	Permanent buildings and structures	95120000	Transport buildings and structures	95121600		
https://napcs.org.ai/Service/Pipeline	napcs.org.ai	Service	Pipeline	95121640	Pipeline	A group of connected pipes , completely connected except for openings for egress, commonly at each end.	UNSPSC	commodity	Land and Buildings and Structures and Thoroughfares	95000000	Permanent buildings and structures	95120000	Transport buildings and structures	95121600		
https://napcs.org.ai/Service/PumpingStation	napcs.org.ai	Service	PumpingStation	95121641	Pumping station	A location along a pipeline that pumps the content inside the pipes along a pipeline	UNSPSC	commodity	Land and Buildings and Structures and Thoroughfares	95000000	Permanent buildings and structures	95120000	Transport buildings and structures	95121600		
https://napcs.org.ai/Service/SewagePumpingStation	napcs.org.ai	Service	SewagePumpingStation	95121642	Sewage pumping station	A location along a sewage pipeline that pumps the content inside the pipes along a pipeline	UNSPSC	commodity	Land and Buildings and Structures and Thoroughfares	95000000	Permanent buildings and structures	95120000	Transport buildings and structures	95121600		
https://napcs.org.ai/Service/SewageOutfall	napcs.org.ai	Service	SewageOutfall	95121643	Sewage outfall	The part of a sewage pipeline from which the sewage exudes at the end into a collection area	UNSPSC	commodity	Land and Buildings and Structures and Thoroughfares	95000000	Permanent buildings and structures	95120000	Transport buildings and structures	95121600		
https://napcs.org.ai/Service/ParkingLot	napcs.org.ai	Service	ParkingLot	95121644	Parking lot	An outdoor piece of land dedicated to the parking of cars	UNSPSC	commodity	Land and Buildings and Structures and Thoroughfares	95000000	Permanent buildings and structures	95120000	Transport buildings and structures	95121600		
https://napcs.org.ai/Service/BicycleParkingRack	napcs.org.ai	Service	BicycleParkingRack	95121646	Bicycle parking rack	A structure where bicycle storage structures have been erected for use	UNSPSC	commodity	Land and Buildings and Structures and Thoroughfares	95000000	Permanent buildings and structures	95120000	Transport buildings and structures	95121600		
https://napcs.org.ai/Service/ElevatedRoadwayOrHighway	napcs.org.ai	Service	ElevatedRoadwayOrHighway	95121647	Elevated roadway or highway		UNSPSC	commodity	Land and Buildings and Structures and Thoroughfares	95000000	Permanent buildings and structures	95120000	Transport buildings and structures	95121600		
https://napcs.org.ai/Service/PostOffice	napcs.org.ai	Service	PostOffice	95121701	Post office	A building used to house postal operations	UNSPSC	commodity	Land and Buildings and Structures and Thoroughfares	95000000	Permanent buildings and structures	95120000	Public buildings and structures	95121700		
https://napcs.org.ai/Service/PoliceStation	napcs.org.ai	Service	PoliceStation	95121702	Police station	A building used to house police operations	UNSPSC	commodity	Land and Buildings and Structures and Thoroughfares	95000000	Permanent buildings and structures	95120000	Public buildings and structures	95121700		
https://napcs.org.ai/Service/CourtBuilding	napcs.org.ai	Service	CourtBuilding	95121703	Court building	A building used to house judiciary operations	UNSPSC	commodity	Land and Buildings and Structures and Thoroughfares	95000000	Permanent buildings and structures	95120000	Public buildings and structures	95121700		
https://napcs.org.ai/Service/PrisonBuilding	napcs.org.ai	Service	PrisonBuilding	95121704	Prison building	A building used to house prisoners for periods over 1 year	UNSPSC	commodity	Land and Buildings and Structures and Thoroughfares	95000000	Permanent buildings and structures	95120000	Public buildings and structures	95121700		
https://napcs.org.ai/Service/FireStation	napcs.org.ai	Service	FireStation	95121705	Fire station	A building used to house fire department operations	UNSPSC	commodity	Land and Buildings and Structures and Thoroughfares	95000000	Permanent buildings and structures	95120000	Public buildings and structures	95121700		
https://napcs.org.ai/Service/AmbulanceStation	napcs.org.ai	Service	AmbulanceStation	95121706	Ambulance station	A building where ambulances are stored and maintained	UNSPSC	commodity	Land and Buildings and Structures and Thoroughfares	95000000	Permanent buildings and structures	95120000	Public buildings and structures	95121700		
https://napcs.org.ai/Service/MountainRescueBuilding	napcs.org.ai	Service	MountainRescueBuilding	95121707	Mountain rescue building	A building where mountain rescue services are housed and maintained	UNSPSC	commodity	Land and Buildings and Structures and Thoroughfares	95000000	Permanent buildings and structures	95120000	Public buildings and structures	95121700		
https://napcs.org.ai/Service/LifeboatStation	napcs.org.ai	Service	LifeboatStation	95121708	Lifeboat station	A building where lifeboats are stored and maintained	UNSPSC	commodity	Land and Buildings and Structures and Thoroughfares	95000000	Permanent buildings and structures	95120000	Public buildings and structures	95121700		
https://napcs.org.ai/Service/CoastguardBuilding	napcs.org.ai	Service	CoastguardBuilding	95121709	Coastguard building	A building where coastguard personnel and equipment are housed	UNSPSC	commodity	Land and Buildings and Structures and Thoroughfares	95000000	Permanent buildings and structures	95120000	Public buildings and structures	95121700		
https://napcs.org.ai/Service/CivicCenter	napcs.org.ai	Service	CivicCenter	95121711	Civic center	A building or structure where local government endowed activities and events are housed	UNSPSC	commodity	Land and Buildings and Structures and Thoroughfares	95000000	Permanent buildings and structures	95120000	Public buildings and structures	95121700		
https://napcs.org.ai/Service/ArtGallery	napcs.org.ai	Service	ArtGallery	95121712	Art gallery	A building or structure where art is on display	UNSPSC	commodity	Land and Buildings and Structures and Thoroughfares	95000000	Permanent buildings and structures	95120000	Public buildings and structures	95121700		
https://napcs.org.ai/Service/PrehistoricMonument	napcs.org.ai	Service	PrehistoricMonument	95121713	Prehistoric monument	A site where artifacts from prehistoric times are maintained and viewable	UNSPSC	commodity	Land and Buildings and Structures and Thoroughfares	95000000	Permanent buildings and structures	95120000	Public buildings and structures	95121700		
https://napcs.org.ai/Service/PublicChangingRoomAndShowerFacility	napcs.org.ai	Service	PublicChangingRoomAndShowerFacility	95121714	Public changing room and shower facility	These are local government or publicly owned and maintained facilities for public use. They are most frequently near beaches and lakes. They have showers and toilets within the same facility and enable people to change from casual clothes into swim wear, swim, shower and change back into casual clothes.	UNSPSC	commodity	Land and Buildings and Structures and Thoroughfares	95000000	Permanent buildings and structures	95120000	Public buildings and structures	95121700		
https://napcs.org.ai/Service/PublicToiletFacility	napcs.org.ai	Service	PublicToiletFacility	95121715	Public toilet facility	Local government owned and maintained toilet block facilities for public use.	UNSPSC	commodity	Land and Buildings and Structures and Thoroughfares	95000000	Permanent buildings and structures	95120000	Public buildings and structures	95121700		
https://napcs.org.ai/Service/RadarStation	napcs.org.ai	Service	RadarStation	95121801	Radar station	A building or structure where radar is used	UNSPSC	commodity	Land and Buildings and Structures and Thoroughfares	95000000	Permanent buildings and structures	95120000	Utility buildings and structures	95121800		
https://napcs.org.ai/Service/Substation	napcs.org.ai	Service	Substation	95121802	Substation	A building or structure used to house a minor component of a utility	UNSPSC	commodity	Land and Buildings and Structures and Thoroughfares	95000000	Permanent buildings and structures	95120000	Utility buildings and structures	95121800		
https://napcs.org.ai/Service/NuclearPowerStation	napcs.org.ai	Service	NuclearPowerStation	95121803	Nuclear power station	A power generating station based on nuclear power	UNSPSC	commodity	Land and Buildings and Structures and Thoroughfares	95000000	Permanent buildings and structures	95120000	Utility buildings and structures	95121800		
https://napcs.org.ai/Service/WaterTower	napcs.org.ai	Service	WaterTower	95121804	Water tower	A structure above ground used to hold large volumes of water for eventual use	UNSPSC	commodity	Land and Buildings and Structures and Thoroughfares	95000000	Permanent buildings and structures	95120000	Utility buildings and structures	95121800		
https://napcs.org.ai/Service/Well	napcs.org.ai	Service	Well	95121805	Well	A hole bored into the earth yielding water or other valuable liquids	UNSPSC	commodity	Land and Buildings and Structures and Thoroughfares	95000000	Permanent buildings and structures	95120000	Utility buildings and structures	95121800		
https://napcs.org.ai/Service/MobileTelephoneBaseStation	napcs.org.ai	Service	MobileTelephoneBaseStation	95121806	Mobile telephone base station	A mobile site where telephone equipment is located that provides cellular service	UNSPSC	commodity	Land and Buildings and Structures and Thoroughfares	95000000	Permanent buildings and structures	95120000	Utility buildings and structures	95121800		
https://napcs.org.ai/Service/Dam	napcs.org.ai	Service	Dam	95121807	Dam	A structure used to constrict and reserve water for planned future use	UNSPSC	commodity	Land and Buildings and Structures and Thoroughfares	95000000	Permanent buildings and structures	95120000	Utility buildings and structures	95121800		
https://napcs.org.ai/Service/MovableWeir	napcs.org.ai	Service	MovableWeir	95121809	Movable weir	A water level control structure similar to a small dam designed to regulate water flow volume by opening and shutting in accordance with the rise and fall of water level.	UNSPSC	commodity	Land and Buildings and Structures and Thoroughfares	95000000	Permanent buildings and structures	95120000	Utility buildings and structures	95121800		
https://napcs.org.ai/Service/IrrigationAndFloodControlWaterworks	napcs.org.ai	Service	IrrigationAndFloodControlWaterworks	95121810	Irrigation and flood control waterworks		UNSPSC	commodity	Land and Buildings and Structures and Thoroughfares	95000000	Permanent buildings and structures	95120000	Utility buildings and structures	95121800		
https://napcs.org.ai/Service/AquaductOrOtherWaterSupplyConduitExceptPipeline	napcs.org.ai	Service	AquaductOrOtherWaterSupplyConduitExceptPipeline	95121811	Aquaduct or other water supply conduit, except pipeline		UNSPSC	commodity	Land and Buildings and Structures and Thoroughfares	95000000	Permanent buildings and structures	95120000	Utility buildings and structures	95121800		
https://napcs.org.ai/Service/FloatingStructure	napcs.org.ai	Service	FloatingStructure	95121812	Floating structure	Structure which automatically floats in line with fixed pillars in the flood area.	UNSPSC	commodity	Land and Buildings and Structures and Thoroughfares	95000000	Permanent buildings and structures	95120000	Utility buildings and structures	95121800		
https://napcs.org.ai/Service/Jetties	napcs.org.ai	Service	Jetties	95121813	Jetties	A jetty is a structure that projects from land out into water. A jetty may serve as a breakwater, as a walkway, or both; or, in pairs, as a means of constricting a channel. A variety of engineering structures connected with river, harbor, and coastal works designed to influence the current or tide or to protect a harbor or beach from waves (breakwater).	UNSPSC	commodity	Land and Buildings and Structures and Thoroughfares	95000000	Permanent buildings and structures	95120000	Utility buildings and structures	95121800		
https://napcs.org.ai/Service/PolytechnicSchool	napcs.org.ai	Service	PolytechnicSchool	95121901	Polytechnic school	A high school level school focused on vocational trades	UNSPSC	commodity	Land and Buildings and Structures and Thoroughfares	95000000	Permanent buildings and structures	95120000	Educational and research buildings and structures	95121900		
https://napcs.org.ai/Service/VocationalCollege	napcs.org.ai	Service	VocationalCollege	95121902	Vocational college	A two year college focused on vocational trades	UNSPSC	commodity	Land and Buildings and Structures and Thoroughfares	95000000	Permanent buildings and structures	95120000	Educational and research buildings and structures	95121900		
https://napcs.org.ai/Service/LectureTheater	napcs.org.ai	Service	LectureTheater	95121903	Lecture theater	A lecture theater is a building or structure where lectures and presentations for large audiences are held	UNSPSC	commodity	Land and Buildings and Structures and Thoroughfares	95000000	Permanent buildings and structures	95120000	Educational and research buildings and structures	95121900		
https://napcs.org.ai/Service/Library	napcs.org.ai	Service	Library	95121904	Library	A building or structure with a vast collection of books and other artifacts useful in research	UNSPSC	commodity	Land and Buildings and Structures and Thoroughfares	95000000	Permanent buildings and structures	95120000	Educational and research buildings and structures	95121900		
https://napcs.org.ai/Service/LanguageLaboratory	napcs.org.ai	Service	LanguageLaboratory	95121905	Language laboratory	A building or structure with a vast collection of linguistic artifacts useful in the learning of multiple languages	UNSPSC	commodity	Land and Buildings and Structures and Thoroughfares	95000000	Permanent buildings and structures	95120000	Educational and research buildings and structures	95121900		
https://napcs.org.ai/Service/LaboratoryBuilding	napcs.org.ai	Service	LaboratoryBuilding	95121906	Laboratory building	A building where multiple laboratories co exist	UNSPSC	commodity	Land and Buildings and Structures and Thoroughfares	95000000	Permanent buildings and structures	95120000	Educational and research buildings and structures	95121900		
https://napcs.org.ai/Service/MeteorologicalStation	napcs.org.ai	Service	MeteorologicalStation	95121907	Meteorological station	A place where meteorological tests and reading are taken and recorded	UNSPSC	commodity	Land and Buildings and Structures and Thoroughfares	95000000	Permanent buildings and structures	95120000	Educational and research buildings and structures	95121900		
https://napcs.org.ai/Service/ElementarySchool	napcs.org.ai	Service	ElementarySchool	95121909	Elementary school	A school generally containing grades 1 through 6 or 1 through 5	UNSPSC	commodity	Land and Buildings and Structures and Thoroughfares	95000000	Permanent buildings and structures	95120000	Educational and research buildings and structures	95121900		
https://napcs.org.ai/Service/JuniorHighOrMiddleSchool	napcs.org.ai	Service	JuniorHighOrMiddleSchool	95121910	Junior high or middle school	A school generally containing grades 7 through 9 or 6 through 8	UNSPSC	commodity	Land and Buildings and Structures and Thoroughfares	95000000	Permanent buildings and structures	95120000	Educational and research buildings and structures	95121900		
https://napcs.org.ai/Service/HighSchool	napcs.org.ai	Service	HighSchool	95121911	High school	A school generally containing grades 9 through 12 or 10 through 12	UNSPSC	commodity	Land and Buildings and Structures and Thoroughfares	95000000	Permanent buildings and structures	95120000	Educational and research buildings and structures	95121900		
https://napcs.org.ai/Service/University	napcs.org.ai	Service	University	95121913	University	A school providing 4 year post secondary degrees	UNSPSC	commodity	Land and Buildings and Structures and Thoroughfares	95000000	Permanent buildings and structures	95120000	Educational and research buildings and structures	95121900		
https://napcs.org.ai/Service/Clinic	napcs.org.ai	Service	Clinic	95122001	Clinic	A small health facility that is devoted to the care of outpatients	UNSPSC	commodity	Land and Buildings and Structures and Thoroughfares	95000000	Permanent buildings and structures	95120000	Hospital buildings and structures	95122000		
https://napcs.org.ai/Service/NursingHome	napcs.org.ai	Service	NursingHome	95122002	Nursing home	A place of residence for people who require constant nursing care and have significant health issue	UNSPSC	commodity	Land and Buildings and Structures and Thoroughfares	95000000	Permanent buildings and structures	95120000	Hospital buildings and structures	95122000		
https://napcs.org.ai/Service/OperatingRoomOrTheater	napcs.org.ai	Service	OperatingRoomOrTheater	95122003	Operating room or theater	A tiered structure in which students and other spectators could watch surgeons perform surgery.	UNSPSC	commodity	Land and Buildings and Structures and Thoroughfares	95000000	Permanent buildings and structures	95120000	Hospital buildings and structures	95122000		
https://napcs.org.ai/Service/DiagnosticScreeningRoom	napcs.org.ai	Service	DiagnosticScreeningRoom	95122005	Diagnostic screening room	A room specifically purposed to screen for various diseases and maladies	UNSPSC	commodity	Land and Buildings and Structures and Thoroughfares	95000000	Permanent buildings and structures	95120000	Hospital buildings and structures	95122000		
https://napcs.org.ai/Service/FluoroscopyRoom	napcs.org.ai	Service	FluoroscopyRoom	95122006	Fluoroscopy room	A room dedicated to the use of a fluoroscope imaging technique commonly used by physicians to obtain real-time moving images of the internal structures of a patient through the use of a fluoroscope	UNSPSC	commodity	Land and Buildings and Structures and Thoroughfares	95000000	Permanent buildings and structures	95120000	Hospital buildings and structures	95122000		
https://napcs.org.ai/Service/PathologyRoomOrLaboratory	napcs.org.ai	Service	PathologyRoomOrLaboratory	95122007	Pathology room or laboratory	A room or laboratory dedicated to the analysis of diseases and causes of death	UNSPSC	commodity	Land and Buildings and Structures and Thoroughfares	95000000	Permanent buildings and structures	95120000	Hospital buildings and structures	95122000		
https://napcs.org.ai/Service/CatheterRoom	napcs.org.ai	Service	CatheterRoom	95122008	Catheter room	A room dedicated to the use of catheters in various procedures	UNSPSC	commodity	Land and Buildings and Structures and Thoroughfares	95000000	Permanent buildings and structures	95120000	Hospital buildings and structures	95122000		
https://napcs.org.ai/Service/MobileHospital	napcs.org.ai	Service	MobileHospital	95122009	Mobile hospital	Hospital unit designed to provide service in the field, which can be moved from one place to another to meet the demands of the combat situation.	UNSPSC	commodity	Land and Buildings and Structures and Thoroughfares	95000000	Permanent buildings and structures	95120000	Hospital buildings and structures	95122000		
https://napcs.org.ai/Service/ResidentialHome	napcs.org.ai	Service	ResidentialHome	95122101	Residential home	Buildings used for the housing of a single family	UNSPSC	commodity	Land and Buildings and Structures and Thoroughfares	95000000	Permanent buildings and structures	95120000	Accommodation buildings and structures	95122100		
https://napcs.org.ai/Service/FlatOrApartment	napcs.org.ai	Service	FlatOrApartment	95122102	Flat or apartment	An instance of many single family residences in the same building	UNSPSC	commodity	Land and Buildings and Structures and Thoroughfares	95000000	Permanent buildings and structures	95120000	Accommodation buildings and structures	95122100		
https://napcs.org.ai/Service/ChildrensHome	napcs.org.ai	Service	ChildrensHome	95122103	Childrens home	A building used for the permanent housing of children outside the family unit	UNSPSC	commodity	Land and Buildings and Structures and Thoroughfares	95000000	Permanent buildings and structures	95120000	Accommodation buildings and structures	95122100		
https://napcs.org.ai/Service/DaycareCenter	napcs.org.ai	Service	DaycareCenter	95122104	Daycare center	A place where children are temporarily cared for on a daily basis	UNSPSC	commodity	Land and Buildings and Structures and Thoroughfares	95000000	Permanent buildings and structures	95120000	Accommodation buildings and structures	95122100		
https://napcs.org.ai/Service/RetirementHome	napcs.org.ai	Service	RetirementHome	95122105	Retirement home	A place where people of a certain age live together rather than independently	UNSPSC	commodity	Land and Buildings and Structures and Thoroughfares	95000000	Permanent buildings and structures	95120000	Accommodation buildings and structures	95122100		
https://napcs.org.ai/Service/Hostel	napcs.org.ai	Service	Hostel	95122106	Hostel		UNSPSC	commodity	Land and Buildings and Structures and Thoroughfares	95000000	Permanent buildings and structures	95120000	Accommodation buildings and structures	95122100		
https://napcs.org.ai/Service/Stadium	napcs.org.ai	Service	Stadium	95122301	Stadium	A place where organized sports can be attended and played	UNSPSC	commodity	Land and Buildings and Structures and Thoroughfares	95000000	Permanent buildings and structures	95120000	Sports and health buildings and structures	95122300		
https://napcs.org.ai/Service/SportsGround	napcs.org.ai	Service	SportsGround	95122302	Sports ground	A place that is composed of various fields specific to certain types of sport events	UNSPSC	commodity	Land and Buildings and Structures and Thoroughfares	95000000	Permanent buildings and structures	95120000	Sports and health buildings and structures	95122300		
https://napcs.org.ai/Service/RunningTrack	napcs.org.ai	Service	RunningTrack	95122303	Running track	A structure that is specifically built for the running of various track and field events	UNSPSC	commodity	Land and Buildings and Structures and Thoroughfares	95000000	Permanent buildings and structures	95120000	Sports and health buildings and structures	95122300		
https://napcs.org.ai/Service/SportsHall	napcs.org.ai	Service	SportsHall	95122304	Sports hall	A building or structure that commemorates a certain sport	UNSPSC	commodity	Land and Buildings and Structures and Thoroughfares	95000000	Permanent buildings and structures	95120000	Sports and health buildings and structures	95122300		
https://napcs.org.ai/Service/Spa	napcs.org.ai	Service	Spa	95122305	Spa	A place where various therapeutic procedures are done	UNSPSC	commodity	Land and Buildings and Structures and Thoroughfares	95000000	Permanent buildings and structures	95120000	Sports and health buildings and structures	95122300		
https://napcs.org.ai/Service/Gymnasium	napcs.org.ai	Service	Gymnasium	95122306	Gymnasium	A place with various types of equipment and accessories dedicated to various types of physical exertion and sports	UNSPSC	commodity	Land and Buildings and Structures and Thoroughfares	95000000	Permanent buildings and structures	95120000	Sports and health buildings and structures	95122300		
https://napcs.org.ai/Service/SwimmingPool	napcs.org.ai	Service	SwimmingPool	95122307	Swimming pool	A place with A pool to be utilized for swimming	UNSPSC	commodity	Land and Buildings and Structures and Thoroughfares	95000000	Permanent buildings and structures	95120000	Sports and health buildings and structures	95122300		
https://napcs.org.ai/Service/WaterSportsFacility	napcs.org.ai	Service	WaterSportsFacility	95122308	Water sports facility		UNSPSC	commodity	Land and Buildings and Structures and Thoroughfares	95000000	Permanent buildings and structures	95120000	Sports and health buildings and structures	95122300		
https://napcs.org.ai/Service/Workshop	napcs.org.ai	Service	Workshop	95122401	Workshop	A building that houses cold machine and process space for various industrial procedures	UNSPSC	commodity	Land and Buildings and Structures and Thoroughfares	95000000	Permanent buildings and structures	95120000	Industrial buildings and structures	95122400		
https://napcs.org.ai/Service/WarehouseStore	napcs.org.ai	Service	WarehouseStore	95122403	Warehouse store	A building that houses warehouse space that is subdivided to the trade	UNSPSC	commodity	Land and Buildings and Structures and Thoroughfares	95000000	Permanent buildings and structures	95120000	Industrial buildings and structures	95122400		
https://napcs.org.ai/Service/Barn	napcs.org.ai	Service	Barn	95122501	Barn	A building used for the housing of various yard animals and or the storage of associated feed	UNSPSC	commodity	Land and Buildings and Structures and Thoroughfares	95000000	Permanent buildings and structures	95120000	Agricultural and farming and fishing buildings and structures	95122500		
https://napcs.org.ai/Service/Cowshed	napcs.org.ai	Service	Cowshed	95122502	Cowshed	A building or structure used for the housing of bovines	UNSPSC	commodity	Land and Buildings and Structures and Thoroughfares	95000000	Permanent buildings and structures	95120000	Agricultural and farming and fishing buildings and structures	95122500		
https://napcs.org.ai/Service/IrrigationChannel	napcs.org.ai	Service	IrrigationChannel	95122503	Irrigation channel	A water channel used for watering various agricultural and aquaculture needs	UNSPSC	commodity	Land and Buildings and Structures and Thoroughfares	95000000	Permanent buildings and structures	95120000	Agricultural and farming and fishing buildings and structures	95122500		
https://napcs.org.ai/Service/ArtificialReef	napcs.org.ai	Service	ArtificialReef	95122504	Artificial reef	A structure made with concrete, metal and other materials that is dropped into the sea for the purpose of creating an environment where fish can swim.	UNSPSC	commodity	Land and Buildings and Structures and Thoroughfares	95000000	Permanent buildings and structures	95120000	Agricultural and farming and fishing buildings and structures	95122500		
https://napcs.org.ai/Service/MarineTransferStation	napcs.org.ai	Service	MarineTransferStation	95122505	Marine transfer station	Marine structure for temporary collection and storage of waste	UNSPSC	commodity	Land and Buildings and Structures and Thoroughfares	95000000	Permanent buildings and structures	95120000	Agricultural and farming and fishing buildings and structures	95122500		
https://napcs.org.ai/Service/Church	napcs.org.ai	Service	Church	95122601	Church	Building or structure used for Christian religious purposes	UNSPSC	commodity	Land and Buildings and Structures and Thoroughfares	95000000	Permanent buildings and structures	95120000	Religious buildings and structures	95122600		
https://napcs.org.ai/Service/HinduTemple	napcs.org.ai	Service	HinduTemple	95122602	Hindu temple	Building or structure used for Hindu religious purposes	UNSPSC	commodity	Land and Buildings and Structures and Thoroughfares	95000000	Permanent buildings and structures	95120000	Religious buildings and structures	95122600		
https://napcs.org.ai/Service/Mosque	napcs.org.ai	Service	Mosque	95122603	Mosque	Building or structure used for Islamic religious purposes	UNSPSC	commodity	Land and Buildings and Structures and Thoroughfares	95000000	Permanent buildings and structures	95120000	Religious buildings and structures	95122600		
https://napcs.org.ai/Service/Synagogue	napcs.org.ai	Service	Synagogue	95122604	Synagogue	Building or structure used for Jewish religious purposes	UNSPSC	commodity	Land and Buildings and Structures and Thoroughfares	95000000	Permanent buildings and structures	95120000	Religious buildings and structures	95122600		
https://napcs.org.ai/Service/SikhTemple	napcs.org.ai	Service	SikhTemple	95122605	Sikh temple	Building or structure used for Sikh religious purposes	UNSPSC	commodity	Land and Buildings and Structures and Thoroughfares	95000000	Permanent buildings and structures	95120000	Religious buildings and structures	95122600		
https://napcs.org.ai/Service/MilitaryBunker	napcs.org.ai	Service	MilitaryBunker	95122701	Military bunker	Reinforced or protective building or structure for the locating of military personnel	UNSPSC	commodity	Land and Buildings and Structures and Thoroughfares	95000000	Permanent buildings and structures	95120000	Defense buildings and structures	95122700		
https://napcs.org.ai/Service/Barracks	napcs.org.ai	Service	Barracks	95122702	Barracks	Building or structure for the sleeping and housing of military personnel	UNSPSC	commodity	Land and Buildings and Structures and Thoroughfares	95000000	Permanent buildings and structures	95120000	Defense buildings and structures	95122700		
https://napcs.org.ai/Service/MilitaryMessOrMessHall	napcs.org.ai	Service	MilitaryMessOrMessHall	95122703	Military mess or mess hall	Building or structure for the feeding of military personnel	UNSPSC	commodity	Land and Buildings and Structures and Thoroughfares	95000000	Permanent buildings and structures	95120000	Defense buildings and structures	95122700		
https://napcs.org.ai/Service/FoldableGrandstand	napcs.org.ai	Service	FoldableGrandstand	95131501	Foldable grandstand	Foldable structures used for the viewing of various events	UNSPSC	commodity	Land and Buildings and Structures and Thoroughfares	95000000	Portable buildings and structures	95130000	Grandstands and bleachers	95131500		
https://napcs.org.ai/Service/MobileGrandstand	napcs.org.ai	Service	MobileGrandstand	95131502	Mobile grandstand	Easily movable as a whole structures used for the viewing of various events	UNSPSC	commodity	Land and Buildings and Structures and Thoroughfares	95000000	Portable buildings and structures	95130000	Grandstands and bleachers	95131500		
https://napcs.org.ai/Service/PortableGrandstand	napcs.org.ai	Service	PortableGrandstand	95131503	Portable grandstand	Movable structures used for the viewing of various events	UNSPSC	commodity	Land and Buildings and Structures and Thoroughfares	95000000	Portable buildings and structures	95130000	Grandstands and bleachers	95131500		
https://napcs.org.ai/Service/PortableBoxOffice	napcs.org.ai	Service	PortableBoxOffice	95131601	Portable box office	Movable buildings or structures used for ticket reserving and selling purposes	UNSPSC	commodity	Land and Buildings and Structures and Thoroughfares	95000000	Portable buildings and structures	95130000	Portable commercial and industrial buildings and structures	95131600		
https://napcs.org.ai/Service/PortableToilet	napcs.org.ai	Service	PortableToilet	95131602	Portable toilet	Movable buildings or structures used for urination, defecation or other sanitary purposes	UNSPSC	commodity	Land and Buildings and Structures and Thoroughfares	95000000	Portable buildings and structures	95130000	Portable commercial and industrial buildings and structures	95131600		
https://napcs.org.ai/Service/SiteOffice	napcs.org.ai	Service	SiteOffice	95131603	Site office	Movable buildings or structures used for office duties at a particular temporary location	UNSPSC	commodity	Land and Buildings and Structures and Thoroughfares	95000000	Portable buildings and structures	95130000	Portable commercial and industrial buildings and structures	95131600		
https://napcs.org.ai/Service/PortableKitchenUnit	napcs.org.ai	Service	PortableKitchenUnit	95131604	Portable kitchen unit	Movable buildings or structures used for culinary purposes at a particular temporary location	UNSPSC	commodity	Land and Buildings and Structures and Thoroughfares	95000000	Portable buildings and structures	95130000	Portable commercial and industrial buildings and structures	95131600		
https://napcs.org.ai/Service/PortableSalesBooth	napcs.org.ai	Service	PortableSalesBooth	95131606	Portable sales booth	A mobile booth installed for sales purposes at public locations such as public parks and roadsides.	UNSPSC	commodity	Land and Buildings and Structures and Thoroughfares	95000000	Portable buildings and structures	95130000	Portable commercial and industrial buildings and structures	95131600		
https://napcs.org.ai/Service/TelecomShelter	napcs.org.ai	Service	TelecomShelter	95131607	Telecom shelter	A telecom shelter protects ground-based telecommunications equipment, the structure is built from precast concrete or lightweight steel for longevity, roof top and green field shelters or cabinets for mobile base stations and telecommunication applications. Protects against water, high-speed winds generated by storms, fire damage, and unauthorized access.	UNSPSC	commodity	Land and Buildings and Structures and Thoroughfares	95000000	Portable buildings and structures	95130000	Portable commercial and industrial buildings and structures	95131600		
https://napcs.org.ai/Service/FramedTextileStructure	napcs.org.ai	Service	FramedTextileStructure	95131701	Framed textile structure	Temporary structures made from textiles use over a frame that are used for shelter or other purposes	UNSPSC	commodity	Land and Buildings and Structures and Thoroughfares	95000000	Portable buildings and structures	95130000	Tents and membrane structures	95131700		
https://napcs.org.ai/Service/PoleTentOrTensionTent	napcs.org.ai	Service	PoleTentOrTensionTent	95131702	Pole tent or tension tent	Tents that utilize wither a pole frame or tension connections that are used for shelter or other purposes	UNSPSC	commodity	Land and Buildings and Structures and Thoroughfares	95000000	Portable buildings and structures	95130000	Tents and membrane structures	95131700		
https://napcs.org.ai/Service/Silo	napcs.org.ai	Service	Silo	95141501	Silo	Buildings and structures used for collection and storage purposes for grains and crops that were pre-constructed at one location and erected at another location	UNSPSC	commodity	Land and Buildings and Structures and Thoroughfares	95000000	Prefabricated buildings and structures	95140000	Prefabricated farm buildings and structures	95141500		
https://napcs.org.ai/Service/Greenhouse	napcs.org.ai	Service	Greenhouse	95141502	Greenhouse	Buildings and structures used for indoor planting and gardening purposes that were pre-constructed at one location and erected at another location	UNSPSC	commodity	Land and Buildings and Structures and Thoroughfares	95000000	Prefabricated buildings and structures	95140000	Prefabricated farm buildings and structures	95141500		
https://napcs.org.ai/Service/House	napcs.org.ai	Service	House	95141601	House	single family residential buildings that were pre-constructed at one location and erected at another location	UNSPSC	commodity	Land and Buildings and Structures and Thoroughfares	95000000	Prefabricated buildings and structures	95140000	Prefabricated residential buildings and structures	95141600		
https://napcs.org.ai/Service/MobileHome	napcs.org.ai	Service	MobileHome	95141602	Mobile home	Self contained and movable single family residential buildings that were pre-constructed at one location and erected at another location	UNSPSC	commodity	Land and Buildings and Structures and Thoroughfares	95000000	Prefabricated buildings and structures	95140000	Prefabricated residential buildings and structures	95141600		
https://napcs.org.ai/Service/Cabin	napcs.org.ai	Service	Cabin	95141603	Cabin	Single family residential buildings sited in remote areas that were pre-constructed at one location and erected at another location	UNSPSC	commodity	Land and Buildings and Structures and Thoroughfares	95000000	Prefabricated buildings and structures	95140000	Prefabricated residential buildings and structures	95141600		
https://napcs.org.ai/Service/Garage	napcs.org.ai	Service	Garage	95141604	Garage	Buildings used for the storage of vehicles that were pre-constructed at one location and erected at another location	UNSPSC	commodity	Land and Buildings and Structures and Thoroughfares	95000000	Prefabricated buildings and structures	95140000	Prefabricated residential buildings and structures	95141600		
https://napcs.org.ai/Service/Gazebo	napcs.org.ai	Service	Gazebo	95141605	Gazebo	A structure used on the grounds of a property for temporary use that were pre-constructed at one location and erected at another location	UNSPSC	commodity	Land and Buildings and Structures and Thoroughfares	95000000	Prefabricated buildings and structures	95140000	Prefabricated residential buildings and structures	95141600		
https://napcs.org.ai/Service/HomeKitchen	napcs.org.ai	Service	HomeKitchen	95141606	Home kitchen	Buildings or structures adjacent to a home that is individually used for culinary preparation that were pre-constructed at one location and erected at another location	UNSPSC	commodity	Land and Buildings and Structures and Thoroughfares	95000000	Prefabricated buildings and structures	95140000	Prefabricated residential buildings and structures	95141600		
https://napcs.org.ai/Service/PrefabricatedLivingQuarters	napcs.org.ai	Service	PrefabricatedLivingQuarters	95141607	Prefabricated living quarters	The rooms where a person lives.	UNSPSC	commodity	Land and Buildings and Structures and Thoroughfares	95000000	Prefabricated buildings and structures	95140000	Prefabricated residential buildings and structures	95141600		
https://napcs.org.ai/Service/PrefabricatedElectricalHouse	napcs.org.ai	Service	PrefabricatedElectricalHouse	95141608	Prefabricated Electrical House	Prefabricated Electrical House or E-Houses are customized, pre-assembled and pre-tested modular power substations. They are ideally suited for use in situations where interim solutions are needed, or in locations that are difficult to access.	UNSPSC	commodity	Land and Buildings and Structures and Thoroughfares	95000000	Prefabricated buildings and structures	95140000	Prefabricated residential buildings and structures	95141600		
https://napcs.org.ai/Service/InPlantOffice	napcs.org.ai	Service	InPlantOffice	95141701	In plant office	Offices for use inside plants that were pre-constructed at one location and erected at another location	UNSPSC	commodity	Land and Buildings and Structures and Thoroughfares	95000000	Prefabricated buildings and structures	95140000	Prefabricated commercial and industrial buildings and structures	95141700		
https://napcs.org.ai/Service/SprayBooth	napcs.org.ai	Service	SprayBooth	95141702	Spray booth	Spray booths that were pre-constructed at one location and erected at another location	UNSPSC	commodity	Land and Buildings and Structures and Thoroughfares	95000000	Prefabricated buildings and structures	95140000	Prefabricated commercial and industrial buildings and structures	95141700		
https://napcs.org.ai/Service/StorageShed	napcs.org.ai	Service	StorageShed	95141703	Storage shed	Sheds use for storage that were pre-constructed at one location and erected at another location	UNSPSC	commodity	Land and Buildings and Structures and Thoroughfares	95000000	Prefabricated buildings and structures	95140000	Prefabricated commercial and industrial buildings and structures	95141700		
https://napcs.org.ai/Service/CleanRoom	napcs.org.ai	Service	CleanRoom	95141704	Clean room	Rooms used as clear environments that were pre-constructed at one location and erected at another location	UNSPSC	commodity	Land and Buildings and Structures and Thoroughfares	95000000	Prefabricated buildings and structures	95140000	Prefabricated commercial and industrial buildings and structures	95141700		
https://napcs.org.ai/Service/Guardhouse	napcs.org.ai	Service	Guardhouse	95141705	Guardhouse	Locations used to house guards that were pre-constructed at one location and erected at another location	UNSPSC	commodity	Land and Buildings and Structures and Thoroughfares	95000000	Prefabricated buildings and structures	95140000	Prefabricated commercial and industrial buildings and structures	95141700		
https://napcs.org.ai/Service/Warehouse	napcs.org.ai	Service	Warehouse	95141706	Warehouse	Locations used for temporary storage and transit of goods that were pre-constructed at one location and erected at another location	UNSPSC	commodity	Land and Buildings and Structures and Thoroughfares	95000000	Prefabricated buildings and structures	95140000	Prefabricated commercial and industrial buildings and structures	95141700		
https://napcs.org.ai/Service/Auditorium	napcs.org.ai	Service	Auditorium	95141707	Auditorium	Locations used to provide access for the listening and watching of performances that were pre-constructed at one location and erected at another location	UNSPSC	commodity	Land and Buildings and Structures and Thoroughfares	95000000	Prefabricated buildings and structures	95140000	Prefabricated commercial and industrial buildings and structures	95141700		
https://napcs.org.ai/Service/OfficeKitchen	napcs.org.ai	Service	OfficeKitchen	95141708	Office kitchen	Kitchens used inside an office location that were pre-constructed at one location and erected at another location	UNSPSC	commodity	Land and Buildings and Structures and Thoroughfares	95000000	Prefabricated buildings and structures	95140000	Prefabricated commercial and industrial buildings and structures	95141700		
https://napcs.org.ai/Service/Conservatory	napcs.org.ai	Service	Conservatory	95141709	Conservatory		UNSPSC	commodity	Land and Buildings and Structures and Thoroughfares	95000000	Prefabricated buildings and structures	95140000	Prefabricated commercial and industrial buildings and structures	95141700		
https://napcs.org.ai/Service/PhoneBoxOrPhoneBooth	napcs.org.ai	Service	PhoneBoxOrPhoneBooth	95141710	Phone box or phone booth	Locations providing telephone access and use that were pre-constructed at one location and erected at another location	UNSPSC	commodity	Land and Buildings and Structures and Thoroughfares	95000000	Prefabricated buildings and structures	95140000	Prefabricated commercial and industrial buildings and structures	95141700		
https://napcs.org.ai/Service/Tollbooth	napcs.org.ai	Service	Tollbooth	95141711	Tollbooth	A booth for collection of tolls. Installed at entry to toll bridge, toll roads and toll tunnels.	UNSPSC	commodity	Land and Buildings and Structures and Thoroughfares	95000000	Prefabricated buildings and structures	95140000	Prefabricated commercial and industrial buildings and structures	95141700		
https://napcs.org.ai/Service/SmokingRoom	napcs.org.ai	Service	SmokingRoom	95141712	Smoking room	Locations providing ventilation and filtration systems allowing for smoking that were pre-constructed at one location and erected at another location	UNSPSC	commodity	Land and Buildings and Structures and Thoroughfares	95000000	Prefabricated buildings and structures	95140000	Prefabricated commercial and industrial buildings and structures	95141700		
https://napcs.org.ai/Service/PrefabricatedColdWeatherResidentialBuilding	napcs.org.ai	Service	PrefabricatedColdWeatherResidentialBuilding	95141713	Prefabricated cold weather residential building	Residential buildings that were prefabricated for arctic conditions, arctic is also characterized by a harsh climate with extreme variation in light and temperature, short summers, extensive snow and ice cover in winter and large areas.	UNSPSC	commodity	Land and Buildings and Structures and Thoroughfares	95000000	Prefabricated buildings and structures	95140000	Prefabricated commercial and industrial buildings and structures	95141700		
https://napcs.org.ai/Service/Shelter	napcs.org.ai	Service	Shelter	95141801	Shelter	Structures providing shelter that were pre-constructed at one location and erected at another location	UNSPSC	commodity	Land and Buildings and Structures and Thoroughfares	95000000	Prefabricated buildings and structures	95140000	Prefabricated emergency relief buildings and structures	95141800		
https://napcs.org.ai/Service/EmergencyTentOrHall	napcs.org.ai	Service	EmergencyTentOrHall	95141802	Emergency tent or hall	Tents or halls used to deal with emergency situations, that were pre-constructed at one location and erected at another location	UNSPSC	commodity	Land and Buildings and Structures and Thoroughfares	95000000	Prefabricated buildings and structures	95140000	Prefabricated emergency relief buildings and structures	95141800		
https://napcs.org.ai/Service/ContainerUnit	napcs.org.ai	Service	ContainerUnit	95141803	Container unit	Structures used to contain a myriad of items that were pre-constructed at one location and erected at another location	UNSPSC	commodity	Land and Buildings and Structures and Thoroughfares	95000000	Prefabricated buildings and structures	95140000	Prefabricated emergency relief buildings and structures	95141800		
https://napcs.org.ai/Service/MobileStorageUnitMsu	napcs.org.ai	Service	MobileStorageUnitMsu	95141804	Mobile storage unit (MSU)	Small, closable container that stays on-site for the length of time needed and that can then be transported to a warehouse.	UNSPSC	commodity	Land and Buildings and Structures and Thoroughfares	95000000	Prefabricated buildings and structures	95140000	Prefabricated emergency relief buildings and structures	95141800		
https://napcs.org.ai/Service/FlooringSystemForMobileStorageUnitMsu	napcs.org.ai	Service	FlooringSystemForMobileStorageUnitMsu	95141805	Flooring system for mobile storage unit (MSU)	Consists of a prefabricated foundations/ floor.	UNSPSC	commodity	Land and Buildings and Structures and Thoroughfares	95000000	Prefabricated buildings and structures	95140000	Prefabricated emergency relief buildings and structures	95141800		
https://napcs.org.ai/Service/MedicalUnit	napcs.org.ai	Service	MedicalUnit	95141901	Medical unit	A building or structure where medical equipment is house and used for experiments or tests	UNSPSC	commodity	Land and Buildings and Structures and Thoroughfares	95000000	Prefabricated buildings and structures	95140000	Prefabricated medical buildings and structures	95141900		
https://napcs.org.ai/Service/LaboratoryUnit	napcs.org.ai	Service	LaboratoryUnit	95141902	Laboratory unit	A building or structure where laboratory equipment is house and used for experiments or tests	UNSPSC	commodity	Land and Buildings and Structures and Thoroughfares	95000000	Prefabricated buildings and structures	95140000	Prefabricated medical buildings and structures	95141900		
https://napcs.org.ai/Service/DentalUnit	napcs.org.ai	Service	DentalUnit	95141903	Dental unit	A building or structure where dental equipment is house and used for experiments or tests	UNSPSC	commodity	Land and Buildings and Structures and Thoroughfares	95000000	Prefabricated buildings and structures	95140000	Prefabricated medical buildings and structures	95141900		
https://napcs.org.ai/Service/SurgicalUnits	napcs.org.ai	Service	SurgicalUnits	95141904	Surgical units	A building or structure where surgical equipment is house and used for experiments or tests	UNSPSC	commodity	Land and Buildings and Structures and Thoroughfares	95000000	Prefabricated buildings and structures	95140000	Prefabricated medical buildings and structures	95141900		
