url	ns	type	id	code	name	description	annualMean	annualMedian	annual10th	annual25th	annual75th	annual90th	hourlyMean	hourlyMedian	matchedOnet	digital
https://onet.org.ai/Wage/ManagementOccupations	onet.org.ai	Wage	ManagementOccupations	110000	Management Occupations		141760	122090	57010	79900	171610		68.15	58.7	false	
https://onet.org.ai/Wage/TopExecutives	onet.org.ai	Wage	TopExecutives	111000	Top Executives		139860	104990	47510	68800	168490		67.24	50.48	false	
https://onet.org.ai/Wage/ChiefSustainabilityOfficers	onet.org.ai	Wage	ChiefSustainabilityOfficers	111011	Chief Sustainability Officers		262930	206420	73710	126080			126.41	99.24	true	
https://onet.org.ai/Wage/OperationsManagers	onet.org.ai	Wage	OperationsManagers	111021	General and Operations Managers		133120	102950	47420	67160	164130		64	49.5	true	
https://onet.org.ai/Wage/Legislators	onet.org.ai	Wage	Legislators	111031	Legislators		67390	44810	20380	29120	80350	137820			true	
https://onet.org.ai/Wage/AdvertisingMarketingPromotionsPublicRelationsandSalesManagers	onet.org.ai	Wage	AdvertisingMarketingPromotionsPublicRelationsandSalesManagers	112000	Advertising, Marketing, Promotions, Public Relations, and Sales Managers		163740	144530	73320	100740	204920		78.72	69.48	false	
https://onet.org.ai/Wage/PromotionsManagers	onet.org.ai	Wage	PromotionsManagers	112011	Advertising and Promotions Managers		149270	126960	63000	85990	178570		71.76	61.04	true	
https://onet.org.ai/Wage/MarketingandSalesManagers	onet.org.ai	Wage	MarketingandSalesManagers	112020	Marketing and Sales Managers		165050	148870	73080	101200	206410		79.35	71.57	false	
https://onet.org.ai/Wage/MarketingManagers	onet.org.ai	Wage	MarketingManagers	112021	Marketing Managers		171520	161030	81900	111210	211080		82.46	77.42	true	
https://onet.org.ai/Wage/SalesManagers	onet.org.ai	Wage	SalesManagers	112022	Sales Managers		160930	138060	66910	95910	201490		77.37	66.38	true	
https://onet.org.ai/Wage/PublicRelationsandFundraisingManagers	onet.org.ai	Wage	PublicRelationsandFundraisingManagers	112030	Public Relations and Fundraising Managers		154950	132870	76870	99190	182080		74.49	63.88	false	
https://onet.org.ai/Wage/PublicRelationsManagers	onet.org.ai	Wage	PublicRelationsManagers	112032	Public Relations Managers		163520	138520	78880	102300	198000		78.61	66.6	true	
https://onet.org.ai/Wage/FundraisingManagers	onet.org.ai	Wage	FundraisingManagers	112033	Fundraising Managers		137290	123480	73700	92880	166420	216660	66.01	59.36	true	
https://onet.org.ai/Wage/OperationsSpecialtiesManagers	onet.org.ai	Wage	OperationsSpecialtiesManagers	113000	Operations Specialties Managers		160590	140330	78600	103030	195490		77.21	67.46	false	
https://onet.org.ai/Wage/AdministrativeServicesandFacilitiesManagers	onet.org.ai	Wage	AdministrativeServicesandFacilitiesManagers	113010	Administrative Services and Facilities Managers		121920	106880	63940	82360	141650	188260	58.62	51.39	false	
https://onet.org.ai/Wage/AdministrativeServicesManagers	onet.org.ai	Wage	AdministrativeServicesManagers	113012	Administrative Services Managers		126030	108390	64740	83660	147150	200010	60.59	52.11	true	
https://onet.org.ai/Wage/SecurityManagers	onet.org.ai	Wage	SecurityManagers	113013	Security Managers		114520	104690	62550	80150	135650	173080	55.06	50.33	true	
https://onet.org.ai/Wage/InformationSystemsManagers	onet.org.ai	Wage	InformationSystemsManagers	113021	Computer and Information Systems Managers		187990	171200	104450	134350	216220		90.38	82.31	true	
https://onet.org.ai/Wage/InvestmentFundManagers	onet.org.ai	Wage	InvestmentFundManagers	113031	Investment Fund Managers		180470	161700	86490	118360	214210		86.76	77.74	true	
https://onet.org.ai/Wage/HydroelectricProductionManagers	onet.org.ai	Wage	HydroelectricProductionManagers	113051	Hydroelectric Production Managers		129180	121440	74900	94620	156330	197310	62.11	58.39	true	
https://onet.org.ai/Wage/PurchasingManagers	onet.org.ai	Wage	PurchasingManagers	113061	Purchasing Managers		150630	139510	85500	107430	175460	219140	72.42	67.07	true	
https://onet.org.ai/Wage/SupplyChainManagers	onet.org.ai	Wage	SupplyChainManagers	113071	Supply Chain Managers		116010	102010	61200	78360	136050	180590	55.77	49.05	true	
https://onet.org.ai/Wage/BenefitsManagers	onet.org.ai	Wage	BenefitsManagers	113111	Compensation and Benefits Managers		156230	140360	81660	105210	190890		75.11	67.48	true	
https://onet.org.ai/Wage/HumanResourcesManagers	onet.org.ai	Wage	HumanResourcesManagers	113121	Human Resources Managers		160480	140030	83790	105590	189960		77.15	67.32	true	
https://onet.org.ai/Wage/DevelopmentManagers	onet.org.ai	Wage	DevelopmentManagers	113131	Training and Development Managers		140590	127090	75810	96110	169310	219990	67.59	61.1	true	
https://onet.org.ai/Wage/OtherManagementOccupations	onet.org.ai	Wage	OtherManagementOccupations	119000	Other Management Occupations		121560	104030	54440	75640	154090	205860	58.44	50.01	false	
https://onet.org.ai/Wage/OtherAgriculturalManagers	onet.org.ai	Wage	OtherAgriculturalManagers	119013	Farmers, Ranchers, and Other Agricultural Managers		97240	87980	51700	67970	115200	156530	46.75	42.3	true	
https://onet.org.ai/Wage/ConstructionManagers	onet.org.ai	Wage	ConstructionManagers	119021	Construction Managers		119660	106980	65160	83480	139330	176990	57.53	51.43	true	
https://onet.org.ai/Wage/EducationandChildcareAdministrators	onet.org.ai	Wage	EducationandChildcareAdministrators	119030	Education and Childcare Administrators		109470	100650	55880	77100	131190	168460	52.63	48.39	false	
https://onet.org.ai/Wage/Daycare	onet.org.ai	Wage	Daycare	119031	Education and Childcare Administrators, Preschool and Daycare		62640	56270	37060	45310	72690	96400	30.12	27.05	true	
https://onet.org.ai/Wage/EducationAdministratorsKindergartenThroughSecondary	onet.org.ai	Wage	EducationAdministratorsKindergartenThroughSecondary	119032	Education Administrators, Kindergarten through Secondary		113360	104070	72400	83840	132550	165820			true	
https://onet.org.ai/Wage/EducationAdministratorsPostsecondary	onet.org.ai	Wage	EducationAdministratorsPostsecondary	119033	Education Administrators, Postsecondary		124450	103960	63820	79880	140940	212420	59.83	49.98	true	
https://onet.org.ai/Wage/EducationAdministratorsAllOther	onet.org.ai	Wage	EducationAdministratorsAllOther	119039	Education Administrators, All Other		99460	89040	49490	65180	121720	158050	47.82	42.81	true	
https://onet.org.ai/Wage/ProductDevelopmentManagers	onet.org.ai	Wage	ProductDevelopmentManagers	119041	Biofuels/Biodiesel Technology and Product Development Managers		175710	167740	111450	134930	207210		84.48	80.64	true	
https://onet.org.ai/Wage/FoodServiceManagers	onet.org.ai	Wage	FoodServiceManagers	119051	Food Service Managers		72370	65310	42380	53090	82300	105420	34.79	31.4	true	
https://onet.org.ai/Wage/EntertainmentandRecreationManagers	onet.org.ai	Wage	EntertainmentandRecreationManagers	119070	Entertainment and Recreation Managers		88780	77650	46080	59450	102890	137940	42.68	37.33	false	
https://onet.org.ai/Wage/GamblingManagers	onet.org.ai	Wage	GamblingManagers	119071	Gambling Managers		102480	85580	51670	70190	120490	165220	49.27	41.14	true	
https://onet.org.ai/Wage/Gambling	onet.org.ai	Wage	Gambling	119072	Entertainment and Recreation Managers, Except Gambling		87060	77180	45320	58380	101750	134680	41.86	37.11	true	
https://onet.org.ai/Wage/LodgingManagers	onet.org.ai	Wage	LodgingManagers	119081	Lodging Managers		77460	68130	39490	50040	90670	126990	37.24	32.76	true	
https://onet.org.ai/Wage/HealthServicesManagers	onet.org.ai	Wage	HealthServicesManagers	119111	Medical and Health Services Managers		137730	117960	69680	88560	162420	219080	66.22	56.71	true	
https://onet.org.ai/Wage/WaterResourceSpecialists	onet.org.ai	Wage	WaterResourceSpecialists	119121	Water Resource Specialists		173500	161180	79830	114110	214820		83.41	77.49	true	
https://onet.org.ai/Wage/MailSuperintendents	onet.org.ai	Wage	MailSuperintendents	119131	Postmasters and Mail Superintendents		93760	92730	81430	87150	99590	109140	45.08	44.58	true	
https://onet.org.ai/Wage/CommunityAssociationManagers	onet.org.ai	Wage	CommunityAssociationManagers	119141	Property, Real Estate, and Community Association Managers		82720	66700	39360	49530	95760	141040	39.77	32.07	true	
https://onet.org.ai/Wage/CommunityServiceManagers	onet.org.ai	Wage	CommunityServiceManagers	119151	Social and Community Service Managers		86100	78240	50020	62420	100600	129820	41.39	37.61	true	
https://onet.org.ai/Wage/EmergencyManagementDirectors	onet.org.ai	Wage	EmergencyManagementDirectors	119161	Emergency Management Directors		97700	86130	51260	64470	119690	160420	46.97	41.41	true	
https://onet.org.ai/Wage/PersonalServiceManagers	onet.org.ai	Wage	PersonalServiceManagers	119170	Personal Service Managers		78970	70560	40670	52070	95420	124950	37.97	33.92	false	
https://onet.org.ai/Wage/FuneralHomeManagers	onet.org.ai	Wage	FuneralHomeManagers	119171	Funeral Home Managers		85650	76830	45820	59780	99330	132470	41.18	36.94	true	
https://onet.org.ai/Wage/SpaManagers	onet.org.ai	Wage	SpaManagers	119179	Spa Managers		70620	61340	36880	47670	82890	111130	33.95	29.49	true	
https://onet.org.ai/Wage/SiteManagers	onet.org.ai	Wage	SiteManagers	119199	Brownfield Redevelopment Specialists and Site Managers		149890	136550	68860	100010	179190	227590	72.06	65.65	true	
https://onet.org.ai/Wage/BusinessandFinancialOperationsOccupations	onet.org.ai	Wage	BusinessandFinancialOperationsOccupations	130000	Business and Financial Operations Occupations		93680	80920	47310	61430	109370	150040	45.04	38.9	false	
https://onet.org.ai/Wage/BusinessOperationsSpecialists	onet.org.ai	Wage	BusinessOperationsSpecialists	131000	Business Operations Specialists		91020	80410	46690	60690	108270	143140	43.76	38.66	false	
https://onet.org.ai/Wage/Athletes	onet.org.ai	Wage	Athletes	131011	Agents and Business Managers of Artists, Performers, and Athletes		165600	96310	48530	63100	168850		79.62	46.3	true	
https://onet.org.ai/Wage/BuyersandPurchasingAgents	onet.org.ai	Wage	BuyersandPurchasingAgents	131020	Buyers and Purchasing Agents		81720	75650	46460	58670	99190	127520	39.29	36.37	false	
https://onet.org.ai/Wage/ClaimsAdjustersAppraisersExaminersandInvestigators	onet.org.ai	Wage	ClaimsAdjustersAppraisersExaminersandInvestigators	131030	Claims Adjusters, Appraisers, Examiners, and Investigators		78720	76790	47860	60220	95860	111360	37.85	36.92	false	
https://onet.org.ai/Wage/Investigators	onet.org.ai	Wage	Investigators	131031	Claims Adjusters, Examiners, and Investigators		61680	52370	37250	41940	75310	98770	29.65	25.18	true	
https://onet.org.ai/Wage/InsuranceAppraisersAutoDamage	onet.org.ai	Wage	InsuranceAppraisersAutoDamage	131032	Insurance Appraisers, Auto Damage		77050	76650	56690	64280	86430	101800	37.04	36.85	true	
https://onet.org.ai/Wage/CustomsBrokers	onet.org.ai	Wage	CustomsBrokers	131041	Customs Brokers		84980	78420	46230	59130	104800	130030	40.86	37.7	true	
https://onet.org.ai/Wage/CostEstimators	onet.org.ai	Wage	CostEstimators	131051	Cost Estimators		83160	77070	46330	59830	99630	128640	39.98	37.05	true	
https://onet.org.ai/Wage/HumanResourcesWorkers	onet.org.ai	Wage	HumanResourcesWorkers	131070	Human Resources Workers		80860	74220	45560	56540	98470	128180	38.88	35.68	false	
https://onet.org.ai/Wage/HumanResourcesSpecialists	onet.org.ai	Wage	HumanResourcesSpecialists	131071	Human Resources Specialists		79730	72910	45440	55870	97270	126540	38.33	35.05	true	
https://onet.org.ai/Wage/FarmLaborContractors	onet.org.ai	Wage	FarmLaborContractors	131074	Farm Labor Contractors		51910	48690	29800	32860	58250	86860	24.96	23.41	true	
https://onet.org.ai/Wage/LaborRelationsSpecialists	onet.org.ai	Wage	LaborRelationsSpecialists	131075	Labor Relations Specialists		97130	93500	49880	67670	123090	153440	46.7	44.95	true	
https://onet.org.ai/Wage/LogisticiansandProjectManagementSpecialists	onet.org.ai	Wage	LogisticiansandProjectManagementSpecialists	131080	Logisticians and Project Management Specialists		104210	98070	57540	74260	129100	162670	50.1	47.15	false	
https://onet.org.ai/Wage/LogisticsAnalysts	onet.org.ai	Wage	LogisticsAnalysts	131081	Logistics Analysts		87600	80880	49260	62920	104330	132110	42.12	38.89	true	
https://onet.org.ai/Wage/ProjectManagementSpecialists	onet.org.ai	Wage	ProjectManagementSpecialists	131082	Project Management Specialists		108100	100750	59830	76950	131660	165790	51.97	48.44	true	
https://onet.org.ai/Wage/ManagementAnalysts	onet.org.ai	Wage	ManagementAnalysts	131111	Management Analysts		114710	101190	59720	76770	133140	174140	55.15	48.65	true	
https://onet.org.ai/Wage/EventPlanners	onet.org.ai	Wage	EventPlanners	131121	Meeting, Convention, and Event Planners		65090	59440	35990	45610	77150	101310	31.29	28.58	true	
https://onet.org.ai/Wage/Fundraisers	onet.org.ai	Wage	Fundraisers	131131	Fundraisers		73130	66490	43200	52590	85280	106960	35.16	31.97	true	
https://onet.org.ai/Wage/JobAnalysisSpecialists	onet.org.ai	Wage	JobAnalysisSpecialists	131141	Compensation, Benefits, and Job Analysis Specialists		82920	77020	48300	59700	99210	128830	39.86	37.03	true	
https://onet.org.ai/Wage/DevelopmentSpecialists	onet.org.ai	Wage	DevelopmentSpecialists	131151	Training and Development Specialists		73760	65850	37510	48900	91550	120190	35.46	31.66	true	
https://onet.org.ai/Wage/SearchMarketingStrategists	onet.org.ai	Wage	SearchMarketingStrategists	131161	Search Marketing Strategists		86480	76950	42070	56220	104870	144610	41.58	37	true	
https://onet.org.ai/Wage/SecurityManagementSpecialists	onet.org.ai	Wage	SecurityManagementSpecialists	131199	Security Management Specialists		92380	81270	46230	60820	110030	147830	44.41	39.07	true	
https://onet.org.ai/Wage/FinancialSpecialists	onet.org.ai	Wage	FinancialSpecialists	132000	Financial Specialists		100090	82140	48960	63030	114220	162290	48.12	39.49	false	
https://onet.org.ai/Wage/Auditors	onet.org.ai	Wage	Auditors	132011	Accountants and Auditors		93520	81680	52780	64660	106450	141420	44.96	39.27	true	
https://onet.org.ai/Wage/PropertyAppraisersandAssessors	onet.org.ai	Wage	PropertyAppraisersandAssessors	132020	Property Appraisers and Assessors		77160	65420	38480	49310	90810	122760	37.1	31.45	false	
https://onet.org.ai/Wage/BudgetAnalysts	onet.org.ai	Wage	BudgetAnalysts	132031	Budget Analysts		93920	87930	60510	72240	110380	134640	45.15	42.27	true	
https://onet.org.ai/Wage/CreditAnalysts	onet.org.ai	Wage	CreditAnalysts	132041	Credit Analysts		98040	80970	52930	63850	113850	168840	47.14	38.93	true	
https://onet.org.ai/Wage/FinancialAnalystsandAdvisors	onet.org.ai	Wage	FinancialAnalystsandAdvisors	132050	Financial Analysts and Advisors		128420	99990	57870	74840	137310	213800	61.74	48.07	false	
https://onet.org.ai/Wage/InvestmentAnalysts	onet.org.ai	Wage	InvestmentAnalysts	132051	Financial and Investment Analysts		116490	101350	62410	78300	132050	180550	56.01	48.73	true	
https://onet.org.ai/Wage/PersonalFinancialAdvisors	onet.org.ai	Wage	PersonalFinancialAdvisors	132052	Personal Financial Advisors		160210	102140	49990	70620	172540		77.02	49.11	true	
https://onet.org.ai/Wage/InsuranceUnderwriters	onet.org.ai	Wage	InsuranceUnderwriters	132053	Insurance Underwriters		90830	79880	51640	63070	104820	138020	43.67	38.4	true	
https://onet.org.ai/Wage/FinancialRiskSpecialists	onet.org.ai	Wage	FinancialRiskSpecialists	132054	Financial Risk Specialists		119930	106000	62270	80280	145020	182310	57.66	50.96	true	
https://onet.org.ai/Wage/FinancialExaminers	onet.org.ai	Wage	FinancialExaminers	132061	Financial Examiners		103650	90400	53420	66800	127210	171540	49.83	43.46	true	
https://onet.org.ai/Wage/CreditCounselorsandLoanOfficers	onet.org.ai	Wage	CreditCounselorsandLoanOfficers	132070	Credit Counselors and Loan Officers		83360	69040	38550	49470	100090	138030	40.08	33.19	false	
https://onet.org.ai/Wage/CreditCounselors	onet.org.ai	Wage	CreditCounselors	132071	Credit Counselors		55890	50480	38980	45420	61760	77920	26.87	24.27	true	
https://onet.org.ai/Wage/LoanOfficers	onet.org.ai	Wage	LoanOfficers	132072	Loan Officers		86020	74180	38490	50460	101920	145780	41.35	35.66	true	
https://onet.org.ai/Wage/TaxExaminersCollectorsandPreparersandRevenueAgents	onet.org.ai	Wage	TaxExaminersCollectorsandPreparersandRevenueAgents	132080	Tax Examiners, Collectors and Preparers, and Revenue Agents		62530	56160	34770	41540	77130	100410	30.06	27	false	
https://onet.org.ai/Wage/RevenueAgents	onet.org.ai	Wage	RevenueAgents	132081	Tax Examiners and Collectors, and Revenue Agents		67570	59740	40020	46820	79330	110300	32.49	28.72	true	
https://onet.org.ai/Wage/TaxPreparers	onet.org.ai	Wage	TaxPreparers	132082	Tax Preparers		58860	50560	30500	37750	75590	96240	28.3	24.31	true	
https://onet.org.ai/Wage/Analysts	onet.org.ai	Wage	Analysts	132099	Fraud Examiners, Investigators and Analysts		93890	80190	46420	60140	109120	151780	45.14	38.55	true	
https://onet.org.ai/Wage/ComputerandMathematicalOccupations	onet.org.ai	Wage	ComputerandMathematicalOccupations	150000	Computer and Mathematical Occupations		116810	105850	54100	76350	146650	180110	56.16	50.89	false	
https://onet.org.ai/Wage/ComputerOccupations	onet.org.ai	Wage	ComputerOccupations	151200	Computer Occupations		116770	105990	53340	76180	147220	180110	56.14	50.96	false	
https://onet.org.ai/Wage/ComputerandInformationAnalysts	onet.org.ai	Wage	ComputerandInformationAnalysts	151210	Computer and Information Analysts		116130	106890	64450	82550	137190	170060	55.83	51.39	false	
https://onet.org.ai/Wage/HealthInformaticsSpecialists	onet.org.ai	Wage	HealthInformaticsSpecialists	151211	Health Informatics Specialists		111960	103790	63160	80900	132360	166030	53.83	49.9	true	
https://onet.org.ai/Wage/InformationSecurityAnalysts	onet.org.ai	Wage	InformationSecurityAnalysts	151212	Information Security Analysts		127730	124910	69660	92160	159600	186420	61.41	60.05	true	
https://onet.org.ai/Wage/InformationResearchScientists	onet.org.ai	Wage	InformationResearchScientists	151221	Computer and Information Research Scientists		152310	140910	80670	102710	181210	232120	73.23	67.74	true	
https://onet.org.ai/Wage/ComputerSupportSpecialists	onet.org.ai	Wage	ComputerSupportSpecialists	151230	Computer Support Specialists		67530	61550	39520	48290	79020	101310	32.47	29.59	false	
https://onet.org.ai/Wage/ComputerNetworkSupportSpecialists	onet.org.ai	Wage	ComputerNetworkSupportSpecialists	151231	Computer Network Support Specialists		79610	73340	46010	56720	95710	124470	38.27	35.26	true	
https://onet.org.ai/Wage/ComputerUserSupportSpecialists	onet.org.ai	Wage	ComputerUserSupportSpecialists	151232	Computer User Support Specialists		64990	60340	38780	47580	77010	98010	31.25	29.01	true	
https://onet.org.ai/Wage/DatabaseandNetworkAdministratorsandArchitects	onet.org.ai	Wage	DatabaseandNetworkAdministratorsandArchitects	151240	Database and Network Administrators and Architects		115840	107480	63580	81390	138940	172190	55.69	51.67	false	
https://onet.org.ai/Wage/TelecommunicationsEngineeringSpecialists	onet.org.ai	Wage	TelecommunicationsEngineeringSpecialists	151241	Telecommunications Engineering Specialists		135890	130390	79520	102120	164440	198030	65.33	62.69	true	
https://onet.org.ai/Wage/DatabaseAdministrators	onet.org.ai	Wage	DatabaseAdministrators	151242	Database Administrators		107440	104620	56820	76100	132850	160890	51.65	50.3	true	
https://onet.org.ai/Wage/DataWarehousingSpecialists	onet.org.ai	Wage	DataWarehousingSpecialists	151243	Data Warehousing Specialists		142620	135980	81630	107900	169480	209990	68.57	65.37	true	
https://onet.org.ai/Wage/ComputerSystemsAdministrators	onet.org.ai	Wage	ComputerSystemsAdministrators	151244	Network and Computer Systems Administrators		101190	96800	60320	75860	123390	150320	48.65	46.54	true	
https://onet.org.ai/Wage/SoftwareandWebDevelopersProgrammersandTesters	onet.org.ai	Wage	SoftwareandWebDevelopersProgrammersandTesters	151250	Software and Web Developers, Programmers, and Testers		135910	129320	71740	97560	165910	207830	65.34	62.17	false	
https://onet.org.ai/Wage/ComputerProgrammers	onet.org.ai	Wage	ComputerProgrammers	151251	Computer Programmers		103640	98670	52190	71860	128960	162090	49.83	47.44	true	
https://onet.org.ai/Wage/SoftwareDevelopers	onet.org.ai	Wage	SoftwareDevelopers	151252	Software Developers		144570	133080	79850	103050	169000	211450	69.5	63.98	true	
https://onet.org.ai/Wage/Testers	onet.org.ai	Wage	Testers	151253	Software Quality Assurance Analysts and Testers		110260	102610	60690	79520	131870	166960	53.01	49.33	true	
https://onet.org.ai/Wage/WebDevelopers	onet.org.ai	Wage	WebDevelopers	151254	Web Developers		98790	90930	48560	63140	124300	162870	47.5	43.72	true	
https://onet.org.ai/Wage/VideoGameDesigners	onet.org.ai	Wage	VideoGameDesigners	151255	Video Game Designers		111450	98090	47840	64990	141860	192180	53.58	47.16	true	
https://onet.org.ai/Wage/InformationTechnologyProjectManagers	onet.org.ai	Wage	InformationTechnologyProjectManagers	151299	Information Technology Project Managers		116700	108970	52650	76360	147530	176800	56.11	52.39	true	
https://onet.org.ai/Wage/MathematicalScienceOccupations	onet.org.ai	Wage	MathematicalScienceOccupations	152000	Mathematical Science Occupations		117190	104620	60000	78300	140930	180180	56.34	50.3	false	
https://onet.org.ai/Wage/Actuaries	onet.org.ai	Wage	Actuaries	152011	Actuaries		134990	125770	75240	90970	164860	206430	64.9	60.47	true	
https://onet.org.ai/Wage/Mathematicians	onet.org.ai	Wage	Mathematicians	152021	Mathematicians		122520	121680	63430	85720	153340	187660	58.91	58.5	true	
https://onet.org.ai/Wage/OperationsResearchAnalysts	onet.org.ai	Wage	OperationsResearchAnalysts	152031	Operations Research Analysts		99120	91290	53910	66910	124120	159280	47.66	43.89	true	
https://onet.org.ai/Wage/Biostatisticians	onet.org.ai	Wage	Biostatisticians	152041	Biostatisticians		112330	103300	60390	79210	137610	170700	54.01	49.66	true	
https://onet.org.ai/Wage/ClinicalDataManagers	onet.org.ai	Wage	ClinicalDataManagers	152051	Clinical Data Managers		124590	112590	63650	82630	155810	194410	59.9	54.13	true	
https://onet.org.ai/Wage/BioinformaticsTechnicians	onet.org.ai	Wage	BioinformaticsTechnicians	152099	Bioinformatics Technicians		84700	71490	40330	52440	101920	154140	40.72	34.37	true	
https://onet.org.ai/Wage/ArchitectureandEngineeringOccupations	onet.org.ai	Wage	ArchitectureandEngineeringOccupations	170000	Architecture and Engineering Occupations		103980	97310	55550	74040	128080	164360	49.99	46.79	false	
https://onet.org.ai/Wage/ArchitectsSurveyorsandCartographers	onet.org.ai	Wage	ArchitectsSurveyorsandCartographers	171000	Architects, Surveyors, and Cartographers		93330	82990	50410	64320	107020	139070	44.87	39.9	false	
https://onet.org.ai/Wage/ArchitectsExceptNaval	onet.org.ai	Wage	ArchitectsExceptNaval	171010	Architects, Except Naval		101090	94010	59280	74280	120910	157600	48.6	45.2	false	
https://onet.org.ai/Wage/Naval	onet.org.ai	Wage	Naval	171011	Architects, Except Landscape and Naval		103390	96690	60510	76110	123300	159800	49.71	46.49	true	
https://onet.org.ai/Wage/LandscapeArchitects	onet.org.ai	Wage	LandscapeArchitects	171012	Landscape Architects		88000	79660	51990	62650	101580	132250	42.31	38.3	true	
https://onet.org.ai/Wage/SurveyorsCartographersandPhotogrammetrists	onet.org.ai	Wage	SurveyorsCartographersandPhotogrammetrists	171020	Surveyors, Cartographers, and Photogrammetrists		77920	74120	44870	56480	95650	117910	37.46	35.64	false	
https://onet.org.ai/Wage/Photogrammetrists	onet.org.ai	Wage	Photogrammetrists	171021	Cartographers and Photogrammetrists		82860	78380	50500	62860	99650	121440	39.84	37.68	true	
https://onet.org.ai/Wage/GeodeticSurveyors	onet.org.ai	Wage	GeodeticSurveyors	171022	Geodetic Surveyors		76730	72740	43680	53590	94550	116330	36.89	34.97	true	
https://onet.org.ai/Wage/Engineers	onet.org.ai	Wage	Engineers	172000	Engineers		116760	106070	70240	83570	137090	173010	56.13	50.99	false	
https://onet.org.ai/Wage/AerospaceEngineers	onet.org.ai	Wage	AerospaceEngineers	172011	Aerospace Engineers		141180	134830	85350	104740	174480	205850	67.88	64.82	true	
https://onet.org.ai/Wage/AgriculturalEngineers	onet.org.ai	Wage	AgriculturalEngineers	172021	Agricultural Engineers		84240	84630	43020	49930	103940	132700	40.5	40.69	true	
https://onet.org.ai/Wage/BiomedicalEngineers	onet.org.ai	Wage	BiomedicalEngineers	172031	Bioengineers and Biomedical Engineers		115020	106950	71860	86630	133570	165060	55.3	51.42	true	
https://onet.org.ai/Wage/ChemicalEngineers	onet.org.ai	Wage	ChemicalEngineers	172041	Chemical Engineers		128430	121860	78520	96040	152290	182150	61.75	58.59	true	
https://onet.org.ai/Wage/WaterWastewaterEngineers	onet.org.ai	Wage	WaterWastewaterEngineers	172051	Water/Wastewater Engineers		107050	99590	65920	78790	128290	160990	51.47	47.88	true	
https://onet.org.ai/Wage/ComputerHardwareEngineers	onet.org.ai	Wage	ComputerHardwareEngineers	172061	Computer Hardware Engineers		156770	155020	85430	115500	185380	223820	75.37	74.53	true	
https://onet.org.ai/Wage/ElectricalandElectronicsEngineers	onet.org.ai	Wage	ElectricalandElectronicsEngineers	172070	Electrical and Electronics Engineers		124810	118780	76190	92390	150530	181390	60	57.11	false	
https://onet.org.ai/Wage/ElectricalEngineers	onet.org.ai	Wage	ElectricalEngineers	172071	Electrical Engineers		120980	111910	74670	87590	141630	175460	58.16	53.8	true	
https://onet.org.ai/Wage/RadioFrequencyIdentificationDeviceSpecialists	onet.org.ai	Wage	RadioFrequencyIdentificationDeviceSpecialists	172072	Radio Frequency Identification Device Specialists		132500	127590	79390	98920	164000	199060	63.7	61.34	true	
https://onet.org.ai/Wage/EnvironmentalEngineers	onet.org.ai	Wage	EnvironmentalEngineers	172081	Environmental Engineers		110570	104170	64950	80510	130830	161910	53.16	50.08	true	
https://onet.org.ai/Wage/IndustrialEngineersIncludingHealthandSafety	onet.org.ai	Wage	IndustrialEngineersIncludingHealthandSafety	172110	Industrial Engineers, Including Health and Safety		108260	101490	69390	81990	127810	158310	52.05	48.79	false	
https://onet.org.ai/Wage/ProtectionEngineers	onet.org.ai	Wage	ProtectionEngineers	172111	Fire-Prevention and Protection Engineers		113770	109660	62050	85400	136150	166670	54.7	52.72	true	
https://onet.org.ai/Wage/ManufacturingEngineers	onet.org.ai	Wage	ManufacturingEngineers	172112	Manufacturing Engineers		107900	101140	70000	81910	127480	157140	51.87	48.63	true	
https://onet.org.ai/Wage/NavalArchitects	onet.org.ai	Wage	NavalArchitects	172121	Marine Engineers and Naval Architects		116680	105670	79700	88480	133780	167660	56.1	50.8	true	
https://onet.org.ai/Wage/MaterialsEngineers	onet.org.ai	Wage	MaterialsEngineers	172131	Materials Engineers		116380	108310	68040	85820	138370	172000	55.95	52.07	true	
https://onet.org.ai/Wage/AutomotiveEngineers	onet.org.ai	Wage	AutomotiveEngineers	172141	Automotive Engineers		110080	102320	68740	81800	130290	161240	52.92	49.19	true	
https://onet.org.ai/Wage/MiningSafetyEngineers	onet.org.ai	Wage	MiningSafetyEngineers	172151	Mining and Geological Engineers, Including Mining Safety Engineers		108940	101020	62500	81040	129860	163740	52.37	48.57	true	
https://onet.org.ai/Wage/NuclearEngineers	onet.org.ai	Wage	NuclearEngineers	172161	Nuclear Engineers		134980	127520	88290	103010	157600	187430	64.89	61.31	true	
https://onet.org.ai/Wage/PetroleumEngineers	onet.org.ai	Wage	PetroleumEngineers	172171	Petroleum Engineers		153560	141280	78840	107330	191100	228790	73.83	67.92	true	
https://onet.org.ai/Wage/SolarEnergySystemsEngineers	onet.org.ai	Wage	SolarEnergySystemsEngineers	172199	Solar Energy Systems Engineers		121720	117750	62840	85750	152670	183510	58.52	56.61	true	
https://onet.org.ai/Wage/DraftersEngineeringTechniciansandMappingTechnicians	onet.org.ai	Wage	DraftersEngineeringTechniciansandMappingTechnicians	173000	Drafters, Engineering Technicians, and Mapping Technicians		71540	66390	44480	53010	83360	103510	34.39	31.92	false	
https://onet.org.ai/Wage/Drafters	onet.org.ai	Wage	Drafters	173010	Drafters		70760	65380	44960	54270	81250	101020	34.02	31.44	false	
https://onet.org.ai/Wage/CivilDrafters	onet.org.ai	Wage	CivilDrafters	173011	Architectural and Civil Drafters		68860	64280	44040	52880	79510	98190	33.11	30.9	true	
https://onet.org.ai/Wage/ElectronicsDrafters	onet.org.ai	Wage	ElectronicsDrafters	173012	Electrical and Electronics Drafters		77960	73720	48680	58800	91780	110180	37.48	35.44	true	
https://onet.org.ai/Wage/MechanicalDrafters	onet.org.ai	Wage	MechanicalDrafters	173013	Mechanical Drafters		74040	68510	46500	56470	85580	107600	35.59	32.94	true	
https://onet.org.ai/Wage/DraftersAllOther	onet.org.ai	Wage	DraftersAllOther	173019	Drafters, All Other		66530	62010	42170	50970	77750	96620	31.99	29.81	true	
https://onet.org.ai/Wage/EngineeringTechnologistsandTechniciansExceptDrafters	onet.org.ai	Wage	EngineeringTechnologistsandTechniciansExceptDrafters	173020	Engineering Technologists and Technicians, Except Drafters		74100	70070	46300	56250	86200	106440	35.63	33.69	false	
https://onet.org.ai/Wage/Technicians	onet.org.ai	Wage	Technicians	173021	Aerospace Engineering and Operations Technologists and Technicians		69940	62970	40670	48860	81900	105150	33.63	30.27	true	
https://onet.org.ai/Wage/RoboticsTechnicians	onet.org.ai	Wage	RoboticsTechnicians	173024	Robotics Technicians		75710	70760	47770	58570	87320	109580	36.4	34.02	true	
https://onet.org.ai/Wage/AutomotiveEngineeringTechnicians	onet.org.ai	Wage	AutomotiveEngineeringTechnicians	173027	Automotive Engineering Technicians		72450	68730	46940	57330	82980	100890	34.83	33.04	true	
https://onet.org.ai/Wage/PhotonicsTechnicians	onet.org.ai	Wage	PhotonicsTechnicians	173029	Photonics Technicians		79740	77390	47010	59700	97760	114630	38.34	37.21	true	
https://onet.org.ai/Wage/MappingTechnicians	onet.org.ai	Wage	MappingTechnicians	173031	Surveying and Mapping Technicians		56890	51940	36910	44180	65240	80870	27.35	24.97	true	
https://onet.org.ai/Wage/LifePhysicalandSocialScienceOccupations	onet.org.ai	Wage	LifePhysicalandSocialScienceOccupations	190000	Life, Physical, and Social Science Occupations		89690	78980	45480	59050	107440	145910	43.12	37.97	false	
https://onet.org.ai/Wage/LifeScientists	onet.org.ai	Wage	LifeScientists	191000	Life Scientists		101980	90500	54430	67110	127520	163500	49.03	43.51	false	
https://onet.org.ai/Wage/AgriculturalandFoodScientists	onet.org.ai	Wage	AgriculturalandFoodScientists	191010	Agricultural and Food Scientists		88590	78770	47050	60900	104170	140080	42.59	37.87	false	
https://onet.org.ai/Wage/AnimalScientists	onet.org.ai	Wage	AnimalScientists	191011	Animal Scientists		104970	79120	48440	59610	128450	235750	50.47	38.04	true	
https://onet.org.ai/Wage/Technologists	onet.org.ai	Wage	Technologists	191012	Food Scientists and Technologists		123070	117960	61990	82450	154900	191880	59.17	56.71	true	
https://onet.org.ai/Wage/PlantScientists	onet.org.ai	Wage	PlantScientists	191013	Soil and Plant Scientists		83040	71410	45320	57950	98110	131440	39.92	34.33	true	
https://onet.org.ai/Wage/BiologicalScientists	onet.org.ai	Wage	BiologicalScientists	191020	Biological Scientists		100730	93340	54120	67720	125990	161990	48.43	44.88	false	
https://onet.org.ai/Wage/Biophysicists	onet.org.ai	Wage	Biophysicists	191021	Biochemists and Biophysicists		115570	103650	64890	78730	134460	168900	55.56	49.83	true	
https://onet.org.ai/Wage/Microbiologists	onet.org.ai	Wage	Microbiologists	191022	Microbiologists		95200	87330	51220	63920	120750	150650	45.77	41.98	true	
https://onet.org.ai/Wage/WildlifeBiologists	onet.org.ai	Wage	WildlifeBiologists	191023	Zoologists and Wildlife Biologists		77920	72860	48240	58360	90590	113350	37.46	35.03	true	
https://onet.org.ai/Wage/Biologists	onet.org.ai	Wage	Biologists	191029	Biologists		100440	93330	54500	67950	121350	159780	48.29	44.87	true	
https://onet.org.ai/Wage/ConservationScientistsandForesters	onet.org.ai	Wage	ConservationScientistsandForesters	191030	Conservation Scientists and Foresters		74410	69060	45880	55500	87050	106660	35.77	33.2	false	
https://onet.org.ai/Wage/ParkNaturalists	onet.org.ai	Wage	ParkNaturalists	191031	Park Naturalists		74310	67950	45260	53190	87980	107720	35.73	32.67	true	
https://onet.org.ai/Wage/Foresters	onet.org.ai	Wage	Foresters	191032	Foresters		74670	70660	49240	58810	85450	103220	35.9	33.97	true	
https://onet.org.ai/Wage/MedicalScientists	onet.org.ai	Wage	MedicalScientists	191040	Medical Scientists		111430	99770	61770	76820	132900	167600	53.57	47.97	false	
https://onet.org.ai/Wage/Epidemiologists	onet.org.ai	Wage	Epidemiologists	191041	Epidemiologists		112690	100590	61860	77260	133870	168210	54.18	48.36	true	
https://onet.org.ai/Wage/LifeScientistsAllOther	onet.org.ai	Wage	LifeScientistsAllOther	191099	Life Scientists, All Other		101940	87800	52360	66340	123720	168860	49.01	42.21	true	
https://onet.org.ai/Wage/PhysicalScientists	onet.org.ai	Wage	PhysicalScientists	192000	Physical Scientists		104070	92750	53870	66800	129100	169070	50.03	44.59	false	
https://onet.org.ai/Wage/AstronomersandPhysicists	onet.org.ai	Wage	AstronomersandPhysicists	192010	Astronomers and Physicists		163850	166290	78590	113860	210260		78.77	79.95	false	
https://onet.org.ai/Wage/Astronomers	onet.org.ai	Wage	Astronomers	192011	Astronomers		134430	132170	70730	94990	177690	191880	64.63	63.54	true	
https://onet.org.ai/Wage/Physicists	onet.org.ai	Wage	Physicists	192012	Physicists		166000	166290	80020	117450	210260		79.81	79.95	true	
https://onet.org.ai/Wage/SpaceScientists	onet.org.ai	Wage	SpaceScientists	192021	Atmospheric and Space Scientists		103980	97450	49990	69440	128940	160710	49.99	46.85	true	
https://onet.org.ai/Wage/ChemistsandMaterialsScientists	onet.org.ai	Wage	ChemistsandMaterialsScientists	192030	Chemists and Materials Scientists		97350	86620	54160	64880	123170	156530	46.8	41.64	false	
https://onet.org.ai/Wage/Chemists	onet.org.ai	Wage	Chemists	192031	Chemists		95940	84150	53210	63930	120210	154430	46.13	40.46	true	
https://onet.org.ai/Wage/MaterialsScientists	onet.org.ai	Wage	MaterialsScientists	192032	Materials Scientists		111410	104160	61460	79980	134140	168500	53.56	50.08	true	
https://onet.org.ai/Wage/EnvironmentalScientistsandGeoscientists	onet.org.ai	Wage	EnvironmentalScientistsandGeoscientists	192040	Environmental Scientists and Geoscientists		93630	82660	51200	63540	109500	145450	45.02	39.74	false	
https://onet.org.ai/Wage/IndustrialEcologists	onet.org.ai	Wage	IndustrialEcologists	192041	Industrial Ecologists		88640	80060	50130	62090	103730	134830	42.62	38.49	true	
https://onet.org.ai/Wage/Geographers	onet.org.ai	Wage	Geographers	192042	Geoscientists, Except Hydrologists and Geographers		98160	97200	62390	75590	117190	133680	47.19	46.73	true	
https://onet.org.ai/Wage/Hydrologists	onet.org.ai	Wage	Hydrologists	192043	Hydrologists		98130	92060	60010	73330	114940	139420	47.18	44.26	true	
https://onet.org.ai/Wage/SocialScientistsandRelatedWorkers	onet.org.ai	Wage	SocialScientistsandRelatedWorkers	193000	Social Scientists and Related Workers		101290	92900	53840	70310	124860	157950	48.7	44.66	false	
https://onet.org.ai/Wage/EnvironmentalEconomists	onet.org.ai	Wage	EnvironmentalEconomists	193011	Environmental Economists		130910	115440	62340	82260	166030	212710	62.94	55.5	true	
https://onet.org.ai/Wage/SurveyResearchers	onet.org.ai	Wage	SurveyResearchers	193022	Survey Researchers		73470	63380	36950	46110	85370	118730	35.32	30.47	true	
https://onet.org.ai/Wage/Psychologists	onet.org.ai	Wage	Psychologists	193030	Psychologists		102100	94310	54860	71140	126340	157330	49.09	45.34	false	
https://onet.org.ai/Wage/IndustrialOrganizationalPsychologists	onet.org.ai	Wage	IndustrialOrganizationalPsychologists	193032	Industrial-Organizational Psychologists		134400	109840	51880	80790	198170	224590	64.62	52.81	true	
https://onet.org.ai/Wage/CounselingPsychologists	onet.org.ai	Wage	CounselingPsychologists	193033	Clinical and Counseling Psychologists		106850	95830	50470	67470	131510	170150	51.37	46.07	true	
https://onet.org.ai/Wage/SchoolPsychologists	onet.org.ai	Wage	SchoolPsychologists	193034	School Psychologists		93610	86930	60880	73240	108210	132320	45.01	41.79	true	
https://onet.org.ai/Wage/ClinicalNeuropsychologists	onet.org.ai	Wage	ClinicalNeuropsychologists	193039	Clinical Neuropsychologists		111340	117580	51410	73820	145200	163570	53.53	56.53	true	
https://onet.org.ai/Wage/Sociologists	onet.org.ai	Wage	Sociologists	193041	Sociologists		111670	101690	60710	78150	134780	168590	53.69	48.89	true	
https://onet.org.ai/Wage/RegionalPlanners	onet.org.ai	Wage	RegionalPlanners	193051	Urban and Regional Planners		89730	83720	55590	66210	104450	128550	43.14	40.25	true	
https://onet.org.ai/Wage/MiscellaneousSocialScientistsandRelatedWorkers	onet.org.ai	Wage	MiscellaneousSocialScientistsandRelatedWorkers	193090	Miscellaneous Social Scientists and Related Workers		102840	96660	55580	73570	127210	162610	49.44	46.47	false	
https://onet.org.ai/Wage/Archeologists	onet.org.ai	Wage	Archeologists	193091	Anthropologists and Archeologists		71070	64910	44510	51240	83080	104510	34.17	31.21	true	
https://onet.org.ai/Wage/Historians	onet.org.ai	Wage	Historians	193093	Historians		78470	74050	38630	55190	96330	128500	37.73	35.6	true	
https://onet.org.ai/Wage/PoliticalScientists	onet.org.ai	Wage	PoliticalScientists	193094	Political Scientists		137600	139380	74750	103030	172050	191880	66.15	67.01	true	
https://onet.org.ai/Wage/TransportationPlanners	onet.org.ai	Wage	TransportationPlanners	193099	Transportation Planners		106440	100340	62570	79210	127880	160810	51.17	48.24	true	
https://onet.org.ai/Wage/LifePhysicalandSocialScienceTechnicians	onet.org.ai	Wage	LifePhysicalandSocialScienceTechnicians	194000	Life, Physical, and Social Science Technicians		61200	55810	36830	45070	72510	94100	29.42	26.83	false	
https://onet.org.ai/Wage/AgriculturalandFoodScienceTechnicians	onet.org.ai	Wage	AgriculturalandFoodScienceTechnicians	194010	Agricultural and Food Science Technicians		52030	48480	35610	40240	60250	71710	25.01	23.31	false	
https://onet.org.ai/Wage/PrecisionAgricultureTechnicians	onet.org.ai	Wage	PrecisionAgricultureTechnicians	194012	Precision Agriculture Technicians		49680	46790	32860	38480	59370	69010	23.88	22.49	true	
https://onet.org.ai/Wage/FoodScienceTechnicians	onet.org.ai	Wage	FoodScienceTechnicians	194013	Food Science Technicians		54400	49430	37760	43990	60940	75100	26.15	23.76	true	
https://onet.org.ai/Wage/BiologicalTechnicians	onet.org.ai	Wage	BiologicalTechnicians	194021	Biological Technicians		58020	52000	38060	45380	66410	81990	27.89	25	true	
https://onet.org.ai/Wage/ChemicalTechnicians	onet.org.ai	Wage	ChemicalTechnicians	194031	Chemical Technicians		61300	57790	39030	46680	72940	90990	29.47	27.78	true	
https://onet.org.ai/Wage/EnvironmentalScienceandGeoscienceTechnicians	onet.org.ai	Wage	EnvironmentalScienceandGeoscienceTechnicians	194040	Environmental Science and Geoscience Technicians		57470	49690	35730	38920	64950	88500	27.63	23.89	false	
https://onet.org.ai/Wage/Health	onet.org.ai	Wage	Health	194042	Environmental Science and Protection Technicians, Including Health		56770	49490	36130	38050	64170	85630	27.29	23.79	true	
https://onet.org.ai/Wage/HydrologicTechnicians	onet.org.ai	Wage	HydrologicTechnicians	194043	Geological Technicians, Except Hydrologic Technicians		64410	58570	40330	47450	79790	94310	30.97	28.16	true	
https://onet.org.ai/Wage/NuclearMonitoringTechnicians	onet.org.ai	Wage	NuclearMonitoringTechnicians	194051	Nuclear Monitoring Technicians		100730	104240	64370	83330	113710	126890	48.43	50.11	true	
https://onet.org.ai/Wage/SocialScienceResearchAssistants	onet.org.ai	Wage	SocialScienceResearchAssistants	194061	Social Science Research Assistants		63560	58040	36410	46190	73060	100620	30.56	27.9	true	
https://onet.org.ai/Wage/ConservationTechnicians	onet.org.ai	Wage	ConservationTechnicians	194071	Forest and Conservation Technicians		56660	54310	36190	42560	66020	80790	27.24	26.11	true	
https://onet.org.ai/Wage/MiscellaneousLifePhysicalandSocialScienceTechnicians	onet.org.ai	Wage	MiscellaneousLifePhysicalandSocialScienceTechnicians	194090	Miscellaneous Life, Physical, and Social Science Technicians		66910	61570	38320	47370	79360	102280	32.17	29.6	false	
https://onet.org.ai/Wage/ForensicScienceTechnicians	onet.org.ai	Wage	ForensicScienceTechnicians	194092	Forensic Science Technicians		75260	67440	45560	53310	88710	110710	36.18	32.42	true	
https://onet.org.ai/Wage/RemoteSensingTechnicians	onet.org.ai	Wage	RemoteSensingTechnicians	194099	Remote Sensing Technicians		64640	60130	37310	46270	77990	101870	31.08	28.91	true	
https://onet.org.ai/Wage/OccupationalHealthandSafetySpecialistsandTechnicians	onet.org.ai	Wage	OccupationalHealthandSafetySpecialistsandTechnicians	195010	Occupational Health and Safety Specialists and Technicians		83770	78900	47790	59620	101490	127140	40.27	37.93	false	
https://onet.org.ai/Wage/SafetySpecialists	onet.org.ai	Wage	SafetySpecialists	195011	Occupational Health and Safety Specialists		88660	83910	50610	64410	105390	130460	42.63	40.34	true	
https://onet.org.ai/Wage/SafetyTechnicians	onet.org.ai	Wage	SafetyTechnicians	195012	Occupational Health and Safety Technicians		63800	58440	40550	49510	74810	94670	30.67	28.1	true	
https://onet.org.ai/Wage/CommunityandSocialServiceOccupations	onet.org.ai	Wage	CommunityandSocialServiceOccupations	210000	Community and Social Service Occupations		63030	57530	37710	45700	75080	96710	30.31	27.66	false	
https://onet.org.ai/Wage/CounselorsSocialWorkersandOtherCommunityandSocialServiceSpecialists	onet.org.ai	Wage	CounselorsSocialWorkersandOtherCommunityandSocialServiceSpecialists	211000	Counselors, Social Workers, and Other Community and Social Service Specialists		62980	57480	37830	45750	75090	96620	30.28	27.64	false	
https://onet.org.ai/Wage/Counselors	onet.org.ai	Wage	Counselors	211010	Counselors		66370	60200	39090	47350	78230	100680	31.91	28.94	false	
https://onet.org.ai/Wage/Advisors	onet.org.ai	Wage	Advisors	211012	Educational, Guidance, and Career Counselors and Advisors		71520	65140	43580	51690	83490	105870	34.38	31.32	true	
https://onet.org.ai/Wage/FamilyTherapists	onet.org.ai	Wage	FamilyTherapists	211013	Marriage and Family Therapists		72720	63780	42610	48600	85020	111610	34.96	30.66	true	
https://onet.org.ai/Wage/RehabilitationCounselors	onet.org.ai	Wage	RehabilitationCounselors	211015	Rehabilitation Counselors		51260	46110	34480	38700	59040	77200	24.64	22.17	true	
https://onet.org.ai/Wage/Substanceabusebehavioraldisorderandmentalhealthcounselors	onet.org.ai	Wage	Substanceabusebehavioraldisorderandmentalhealthcounselors	211018	Substance abuse, behavioral disorder, and mental health counselors		65100	59190	39090	47170	76230	98210	31.3	28.46	false	
https://onet.org.ai/Wage/CounselorsAllOther	onet.org.ai	Wage	CounselorsAllOther	211019	Counselors, All Other		58070	49830	36160	42760	66510	91420	27.92	23.96	true	
https://onet.org.ai/Wage/SocialWorkers	onet.org.ai	Wage	SocialWorkers	211020	Social Workers		67050	61330	41580	48680	78500	99500	32.23	29.49	false	
https://onet.org.ai/Wage/SchoolSocialWorkers	onet.org.ai	Wage	SchoolSocialWorkers	211021	Child, Family, and School Social Workers		62920	58570	40580	47480	74060	94030	30.25	28.16	true	
https://onet.org.ai/Wage/HealthcareSocialWorkers	onet.org.ai	Wage	HealthcareSocialWorkers	211022	Healthcare Social Workers		72030	68090	45030	55360	83410	100870	34.63	32.74	true	
https://onet.org.ai/Wage/SubstanceAbuseSocialWorkers	onet.org.ai	Wage	SubstanceAbuseSocialWorkers	211023	Mental Health and Substance Abuse Social Workers		68290	60060	39620	46550	78980	104130	32.83	28.88	true	
https://onet.org.ai/Wage/SocialWorkersAllOther	onet.org.ai	Wage	SocialWorkersAllOther	211029	Social Workers, All Other		74680	69480	44530	52010	95390	112740	35.91	33.4	true	
https://onet.org.ai/Wage/MiscellaneousCommunityandSocialServiceSpecialists	onet.org.ai	Wage	MiscellaneousCommunityandSocialServiceSpecialists	211090	Miscellaneous Community and Social Service Specialists		54460	48790	35130	40340	61990	80260	26.18	23.46	false	
https://onet.org.ai/Wage/HealthEducationSpecialists	onet.org.ai	Wage	HealthEducationSpecialists	211091	Health Education Specialists		71700	63000	42210	49880	84460	112900	34.47	30.29	true	
https://onet.org.ai/Wage/CorrectionalTreatmentSpecialists	onet.org.ai	Wage	CorrectionalTreatmentSpecialists	211092	Probation Officers and Correctional Treatment Specialists		71530	64520	45390	52580	84030	106290	34.39	31.02	true	
https://onet.org.ai/Wage/HumanServiceAssistants	onet.org.ai	Wage	HumanServiceAssistants	211093	Social and Human Service Assistants		47090	45120	33280	37770	53040	63850	22.64	21.69	true	
https://onet.org.ai/Wage/CommunityHealthWorkers	onet.org.ai	Wage	CommunityHealthWorkers	211094	Community Health Workers		55970	51030	37930	44370	63150	78560	26.91	24.54	true	
https://onet.org.ai/Wage/SocialServiceSpecialistsAllOther	onet.org.ai	Wage	SocialServiceSpecialistsAllOther	211099	Community and Social Service Specialists, All Other		58360	54940	36470	45420	67590	83210	28.06	26.41	true	
https://onet.org.ai/Wage/ReligiousWorkers	onet.org.ai	Wage	ReligiousWorkers	212000	Religious Workers		64360	58570	35140	43400	74750	98600	30.94	28.16	false	
https://onet.org.ai/Wage/Clergy	onet.org.ai	Wage	Clergy	212011	Clergy		67160	60820	37140	47220	76340	99720	32.29	29.24	true	
https://onet.org.ai/Wage/Education	onet.org.ai	Wage	Education	212021	Directors, Religious Activities and Education		65040	54840	33990	42210	74990	106530	31.27	26.37	true	
https://onet.org.ai/Wage/ReligiousWorkersAllOther	onet.org.ai	Wage	ReligiousWorkersAllOther	212099	Religious Workers, All Other		49830	45120	29120	34700	60310	75920	23.96	21.69	true	
https://onet.org.ai/Wage/LegalOccupations	onet.org.ai	Wage	LegalOccupations	230000	Legal Occupations		137680	99990	47110	62410	170520		66.19	48.07	false	
https://onet.org.ai/Wage/LawyersJudgesandRelatedWorkers	onet.org.ai	Wage	LawyersJudgesandRelatedWorkers	231000	Lawyers, Judges, and Related Workers		177570	144040	65610	97730	212100		85.37	69.25	false	
https://onet.org.ai/Wage/LawyersandJudicialLawClerks	onet.org.ai	Wage	LawyersandJudicialLawClerks	231010	Lawyers and Judicial Law Clerks		180790	148600	67920	98810	214490		86.92	71.44	false	
https://onet.org.ai/Wage/Lawyers	onet.org.ai	Wage	Lawyers	231011	Lawyers		182760	151160	72780	99760	215420		87.86	72.67	true	
https://onet.org.ai/Wage/JudicialLawClerks	onet.org.ai	Wage	JudicialLawClerks	231012	Judicial Law Clerks		69850	60400	42000	49840	78060	113150	33.58	29.04	true	
https://onet.org.ai/Wage/JudgesMagistratesandOtherJudicialWorkers	onet.org.ai	Wage	JudgesMagistratesandOtherJudicialWorkers	231020	Judges, Magistrates, and Other Judicial Workers		128190	123220	48950	68900	175040	210890	61.63	59.24	false	
https://onet.org.ai/Wage/HearingOfficers	onet.org.ai	Wage	HearingOfficers	231021	Administrative Law Judges, Adjudicators, and Hearing Officers		122620	115230	56970	76920	161290	203990	58.95	55.4	true	
https://onet.org.ai/Wage/Conciliators	onet.org.ai	Wage	Conciliators	231022	Arbitrators, Mediators, and Conciliators		91170	67710	46200	60030	101010	133480	43.83	32.55	true	
https://onet.org.ai/Wage/Magistrates	onet.org.ai	Wage	Magistrates	231023	Judges, Magistrate Judges, and Magistrates		143110	156210	46520	86060	189890	216540	68.8	75.1	true	
https://onet.org.ai/Wage/LegalSupportWorkers	onet.org.ai	Wage	LegalSupportWorkers	232000	Legal Support Workers		67810	60930	39280	47950	78680	100950	32.6	29.3	false	
https://onet.org.ai/Wage/LegalAssistants	onet.org.ai	Wage	LegalAssistants	232011	Paralegals and Legal Assistants		66510	61010	39710	48190	78280	98990	31.98	29.33	true	
https://onet.org.ai/Wage/MiscellaneousLegalSupportWorkers	onet.org.ai	Wage	MiscellaneousLegalSupportWorkers	232090	Miscellaneous Legal Support Workers		72800	60550	38170	46950	81390	130510	35	29.11	false	
https://onet.org.ai/Wage/Searchers	onet.org.ai	Wage	Searchers	232093	Title Examiners, Abstractors, and Searchers		59600	54980	36710	45020	70290	87240	28.65	26.43	true	
https://onet.org.ai/Wage/LegalSupportWorkersAllOther	onet.org.ai	Wage	LegalSupportWorkersAllOther	232099	Legal Support Workers, All Other		86220	68760	41510	50960	103460	176950	41.45	33.06	true	
https://onet.org.ai/Wage/EducationalInstructionandLibraryOccupations	onet.org.ai	Wage	EducationalInstructionandLibraryOccupations	250000	Educational Instruction and Library Occupations		65900	59220	30790	39870	78250	104360	31.69	28.47	false	
https://onet.org.ai/Wage/PostsecondaryTeachers	onet.org.ai	Wage	PostsecondaryTeachers	251000	Postsecondary Teachers		102410	81600	47010	61300	125900	180630			false	
https://onet.org.ai/Wage/BusinessTeachersPostsecondary	onet.org.ai	Wage	BusinessTeachersPostsecondary	251011	Business Teachers, Postsecondary		113840	97270	46460	63040	140360	210530			true	
https://onet.org.ai/Wage/MathandComputerScienceTeachersPostsecondary	onet.org.ai	Wage	MathandComputerScienceTeachersPostsecondary	251020	Math and Computer Science Teachers, Postsecondary		98400	82390	48470	62160	124840	168080			false	
https://onet.org.ai/Wage/ComputerScienceTeachersPostsecondary	onet.org.ai	Wage	ComputerScienceTeachersPostsecondary	251021	Computer Science Teachers, Postsecondary		105830	96690	48910	65200	132200	172380			true	
https://onet.org.ai/Wage/MathematicalScienceTeachersPostsecondary	onet.org.ai	Wage	MathematicalScienceTeachersPostsecondary	251022	Mathematical Science Teachers, Postsecondary		92880	79350	48150	60880	106270	161020			true	
https://onet.org.ai/Wage/EngineeringandArchitectureTeachersPostsecondary	onet.org.ai	Wage	EngineeringandArchitectureTeachersPostsecondary	251030	Engineering and Architecture Teachers, Postsecondary		117670	105690	59690	79300	135710	184300			false	
https://onet.org.ai/Wage/ArchitectureTeachersPostsecondary	onet.org.ai	Wage	ArchitectureTeachersPostsecondary	251031	Architecture Teachers, Postsecondary		110360	101480	59590	78090	129310	166720			true	
https://onet.org.ai/Wage/EngineeringTeachersPostsecondary	onet.org.ai	Wage	EngineeringTeachersPostsecondary	251032	Engineering Teachers, Postsecondary		119340	106120	59790	80060	136400	200650			true	
https://onet.org.ai/Wage/LifeSciencesTeachersPostsecondary	onet.org.ai	Wage	LifeSciencesTeachersPostsecondary	251040	Life Sciences Teachers, Postsecondary		100900	83920	50520	64140	125210	167290			false	
https://onet.org.ai/Wage/AgriculturalSciencesTeachersPostsecondary	onet.org.ai	Wage	AgriculturalSciencesTeachersPostsecondary	251041	Agricultural Sciences Teachers, Postsecondary		97790	86350	49080	63980	123290	160870			true	
https://onet.org.ai/Wage/BiologicalScienceTeachersPostsecondary	onet.org.ai	Wage	BiologicalScienceTeachersPostsecondary	251042	Biological Science Teachers, Postsecondary		101340	83460	50760	64010	125310	169560			true	
https://onet.org.ai/Wage/ConservationScienceTeachersPostsecondary	onet.org.ai	Wage	ConservationScienceTeachersPostsecondary	251043	Forestry and Conservation Science Teachers, Postsecondary		103780	100830	58670	81380	125080	154630			true	
https://onet.org.ai/Wage/PhysicalSciencesTeachersPostsecondary	onet.org.ai	Wage	PhysicalSciencesTeachersPostsecondary	251050	Physical Sciences Teachers, Postsecondary		105460	95520	53030	65540	129500	173630			false	
https://onet.org.ai/Wage/SpaceSciencesTeachersPostsecondary	onet.org.ai	Wage	SpaceSciencesTeachersPostsecondary	251051	Atmospheric, Earth, Marine, and Space Sciences Teachers, Postsecondary		112950	101390	53310	66620	135500	199260			true	
https://onet.org.ai/Wage/ChemistryTeachersPostsecondary	onet.org.ai	Wage	ChemistryTeachersPostsecondary	251052	Chemistry Teachers, Postsecondary		103030	86220	52870	64980	125920	171600			true	
https://onet.org.ai/Wage/EnvironmentalScienceTeachersPostsecondary	onet.org.ai	Wage	EnvironmentalScienceTeachersPostsecondary	251053	Environmental Science Teachers, Postsecondary		100360	87710	50670	64360	124680	164290			true	
https://onet.org.ai/Wage/PhysicsTeachersPostsecondary	onet.org.ai	Wage	PhysicsTeachersPostsecondary	251054	Physics Teachers, Postsecondary		105460	97360	54880	66730	130150	169740			true	
https://onet.org.ai/Wage/SocialSciencesTeachersPostsecondary	onet.org.ai	Wage	SocialSciencesTeachersPostsecondary	251060	Social Sciences Teachers, Postsecondary		100440	83360	48980	63260	123760	171090			false	
https://onet.org.ai/Wage/ArcheologyTeachersPostsecondary	onet.org.ai	Wage	ArcheologyTeachersPostsecondary	251061	Anthropology and Archeology Teachers, Postsecondary		102530	95770	51380	67410	122870	169090			true	
https://onet.org.ai/Wage/CulturalStudiesTeachersPostsecondary	onet.org.ai	Wage	CulturalStudiesTeachersPostsecondary	251062	Area, Ethnic, and Cultural Studies Teachers, Postsecondary		97350	84290	51130	64320	107810	164650			true	
https://onet.org.ai/Wage/EconomicsTeachersPostsecondary	onet.org.ai	Wage	EconomicsTeachersPostsecondary	251063	Economics Teachers, Postsecondary		133140	119980	57550	80850	166600	217160			true	
https://onet.org.ai/Wage/GeographyTeachersPostsecondary	onet.org.ai	Wage	GeographyTeachersPostsecondary	251064	Geography Teachers, Postsecondary		99020	86730	49990	66400	120220	164350			true	
https://onet.org.ai/Wage/PoliticalScienceTeachersPostsecondary	onet.org.ai	Wage	PoliticalScienceTeachersPostsecondary	251065	Political Science Teachers, Postsecondary		105160	94680	50490	65330	127480	173380			true	
https://onet.org.ai/Wage/PsychologyTeachersPostsecondary	onet.org.ai	Wage	PsychologyTeachersPostsecondary	251066	Psychology Teachers, Postsecondary		93530	80330	47870	62290	106640	158900			true	
https://onet.org.ai/Wage/SociologyTeachersPostsecondary	onet.org.ai	Wage	SociologyTeachersPostsecondary	251067	Sociology Teachers, Postsecondary		97270	82540	49330	64130	113000	167240			true	
https://onet.org.ai/Wage/SocialSciencesTeachersPostsecondaryAllOther	onet.org.ai	Wage	SocialSciencesTeachersPostsecondaryAllOther	251069	Social Sciences Teachers, Postsecondary, All Other		92950	75040	45280	59550	105390	176350			true	
https://onet.org.ai/Wage/HealthTeachersPostsecondary	onet.org.ai	Wage	HealthTeachersPostsecondary	251070	Health Teachers, Postsecondary		125490	100370	50700	66140	161410	228330			false	
https://onet.org.ai/Wage/HealthSpecialtiesTeachersPostsecondary	onet.org.ai	Wage	HealthSpecialtiesTeachersPostsecondary	251071	Health Specialties Teachers, Postsecondary		137900	105620	51760	74400	176090				true	
https://onet.org.ai/Wage/TeachersPostsecondary	onet.org.ai	Wage	TeachersPostsecondary	251072	Nursing Instructors and Teachers, Postsecondary		87090	79940	47950	62210	102020	130040			true	
https://onet.org.ai/Wage/EducationandLibraryScienceTeachersPostsecondary	onet.org.ai	Wage	EducationandLibraryScienceTeachersPostsecondary	251080	Education and Library Science Teachers, Postsecondary		78870	73050	39070	51490	96340	126420			false	
https://onet.org.ai/Wage/EducationTeachersPostsecondary	onet.org.ai	Wage	EducationTeachersPostsecondary	251081	Education Teachers, Postsecondary		78500	72090	38650	50630	96260	126450			true	
https://onet.org.ai/Wage/LibraryScienceTeachersPostsecondary	onet.org.ai	Wage	LibraryScienceTeachersPostsecondary	251082	Library Science Teachers, Postsecondary		84320	78630	53590	62130	97020	126200			true	
https://onet.org.ai/Wage/LawCriminalJusticeandSocialWorkTeachersPostsecondary	onet.org.ai	Wage	LawCriminalJusticeandSocialWorkTeachersPostsecondary	251110	Law, Criminal Justice, and Social Work Teachers, Postsecondary		109320	87870	47790	63010	131060	204930			false	
https://onet.org.ai/Wage/LawEnforcementTeachersPostsecondary	onet.org.ai	Wage	LawEnforcementTeachersPostsecondary	251111	Criminal Justice and Law Enforcement Teachers, Postsecondary		84820	71470	45640	56100	99730	143130			true	
https://onet.org.ai/Wage/LawTeachersPostsecondary	onet.org.ai	Wage	LawTeachersPostsecondary	251112	Law Teachers, Postsecondary		139950	126650	58330	84540	173580				true	
https://onet.org.ai/Wage/SocialWorkTeachersPostsecondary	onet.org.ai	Wage	SocialWorkTeachersPostsecondary	251113	Social Work Teachers, Postsecondary		81880	76210	45370	57080	98570	129280			true	
https://onet.org.ai/Wage/ArtsCommunicationsHistoryandHumanitiesTeachersPostsecondary	onet.org.ai	Wage	ArtsCommunicationsHistoryandHumanitiesTeachersPostsecondary	251120	Arts, Communications, History, and Humanities Teachers, Postsecondary		94900	79060	47260	60520	105820	165110			false	
https://onet.org.ai/Wage/MusicTeachersPostsecondary	onet.org.ai	Wage	MusicTeachersPostsecondary	251121	Art, Drama, and Music Teachers, Postsecondary		102240	80190	47040	60730	121600	194530			true	
https://onet.org.ai/Wage/CommunicationsTeachersPostsecondary	onet.org.ai	Wage	CommunicationsTeachersPostsecondary	251122	Communications Teachers, Postsecondary		90340	77800	47100	60060	103230	160210			true	
https://onet.org.ai/Wage/LiteratureTeachersPostsecondary	onet.org.ai	Wage	LiteratureTeachersPostsecondary	251123	English Language and Literature Teachers, Postsecondary		90400	78270	47540	59780	103730	154800			true	
https://onet.org.ai/Wage/ForeignLanguageTeachers	onet.org.ai	Wage	ForeignLanguageTeachers	251124	Foreign Language and Literature Teachers, Postsecondary		87670	77010	47090	59790	101680	134960			true	
https://onet.org.ai/Wage/HistoryTeachersPostsecondary	onet.org.ai	Wage	HistoryTeachersPostsecondary	251125	History Teachers, Postsecondary		93710	81500	47730	62370	106770	158140			true	
https://onet.org.ai/Wage/ReligionTeachersPostsecondary	onet.org.ai	Wage	ReligionTeachersPostsecondary	251126	Philosophy and Religion Teachers, Postsecondary		88210	78050	47550	60980	101680	134910			true	
https://onet.org.ai/Wage/MiscellaneousPostsecondaryTeachers	onet.org.ai	Wage	MiscellaneousPostsecondaryTeachers	251190	Miscellaneous Postsecondary Teachers		83780	68800	39260	50180	100740	150860			false	
https://onet.org.ai/Wage/ConsumerSciencesTeachersPostsecondary	onet.org.ai	Wage	ConsumerSciencesTeachersPostsecondary	251192	Family and Consumer Sciences Teachers, Postsecondary		84450	77280	47580	56870	99530	133180			true	
https://onet.org.ai/Wage/FitnessStudiesTeachersPostsecondary	onet.org.ai	Wage	FitnessStudiesTeachersPostsecondary	251193	Recreation and Fitness Studies Teachers, Postsecondary		87980	75890	44150	57290	101420	158240			true	
https://onet.org.ai/Wage/CareerTechnicalEducationTeachersPostsecondary	onet.org.ai	Wage	CareerTechnicalEducationTeachersPostsecondary	251194	Career/Technical Education Teachers, Postsecondary		68710	61490	38680	48030	80070	106580	33.03	29.56	true	
https://onet.org.ai/Wage/PostsecondaryTeachersAllOther	onet.org.ai	Wage	PostsecondaryTeachersAllOther	251199	Postsecondary Teachers, All Other		94470	78490	39720	55500	122510	172850			true	
https://onet.org.ai/Wage/PreschoolElementaryMiddleSecondaryandSpecialEducationTeachers	onet.org.ai	Wage	PreschoolElementaryMiddleSecondaryandSpecialEducationTeachers	252000	Preschool, Elementary, Middle, Secondary, and Special Education Teachers		68130	61960	39620	49540	79020	101290			false	
https://onet.org.ai/Wage/PreschoolandKindergartenTeachers	onet.org.ai	Wage	PreschoolandKindergartenTeachers	252010	Preschool and Kindergarten Teachers		46680	40090	28810	34440	55780	73380	22.44	19.27	false	
https://onet.org.ai/Wage/SpecialEducation	onet.org.ai	Wage	SpecialEducation	252011	Preschool Teachers, Except Special Education		69790	62340	46440	50680	79410	102010			true	
https://onet.org.ai/Wage/ElementaryandMiddleSchoolTeachers	onet.org.ai	Wage	ElementaryandMiddleSchoolTeachers	252020	Elementary and Middle School Teachers		69860	62500	46620	51140	79400	101670			false	
https://onet.org.ai/Wage/CareerTechnicalEducation	onet.org.ai	Wage	CareerTechnicalEducation	252022	Middle School Teachers, Except Special and Career/Technical Education		73700	64580	47330	57800	83010	104670			true	
https://onet.org.ai/Wage/CareerTechnicalEducationTeachersMiddleSchool	onet.org.ai	Wage	CareerTechnicalEducationTeachersMiddleSchool	252023	Career/Technical Education Teachers, Middle School		68690	63620	47090	55920	78270	98430			true	
https://onet.org.ai/Wage/SecondarySchoolTeachers	onet.org.ai	Wage	SecondarySchoolTeachers	252030	Secondary School Teachers		73420	64530	47460	57950	82340	103860			false	
https://onet.org.ai/Wage/CareerTechnicalEducationTeachersSecondarySchool	onet.org.ai	Wage	CareerTechnicalEducationTeachersSecondarySchool	252032	Career/Technical Education Teachers, Secondary School		70550	63910	48840	58840	78650	98720			true	
https://onet.org.ai/Wage/SpecialEducationTeachers	onet.org.ai	Wage	SpecialEducationTeachers	252050	Special Education Teachers		72230	64270	47380	57270	81510	103290			false	
https://onet.org.ai/Wage/SpecialEducationTeachersPreschool	onet.org.ai	Wage	SpecialEducationTeachersPreschool	252051	Special Education Teachers, Preschool		72610	62190	38740	49370	81330	132530			true	
https://onet.org.ai/Wage/SpecialEducationTeachersKindergartenandElementarySchool	onet.org.ai	Wage	SpecialEducationTeachersKindergartenandElementarySchool	252052	Special Education Teachers, Kindergarten and Elementary School		70150	63000	47590	57050	79320	100620			false	
https://onet.org.ai/Wage/SpecialEducationTeachersMiddleSchool	onet.org.ai	Wage	SpecialEducationTeachersMiddleSchool	252057	Special Education Teachers, Middle School		72310	64880	48070	58590	81940	102730			true	
https://onet.org.ai/Wage/SpecialEducationTeachersSecondarySchool	onet.org.ai	Wage	SpecialEducationTeachersSecondarySchool	252058	Special Education Teachers, Secondary School		74610	69590	47930	58180	87140	106050			true	
https://onet.org.ai/Wage/AdaptedPhysicalEducationSpecialists	onet.org.ai	Wage	AdaptedPhysicalEducationSpecialists	252059	Adapted Physical Education Specialists		74180	67430	43220	53470	87890	109360			true	
https://onet.org.ai/Wage/OtherTeachersandInstructors	onet.org.ai	Wage	OtherTeachersandInstructors	253000	Other Teachers and Instructors		51270	44220	28070	34010	59860	81070	24.65	21.26	false	
https://onet.org.ai/Wage/ESLInstructors	onet.org.ai	Wage	ESLInstructors	253011	Adult Basic Education, Adult Secondary Education, and English as a Second Language Instructors		64660	59950	39750	47950	76580	95750	31.09	28.82	true	
https://onet.org.ai/Wage/SelfEnrichmentTeachers	onet.org.ai	Wage	SelfEnrichmentTeachers	253021	Self-Enrichment Teachers		53330	45590	28980	35410	62180	90780	25.64	21.92	true	
https://onet.org.ai/Wage/SubstituteTeachersShortTerm	onet.org.ai	Wage	SubstituteTeachersShortTerm	253031	Substitute Teachers, Short-Term		44930	38470	26240	31310	51930	63460	21.6	18.5	true	
https://onet.org.ai/Wage/Tutors	onet.org.ai	Wage	Tutors	253041	Tutors		47780	40090	28430	33410	55380	78810	22.97	19.27	true	
https://onet.org.ai/Wage/InstructorsAllOther	onet.org.ai	Wage	InstructorsAllOther	253099	Teachers and Instructors, All Other		71610	64690	33280	46700	93180	116690			true	
https://onet.org.ai/Wage/LibrariansCuratorsandArchivists	onet.org.ai	Wage	LibrariansCuratorsandArchivists	254000	Librarians, Curators, and Archivists		60220	57100	31600	40410	74800	96030	28.95	27.45	false	
https://onet.org.ai/Wage/ArchivistsCuratorsandMuseumTechnicians	onet.org.ai	Wage	ArchivistsCuratorsandMuseumTechnicians	254010	Archivists, Curators, and Museum Technicians		62900	57100	34840	43000	76040	98490	30.24	27.45	false	
https://onet.org.ai/Wage/Archivists	onet.org.ai	Wage	Archivists	254011	Archivists		67620	61570	39330	47890	79850	104780	32.51	29.6	true	
https://onet.org.ai/Wage/Curators	onet.org.ai	Wage	Curators	254012	Curators		70060	61770	37110	47270	81350	105520	33.68	29.7	true	
https://onet.org.ai/Wage/Conservators	onet.org.ai	Wage	Conservators	254013	Museum Technicians and Conservators		53630	47460	30720	37460	62990	82790	25.78	22.82	true	
https://onet.org.ai/Wage/MediaCollectionsSpecialists	onet.org.ai	Wage	MediaCollectionsSpecialists	254022	Librarians and Media Collections Specialists		69180	64320	38920	50920	80640	100880	33.26	30.92	true	
https://onet.org.ai/Wage/LibraryTechnicians	onet.org.ai	Wage	LibraryTechnicians	254031	Library Technicians		43050	39970	27890	33510	49740	60960	20.7	19.22	true	
https://onet.org.ai/Wage/OtherEducationalInstructionandLibraryOccupations	onet.org.ai	Wage	OtherEducationalInstructionandLibraryOccupations	259000	Other Educational Instruction and Library Occupations		42980	36690	24960	30140	47800	69330			false	
https://onet.org.ai/Wage/HomeManagementEducators	onet.org.ai	Wage	HomeManagementEducators	259021	Farm and Home Management Educators		60470	58120	36780	46010	69110	85230	29.07	27.94	true	
https://onet.org.ai/Wage/InstructionalCoordinators	onet.org.ai	Wage	InstructionalCoordinators	259031	Instructional Coordinators		77600	74720	46560	59120	94780	115410	37.31	35.92	true	
https://onet.org.ai/Wage/TeachingAssistants	onet.org.ai	Wage	TeachingAssistants	259040	Teaching Assistants		37140	35550	23900	29330	43850	50180			false	
https://onet.org.ai/Wage/TeachingAssistantsPostsecondary	onet.org.ai	Wage	TeachingAssistantsPostsecondary	259044	Teaching Assistants, Postsecondary		47560	44930	28020	32640	60410	73560			true	
https://onet.org.ai/Wage/TeachingAssistantsExceptPostsecondary	onet.org.ai	Wage	TeachingAssistantsExceptPostsecondary	259045	Teaching Assistants, Except Postsecondary		35960	35240	23710	29120	40400	48140			false	
https://onet.org.ai/Wage/LibraryWorkersAllOther	onet.org.ai	Wage	LibraryWorkersAllOther	259099	Educational Instruction and Library Workers, All Other		55700	48400	24160	33280	68800	95310	26.78	23.27	true	
https://onet.org.ai/Wage/ArtsDesignEntertainmentSportsandMediaOccupations	onet.org.ai	Wage	ArtsDesignEntertainmentSportsandMediaOccupations	270000	Arts, Design, Entertainment, Sports, and Media Occupations		77040	60140	32540	41290	88370	129110	37.04	28.91	false	
https://onet.org.ai/Wage/ArtandDesignWorkers	onet.org.ai	Wage	ArtandDesignWorkers	271000	Art and Design Workers		67730	53180	32030	37950	79040	117530	32.56	25.57	false	
https://onet.org.ai/Wage/ArtistsandRelatedWorkers	onet.org.ai	Wage	ArtistsandRelatedWorkers	271010	Artists and Related Workers		110770	99060	44670	64880	139330	186820	53.25	47.63	false	
https://onet.org.ai/Wage/ArtDirectors	onet.org.ai	Wage	ArtDirectors	271011	Art Directors		128100	111040	61060	80130	160460	211410	61.59	53.38	true	
https://onet.org.ai/Wage/CraftArtists	onet.org.ai	Wage	CraftArtists	271012	Craft Artists		45340	38480	22620	31350	52070	65850	21.8	18.5	true	
https://onet.org.ai/Wage/Illustrators	onet.org.ai	Wage	Illustrators	271013	Fine Artists, Including Painters, Sculptors, and Illustrators		76450	60560	26420	39740	89630	140660	36.76	29.12	true	
https://onet.org.ai/Wage/Animators	onet.org.ai	Wage	Animators	271014	Special Effects Artists and Animators		110110	99800	57220	73030	135600	174630	52.94	47.98	true	
https://onet.org.ai/Wage/RelatedWorkersAllOther	onet.org.ai	Wage	RelatedWorkersAllOther	271019	Artists and Related Workers, All Other		57030	46370	28060	35040	66240	95850	27.42	22.29	true	
https://onet.org.ai/Wage/Designers	onet.org.ai	Wage	Designers	271020	Designers		60890	49020	31550	37110	73080	99390	29.28	23.57	false	
https://onet.org.ai/Wage/IndustrialDesigners	onet.org.ai	Wage	IndustrialDesigners	271021	Commercial and Industrial Designers		88000	79450	49390	62040	103170	134840	42.31	38.2	true	
https://onet.org.ai/Wage/FashionDesigners	onet.org.ai	Wage	FashionDesigners	271022	Fashion Designers		122430	80690	35970	53730	107990	169620	58.86	38.79	true	
https://onet.org.ai/Wage/FloralDesigners	onet.org.ai	Wage	FloralDesigners	271023	Floral Designers		37700	36120	27260	30200	43420	48690	18.13	17.37	true	
https://onet.org.ai/Wage/GraphicDesigners	onet.org.ai	Wage	GraphicDesigners	271024	Graphic Designers		68610	61300	37600	47200	79000	103030	32.98	29.47	true	
https://onet.org.ai/Wage/InteriorDesigners	onet.org.ai	Wage	InteriorDesigners	271025	Interior Designers		71430	63490	38480	49770	80830	106090	34.34	30.52	true	
https://onet.org.ai/Wage/WindowTrimmers	onet.org.ai	Wage	WindowTrimmers	271026	Merchandise Displayers and Window Trimmers		40540	37350	30050	33580	44750	53800	19.49	17.96	true	
https://onet.org.ai/Wage/ExhibitDesigners	onet.org.ai	Wage	ExhibitDesigners	271027	Set and Exhibit Designers		78450	66280	35990	48920	100020	129420	37.71	31.87	true	
https://onet.org.ai/Wage/DesignersAllOther	onet.org.ai	Wage	DesignersAllOther	271029	Designers, All Other		78000	66220	36530	46850	95330	131950	37.5	31.84	true	
https://onet.org.ai/Wage/EntertainersandPerformersSportsandRelatedWorkers	onet.org.ai	Wage	EntertainersandPerformersSportsandRelatedWorkers	272000	Entertainers and Performers, Sports and Related Workers		85710	54870	29390	37510	91210	156550	41.21	26.38	false	
https://onet.org.ai/Wage/ActorsProducersandDirectors	onet.org.ai	Wage	ActorsProducersandDirectors	272010	Actors, Producers, and Directors		109660	78000	36650	49920	128380	199460	52.72	37.5	false	
https://onet.org.ai/Wage/Actors	onet.org.ai	Wage	Actors	272011	Actors								44.4	23.33	true	
https://onet.org.ai/Wage/MediaTechnicalDirectorsManagers	onet.org.ai	Wage	MediaTechnicalDirectorsManagers	272012	Media Technical Directors/Managers		114280	83480	43060	59810	131160	198530	54.94	40.13	true	
https://onet.org.ai/Wage/AthletesCoachesUmpiresandRelatedWorkers	onet.org.ai	Wage	AthletesCoachesUmpiresandRelatedWorkers	272020	Athletes, Coaches, Umpires, and Related Workers		68880	45920	27230	33780	62490	98200			false	
https://onet.org.ai/Wage/SportsCompetitors	onet.org.ai	Wage	SportsCompetitors	272021	Athletes and Sports Competitors		259750	62360	24960	36750	130770				true	
https://onet.org.ai/Wage/Scouts	onet.org.ai	Wage	Scouts	272022	Coaches and Scouts		58910	45920	27490	33960	61930	93980			true	
https://onet.org.ai/Wage/OtherSportsOfficials	onet.org.ai	Wage	OtherSportsOfficials	272023	Umpires, Referees, and Other Sports Officials		52800	38820	25070	30920	53560	93180			true	
https://onet.org.ai/Wage/DancersandChoreographers	onet.org.ai	Wage	DancersandChoreographers	272030	Dancers and Choreographers		62740	51020	29850	35790	77700	106740	30.16	24.53	false	
https://onet.org.ai/Wage/Dancers	onet.org.ai	Wage	Dancers	272031	Dancers								30.3	23.97	true	
https://onet.org.ai/Wage/Choreographers	onet.org.ai	Wage	Choreographers	272032	Choreographers		62020	55600	33080	39600	71190	94090	29.82	26.73	true	
https://onet.org.ai/Wage/MusiciansSingersandRelatedWorkers	onet.org.ai	Wage	MusiciansSingersandRelatedWorkers	272040	Musicians, Singers, and Related Workers								51.57	38.76	false	
https://onet.org.ai/Wage/Composers	onet.org.ai	Wage	Composers	272041	Music Directors and Composers		84230	63670	34990	47330	96590	157010	40.5	30.61	true	
https://onet.org.ai/Wage/Singers	onet.org.ai	Wage	Singers	272042	Musicians and Singers								55.13	42.45	true	
https://onet.org.ai/Wage/MiscellaneousEntertainersandPerformersSportsandRelatedWorkers	onet.org.ai	Wage	MiscellaneousEntertainersandPerformersSportsandRelatedWorkers	272090	Miscellaneous Entertainers and Performers, Sports and Related Workers								30.98	20.99	false	
https://onet.org.ai/Wage/Radio	onet.org.ai	Wage	Radio	272091	Disc Jockeys, Except Radio								33.25	20.59	true	
https://onet.org.ai/Wage/MediaandCommunicationWorkers	onet.org.ai	Wage	MediaandCommunicationWorkers	273000	Media and Communication Workers		83030	70300	37830	50090	98130	130600	39.92	33.8	false	
https://onet.org.ai/Wage/RadioDiscJockeys	onet.org.ai	Wage	RadioDiscJockeys	273011	Broadcast Announcers and Radio Disc Jockeys		80110	45680	26000	33280	72080	131780	38.52	21.96	true	
https://onet.org.ai/Wage/Journalists	onet.org.ai	Wage	Journalists	273023	News Analysts, Reporters, and Journalists		106030	60280	34590	40420	97460	162430	50.98	28.98	true	
https://onet.org.ai/Wage/PublicRelationsSpecialists	onet.org.ai	Wage	PublicRelationsSpecialists	273031	Public Relations Specialists		80310	69780	40750	51970	95940	129480	38.61	33.55	true	
https://onet.org.ai/Wage/WritersandEditors	onet.org.ai	Wage	WritersandEditors	273040	Writers and Editors		87570	78100	41320	57400	101120	135160	42.1	37.55	false	
https://onet.org.ai/Wage/Editors	onet.org.ai	Wage	Editors	273041	Editors		85700	75260	36200	50210	101210	140840	41.2	36.18	true	
https://onet.org.ai/Wage/TechnicalWriters	onet.org.ai	Wage	TechnicalWriters	273042	Technical Writers		92330	91670	54400	68640	102740	130430	44.39	44.07	true	
https://onet.org.ai/Wage/CreativeWriters	onet.org.ai	Wage	CreativeWriters	273043	Poets, Lyricists and Creative Writers		85780	72270	41080	52890	98320	133680	41.24	34.75	true	
https://onet.org.ai/Wage/MiscellaneousMediaandCommunicationWorkers	onet.org.ai	Wage	MiscellaneousMediaandCommunicationWorkers	273090	Miscellaneous Media and Communication Workers		71560	62500	36610	46950	87500	114990	34.4	30.05	false	
https://onet.org.ai/Wage/Translators	onet.org.ai	Wage	Translators	273091	Interpreters and Translators		64950	59440	35630	45020	80020	99830	31.22	28.58	true	
https://onet.org.ai/Wage/SimultaneousCaptioners	onet.org.ai	Wage	SimultaneousCaptioners	273092	Court Reporters and Simultaneous Captioners		74630	67310	39100	50210	92710	127020	35.88	32.36	true	
https://onet.org.ai/Wage/CommunicationWorkersAllOther	onet.org.ai	Wage	CommunicationWorkersAllOther	273099	Media and Communication Workers, All Other		84870	71770	38530	52690	99520	148070	40.81	34.51	true	
https://onet.org.ai/Wage/MediaandCommunicationEquipmentWorkers	onet.org.ai	Wage	MediaandCommunicationEquipmentWorkers	274000	Media and Communication Equipment Workers		67410	56480	33160	40500	81380	117490	32.41	27.15	false	
https://onet.org.ai/Wage/BroadcastSoundandLightingTechnicians	onet.org.ai	Wage	BroadcastSoundandLightingTechnicians	274010	Broadcast, Sound, and Lighting Technicians		64710	56600	33980	43250	77630	104610	31.11	27.21	false	
https://onet.org.ai/Wage/VideoTechnicians	onet.org.ai	Wage	VideoTechnicians	274011	Audio and Video Technicians		61370	54830	35290	43860	73590	98190	29.51	26.36	true	
https://onet.org.ai/Wage/BroadcastTechnicians	onet.org.ai	Wage	BroadcastTechnicians	274012	Broadcast Technicians		64220	53920	29190	36900	80390	115400	30.87	25.92	true	
https://onet.org.ai/Wage/SoundEngineeringTechnicians	onet.org.ai	Wage	SoundEngineeringTechnicians	274014	Sound Engineering Technicians		79280	66430	36600	47680	99950	134980	38.12	31.94	true	
https://onet.org.ai/Wage/LightingTechnicians	onet.org.ai	Wage	LightingTechnicians	274015	Lighting Technicians		70000	60560	36340	47100	83340	117690	33.65	29.11	true	
https://onet.org.ai/Wage/Photographers	onet.org.ai	Wage	Photographers	274021	Photographers		55650	42520	29610	34790	62370	94760	26.76	20.44	true	
https://onet.org.ai/Wage/TelevisionVideoandFilmCameraOperatorsandEditors	onet.org.ai	Wage	TelevisionVideoandFilmCameraOperatorsandEditors	274030	Television, Video, and Film Camera Operators and Editors		81850	70570	37600	49420	102310	134840	39.35	33.93	false	
https://onet.org.ai/Wage/Film	onet.org.ai	Wage	Film	274031	Camera Operators, Television, Video, and Film		79870	68810	36240	48060	102400	131420	38.4	33.08	true	
https://onet.org.ai/Wage/VideoEditors	onet.org.ai	Wage	VideoEditors	274032	Film and Video Editors		83530	70980	39170	50230	101570	145900	40.16	34.12	true	
https://onet.org.ai/Wage/CommunicationEquipmentWorkersAllOther	onet.org.ai	Wage	CommunicationEquipmentWorkersAllOther	274099	Media and Communication Equipment Workers, All Other		78350	67190	35670	48490	102650	133650	37.67	32.3	true	
https://onet.org.ai/Wage/HealthcarePractitionersandTechnicalOccupations	onet.org.ai	Wage	HealthcarePractitionersandTechnicalOccupations	290000	Healthcare Practitioners and Technical Occupations		105220	83090	43940	61680	118400	169250	50.59	39.95	false	
https://onet.org.ai/Wage/HealthcareDiagnosingorTreatingPractitioners	onet.org.ai	Wage	HealthcareDiagnosingorTreatingPractitioners	291000	Healthcare Diagnosing or Treating Practitioners		128550	101370	66160	80170	134700	212870	61.8	48.74	false	
https://onet.org.ai/Wage/Chiropractors	onet.org.ai	Wage	Chiropractors	291011	Chiropractors		91830	79000	44780	59320	104000	149990	44.15	37.98	true	
https://onet.org.ai/Wage/Dentists	onet.org.ai	Wage	Dentists	291020	Dentists		207750	179210	84740	127660			99.88	86.16	false	
https://onet.org.ai/Wage/DentistsGeneral	onet.org.ai	Wage	DentistsGeneral	291021	Dentists, General		196100	172790	83860	126090	220380		94.28	83.07	true	
https://onet.org.ai/Wage/MaxillofacialSurgeons	onet.org.ai	Wage	MaxillofacialSurgeons	291022	Oral and Maxillofacial Surgeons		360240		82960	236780			173.19		true	
https://onet.org.ai/Wage/Orthodontists	onet.org.ai	Wage	Orthodontists	291023	Orthodontists		254620		98560	137320			122.41		true	
https://onet.org.ai/Wage/Prosthodontists	onet.org.ai	Wage	Prosthodontists	291024	Prosthodontists		258660		97370	232000			124.36		true	
https://onet.org.ai/Wage/DentistsAllOtherSpecialists	onet.org.ai	Wage	DentistsAllOtherSpecialists	291029	Dentists, All Other Specialists		246530	225770	75360	172780			118.52	108.54	true	
https://onet.org.ai/Wage/Nutritionists	onet.org.ai	Wage	Nutritionists	291031	Dietitians and Nutritionists		74770	73850	48830	61260	85200	101760	35.95	35.5	true	
https://onet.org.ai/Wage/Optometrists	onet.org.ai	Wage	Optometrists	291041	Optometrists		140940	134830	70060	103310	163710	203210	67.76	64.82	true	
https://onet.org.ai/Wage/Pharmacists	onet.org.ai	Wage	Pharmacists	291051	Pharmacists		137210	137480	86930	127250	158620	172040	65.97	66.1	true	
https://onet.org.ai/Wage/AnesthesiologistAssistants	onet.org.ai	Wage	AnesthesiologistAssistants	291071	Anesthesiologist Assistants		136900	133260	95240	113770	160160	182200	65.82	64.07	true	
https://onet.org.ai/Wage/Podiatrists	onet.org.ai	Wage	Podiatrists	291081	Podiatrists		163960	152800	57500	91130	217960		78.83	73.46	true	
https://onet.org.ai/Wage/Therapists	onet.org.ai	Wage	Therapists	291120	Therapists		95220	95010	61810	77190	108640	130070	45.78	45.68	false	
https://onet.org.ai/Wage/VisionRehabilitationTherapists	onet.org.ai	Wage	VisionRehabilitationTherapists	291122	Low Vision Therapists, Orientation and Mobility Specialists, and Vision Rehabilitation Therapists		98240	98340	67090	80490	110460	129830	47.23	47.28	true	
https://onet.org.ai/Wage/PhysicalTherapists	onet.org.ai	Wage	PhysicalTherapists	291123	Physical Therapists		102400	101020	74420	83470	117190	132500	49.23	48.57	true	
https://onet.org.ai/Wage/RadiationTherapists	onet.org.ai	Wage	RadiationTherapists	291124	Radiation Therapists		110820	101990	77860	86520	120360	141550	53.28	49.03	true	
https://onet.org.ai/Wage/RecreationalTherapists	onet.org.ai	Wage	RecreationalTherapists	291125	Recreational Therapists		65350	60280	39520	48230	77680	96600	31.42	28.98	true	
https://onet.org.ai/Wage/RespiratoryTherapists	onet.org.ai	Wage	RespiratoryTherapists	291126	Respiratory Therapists		84260	80450	61900	68410	95530	108820	40.51	38.68	true	
https://onet.org.ai/Wage/SpeechLanguagePathologists	onet.org.ai	Wage	SpeechLanguagePathologists	291127	Speech-Language Pathologists		95840	95410	60480	75310	112510	132850	46.08	45.87	true	
https://onet.org.ai/Wage/ExercisePhysiologists	onet.org.ai	Wage	ExercisePhysiologists	291128	Exercise Physiologists		59620	58160	40930	48650	65430	79830	28.66	27.96	true	
https://onet.org.ai/Wage/MusicTherapists	onet.org.ai	Wage	MusicTherapists	291129	Music Therapists		73800	65010	38840	49510	85010	120050	35.48	31.26	true	
https://onet.org.ai/Wage/Veterinarians	onet.org.ai	Wage	Veterinarians	291131	Veterinarians		140270	125510	70350	98420	161610	212890	67.44	60.34	true	
https://onet.org.ai/Wage/ClinicalNurseSpecialists	onet.org.ai	Wage	ClinicalNurseSpecialists	291141	Clinical Nurse Specialists		98430	93600	66030	78610	107960	135320	47.32	45	true	
https://onet.org.ai/Wage/NurseAnesthetists	onet.org.ai	Wage	NurseAnesthetists	291151	Nurse Anesthetists		231700	223210	137230	187110			111.39	107.31	true	
https://onet.org.ai/Wage/NurseMidwives	onet.org.ai	Wage	NurseMidwives	291161	Nurse Midwives		128110	128790	74670	104260	146520	177040	61.59	61.92	true	
https://onet.org.ai/Wage/NursePractitioners	onet.org.ai	Wage	NursePractitioners	291171	Nurse Practitioners		132000	129210	97960	109940	149570	169950	63.46	62.12	true	
https://onet.org.ai/Wage/Audiologists	onet.org.ai	Wage	Audiologists	291181	Audiologists		95320	92120	61930	76440	109330	129830	45.83	44.29	true	
https://onet.org.ai/Wage/Physicians	onet.org.ai	Wage	Physicians	291210	Physicians		272320		72540	138460			130.92		false	
https://onet.org.ai/Wage/Anesthesiologists	onet.org.ai	Wage	Anesthesiologists	291211	Anesthesiologists		336640		124450	186680			161.85		true	
https://onet.org.ai/Wage/Cardiologists	onet.org.ai	Wage	Cardiologists	291212	Cardiologists		432490		119970	230100			207.93		true	
https://onet.org.ai/Wage/Dermatologists	onet.org.ai	Wage	Dermatologists	291213	Dermatologists		347810		118540	172510			167.22		true	
https://onet.org.ai/Wage/EmergencyMedicinePhysicians	onet.org.ai	Wage	EmergencyMedicinePhysicians	291214	Emergency Medicine Physicians		320700		114680	181070			154.19		true	
https://onet.org.ai/Wage/FamilyMedicinePhysicians	onet.org.ai	Wage	FamilyMedicinePhysicians	291215	Family Medicine Physicians		256830	238380	81330	167580			123.47	114.61	true	
https://onet.org.ai/Wage/GeneralInternalMedicinePhysicians	onet.org.ai	Wage	GeneralInternalMedicinePhysicians	291216	General Internal Medicine Physicians		262710	236350	70100	135240			126.31	113.63	true	
https://onet.org.ai/Wage/Neurologists	onet.org.ai	Wage	Neurologists	291217	Neurologists		286310		83500	140970			137.65		true	
https://onet.org.ai/Wage/Gynecologists	onet.org.ai	Wage	Gynecologists	291218	Obstetricians and Gynecologists		281130		94750	188130			135.16		true	
https://onet.org.ai/Wage/PediatriciansGeneral	onet.org.ai	Wage	PediatriciansGeneral	291221	Pediatricians, General		222340	210130	96240	159510			106.89	101.03	true	
https://onet.org.ai/Wage/PhysiciansPathologists	onet.org.ai	Wage	PhysiciansPathologists	291222	Physicians, Pathologists		266020		83930	165940			127.89		true	
https://onet.org.ai/Wage/Psychiatrists	onet.org.ai	Wage	Psychiatrists	291223	Psychiatrists		269120		77360	141290			129.39		true	
https://onet.org.ai/Wage/Radiologists	onet.org.ai	Wage	Radiologists	291224	Radiologists		359820		82810	204330			172.99		true	
https://onet.org.ai/Wage/SportsMedicinePhysicians	onet.org.ai	Wage	SportsMedicinePhysicians	291229	Sports Medicine Physicians		253470		66860	95080			121.86		true	
https://onet.org.ai/Wage/Surgeons	onet.org.ai	Wage	Surgeons	291240	Surgeons		354760		81870	180340			170.56		false	
https://onet.org.ai/Wage/Pediatric	onet.org.ai	Wage	Pediatric	291241	Ophthalmologists, Except Pediatric		365060		83390	209730			175.51		true	
https://onet.org.ai/Wage/PediatricSurgeons	onet.org.ai	Wage	PediatricSurgeons	291243	Pediatric Surgeons		450810		189720				216.74		true	
https://onet.org.ai/Wage/SurgeonsAllOther	onet.org.ai	Wage	SurgeonsAllOther	291249	Surgeons, All Other		371280		77290	139070			178.5		true	
https://onet.org.ai/Wage/MiscellaneousHealthcareDiagnosingorTreatingPractitioners	onet.org.ai	Wage	MiscellaneousHealthcareDiagnosingorTreatingPractitioners	291290	Miscellaneous Healthcare Diagnosing or Treating Practitioners		97910	94920	64720	79880	105250	126840	47.07	45.64	false	
https://onet.org.ai/Wage/Acupuncturists	onet.org.ai	Wage	Acupuncturists	291291	Acupuncturists		89750	78140	41840	54090	107120	158540	43.15	37.57	true	
https://onet.org.ai/Wage/DentalHygienists	onet.org.ai	Wage	DentalHygienists	291292	Dental Hygienists		93890	94260	66470	80060	102920	120060	45.14	45.32	true	
https://onet.org.ai/Wage/Orthoptists	onet.org.ai	Wage	Orthoptists	291299	Orthoptists		128680	113730	65210	83350	161350	194000	61.86	54.68	true	
https://onet.org.ai/Wage/HealthTechnologistsandTechnicians	onet.org.ai	Wage	HealthTechnologistsandTechnicians	292000	Health Technologists and Technicians		59310	54270	36380	42650	71510	87540	28.51	26.09	false	
https://onet.org.ai/Wage/ClinicalLaboratoryTechnologistsandTechnicians	onet.org.ai	Wage	ClinicalLaboratoryTechnologistsandTechnicians	292010	Clinical Laboratory Technologists and Technicians		65320	61890	38020	46580	80010	97990	31.41	29.75	false	
https://onet.org.ai/Wage/DiagnosticRelatedTechnologistsandTechnicians	onet.org.ai	Wage	DiagnosticRelatedTechnologistsandTechnicians	292030	Diagnostic Related Technologists and Technicians		83760	80660	50760	64600	99150	118500	40.27	38.78	false	
https://onet.org.ai/Wage/DiagnosticMedicalSonographers	onet.org.ai	Wage	DiagnosticMedicalSonographers	292032	Diagnostic Medical Sonographers		92550	89340	64760	78080	103630	123170	44.49	42.95	true	
https://onet.org.ai/Wage/NuclearMedicineTechnologists	onet.org.ai	Wage	NuclearMedicineTechnologists	292033	Nuclear Medicine Technologists		99690	97020	75570	83020	108190	128090	47.93	46.64	true	
https://onet.org.ai/Wage/MagneticResonanceImagingTechnologists	onet.org.ai	Wage	MagneticResonanceImagingTechnologists	292035	Magnetic Resonance Imaging Technologists		91020	88180	64910	78150	102440	121420	43.76	42.4	true	
https://onet.org.ai/Wage/MedicalDosimetrists	onet.org.ai	Wage	MedicalDosimetrists	292036	Medical Dosimetrists		141420	138110	103760	125600	157840	176360	67.99	66.4	true	
https://onet.org.ai/Wage/EmergencyMedicalTechniciansandParamedics	onet.org.ai	Wage	EmergencyMedicalTechniciansandParamedics	292040	Emergency Medical Technicians and Paramedics		50460	46350	33790	38240	58770	74760	24.26	22.28	false	
https://onet.org.ai/Wage/EmergencyMedicalTechnicians	onet.org.ai	Wage	EmergencyMedicalTechnicians	292042	Emergency Medical Technicians		35550	34330	25460	29580	38000	46630	17.09	16.51	true	
https://onet.org.ai/Wage/Paramedics	onet.org.ai	Wage	Paramedics	292043	Paramedics		60610	58410	40130	47920	68420	82420	29.14	28.08	true	
https://onet.org.ai/Wage/HealthPractitionerSupportTechnologistsandTechnicians	onet.org.ai	Wage	HealthPractitionerSupportTechnologistsandTechnicians	292050	Health Practitioner Support Technologists and Technicians		47370	45010	34730	37250	51710	64650	22.77	21.64	false	
https://onet.org.ai/Wage/DieteticTechnicians	onet.org.ai	Wage	DieteticTechnicians	292051	Dietetic Technicians		39560	37040	28280	32460	44290	53440	19.02	17.81	true	
https://onet.org.ai/Wage/PharmacyTechnicians	onet.org.ai	Wage	PharmacyTechnicians	292052	Pharmacy Technicians		44800	43460	35100	36920	48580	59450	21.54	20.9	true	
https://onet.org.ai/Wage/PsychiatricTechnicians	onet.org.ai	Wage	PsychiatricTechnicians	292053	Psychiatric Technicians		45000	42590	32980	37170	48910	60150	21.64	20.47	true	
https://onet.org.ai/Wage/SurgicalTechnologists	onet.org.ai	Wage	SurgicalTechnologists	292055	Surgical Technologists		65810	62830	43290	51740	77140	90700	31.64	30.21	true	
https://onet.org.ai/Wage/OphthalmicMedicalTechnicians	onet.org.ai	Wage	OphthalmicMedicalTechnicians	292057	Ophthalmic Medical Technicians		45360	44080	34210	37100	49730	60810	21.81	21.19	true	
https://onet.org.ai/Wage/LicensedVocationalNurses	onet.org.ai	Wage	LicensedVocationalNurses	292061	Licensed Practical and Licensed Vocational Nurses		64150	62340	47960	55220	73160	80510	30.84	29.97	true	
https://onet.org.ai/Wage/MedicalRecordsSpecialists	onet.org.ai	Wage	MedicalRecordsSpecialists	292072	Medical Records Specialists		55970	50250	35780	41600	64070	80950	26.91	24.16	true	
https://onet.org.ai/Wage/OpticiansDispensing	onet.org.ai	Wage	OpticiansDispensing	292081	Opticians, Dispensing		49970	46560	34470	37900	59680	73240	24.02	22.38	true	
https://onet.org.ai/Wage/MiscellaneousHealthTechnologistsandTechnicians	onet.org.ai	Wage	MiscellaneousHealthTechnologistsandTechnicians	292090	Miscellaneous Health Technologists and Technicians		58050	49600	37390	41650	64660	85560	27.91	23.84	false	
https://onet.org.ai/Wage/Prosthetists	onet.org.ai	Wage	Prosthetists	292091	Orthotists and Prosthetists		81330	78310	46220	59990	98880	118730	39.1	37.65	true	
https://onet.org.ai/Wage/HearingAidSpecialists	onet.org.ai	Wage	HearingAidSpecialists	292092	Hearing Aid Specialists		63930	61560	36950	47150	78110	91000	30.74	29.6	true	
https://onet.org.ai/Wage/PatientRepresentatives	onet.org.ai	Wage	PatientRepresentatives	292099	Patient Representatives		56370	48790	37290	40740	62280	81290	27.1	23.46	true	
https://onet.org.ai/Wage/OtherHealthcarePractitionersandTechnicalOccupations	onet.org.ai	Wage	OtherHealthcarePractitionersandTechnicalOccupations	299000	Other Healthcare Practitioners and Technical Occupations		70950	62820	39200	48950	84430	110140	34.11	30.2	false	
https://onet.org.ai/Wage/MedicalRegistrars	onet.org.ai	Wage	MedicalRegistrars	299021	Health Information Technologists and Medical Registrars		73410	67310	39120	48400	92410	112130	35.3	32.36	true	
https://onet.org.ai/Wage/MiscellaneousHealthPractitionersandTechnicalWorkers	onet.org.ai	Wage	MiscellaneousHealthPractitionersandTechnicalWorkers	299090	Miscellaneous Health Practitioners and Technical Workers		69940	61890	39330	49190	82170	108890	33.63	29.76	false	
https://onet.org.ai/Wage/AthleticTrainers	onet.org.ai	Wage	AthleticTrainers	299091	Athletic Trainers		63960	60250	45380	51590	70880	84100			true	
https://onet.org.ai/Wage/GeneticCounselors	onet.org.ai	Wage	GeneticCounselors	299092	Genetic Counselors		102890	98910	78680	87060	113220	137780	49.47	47.55	true	
https://onet.org.ai/Wage/SurgicalAssistants	onet.org.ai	Wage	SurgicalAssistants	299093	Surgical Assistants		67190	60290	39540	49140	80860	102390	32.3	28.99	true	
https://onet.org.ai/Wage/Midwives	onet.org.ai	Wage	Midwives	299099	Midwives		73200	64030	37220	45250	91000	127340	35.19	30.78	true	
https://onet.org.ai/Wage/HealthcareSupportOccupations	onet.org.ai	Wage	HealthcareSupportOccupations	310000	Healthcare Support Occupations		39650	37180	27980	33380	44850	51980	19.06	17.87	false	
https://onet.org.ai/Wage/HomeHealthandPersonalCareAidesandNursingAssistantsOrderliesandPsychiatricAides	onet.org.ai	Wage	HomeHealthandPersonalCareAidesandNursingAssistantsOrderliesandPsychiatricAides	311100	Home Health and Personal Care Aides; and Nursing Assistants, Orderlies, and Psychiatric Aides		36690	35940	27050	31870	39950	46360	17.64	17.28	false	
https://onet.org.ai/Wage/HomeHealthandPersonalCareAides	onet.org.ai	Wage	HomeHealthandPersonalCareAides	311120	Home Health and Personal Care Aides		34990	34900	25600	30370	37980	44190	16.82	16.78	false	
https://onet.org.ai/Wage/NursingAssistantsOrderliesandPsychiatricAides	onet.org.ai	Wage	NursingAssistantsOrderliesandPsychiatricAides	311130	Nursing Assistants, Orderlies, and Psychiatric Aides		41290	39470	31400	36200	46070	50300	19.85	18.98	false	
https://onet.org.ai/Wage/NursingAssistants	onet.org.ai	Wage	NursingAssistants	311131	Nursing Assistants		41270	39530	31390	36260	46070	50140	19.84	19.01	true	
https://onet.org.ai/Wage/Orderlies	onet.org.ai	Wage	Orderlies	311132	Orderlies		40070	37700	31610	34850	43160	49570	19.27	18.12	true	
https://onet.org.ai/Wage/PsychiatricAides	onet.org.ai	Wage	PsychiatricAides	311133	Psychiatric Aides		43610	41590	30920	35930	48770	58530	20.97	20	true	
https://onet.org.ai/Wage/OccupationalTherapyandPhysicalTherapistAssistantsandAides	onet.org.ai	Wage	OccupationalTherapyandPhysicalTherapistAssistantsandAides	312000	Occupational Therapy and Physical Therapist Assistants and Aides		60070	61730	31410	41430	75130	83090	28.88	29.68	false	
https://onet.org.ai/Wage/OccupationalTherapyAssistantsandAides	onet.org.ai	Wage	OccupationalTherapyAssistantsandAides	312010	Occupational Therapy Assistants and Aides		66020	66050	38900	57200	76760	85360	31.74	31.76	false	
https://onet.org.ai/Wage/OccupationalTherapyAssistants	onet.org.ai	Wage	OccupationalTherapyAssistants	312011	Occupational Therapy Assistants		68540	68340	49070	59950	77340	86930	32.95	32.86	true	
https://onet.org.ai/Wage/OccupationalTherapyAides	onet.org.ai	Wage	OccupationalTherapyAides	312012	Occupational Therapy Aides		41850	37370	27970	34840	44190	65580	20.12	17.97	true	
https://onet.org.ai/Wage/PhysicalTherapistAssistantsandAides	onet.org.ai	Wage	PhysicalTherapistAssistantsandAides	312020	Physical Therapist Assistants and Aides		57990	60050	29880	37020	74310	82510	27.88	28.87	false	
https://onet.org.ai/Wage/PhysicalTherapistAssistants	onet.org.ai	Wage	PhysicalTherapistAssistants	312021	Physical Therapist Assistants		67160	65510	46020	58240	77270	87630	32.29	31.5	true	
https://onet.org.ai/Wage/PhysicalTherapistAides	onet.org.ai	Wage	PhysicalTherapistAides	312022	Physical Therapist Aides		35510	34520	24960	29710	38240	46930	17.07	16.59	true	
https://onet.org.ai/Wage/OtherHealthcareSupportOccupations	onet.org.ai	Wage	OtherHealthcareSupportOccupations	319000	Other Healthcare Support Occupations		46380	45000	34090	37500	50110	60900	22.3	21.64	false	
https://onet.org.ai/Wage/MassageTherapists	onet.org.ai	Wage	MassageTherapists	319011	Massage Therapists		63430	57950	33280	44870	77170	97450	30.5	27.86	true	
https://onet.org.ai/Wage/MiscellaneousHealthcareSupportOccupations	onet.org.ai	Wage	MiscellaneousHealthcareSupportOccupations	319090	Miscellaneous Healthcare Support Occupations		45410	44720	34140	37440	49290	59700	21.83	21.5	false	
https://onet.org.ai/Wage/DentalAssistants	onet.org.ai	Wage	DentalAssistants	319091	Dental Assistants		48860	47300	36190	39520	56910	61780	23.49	22.74	true	
https://onet.org.ai/Wage/MedicalAssistants	onet.org.ai	Wage	MedicalAssistants	319092	Medical Assistants		44720	44200	35020	37610	48160	57830	21.5	21.25	true	
https://onet.org.ai/Wage/MedicalEquipmentPreparers	onet.org.ai	Wage	MedicalEquipmentPreparers	319093	Medical Equipment Preparers		48990	46490	35400	38910	56160	67070	23.56	22.35	true	
https://onet.org.ai/Wage/MedicalTranscriptionists	onet.org.ai	Wage	MedicalTranscriptionists	319094	Medical Transcriptionists		39210	37550	26370	31200	45680	53890	18.85	18.05	true	
https://onet.org.ai/Wage/PharmacyAides	onet.org.ai	Wage	PharmacyAides	319095	Pharmacy Aides		40290	37000	29360	34450	42570	58660	19.37	17.79	true	
https://onet.org.ai/Wage/LaboratoryAnimalCaretakers	onet.org.ai	Wage	LaboratoryAnimalCaretakers	319096	Veterinary Assistants and Laboratory Animal Caretakers		38990	37320	29160	34320	44550	48150	18.74	17.94	true	
https://onet.org.ai/Wage/Phlebotomists	onet.org.ai	Wage	Phlebotomists	319097	Phlebotomists		44390	43660	34860	37540	48170	57750	21.34	20.99	true	
https://onet.org.ai/Wage/EndoscopyTechnicians	onet.org.ai	Wage	EndoscopyTechnicians	319099	Endoscopy Technicians		48760	46050	32450	37570	57650	68180	23.44	22.14	true	
https://onet.org.ai/Wage/ProtectiveServiceOccupations	onet.org.ai	Wage	ProtectiveServiceOccupations	330000	Protective Service Occupations		61000	50580	32040	37580	76140	104000	29.33	24.32	false	
https://onet.org.ai/Wage/SupervisorsofProtectiveServiceWorkers	onet.org.ai	Wage	SupervisorsofProtectiveServiceWorkers	331000	Supervisors of Protective Service Workers		93120	87050	47990	62060	117400	144610	44.77	41.85	false	
https://onet.org.ai/Wage/FirstLineSupervisorsofLawEnforcementWorkers	onet.org.ai	Wage	FirstLineSupervisorsofLawEnforcementWorkers	331010	First-Line Supervisors of Law Enforcement Workers		103570	99130	56100	73910	126530	159450	49.79	47.66	false	
https://onet.org.ai/Wage/FirstLineSupervisorsOfCorrectionalOfficers	onet.org.ai	Wage	FirstLineSupervisorsOfCorrectionalOfficers	331011	First-Line Supervisors of Correctional Officers		82260	76310	50340	56890	102190	125170	39.55	36.69	true	
https://onet.org.ai/Wage/Detectives	onet.org.ai	Wage	Detectives	331012	First-Line Supervisors of Police and Detectives		110990	105980	62370	80940	133520	165050	53.36	50.95	true	
https://onet.org.ai/Wage/PreventionWorkers	onet.org.ai	Wage	PreventionWorkers	331021	First-Line Supervisors of Firefighting and Prevention Workers		97030	92430	53970	72240	115990	142300	46.65	44.44	true	
https://onet.org.ai/Wage/MiscellaneousFirstLineSupervisorsProtectiveServiceWorkers	onet.org.ai	Wage	MiscellaneousFirstLineSupervisorsProtectiveServiceWorkers	331090	Miscellaneous First-Line Supervisors, Protective Service Workers		65320	60190	38200	46760	79180	96480	31.4	28.94	false	
https://onet.org.ai/Wage/FirstLineSupervisorsOfSecurityWorkers	onet.org.ai	Wage	FirstLineSupervisorsOfSecurityWorkers	331091	First-Line Supervisors of Security Workers		62990	58610	37800	46070	74700	93930	30.28	28.18	true	
https://onet.org.ai/Wage/FirstLineSupervisorsOfProtectiveServiceWorkersAllOther	onet.org.ai	Wage	FirstLineSupervisorsOfProtectiveServiceWorkersAllOther	331099	First-Line Supervisors of Protective Service Workers, All Other		73320	74960	40750	51860	90600	102360	35.25	36.04	true	
https://onet.org.ai/Wage/FirefightingandPreventionWorkers	onet.org.ai	Wage	FirefightingandPreventionWorkers	332000	Firefighting and Prevention Workers		64820	59870	34780	44650	78120	103460	31.16	28.79	false	
https://onet.org.ai/Wage/Firefighters	onet.org.ai	Wage	Firefighters	332011	Firefighters		63890	59530	34490	44180	77410	101330	30.72	28.62	true	
https://onet.org.ai/Wage/FireInspectors	onet.org.ai	Wage	FireInspectors	332020	Fire Inspectors		83210	75480	42730	56440	100720	137250	40.01	36.29	false	
https://onet.org.ai/Wage/PreventionSpecialists	onet.org.ai	Wage	PreventionSpecialists	332022	Forest Fire Inspectors and Prevention Specialists		61820	52380	33590	41000	77780	100450	29.72	25.19	true	
https://onet.org.ai/Wage/LawEnforcementWorkers	onet.org.ai	Wage	LawEnforcementWorkers	333000	Law Enforcement Workers		75550	70530	45170	53810	92790	111590	36.32	33.91	false	
https://onet.org.ai/Wage/BailiffsCorrectionalOfficersandJailers	onet.org.ai	Wage	BailiffsCorrectionalOfficersandJailers	333010	Bailiffs, Correctional Officers, and Jailers		62730	57950	41310	47460	75400	93580	30.16	27.86	false	
https://onet.org.ai/Wage/Bailiffs	onet.org.ai	Wage	Bailiffs	333011	Bailiffs		62180	57050	32950	43420	77880	93950	29.89	27.43	true	
https://onet.org.ai/Wage/Jailers	onet.org.ai	Wage	Jailers	333012	Correctional Officers and Jailers		62760	57970	41750	47520	75330	93000	30.17	27.87	true	
https://onet.org.ai/Wage/IntelligenceAnalysts	onet.org.ai	Wage	IntelligenceAnalysts	333021	Intelligence Analysts		98770	93580	54160	68390	120080	159410	47.48	44.99	true	
https://onet.org.ai/Wage/GameWardens	onet.org.ai	Wage	GameWardens	333031	Fish and Game Wardens		67990	68180	35670	53260	82100	94470	32.69	32.78	true	
https://onet.org.ai/Wage/ParkingEnforcementWorkers	onet.org.ai	Wage	ParkingEnforcementWorkers	333041	Parking Enforcement Workers		51840	47150	35410	39930	61210	76030	24.92	22.67	true	
https://onet.org.ai/Wage/PoliceOfficers	onet.org.ai	Wage	PoliceOfficers	333050	Police Officers		79380	76300	47650	59020	97230	115330	38.16	36.68	false	
https://onet.org.ai/Wage/BorderProtectionOfficers	onet.org.ai	Wage	BorderProtectionOfficers	333051	Customs and Border Protection Officers		79320	76290	47640	58980	97190	115280	38.14	36.68	true	
https://onet.org.ai/Wage/RailroadPolice	onet.org.ai	Wage	RailroadPolice	333052	Transit and Railroad Police		91820	82320	58370	65920	114040	141870	44.14	39.58	true	
https://onet.org.ai/Wage/OtherProtectiveServiceWorkers	onet.org.ai	Wage	OtherProtectiveServiceWorkers	339000	Other Protective Service Workers		43140	38230	29310	34480	47020	61720	20.74	18.38	false	
https://onet.org.ai/Wage/AnimalControlWorkers	onet.org.ai	Wage	AnimalControlWorkers	339011	Animal Control Workers		49240	45830	32880	38160	57110	69990	23.67	22.03	true	
https://onet.org.ai/Wage/SecurityGuardsandGamblingSurveillanceOfficers	onet.org.ai	Wage	SecurityGuardsandGamblingSurveillanceOfficers	339030	Security Guards and Gambling Surveillance Officers		42920	38390	29830	35130	46690	59600	20.64	18.46	false	
https://onet.org.ai/Wage/GamblingInvestigators	onet.org.ai	Wage	GamblingInvestigators	339031	Gambling Surveillance Officers and Gambling Investigators		46710	43900	34020	37410	50610	62360	22.46	21.11	true	
https://onet.org.ai/Wage/SecurityGuards	onet.org.ai	Wage	SecurityGuards	339032	Security Guards		42890	38370	29800	35100	46660	59580	20.62	18.45	true	
https://onet.org.ai/Wage/MiscellaneousProtectiveServiceWorkers	onet.org.ai	Wage	MiscellaneousProtectiveServiceWorkers	339090	Miscellaneous Protective Service Workers		41960	37120	27390	31760	46520	63960	20.18	17.85	false	
https://onet.org.ai/Wage/Flaggers	onet.org.ai	Wage	Flaggers	339091	Crossing Guards and Flaggers		42910	37700	29940	34280	46920	61440	20.63	18.13	true	
https://onet.org.ai/Wage/OtherRecreationalProtectiveServiceWorkers	onet.org.ai	Wage	OtherRecreationalProtectiveServiceWorkers	339092	Lifeguards, Ski Patrol, and Other Recreational Protective Service Workers		34700	33720	24860	28840	37750	44600	16.68	16.21	true	
https://onet.org.ai/Wage/TransportationSecurityScreeners	onet.org.ai	Wage	TransportationSecurityScreeners	339093	Transportation Security Screeners		61840	63360	45010	52210	69990	75940	29.73	30.46	true	
https://onet.org.ai/Wage/SchoolBusMonitors	onet.org.ai	Wage	SchoolBusMonitors	339094	School Bus Monitors		35270	34980	27250	31200	38840	43240	16.96	16.82	true	
https://onet.org.ai/Wage/RetailLossPreventionSpecialists	onet.org.ai	Wage	RetailLossPreventionSpecialists	339099	Retail Loss Prevention Specialists		48210	41600	30620	35540	54310	72670	23.18	20	true	
https://onet.org.ai/Wage/FoodPreparationandServingRelatedOccupations	onet.org.ai	Wage	FoodPreparationandServingRelatedOccupations	350000	Food Preparation and Serving Related Occupations		36020	34130	22720	28160	38770	49230	17.32	16.41	false	
https://onet.org.ai/Wage/SupervisorsofFoodPreparationandServingWorkers	onet.org.ai	Wage	SupervisorsofFoodPreparationandServingWorkers	351010	Supervisors of Food Preparation and Serving Workers		47540	44140	29600	35840	56990	71920	22.85	21.22	false	
https://onet.org.ai/Wage/HeadCooks	onet.org.ai	Wage	HeadCooks	351011	Chefs and Head Cooks		64720	60990	36000	47710	76790	96030	31.11	29.32	true	
https://onet.org.ai/Wage/ServingWorkers	onet.org.ai	Wage	ServingWorkers	351012	First-Line Supervisors of Food Preparation and Serving Workers		44900	42010	29340	35400	50920	63420	21.59	20.2	true	
https://onet.org.ai/Wage/CooksandFoodPreparationWorkers	onet.org.ai	Wage	CooksandFoodPreparationWorkers	352000	Cooks and Food Preparation Workers		35460	35450	24490	29360	39190	46250	17.05	17.04	false	
https://onet.org.ai/Wage/Cooks	onet.org.ai	Wage	Cooks	352010	Cooks		35950	35760	24960	29590	40270	46690	17.28	17.19	false	
https://onet.org.ai/Wage/CooksFastFood	onet.org.ai	Wage	CooksFastFood	352011	Cooks, Fast Food		31140	30160	22370	26540	35710	38980	14.97	14.5	true	
https://onet.org.ai/Wage/Cafeteria	onet.org.ai	Wage	Cafeteria	352012	Cooks, Institution and Cafeteria		37310	36450	26800	30530	42860	48320	17.94	17.53	true	
https://onet.org.ai/Wage/CooksPrivateHousehold	onet.org.ai	Wage	CooksPrivateHousehold	352013	Cooks, Private Household		51290	44530	38240	42800	47150	92480	24.66	21.41	true	
https://onet.org.ai/Wage/CooksRestaurant	onet.org.ai	Wage	CooksRestaurant	352014	Cooks, Restaurant		37730	36830	28010	31310	43610	47340	18.14	17.71	true	
https://onet.org.ai/Wage/CooksShortOrder	onet.org.ai	Wage	CooksShortOrder	352015	Cooks, Short Order		35660	35620	23770	30160	39990	46010	17.14	17.12	true	
https://onet.org.ai/Wage/CooksAllOther	onet.org.ai	Wage	CooksAllOther	352019	Cooks, All Other		38000	36210	26430	31200	42230	49600	18.27	17.41	true	
https://onet.org.ai/Wage/FoodPreparationWorkers	onet.org.ai	Wage	FoodPreparationWorkers	352021	Food Preparation Workers		33940	34220	23490	28740	37540	44260	16.32	16.45	true	
https://onet.org.ai/Wage/FoodandBeverageServingWorkers	onet.org.ai	Wage	FoodandBeverageServingWorkers	353000	Food and Beverage Serving Workers		34650	31470	21880	27040	36830	47920	16.66	15.13	false	
https://onet.org.ai/Wage/Bartenders	onet.org.ai	Wage	Bartenders	353011	Bartenders		39880	33530	19930	25790	46790	71920	19.17	16.12	true	
https://onet.org.ai/Wage/Baristas	onet.org.ai	Wage	Baristas	353023	Baristas		31350	30480	22620	27150	35440	38800	15.07	14.65	true	
https://onet.org.ai/Wage/Waitresses	onet.org.ai	Wage	Waitresses	353031	Waiters and Waitresses		38360	33760	18500	25690	45350	62510	18.44	16.23	true	
https://onet.org.ai/Wage/FoodServersNonrestaurant	onet.org.ai	Wage	FoodServersNonrestaurant	353041	Food Servers, Nonrestaurant		35030	34460	26590	29800	37550	44770	16.84	16.57	true	
https://onet.org.ai/Wage/OtherFoodPreparationandServingRelatedWorkers	onet.org.ai	Wage	OtherFoodPreparationandServingRelatedWorkers	359000	Other Food Preparation and Serving Related Workers		33380	32680	22600	27830	36620	43970	16.05	15.71	false	
https://onet.org.ai/Wage/BartenderHelpers	onet.org.ai	Wage	BartenderHelpers	359011	Dining Room and Cafeteria Attendants and Bartender Helpers		34190	32670	22260	27830	36880	46380	16.44	15.71	true	
https://onet.org.ai/Wage/Dishwashers	onet.org.ai	Wage	Dishwashers	359021	Dishwashers		33220	33670	23960	28740	36750	41600	15.97	16.19	true	
https://onet.org.ai/Wage/CoffeeShop	onet.org.ai	Wage	CoffeeShop	359031	Hosts and Hostesses, Restaurant, Lounge, and Coffee Shop		32030	30380	22010	26630	35840	42600	15.4	14.61	true	
https://onet.org.ai/Wage/ServingRelatedWorkersAllOther	onet.org.ai	Wage	ServingRelatedWorkersAllOther	359099	Food Preparation and Serving Related Workers, All Other		35990	34830	24040	29890	38860	47360	17.3	16.74	true	
https://onet.org.ai/Wage/BuildingandGroundsCleaningandMaintenanceOccupations	onet.org.ai	Wage	BuildingandGroundsCleaningandMaintenanceOccupations	370000	Building and Grounds Cleaning and Maintenance Occupations		39540	36790	28120	31600	44980	55120	19.01	17.69	false	
https://onet.org.ai/Wage/FirstLineSupervisorsofBuildingandGroundsCleaningandMaintenanceWorkers	onet.org.ai	Wage	FirstLineSupervisorsofBuildingandGroundsCleaningandMaintenanceWorkers	371010	First-Line Supervisors of Building and Grounds Cleaning and Maintenance Workers		54580	49990	36020	41820	63080	78050	26.24	24.03	false	
https://onet.org.ai/Wage/JanitorialWorkers	onet.org.ai	Wage	JanitorialWorkers	371011	First-Line Supervisors of Housekeeping and Janitorial Workers		51170	47520	34390	38600	60330	74190	24.6	22.85	true	
https://onet.org.ai/Wage/GroundskeepingWorkers	onet.org.ai	Wage	GroundskeepingWorkers	371012	First-Line Supervisors of Landscaping, Lawn Service, and Groundskeeping Workers		40880	38090	29990	35250	45870	53900	19.66	18.31	true	
https://onet.org.ai/Wage/BuildingCleaningandPestControlWorkers	onet.org.ai	Wage	BuildingCleaningandPestControlWorkers	372000	Building Cleaning and Pest Control Workers		37400	35750	27420	30520	41420	49040	17.98	17.19	false	
https://onet.org.ai/Wage/BuildingCleaningWorkers	onet.org.ai	Wage	BuildingCleaningWorkers	372010	Building Cleaning Workers		37140	35630	27320	30410	40600	48670	17.86	17.13	false	
https://onet.org.ai/Wage/Janitors	onet.org.ai	Wage	Janitors	372011	Janitors and Cleaners, Except Maids and Housekeeping Cleaners		37460	35930	27570	30830	41650	49040	18.01	17.27	true	
https://onet.org.ai/Wage/HousekeepingCleaners	onet.org.ai	Wage	HousekeepingCleaners	372012	Maids and Housekeeping Cleaners		36180	34660	26800	29630	38510	47590	17.39	16.66	true	
https://onet.org.ai/Wage/BuildingCleaningWorkersAllOther	onet.org.ai	Wage	BuildingCleaningWorkersAllOther	372019	Building Cleaning Workers, All Other		44150	42360	30640	35610	48400	61640	21.23	20.37	true	
https://onet.org.ai/Wage/PestControlWorkers	onet.org.ai	Wage	PestControlWorkers	372021	Pest Control Workers		45800	44730	32460	37060	49300	61410	22.02	21.51	true	
https://onet.org.ai/Wage/GroundsMaintenanceWorkers	onet.org.ai	Wage	GroundsMaintenanceWorkers	373010	Grounds Maintenance Workers		41750	38470	30140	35470	46390	56460	20.07	18.5	false	
https://onet.org.ai/Wage/ApplicatorsVegetation	onet.org.ai	Wage	ApplicatorsVegetation	373012	Pesticide Handlers, Sprayers, and Applicators, Vegetation		45960	45200	34590	38040	50960	58910	22.1	21.73	true	
https://onet.org.ai/Wage/Pruners	onet.org.ai	Wage	Pruners	373013	Tree Trimmers and Pruners		54970	50430	37660	43690	63130	78900	26.43	24.25	true	
https://onet.org.ai/Wage/GroundsMaintenanceWorkersAllOther	onet.org.ai	Wage	GroundsMaintenanceWorkersAllOther	373019	Grounds Maintenance Workers, All Other		47180	43410	30790	37810	52830	76090	22.68	20.87	true	
https://onet.org.ai/Wage/PersonalCareandServiceOccupations	onet.org.ai	Wage	PersonalCareandServiceOccupations	390000	Personal Care and Service Occupations		39410	35110	24220	29220	44400	59320	18.95	16.88	false	
https://onet.org.ai/Wage/SupervisorsofPersonalCareandServiceWorkers	onet.org.ai	Wage	SupervisorsofPersonalCareandServiceWorkers	391000	Supervisors of Personal Care and Service Workers		52440	48050	33070	38410	61560	77160	25.21	23.1	false	
https://onet.org.ai/Wage/FirstLineSupervisorsofEntertainmentandRecreationWorkers	onet.org.ai	Wage	FirstLineSupervisorsofEntertainmentandRecreationWorkers	391010	First-Line Supervisors of Entertainment and Recreation Workers		53820	49100	33520	38980	63310	79130	25.87	23.61	false	
https://onet.org.ai/Wage/FirstLineSupervisorsOfGamblingServicesWorkers	onet.org.ai	Wage	FirstLineSupervisorsOfGamblingServicesWorkers	391013	First-Line Supervisors of Gambling Services Workers		62600	61590	38360	49190	74080	82370	30.1	29.61	true	
https://onet.org.ai/Wage/GamblingServices	onet.org.ai	Wage	GamblingServices	391014	First-Line Supervisors of Entertainment and Recreation Workers, Except Gambling Services		51400	46900	32960	37960	60190	76430	24.71	22.55	true	
https://onet.org.ai/Wage/FirstLineSupervisorsOfPersonalServiceWorkers	onet.org.ai	Wage	FirstLineSupervisorsOfPersonalServiceWorkers	391022	First-Line Supervisors of Personal Service Workers		50920	47080	32150	37800	59330	73800	24.48	22.64	true	
https://onet.org.ai/Wage/AnimalCareandServiceWorkers	onet.org.ai	Wage	AnimalCareandServiceWorkers	392000	Animal Care and Service Workers		35490	33860	24960	28980	37620	47410	17.06	16.28	false	
https://onet.org.ai/Wage/AnimalTrainers	onet.org.ai	Wage	AnimalTrainers	392011	Animal Trainers		45780	38750	29120	32870	48900	70800	22.01	18.63	true	
https://onet.org.ai/Wage/AnimalCaretakers	onet.org.ai	Wage	AnimalCaretakers	392021	Animal Caretakers		34750	33470	24500	28870	37160	46480	16.71	16.09	true	
https://onet.org.ai/Wage/EntertainmentAttendantsandRelatedWorkers	onet.org.ai	Wage	EntertainmentAttendantsandRelatedWorkers	393000	Entertainment Attendants and Related Workers		33380	31200	22240	26430	35990	44710	16.05	15	false	
https://onet.org.ai/Wage/GamblingServicesWorkers	onet.org.ai	Wage	GamblingServicesWorkers	393010	Gambling Services Workers		39450	33280	22420	24950	43040	70610	18.97	16	false	
https://onet.org.ai/Wage/GamblingDealers	onet.org.ai	Wage	GamblingDealers	393011	Gambling Dealers		40420	33280	22340	24480	45430	73530	19.43	16	true	
https://onet.org.ai/Wage/Runners	onet.org.ai	Wage	Runners	393012	Gambling and Sports Book Writers and Runners		32570	30460	22200	24960	36310	45900	15.66	14.65	true	
https://onet.org.ai/Wage/GamblingServiceWorkersAllOther	onet.org.ai	Wage	GamblingServiceWorkersAllOther	393019	Gambling Service Workers, All Other		37590	34530	22880	27570	38950	56740	18.07	16.6	true	
https://onet.org.ai/Wage/MotionPictureProjectionists	onet.org.ai	Wage	MotionPictureProjectionists	393021	Motion Picture Projectionists		50290	38180	24160	29250	75380	82040	24.18	18.35	true	
https://onet.org.ai/Wage/TicketTakers	onet.org.ai	Wage	TicketTakers	393031	Ushers, Lobby Attendants, and Ticket Takers		31770	31150	22880	27140	35650	40210	15.27	14.98	true	
https://onet.org.ai/Wage/MiscellaneousEntertainmentAttendantsandRelatedWorkers	onet.org.ai	Wage	MiscellaneousEntertainmentAttendantsandRelatedWorkers	393090	Miscellaneous Entertainment Attendants and Related Workers		32180	31020	22040	26430	35700	42640	15.47	14.91	false	
https://onet.org.ai/Wage/RecreationAttendants	onet.org.ai	Wage	RecreationAttendants	393091	Amusement and Recreation Attendants		31350	30490	21940	26430	35360	39940	15.07	14.66	true	
https://onet.org.ai/Wage/CostumeAttendants	onet.org.ai	Wage	CostumeAttendants	393092	Costume Attendants		65890	54810	33610	39240	83090	115240	31.68	26.35	true	
https://onet.org.ai/Wage/DressingRoomAttendants	onet.org.ai	Wage	DressingRoomAttendants	393093	Locker Room, Coatroom, and Dressing Room Attendants		36490	34800	23530	29120	41530	50790	17.54	16.73	true	
https://onet.org.ai/Wage/FuneralServiceWorkers	onet.org.ai	Wage	FuneralServiceWorkers	394000	Funeral Service Workers		45890	39170	28300	31670	53830	73810	22.06	18.83	false	
https://onet.org.ai/Wage/EmbalmersandCrematoryOperators	onet.org.ai	Wage	EmbalmersandCrematoryOperators	394010	Embalmers and Crematory Operators		51630	48610	32600	38140	59350	73740	24.82	23.37	false	
https://onet.org.ai/Wage/Embalmers	onet.org.ai	Wage	Embalmers	394011	Embalmers		57520	56280	35160	46160	64760	78740	27.65	27.06	true	
https://onet.org.ai/Wage/CrematoryOperators	onet.org.ai	Wage	CrematoryOperators	394012	Crematory Operators		44790	42880	31970	35890	49800	60260	21.53	20.62	true	
https://onet.org.ai/Wage/FuneralAttendants	onet.org.ai	Wage	FuneralAttendants	394021	Funeral Attendants		35900	34610	26820	29420	39230	46690	17.26	16.64	true	
https://onet.org.ai/Wage/FuneralArrangers	onet.org.ai	Wage	FuneralArrangers	394031	Morticians, Undertakers, and Funeral Arrangers		56340	49800	31470	38470	67140	85940	27.09	23.94	true	
https://onet.org.ai/Wage/PersonalAppearanceWorkers	onet.org.ai	Wage	PersonalAppearanceWorkers	395000	Personal Appearance Workers		42480	35310	25580	30220	47040	63900	20.42	16.98	false	
https://onet.org.ai/Wage/BarbersHairdressersHairstylistsandCosmetologists	onet.org.ai	Wage	BarbersHairdressersHairstylistsandCosmetologists	395010	Barbers, Hairdressers, Hairstylists and Cosmetologists		43710	35420	24960	29120	48670	71360	21.01	17.03	false	
https://onet.org.ai/Wage/Barbers	onet.org.ai	Wage	Barbers	395011	Barbers		47800	38960	27770	32050	59180	78440	22.98	18.73	true	
https://onet.org.ai/Wage/Cosmetologists	onet.org.ai	Wage	Cosmetologists	395012	Hairdressers, Hairstylists, and Cosmetologists		43460	35250	24580	29060	48300	70220	20.89	16.95	true	
https://onet.org.ai/Wage/MiscellaneousPersonalAppearanceWorkers	onet.org.ai	Wage	MiscellaneousPersonalAppearanceWorkers	395090	Miscellaneous Personal Appearance Workers		40810	35260	27360	31620	44290	58770	19.62	16.95	false	
https://onet.org.ai/Wage/Performance	onet.org.ai	Wage	Performance	395091	Makeup Artists, Theatrical and Performance		75410	50280	22010	28850	132530	157090	36.25	24.17	true	
https://onet.org.ai/Wage/Pedicurists	onet.org.ai	Wage	Pedicurists	395092	Manicurists and Pedicurists		36910	34660	27910	31510	37660	47990	17.74	16.66	true	
https://onet.org.ai/Wage/Shampooers	onet.org.ai	Wage	Shampooers	395093	Shampooers		30830	31470	22880	27390	35610	35970	14.82	15.13	true	
https://onet.org.ai/Wage/SkincareSpecialists	onet.org.ai	Wage	SkincareSpecialists	395094	Skincare Specialists		48670	41560	27160	34130	55860	77330	23.4	19.98	true	
https://onet.org.ai/Wage/BaggagePortersBellhopsandConcierges	onet.org.ai	Wage	BaggagePortersBellhopsandConcierges	396010	Baggage Porters, Bellhops, and Concierges		39190	36810	28360	32560	43600	54340	18.84	17.7	false	
https://onet.org.ai/Wage/Bellhops	onet.org.ai	Wage	Bellhops	396011	Baggage Porters and Bellhops		36960	36020	25480	29830	40780	48490	17.77	17.32	true	
https://onet.org.ai/Wage/Concierges	onet.org.ai	Wage	Concierges	396012	Concierges		40770	37320	30770	33860	45700	58050	19.6	17.94	true	
https://onet.org.ai/Wage/TourandTravelGuides	onet.org.ai	Wage	TourandTravelGuides	397010	Tour and Travel Guides		43090	36660	26890	31250	45910	59930	20.72	17.63	false	
https://onet.org.ai/Wage/OtherPersonalCareandServiceWorkers	onet.org.ai	Wage	OtherPersonalCareandServiceWorkers	399000	Other Personal Care and Service Workers		39230	35550	24680	29590	44270	58190	18.86	17.09	false	
https://onet.org.ai/Wage/Nannies	onet.org.ai	Wage	Nannies	399011	Nannies		33140	32050	22900	28000	36960	44560	15.93	15.41	true	
https://onet.org.ai/Wage/RecreationandFitnessWorkers	onet.org.ai	Wage	RecreationandFitnessWorkers	399030	Recreation and Fitness Workers		44190	37420	26590	31400	49530	68740	21.25	17.99	false	
https://onet.org.ai/Wage/GroupFitnessInstructors	onet.org.ai	Wage	GroupFitnessInstructors	399031	Exercise Trainers and Group Fitness Instructors		51360	46180	27580	34090	60920	82050	24.69	22.2	true	
https://onet.org.ai/Wage/RecreationWorkers	onet.org.ai	Wage	RecreationWorkers	399032	Recreation Workers		37170	35380	25640	30460	41120	49460	17.87	17.01	true	
https://onet.org.ai/Wage/ResidentialAdvisors	onet.org.ai	Wage	ResidentialAdvisors	399041	Residential Advisors		41590	39180	28490	33890	47590	58350	19.99	18.84	true	
https://onet.org.ai/Wage/ServiceWorkersAllOther	onet.org.ai	Wage	ServiceWorkersAllOther	399099	Personal Care and Service Workers, All Other		37990	37900	24980	32450	39190	49300	18.27	18.22	true	
https://onet.org.ai/Wage/SalesandRelatedOccupations	onet.org.ai	Wage	SalesandRelatedOccupations	410000	Sales and Related Occupations		54070	37460	27060	31010	59880	98860	26	18.01	false	
https://onet.org.ai/Wage/FirstLineSupervisorsofSalesWorkers	onet.org.ai	Wage	FirstLineSupervisorsofSalesWorkers	411010	First-Line Supervisors of Sales Workers		59830	49510	32630	38710	66960	95170	28.77	23.81	false	
https://onet.org.ai/Wage/FirstLineSupervisorsOfRetailSalesWorkers	onet.org.ai	Wage	FirstLineSupervisorsOfRetailSalesWorkers	411011	First-Line Supervisors of Retail Sales Workers		52350	47320	31120	37580	60510	76560	25.17	22.75	true	
https://onet.org.ai/Wage/FirstLineSupervisorsOfNonRetailSalesWorkers	onet.org.ai	Wage	FirstLineSupervisorsOfNonRetailSalesWorkers	411012	First-Line Supervisors of Non-Retail Sales Workers		97870	84130	48880	62730	118190	162120	47.06	40.45	true	
https://onet.org.ai/Wage/RetailSalesWorkers	onet.org.ai	Wage	RetailSalesWorkers	412000	Retail Sales Workers		35470	33690	24170	28630	37090	46540	17.05	16.2	false	
https://onet.org.ai/Wage/Cashiers	onet.org.ai	Wage	Cashiers	412010	Cashiers		31810	31190	23070	27780	35410	38220	15.29	14.99	false	
https://onet.org.ai/Wage/BoothCashiers	onet.org.ai	Wage	BoothCashiers	412012	Gambling Change Persons and Booth Cashiers		36820	34810	22810	28870	39350	49190	17.7	16.74	true	
https://onet.org.ai/Wage/CounterandRentalClerksandPartsSalespersons	onet.org.ai	Wage	CounterandRentalClerksandPartsSalespersons	412020	Counter and Rental Clerks and Parts Salespersons		43180	38100	28150	33280	48340	61900	20.76	18.32	false	
https://onet.org.ai/Wage/RentalClerks	onet.org.ai	Wage	RentalClerks	412021	Counter and Rental Clerks		43700	38540	28580	34200	48290	62030	21.01	18.53	true	
https://onet.org.ai/Wage/PartsSalespersons	onet.org.ai	Wage	PartsSalespersons	412022	Parts Salespersons		42390	37440	27770	30630	48410	61750	20.38	18	true	
https://onet.org.ai/Wage/RetailSalespersons	onet.org.ai	Wage	RetailSalespersons	412031	Retail Salespersons		37150	34580	25600	29140	37850	47930	17.86	16.62	true	
https://onet.org.ai/Wage/SalesRepresentativesServices	onet.org.ai	Wage	SalesRepresentativesServices	413000	Sales Representatives, Services		86380	64200	37400	47620	100010	159790	41.53	30.87	false	
https://onet.org.ai/Wage/AdvertisingSalesAgents	onet.org.ai	Wage	AdvertisingSalesAgents	413011	Advertising Sales Agents		76350	61460	33480	44980	91430	133540	36.71	29.55	true	
https://onet.org.ai/Wage/InsuranceSalesAgents	onet.org.ai	Wage	InsuranceSalesAgents	413021	Insurance Sales Agents		81510	60370	36390	45520	91150	135660	39.19	29.02	true	
https://onet.org.ai/Wage/FinancialServicesSalesAgents	onet.org.ai	Wage	FinancialServicesSalesAgents	413031	Securities, Commodities, and Financial Services Sales Agents		110400	78140	47080	51600	129480	215210	53.08	37.57	true	
https://onet.org.ai/Wage/TravelAgents	onet.org.ai	Wage	TravelAgents	413041	Travel Agents		52690	48450	33280	38760	60880	74160	25.33	23.29	true	
https://onet.org.ai/Wage/Travel	onet.org.ai	Wage	Travel	413091	Sales Representatives of Services, Except Advertising, Insurance, Financial Services, and Travel		81260	66260	36930	47120	98780	142040	39.07	31.86	true	
https://onet.org.ai/Wage/SalesRepresentativesWholesaleandManufacturing	onet.org.ai	Wage	SalesRepresentativesWholesaleandManufacturing	414010	Sales Representatives, Wholesale and Manufacturing		87690	74100	38910	50820	103200	155930	42.16	35.63	false	
https://onet.org.ai/Wage/Assessors	onet.org.ai	Wage	Assessors	414011	Solar Sales Representatives and Assessors		114520	100070	48840	65640	146150	194890	55.06	48.11	true	
https://onet.org.ai/Wage/ScientificProducts	onet.org.ai	Wage	ScientificProducts	414012	Sales Representatives, Wholesale and Manufacturing, Except Technical and Scientific Products		81470	66780	37860	49040	97570	134470	39.17	32.11	true	
https://onet.org.ai/Wage/OtherSalesandRelatedWorkers	onet.org.ai	Wage	OtherSalesandRelatedWorkers	419000	Other Sales and Related Workers		68850	49720	29840	36300	83020	130790	33.1	23.91	false	
https://onet.org.ai/Wage/ModelsDemonstratorsandProductPromoters	onet.org.ai	Wage	ModelsDemonstratorsandProductPromoters	419010	Models, Demonstrators, and Product Promoters		46610	38760	30920	34200	52790	66460	22.41	18.64	false	
https://onet.org.ai/Wage/ProductPromoters	onet.org.ai	Wage	ProductPromoters	419011	Demonstrators and Product Promoters		43730	37960	30910	33860	50100	60320	21.03	18.25	true	
https://onet.org.ai/Wage/Models	onet.org.ai	Wage	Models	419012	Models		81540	89990	38010	45760	89990	124380	39.2	43.26	true	
https://onet.org.ai/Wage/RealEstateBrokersandSalesAgents	onet.org.ai	Wage	RealEstateBrokersandSalesAgents	419020	Real Estate Brokers and Sales Agents		75240	58960	33280	40180	92540	134140	36.17	28.35	false	
https://onet.org.ai/Wage/RealEstateBrokers	onet.org.ai	Wage	RealEstateBrokers	419021	Real Estate Brokers		91660	72280	36920	48200	114220	166730	44.07	34.75	true	
https://onet.org.ai/Wage/RealEstateSalesAgents	onet.org.ai	Wage	RealEstateSalesAgents	419022	Real Estate Sales Agents		70970	56320	31940	38940	85440	125140	34.12	27.08	true	
https://onet.org.ai/Wage/SalesEngineers	onet.org.ai	Wage	SalesEngineers	419031	Sales Engineers		130410	121520	70580	90690	159200	202670	62.7	58.42	true	
https://onet.org.ai/Wage/Telemarketers	onet.org.ai	Wage	Telemarketers	419041	Telemarketers		36340	34410	24620	29120	38640	48930	17.47	16.54	true	
https://onet.org.ai/Wage/MiscellaneousSalesandRelatedWorkers	onet.org.ai	Wage	MiscellaneousSalesandRelatedWorkers	419090	Miscellaneous Sales and Related Workers		56270	46000	27960	34530	65330	94920	27.05	22.11	false	
https://onet.org.ai/Wage/RelatedWorkers	onet.org.ai	Wage	RelatedWorkers	419091	Door-to-Door Sales Workers, News and Street Vendors, and Related Workers		39890	34530	23440	31200	42970	55970	19.18	16.6	true	
https://onet.org.ai/Wage/OfficeandAdministrativeSupportOccupations	onet.org.ai	Wage	OfficeandAdministrativeSupportOccupations	430000	Office and Administrative Support Occupations		50160	46320	31800	37580	58730	74480	24.12	22.27	false	
https://onet.org.ai/Wage/AdministrativeSupportWorkers	onet.org.ai	Wage	AdministrativeSupportWorkers	431011	First-Line Supervisors of Office and Administrative Support Workers		71560	66140	43920	53190	82340	102980	34.4	31.8	true	
https://onet.org.ai/Wage/CommunicationsEquipmentOperators	onet.org.ai	Wage	CommunicationsEquipmentOperators	432000	Communications Equipment Operators		42670	38600	29990	34600	47360	61580	20.52	18.56	false	
https://onet.org.ai/Wage/AnsweringService	onet.org.ai	Wage	AnsweringService	432011	Switchboard Operators, Including Answering Service		42130	38370	29820	34250	46330	60940	20.26	18.45	true	
https://onet.org.ai/Wage/TelephoneOperators	onet.org.ai	Wage	TelephoneOperators	432021	Telephone Operators		42880	39130	31440	35860	48530	57510	20.62	18.81	true	
https://onet.org.ai/Wage/CommunicationsEquipmentOperatorsAllOther	onet.org.ai	Wage	CommunicationsEquipmentOperatorsAllOther	432099	Communications Equipment Operators, All Other		55890	49910	35980	44620	64310	89110	26.87	24	true	
https://onet.org.ai/Wage/FinancialClerks	onet.org.ai	Wage	FinancialClerks	433000	Financial Clerks		50200	47370	34600	39390	58260	69820	24.14	22.77	false	
https://onet.org.ai/Wage/AccountCollectors	onet.org.ai	Wage	AccountCollectors	433011	Bill and Account Collectors		48370	46040	33960	38290	54990	65830	23.25	22.14	true	
https://onet.org.ai/Wage/PostingClerks	onet.org.ai	Wage	PostingClerks	433021	Billing and Posting Clerks		49490	47170	35760	40260	56350	64990	23.8	22.68	true	
https://onet.org.ai/Wage/AuditingClerks	onet.org.ai	Wage	AuditingClerks	433031	Bookkeeping, Accounting, and Auditing Clerks		52020	49210	34600	41390	60220	72660	25.01	23.66	true	
https://onet.org.ai/Wage/GamblingCageWorkers	onet.org.ai	Wage	GamblingCageWorkers	433041	Gambling Cage Workers		38600	36990	27940	31870	43840	49350	18.56	17.78	true	
https://onet.org.ai/Wage/TimekeepingClerks	onet.org.ai	Wage	TimekeepingClerks	433051	Payroll and Timekeeping Clerks		56870	55290	36670	45440	65750	78830	27.34	26.58	true	
https://onet.org.ai/Wage/ProcurementClerks	onet.org.ai	Wage	ProcurementClerks	433061	Procurement Clerks		50430	48510	36810	41240	57680	65890	24.25	23.32	true	
https://onet.org.ai/Wage/Tellers	onet.org.ai	Wage	Tellers	433071	Tellers		40940	39340	31270	36420	45550	48270	19.68	18.91	true	
https://onet.org.ai/Wage/FinancialClerksAllOther	onet.org.ai	Wage	FinancialClerksAllOther	433099	Financial Clerks, All Other		55330	52150	38770	46350	61190	75860	26.6	25.07	true	
https://onet.org.ai/Wage/InformationandRecordClerks	onet.org.ai	Wage	InformationandRecordClerks	434000	Information and Record Clerks		44580	41600	29990	35450	49850	62190	21.44	20	false	
https://onet.org.ai/Wage/BrokerageClerks	onet.org.ai	Wage	BrokerageClerks	434011	Brokerage Clerks		67680	62940	47730	53880	77400	91650	32.54	30.26	true	
https://onet.org.ai/Wage/CorrespondenceClerks	onet.org.ai	Wage	CorrespondenceClerks	434021	Correspondence Clerks		46610	46740	33530	38510	52480	62200	22.41	22.47	true	
https://onet.org.ai/Wage/LicenseClerks	onet.org.ai	Wage	LicenseClerks	434031	Court, Municipal, and License Clerks		51200	47700	34860	39730	59590	72370	24.61	22.93	true	
https://onet.org.ai/Wage/Clerks	onet.org.ai	Wage	Clerks	434041	Credit Authorizers, Checkers, and Clerks		51050	48950	36360	42720	59520	65910	24.54	23.53	true	
https://onet.org.ai/Wage/CustomerServiceRepresentatives	onet.org.ai	Wage	CustomerServiceRepresentatives	434051	Customer Service Representatives		45380	42830	30690	35970	50140	62730	21.82	20.59	true	
https://onet.org.ai/Wage/EligibilityInterviewersGovernmentPrograms	onet.org.ai	Wage	EligibilityInterviewersGovernmentPrograms	434061	Eligibility Interviewers, Government Programs		53970	51500	37690	43850	61680	72280	25.95	24.76	true	
https://onet.org.ai/Wage/FileClerks	onet.org.ai	Wage	FileClerks	434071	File Clerks		43700	41270	29620	35120	50020	61080	21.01	19.84	true	
https://onet.org.ai/Wage/ResortDeskClerks	onet.org.ai	Wage	ResortDeskClerks	434081	Hotel, Motel, and Resort Desk Clerks		34740	34270	26600	29210	37430	44720	16.7	16.48	true	
https://onet.org.ai/Wage/Loan	onet.org.ai	Wage	Loan	434111	Interviewers, Except Eligibility and Loan		45400	43830	31980	37380	50440	60960	21.83	21.07	true	
https://onet.org.ai/Wage/LibraryAssistantsClerical	onet.org.ai	Wage	LibraryAssistantsClerical	434121	Library Assistants, Clerical		37910	36010	25090	30190	44200	52790	18.22	17.31	true	
https://onet.org.ai/Wage/NewAccountsClerks	onet.org.ai	Wage	NewAccountsClerks	434141	New Accounts Clerks		47610	46610	36980	40050	51510	60110	22.89	22.41	true	
https://onet.org.ai/Wage/OrderClerks	onet.org.ai	Wage	OrderClerks	434151	Order Clerks		46270	44660	33530	38110	51890	61680	22.24	21.47	true	
https://onet.org.ai/Wage/Timekeeping	onet.org.ai	Wage	Timekeeping	434161	Human Resources Assistants, Except Payroll and Timekeeping		50950	49440	36090	42360	58560	67140	24.5	23.77	true	
https://onet.org.ai/Wage/InformationClerks	onet.org.ai	Wage	InformationClerks	434171	Receptionists and Information Clerks		38480	37230	28280	32660	44070	48870	18.5	17.9	true	
https://onet.org.ai/Wage/TravelClerks	onet.org.ai	Wage	TravelClerks	434181	Reservation and Transportation Ticket Agents and Travel Clerks		47720	41460	34550	37200	54930	75050	22.94	19.94	true	
https://onet.org.ai/Wage/RecordClerksAllOther	onet.org.ai	Wage	RecordClerksAllOther	434199	Information and Record Clerks, All Other		50200	48360	34170	39610	58680	68850	24.14	23.25	true	
https://onet.org.ai/Wage/MaterialRecordingSchedulingDispatchingandDistributingWorkers	onet.org.ai	Wage	MaterialRecordingSchedulingDispatchingandDistributingWorkers	435000	Material Recording, Scheduling, Dispatching, and Distributing Workers		52440	48090	35350	40210	61520	75300	25.21	23.12	false	
https://onet.org.ai/Wage/FreightForwarders	onet.org.ai	Wage	FreightForwarders	435011	Freight Forwarders		55420	49900	37240	43490	62230	76350	26.64	23.99	true	
https://onet.org.ai/Wage/Messengers	onet.org.ai	Wage	Messengers	435021	Couriers and Messengers		40060	38340	29880	35130	44630	50590	19.26	18.43	true	
https://onet.org.ai/Wage/Dispatchers	onet.org.ai	Wage	Dispatchers	435030	Dispatchers		109620	107240	70760	91670	128690	144900	52.7	51.56	false	
https://onet.org.ai/Wage/PublicSafetyTelecommunicators	onet.org.ai	Wage	PublicSafetyTelecommunicators	435031	Public Safety Telecommunicators		54800	50730	35640	42140	62840	78110	26.35	24.39	true	
https://onet.org.ai/Wage/Ambulance	onet.org.ai	Wage	Ambulance	435032	Dispatchers, Except Police, Fire, and Ambulance		53150	48880	34600	40240	61520	76130	25.55	23.5	true	
https://onet.org.ai/Wage/MeterReadersUtilities	onet.org.ai	Wage	MeterReadersUtilities	435041	Meter Readers, Utilities		55810	49180	33980	39620	68030	86480	26.83	23.64	true	
https://onet.org.ai/Wage/PostalServiceWorkers	onet.org.ai	Wage	PostalServiceWorkers	435050	Postal Service Workers		59720	57870	42390	46030	74050	75300	28.71	27.82	false	
https://onet.org.ai/Wage/PostalServiceClerks	onet.org.ai	Wage	PostalServiceClerks	435051	Postal Service Clerks		61070	61630	42600	55410	74050	74050	29.36	29.63	true	
https://onet.org.ai/Wage/PostalServiceMailCarriers	onet.org.ai	Wage	PostalServiceMailCarriers	435052	Postal Service Mail Carriers		59880	57490	42390	46030	75300	76880	28.79	27.64	true	
https://onet.org.ai/Wage/ProcessingMachineOperators	onet.org.ai	Wage	ProcessingMachineOperators	435053	Postal Service Mail Sorters, Processors, and Processing Machine Operators		46050	40100	30840	34460	51590	69290	22.14	19.28	true	
https://onet.org.ai/Wage/ExpeditingClerks	onet.org.ai	Wage	ExpeditingClerks	435061	Production, Planning, and Expediting Clerks		60420	57770	38570	46600	71480	84810	29.05	27.78	true	
https://onet.org.ai/Wage/InventoryClerks	onet.org.ai	Wage	InventoryClerks	435071	Shipping, Receiving, and Inventory Clerks		44890	43190	32900	37040	49390	60300	21.58	20.77	true	
https://onet.org.ai/Wage/SamplersRecordkeeping	onet.org.ai	Wage	SamplersRecordkeeping	435111	Weighers, Measurers, Checkers, and Samplers, Recordkeeping		46660	45650	34580	38650	53060	60120	22.43	21.95	true	
https://onet.org.ai/Wage/SecretariesandAdministrativeAssistants	onet.org.ai	Wage	SecretariesandAdministrativeAssistants	436010	Secretaries and Administrative Assistants		52070	47460	33840	38790	59990	76550	25.03	22.82	false	
https://onet.org.ai/Wage/ExecutiveAdministrativeAssistants	onet.org.ai	Wage	ExecutiveAdministrativeAssistants	436011	Executive Secretaries and Executive Administrative Assistants		77060	74260	48300	60000	90440	107710	37.05	35.7	true	
https://onet.org.ai/Wage/AdministrativeAssistants	onet.org.ai	Wage	AdministrativeAssistants	436012	Legal Secretaries and Administrative Assistants		45580	44640	35050	37880	49720	60050	21.91	21.46	true	
https://onet.org.ai/Wage/Executive	onet.org.ai	Wage	Executive	436014	Secretaries and Administrative Assistants, Except Legal, Medical, and Executive		47640	46290	31600	37770	55650	64150	22.9	22.26	true	
https://onet.org.ai/Wage/OtherOfficeandAdministrativeSupportWorkers	onet.org.ai	Wage	OtherOfficeandAdministrativeSupportWorkers	439000	Other Office and Administrative Support Workers		45950	44030	29710	35750	53090	64270	22.09	21.17	false	
https://onet.org.ai/Wage/DataEntryandInformationProcessingWorkers	onet.org.ai	Wage	DataEntryandInformationProcessingWorkers	439020	Data Entry and Information Processing Workers		43680	41480	31200	35760	49300	59220	21	19.94	false	
https://onet.org.ai/Wage/DataEntryKeyers	onet.org.ai	Wage	DataEntryKeyers	439021	Data Entry Keyers		42070	39850	30100	34900	47260	56930	20.22	19.16	true	
https://onet.org.ai/Wage/Typists	onet.org.ai	Wage	Typists	439022	Word Processors and Typists		49730	47850	35300	39740	56000	64370	23.91	23.01	true	
https://onet.org.ai/Wage/DesktopPublishers	onet.org.ai	Wage	DesktopPublishers	439031	Desktop Publishers		60250	53620	34650	42680	71990	92880	28.97	25.78	true	
https://onet.org.ai/Wage/PolicyProcessingClerks	onet.org.ai	Wage	PolicyProcessingClerks	439041	Insurance Claims and Policy Processing Clerks		51980	48450	36900	41600	59500	73100	24.99	23.29	true	
https://onet.org.ai/Wage/PostalService	onet.org.ai	Wage	PostalService	439051	Mail Clerks and Mail Machine Operators, Except Postal Service		40200	38150	29460	34440	44940	52150	19.33	18.34	true	
https://onet.org.ai/Wage/OfficeClerksGeneral	onet.org.ai	Wage	OfficeClerksGeneral	439061	Office Clerks, General		45470	43630	29120	35350	52560	63840	21.86	20.97	true	
https://onet.org.ai/Wage/Computer	onet.org.ai	Wage	Computer	439071	Office Machine Operators, Except Computer		41620	39020	29850	34420	46680	56340	20.01	18.76	true	
https://onet.org.ai/Wage/CopyMarkers	onet.org.ai	Wage	CopyMarkers	439081	Proofreaders and Copy Markers		52730	49210	33530	38590	62380	78040	25.35	23.66	true	
https://onet.org.ai/Wage/StatisticalAssistants	onet.org.ai	Wage	StatisticalAssistants	439111	Statistical Assistants		55470	51440	38050	45970	63620	79410	26.67	24.73	true	
https://onet.org.ai/Wage/AdministrativeSupportWorkersAllOther	onet.org.ai	Wage	AdministrativeSupportWorkersAllOther	439199	Office and Administrative Support Workers, All Other		48700	46040	30480	35390	57500	71840	23.42	22.14	true	
https://onet.org.ai/Wage/FarmingFishingandForestryOccupations	onet.org.ai	Wage	FarmingFishingandForestryOccupations	450000	Farming, Fishing, and Forestry Occupations		41730	36750	31470	34590	45450	58950	20.06	17.67	false	
https://onet.org.ai/Wage/ForestryWorkers	onet.org.ai	Wage	ForestryWorkers	451011	First-Line Supervisors of Farming, Fishing, and Forestry Workers		63360	59330	39610	47660	76640	90840	30.46	28.53	true	
https://onet.org.ai/Wage/AgriculturalWorkers	onet.org.ai	Wage	AgriculturalWorkers	452000	Agricultural Workers		39060	36020	30880	34260	41660	49850	18.78	17.32	false	
https://onet.org.ai/Wage/AgriculturalInspectors	onet.org.ai	Wage	AgriculturalInspectors	452011	Agricultural Inspectors		55650	50990	37440	42740	64960	80240	26.75	24.51	true	
https://onet.org.ai/Wage/AnimalBreeders	onet.org.ai	Wage	AnimalBreeders	452021	Animal Breeders		56150	52000	37130	43310	59630	89970	27	25	true	
https://onet.org.ai/Wage/SortersAgriculturalProducts	onet.org.ai	Wage	SortersAgriculturalProducts	452041	Graders and Sorters, Agricultural Products		36080	35430	30490	33550	38010	43280	17.34	17.03	true	
https://onet.org.ai/Wage/MiscellaneousAgriculturalWorkers	onet.org.ai	Wage	MiscellaneousAgriculturalWorkers	452090	Miscellaneous Agricultural Workers		38610	35960	30830	34230	41070	48810	18.56	17.29	false	
https://onet.org.ai/Wage/AgriculturalEquipmentOperators	onet.org.ai	Wage	AgriculturalEquipmentOperators	452091	Agricultural Equipment Operators		43920	42580	31240	36640	48690	57790	21.12	20.47	true	
https://onet.org.ai/Wage/Greenhouse	onet.org.ai	Wage	Greenhouse	452092	Farmworkers and Laborers, Crop, Nursery, and Greenhouse		37850	35690	32260	34280	38950	46370	18.2	17.16	true	
https://onet.org.ai/Wage/AquaculturalAnimals	onet.org.ai	Wage	AquaculturalAnimals	452093	Farmworkers, Farm, Ranch, and Aquacultural Animals		38580	36150	27110	31220	44280	51840	18.55	17.38	true	
https://onet.org.ai/Wage/AgriculturalWorkersAllOther	onet.org.ai	Wage	AgriculturalWorkersAllOther	452099	Agricultural Workers, All Other		45780	40390	27860	33870	52730	76730	22.01	19.42	true	
https://onet.org.ai/Wage/ForestConservationandLoggingWorkers	onet.org.ai	Wage	ForestConservationandLoggingWorkers	454000	Forest, Conservation, and Logging Workers		51180	48390	34570	40510	59620	70840	24.61	23.27	false	
https://onet.org.ai/Wage/ConservationWorkers	onet.org.ai	Wage	ConservationWorkers	454011	Forest and Conservation Workers		42830	43680	33050	36400	45200	54190	20.59	21	true	
https://onet.org.ai/Wage/LoggingWorkers	onet.org.ai	Wage	LoggingWorkers	454020	Logging Workers		52650	49540	35230	42410	60810	72940	25.31	23.82	false	
https://onet.org.ai/Wage/Fallers	onet.org.ai	Wage	Fallers	454021	Fallers		59120	53900	35620	43670	65040	84510	28.42	25.92	true	
https://onet.org.ai/Wage/LoggingEquipmentOperators	onet.org.ai	Wage	LoggingEquipmentOperators	454022	Logging Equipment Operators		52020	49210	35050	43750	60640	72280	25.01	23.66	true	
https://onet.org.ai/Wage/Scalers	onet.org.ai	Wage	Scalers	454023	Log Graders and Scalers		48130	46710	35050	38390	56200	63370	23.14	22.46	true	
https://onet.org.ai/Wage/LoggingWorkersAllOther	onet.org.ai	Wage	LoggingWorkersAllOther	454029	Logging Workers, All Other		53820	52000	37260	42010	62000	72070	25.88	25	true	
https://onet.org.ai/Wage/ConstructionandExtractionOccupations	onet.org.ai	Wage	ConstructionandExtractionOccupations	470000	Construction and Extraction Occupations		63920	58360	37440	46030	76820	100430	30.73	28.06	false	
https://onet.org.ai/Wage/SolarEnergyInstallationManagers	onet.org.ai	Wage	SolarEnergyInstallationManagers	471011	Solar Energy Installation Managers		84500	78690	51290	62400	100200	126690	40.62	37.83	true	
https://onet.org.ai/Wage/ConstructionTradesWorkers	onet.org.ai	Wage	ConstructionTradesWorkers	472000	Construction Trades Workers		61560	56490	37260	45560	73780	96650	29.6	27.16	false	
https://onet.org.ai/Wage/Boilermakers	onet.org.ai	Wage	Boilermakers	472011	Boilermakers		76900	73340	48390	62230	93520	107600	36.97	35.26	true	
https://onet.org.ai/Wage/BrickmasonsBlockmasonsandStonemasons	onet.org.ai	Wage	BrickmasonsBlockmasonsandStonemasons	472020	Brickmasons, Blockmasons, and Stonemasons		64240	60180	40330	48690	76340	94190	30.89	28.93	false	
https://onet.org.ai/Wage/Blockmasons	onet.org.ai	Wage	Blockmasons	472021	Brickmasons and Blockmasons		65390	60800	41330	49430	77290	95560	31.44	29.23	true	
https://onet.org.ai/Wage/Stonemasons	onet.org.ai	Wage	Stonemasons	472022	Stonemasons		57220	51990	37420	44820	64120	83200	27.51	25	true	
https://onet.org.ai/Wage/Carpenters	onet.org.ai	Wage	Carpenters	472031	Carpenters		64040	59310	38760	47550	75620	98370	30.79	28.51	true	
https://onet.org.ai/Wage/CarpetFloorandTileInstallersandFinishers	onet.org.ai	Wage	CarpetFloorandTileInstallersandFinishers	472040	Carpet, Floor, and Tile Installers and Finishers		57830	52000	35850	43520	65810	86290	27.8	25	false	
https://onet.org.ai/Wage/CarpetInstallers	onet.org.ai	Wage	CarpetInstallers	472041	Carpet Installers		55860	49850	32830	39140	65530	83200	26.85	23.97	true	
https://onet.org.ai/Wage/HardTiles	onet.org.ai	Wage	HardTiles	472042	Floor Layers, Except Carpet, Wood, and Hard Tiles		60550	54340	37190	44760	72390	97180	29.11	26.13	true	
https://onet.org.ai/Wage/Finishers	onet.org.ai	Wage	Finishers	472043	Floor Sanders and Finishers		48940	47260	35180	39380	57800	62790	23.53	22.72	true	
https://onet.org.ai/Wage/StoneSetters	onet.org.ai	Wage	StoneSetters	472044	Tile and Stone Setters		57590	52240	36140	44540	64980	82960	27.69	25.11	true	
https://onet.org.ai/Wage/CementMasonsConcreteFinishersandTerrazzoWorkers	onet.org.ai	Wage	CementMasonsConcreteFinishersandTerrazzoWorkers	472050	Cement Masons, Concrete Finishers, and Terrazzo Workers		59380	54700	38290	46020	65890	87760	28.55	26.3	false	
https://onet.org.ai/Wage/ConcreteFinishers	onet.org.ai	Wage	ConcreteFinishers	472051	Cement Masons and Concrete Finishers		59360	54660	38290	46020	65840	87620	28.54	26.28	true	
https://onet.org.ai/Wage/ConstructionLaborers	onet.org.ai	Wage	ConstructionLaborers	472061	Construction Laborers		51260	46730	34200	38100	58910	77530	24.64	22.47	true	
https://onet.org.ai/Wage/ConstructionEquipmentOperators	onet.org.ai	Wage	ConstructionEquipmentOperators	472070	Construction Equipment Operators		64680	58320	39850	47590	75370	99930	31.1	28.04	false	
https://onet.org.ai/Wage/TampingEquipmentOperators	onet.org.ai	Wage	TampingEquipmentOperators	472071	Paving, Surfacing, and Tamping Equipment Operators		58660	51650	38030	44740	66060	90110	28.2	24.83	true	
https://onet.org.ai/Wage/PileDriverOperators	onet.org.ai	Wage	PileDriverOperators	472072	Pile Driver Operators		79000	70510	46690	54750	103960	121990	37.98	33.9	true	
https://onet.org.ai/Wage/OtherConstructionEquipmentOperators	onet.org.ai	Wage	OtherConstructionEquipmentOperators	472073	Operating Engineers and Other Construction Equipment Operators		65180	58710	40080	47780	75750	100690	31.34	28.23	true	
https://onet.org.ai/Wage/DrywallInstallersCeilingTileInstallersandTapers	onet.org.ai	Wage	DrywallInstallersCeilingTileInstallersandTapers	472080	Drywall Installers, Ceiling Tile Installers, and Tapers		63800	58800	38160	47070	74410	102920	30.68	28.27	false	
https://onet.org.ai/Wage/CeilingTileInstallers	onet.org.ai	Wage	CeilingTileInstallers	472081	Drywall and Ceiling Tile Installers		62810	58140	37810	46880	72660	101380	30.2	27.95	true	
https://onet.org.ai/Wage/Tapers	onet.org.ai	Wage	Tapers	472082	Tapers		70390	64700	43450	50780	82990	106160	33.84	31.11	true	
https://onet.org.ai/Wage/Electricians	onet.org.ai	Wage	Electricians	472111	Electricians		69630	62350	39430	48820	81730	106030	33.47	29.98	true	
https://onet.org.ai/Wage/Glaziers	onet.org.ai	Wage	Glaziers	472121	Glaziers		60260	55440	37710	45530	68300	98780	28.97	26.65	true	
https://onet.org.ai/Wage/InsulationWorkers	onet.org.ai	Wage	InsulationWorkers	472130	Insulation Workers		57470	50730	36950	44260	63800	83200	27.63	24.39	false	
https://onet.org.ai/Wage/Wall	onet.org.ai	Wage	Wall	472131	Insulation Workers, Floor, Ceiling, and Wall		53440	48680	35950	40270	60420	77160	25.69	23.41	true	
https://onet.org.ai/Wage/InsulationWorkersMechanical	onet.org.ai	Wage	InsulationWorkersMechanical	472132	Insulation Workers, Mechanical		63540	57250	39450	47480	75300	94110	30.55	27.52	true	
https://onet.org.ai/Wage/PaintersandPaperhangers	onet.org.ai	Wage	PaintersandPaperhangers	472140	Painters and Paperhangers		53700	48660	36680	42480	60270	76540	25.82	23.39	false	
https://onet.org.ai/Wage/Maintenance	onet.org.ai	Wage	Maintenance	472141	Painters, Construction and Maintenance		53710	48660	36680	42510	60270	76550	25.82	23.4	true	
https://onet.org.ai/Wage/Paperhangers	onet.org.ai	Wage	Paperhangers	472142	Paperhangers		51900	48260	35020	40930	58470	69470	24.95	23.2	true	
https://onet.org.ai/Wage/PipelayersPlumbersPipefittersandSteamfitters	onet.org.ai	Wage	PipelayersPlumbersPipefittersandSteamfitters	472150	Pipelayers, Plumbers, Pipefitters, and Steamfitters		68870	62210	39880	48360	80880	104050	33.11	29.91	false	
https://onet.org.ai/Wage/Pipelayers	onet.org.ai	Wage	Pipelayers	472151	Pipelayers		54270	48710	36840	42320	60980	80710	26.09	23.42	true	
https://onet.org.ai/Wage/StuccoMasons	onet.org.ai	Wage	StuccoMasons	472161	Plasterers and Stucco Masons		40880	38140	31360	35230	45290	51720	19.65	18.34	true	
https://onet.org.ai/Wage/RebarWorkers	onet.org.ai	Wage	RebarWorkers	472171	Reinforcing Iron and Rebar Workers		62640	59280	39470	47300	74190	95530	30.11	28.5	true	
https://onet.org.ai/Wage/Roofers	onet.org.ai	Wage	Roofers	472181	Roofers		57090	50970	37060	45300	64010	80780	27.45	24.51	true	
https://onet.org.ai/Wage/SheetMetalWorkers	onet.org.ai	Wage	SheetMetalWorkers	472211	Sheet Metal Workers		66110	60850	38030	47290	79620	102680	31.78	29.26	true	
https://onet.org.ai/Wage/SteelWorkers	onet.org.ai	Wage	SteelWorkers	472221	Structural Iron and Steel Workers		69270	62700	42000	49090	82780	107520	33.3	30.14	true	
https://onet.org.ai/Wage/SolarPhotovoltaicInstallers	onet.org.ai	Wage	SolarPhotovoltaicInstallers	472231	Solar Photovoltaic Installers		57380	51860	39070	46040	63020	80150	27.59	24.93	true	
https://onet.org.ai/Wage/HelpersConstructionTrades	onet.org.ai	Wage	HelpersConstructionTrades	473010	Helpers, Construction Trades		43140	40430	31360	36280	47710	57480	20.74	19.44	false	
https://onet.org.ai/Wage/MarbleSetters	onet.org.ai	Wage	MarbleSetters	473011	Helpers--Brickmasons, Blockmasons, Stonemasons, and Tile and Marble Setters		49730	46480	35570	38600	58080	68330	23.91	22.35	true	
https://onet.org.ai/Wage/HelpersCarpenters	onet.org.ai	Wage	HelpersCarpenters	473012	Helpers--Carpenters		42080	41600	31540	35870	46780	52380	20.23	20	true	
https://onet.org.ai/Wage/HelpersElectricians	onet.org.ai	Wage	HelpersElectricians	473013	Helpers--Electricians		42900	39890	31200	36400	47520	56770	20.62	19.18	true	
https://onet.org.ai/Wage/Steamfitters	onet.org.ai	Wage	Steamfitters	473015	Helpers--Pipelayers, Plumbers, Pipefitters, and Steamfitters		41720	39270	31050	35750	46550	54860	20.06	18.88	true	
https://onet.org.ai/Wage/HelpersRoofers	onet.org.ai	Wage	HelpersRoofers	473016	Helpers--Roofers		42070	40590	27780	34800	47570	55310	20.23	19.51	true	
https://onet.org.ai/Wage/HelpersConstructionTradesAllOther	onet.org.ai	Wage	HelpersConstructionTradesAllOther	473019	Helpers, Construction Trades, All Other		44040	40760	31200	36400	48500	59280	21.17	19.6	true	
https://onet.org.ai/Wage/OtherConstructionandRelatedWorkers	onet.org.ai	Wage	OtherConstructionandRelatedWorkers	474000	Other Construction and Related Workers		62700	56520	37330	45430	74540	99280	30.15	27.17	false	
https://onet.org.ai/Wage/EnergyAuditors	onet.org.ai	Wage	EnergyAuditors	474011	Energy Auditors		76430	72120	46560	57300	92330	112320	36.75	34.67	true	
https://onet.org.ai/Wage/Repairers	onet.org.ai	Wage	Repairers	474021	Elevator and Escalator Installers and Repairers		36280	35950	25170	29400	41400	48090	17.44	17.29	true	
https://onet.org.ai/Wage/FenceErectors	onet.org.ai	Wage	FenceErectors	474031	Fence Erectors		50550	46940	35090	39040	57070	74660	24.31	22.57	true	
https://onet.org.ai/Wage/HazardousMaterialsRemovalWorkers	onet.org.ai	Wage	HazardousMaterialsRemovalWorkers	474041	Hazardous Materials Removal Workers		55740	48490	37330	42710	62150	82480	26.8	23.31	true	
https://onet.org.ai/Wage/HighwayMaintenanceWorkers	onet.org.ai	Wage	HighwayMaintenanceWorkers	474051	Highway Maintenance Workers		51410	49070	35030	41540	59600	69210	24.72	23.59	true	
https://onet.org.ai/Wage/MaintenanceEquipmentOperators	onet.org.ai	Wage	MaintenanceEquipmentOperators	474061	Rail-Track Laying and Maintenance Equipment Operators		68270	67370	45720	51630	79330	84840	32.82	32.39	true	
https://onet.org.ai/Wage/SewerPipeCleaners	onet.org.ai	Wage	SewerPipeCleaners	474071	Septic Tank Servicers and Sewer Pipe Cleaners		52730	49140	36500	42700	60320	73670	25.35	23.62	true	
https://onet.org.ai/Wage/MiscellaneousConstructionandRelatedWorkers	onet.org.ai	Wage	MiscellaneousConstructionandRelatedWorkers	474090	Miscellaneous Construction and Related Workers		52910	48120	35160	39990	60960	77540	25.44	23.14	false	
https://onet.org.ai/Wage/ExtractionWorkers	onet.org.ai	Wage	ExtractionWorkers	475000	Extraction Workers		59040	56020	37820	46180	67870	82950	28.39	26.93	false	
https://onet.org.ai/Wage/DerrickRotaryDrillandServiceUnitOperatorsOilandGas	onet.org.ai	Wage	DerrickRotaryDrillandServiceUnitOperatorsOilandGas	475010	Derrick, Rotary Drill, and Service Unit Operators, Oil and Gas		63330	59660	40340	47930	74550	91990	30.45	28.68	false	
https://onet.org.ai/Wage/Gas	onet.org.ai	Wage	Gas	475011	Derrick Operators, Oil and Gas		49060	47510	35650	38330	57170	64010	23.59	22.84	true	
https://onet.org.ai/Wage/SurfaceMiningMachineOperatorsandEarthDrillers	onet.org.ai	Wage	SurfaceMiningMachineOperatorsandEarthDrillers	475020	Surface Mining Machine Operators and Earth Drillers		59680	56020	40450	47200	66440	83210	28.69	26.93	false	
https://onet.org.ai/Wage/DraglineOperatorsSurfaceMining	onet.org.ai	Wage	DraglineOperatorsSurfaceMining	475022	Excavating and Loading Machine and Dragline Operators, Surface Mining		57860	52550	39650	46290	63630	80970	27.82	25.26	true	
https://onet.org.ai/Wage/Blasters	onet.org.ai	Wage	Blasters	475032	Explosives Workers, Ordnance Handling Experts, and Blasters		66840	59110	45160	49860	80050	104210	32.13	28.42	true	
https://onet.org.ai/Wage/UndergroundMiningMachineOperators	onet.org.ai	Wage	UndergroundMiningMachineOperators	475040	Underground Mining Machine Operators		66430	66770	45440	54730	78220	84160	31.94	32.1	false	
https://onet.org.ai/Wage/ContinuousMiningMachineOperators	onet.org.ai	Wage	ContinuousMiningMachineOperators	475041	Continuous Mining Machine Operators		63920	63380	41450	50850	76850	84420	30.73	30.47	true	
https://onet.org.ai/Wage/RoofBoltersMining	onet.org.ai	Wage	RoofBoltersMining	475043	Roof Bolters, Mining		74760	76640	50880	67110	80230	87420	35.94	36.85	true	
https://onet.org.ai/Wage/MovingMachineOperatorsUndergroundMining	onet.org.ai	Wage	MovingMachineOperatorsUndergroundMining	475044	Loading and Moving Machine Operators, Underground Mining		68470	68860	48310	59130	76820	82900	32.92	33.11	true	
https://onet.org.ai/Wage/UndergroundMiningMachineOperatorsAllOther	onet.org.ai	Wage	UndergroundMiningMachineOperatorsAllOther	475049	Underground Mining Machine Operators, All Other		67830	67220	46930	50660	80440	82750	32.61	32.32	true	
https://onet.org.ai/Wage/RockSplittersQuarry	onet.org.ai	Wage	RockSplittersQuarry	475051	Rock Splitters, Quarry		50540	47460	37240	39990	58290	68380	24.3	22.82	true	
https://onet.org.ai/Wage/HelpersExtractionWorkers	onet.org.ai	Wage	HelpersExtractionWorkers	475081	Helpers--Extraction Workers		50330	48400	35770	39980	57560	68240	24.2	23.27	true	
https://onet.org.ai/Wage/ExtractionWorkersAllOther	onet.org.ai	Wage	ExtractionWorkersAllOther	475099	Extraction Workers, All Other		54780	50110	35720	39120	65350	80780	26.34	24.09	true	
https://onet.org.ai/Wage/InstallationMaintenanceandRepairOccupations	onet.org.ai	Wage	InstallationMaintenanceandRepairOccupations	490000	Installation, Maintenance, and Repair Occupations		61640	58230	36190	45000	75100	94420	29.63	27.99	false	
https://onet.org.ai/Wage/ElectricalandElectronicEquipmentMechanicsInstallersandRepairers	onet.org.ai	Wage	ElectricalandElectronicEquipmentMechanicsInstallersandRepairers	492000	Electrical and Electronic Equipment Mechanics, Installers, and Repairers		65000	60980	38370	47650	78690	97870	31.25	29.32	false	
https://onet.org.ai/Wage/OfficeMachineRepairers	onet.org.ai	Wage	OfficeMachineRepairers	492011	Computer, Automated Teller, and Office Machine Repairers		49820	46860	35120	38290	59420	69560	23.95	22.53	true	
https://onet.org.ai/Wage/RadioandTelecommunicationsEquipmentInstallersandRepairers	onet.org.ai	Wage	RadioandTelecommunicationsEquipmentInstallersandRepairers	492020	Radio and Telecommunications Equipment Installers and Repairers		66820	62710	42400	50590	80340	95640	32.13	30.15	false	
https://onet.org.ai/Wage/LineInstallers	onet.org.ai	Wage	LineInstallers	492022	Telecommunications Equipment Installers and Repairers, Except Line Installers		66650	62630	42440	50580	80040	94970	32.04	30.11	true	
https://onet.org.ai/Wage/MiscellaneousElectricalandElectronicEquipmentMechanicsInstallersandRepairers	onet.org.ai	Wage	MiscellaneousElectricalandElectronicEquipmentMechanicsInstallersandRepairers	492090	Miscellaneous Electrical and Electronic Equipment Mechanics, Installers, and Repairers		68350	63120	39690	48750	81960	103700	32.86	30.35	false	
https://onet.org.ai/Wage/AvionicsTechnicians	onet.org.ai	Wage	AvionicsTechnicians	492091	Avionics Technicians		82350	81390	49770	65170	98990	113580	39.59	39.13	true	
https://onet.org.ai/Wage/RelatedRepairers	onet.org.ai	Wage	RelatedRepairers	492092	Electric Motor, Power Tool, and Related Repairers		58830	51680	36390	45000	64780	87040	28.28	24.85	true	
https://onet.org.ai/Wage/RepairersTransportationEquipment	onet.org.ai	Wage	RepairersTransportationEquipment	492093	Electrical and Electronics Installers and Repairers, Transportation Equipment		80980	82730	49490	65750	95730	106110	38.93	39.77	true	
https://onet.org.ai/Wage/ElectricalRepairers	onet.org.ai	Wage	ElectricalRepairers	492094	Electrical and Electronics Repairers, Commercial and Industrial Equipment		72950	71300	44980	56750	85160	103060	35.07	34.28	true	
https://onet.org.ai/Wage/Relay	onet.org.ai	Wage	Relay	492095	Electrical and Electronics Repairers, Powerhouse, Substation, and Relay		97460	100940	60820	79930	114740	127970	46.86	48.53	true	
https://onet.org.ai/Wage/RepairersMotorVehicles	onet.org.ai	Wage	RepairersMotorVehicles	492096	Electronic Equipment Installers and Repairers, Motor Vehicles		50240	47940	31680	39970	58900	70480	24.16	23.05	true	
https://onet.org.ai/Wage/FireAlarmSystemsInstallers	onet.org.ai	Wage	FireAlarmSystemsInstallers	492098	Security and Fire Alarm Systems Installers		60040	59300	38410	47330	71340	81980	28.87	28.51	true	
https://onet.org.ai/Wage/VehicleandMobileEquipmentMechanicsInstallersandRepairers	onet.org.ai	Wage	VehicleandMobileEquipmentMechanicsInstallersandRepairers	493000	Vehicle and Mobile Equipment Mechanics, Installers, and Repairers		58880	56220	35280	42730	72320	86250	28.31	27.03	false	
https://onet.org.ai/Wage/ServiceTechnicians	onet.org.ai	Wage	ServiceTechnicians	493011	Aircraft Mechanics and Service Technicians		56450	54950	35950	45070	65120	78820	27.14	26.42	true	
https://onet.org.ai/Wage/AutomotiveTechniciansandRepairers	onet.org.ai	Wage	AutomotiveTechniciansandRepairers	493020	Automotive Technicians and Repairers		55780	49950	34230	38730	65230	81000	26.82	24.02	false	
https://onet.org.ai/Wage/Mechanics	onet.org.ai	Wage	Mechanics	493023	Automotive Service Technicians and Mechanics		55260	49670	33660	38140	65660	80850	26.57	23.88	true	
https://onet.org.ai/Wage/DieselEngineSpecialists	onet.org.ai	Wage	DieselEngineSpecialists	493031	Bus and Truck Mechanics and Diesel Engine Specialists		62480	60640	41670	49240	73690	85980	30.04	29.15	true	
https://onet.org.ai/Wage/HeavyVehicleandMobileEquipmentServiceTechniciansandMechanics	onet.org.ai	Wage	HeavyVehicleandMobileEquipmentServiceTechniciansandMechanics	493040	Heavy Vehicle and Mobile Equipment Service Technicians and Mechanics		65660	62740	43630	50750	77050	89920	31.57	30.16	false	
https://onet.org.ai/Wage/Engines	onet.org.ai	Wage	Engines	493042	Mobile Heavy Equipment Mechanics, Except Engines		67580	63980	45450	53500	78090	92360	32.49	30.76	true	
https://onet.org.ai/Wage/RailCarRepairers	onet.org.ai	Wage	RailCarRepairers	493043	Rail Car Repairers		67610	65680	45670	51640	80150	92000	32.5	31.58	true	
https://onet.org.ai/Wage/SmallEngineMechanics	onet.org.ai	Wage	SmallEngineMechanics	493050	Small Engine Mechanics		51240	48240	34300	39700	59890	72630	24.64	23.19	false	
https://onet.org.ai/Wage/MotorcycleMechanics	onet.org.ai	Wage	MotorcycleMechanics	493052	Motorcycle Mechanics		49650	47200	31770	38270	58880	70210	23.87	22.69	true	
https://onet.org.ai/Wage/OtherSmallEngineMechanics	onet.org.ai	Wage	OtherSmallEngineMechanics	493053	Outdoor Power Equipment and Other Small Engine Mechanics		48200	46560	33600	38260	56080	64540	23.18	22.38	true	
https://onet.org.ai/Wage/MiscellaneousVehicleandMobileEquipmentMechanicsInstallersandRepairers	onet.org.ai	Wage	MiscellaneousVehicleandMobileEquipmentMechanicsInstallersandRepairers	493090	Miscellaneous Vehicle and Mobile Equipment Mechanics, Installers, and Repairers		41560	37960	30060	34630	46210	58090	19.98	18.25	false	
https://onet.org.ai/Wage/BicycleRepairers	onet.org.ai	Wage	BicycleRepairers	493091	Bicycle Repairers		41550	40360	30640	35880	47560	52130	19.98	19.4	true	
https://onet.org.ai/Wage/RecreationalVehicleServiceTechnicians	onet.org.ai	Wage	RecreationalVehicleServiceTechnicians	493092	Recreational Vehicle Service Technicians		55380	50540	35480	43370	63300	76650	26.63	24.3	true	
https://onet.org.ai/Wage/Changers	onet.org.ai	Wage	Changers	493093	Tire Repairers and Changers		39140	37120	29880	33990	43810	48900	18.82	17.85	true	
https://onet.org.ai/Wage/OtherInstallationMaintenanceandRepairOccupations	onet.org.ai	Wage	OtherInstallationMaintenanceandRepairOccupations	499000	Other Installation, Maintenance, and Repair Occupations		58660	54790	35790	43780	70260	86930	28.2	26.34	false	
https://onet.org.ai/Wage/ControlandValveInstallersandRepairers	onet.org.ai	Wage	ControlandValveInstallersandRepairers	499010	Control and Valve Installers and Repairers		67810	61600	39610	48360	83220	104170	32.6	29.61	false	
https://onet.org.ai/Wage/MechanicalDoorRepairers	onet.org.ai	Wage	MechanicalDoorRepairers	499011	Mechanical Door Repairers		54110	51050	37160	44720	61350	73160	26.01	24.54	true	
https://onet.org.ai/Wage/MechanicalDoor	onet.org.ai	Wage	MechanicalDoor	499012	Control and Valve Installers and Repairers, Except Mechanical Door		75970	74690	43840	53060	97400	109050	36.52	35.91	true	
https://onet.org.ai/Wage/Installers	onet.org.ai	Wage	Installers	499021	Heating, Air Conditioning, and Refrigeration Mechanics and Installers		62690	59810	39130	47850	74820	91020	30.14	28.75	true	
https://onet.org.ai/Wage/HomeApplianceRepairers	onet.org.ai	Wage	HomeApplianceRepairers	499031	Home Appliance Repairers		53580	49410	33280	40280	61750	77800	25.76	23.76	true	
https://onet.org.ai/Wage/IndustrialMachineryInstallationRepairandMaintenanceWorkers	onet.org.ai	Wage	IndustrialMachineryInstallationRepairandMaintenanceWorkers	499040	Industrial Machinery Installation, Repair, and Maintenance Workers		66680	63500	44420	52020	77730	91610	32.06	30.53	false	
https://onet.org.ai/Wage/IndustrialMachineryMechanics	onet.org.ai	Wage	IndustrialMachineryMechanics	499041	Industrial Machinery Mechanics		67160	63760	45090	52710	78070	92730	32.29	30.65	true	
https://onet.org.ai/Wage/MaintenanceWorkersMachinery	onet.org.ai	Wage	MaintenanceWorkersMachinery	499043	Maintenance Workers, Machinery		61820	60500	40080	48600	72260	83560	29.72	29.09	true	
https://onet.org.ai/Wage/Millwrights	onet.org.ai	Wage	Millwrights	499044	Millwrights		68640	65170	45100	55420	80580	93740	33	31.33	true	
https://onet.org.ai/Wage/Brickmasons	onet.org.ai	Wage	Brickmasons	499045	Refractory Materials Repairers, Except Brickmasons		61480	58540	37050	48380	73940	81440	29.56	28.15	true	
https://onet.org.ai/Wage/LineInstallersandRepairers	onet.org.ai	Wage	LineInstallersandRepairers	499050	Line Installers and Repairers		82280	81110	46420	59460	102620	117990	39.56	38.99	false	
https://onet.org.ai/Wage/PrecisionInstrumentandEquipmentRepairers	onet.org.ai	Wage	PrecisionInstrumentandEquipmentRepairers	499060	Precision Instrument and Equipment Repairers		65560	61430	38110	47150	78940	98470	31.52	29.54	false	
https://onet.org.ai/Wage/PhotographicEquipmentRepairers	onet.org.ai	Wage	PhotographicEquipmentRepairers	499061	Camera and Photographic Equipment Repairers		53420	49300	36020	42590	62400	76550	25.69	23.7	true	
https://onet.org.ai/Wage/MedicalEquipmentRepairers	onet.org.ai	Wage	MedicalEquipmentRepairers	499062	Medical Equipment Repairers		66810	62630	39060	48100	79440	99290	32.12	30.11	true	
https://onet.org.ai/Wage/Tuners	onet.org.ai	Wage	Tuners	499063	Musical Instrument Repairers and Tuners		49020	45320	30130	35820	56960	73430	23.57	21.79	true	
https://onet.org.ai/Wage/ClockRepairers	onet.org.ai	Wage	ClockRepairers	499064	Watch and Clock Repairers		62450	60690	39920	46530	77340	92570	30.03	29.18	true	
https://onet.org.ai/Wage/EquipmentRepairersAllOther	onet.org.ai	Wage	EquipmentRepairersAllOther	499069	Precision Instrument and Equipment Repairers, All Other		70420	67080	44530	52090	82030	100730	33.86	32.25	true	
https://onet.org.ai/Wage/RepairWorkersGeneral	onet.org.ai	Wage	RepairWorkersGeneral	499071	Maintenance and Repair Workers, General		52430	48620	33860	39050	61710	76110	25.21	23.38	true	
https://onet.org.ai/Wage/WindTurbineServiceTechnicians	onet.org.ai	Wage	WindTurbineServiceTechnicians	499081	Wind Turbine Service Technicians		67580	62580	49110	58910	75640	88090	32.49	30.09	true	
https://onet.org.ai/Wage/MiscellaneousInstallationMaintenanceandRepairWorkers	onet.org.ai	Wage	MiscellaneousInstallationMaintenanceandRepairWorkers	499090	Miscellaneous Installation, Maintenance, and Repair Workers		51380	46970	32460	38080	59700	77230	24.7	22.58	false	
https://onet.org.ai/Wage/CommercialDivers	onet.org.ai	Wage	CommercialDivers	499092	Commercial Divers		78110	61130	39130	49370	93840	152580	37.55	29.39	true	
https://onet.org.ai/Wage/SafeRepairers	onet.org.ai	Wage	SafeRepairers	499094	Locksmiths and Safe Repairers		55200	50490	34750	40650	64330	79340	26.54	24.27	true	
https://onet.org.ai/Wage/MobileHomeInstallers	onet.org.ai	Wage	MobileHomeInstallers	499095	Manufactured Building and Mobile Home Installers		42620	41080	30280	35290	48410	57190	20.49	19.75	true	
https://onet.org.ai/Wage/Riggers	onet.org.ai	Wage	Riggers	499096	Riggers		66600	62060	38930	47940	79340	100480	32.02	29.84	true	
https://onet.org.ai/Wage/TrackSwitchRepairers	onet.org.ai	Wage	TrackSwitchRepairers	499097	Signal and Track Switch Repairers		84940	83600	57410	75680	95620	104860	40.84	40.19	true	
https://onet.org.ai/Wage/RepairWorkers	onet.org.ai	Wage	RepairWorkers	499098	Helpers--Installation, Maintenance, and Repair Workers		40750	38860	28770	33760	46600	54650	19.59	18.68	true	
https://onet.org.ai/Wage/GeothermalTechnicians	onet.org.ai	Wage	GeothermalTechnicians	499099	Geothermal Technicians		53270	48640	35270	40700	61090	77150	25.61	23.39	true	
https://onet.org.ai/Wage/ProductionOccupations	onet.org.ai	Wage	ProductionOccupations	510000	Production Occupations		50090	45960	32640	37390	58290	74920	24.08	22.09	false	
https://onet.org.ai/Wage/OperatingWorkers	onet.org.ai	Wage	OperatingWorkers	511011	First-Line Supervisors of Production and Operating Workers		74540	71190	45790	56330	86770	106960	35.84	34.23	true	
https://onet.org.ai/Wage/AssemblersandFabricators	onet.org.ai	Wage	AssemblersandFabricators	512000	Assemblers and Fabricators		45890	43570	32270	36990	50600	63490	22.06	20.95	false	
https://onet.org.ai/Wage/SystemsAssemblers	onet.org.ai	Wage	SystemsAssemblers	512011	Aircraft Structure, Surfaces, Rigging, and Systems Assemblers		66510	61680	46040	53180	75240	94950	31.98	29.65	true	
https://onet.org.ai/Wage/ElectricalElectronicsandElectromechanicalAssemblers	onet.org.ai	Wage	ElectricalElectronicsandElectromechanicalAssemblers	512020	Electrical, Electronics, and Electromechanical Assemblers		46070	44210	34160	37530	50090	61190	22.15	21.26	false	
https://onet.org.ai/Wage/Electricalelectronicandelectromechanicalassemblersexceptcoilwinderstapersandfinishers	onet.org.ai	Wage	Electricalelectronicandelectromechanicalassemblersexceptcoilwinderstapersandfinishers	512028	Electrical, electronic, and electromechanical assemblers, except coil winders, tapers, and finishers		45930	44040	34110	37450	49830	61080	22.08	21.17	false	
https://onet.org.ai/Wage/OtherMachineAssemblers	onet.org.ai	Wage	OtherMachineAssemblers	512031	Engine and Other Machine Assemblers		56040	52540	37950	42790	70050	74300	26.94	25.26	true	
https://onet.org.ai/Wage/Fitters	onet.org.ai	Wage	Fitters	512041	Structural Metal Fabricators and Fitters		52740	49900	37370	44290	59810	70510	25.36	23.99	true	
https://onet.org.ai/Wage/Fabricators	onet.org.ai	Wage	Fabricators	512051	Fiberglass Laminators and Fabricators		47320	45760	35950	39230	51530	61370	22.75	22	true	
https://onet.org.ai/Wage/Adjusters	onet.org.ai	Wage	Adjusters	512061	Timing Device Assemblers and Adjusters		42410	40790	26240	27850	58440	65580	20.39	19.61	true	
https://onet.org.ai/Wage/MiscellaneousAssemblersandFabricators	onet.org.ai	Wage	MiscellaneousAssemblersandFabricators	512090	Miscellaneous Assemblers and Fabricators		44860	42210	31650	36660	49410	62030	21.57	20.29	false	
https://onet.org.ai/Wage/FoodProcessingWorkers	onet.org.ai	Wage	FoodProcessingWorkers	513000	Food Processing Workers		40090	38200	29200	34240	45780	51920	19.27	18.37	false	
https://onet.org.ai/Wage/Bakers	onet.org.ai	Wage	Bakers	513011	Bakers		37670	36650	27560	31470	42570	48260	18.11	17.62	true	
https://onet.org.ai/Wage/ButchersandOtherMeatPoultryandFishProcessingWorkers	onet.org.ai	Wage	ButchersandOtherMeatPoultryandFishProcessingWorkers	513020	Butchers and Other Meat, Poultry, and Fish Processing Workers		40110	38500	29480	34460	45880	50960	19.28	18.51	false	
https://onet.org.ai/Wage/MeatCutters	onet.org.ai	Wage	MeatCutters	513021	Butchers and Meat Cutters		41300	38960	28850	34460	47200	57130	19.86	18.73	true	
https://onet.org.ai/Wage/Trimmers	onet.org.ai	Wage	Trimmers	513022	Meat, Poultry, and Fish Cutters and Trimmers		38640	37700	29200	34050	43450	48680	18.58	18.13	true	
https://onet.org.ai/Wage/MeatPackers	onet.org.ai	Wage	MeatPackers	513023	Slaughterers and Meat Packers		40710	39790	31470	35940	45930	49460	19.57	19.13	true	
https://onet.org.ai/Wage/MiscellaneousFoodProcessingWorkers	onet.org.ai	Wage	MiscellaneousFoodProcessingWorkers	513090	Miscellaneous Food Processing Workers		42090	40050	30850	35420	47670	56510	20.23	19.26	false	
https://onet.org.ai/Wage/Tenders	onet.org.ai	Wage	Tenders	513091	Food and Tobacco Roasting, Baking, and Drying Machine Operators and Tenders		44800	41230	34940	37500	48640	60390	21.54	19.82	true	
https://onet.org.ai/Wage/FoodBatchmakers	onet.org.ai	Wage	FoodBatchmakers	513092	Food Batchmakers		42830	40790	30850	35340	49010	57800	20.59	19.61	true	
https://onet.org.ai/Wage/FoodProcessingWorkersAllOther	onet.org.ai	Wage	FoodProcessingWorkersAllOther	513099	Food Processing Workers, All Other		39260	38420	30290	35360	43020	47470	18.88	18.47	true	
https://onet.org.ai/Wage/MetalWorkersandPlasticWorkers	onet.org.ai	Wage	MetalWorkersandPlasticWorkers	514000	Metal Workers and Plastic Workers		52050	48660	35940	40360	60310	73550	25.02	23.39	false	
https://onet.org.ai/Wage/FormingMachineSettersOperatorsandTendersMetalandPlastic	onet.org.ai	Wage	FormingMachineSettersOperatorsandTendersMetalandPlastic	514020	Forming Machine Setters, Operators, and Tenders, Metal and Plastic		49060	47460	35770	39870	55880	63980	23.59	22.82	false	
https://onet.org.ai/Wage/Plastic	onet.org.ai	Wage	Plastic	514021	Extruding and Drawing Machine Setters, Operators, and Tenders, Metal and Plastic		43820	41600	31940	36620	48990	58320	21.07	20	true	
https://onet.org.ai/Wage/MachineToolCuttingSettersOperatorsandTendersMetalandPlastic	onet.org.ai	Wage	MachineToolCuttingSettersOperatorsandTendersMetalandPlastic	514030	Machine Tool Cutting Setters, Operators, and Tenders, Metal and Plastic		47500	45870	35150	38630	53140	63050	22.84	22.05	false	
https://onet.org.ai/Wage/Machinists	onet.org.ai	Wage	Machinists	514041	Machinists		57390	56150	38100	46250	64910	78760	27.59	27	true	
https://onet.org.ai/Wage/MetalFurnaceOperatorsTendersPourersandCasters	onet.org.ai	Wage	MetalFurnaceOperatorsTendersPourersandCasters	514050	Metal Furnace Operators, Tenders, Pourers, and Casters		55960	54100	38350	45340	63780	77260	26.91	26.01	false	
https://onet.org.ai/Wage/CastersMetal	onet.org.ai	Wage	CastersMetal	514052	Pourers and Casters, Metal		51320	48940	37250	41410	59850	68030	24.68	23.53	true	
https://onet.org.ai/Wage/ModelMakersandPatternmakersMetalandPlastic	onet.org.ai	Wage	ModelMakersandPatternmakersMetalandPlastic	514060	Model Makers and Patternmakers, Metal and Plastic		63250	59530	38740	47520	74760	94570	30.41	28.62	false	
https://onet.org.ai/Wage/MoldersandMoldingMachineSettersOperatorsandTendersMetalandPlastic	onet.org.ai	Wage	MoldersandMoldingMachineSettersOperatorsandTendersMetalandPlastic	514070	Molders and Molding Machine Setters, Operators, and Tenders, Metal and Plastic		44340	41890	32180	36450	49310	60210	21.32	20.14	false	
https://onet.org.ai/Wage/Coremakers	onet.org.ai	Wage	Coremakers	514071	Foundry Mold and Coremakers		46910	45700	36220	39370	51360	61390	22.55	21.97	true	
https://onet.org.ai/Wage/DieMakers	onet.org.ai	Wage	DieMakers	514111	Tool and Die Makers		65100	63180	44200	51200	77430	87660	31.3	30.38	true	
https://onet.org.ai/Wage/WeldingSolderingandBrazingWorkers	onet.org.ai	Wage	WeldingSolderingandBrazingWorkers	514120	Welding, Soldering, and Brazing Workers		54640	50560	37820	45090	61390	75260	26.27	24.31	false	
https://onet.org.ai/Wage/Brazers	onet.org.ai	Wage	Brazers	514121	Welders, Cutters, Solderers, and Brazers		55100	51000	38130	45580	61610	75850	26.49	24.52	true	
https://onet.org.ai/Wage/MiscellaneousMetalWorkersandPlasticWorkers	onet.org.ai	Wage	MiscellaneousMetalWorkersandPlasticWorkers	514190	Miscellaneous Metal Workers and Plastic Workers		47500	45050	33810	37470	53460	64720	22.84	21.66	false	
https://onet.org.ai/Wage/Sharpeners	onet.org.ai	Wage	Sharpeners	514194	Tool Grinders, Filers, and Sharpeners		51790	48970	33770	39520	60210	74120	24.9	23.54	true	
https://onet.org.ai/Wage/PlasticWorkersAllOther	onet.org.ai	Wage	PlasticWorkersAllOther	514199	Metal Workers and Plastic Workers, All Other		45850	42750	33850	36890	49930	62800	22.05	20.56	true	
https://onet.org.ai/Wage/PrintingWorkers	onet.org.ai	Wage	PrintingWorkers	515110	Printing Workers		46260	44830	31450	36950	52510	62530	22.24	21.55	false	
https://onet.org.ai/Wage/Workers	onet.org.ai	Wage	Workers	515111	Prepress Technicians and Workers		49130	47300	34270	39000	57530	65530	23.62	22.74	true	
https://onet.org.ai/Wage/PrintingPressOperators	onet.org.ai	Wage	PrintingPressOperators	515112	Printing Press Operators		46620	45160	31450	36970	54340	63060	22.41	21.71	true	
https://onet.org.ai/Wage/FinishingWorkers	onet.org.ai	Wage	FinishingWorkers	515113	Print Binding and Finishing Workers		43040	39820	31110	36070	48240	57980	20.69	19.14	true	
https://onet.org.ai/Wage/TextileApparelandFurnishingsWorkers	onet.org.ai	Wage	TextileApparelandFurnishingsWorkers	516000	Textile, Apparel, and Furnishings Workers		36970	35580	27160	30680	40270	47840	17.78	17.11	false	
https://onet.org.ai/Wage/DryCleaningWorkers	onet.org.ai	Wage	DryCleaningWorkers	516011	Laundry and Dry-Cleaning Workers		33990	33800	26270	29530	36760	42370	16.34	16.25	true	
https://onet.org.ai/Wage/RelatedMaterials	onet.org.ai	Wage	RelatedMaterials	516021	Pressers, Textile, Garment, and Related Materials		33370	33880	24960	29060	36830	41410	16.04	16.29	true	
https://onet.org.ai/Wage/SewingMachineOperators	onet.org.ai	Wage	SewingMachineOperators	516031	Sewing Machine Operators		36680	36000	26860	31200	40810	47060	17.64	17.31	true	
https://onet.org.ai/Wage/ShoeandLeatherWorkers	onet.org.ai	Wage	ShoeandLeatherWorkers	516040	Shoe and Leather Workers		36560	36460	24960	29690	42930	47860	17.58	17.53	false	
https://onet.org.ai/Wage/TailorsDressmakersandSewers	onet.org.ai	Wage	TailorsDressmakersandSewers	516050	Tailors, Dressmakers, and Sewers		42930	39590	26830	32590	48760	60850	20.64	19.03	false	
https://onet.org.ai/Wage/SewersHand	onet.org.ai	Wage	SewersHand	516051	Sewers, Hand		34810	33760	25530	29210	38180	46320	16.74	16.23	true	
https://onet.org.ai/Wage/CustomSewers	onet.org.ai	Wage	CustomSewers	516052	Tailors, Dressmakers, and Custom Sewers		44050	40860	27110	33480	49780	62490	21.18	19.64	true	
https://onet.org.ai/Wage/TextileMachineSettersOperatorsandTenders	onet.org.ai	Wage	TextileMachineSettersOperatorsandTenders	516060	Textile Machine Setters, Operators, and Tenders		38820	37800	29630	34430	42400	47970	18.66	18.17	false	
https://onet.org.ai/Wage/MiscellaneousTextileApparelandFurnishingsWorkers	onet.org.ai	Wage	MiscellaneousTextileApparelandFurnishingsWorkers	516090	Miscellaneous Textile, Apparel, and Furnishings Workers		46630	43670	31300	36360	51270	64620	22.42	21	false	
https://onet.org.ai/Wage/ExtrudingMachineOperators	onet.org.ai	Wage	ExtrudingMachineOperators	516091	Extruding and Forming Machine Setters, Operators, and Tenders, Synthetic and Glass Fibers		47420	44980	35590	38990	54690	63650	22.8	21.63	true	
https://onet.org.ai/Wage/ApparelPatternmakers	onet.org.ai	Wage	ApparelPatternmakers	516092	Fabric and Apparel Patternmakers		71630	67670	34590	44110	91080	112540	34.44	32.54	true	
https://onet.org.ai/Wage/Upholsterers	onet.org.ai	Wage	Upholsterers	516093	Upholsterers		46960	46190	32190	37200	51740	63600	22.58	22.21	true	
https://onet.org.ai/Wage/FurnishingsWorkersAllOther	onet.org.ai	Wage	FurnishingsWorkersAllOther	516099	Textile, Apparel, and Furnishings Workers, All Other		40410	37010	30290	32850	44810	53710	19.43	17.79	true	
https://onet.org.ai/Wage/Woodworkers	onet.org.ai	Wage	Woodworkers	517000	Woodworkers		44520	43640	31330	36820	49180	59680	21.4	20.98	false	
https://onet.org.ai/Wage/BenchCarpenters	onet.org.ai	Wage	BenchCarpenters	517011	Cabinetmakers and Bench Carpenters		47460	46020	34700	38240	54010	63220	22.82	22.12	true	
https://onet.org.ai/Wage/FurnitureFinishers	onet.org.ai	Wage	FurnitureFinishers	517021	Furniture Finishers		44310	42530	31200	36770	49020	59820	21.31	20.45	true	
https://onet.org.ai/Wage/ModelMakersandPatternmakersWood	onet.org.ai	Wage	ModelMakersandPatternmakersWood	517030	Model Makers and Patternmakers, Wood		59160	51920	35210	41980	78190	90560	28.44	24.96	false	
https://onet.org.ai/Wage/ModelMakersWood	onet.org.ai	Wage	ModelMakersWood	517031	Model Makers, Wood		59780	51850	24710	40420	80380	95850	28.74	24.93	true	
https://onet.org.ai/Wage/PatternmakersWood	onet.org.ai	Wage	PatternmakersWood	517032	Patternmakers, Wood		57920	52520	40730	45450	77410	83330	27.84	25.25	true	
https://onet.org.ai/Wage/WoodworkingMachineSettersOperatorsandTenders	onet.org.ai	Wage	WoodworkingMachineSettersOperatorsandTenders	517040	Woodworking Machine Setters, Operators, and Tenders		42330	40300	30410	35970	47660	55360	20.35	19.38	false	
https://onet.org.ai/Wage/TendersWood	onet.org.ai	Wage	TendersWood	517041	Sawing Machine Setters, Operators, and Tenders, Wood		42390	39950	29670	35550	47770	56560	20.38	19.21	true	
https://onet.org.ai/Wage/Sawing	onet.org.ai	Wage	Sawing	517042	Woodworking Machine Setters, Operators, and Tenders, Except Sawing		42290	40440	30920	36260	47650	54340	20.33	19.44	true	
https://onet.org.ai/Wage/WoodworkersAllOther	onet.org.ai	Wage	WoodworkersAllOther	517099	Woodworkers, All Other		43730	41220	30470	35890	48820	60870	21.03	19.82	true	
https://onet.org.ai/Wage/PlantandSystemOperators	onet.org.ai	Wage	PlantandSystemOperators	518000	Plant and System Operators		75480	70740	42950	52290	97400	112070	36.29	34.01	false	
https://onet.org.ai/Wage/PowerPlantOperatorsDistributorsandDispatchers	onet.org.ai	Wage	PowerPlantOperatorsDistributorsandDispatchers	518010	Power Plant Operators, Distributors, and Dispatchers		102100	103600	62690	81760	120990	135500	49.09	49.81	false	
https://onet.org.ai/Wage/NuclearPowerReactorOperators	onet.org.ai	Wage	NuclearPowerReactorOperators	518011	Nuclear Power Reactor Operators		122830	122610	99300	107170	131520	152690	59.05	58.95	true	
https://onet.org.ai/Wage/HydroelectricPlantTechnicians	onet.org.ai	Wage	HydroelectricPlantTechnicians	518013	Hydroelectric Plant Technicians		95990	99670	59930	77400	111980	128760	46.15	47.92	true	
https://onet.org.ai/Wage/BoilerOperators	onet.org.ai	Wage	BoilerOperators	518021	Stationary Engineers and Boiler Operators		79710	75190	47310	60110	96420	121200	38.32	36.15	true	
https://onet.org.ai/Wage/SystemOperators	onet.org.ai	Wage	SystemOperators	518031	Water and Wastewater Treatment Plant and System Operators		76290	73540	48000	57080	98050	107790	36.68	35.35	true	
https://onet.org.ai/Wage/MiscellaneousPlantandSystemOperators	onet.org.ai	Wage	MiscellaneousPlantandSystemOperators	518090	Miscellaneous Plant and System Operators		81840	81930	47930	62610	101360	109600	39.35	39.39	false	
https://onet.org.ai/Wage/GasPlantOperators	onet.org.ai	Wage	GasPlantOperators	518092	Gas Plant Operators		85470	83400	59040	73150	100000	109350	41.09	40.1	true	
https://onet.org.ai/Wage/Gaugers	onet.org.ai	Wage	Gaugers	518093	Petroleum Pump System Operators, Refinery Operators, and Gaugers		90970	97540	59790	77970	104660	112920	43.74	46.9	true	
https://onet.org.ai/Wage/BiofuelsProcessingTechnicians	onet.org.ai	Wage	BiofuelsProcessingTechnicians	518099	Biofuels Processing Technicians		64490	61710	40250	47860	76910	92750	31	29.67	true	
https://onet.org.ai/Wage/OtherProductionOccupations	onet.org.ai	Wage	OtherProductionOccupations	519000	Other Production Occupations		49030	45970	33560	37630	57110	69270	23.57	22.1	false	
https://onet.org.ai/Wage/ChemicalProcessingMachineSettersOperatorsandTenders	onet.org.ai	Wage	ChemicalProcessingMachineSettersOperatorsandTenders	519010	Chemical Processing Machine Setters, Operators, and Tenders		58020	54110	36920	44810	67020	83990	27.89	26.01	false	
https://onet.org.ai/Wage/CrushingGrindingPolishingMixingandBlendingWorkers	onet.org.ai	Wage	CrushingGrindingPolishingMixingandBlendingWorkers	519020	Crushing, Grinding, Polishing, Mixing, and Blending Workers		49330	47110	34820	39170	57410	66320	23.72	22.65	false	
https://onet.org.ai/Wage/PolishingWorkersHand	onet.org.ai	Wage	PolishingWorkersHand	519022	Grinding and Polishing Workers, Hand		43550	41690	32120	36660	48410	57250	20.94	20.04	true	
https://onet.org.ai/Wage/CuttingWorkers	onet.org.ai	Wage	CuttingWorkers	519030	Cutting Workers		45840	45140	33950	37850	51550	60310	22.04	21.7	false	
https://onet.org.ai/Wage/TrimmersHand	onet.org.ai	Wage	TrimmersHand	519031	Cutters and Trimmers, Hand		41960	38800	29910	33860	48790	57820	20.17	18.65	true	
https://onet.org.ai/Wage/Weighers	onet.org.ai	Wage	Weighers	519061	Inspectors, Testers, Sorters, Samplers, and Weighers		51670	47460	34590	38740	59970	75510	24.84	22.82	true	
https://onet.org.ai/Wage/DiamondWorkers	onet.org.ai	Wage	DiamondWorkers	519071	Gem and Diamond Workers		55030	49140	33890	38030	63210	81610	26.46	23.63	true	
https://onet.org.ai/Wage/DentalandOphthalmicLaboratoryTechniciansandMedicalApplianceTechnicians	onet.org.ai	Wage	DentalandOphthalmicLaboratoryTechniciansandMedicalApplianceTechnicians	519080	Dental and Ophthalmic Laboratory Technicians and Medical Appliance Technicians		49990	45820	34180	37620	58130	74550	24.04	22.03	false	
https://onet.org.ai/Wage/DentalLaboratoryTechnicians	onet.org.ai	Wage	DentalLaboratoryTechnicians	519081	Dental Laboratory Technicians		54060	48310	36100	39250	62320	78680	25.99	23.23	true	
https://onet.org.ai/Wage/MedicalApplianceTechnicians	onet.org.ai	Wage	MedicalApplianceTechnicians	519082	Medical Appliance Technicians		51410	47060	36560	40300	58710	74570	24.72	22.63	true	
https://onet.org.ai/Wage/OphthalmicLaboratoryTechnicians	onet.org.ai	Wage	OphthalmicLaboratoryTechnicians	519083	Ophthalmic Laboratory Technicians		41760	38420	31250	35580	45410	55480	20.08	18.47	true	
https://onet.org.ai/Wage/PaintingWorkers	onet.org.ai	Wage	PaintingWorkers	519120	Painting Workers		51230	47390	35200	39190	58340	72240	24.63	22.79	false	
https://onet.org.ai/Wage/DecoratingWorkers	onet.org.ai	Wage	DecoratingWorkers	519123	Painting, Coating, and Decorating Workers		44130	40860	28490	34540	50700	62770	21.22	19.64	true	
https://onet.org.ai/Wage/SemiconductorProcessingTechnicians	onet.org.ai	Wage	SemiconductorProcessingTechnicians	519141	Semiconductor Processing Technicians		59640	51180	35980	45320	74640	87190	28.68	24.6	true	
https://onet.org.ai/Wage/ComputerNumericallyControlledToolOperatorsandProgrammers	onet.org.ai	Wage	ComputerNumericallyControlledToolOperatorsandProgrammers	519160	Computer Numerically Controlled Tool Operators and Programmers		55240	51330	37510	44200	62690	76610	26.56	24.68	false	
https://onet.org.ai/Wage/ComputerNumericallyControlledToolOperators	onet.org.ai	Wage	ComputerNumericallyControlledToolOperators	519161	Computer Numerically Controlled Tool Operators		52900	49970	37160	42710	60980	71160	25.43	24.02	true	
https://onet.org.ai/Wage/ComputerNumericallyControlledToolProgrammers	onet.org.ai	Wage	ComputerNumericallyControlledToolProgrammers	519162	Computer Numerically Controlled Tool Programmers		69880	65670	45760	55960	80300	97930	33.6	31.57	true	
https://onet.org.ai/Wage/MiscellaneousProductionWorkers	onet.org.ai	Wage	MiscellaneousProductionWorkers	519190	Miscellaneous Production Workers		44250	40960	31200	35730	49540	60940	21.27	19.69	false	
https://onet.org.ai/Wage/Engravers	onet.org.ai	Wage	Engravers	519194	Etchers and Engravers		43280	40450	29530	35650	48510	60430	20.81	19.45	true	
https://onet.org.ai/Wage/PottersManufacturing	onet.org.ai	Wage	PottersManufacturing	519195	Potters, Manufacturing		46730	45690	34950	38500	51340	61050	22.47	21.97	true	
https://onet.org.ai/Wage/TireBuilders	onet.org.ai	Wage	TireBuilders	519197	Tire Builders		56230	55580	39990	48740	65410	70250	27.03	26.72	true	
https://onet.org.ai/Wage/HelpersProductionWorkers	onet.org.ai	Wage	HelpersProductionWorkers	519198	Helpers--Production Workers		40080	38220	30060	34390	44980	52120	19.27	18.38	true	
https://onet.org.ai/Wage/ProductionWorkersAllOther	onet.org.ai	Wage	ProductionWorkersAllOther	519199	Production Workers, All Other		42940	38820	30370	35080	47550	59600	20.64	18.66	true	
https://onet.org.ai/Wage/TransportationandMaterialMovingOccupations	onet.org.ai	Wage	TransportationandMaterialMovingOccupations	530000	Transportation and Material Moving Occupations		48750	42740	30390	35710	53750	70620	23.44	20.55	false	
https://onet.org.ai/Wage/FirstLineSupervisorsofTransportationandMaterialMovingWorkers	onet.org.ai	Wage	FirstLineSupervisorsofTransportationandMaterialMovingWorkers	531040	First-Line Supervisors of Transportation and Material Moving Workers		65680	61900	41250	48750	77570	94860	31.58	29.76	false	
https://onet.org.ai/Wage/AircraftCargoHandlingSupervisors	onet.org.ai	Wage	AircraftCargoHandlingSupervisors	531041	Aircraft Cargo Handling Supervisors		66190	63940	38010	49020	79600	96300	31.82	30.74	true	
https://onet.org.ai/Wage/FirstLineSupervisorsofTransportationWorkersExceptAircraftCargoHandlingSupervisors	onet.org.ai	Wage	FirstLineSupervisorsofTransportationWorkersExceptAircraftCargoHandlingSupervisors	531047	First-Line Supervisors of Transportation Workers, Except Aircraft Cargo Handling Supervisors		65670	61890	41290	48750	77520	94830	31.57	29.76	false	
https://onet.org.ai/Wage/AirTransportationWorkers	onet.org.ai	Wage	AirTransportationWorkers	532000	Air Transportation Workers		155670	106500	48410	63420	199160				false	
https://onet.org.ai/Wage/AircraftPilotsandFlightEngineers	onet.org.ai	Wage	AircraftPilotsandFlightEngineers	532010	Aircraft Pilots and Flight Engineers		233380	198100	78040	110250					false	
https://onet.org.ai/Wage/FlightEngineers	onet.org.ai	Wage	FlightEngineers	532011	Airline Pilots, Copilots, and Flight Engineers		280570	226600	98560	154360					true	
https://onet.org.ai/Wage/CommercialPilots	onet.org.ai	Wage	CommercialPilots	532012	Commercial Pilots		142960	122670	59330	81660	175050				true	
https://onet.org.ai/Wage/AirTrafficControllersandAirfieldOperationsSpecialists	onet.org.ai	Wage	AirTrafficControllersandAirfieldOperationsSpecialists	532020	Air Traffic Controllers and Airfield Operations Specialists		110500	98920	40980	58190	161370	198810	53.13	47.56	false	
https://onet.org.ai/Wage/AirTrafficControllers	onet.org.ai	Wage	AirTrafficControllers	532021	Air Traffic Controllers		142740	144580	76090	101150	186510	210410	68.62	69.51	true	
https://onet.org.ai/Wage/AirfieldOperationsSpecialists	onet.org.ai	Wage	AirfieldOperationsSpecialists	532022	Airfield Operations Specialists		67120	56750	35200	41220	78320	111030	32.27	27.28	true	
https://onet.org.ai/Wage/FlightAttendants	onet.org.ai	Wage	FlightAttendants	532031	Flight Attendants		78950	67130	34030	52280	98160	138040			true	
https://onet.org.ai/Wage/MotorVehicleOperators	onet.org.ai	Wage	MotorVehicleOperators	533000	Motor Vehicle Operators		51770	48660	30820	38650	61330	76200	24.89	23.4	false	
https://onet.org.ai/Wage/DriverSalesWorkersandTruckDrivers	onet.org.ai	Wage	DriverSalesWorkersandTruckDrivers	533030	Driver/Sales Workers and Truck Drivers		53170	49550	31630	39930	62300	77610	25.56	23.82	false	
https://onet.org.ai/Wage/DriverSalesWorkers	onet.org.ai	Wage	DriverSalesWorkers	533031	Driver/Sales Workers		39670	37130	21760	29120	47590	59730	19.07	17.85	true	
https://onet.org.ai/Wage/TractorTrailerTruckDrivers	onet.org.ai	Wage	TractorTrailerTruckDrivers	533032	Heavy and Tractor-Trailer Truck Drivers		58400	57440	38640	47230	65520	78800	28.08	27.62	true	
https://onet.org.ai/Wage/LightTruckDrivers	onet.org.ai	Wage	LightTruckDrivers	533033	Light Truck Drivers		47950	44140	29580	36670	52460	79630	23.05	21.22	true	
https://onet.org.ai/Wage/PassengerVehicleDrivers	onet.org.ai	Wage	PassengerVehicleDrivers	533050	Passenger Vehicle Drivers		46500	45530	28810	35820	56160	65540	22.36	21.89	false	
https://onet.org.ai/Wage/BusDriversSchool	onet.org.ai	Wage	BusDriversSchool	533051	Bus Drivers, School		46660	47040	27680	37490	56140	63810	22.44	22.62	true	
https://onet.org.ai/Wage/Intercity	onet.org.ai	Wage	Intercity	533052	Bus Drivers, Transit and Intercity		58390	57440	38250	46050	69090	82640	28.07	27.61	true	
https://onet.org.ai/Wage/Chauffeurs	onet.org.ai	Wage	Chauffeurs	533053	Shuttle Drivers and Chauffeurs		39070	36670	27490	31460	44510	52910	18.79	17.63	true	
https://onet.org.ai/Wage/TaxiDrivers	onet.org.ai	Wage	TaxiDrivers	533054	Taxi Drivers		39310	36220	27280	31320	40630	61920	18.9	17.42	true	
https://onet.org.ai/Wage/MotorVehicleOperatorsAllOther	onet.org.ai	Wage	MotorVehicleOperatorsAllOther	533099	Motor Vehicle Operators, All Other		40980	36260	25690	30250	47130	64940	19.7	17.43	true	
https://onet.org.ai/Wage/RailTransportationWorkers	onet.org.ai	Wage	RailTransportationWorkers	534000	Rail Transportation Workers		75090	75990	51440	62720	82460	98260	36.1	36.53	false	
https://onet.org.ai/Wage/LocomotiveEngineersandOperators	onet.org.ai	Wage	LocomotiveEngineersandOperators	534010	Locomotive Engineers and Operators		79600	77400	58030	68730	83690	100380	38.27	37.21	false	
https://onet.org.ai/Wage/LocomotiveEngineers	onet.org.ai	Wage	LocomotiveEngineers	534011	Locomotive Engineers		81540	77400	60980	73410	84230	100690	39.2	37.21	true	
https://onet.org.ai/Wage/Hostlers	onet.org.ai	Wage	Hostlers	534013	Rail Yard Engineers, Dinkey Operators, and Hostlers		60810	58030	44510	51770	65530	79070	29.23	27.9	true	
https://onet.org.ai/Wage/LocomotiveFirers	onet.org.ai	Wage	LocomotiveFirers	534022	Railroad Brake, Signal, and Switch Operators and Locomotive Firers		63170	65480	43750	51730	70130	80840	30.37	31.48	true	
https://onet.org.ai/Wage/Yardmasters	onet.org.ai	Wage	Yardmasters	534031	Railroad Conductors and Yardmasters		75490	74080	53490	63480	82060	103350	36.29	35.62	true	
https://onet.org.ai/Wage/StreetcarOperators	onet.org.ai	Wage	StreetcarOperators	534041	Subway and Streetcar Operators		75620	84830	52260	59500	87940	87940	36.36	40.78	true	
https://onet.org.ai/Wage/RailTransportationWorkersAllOther	onet.org.ai	Wage	RailTransportationWorkersAllOther	534099	Rail Transportation Workers, All Other		53500	49330	34690	40460	64710	82620	25.72	23.72	true	
https://onet.org.ai/Wage/WaterTransportationWorkers	onet.org.ai	Wage	WaterTransportationWorkers	535000	Water Transportation Workers		80150	66490	36960	48100	101140	139270	38.54	31.97	false	
https://onet.org.ai/Wage/MarineOilers	onet.org.ai	Wage	MarineOilers	535011	Sailors and Marine Oilers		55320	49610	33350	38450	65370	81890	26.59	23.85	true	
https://onet.org.ai/Wage/ShipandBoatCaptainsandOperators	onet.org.ai	Wage	ShipandBoatCaptainsandOperators	535020	Ship and Boat Captains and Operators		95000	82400	43560	59500	122300	161690	45.67	39.62	false	
https://onet.org.ai/Wage/PilotsOfWaterVessels	onet.org.ai	Wage	PilotsOfWaterVessels	535021	Captains, Mates, and Pilots of Water Vessels		97660	85540	46260	60800	124530	164230	46.95	41.13	true	
https://onet.org.ai/Wage/MotorboatOperators	onet.org.ai	Wage	MotorboatOperators	535022	Motorboat Operators		55370	51880	31970	39860	68490	82330	26.62	24.94	true	
https://onet.org.ai/Wage/ShipEngineers	onet.org.ai	Wage	ShipEngineers	535031	Ship Engineers		105600	101320	56620	71720	130380	162370	50.77	48.71	true	
https://onet.org.ai/Wage/OtherTransportationWorkers	onet.org.ai	Wage	OtherTransportationWorkers	536000	Other Transportation Workers		40640	36060	27790	31200	42730	57410	19.54	17.34	false	
https://onet.org.ai/Wage/LockTenders	onet.org.ai	Wage	LockTenders	536011	Bridge and Lock Tenders		56520	58490	32690	43700	69530	74400	27.17	28.12	true	
https://onet.org.ai/Wage/ParkingAttendants	onet.org.ai	Wage	ParkingAttendants	536021	Parking Attendants		34190	34600	24960	29590	37230	43840	16.44	16.63	true	
https://onet.org.ai/Wage/TransportationServiceAttendants	onet.org.ai	Wage	TransportationServiceAttendants	536030	Transportation Service Attendants		37510	36000	28430	31470	41290	47920	18.03	17.31	false	
https://onet.org.ai/Wage/WatercraftServiceAttendants	onet.org.ai	Wage	WatercraftServiceAttendants	536031	Automotive and Watercraft Service Attendants		35800	34850	27870	30600	38430	45240	17.21	16.76	true	
https://onet.org.ai/Wage/AircraftServiceAttendants	onet.org.ai	Wage	AircraftServiceAttendants	536032	Aircraft Service Attendants		43630	41540	34320	37320	47390	55950	20.98	19.97	true	
https://onet.org.ai/Wage/TrafficTechnicians	onet.org.ai	Wage	TrafficTechnicians	536041	Traffic Technicians		61310	58480	38060	46690	74480	85810	29.48	28.12	true	
https://onet.org.ai/Wage/Aviation	onet.org.ai	Wage	Aviation	536051	Transportation Vehicle, Equipment and Systems Inspectors, Except Aviation		86490	85750	40090	58650	105020	137120	41.58	41.23	true	
https://onet.org.ai/Wage/PassengerAttendants	onet.org.ai	Wage	PassengerAttendants	536061	Passenger Attendants		38480	37560	29120	32090	41180	49510	18.5	18.06	true	
https://onet.org.ai/Wage/TransportationWorkersAllOther	onet.org.ai	Wage	TransportationWorkersAllOther	536099	Transportation Workers, All Other		45040	39630	27780	32630	53350	65810	21.65	19.05	true	
https://onet.org.ai/Wage/MaterialMovingWorkers	onet.org.ai	Wage	MaterialMovingWorkers	537000	Material Moving Workers		41100	38340	30100	34720	46150	55320	19.76	18.43	false	
https://onet.org.ai/Wage/TowerOperators	onet.org.ai	Wage	TowerOperators	537021	Crane and Tower Operators		71560	66370	41670	50970	81630	102400	34.4	31.91	true	
https://onet.org.ai/Wage/DredgeOperators	onet.org.ai	Wage	DredgeOperators	537031	Dredge Operators		55820	48430	42060	46120	60300	75050	26.84	23.28	true	
https://onet.org.ai/Wage/WinchOperators	onet.org.ai	Wage	WinchOperators	537041	Hoist and Winch Operators		64070	52310	33910	39220	90200	116120	30.81	25.15	true	
https://onet.org.ai/Wage/TractorOperators	onet.org.ai	Wage	TractorOperators	537051	Industrial Truck and Tractor Operators		47830	46390	36500	39780	53680	61540	23	22.3	true	
https://onet.org.ai/Wage/LaborersandMaterialMovers	onet.org.ai	Wage	LaborersandMaterialMovers	537060	Laborers and Material Movers		39690	37590	29760	34180	44860	50380	19.08	18.07	false	
https://onet.org.ai/Wage/Equipment	onet.org.ai	Wage	Equipment	537061	Cleaners of Vehicles and Equipment		36290	35270	26740	29790	39630	47150	17.45	16.96	true	
https://onet.org.ai/Wage/ReclamationWorkers	onet.org.ai	Wage	ReclamationWorkers	537062	Recycling and Reclamation Workers		41420	38940	30810	35410	46370	53180	19.91	18.72	true	
https://onet.org.ai/Wage/Offbearers	onet.org.ai	Wage	Offbearers	537063	Machine Feeders and Offbearers		42840	39700	31480	36020	48220	57010	20.6	19.09	true	
https://onet.org.ai/Wage/PackagersHand	onet.org.ai	Wage	PackagersHand	537064	Packers and Packagers, Hand		36600	35580	27050	31470	40960	46260	17.59	17.1	true	
https://onet.org.ai/Wage/OrderFillers	onet.org.ai	Wage	OrderFillers	537065	Stockers and Order Fillers		38910	37090	29850	33710	43140	49200	18.71	17.83	true	
https://onet.org.ai/Wage/PumpingStationOperators	onet.org.ai	Wage	PumpingStationOperators	537070	Pumping Station Operators		67400	63940	38850	50340	80060	96100	32.4	30.74	false	
https://onet.org.ai/Wage/GasPumpingStationOperators	onet.org.ai	Wage	GasPumpingStationOperators	537071	Gas Compressor and Gas Pumping Station Operators		71750	71510	43950	57520	88090	98350	34.5	34.38	true	
https://onet.org.ai/Wage/WellheadPumpers	onet.org.ai	Wage	WellheadPumpers	537072	Pump Operators, Except Wellhead Pumpers		70070	70010	39110	54450	80720	97470	33.69	33.66	true	
https://onet.org.ai/Wage/RecyclableMaterialCollectors	onet.org.ai	Wage	RecyclableMaterialCollectors	537081	Refuse and Recyclable Material Collectors		51210	48350	31810	38330	61010	75200	24.62	23.24	true	
https://onet.org.ai/Wage/ShipLoaders	onet.org.ai	Wage	ShipLoaders	537121	Tank Car, Truck, and Ship Loaders		60010	58070	38260	47260	71230	88120	28.85	27.92	true	
https://onet.org.ai/Wage/MaterialMovingWorkersAllOther	onet.org.ai	Wage	MaterialMovingWorkersAllOther	537199	Material Moving Workers, All Other		46650	41690	33280	35470	50850	64850	22.43	20.04	true	